Beta_Trt,Beta_Risk,Beta_intx,Lower.CI,Upper.CI,rejection.Risk,SSVS_results,Prediction_Error,Beta_intx_Noise,Lower.CI_Noise,Upper.CI_Noise,rejection.Risk_Noise,Prediction_Error_Noise,rejection.Opt_MultInt,rejection.interaction,rejection.interaction_adj,rejection.SDIR,SDIR
0.8904245082542478,1.0027268049543243,0.09448237376249397,-0.16283244226452614,0.1824075457528252,Accept,"Z1, Z2, Z4",1.4186754317393602,0.09448237376249397,-0.0648302425736974,0.2644395066011564,Accept,1.3588641763746951,Accept,Accept,Accept,Accept,0.656334878081143
0.8383543682646019,1.0120393660578273,-0.05548031176846062,-0.2642778446137567,0.035305607773009846,Accept,"Z1, Z2, Z4",1.1441969241936893,-0.05548031176846062,-0.19634955099843004,0.08716485951738023,Accept,1.2619866047640917,Reject,Accept,Accept,Accept,0.5979314379756883
1.2755865132351774,1.1081203224226517,-0.1071903195715194,-0.3676819896696889,0.026694674446725148,Accept,"Z1, Z2, Z4",1.695826012145862,-0.1071903195715194,-0.32022948577355104,0.09674660063389483,Accept,1.403729804594379,Accept,Accept,Accept,Accept,1.0859672335579587
0.8205563472213595,0.9921389366590087,0.05321483885439551,-0.12261820161679456,0.2264713630718393,Accept,"Z1, Z2, Z4",1.4740573068808194,0.05321483885439551,-0.10541055679838916,0.22790643520398926,Accept,1.4075791570538467,Accept,Accept,Accept,Accept,0.4555954524641369
0.8233676502825386,1.0185170637194727,0.03367150708400533,-0.08041862179659545,0.2648381423765635,Accept,"Z1, Z2, Z4",1.1264532414921546,0.03367150708400533,-0.13368517323665846,0.20284722336392427,Accept,1.1573952870114452,Accept,Accept,Accept,Accept,0.24000267155093807
0.7648293167995933,1.0087954747225694,0.03779473560282842,-0.18409959895612643,0.16601559083510678,Accept,"Z1, Z2, Z4",1.1697437601167997,0.03779473560282842,-0.12113667748321395,0.19947656209397704,Accept,1.2249800523603316,Accept,Accept,Accept,Accept,0.6434557722257898
0.8475464336149218,0.9942970389851539,-0.07705432046856443,-0.1844139604611707,0.17434562043697072,Accept,"Z1, Z2, Z4",1.111255058009448,-0.07705432046856443,-0.25752898591296597,0.08577569459012319,Accept,1.1162056860008602,Accept,Accept,Accept,Accept,0.9442705079997498
1.0032402878916427,1.0302695878508357,-0.08819211530910007,-0.18487642437680618,0.14083958679352848,Accept,"Z1, Z2, Z4",1.5770256637564393,-0.08819211530910007,-0.2481127216081129,0.08403105539724201,Accept,1.3385506205623847,Accept,Accept,Accept,Accept,0.6814523788022746
0.8185771552314569,0.8976461787385649,0.16645382788838067,0.01756214383798846,0.37822842242089955,Reject,"Z1, Z2, Z4",1.4514006773649115,0.16645382788838067,-0.027749034789334645,0.358473469266962,Accept,1.4006132952262842,Reject,Accept,Accept,Accept,0.8555731802494866
0.8033776424092919,0.9158309132904654,0.09551898170233494,-0.060480084878845444,0.3190949337678828,Accept,"Z1, Z2, Z4",1.3668324957717963,0.09551898170233494,-0.10479684717012538,0.27531102158677645,Accept,1.2912022846620406,Accept,Accept,Accept,Accept,0.6093120754874365
0.8890500981319911,0.9617862077458655,0.04149338931672681,-0.12725921962060738,0.21679587487016258,Accept,"Z1, Z2, Z4",1.752692748084585,0.04149338931672681,-0.1206448082252594,0.21301165372967365,Accept,1.594414507306519,Accept,Accept,Accept,Accept,0.4966964401066211
1.1203082354204394,1.112993645500863,-0.13964340219402185,-0.36294347210002587,0.0744565284691392,Accept,"Z1, Z2, Z4",1.430668514015507,-0.13964340219402185,-0.3557679207524785,0.09026746715354898,Accept,1.3370869116869446,Accept,Accept,Accept,Accept,0.2932957564892627
0.9807029491663941,0.9272159000456545,0.07741445332704693,-0.09284015776073892,0.25585452854035345,Accept,"Z1, Z2, Z4",1.3817978362377155,0.07741445332704693,-0.11353988314132096,0.2558893543317093,Accept,1.1017135682379737,Accept,Accept,Accept,Accept,0.9240244728489104
1.0489674024616171,1.0356588652327017,-0.02185324576594199,-0.21558104682586443,0.12972635328584256,Accept,"Z1, Z2, Z4",1.4579114611629143,-0.02185324576594199,-0.1940018734259163,0.14629848051949684,Accept,1.3614493938061651,Accept,Accept,Accept,Accept,0.1639149597895729
0.921124852187576,0.9019364949803588,0.1301614229788337,-0.009800263313448035,0.3157042585817746,Accept,"Z1, Z2, Z4",1.4724685456914925,0.1301614229788337,-0.022782438312248403,0.2976977994276937,Accept,1.4715157282863345,Accept,Accept,Accept,Reject,1.2155229293814096
0.8135647021373283,0.8957299352365387,0.16696439043735536,-0.107752258907372,0.42197703966582867,Accept,"Z2, Z4",1.8663033887479645,0.16696439043735536,-0.04709931014851014,0.39123369303034405,Accept,1.636036214856388,Accept,Accept,Accept,Accept,0.5004346133367635
0.7400114999432388,0.9579529738429846,0.05431815496519717,-0.09852587830590914,0.204873764922466,Accept,"Z1, Z2, Z4",1.4003093224627474,0.05431815496519717,-0.08677884546759013,0.20074650764254948,Accept,1.344018799110745,Accept,Accept,Accept,Accept,0.8115179883596793
1.0134794553928899,0.9729333238176027,0.05841106816854423,-0.19336527205685855,0.259437485064669,Accept,"Z1, Z2, Z4",1.3964782855870073,0.05841106816854423,-0.1794564016255214,0.2664290604525725,Accept,1.353682886318552,Accept,Accept,Accept,Accept,0.7311900320912774
0.9841547827842126,0.8374938408219855,0.11932922593944002,0.03986387369268295,0.35479188332849976,Reject,"Z1, Z2, Z4",1.4137084008374938,0.11932922593944002,-0.04628648656706062,0.2866359089056656,Accept,1.4782298176507807,Accept,Accept,Accept,Accept,0.8608134493062796
0.9730095868911345,1.0666629906967648,0.09619576171560738,-0.20704150286346154,0.20590672873197688,Accept,"Z1, Z2, Z4",1.558446594447266,0.09619576171560738,-0.10895193988619858,0.28054111717924346,Accept,1.4675691762516068,Accept,Accept,Accept,Accept,0.7858634652792339
0.84590344661796,0.8888118992686247,0.2495410204248836,0.05234456793881908,0.38119859716064214,Reject,"Z1, Z2, Z4",1.6104131423393073,0.2495410204248836,0.08660057500678366,0.41157032207406696,Reject,1.382615341288085,Reject,Reject,Accept,Accept,0.4028929721577393
1.1208072138905913,1.0340153292228444,-0.12581916368398255,-0.27505737915343215,0.060634450158000265,Accept,"Z1, Z2, Z4",1.31477148159547,-0.12581916368398255,-0.29005255590396306,0.03743068709999952,Accept,1.2507013056131706,Accept,Reject,Accept,Accept,0.8986605481236833
1.077846299596901,0.9905062918437199,-0.07325909078730936,-0.2550775014122635,0.13182421605260214,Accept,"Z1, Z2, Z4",1.4484404644119033,-0.07325909078730936,-0.2739778655545644,0.113772182744636,Accept,1.5316311343662266,Accept,Accept,Accept,Accept,0.7606290219069313
0.9488083152976932,0.9434596797832808,0.01981382957904576,-0.2222048196754733,0.15553436038010326,Accept,"Z1, Z2, Z4",1.3954111046542172,0.01981382957904576,-0.16873962518407562,0.19832852970926232,Accept,1.2641005768983562,Accept,Accept,Accept,Accept,1.0257161516053281
1.0143223960682135,0.8994824055721552,0.09876620674434113,-0.07721649208966279,0.2669690521625532,Accept,"Z1, Z2, Z4",1.392621536835889,0.09876620674434113,-0.07995613926844974,0.27378906064426356,Accept,1.5841793029235227,Accept,Accept,Accept,Reject,1.0490301122744268
1.1165264991230346,1.021024380126688,-0.0033848146648485255,-0.17754934371155262,0.21840621523408774,Accept,"Z1, Z2, Z4",1.4025358523172742,-0.0033848146648485255,-0.20853000997286003,0.18942429584166293,Accept,1.431496334283006,Accept,Accept,Accept,Accept,1.0403559485664435
0.9023503079245663,0.9884826285191786,0.10580175038376527,-0.13426613257397024,0.3016688403979915,Accept,"Z1, Z2, Z4",1.3192242436887553,0.10580175038376527,-0.1128568352464337,0.2967492191433553,Accept,1.353317094927896,Accept,Accept,Accept,Accept,0.6738402401216653
0.8033662779326346,0.9800827570774566,0.048658508749272196,-0.11892820538210755,0.21066209722090273,Accept,"Z1, Z2, Z4",1.504662016625756,0.048658508749272196,-0.11864482524323544,0.20835888276895578,Accept,1.4836071894541465,Accept,Accept,Accept,Accept,0.578708467123295
0.9094428174424923,1.0585560639977727,-0.03837837417654511,-0.23230699907691718,0.12291352703129345,Accept,"Z1, Z2, Z4",1.2066478553766826,-0.03837837417654511,-0.2156064039403554,0.13762556997739533,Accept,1.1107447841362705,Accept,Accept,Accept,Accept,0.7176855291138934
0.9135618903253845,1.0093089152073795,0.027469074652010993,-0.15404488790450693,0.19308616983688984,Accept,"Z1, Z2, Z4",1.6205688440647503,0.027469074652010993,-0.14298487965963735,0.18108265990011474,Accept,1.5240535190382054,Accept,Accept,Accept,Reject,1.3233131163888672
1.1698364260844245,0.9414779533479259,-0.06559098235068746,-0.20424041667556736,0.12833223136995064,Accept,"Z1, Z2, Z4",1.5028702924304278,-0.06559098235068746,-0.2372569529461682,0.09900199806270316,Accept,1.5346086018199439,Accept,Reject,Accept,Accept,0.8841256426443409
0.6780143037985783,0.9821851676666566,0.11942117261627888,-0.03544639293699804,0.3756148487698309,Accept,"Z1, Z2, Z4",1.4741247345681654,0.11942117261627888,-0.06752957625126177,0.30850173306039047,Accept,1.4042083353378538,Accept,Accept,Accept,Accept,0.5989443595848178
1.148221335622536,1.0015787145613007,-0.011366171323979142,-0.22062607147805757,0.09112127721999187,Accept,"Z1, Z2, Z4",1.5077357503685016,-0.011366171323979142,-0.16348620934422803,0.14480321511275351,Accept,1.3707007410396381,Accept,Accept,Accept,Accept,0.673749683266727
0.8619956420202903,0.9021668303067091,0.1004070919748317,-0.055262485767956254,0.2366895425142066,Accept,"Z1, Z2, Z4",1.543922315346015,0.1004070919748317,-0.03436268009812969,0.2386297920806008,Accept,1.4747989329975375,Accept,Accept,Accept,Accept,1.1040849806442077
0.8502484241647879,0.9590395746934606,0.024026518178690573,-0.23395154417200595,0.2356568703370614,Accept,"Z1, Z2, Z4",1.4360666248407807,0.024026518178690573,-0.20187410936150194,0.2598234570865797,Accept,1.2642904745602654,Accept,Accept,Accept,Accept,0.9030855242857649
0.9191894068664961,1.0184350867378797,0.07275744022141142,-0.1882466163624826,0.20994225964196356,Accept,"Z1, Z2, Z4",1.3475455474458733,0.07275744022141142,-0.11212947966213943,0.26414208814932366,Accept,1.3604170413417984,Accept,Accept,Accept,Accept,0.5207314620841335
1.0313432521108077,1.072001972436331,-0.10083368465372179,-0.2712387147834312,0.06181323024586357,Accept,"Z1, Z2, Z4",1.5181697091445892,-0.10083368465372179,-0.2612977513351565,0.06300721329805171,Accept,1.4531219777327908,Accept,Accept,Accept,Accept,0.9368115386798401
1.2062825183979229,1.0652086106097514,-0.06436006968350569,-0.25191996042407716,0.046883798095172326,Accept,"Z1, Z2, Z4",1.6180609869059146,-0.06436006968350569,-0.21230449775112314,0.08202402078743223,Accept,1.2981010783545182,Accept,Accept,Accept,Accept,0.9634986130388035
0.9664731032615974,0.9882944531695241,-0.044273308193626223,-0.22799696435117683,0.07437394784881994,Accept,"Z1, Z2, Z4",1.221483707384197,-0.044273308193626223,-0.1824298778819572,0.10309633529255181,Accept,1.2609170803092422,Accept,Accept,Accept,Accept,0.34892686043570675
0.9960610586146527,1.0258976118371999,0.07181785982655235,-0.10994353598154201,0.21395789008407978,Accept,"Z1, Z2, Z4",1.3675972624486625,0.07181785982655235,-0.08165290215732146,0.2352945835816839,Accept,1.4826584636157003,Accept,Accept,Accept,Accept,0.03400591208139866
1.2034925245318384,0.9751678212756197,-0.0886870139177687,-0.30519385215867906,0.044246713145268825,Accept,"Z1, Z2, Z4",1.4740487955215904,-0.0886870139177687,-0.2533611624653322,0.09589479316023888,Accept,1.432482977818722,Accept,Accept,Accept,Accept,0.7207355803235148
0.9926170917659303,1.0071994285427088,0.01691840014548254,-0.15737125664555543,0.20048548238350322,Accept,"Z1, Z2, Z4",1.8185141678008432,0.01691840014548254,-0.14413438346259436,0.20265362328672973,Accept,1.731604474780383,Accept,Accept,Accept,Accept,1.0514963430446294
1.178312875113655,0.9150252997093429,0.036973626852356674,-0.17840598833940383,0.1956941277251725,Accept,"Z1, Z2, Z4",1.2258990868444928,0.036973626852356674,-0.14564211449046696,0.21625250793873393,Accept,1.2335884373844908,Accept,Accept,Accept,Accept,0.3249022101238208
0.8718118014816302,1.0632212036516555,0.07022479434269735,-0.18462587322317212,0.20054348949612713,Accept,"Z1, Z2, Z4",1.4977095177576212,0.07022479434269735,-0.13092517341939136,0.2635103052322735,Accept,1.2649238642176193,Accept,Accept,Accept,Accept,0.4286815907288362
0.9405407230462107,0.9100638414904885,0.030279284654798514,-0.1035111008686444,0.2513434342377018,Accept,"Z1, Z2, Z4",1.5016059835917608,0.030279284654798514,-0.15072702831547827,0.20327927152336267,Accept,1.6117689045283017,Accept,Accept,Accept,Accept,0.6356080313979449
1.108785201451283,1.0599874578181017,-0.11282795930344718,-0.2553463169250399,0.12836980700156753,Accept,"Z1, Z2, Z4",1.6191787683271215,-0.11282795930344718,-0.3004616268055705,0.06895556390119062,Accept,1.842012494447254,Accept,Accept,Accept,Accept,0.7085747495939584
1.0438257373001074,1.0342477637963703,-0.0485656835004859,-0.22133073475487272,0.1568130089683948,Accept,"Z1, Z2, Z4",1.9273254538411906,-0.0485656835004859,-0.2250066696306744,0.1467130834759542,Accept,1.668119442322653,Accept,Accept,Accept,Accept,1.2679153147199216
0.8992271756155076,0.9229386945306026,0.16213126869143318,-0.06485381901141787,0.26900548953786546,Accept,"Z1, Z2, Z4",1.7061314974618085,0.16213126869143318,0.013052700500191108,0.31700833486964947,Reject,1.5691168233912491,Accept,Accept,Accept,Accept,1.092469832947699
0.6884274500418346,0.8942069378567007,0.11798321305648765,-0.020353976112366293,0.33406236863748123,Accept,"Z1, Z2, Z4",1.4015100218995051,0.11798321305648765,-0.05705379183766433,0.2902355307108363,Accept,1.3445426142895343,Accept,Accept,Accept,Accept,0.4832398906850467
0.9787610803526052,1.0404343588688658,-0.07906716206167227,-0.25727782570822977,0.12853492916122422,Accept,"Z1, Z2, Z4",1.4474499134548975,-0.07906716206167227,-0.25329607450310276,0.10226950641026902,Accept,1.49414672110608,Accept,Reject,Accept,Accept,0.9975741438574692
0.9918629449016014,0.9627621421151434,-0.07442271155869547,-0.20531145344913593,0.11936995952065393,Accept,"Z1, Z2, Z4",1.6619113393248766,-0.07442271155869547,-0.23642774969457564,0.08903748107490467,Accept,1.4950774846865706,Accept,Accept,Accept,Accept,0.19281351214967904
1.369069034850719,1.1315442828351436,-0.14300915606159129,-0.3922905241446129,0.04682122186035887,Accept,"Z1, Z2, Z4",1.7106540060052486,-0.14300915606159129,-0.3755537713387246,0.061789121579070905,Accept,1.6233606600123929,Accept,Accept,Accept,Accept,0.8416975127061663
0.8838004197346877,1.0268871020074206,-0.02110699759565825,-0.14930625015883336,0.19501270175869237,Accept,"Z1, Z2, Z4",1.4680589021631796,-0.02110699759565825,-0.18714761509745614,0.15254821872013524,Accept,1.4422830055781253,Accept,Accept,Accept,Accept,0.6357389600283793
1.1300726316105727,1.0421485310791343,-0.05179510156948617,-0.2223581570758169,0.14981081148696737,Accept,"Z1, Z2, Z4",1.6801812579982367,-0.05179510156948617,-0.24224084071383611,0.12555267962345246,Accept,1.6643475136433539,Accept,Accept,Accept,Accept,0.7412530573494415
0.8702722232036846,0.9780729988946147,-0.04596899528734576,-0.23761508652124186,0.2176352353561658,Accept,"Z2, Z4",1.4900332196945747,-0.04596899528734576,-0.22001596104327792,0.13631454449268426,Accept,1.4997432804289077,Accept,Accept,Accept,Accept,0.3742435839496081
0.8232106902555067,1.081600613089677,-0.044297101410120235,-0.2309470413887617,0.13893627968713293,Accept,"Z1, Z2, Z4",1.729536151715358,-0.044297101410120235,-0.23083888893452692,0.1350569567042886,Accept,1.4804648909711176,Accept,Accept,Accept,Accept,1.0482965916666407
0.89938698521021,0.9190753067457957,-0.03902217202931479,-0.18307747492529164,0.1694310125006232,Accept,"Z1, Z2, Z4, X3",1.6196764628598475,-0.03902217202931479,-0.20755920219437693,0.12253238310694659,Accept,1.6068687572234506,Reject,Accept,Accept,Accept,0.6268771195044576
1.0529053485326816,1.0457595409511924,-0.01730004559180173,-0.25985266959221665,0.037630640500376546,Accept,"Z1, Z2, Z4",1.3834079312244965,-0.01730004559180173,-0.15963920400574635,0.12975423258800617,Accept,1.1312314465285478,Accept,Accept,Accept,Accept,0.6318003493712522
1.0129994997898346,0.9712282300939685,0.04952503591162611,-0.11760891834699547,0.13865790905263864,Accept,"Z1, Z2, Z4",1.204178816329715,0.04952503591162611,-0.07889072543824596,0.18162244056010945,Accept,1.270997861084875,Accept,Accept,Accept,Accept,0.43083049428274883
1.1268638244316536,1.1321943198061055,-0.1157220230337418,-0.36788618569830106,-0.022246520458320748,Reject,"Z1, Z2, Z4",1.4234507564613532,-0.1157220230337418,-0.28605064466351976,0.05721743735746005,Accept,1.2695829859251455,Reject,Accept,Accept,Accept,0.8851794811715543
0.8495948819199601,1.0077141188689858,0.009731105724285892,-0.18139989330526182,0.25251101137188403,Accept,"Z1, Z2, Z4",1.2989185607224696,0.009731105724285892,-0.18651536475619154,0.21773522653735525,Accept,1.1938337063612632,Accept,Accept,Accept,Accept,0.31932564637347466
0.6352444730400143,0.8926888814548576,0.1438057324887629,0.06271160228428059,0.40902479997421304,Reject,"Z1, Z2, Z4",1.6976657539420388,0.1438057324887629,-0.02090110168586261,0.3156228754264766,Accept,1.4258588318965073,Reject,Accept,Accept,Accept,0.19454196044300423
0.8776215627018744,0.9108354198576464,0.04327240948266468,-0.11758095859945182,0.28190052639781027,Accept,"Z2, Z4",1.5903316463511437,0.04327240948266468,-0.1310948812991489,0.22562158121495013,Accept,1.534888493361738,Accept,Accept,Accept,Accept,0.7919854543924224
1.1246191149510387,1.0141682140974926,-0.06533667154964629,-0.17161832564273174,0.14623955517647624,Accept,"Z1, Z2, Z4",1.8240499165168351,-0.06533667154964629,-0.22342406658095035,0.09142704524288099,Accept,1.6085318780819935,Accept,Accept,Accept,Accept,1.1587196247014833
0.8513405706111499,0.9589319157335303,-0.027985202591419723,-0.11810009082154589,0.18624574629226226,Accept,"Z1, Z2, Z4",1.5043963641369629,-0.027985202591419723,-0.17377345597437313,0.11157877047127016,Accept,1.483482900779731,Accept,Accept,Accept,Accept,0.49505289902539806
0.9165219349248568,0.9948641345201924,0.08373005190279796,-0.09198100569746653,0.2834500081962312,Accept,"Z1, Z2, Z4",1.5345990114939638,0.08373005190279796,-0.10757589941839779,0.26067626977977637,Accept,1.4155424940710153,Accept,Accept,Accept,Reject,1.3557596801666918
1.2589538873131805,1.0305031547340924,-0.16662681727978054,-0.24269043107258353,0.1331559492303771,Accept,"Z1, Z2, Z4",1.7621337787053273,-0.16662681727978054,-0.33882991553002006,0.018505008913516807,Accept,1.865750779126092,Accept,Accept,Accept,Accept,0.9551196394717979
1.1349915032033873,0.945894958331783,0.011030751689906684,-0.1345036142579902,0.17065831012024424,Accept,"Z1, Z2, Z4",1.8850847892901283,0.011030751689906684,-0.1437983168082749,0.16717010111159214,Accept,1.6289552181145366,Accept,Accept,Accept,Accept,1.029514686127515
1.164980906952453,1.0878920917293675,-0.20777219039196324,-0.3541140149028233,0.0743480225962293,Accept,"Z1, Z2, Z4",1.4814948407608441,-0.20777219039196324,-0.3971812707848395,-0.015108853365013025,Reject,1.2591370288691999,Accept,Accept,Accept,Accept,0.5955196427463134
1.2606786545694297,1.1464536107187029,-0.21926969693973938,-0.3756768858039194,-0.017150021755930677,Reject,"Z1, Z2, Z4",1.5213692334519917,-0.21926969693973938,-0.3850425468582214,-0.047661954447126384,Reject,1.5084465624844352,Accept,Accept,Accept,Accept,0.9701750518155688
1.1502544254939016,1.016404832398268,0.005396670648723483,-0.1526034011880983,0.2098554174055599,Accept,"Z1, Z2, Z4",1.7814970384229645,0.005396670648723483,-0.18048127603464015,0.18835431795408022,Accept,1.695905485186684,Accept,Accept,Accept,Accept,0.8053469805684782
1.3182381175577162,1.122788149228324,-0.20015312154345122,-0.4097965737286759,-0.034474591868728144,Reject,"Z1, Z2, Z4",1.7386740232041689,-0.20015312154345122,-0.3822686837969853,-0.022918344492998483,Reject,1.5165483951164231,Reject,Accept,Accept,Accept,0.42445126079530887
1.042700079846899,1.0367877199062576,-0.005888197720999736,-0.2932902790299332,0.11607533819625895,Accept,"Z1, Z2, Z4",1.682775260766052,-0.005888197720999736,-0.21435451256144822,0.1685997989515055,Accept,1.4938919691350736,Accept,Accept,Accept,Accept,0.9990114704651029
1.313175497262491,1.094914561276707,-0.053175474779691236,-0.28406007048680293,0.12401195123846136,Accept,"Z1, Z2, Z4",1.5705996400449609,-0.053175474779691236,-0.2654630651058082,0.14299957585391973,Accept,1.5956527925460475,Accept,Accept,Accept,Accept,0.5527171008446304
1.1712226824103855,1.0411720717722828,-0.10276877302405543,-0.3107232514608106,0.07450408857178226,Accept,"Z1, Z2, Z4",1.4791747179934638,-0.10276877302405543,-0.28186467334010085,0.0776786530632999,Accept,1.5238754411267745,Accept,Accept,Accept,Accept,0.5491358724873571
0.8534905815905806,0.9205336168071963,0.08942285531787733,-0.13087809999366642,0.2560387739363543,Accept,"Z1, Z2, Z4",1.3342292443614021,0.08942285531787733,-0.09221939972482734,0.274562195034149,Accept,1.304616288338526,Reject,Accept,Accept,Accept,0.5807386964151643
0.9818307665809729,1.0652456464747064,0.010292886391007346,-0.21645129476785563,0.16588764477547913,Accept,"Z1, Z2, Z4",1.6425683088947374,0.010292886391007346,-0.1661681975849917,0.19714001681839696,Accept,1.4915459588524669,Accept,Accept,Accept,Accept,0.9446832203914111
0.9459000604734503,0.930495725132002,0.036505890946447475,-0.12837559268298285,0.3032345563755672,Accept,"Z1, Z2, Z4",1.398404407795163,0.036505890946447475,-0.184125297930623,0.246859413844202,Accept,1.2881677092656423,Accept,Accept,Accept,Accept,0.8541930659066084
0.9650459539259261,1.0196633135637825,0.0414936163436622,-0.1705717914514534,0.16454169316218742,Accept,"Z1, Z2, Z4",1.5192505554006948,0.0414936163436622,-0.13862637211640472,0.21006944656379728,Accept,1.4173431240976007,Accept,Accept,Accept,Accept,0.6363789563530743
0.8785918217914747,0.9344831205682517,0.0588790615275506,-0.07311427887446284,0.2870908312808278,Accept,"Z1, Z2, Z4",1.7276869490261497,0.0588790615275506,-0.13509231557106888,0.24343913524414415,Accept,1.4110194755324337,Reject,Accept,Accept,Accept,0.7082630407631108
0.7788540252075549,0.8693578261932511,0.16834405509080252,-0.0569256991927506,0.45569121253098593,Accept,"Z2, Z4",1.8009969911519186,0.16834405509080252,-0.039090114005274595,0.36590987467640385,Accept,1.6322078176605868,Reject,Accept,Accept,Accept,0.682542224666629
0.9344314624881513,1.0716390881022684,0.10900421229225257,-0.2053701673061319,0.21648830328291385,Accept,"Z1, Z2, Z4",1.4711091397210787,0.10900421229225257,-0.10376601139062766,0.3055123752617364,Accept,1.3441774359028096,Reject,Accept,Accept,Accept,1.0250703237867456
1.1274009913210306,0.8974195862374212,-0.021670909703794965,-0.2586255945788472,0.16330584525484404,Accept,"Z1, Z2, Z4",1.7531634033199628,-0.021670909703794965,-0.23373026240282271,0.17782441028943374,Accept,1.4632062901442282,Accept,Accept,Accept,Accept,0.37452085638183513
0.9772686672439376,1.0125206087106366,0.06134329398421779,-0.1371603354255468,0.28762838167046567,Accept,"Z1, Z2, Z4",1.6778172801071318,0.06134329398421779,-0.1517725516788495,0.2716215301256044,Accept,1.6320186597079243,Accept,Accept,Accept,Accept,0.7792515631310415
0.7969866741678056,0.9118264058148224,0.1097640534225066,0.004065313668101658,0.29469384864079107,Reject,"Z1, Z2, Z4",1.5354712067682517,0.1097640534225066,-0.025349734170637718,0.2506222822151534,Accept,1.4790049615836967,Reject,Reject,Accept,Accept,0.7480250299264463
0.9457321851301608,0.9702057189699951,-0.03814808145405647,-0.23140189158189223,0.09880636838555457,Accept,"Z1, Z2, Z4",1.402716828904813,-0.03814808145405647,-0.18972140439606128,0.12389752598393283,Accept,1.3980683055557572,Accept,Accept,Accept,Accept,1.204637463195579
1.1351150170091693,1.1503796093385417,-0.20949544207419551,-0.34218061679523,0.027971393728203342,Accept,"Z1, Z2, Z4",1.379030025795409,-0.20949544207419551,-0.385250365068724,-0.02360845716770678,Reject,1.4108372820365076,Reject,Accept,Accept,Accept,1.0134732198601535
0.7817916311571995,0.9567874934621279,0.05123886640856541,-0.09007023367333683,0.2861708927779319,Accept,"Z1, Z2, Z4",1.6335623594934452,0.05123886640856541,-0.13961459698158626,0.24670427524116462,Accept,1.4630230274306777,Accept,Accept,Accept,Accept,0.7214093816771069
0.6557287312324519,0.92477680344153,0.23299278300054227,-0.023733444868763803,0.3891058758092629,Accept,"Z1, Z2, Z4",1.5685507947206627,0.23299278300054227,0.053934608079140633,0.4219642637919421,Reject,1.469076406682284,Accept,Accept,Accept,Accept,0.5491277435327203
0.9167465965579054,0.9767509976854887,-0.011810451360527918,-0.1831361754297873,0.1820536943702671,Accept,"Z1, Z2, Z4",1.1251982150412365,-0.011810451360527918,-0.18506210766387754,0.16991247854006447,Accept,1.390436452125636,Accept,Accept,Accept,Accept,0.3328179329080874
1.0583643661601474,0.9335335220263613,0.05205933276846817,-0.1292700185631911,0.2203876832980615,Accept,"Z1, Z2, Z4",1.32017160608529,0.05205933276846817,-0.12953626153938264,0.22352102324477535,Accept,1.4140505206728298,Accept,Accept,Accept,Accept,0.38862743459592103
0.725430371237287,0.8869191456087399,0.08584016536499971,-0.034095295792561785,0.28365139790353056,Accept,"Z1, Z2, Z4",1.1898383193791287,0.08584016536499971,-0.0720271708316739,0.25146474158255455,Accept,1.3118413423002084,Accept,Accept,Accept,Accept,0.5233631052900807
1.0563684173506975,0.9532616424071666,-0.04769407080575295,-0.173519437015629,0.16735822096440756,Accept,"Z1, Z2, Z4",1.1827218764530683,-0.04769407080575295,-0.1998183162286697,0.1142099433024834,Accept,1.2166889720853566,Accept,Accept,Accept,Accept,0.614055503757558
1.0381088667316178,0.9576504149416034,-0.08324979906279746,-0.24452075796008388,0.14753497562176285,Accept,"Z1, Z2, Z4",1.2083460653569629,-0.08324979906279746,-0.2674898225476622,0.08711066641451971,Accept,1.2480421229990706,Accept,Accept,Accept,Accept,0.21293378397873533
0.8949730671534911,0.971549420988854,-0.024887522930429392,-0.21119079598041846,0.09421875063836603,Accept,"Z1, Z2, Z4",1.3786644999454256,-0.024887522930429392,-0.1794930325898524,0.1372326299186402,Accept,1.279206556415533,Accept,Accept,Accept,Accept,1.534677092986075
0.873390018929139,0.9817405489829638,-0.022002925920620878,-0.3024340983250681,0.1308542240599293,Accept,"Z1, Z3, Z4, X8",1.7226508247359038,-0.022002925920620878,-0.2155542089139541,0.1716772306762993,Accept,1.632742210312075,Reject,Accept,Accept,Accept,0.599130872871369
0.8588218160774942,0.9499965088998665,0.04147223831289745,-0.0578857665257261,0.27639758471698617,Accept,"Z1, Z2, Z4",1.5867842500575997,0.04147223831289745,-0.11019425339594702,0.2019012089902233,Accept,1.5599649998969838,Reject,Reject,Accept,Reject,1.2546064193032718
0.8575854741542723,1.002496520510134,-0.022401490520570905,-0.11979205543963048,0.255814989660112,Accept,"Z1, Z2, Z4",1.5097394789541525,-0.022401490520570905,-0.19032901475819047,0.138583735398647,Accept,1.3752693572359858,Accept,Accept,Accept,Accept,0.8844076172629202
1.0394888966417595,1.0212788704620264,0.1299170056424907,-0.13177202952592984,0.200986554307981,Accept,"Z1, Z2, Z4",1.3842693458129032,0.1299170056424907,-0.044367190610027044,0.3027823565964549,Accept,1.1961519337505857,Accept,Accept,Accept,Accept,0.9386422003901199
0.9929252217745654,0.9900647789334432,-0.0656604833537935,-0.22902292768521046,0.1391820552925571,Accept,"Z1, Z2, Z4",1.4710973887451926,-0.0656604833537935,-0.24401527064194245,0.12366829807396927,Accept,1.3915337481734906,Accept,Accept,Accept,Accept,0.7917281250596688
1.0611847882515377,1.0874372761547006,-0.07080376668361325,-0.42930684768039296,0.09891905502077407,Accept,"Z2, Z4",1.4548207712059795,-0.07080376668361325,-0.297407194273965,0.1598882799359156,Accept,1.4900133643538922,Accept,Accept,Accept,Accept,0.7357503026508434
0.8534293883311809,0.9554076402479348,0.13632340784062968,-0.06819623084042321,0.2695885378164723,Accept,"Z1, Z2, Z4",1.3249051298232617,0.13632340784062968,-0.021679238142889398,0.2972800904428956,Accept,1.454559124015597,Accept,Accept,Accept,Accept,0.48885602624899854
0.8329791361104346,0.9555677446475692,0.11262602604873917,-0.0605005046673119,0.33531127241972963,Accept,"Z1, Z2, Z4",1.4782462039964437,0.11262602604873917,-0.07808633853174196,0.2992792837472931,Accept,1.4805489689018037,Accept,Accept,Accept,Accept,0.8551608102694346
0.9248485115401264,1.0079429474790187,0.08354724240926556,-0.12367465182724009,0.24131071193311954,Accept,"Z1, Z2, Z4",1.4162012938519561,0.08354724240926556,-0.09653108516901208,0.2599779728786656,Accept,1.2795185246965908,Accept,Accept,Accept,Accept,0.9116105750128076
0.9971847083392098,0.9909105836232021,-0.030493359858482273,-0.1677649919613199,0.1855287621430523,Accept,"Z1, Z2, Z4",1.5460436891288654,-0.030493359858482273,-0.1947849950384645,0.1455213387264223,Accept,1.560911199299861,Accept,Accept,Accept,Accept,0.17454802682461165
0.6705954677126549,0.9644289020037623,0.10124776565418266,-0.10827985321430525,0.3094478182961098,Accept,"Z1, Z2, Z4",1.597882157260491,0.10124776565418266,-0.09463135723674693,0.30765004546605235,Accept,1.5115360889317275,Accept,Accept,Accept,Accept,0.7722583368161585
0.9468095814752979,1.0338916288145124,-0.06939222947489446,-0.21490821680064798,0.10612421784466722,Accept,"Z1, Z2, Z4",1.6795526851436466,-0.06939222947489446,-0.2356824553108742,0.0887985006685999,Accept,1.4917649833612256,Accept,Accept,Accept,Accept,0.7955952528718861
1.1834027936924556,1.1298152806858706,-0.16689236249278847,-0.33110080938336944,0.015565476813791237,Accept,"Z1, Z2, Z4",1.724610204172607,-0.16689236249278847,-0.31382998818890007,-0.02263666245105743,Reject,1.394115104929657,Accept,Accept,Accept,Accept,1.3840122623355058
0.9986484007797052,1.0054175628460773,-0.021123869985524044,-0.19897769759182177,0.14441850352397917,Accept,"Z1, Z2, Z4",1.3679969014991968,-0.021123869985524044,-0.1988352027963647,0.14634056387355876,Accept,1.4086633609921604,Accept,Accept,Accept,Accept,0.9499529316333886
0.835218607145585,0.9260630095295356,0.09811535048717766,-0.10302471507848837,0.26677481066755904,Accept,"Z1, Z2, Z4",1.5670476007973562,0.09811535048717766,-0.06383577893399708,0.27190044868996355,Accept,1.2502241241569843,Accept,Accept,Accept,Accept,0.36636218868749826
1.0125959599242436,1.0182115422653086,-0.034059826942796724,-0.23630383161129725,0.13019146577108784,Accept,"Z1, Z2, Z4",1.5105356434324262,-0.034059826942796724,-0.20222698910846185,0.15330650661908818,Accept,1.402085509244938,Accept,Accept,Accept,Accept,0.9473821279009177
0.8684472558360572,0.9340332946153955,0.1592071115323127,-0.018175998059834622,0.33937792198315625,Accept,"Z1, Z2, Z4",1.446213369029346,0.1592071115323127,-0.010910762167392896,0.33322581571500476,Accept,1.5832265514941344,Accept,Accept,Accept,Accept,0.27954158046946825
1.2420216556500117,1.0158219828504096,-0.20015185879401468,-0.37136696977105366,-0.056614168195977074,Reject,"Z1, Z2, Z4",1.522104323924713,-0.20015185879401468,-0.35417893014287005,-0.042077198974380343,Reject,1.4570081113334237,Reject,Reject,Accept,Accept,0.40370968495890114
0.8714474387249388,1.016164291542044,-0.05579135791296908,-0.1277197463619819,0.1835687808857661,Accept,"Z1, Z2, Z4",1.2809296730869568,-0.05579135791296908,-0.2008219668590565,0.0936261487818644,Accept,1.2473544668814058,Accept,Accept,Accept,Accept,1.1743156065413531
0.8768222555256164,1.0035076588591518,0.03667966073996278,-0.17212857566939377,0.20277989341545535,Accept,"Z1, Z2, Z4",1.7072984607961113,0.03667966073996278,-0.16145206879858554,0.22963295473810255,Accept,1.605426201690531,Accept,Accept,Accept,Accept,0.4901331543393688
1.1622763002879897,1.0908573203031147,-0.05115904392328879,-0.3057807768630738,0.13399383881552035,Accept,"Z1, Z2, Z4",1.5223698144607758,-0.05115904392328879,-0.25018693446255635,0.16052450853012595,Accept,1.499710108864776,Accept,Accept,Accept,Accept,0.8988052209567374
1.1291240005180532,1.0447633725165058,-0.11795539780033613,-0.26843583127599235,0.10568846297392788,Accept,"Z1, Z2, Z4",1.7554259850532088,-0.11795539780033613,-0.3083442406908282,0.06745250424031779,Accept,1.4823864978949763,Reject,Accept,Accept,Accept,0.9037909861261907
0.9206337765003209,0.9683937497369114,0.06642879425556134,-0.027726061723642545,0.3110371254472004,Accept,"Z1, Z2, Z4",1.3699901017866913,0.06642879425556134,-0.1114347150896721,0.23673949136777825,Accept,1.3103160094855857,Accept,Accept,Accept,Accept,0.6227954993107265
1.0950728539423038,1.0677618167913796,-0.193810734493706,-0.34442403765987134,0.038569137673572895,Accept,"Z1, Z2, Z4",1.5159554953765002,-0.193810734493706,-0.3689912372319864,-0.02290363656219333,Reject,1.4075406688107248,Accept,Reject,Accept,Accept,0.2955462798839286
1.0944162706004263,1.1076900016140594,-0.15380364906789334,-0.2494809368056948,0.10973914631950703,Accept,"Z1, Z2, Z4",1.5690716222055487,-0.15380364906789334,-0.33456567020429073,0.01807082302949932,Accept,1.6266751831096122,Accept,Accept,Accept,Accept,0.6902760964951505
0.9295529168110261,0.9418903133069729,0.04556971288921394,-0.14072777414964732,0.15022791651674341,Accept,"Z1, Z2, Z4",1.5502508441101779,0.04556971288921394,-0.09272991179934796,0.18987169930545494,Accept,1.3156788281699823,Accept,Accept,Accept,Accept,0.5697569498275906
1.105350830508424,1.0141083087929237,-0.003935986805902582,-0.1231146022743684,0.1550229780598159,Accept,"Z1, Z2, Z4",1.5406964559546692,-0.003935986805902582,-0.1471336459809247,0.1405017178478783,Accept,1.4597122048097548,Accept,Accept,Accept,Accept,0.6188776967414487
1.0097297341854086,1.0759837734804678,-0.028439966997094848,-0.19615046177880993,0.21857992292587053,Accept,"Z1, Z2, Z4",1.5853698292251244,-0.028439966997094848,-0.22916105465113568,0.19463544959769502,Accept,1.5000592265746147,Accept,Accept,Accept,Accept,0.48368394431459694
1.0721128442272538,0.9895533038668833,-0.0533511744902111,-0.1930888737351875,0.10333348517685638,Accept,"Z1, Z2, Z4",1.2988454950625237,-0.0533511744902111,-0.2050889334340698,0.10119544411164122,Accept,1.4738583166439432,Accept,Accept,Accept,Accept,0.6318686863379659
0.9480075936421951,1.1177359640040292,-0.03325171744939358,-0.25653565196171363,0.12167139633458561,Accept,"Z1, Z2, Z4",1.484843331689862,-0.03325171744939358,-0.21819350983603042,0.15889080432171182,Accept,1.4322593745753855,Accept,Accept,Accept,Accept,0.18664575279951867
0.7646805443407333,0.8439883549440159,0.10882985638546368,-0.022869837898358752,0.34204533141227816,Accept,"Z1, Z2, Z4",1.6206436710895564,0.10882985638546368,-0.06957690257196117,0.2880463668284704,Accept,1.4749112117785352,Accept,Accept,Accept,Accept,0.311466437103116
1.1649240285071567,1.051984091060683,-0.053234673187638505,-0.21639486732295993,0.07905973442681635,Accept,"Z1, Z2, Z4",1.5014532526174273,-0.053234673187638505,-0.20270219798223207,0.08715627199803616,Accept,1.4246316415528233,Accept,Accept,Accept,Accept,0.6979232929963397
1.0116159716590933,0.9246331010926858,-0.04676723281992114,-0.17184874220868618,0.16022683260117582,Accept,"Z1, Z2, Z4",1.5134832069075927,-0.04676723281992114,-0.2119451773463795,0.12154527785736752,Accept,1.4009971201962879,Accept,Accept,Accept,Accept,0.6386563570485244
1.1302046381342838,1.0465880467824382,-0.08259876835624667,-0.2669776876294142,0.08495822418228427,Accept,"Z1, Z2, Z4",1.3818534619367808,-0.08259876835624667,-0.24346741325398888,0.07719687389521854,Accept,1.3627366380334445,Accept,Accept,Accept,Accept,0.28513136505494313
1.148294434732522,1.0049828774407572,-0.04081270562030411,-0.2192601333873459,0.16020476910395842,Accept,"Z1, Z2, Z4",1.8463100773654049,-0.04081270562030411,-0.22645565638858564,0.14851202006842318,Accept,1.5762317500036525,Accept,Accept,Accept,Accept,0.9668919867222103
0.8872569098017401,0.9090174900867628,-0.014607934601156222,-0.18855237176627604,0.14878313816442726,Accept,"Z1, Z2, Z4",1.4243859909140824,-0.014607934601156222,-0.17085574909314072,0.1420014451919498,Accept,1.4918851344435788,Accept,Accept,Accept,Accept,0.6937971131932028
1.0875182243561252,0.9800983667683225,-0.03103841085676465,-0.16446694049269572,0.251404412498177,Accept,"Z1, Z2, Z4",1.4393968788462124,-0.03103841085676465,-0.22622670137367956,0.15977070014119174,Accept,1.4330138050667967,Accept,Accept,Accept,Accept,0.9851755145469433
1.2414378777768023,1.0946429829820998,-0.1431034600714072,-0.35776486046383615,0.021442606030543404,Accept,"Z1, Z2, Z4",1.29098792538582,-0.1431034600714072,-0.32193895762581126,0.06435063637387904,Accept,1.4455610132059429,Accept,Accept,Accept,Accept,0.926392901506204
0.9721947899810423,0.966643938884281,0.01315784044669744,-0.18166562223781574,0.21858640716913696,Accept,"Z1, Z2, Z4",1.37536519640342,0.01315784044669744,-0.1631612998072589,0.1687440305698384,Accept,1.4937957221033615,Accept,Accept,Accept,Accept,1.0645232573641639
1.13268945361397,1.018523310000419,-0.07528776024620008,-0.252126346055641,0.09384909205158486,Accept,"Z1, Z2, Z4",1.1953140668113802,-0.07528776024620008,-0.24676584135788923,0.09161768147007032,Accept,1.1732169437947333,Accept,Accept,Accept,Accept,0.8160196124868238
0.6287236355411522,1.0113630932697943,0.09435415512478652,-0.051489838508117766,0.32804840055718737,Accept,"Z1, Z2, Z4",1.0750591519174164,0.09435415512478652,-0.09601442781446959,0.28347980723092714,Accept,1.1967359975993304,Reject,Accept,Accept,Accept,0.44009300190529205
0.908784265705536,1.007399298733899,0.06920950531647509,-0.12433981243950924,0.32038438193118307,Accept,"Z1, Z2, Z4",1.5067826052967717,0.06920950531647509,-0.11080143300301899,0.25686971189156016,Accept,1.5912636111558436,Accept,Accept,Accept,Accept,0.2221956279398878
1.2081316251272005,1.0494554675928764,-0.23799781285890936,-0.3546293448957949,0.0209753921788033,Accept,"Z1, Z2, Z4",1.435324712185398,-0.23799781285890936,-0.4163254330502926,-0.06768026399900545,Reject,1.5097382366058338,Reject,Accept,Accept,Accept,0.632374502407
1.1263077646721078,1.1508750844470212,-0.048108558436023144,-0.30295849101779776,0.13059212060501882,Accept,"Z1, Z2, Z4",1.468423299956072,-0.048108558436023144,-0.2726544118300943,0.17271818460005994,Accept,1.5180523013728282,Accept,Accept,Accept,Reject,1.1777358318583755
1.3030215936661906,1.0970629199034672,-0.1420337623073621,-0.38877770427148584,0.030494008343879983,Accept,"Z1, Z2, Z4",2.0410418334666156,-0.1420337623073621,-0.36160244879722914,0.06943768651513037,Accept,1.701682659760494,Reject,Accept,Accept,Accept,0.4928049693566552
1.0453772619319266,1.0168235053546846,0.003973161969873733,-0.16738992117677387,0.15218584860768739,Accept,"Z1, Z2, Z4",1.322622503238194,0.003973161969873733,-0.14477935736741646,0.16363587747220876,Accept,1.2698274382342691,Accept,Accept,Accept,Accept,0.4360628878256357
1.0720400890266562,1.0876932463939135,-0.1894944057833191,-0.30594338391392467,-0.0015803605006509402,Reject,"Z1, Z2, Z4",1.249836884324714,-0.1894944057833191,-0.33290360733295377,-0.05044123373074863,Reject,1.2421999432932715,Reject,Accept,Accept,Accept,0.28544605331051837
0.9136405039362354,0.9015213949524721,0.11463348627741772,-0.09205639000129008,0.259839504231714,Accept,"Z1, Z2, Z4",1.3050595282260287,0.11463348627741772,-0.05867622572314934,0.29035754292315763,Accept,1.2050701850610996,Accept,Accept,Accept,Accept,0.6591364745281051
0.8890319846314515,0.9503169011406034,0.20016509318936043,-0.024882912999277626,0.3370688648365801,Accept,"Z1, Z2, Z4",1.688491521058444,0.20016509318936043,0.035506254246527716,0.36726468353163877,Reject,1.5520473925087388,Accept,Accept,Accept,Accept,0.8026995077439236
1.0300912274365874,0.8937597339350932,0.06980782557509946,-0.13384280678616003,0.28921364970853225,Accept,"Z1, Z2, Z4",1.7037793818509812,0.06980782557509946,-0.15513021665187418,0.28992401702538206,Accept,1.5913839176071178,Accept,Accept,Accept,Accept,0.4631714414696645
0.9672498357351997,0.9844972805561154,0.07022527079231579,-0.13178287445829293,0.23016104250103625,Accept,"Z1, Z2, Z4",1.7719856708657395,0.07022527079231579,-0.09877557044045117,0.25412968605734026,Accept,1.5549275743009883,Accept,Accept,Accept,Accept,0.8733481126500301
1.0387016136698908,0.9873302057091977,-0.05294251817773128,-0.2601571183665604,0.12766338609698888,Accept,"Z2, Z4",1.3633953869630953,-0.05294251817773128,-0.20960827709550783,0.10518667369325718,Accept,1.2697575172600617,Accept,Accept,Accept,Accept,0.4568586146696335
1.081639772075155,0.961884370572298,0.0013461908405147246,-0.19670053815874491,0.2046548477905023,Accept,"Z1, Z2, Z4",1.5947374210946867,0.0013461908405147246,-0.18542341671749923,0.19156458146488434,Accept,1.5996547385049775,Accept,Accept,Accept,Accept,0.6733105217909289
0.9772352934895778,1.0936613776734996,-0.053773716497107556,-0.3203808522194735,0.09491007221237031,Accept,"Z1, Z2, Z4",1.7198019272666545,-0.053773716497107556,-0.2694050404072953,0.14308354389408998,Accept,1.649162053281801,Accept,Accept,Accept,Accept,0.48742042926304346
0.7899953610006598,0.9187849133763556,0.14889065868817652,-0.028455562078427747,0.3509686310386252,Accept,"Z1, Z2, Z4",1.6525157955487537,0.14889065868817652,-0.027181995646229168,0.31867272200066993,Accept,1.5432469834858915,Reject,Accept,Accept,Accept,1.0001792819194748
1.1946468697958346,0.9870571526768227,-0.05249040914395597,-0.21876866742467743,0.17837106626967245,Accept,"Z1, Z2, Z4",1.4771686186767974,-0.05249040914395597,-0.2372601479660022,0.1490550716906156,Accept,1.5665387206227976,Accept,Accept,Accept,Accept,0.719807888164886
0.8359089171557796,0.9330510073531294,0.07300314352091597,-0.05304975485638806,0.2717492174496657,Accept,"Z1, Z2, Z4",1.5400704206515785,0.07300314352091597,-0.09097782829023492,0.2229323623449417,Accept,1.4168415402368835,Accept,Accept,Accept,Accept,0.8450524413180529
1.0624905798661648,1.0766750960205114,0.013624689692670064,-0.21569694820370713,0.2041854879589882,Accept,"Z1, Z2, Z4",1.6412399305430552,0.013624689692670064,-0.1938817455990519,0.22191130201306028,Accept,1.7279409768268479,Accept,Accept,Accept,Accept,0.1704315203787675
0.7850947793157413,0.9990893671797662,-0.010083810606177898,-0.1243594548733956,0.1548734452523763,Accept,"Z1, Z2, Z4",1.600986982541645,-0.010083810606177898,-0.14362047394764044,0.12079601784199637,Accept,1.4146201516682664,Accept,Accept,Accept,Accept,0.6190721381971709
1.0407879026300575,1.0936485958711626,-0.06249645519272854,-0.2796879845217086,0.1092491812618226,Accept,"Z1, Z2, Z4",1.586527696535824,-0.06249645519272854,-0.2570675132738875,0.13766652984946529,Accept,1.6060093675523064,Accept,Accept,Accept,Accept,0.5637890694513668
0.852926875989608,1.0121749049194233,-0.00815728175573446,-0.23464074689285513,0.1444478202298137,Accept,"Z1, Z2, Z4",1.1652246459127382,-0.00815728175573446,-0.1895734882252568,0.17072156487516613,Accept,1.1461525196210975,Accept,Accept,Accept,Accept,0.497243555568893
0.9694863580930135,0.9547727882034943,0.009365959858986313,-0.12866338343113104,0.22476989506832645,Accept,"Z1, Z2, Z4",1.3436801719867302,0.009365959858986313,-0.17831049444260813,0.18334732693045624,Accept,1.4637798908989326,Accept,Accept,Accept,Accept,0.8508289285344376
0.7529686911879753,1.0193476976615368,0.14731561883377844,-0.1517926846616166,0.22216974505661713,Accept,"Z1, Z2, Z4",1.2385049623713984,0.14731561883377844,-0.049423965445451,0.3321413007392777,Accept,1.09660353214938,Accept,Accept,Accept,Accept,0.8156773547391862
1.1716443680861135,1.0798632769740129,-0.1435395104177891,-0.31707858278173184,-0.01775903283277018,Reject,"Z1, Z2, Z4",1.472190322827041,-0.1435395104177891,-0.2808661142840742,-0.0016018123314362337,Reject,1.1944929807857918,Reject,Accept,Accept,Accept,0.42250460512250265
1.0074879528390832,1.0746375195604083,0.02521453671897552,-0.19785974156896213,0.17310445285642342,Accept,"Z1, Z2, Z4",1.5261588519638047,0.02521453671897552,-0.15517402513830442,0.21278619100073837,Accept,1.3808297569956565,Accept,Accept,Accept,Accept,0.5638868480533341
0.7933652594550108,0.8830062692827916,0.14384393814308957,-0.020034435087183416,0.30244328847432694,Accept,"Z1, Z2, Z4",1.2177120133929207,0.14384393814308957,-0.024982135874303993,0.30449267817843584,Accept,1.3332300953848064,Accept,Accept,Accept,Accept,0.9019170673228151
0.9528046566932771,0.9093828686593339,0.08515470271938533,-0.021193185108793748,0.24612257435791096,Accept,"Z1, Z2, Z4",1.3346346015983297,0.08515470271938533,-0.04212579183075212,0.211621378478658,Accept,1.277353710854004,Accept,Accept,Accept,Reject,1.3299181542004967
0.7969967440643285,1.0385207830918204,0.11592461411252653,-0.1559456967506064,0.26000525956125586,Accept,"Z1, Z2, Z4",1.8671855196620113,0.11592461411252653,-0.07754066489132405,0.3270881376720863,Accept,1.6830883346403738,Accept,Accept,Accept,Accept,0.5077042561512524
1.0049925824194703,1.0067644330138101,-0.036374569437057795,-0.23978698611545768,0.09409561721559491,Accept,"Z1, Z2, Z4",1.3361795296058516,-0.036374569437057795,-0.1929005038726896,0.13171015239363165,Accept,1.432573211516538,Accept,Accept,Accept,Accept,0.8900592428696671
0.9512131424322483,0.9643555836331316,0.027792313130516933,-0.11550841787989524,0.2538919173354088,Accept,"Z1, Z2, Z4",1.2366775067985525,0.027792313130516933,-0.16763337876814646,0.2051883666361599,Accept,1.3153819785245653,Accept,Accept,Accept,Accept,0.8601019818460767
1.1777588305275795,0.9116890719004305,-7.576938669590773e-4,-0.17625355584131658,0.21928682473196354,Accept,"Z1, Z2, Z4",1.6902298832193348,-7.576938669590773e-4,-0.19659882430461145,0.19446285991626389,Accept,1.479662998623177,Reject,Accept,Accept,Accept,0.7244353450872215
0.7616293777731934,0.9714217633168643,0.06864016140514945,-0.11312090615930964,0.25723223071948886,Accept,"Z1, Z2, Z4",1.2670527307373367,0.06864016140514945,-0.10373593609433389,0.2450699692996803,Accept,1.3387472162189662,Accept,Accept,Accept,Accept,0.522325112815961
1.345959757910219,1.0613369332452105,-0.04411669843736863,-0.2967280816551301,0.11444126571569681,Accept,"Z1, Z2, Z4",1.5440911647216526,-0.04411669843736863,-0.2370196240829911,0.16353934173673118,Accept,1.4891334639033806,Accept,Accept,Accept,Accept,0.4550950058723427
1.1806116585711883,1.1743256465368064,-0.1548310379411222,-0.3853625682522835,0.08765534327847532,Accept,"Z1, Z2, Z4",1.9614781774867232,-0.1548310379411222,-0.3828904758287843,0.09510015922941668,Accept,1.7868036506510523,Accept,Accept,Accept,Accept,0.23779956438896374
0.6408465105077048,0.9258604170534385,0.09867168442733511,-0.05937878975306583,0.22596005140475575,Accept,"Z1, Z2, Z4",1.386222441933684,0.09867168442733511,-0.03942666508193339,0.2333002714528318,Accept,1.2106690388128816,Accept,Accept,Accept,Accept,0.31367658007575916
0.9556626022527327,0.9379452190044152,-0.008531853167865389,-0.2031807268607706,0.20918563655711114,Accept,"Z1, Z2, Z4",1.7484412704058179,-0.008531853167865389,-0.2132786824793519,0.18741463075640846,Accept,1.7090503796132008,Accept,Accept,Accept,Accept,0.7132656921741692
1.0793427371437974,1.0795935068440496,-0.09250226183972872,-0.32490176809344423,0.08448843918506055,Accept,"Z1, Z2, Z4",1.0872170113242006,-0.09250226183972872,-0.2886864818119164,0.0949540364741014,Accept,1.2729546534939613,Accept,Accept,Accept,Accept,0.6154295420597208
1.1097609151489003,1.1083131396712314,0.04075113722186537,-0.18568243961550887,0.20850882650734662,Accept,"Z1, Z2, Z4",1.5078189670869007,0.04075113722186537,-0.13361675884561988,0.23377937119343445,Accept,1.487722564678695,Reject,Accept,Accept,Accept,0.9940123364909021
0.87628641029725,1.0172190446318246,-7.019798302661713e-4,-0.1821020888909816,0.19979721415422996,Accept,"Z1, Z2, Z4",1.4915330079278644,-7.019798302661713e-4,-0.2046743296946351,0.1807947672622227,Accept,1.4190427334122173,Accept,Accept,Accept,Accept,0.8040116380280448
1.0925826582374256,1.0372429455522059,-0.020436386555391418,-0.26603039748927637,0.059621802477221965,Accept,"Z1, Z2, Z4",1.354515824647975,-0.020436386555391418,-0.20271391430571323,0.16061230102186938,Accept,1.2451967281325758,Accept,Accept,Accept,Accept,0.7708339214061929
1.1776477680393005,1.153488365961988,-0.013391322218060933,-0.3064120794858,0.08508908842739678,Accept,"Z1, Z2, Z4",1.5813806342227779,-0.013391322218060933,-0.19489151318114664,0.16442582435083783,Accept,1.4303184191778542,Accept,Accept,Accept,Accept,0.598452608037764
0.9027265374091348,0.9059310618146366,0.06149603502411034,-0.13341754581170975,0.18464371944877736,Accept,"Z1, Z2, Z4",1.6943940002321123,0.06149603502411034,-0.09529057657584239,0.2219104990028837,Accept,1.601644561942504,Accept,Accept,Accept,Accept,0.36157499353035305
0.9856342194694162,0.9492119509613618,0.018195381750456468,-0.09838405148417698,0.20322137795593848,Accept,"Z1, Z2, Z4",1.6929803095226097,0.018195381750456468,-0.13653331359266052,0.17352888888399653,Accept,1.460536351960456,Accept,Accept,Accept,Accept,1.057492126270408
1.127710080228681,1.171368400731384,-0.24651405486985536,-0.4753422435780953,-0.09840589337566401,Reject,"Z1, Z2, Z4",1.6621828935502174,-0.24651405486985536,-0.4249208629541721,-0.0685747442387602,Reject,1.4807210573753897,Reject,Accept,Accept,Accept,0.5452529149681452
1.1695322133799995,0.9694336961428892,-0.010558931699162945,-0.2337786566795866,0.18156294783449395,Accept,"Z1, Z2, Z4",1.7437597277557288,-0.010558931699162945,-0.24243870340622684,0.2049353238923151,Accept,1.6554009923817836,Accept,Accept,Accept,Accept,0.2583196870162492
0.887287533880306,0.9330625531305106,-0.06127072580955689,-0.2304315177006124,0.0829706355338917,Accept,"Z1, Z2, Z4",1.5117077844164017,-0.06127072580955689,-0.2097777296449109,0.08342825708925174,Accept,1.325209032199254,Accept,Accept,Accept,Accept,0.5198393369070865
1.136600163756883,1.0752126402673183,-0.07061092522979141,-0.25967824868876827,0.07028072193666096,Accept,"Z1, Z2, Z4",1.3562262487865795,-0.07061092522979141,-0.23671331702165094,0.08109209558677241,Accept,1.4477848608074697,Accept,Accept,Accept,Accept,0.6744372087433818
1.0762398602871317,0.9604069112508172,-0.00803971440551489,-0.12126732321408167,0.22257100582781528,Accept,"Z1, Z2, Z4",1.6079312572475566,-0.00803971440551489,-0.15678038268982117,0.16228528495107727,Accept,1.3092208005221102,Accept,Accept,Accept,Accept,0.7405808076499695
1.0219603042404386,1.0198846030564686,-0.07455090477336954,-0.25591077803817075,0.11666627960618585,Accept,"Z1, Z2, Z4",1.7063716714043382,-0.07455090477336954,-0.24324170629871186,0.08637143426107505,Accept,1.5123594692816684,Accept,Accept,Accept,Accept,0.45278559125439466
0.9391821460866709,1.0651640673947675,-0.10354367814688842,-0.32768363362744307,0.13714527039026925,Accept,"Z1, Z2, Z4",1.877206919361027,-0.10354367814688842,-0.33724984760258264,0.1221267355092466,Accept,1.7662823319789205,Accept,Accept,Accept,Accept,0.4595145155764336
0.8250925491169859,0.9712901550803658,-0.029029414154613076,-0.193620191710084,0.1936685161557477,Accept,"Z1, Z2, Z4",1.5961059426132937,-0.029029414154613076,-0.21714806796794223,0.15479355626197194,Accept,1.692383590756476,Reject,Reject,Accept,Accept,0.13572574923447622
0.8695846840454686,1.0077095622946557,-0.018860756263616156,-0.19545610419880483,0.13682973848757007,Accept,"Z1, Z2, Z4",1.4379624837212808,-0.018860756263616156,-0.16769583897636792,0.15159444080662815,Accept,1.411548258630866,Accept,Accept,Accept,Accept,1.2689484997862035
1.0301180351224042,0.9224843081620706,0.07612615836501051,-0.10179642268057912,0.2816611898279303,Accept,"Z1, Z2, Z4",1.7791043825932005,0.07612615836501051,-0.10922494994526219,0.2646687261989388,Accept,1.710091535693148,Accept,Accept,Accept,Accept,0.5093389312906225
0.8450276948840829,0.9423550987143511,-0.009915711064528243,-0.2027497949020357,0.2680287162521663,Accept,"Z2, Z4",1.278969746276137,-0.009915711064528243,-0.2111015291720415,0.17132776022136115,Accept,1.423997054177182,Accept,Accept,Accept,Accept,0.5778361837803994
1.0218132581995365,0.9867317270109043,0.04388941607940036,-0.12677246620490346,0.1746770569885735,Accept,"Z1, Z2, Z4",1.154599389914982,0.04388941607940036,-0.11341310863886749,0.19734635149908944,Accept,1.301573930881062,Accept,Accept,Accept,Accept,0.7059812967455568
1.001903536193474,0.9816303871694911,0.00938668770582419,-0.14483632694899146,0.17968772942169658,Accept,"Z1, Z2, Z4",1.3090085031857595,0.00938668770582419,-0.14969098957157875,0.17969365800297005,Accept,1.4278209426162933,Accept,Accept,Accept,Accept,0.4044737820960695
0.9530829388462323,1.0138473765212113,0.02804186175828604,-0.13622548429859693,0.20754151272550578,Accept,"Z1, Z2, Z4",1.297200383859232,0.02804186175828604,-0.13843898234242144,0.1933318536382786,Accept,1.4137857971781214,Accept,Accept,Accept,Accept,0.569993220850526
0.9168487358287504,0.9951743042399781,0.0300792971390377,-0.16519237224016187,0.21284101737336963,Accept,"Z1, Z2, Z4",1.789616011346381,0.0300792971390377,-0.15754432524754944,0.19972242307669932,Accept,1.3839187817285932,Accept,Accept,Accept,Accept,0.6243772829893196
1.0755320773176575,1.0249967251906802,-0.018756094358645448,-0.22535713199715784,0.12173425454707751,Accept,"Z1, Z2, Z4",1.3662841829380157,-0.018756094358645448,-0.18821796893151033,0.15294264733551513,Accept,1.411151568579662,Accept,Accept,Accept,Accept,0.686182056471568
0.9295919504041923,0.9400700056804356,0.05770843814139561,-0.1792117411147331,0.18043975655499547,Accept,"Z1, Z2, Z4",1.4591494024575515,0.05770843814139561,-0.10241448433195562,0.22096282704473585,Accept,1.4367941195809266,Accept,Accept,Accept,Accept,0.9251726194800012
1.1320691227171613,1.0911891922399841,0.02739486937166554,-0.194654433991874,0.13425428668433173,Accept,"Z1, Z2, Z4",1.3013412331468326,0.02739486937166554,-0.12412644581472516,0.18161701658529786,Accept,1.2896973570315142,Accept,Accept,Accept,Accept,0.5511084655303413
0.9433721262013721,0.9509078395345874,0.021119517390740982,-0.14754952417013872,0.1711281754207128,Accept,"Z1, Z2, Z4",1.4296555487265663,0.021119517390740982,-0.12615359246385893,0.17951103696651877,Accept,1.4688772118406426,Accept,Accept,Accept,Accept,0.5323670346426067
1.078052416316044,1.0864477891040356,0.021392995865970436,-0.34404015536772264,0.10593638014115929,Accept,"Z1, Z2, Z4",1.466463340300052,0.021392995865970436,-0.21847793571888094,0.2353305693557821,Accept,1.3976595331999697,Reject,Reject,Accept,Accept,0.8389780494257872
1.0122050245402634,1.0150892201680357,0.007483413616406121,-0.15825561304106453,0.2126910909464848,Accept,"Z1, Z2, Z4",1.4032475962143156,0.007483413616406121,-0.15401667867300156,0.17886136547564083,Accept,1.352413265563644,Accept,Accept,Accept,Accept,0.44126650290648756
1.0129143363951243,0.9751523202983821,-0.045252781620207204,-0.24672581775426447,0.11314479391887461,Accept,"Z1, Z2, Z4",1.2734041341476838,-0.045252781620207204,-0.22020058134333365,0.12042240065734798,Accept,1.2042162297293881,Accept,Accept,Accept,Accept,1.0840504313104733
0.7102732412437786,0.9081091398929478,0.20045786312154168,0.039790514391954926,0.39717764591351457,Reject,"Z1, Z2, Z4",1.3537156126404084,0.20045786312154168,0.025359791678462543,0.3711482071016731,Reject,1.3363042956415818,Reject,Accept,Accept,Reject,1.1129008670786988
0.9069203013719751,0.9872272906878086,0.09865931269782495,-0.0841753052476355,0.2986443276474038,Accept,"Z1, Z2, Z4",1.525042272791563,0.09865931269782495,-0.09409869211994826,0.2871607548797323,Accept,1.3622984100084958,Accept,Accept,Accept,Accept,0.42944668893144855
0.9895738327883152,1.061497951023429,-0.019895130408766875,-0.2451972230684183,0.18399080048767957,Accept,"Z1, Z2, Z4",1.5141789212560357,-0.019895130408766875,-0.24205723121430808,0.20002285403535178,Accept,1.5847894317982847,Accept,Accept,Accept,Accept,0.7057035707650667
1.1773350997234344,1.0158354263863112,-0.17801370593198762,-0.38308986442650655,0.019682179531379407,Accept,"Z1, Z2, Z4",1.6404218272824735,-0.17801370593198762,-0.3880238942888852,0.01903224963397568,Accept,1.5086533536273772,Reject,Accept,Accept,Accept,0.16225460535252798
1.057373366012413,0.9532737117447444,0.02956323015502948,-0.16636146155641132,0.2284706200552472,Accept,"Z1, Z2, Z4",1.8742538281406396,0.02956323015502948,-0.15950412976575082,0.22049532688765938,Accept,1.5827680440572045,Accept,Accept,Accept,Accept,1.033039409860191
0.8148817610426001,1.005048647384392,-0.019860107528485955,-0.12849526882662293,0.21356000923820262,Accept,"Z1, Z2, Z4",1.3295970890868098,-0.019860107528485955,-0.199909429004489,0.15905734323940116,Accept,1.34592366108207,Accept,Accept,Accept,Accept,0.6003782964117754
0.9781142205684116,0.9570169961701612,-0.05763557727893287,-0.20909304990424454,0.17855501405826874,Accept,"Z1, Z2, Z4",1.2872662117760472,-0.05763557727893287,-0.2531202652230433,0.11558788270177063,Accept,1.3456380078334278,Accept,Accept,Accept,Accept,0.3619011517269322
1.0768160979831556,1.0451807601679926,0.023058185838474576,-0.09123770525652083,0.24325607633777652,Accept,"Z1, Z2, Z4",1.5313167324417905,0.023058185838474576,-0.15578138408349745,0.18097036717857828,Accept,1.3234543318153666,Accept,Accept,Accept,Accept,0.7297990661180304
1.1397387611367813,1.1028575356635177,-0.15215710182996825,-0.366835582701854,-0.04916067453291112,Reject,"Z1, Z2, Z4",1.6443531599688563,-0.15215710182996825,-0.29785802483451906,-0.011980113461139974,Reject,1.4058473149604906,Reject,Accept,Accept,Accept,0.5677066980478165
0.7234815402762724,0.9355070370681935,0.09994184578974241,-0.04254690226699956,0.2852829647716089,Accept,"Z1, Z2, Z4",1.2201811843541686,0.09994184578974241,-0.059874010077518094,0.25583440182461037,Accept,1.2423196855656595,Accept,Accept,Accept,Reject,1.2515018879979576
0.9353634805291711,1.0515634010560264,-0.07423255207382162,-0.20063961630424082,0.1482902285139685,Accept,"Z1, Z2, Z4",1.0838135835538723,-0.07423255207382162,-0.2293539777996049,0.0797352575327653,Accept,1.3121974189796117,Accept,Accept,Accept,Accept,1.1885292482518397
0.8351568717281502,0.9825293349600169,-0.04778072964827126,-0.13312119825702032,0.1875726157615354,Accept,"Z1, Z2, Z4",1.0052252981632441,-0.04778072964827126,-0.20187207408401558,0.11302228424136943,Accept,1.1066855179824426,Accept,Accept,Accept,Accept,1.236985762465146
0.9637215052353244,1.0447828073614798,-0.04014027744528099,-0.23027782482468478,0.16956198517411297,Accept,"Z1, Z2, Z4",1.911093208283252,-0.04014027744528099,-0.24285125612225042,0.15477894171238316,Accept,1.582339527911556,Accept,Accept,Accept,Accept,1.176857177029468
0.9907148857154265,0.9928510390480175,0.02467659775272119,-0.1364726145589458,0.21319003380509832,Accept,"Z1, Z2, Z4",1.4513996209882043,0.02467659775272119,-0.15131915998397885,0.2017517986222973,Accept,1.3988404210416192,Accept,Accept,Accept,Accept,0.5592090575047599
1.2428427005999354,1.0700904877540796,-0.2034864176876992,-0.38970272763282193,0.014714448881080727,Accept,"Z1, Z2, Z4",1.444775943181372,-0.2034864176876992,-0.38582181854545267,-0.014739308864844439,Reject,1.3744729817239636,Accept,Accept,Accept,Accept,0.7685320813982065
1.0899458933557347,1.064486034577367,-0.08043618588212535,-0.1822444382675811,0.14565562585843256,Accept,"Z1, Z2, Z4",1.5119965150695895,-0.08043618588212535,-0.23392760783872804,0.05315186935610778,Accept,1.244115941340401,Accept,Accept,Accept,Accept,0.7007959526543778
0.8950492802536223,0.9821503442597579,0.11363376338727775,-0.02088202801514148,0.2588348497639833,Accept,"Z1, Z2, Z4",1.1913067483133486,0.11363376338727775,-0.027716983264458817,0.23741908422253738,Accept,1.2214236108104957,Accept,Accept,Accept,Accept,0.6948295022214194
0.9050505477621931,0.9883193718455258,0.0704782787768106,-0.1510157989736066,0.22775845238503428,Accept,"Z1, Z2, Z4",1.3184828923119585,0.0704782787768106,-0.12339144304907324,0.25591255672135776,Accept,1.2522411276266845,Accept,Accept,Accept,Accept,0.26220853299370234
0.8917435384754067,0.9534385058149281,0.1204957411022215,-0.1479964234670409,0.3068124895019988,Accept,"Z2, Z4",1.7976013162743707,0.1204957411022215,-0.06750371709084958,0.330957999633816,Accept,1.433900309475478,Accept,Accept,Accept,Accept,0.16919536796892792
1.1992482002043194,1.084760122028444,-0.21201753057049472,-0.3998098817458336,0.006794224312487076,Accept,"Z1, Z2, Z4",1.2665096269067282,-0.21201753057049472,-0.40427823597092494,-0.016534196880548704,Reject,1.361896354143664,Accept,Accept,Accept,Accept,0.9315846414440938
1.0253974200124543,0.9935127220740353,0.08415592084011728,-0.09670196100663198,0.28568886306507635,Accept,"Z1, Z2, Z4",1.8336337270462015,0.08415592084011728,-0.10860053837546964,0.2780771724818541,Accept,1.5692573159684378,Reject,Accept,Accept,Accept,0.5937077231788732
1.1774932652573402,1.1039553203312555,-0.1126901968485606,-0.324074798937698,0.07887859339460007,Accept,"Z1, Z2, Z4",1.1847659614221424,-0.1126901968485606,-0.30484013724534587,0.0917818362798778,Accept,1.383752829473933,Accept,Accept,Accept,Accept,0.2514522387081123
1.0211456244359618,0.953473562339082,0.050202607451943444,-0.08501441994773201,0.21781411427222666,Accept,"Z1, Z2, Z4",1.5682176691732326,0.050202607451943444,-0.10180776522902005,0.20382027527616758,Accept,1.410420607463962,Accept,Accept,Accept,Accept,0.5172126132366264
0.6247432658099441,0.8913470803156537,0.1667170264389133,-0.07246261916620744,0.3408607727127943,Accept,"Z1, Z2, Z4",1.3862570574218955,0.1667170264389133,-0.029707579283021666,0.36340826042685764,Accept,1.5140188112857655,Accept,Accept,Accept,Accept,0.5380408462009899
0.8437523121486435,0.995339918611151,0.08280035806775608,-0.1092903407906814,0.22698219940313452,Accept,"Z1, Z2, Z4",1.2321088274859398,0.08280035806775608,-0.08142975288755983,0.25121797151615405,Accept,1.2362877570772235,Accept,Accept,Accept,Accept,0.7930935346756781
0.9686301162322457,0.9368031890990113,0.03866686103121274,-0.11013074529249925,0.18429388695051124,Accept,"Z1, Z2, Z4",1.479907471299374,0.03866686103121274,-0.10231476872189389,0.18820328903022632,Accept,1.2840893094573977,Accept,Accept,Accept,Accept,0.5594111760290363
0.8557850207840252,0.9420306227894601,0.03649704527896024,-0.1655532022533631,0.14306162831642677,Accept,"Z1, Z2, Z4",1.0714192264615845,0.03649704527896024,-0.11962703037687425,0.19199626762850247,Accept,1.050647277442204,Accept,Accept,Accept,Accept,0.6069362540325826
0.7257486684574883,0.9363443559064754,0.1429615249357961,-0.020940868238106106,0.28159874674764007,Accept,"Z1, Z2, Z4",1.3564284742948436,0.1429615249357961,-0.009853573551974928,0.2839378805580082,Accept,1.5782405152318189,Accept,Reject,Accept,Accept,1.0630903904613551
1.1135533607080588,0.9984809665442671,-0.0012685150885910607,-0.14839005246224515,0.17389984966118546,Accept,"Z1, Z2, Z4",1.4801237205967066,-0.0012685150885910607,-0.17501622510615292,0.16432508987357364,Accept,1.4864701000021052,Accept,Accept,Accept,Accept,0.6451418968589017
1.058231804697078,1.0146516061322732,0.03786201744781238,-0.11027795273540696,0.24083059157423348,Accept,"Z1, Z2, Z4",1.863702251010771,0.03786201744781238,-0.1457171006863372,0.2115611453664593,Accept,1.6337289666215349,Accept,Accept,Accept,Accept,1.1282209404895533
0.9887192213746425,0.9697595521060448,-1.90229326192248e-4,-0.27668318379628626,0.09601201410421989,Accept,"Z1, Z2, Z4",1.8829567181382219,-1.90229326192248e-4,-0.1836448012027638,0.17771457573451535,Accept,1.7303667621530743,Accept,Accept,Accept,Accept,0.578226638713196
1.0994721940469263,1.095957049177743,-0.06706291130420683,-0.2543398976652951,0.09474461020034436,Accept,"Z1, Z2, Z4",1.3582652683961314,-0.06706291130420683,-0.2395359459676311,0.11719676529856284,Accept,1.2864379322628752,Accept,Accept,Accept,Accept,0.8223330617373923
1.096286434939894,1.0457129116717014,-0.06328262857807004,-0.25708500785026783,0.13531949543697708,Accept,"Z1, Z2, Z4",1.595779839713967,-0.06328262857807004,-0.2628331963008576,0.11993721056790752,Accept,1.4699020819021549,Accept,Accept,Accept,Accept,0.6759463875221089
0.8641828036202098,1.031402591529811,-0.11497080077855613,-0.26722925496093064,0.12161157253826958,Accept,"Z1, Z2, Z4",1.685165362746738,-0.11497080077855613,-0.2868026867846815,0.05142162596623125,Accept,1.718681023788687,Accept,Accept,Accept,Accept,0.9198187359967659
0.9200278285121799,0.9060871179714831,0.03044808155645933,-0.08793751336764924,0.27253915968463516,Accept,"Z1, Z2, Z4",1.5919243076688707,0.03044808155645933,-0.12832043013875802,0.19793005515086814,Accept,1.3836524138096196,Accept,Accept,Accept,Reject,1.359877117762142
0.9056985415746298,1.0609675779925276,-0.05099807858907208,-0.2624289702842153,0.17222110746307523,Accept,"Z1, Z2, Z4",1.1347459558582491,-0.05099807858907208,-0.25833534267664454,0.16263827864658645,Accept,1.2198061785729137,Accept,Accept,Accept,Accept,0.8403006897777439
0.8100776531653856,0.9550863184796823,0.06078280934021354,-0.10263777395911075,0.22823395889471526,Accept,"Z1, Z2, Z4",1.7278282151230568,0.06078280934021354,-0.10920415204894313,0.2323856653364824,Accept,1.560637796957848,Accept,Accept,Accept,Accept,1.0240825137126286
0.9175432916749194,0.9406403231167508,0.13004333296340853,-0.044189265022546574,0.3675750727455074,Accept,"Z1, Z2, Z4",1.4026453862794874,0.13004333296340853,-0.07348112884497937,0.3253437797120662,Accept,1.4162977010997957,Reject,Accept,Accept,Accept,0.729932995111049
1.1305611548736725,1.0617865979984142,-0.05550119314591459,-0.40230606609546254,0.07474816265224746,Accept,"Z1, Z2, Z4",1.6742427801638025,-0.05550119314591459,-0.29190143910479616,0.17745772352242245,Accept,1.647437660536273,Accept,Accept,Accept,Accept,0.9801220518448815
0.8241675718818858,0.9655012131507195,0.09679949356027233,-0.08398827863568503,0.2864947982351238,Accept,"Z2, Z4",2.060847354296071,0.09679949356027233,-0.07229901839015117,0.26466397149556564,Accept,1.694394997916088,Accept,Accept,Accept,Accept,0.7121078183543247
0.9974227052280943,0.9992678267798877,0.018392001522867928,-0.22772853423502765,0.15018388429393062,Accept,"Z1, Z2, Z4",1.244425930882533,0.018392001522867928,-0.14842737556310998,0.2031264822154369,Accept,1.4760205689715067,Accept,Accept,Accept,Reject,1.0705702178672498
0.7916965060719034,0.99473559106557,0.017203859954976013,-0.16950712842725785,0.17672248704813961,Accept,"Z1, Z2, Z4",1.0616349025138918,0.017203859954976013,-0.13444049908284955,0.18238044090607589,Accept,1.2316776721968759,Accept,Accept,Accept,Accept,0.450504005709108
0.8979798446038848,0.892736784617556,0.05850467996987908,-0.06180604677048882,0.28117422744960235,Accept,"Z1, Z2, Z4",1.5262112642831485,0.05850467996987908,-0.11382621255187211,0.23310362657940448,Accept,1.4291619708814773,Accept,Accept,Accept,Accept,0.5589095652682716
0.9090240507696092,1.0080088861521048,0.09287439726661503,-0.09007590306560684,0.2944687963285515,Accept,"Z1, Z2, Z4",1.5703755581901382,0.09287439726661503,-0.09415665514987846,0.2835125129446928,Accept,1.6546422254505133,Accept,Reject,Accept,Accept,0.9001818454783556
0.9715026597094486,0.9461973731460326,0.11257243459921198,-0.08038765672469178,0.29269220380892264,Accept,"Z1, Z2, Z4",0.9783883318007952,0.11257243459921198,-0.08707065048166085,0.3103816648394885,Accept,1.2297114010746972,Accept,Accept,Accept,Accept,0.48994184893323905
1.453526456952233,1.1962269292486853,-0.28549958980381235,-0.5641521646167736,-0.23035534827710508,Reject,"Z1, Z2, Z4",1.3030969517691167,-0.28549958980381235,-0.45940273154103317,-0.1133923594458093,Reject,1.3340768347024587,Reject,Reject,Reject,Accept,0.8817328451564156
0.8879416975014621,0.9735689436210094,0.06492041856525625,-0.1377172399631806,0.21267053815574188,Accept,"Z1, Z2, Z4",1.4677224912624556,0.06492041856525625,-0.11216446235819535,0.2357524623383306,Accept,1.4126846226712246,Accept,Accept,Accept,Accept,0.3480495559320797
1.1294682677964034,1.0863219355518432,-0.15352344740645937,-0.33082217687529436,0.05291091542468004,Accept,"Z1, Z2, Z4",1.4938758821746319,-0.15352344740645937,-0.346350823120037,0.033215963695075845,Accept,1.4760244010897745,Accept,Accept,Accept,Accept,0.6038791613804497
1.1033826085800393,0.975474271279034,0.10953135388870991,-0.11850002927340836,0.23684583224100295,Accept,"Z1, Z2, Z4",1.6664527590157576,0.10953135388870991,-0.05763607227483242,0.27438970365974585,Accept,1.4911233143505498,Accept,Accept,Accept,Accept,0.8569021985154884
1.0757195045235477,1.0356483360006594,-0.04349000666050569,-0.18788679895520838,0.16406628830108275,Accept,"Z1, Z2, Z4",1.3974228539179288,-0.04349000666050569,-0.2077000646317006,0.11721859530676508,Accept,1.4430623567693501,Accept,Accept,Accept,Accept,0.8832092488208076
1.0279248405630894,1.0742547464841292,-0.036686124995856446,-0.27670420242254506,0.059724793383918,Accept,"Z1, Z2, Z4",1.278385668048842,-0.036686124995856446,-0.2018293862390281,0.13647902012893834,Accept,1.3776537423431827,Accept,Accept,Accept,Accept,0.29134460375210197
1.1469875003278078,1.0578297925823767,-0.054474989491026804,-0.18230776367412327,0.12577942989821606,Accept,"Z1, Z2, Z4",1.4055913227346386,-0.054474989491026804,-0.20839575160748175,0.09391422229907685,Accept,1.2854787800531329,Accept,Accept,Accept,Accept,0.4318776113648401
1.1097198008680433,0.9873111915788056,-0.06695179606857617,-0.23593174247309667,0.1440590338349237,Accept,"Z1, Z2, Z4",1.7238130559045366,-0.06695179606857617,-0.24055278706562216,0.11375991084456347,Accept,1.4395283953301372,Accept,Accept,Accept,Accept,0.651964354081988
0.8039952378116572,0.9137820194933364,0.0765569604178317,-0.0675722331687521,0.3085353481686067,Accept,"Z1, Z2, Z4",1.6575270129025064,0.0765569604178317,-0.10289995335860624,0.28040373793784945,Accept,1.5125468660913328,Accept,Accept,Accept,Reject,1.4043922042938939
1.040167985324388,1.1360202245290418,-0.08192145112536217,-0.310642720591188,0.13543953356215838,Accept,"Z1, Z2, Z4",1.3143562632482662,-0.08192145112536217,-0.3054666052844959,0.11978606190223501,Accept,1.3744078847016583,Accept,Accept,Accept,Accept,0.5907863873543657
1.0377435642646327,0.9864133634800829,0.07344647611270436,-0.24332913361987502,0.12860004048355153,Accept,"Z1, Z2, Z4",1.4512921342685658,0.07344647611270436,-0.11349183697088769,0.2570344927327651,Accept,1.251363670304853,Accept,Accept,Accept,Accept,0.7906941787935242
1.1495713289259921,0.9805635010442443,-0.005985198181227346,-0.21110951922962834,0.12980589112570481,Accept,"Z1, Z2, Z4",1.3243596423941801,-0.005985198181227346,-0.1682557049051505,0.15808273532513423,Accept,1.15064937530497,Accept,Accept,Accept,Accept,0.75058621615415
1.1526633328368454,1.0119458613571415,-0.033263110420964734,-0.20292571095741252,0.11041189570246782,Accept,"Z1, Z2, Z4",1.5960254312395321,-0.033263110420964734,-0.18282435926833665,0.11985459399008638,Accept,1.5412037299116401,Accept,Accept,Accept,Accept,0.7319328673392022
0.9005253792782121,0.9883682013072145,0.04257191510307826,-0.12775387613345024,0.2688462942810254,Accept,"Z1, Z2, Z4",1.6314067107844468,0.04257191510307826,-0.15580112099012822,0.22782171564277334,Accept,1.746883644557682,Accept,Accept,Accept,Accept,0.8405325922773753
0.898595523796193,0.9865288486124668,0.03694886305887613,-0.11164997385889266,0.27392982136369126,Accept,"Z1, Z2, Z4",1.77232120872193,0.03694886305887613,-0.1432503866021005,0.23099137351620203,Accept,1.4868770669689126,Accept,Accept,Accept,Accept,0.4477283073147485
0.6582062449918147,0.797878461199712,0.18796831136354977,0.04083473633995463,0.4115271346893026,Reject,"Z1, Z2, Z4",1.3552819596434644,0.18796831136354977,0.01243986944953838,0.3577656957738273,Reject,1.297785519344727,Reject,Reject,Reject,Accept,0.18690552420161635
0.9713696685470813,0.9735904482371517,0.04679595780684799,-0.17841933893158163,0.2101037407539092,Accept,"Z1, Z2, Z4",1.432947717255456,0.04679595780684799,-0.15020016566272631,0.2559685679430568,Accept,1.3976767077806815,Accept,Accept,Accept,Accept,0.8162609074309871
0.8608302597827113,0.9322975896894509,0.024981071148692646,-0.10266392232835145,0.2034427880324711,Accept,"Z1, Z2, Z4",1.7783017244935018,0.024981071148692646,-0.14925431758992913,0.1868736815835843,Accept,1.5557324835522188,Accept,Accept,Accept,Accept,0.3724999813395732
0.953797479789216,1.0082118699151872,-0.058631631560288805,-0.2199152703472465,0.09779525001134391,Accept,"Z1, Z2, Z4",1.3360152118047994,-0.058631631560288805,-0.21083457367768002,0.08157418274700604,Accept,1.2435274233585816,Accept,Accept,Accept,Accept,0.835970844445614
1.2130592232053736,1.1305357312770297,-0.16110728173794142,-0.41945078339566594,-0.01697931073394758,Reject,"Z1, Z2, Z4",1.844201621377668,-0.16110728173794142,-0.3529535524357921,0.029008665276905266,Accept,1.7459952715281202,Accept,Accept,Accept,Accept,0.9512693732570949
1.1002231407256333,1.03119789018123,-0.13029800626649304,-0.3503099211261082,-0.021141200765790746,Reject,"Z1, Z2, Z4",1.5724085987996081,-0.13029800626649304,-0.2885338416442933,0.04124389869297916,Accept,1.4362982433000173,Reject,Accept,Accept,Accept,0.4457293819989734
0.855890788408045,1.0046015038206084,1.8672420604242171e-4,-0.19405602013027443,0.10716635814734768,Accept,"Z1, Z2, Z4",1.3177465607713617,1.8672420604242171e-4,-0.14374574738544657,0.1519490754247138,Accept,1.3020728547346614,Reject,Accept,Accept,Accept,0.3199129308655423
0.8922844543469061,0.9431132623318863,0.14116774096884188,0.01430965529947504,0.41992954359907364,Reject,"Z1, Z2, Z4",1.6134702189551637,0.14116774096884188,-0.04532886387989316,0.3492605041897441,Accept,1.4659481774126066,Accept,Accept,Accept,Reject,1.1228388863497718
0.9700313901589314,0.9916885697723272,-0.09329250168810393,-0.2616727928934893,0.06327585715541408,Accept,"Z1, Z2, Z4",1.3533379279333206,-0.09329250168810393,-0.2551753144027198,0.08035033036804774,Accept,1.3292813732070203,Accept,Accept,Accept,Accept,0.11358581764794162
1.2293912508853075,0.9923635303694058,-0.0827708783074295,-0.24754469264782422,0.04195659762077844,Accept,"Z1, Z2, Z4",2.0638875607950395,-0.0827708783074295,-0.2327690734121517,0.05450762477743784,Accept,1.7102500877204223,Accept,Accept,Accept,Accept,0.3272119302386141
0.9681841159058417,1.0736520169058024,-0.1217130053840642,-0.20258443008643548,0.11634409663930975,Accept,"Z1, Z2, Z4",1.5457050234134977,-0.1217130053840642,-0.2871905297769745,0.041319293301456964,Accept,1.7667891909426305,Accept,Accept,Accept,Accept,0.4293365146088919
0.9373615455856588,0.9781707952629581,-0.03660194750569708,-0.24431326506145234,0.13519554854363675,Accept,"Z1, Z2, Z4",1.4190014677057396,-0.03660194750569708,-0.21697016838903502,0.16491714422850465,Accept,1.5131364654833355,Accept,Accept,Accept,Accept,1.0609794220979682
0.8174524749902611,0.9579504952707296,-0.01544771962597578,-0.14505396828580347,0.20165889575671608,Accept,"Z1, Z2, Z4",1.5847329011840947,-0.01544771962597578,-0.17783786420785525,0.13764478778672495,Accept,1.3224822320948613,Accept,Accept,Accept,Accept,0.40650826443277077
1.0314694277934895,0.9932305450482525,-0.11614004433416258,-0.2731557415376628,0.10011635655243231,Accept,"Z1, Z2, Z4",1.81363670354633,-0.11614004433416258,-0.27529405061531,0.05696872275342636,Accept,1.4917125700484832,Accept,Accept,Accept,Accept,0.4847960465159244
0.9571662891344719,0.9336049753112731,-0.08241533447746427,-0.19582237384418796,0.07151431396090771,Accept,"Z1, Z2, Z4",1.2939601392187203,-0.08241533447746427,-0.21054561089727816,0.05547527239105028,Accept,1.1367252359512954,Accept,Accept,Accept,Accept,1.2659834235297724
1.0204241392358213,1.0547829197542256,-0.008478268706808045,-0.13194999377332664,0.23871407356427832,Accept,"Z1, Z2, Z4",1.7878437338318607,-0.008478268706808045,-0.19023281921873547,0.18423533766536598,Accept,1.6603210060598834,Accept,Accept,Accept,Accept,0.39087423214353495
0.9642515742064659,1.00560720905675,0.039806504086315406,-0.14232728129919084,0.24861746376887622,Accept,"Z1, Z2, Z4",1.5912171258073187,0.039806504086315406,-0.13755544688452878,0.2196009836857727,Accept,1.544518481897431,Accept,Accept,Accept,Accept,0.6732942335584969
1.3070390930797104,1.0917066310613333,-0.1309072795871682,-0.3131269817521774,0.08811801188790207,Accept,"Z1, Z2, Z4",1.7550600968921228,-0.1309072795871682,-0.312765105928943,0.07176052312902309,Accept,1.5814413730004377,Accept,Accept,Accept,Accept,0.7399415325856656
1.2851241958294777,1.0956931563429866,-0.26639953126649935,-0.4401544563889002,-0.15609405071279586,Reject,"Z1, Z2, Z4",1.6164607792722125,-0.26639953126649935,-0.4074349158898245,-0.11858435743549921,Reject,1.549748126018653,Reject,Reject,Reject,Accept,1.4807820902533309
1.1148255061341261,0.9380298351847476,0.08249819003666312,-0.1007752095290741,0.16606539228455863,Accept,"Z1, Z2, Z4",1.3757440159317307,0.08249819003666312,-0.04912564437229832,0.20417456297170783,Accept,1.2786103465212235,Accept,Accept,Accept,Accept,0.9172503209012072
1.0299247159214828,0.9207424197901612,-0.0514689821158682,-0.16800796787026945,0.16003909811779282,Accept,"Z1, Z2, Z4",1.606390316119836,-0.0514689821158682,-0.22155949372882336,0.12521304453275542,Accept,1.5394679885685463,Accept,Accept,Accept,Accept,0.7289126305561743
0.961844780121828,1.0201137222837109,0.047099078822067014,-0.187474315476119,0.22023924727226654,Accept,"Z1, Z2, Z4",1.6059856693350527,0.047099078822067014,-0.14436406059203966,0.2478057046177543,Accept,1.3579194426753796,Accept,Accept,Accept,Accept,0.9038283486532838
1.039809704043197,1.050007393312077,-0.07948755789152846,-0.20462060997675097,0.12154201115224535,Accept,"Z1, Z2, Z4",1.7273075920049923,-0.07948755789152846,-0.2375696376621107,0.08368230416883221,Accept,1.4497334785323182,Accept,Accept,Accept,Accept,0.9672241680876942
0.8897877542113247,0.8937109087393589,0.0576282123314925,-0.13406485050971248,0.17678018948275037,Accept,"Z1, Z2, Z4",1.3231872796868414,0.0576282123314925,-0.10189144547026653,0.20930047127736925,Accept,1.1944799122472176,Accept,Accept,Accept,Accept,0.6437453707216227
1.0014091238919185,1.0641823649606714,0.022478493945350887,-0.18990310642245087,0.20847168856375026,Accept,"Z1, Z2, Z4",1.3340667762006606,0.022478493945350887,-0.17080582487159437,0.2049628344822244,Accept,1.3078140298636376,Accept,Accept,Accept,Accept,0.682998310172098
0.8000865313953437,1.0211257960476638,-0.0338786057139327,-0.18522230848914156,0.17412892130288005,Accept,"Z1, Z2, Z4",1.2461259409975316,-0.0338786057139327,-0.20969664219737352,0.14308960818223587,Accept,1.2418565358190063,Accept,Accept,Accept,Accept,0.897706719944199
0.9703195355144572,0.9403125148500355,0.07597835791523153,-0.11217880160697764,0.1859427867822549,Accept,"Z1, Z2, Z4",1.5503286299324381,0.07597835791523153,-0.07531573132375058,0.23270255609092746,Accept,1.6283987550661763,Accept,Accept,Accept,Accept,0.7395535303534064
1.253052493053539,0.9958909681740076,-0.07861392046265665,-0.20857694149634534,0.1329062177971791,Accept,"Z1, Z2, Z4",1.9398730654252214,-0.07861392046265665,-0.24527242746694802,0.09695732408526347,Accept,1.603857523756241,Accept,Accept,Accept,Accept,0.6867310961123589
1.140566970477985,0.9951271018385298,-0.043236933453929254,-0.2268262689717415,0.10916373922037176,Accept,"Z1, Z2, Z4",1.4109378135809922,-0.043236933453929254,-0.21067647553261015,0.13374754875891665,Accept,1.2798361149910036,Accept,Accept,Accept,Accept,0.4239958725499663
0.9190221594835978,0.9030009877262141,0.07702124980406612,-0.10783800245002532,0.28339806894379266,Accept,"Z1, Z2, Z4",1.4619263773423672,0.07702124980406612,-0.10861843231611876,0.2569887922965368,Accept,1.4861505502459884,Accept,Accept,Accept,Accept,1.0722650958121418
1.0005798482454726,0.9862640190997367,-0.08250096530886679,-0.26077780217755936,0.12040103288353278,Accept,"Z1, Z2, Z4",1.5250977633392555,-0.08250096530886679,-0.2803043937799956,0.09820804435718328,Accept,1.4508198879693948,Accept,Accept,Accept,Accept,0.5841313287319284
0.9307352624200953,0.9265003785555959,0.1502555539657382,-0.051157062466501854,0.2610626856876057,Accept,"Z1, Z2, Z4",1.4259929134997305,0.1502555539657382,-3.057278164164401e-4,0.2912409959920053,Accept,1.259364917921497,Accept,Accept,Accept,Accept,0.37193129496483573
1.175723048171369,0.9627276203310438,-0.14019813910844348,-0.2671428761958376,0.11539859380979377,Accept,"Z1, Z2, Z4",1.7673726902064866,-0.14019813910844348,-0.3304560874838743,0.050033200678206116,Accept,1.714443689318204,Reject,Accept,Accept,Accept,1.0067820217093477
1.2479607662159629,0.9123511383664882,0.023946912038581708,-0.16561135737911883,0.15975119080319694,Accept,"Z1, Z2, Z4",1.5577434030744308,0.023946912038581708,-0.14769487291677635,0.19553832328704507,Accept,1.326186913559729,Accept,Accept,Accept,Accept,0.24416730884880594
0.9292351408157808,0.9505846356187045,-0.07859086012597741,-0.18176316573676002,0.14660360393684893,Accept,"Z1, Z2, Z4",1.1740589882150594,-0.07859086012597741,-0.25079464945449986,0.08340296094341532,Accept,1.2504423873299657,Accept,Accept,Accept,Accept,0.7968930871490261
0.8001936427077407,0.994015904983677,0.08854580950363046,-0.07548587715172916,0.3138617670102278,Accept,"Z1, Z2, Z4",1.312752756185188,0.08854580950363046,-0.11089545018963637,0.2850859489510896,Accept,1.3893875776991116,Reject,Accept,Accept,Accept,0.7162802261326963
1.2291370910286865,1.0839602730391673,-0.008877125085820347,-0.28154513514746227,0.12722799037316712,Accept,"Z1, Z2, Z4",1.2661388497799977,-0.008877125085820347,-0.20427530244292244,0.17612115421300928,Accept,1.472963758594409,Accept,Accept,Accept,Accept,1.2592384331417956
1.244686964509461,1.0238940522159479,-0.231654739552786,-0.36989188127226363,0.020192733792780942,Accept,"Z1, Z2, Z4",1.4085972997775995,-0.231654739552786,-0.4203553999991399,-0.03281990397881002,Reject,1.4580064567054785,Accept,Accept,Accept,Accept,0.9279718459235684
1.3697233373351811,1.1277231090945423,-0.2666411889076589,-0.4905231774936663,-0.14340762287895903,Reject,"Z1, Z2, Z4",1.854374917227564,-0.2666411889076589,-0.4411562246862945,-0.08722281645800885,Reject,1.7699649793341539,Reject,Reject,Accept,Accept,0.8072690124042834
1.1100556064594649,1.031915281531698,-0.12331592907571508,-0.2832583883850828,0.13543578410615267,Accept,"Z1, Z2, Z4",1.4410782487906288,-0.12331592907571508,-0.31953762741232317,0.06952897512660255,Accept,1.4830465979042016,Reject,Accept,Accept,Accept,1.1973457946381696
1.0811941346355196,1.0440962110596752,-0.153705676892216,-0.3248380937813207,-0.02571067849493015,Reject,"Z1, Z2, Z4",1.3696797784481944,-0.153705676892216,-0.29465960101150934,-0.005609689881350967,Reject,1.5306738226206285,Reject,Accept,Accept,Accept,0.15815114806034355
1.0824107239907808,1.0480978415665232,0.01766349624616364,-0.2738243321406574,0.1033878358082655,Accept,"Z1, Z2, Z4",1.5529194268032132,0.01766349624616364,-0.1655923472667473,0.20785780278556948,Accept,1.3204932702853571,Accept,Accept,Accept,Accept,0.5069029780183457
0.8906597976827665,0.9374169212682721,-0.012065672384593778,-0.1411146342106798,0.1663495007436495,Accept,"Z1, Z2, Z4",1.4033153749452039,-0.012065672384593778,-0.16713583385843317,0.14425692249474953,Accept,1.2573503704036246,Reject,Accept,Accept,Reject,1.4880157828432625
1.3011371885276766,0.9858639302536776,-0.10266240095680823,-0.2936721668372936,0.029186091660948026,Accept,"Z1, Z2, Z4",1.423623569353082,-0.10266240095680823,-0.27356014140918294,0.06192509075915202,Accept,1.334638587655453,Accept,Accept,Accept,Accept,0.5759613051151132
1.0418810494445954,1.0438103664912026,-0.01390268964571234,-0.2609711696703709,0.14013238603021944,Accept,"Z1, Z2, Z4",1.543891341611862,-0.01390268964571234,-0.20524503445446424,0.16443460175809008,Accept,1.5232350396842815,Accept,Accept,Accept,Accept,0.5043641443564395
0.8213165554302653,1.0076339727837738,0.12714385222725785,-0.042516692594188575,0.2802469722174676,Accept,"Z1, Z2, Z4",1.3198629639158228,0.12714385222725785,-0.022165264492401235,0.2836653031947026,Accept,1.406428009612894,Accept,Reject,Accept,Accept,0.3599028861950709
0.8037580339666321,1.0859958490610873,0.09072807100632199,-0.15686764985729168,0.33446762623148224,Accept,"Z1, Z2, Z4",1.3052721187245735,0.09072807100632199,-0.14305441932722401,0.3409672715443054,Accept,1.3319563906207494,Accept,Accept,Accept,Accept,0.4230243783618375
0.898048820025195,1.0343770723099315,-0.11994131753454969,-0.23671425610709906,0.09241167092435044,Accept,"Z1, Z2, Z4",1.4330485356279639,-0.11994131753454969,-0.28536196104878103,0.04319539923194634,Accept,1.3151230244565397,Accept,Accept,Accept,Accept,0.6063259823335483
1.0876110589998793,0.9949485394007287,0.059509037233235224,-0.07237350690088382,0.25970300052721457,Accept,"Z1, Z2, Z4",1.905038043515524,0.059509037233235224,-0.11010509550949904,0.22926919470904833,Accept,1.6965791755052353,Reject,Reject,Accept,Accept,0.8507268283824786
1.0527062273140104,1.043395155829988,0.021353606269245883,-0.1616988454958816,0.15962232811431526,Accept,"Z1, Z2, Z4",1.2966474523795093,0.021353606269245883,-0.14682681294325875,0.18143302600182457,Accept,1.3981697592957607,Accept,Accept,Accept,Accept,0.778961411226444
1.0402412401328973,1.0370197815899214,-0.0139694437669416,-0.20919378968729624,0.18063290702224008,Accept,"Z1, Z2, Z4",1.7645801369161487,-0.0139694437669416,-0.21259656643309646,0.1845086364234461,Accept,1.5584835245257562,Accept,Accept,Accept,Reject,1.2961118462005141
0.9674165050104425,1.0981494942697005,-0.10582547062106194,-0.29852452006579877,0.06995882556917245,Accept,"Z1, Z2, Z4",1.462253378878464,-0.10582547062106194,-0.2892985169479614,0.0736823305672382,Accept,1.3292155364706297,Accept,Accept,Accept,Accept,0.4752546259512389
1.1859044967902572,1.0721255984889426,-6.130117805237988e-4,-0.22132450594142689,0.11954640136936828,Accept,"Z1, Z2, Z4",1.4751544074501077,-6.130117805237988e-4,-0.15842811195403567,0.17348126244085013,Accept,1.4450766603407528,Accept,Accept,Accept,Accept,0.7924668923940767
0.9400018788423979,1.049136119360666,-0.10156526823973516,-0.2978528400767257,0.0566133282567772,Accept,"Z1, Z2, Z4",1.5466120459763046,-0.10156526823973516,-0.2819839602611185,0.07606107639854644,Accept,1.479272728799546,Accept,Accept,Accept,Accept,0.4147440595520459
1.0137032289748376,1.0216752493790173,-0.13911901570342025,-0.19675314853795906,0.10801978626299849,Accept,"Z1, Z2, Z4",1.5277303212872024,-0.13911901570342025,-0.2789601382759595,-0.001374151002943129,Reject,1.5352600448152782,Accept,Accept,Accept,Accept,0.6528165303751118
0.880696557337644,0.9617128606806385,0.13916734206291942,-0.07567521233579598,0.33499521327542847,Accept,"Z1, Z2, Z4",1.580951413118999,0.13916734206291942,-0.066508000034568,0.36018980156791036,Accept,1.5266046536695734,Accept,Accept,Accept,Accept,0.9706686166971285
1.281891865129706,1.1085604203263368,-0.18447755069016142,-0.3641171649338314,-0.06954816345080483,Reject,"Z1, Z2, Z4",1.407149521408434,-0.18447755069016142,-0.3299652056282573,-0.02915316527391892,Reject,1.488628965027049,Reject,Reject,Accept,Accept,1.0514046223210374
0.9426579349122721,1.0574867006807784,0.039640218493244214,-0.2345643421249506,0.25903713255386474,Accept,"Z1, Z2, Z4",1.5098944537322274,0.039640218493244214,-0.1846996696741307,0.277306025634221,Accept,1.4046028607953358,Accept,Accept,Accept,Accept,0.7012331555311653
1.065626260947495,1.0014997156256196,-0.048876800398611996,-0.2525008337563151,0.16611614725272522,Accept,"Z1, Z2, Z4",1.3421526065116691,-0.048876800398611996,-0.2490774685387237,0.14532911436027002,Accept,1.3031691863357964,Accept,Accept,Accept,Accept,0.9568519294397894
0.9580574729955553,0.9965125732501188,-0.006459861150386884,-0.17075655130119474,0.19412122748138572,Accept,"Z1, Z2, Z4",1.4433135604530065,-0.006459861150386884,-0.17474925601066565,0.17103804854472437,Accept,1.3408335006363634,Accept,Accept,Accept,Accept,0.714746026524423
1.0977405481544122,0.9538398317763773,-0.04324080108156285,-0.28491938663844163,0.15089798115721675,Accept,"Z1, Z2, Z4",1.6608902188671095,-0.04324080108156285,-0.2520708392908805,0.15546842298211389,Accept,1.590556808771093,Accept,Accept,Accept,Accept,0.7821698787301646
0.9226460967517202,1.047765830279283,-0.006203182485462458,-0.2131218374044306,0.15192082272901833,Accept,"Z1, Z2, Z4",1.3827858404099456,-0.006203182485462458,-0.1839298965167395,0.1680545761591606,Accept,1.4158553178691868,Accept,Accept,Accept,Accept,0.6979501623621293
0.7869951689446223,0.9806985933743929,-0.0048236484204914375,-0.09236611846802545,0.22092008089280474,Accept,"Z1, Z2, Z4",1.5112200947933263,-0.0048236484204914375,-0.16619121820008728,0.15260546987098345,Accept,1.483973203489775,Reject,Accept,Accept,Accept,1.191383341693724
0.758427578094361,0.9765221100875626,0.012267227018962427,-0.12042133812532199,0.17796985676730276,Accept,"Z1, Z2, Z4",1.1712696871403288,0.012267227018962427,-0.14328645803401446,0.15308653964794983,Accept,1.1570840458330613,Accept,Accept,Accept,Reject,1.0544529634543325
0.9847087265359712,1.0214178803027916,-0.027217880535370158,-0.2204934516376486,0.11560787666689878,Accept,"Z1, Z2, Z4",1.1255909382484057,-0.027217880535370158,-0.18096566955619187,0.1300134620823526,Accept,1.2447705805027953,Accept,Accept,Accept,Accept,0.7469380473106462
1.088663087224149,1.0221500934689507,-0.1127241198706163,-0.22454586142916194,0.07267798637267939,Accept,"Z1, Z2, Z4",1.679887937091099,-0.1127241198706163,-0.2547046399537036,0.03953766199044173,Accept,1.365890949667165,Accept,Accept,Accept,Accept,1.156601508978443
1.340662490974447,1.0957776860061257,-0.1807879155899454,-0.32422191833947356,-0.05537924170855305,Reject,"Z1, Z2, Z4",1.4359557667785634,-0.1807879155899454,-0.3080852753451081,-0.04794322266854748,Reject,1.4434991217558226,Reject,Accept,Accept,Accept,0.6237623080404147
0.820724259906392,1.0274488024977149,-0.005139777234708713,-0.19462164552659822,0.15326974576013536,Accept,"Z1, Z2, Z4",1.1902938417631397,-0.005139777234708713,-0.1735211048768844,0.17415026754550653,Accept,1.3379581286030378,Accept,Accept,Accept,Accept,0.4150000491024799
0.8584891769955371,0.9553897903129905,0.05551517788358153,-0.11815833833913664,0.19618964262362698,Accept,"Z1, Z2, Z4",1.5973255200319207,0.05551517788358153,-0.08967295103212439,0.2107958247498018,Accept,1.7006631421341851,Accept,Accept,Accept,Accept,1.03647099940637
1.043895577186235,1.0310078602850035,-0.036109696032135236,-0.2107006732368354,0.12881451719193743,Accept,"Z1, Z2, Z4",1.5918785632161978,-0.036109696032135236,-0.20357911398442124,0.13303689568265248,Accept,1.2825414873640546,Accept,Accept,Accept,Accept,0.1167183754319202
1.1475126716198705,1.0674798937433534,-0.10266219576157719,-0.20941108144916296,0.12030392557934208,Accept,"Z1, Z2, Z4",1.3169411367395012,-0.10266219576157719,-0.27624882071995066,0.06583947310139798,Accept,1.2031756445171897,Accept,Reject,Accept,Accept,0.2881150866352054
0.828083482287879,0.944515568046386,0.042253190566861616,-0.11746945523098544,0.29825013167150277,Accept,"Z1, Z2, Z4",1.6061068714128504,0.042253190566861616,-0.1466419899304134,0.21889673641344568,Accept,1.4557112309262654,Accept,Accept,Accept,Accept,0.43307969051493306
1.015032917750167,1.0407900538825154,-0.035096419564046966,-0.21169899321945912,0.17784105898956848,Accept,"Z1, Z2, Z4",1.625247304620965,-0.035096419564046966,-0.22552574564563607,0.14217496941935845,Accept,1.4339663811510417,Accept,Accept,Accept,Accept,0.42415299015103686
0.9963956257572935,0.9758859189355672,-0.04554178575472687,-0.1969878043740066,0.19578215945916136,Accept,"Z1, Z2, Z4",1.1947230932418202,-0.04554178575472687,-0.24436376087768436,0.13793172188254524,Accept,1.2456750816841176,Accept,Accept,Accept,Accept,1.0041696969371146
1.1725210894003564,0.979652592115796,-0.13965036550439344,-0.24494486563624784,0.07961889938823594,Accept,"Z1, Z2, Z4",1.5170146595633967,-0.13965036550439344,-0.3009944143982241,0.021441500784545348,Accept,1.4502920145524945,Accept,Accept,Accept,Accept,1.0147802391557117
1.267720328332988,1.152060214127239,-0.24971466560120714,-0.4527965383254807,-0.046280451361368796,Reject,"Z1, Z2, Z4",1.1608673655348778,-0.24971466560120714,-0.44846322988085047,-0.054814426037031544,Reject,1.257563156858282,Reject,Reject,Accept,Accept,0.7588887467024622
0.9687607687474609,0.9701536301051744,0.07945550646301047,-0.07264101768989936,0.23913188410138253,Accept,"Z1, Z2, Z4",1.631097046536749,0.07945550646301047,-0.07487696883768327,0.23564644117041167,Accept,1.7001973262496355,Accept,Accept,Accept,Accept,1.202288130749313
0.7892093949314243,0.9970566399735887,0.04663602123788128,-0.09521612996893533,0.2859543937592279,Accept,"Z1, Z2, Z4",1.375611794441781,0.04663602123788128,-0.13503525444889528,0.2372234909403218,Accept,1.1527470442950618,Accept,Accept,Accept,Accept,0.7253431373687922
1.0989148268960054,1.1298316923346086,-0.13878646497846714,-0.3069743256703464,0.1378765110843313,Accept,"Z1, Z2, Z4",1.329271915319063,-0.13878646497846714,-0.32515583273642046,0.06416970094354571,Accept,1.4617441880453317,Accept,Accept,Accept,Accept,0.25277285572856184
1.111477441777805,0.9683346331317115,-0.04021602718230368,-0.1888388292833576,0.13596412425107812,Accept,"Z1, Z2, Z4",1.3148068527899173,-0.04021602718230368,-0.20598596763939211,0.11849978126707694,Accept,1.3372037754911785,Accept,Accept,Accept,Accept,0.30887097799753543
1.2608118283654886,1.0383795576785264,-0.09569534382481477,-0.3303977154105849,0.014450415238206143,Accept,"Z1, Z2, Z4",1.7376766797164276,-0.09569534382481477,-0.2507492480484524,0.07180557834346402,Accept,1.4252778371932846,Accept,Accept,Accept,Accept,0.8566330737291901
0.8158760206183654,0.9238390028218071,0.14107697833002422,-0.06850605613342989,0.3346167885407176,Accept,"Z1, Z2, Z4",1.5217686594196522,0.14107697833002422,-0.057211763034900026,0.33785467658656826,Accept,1.4379809875042378,Accept,Accept,Accept,Accept,0.47464306841565534
0.9964359523177132,0.981001570982222,-0.07105917730101495,-0.26714754832627535,0.09538852703643108,Accept,"Z1, Z2, Z4",1.3376077547962628,-0.07105917730101495,-0.24052262922909276,0.10597098492315477,Accept,1.3463876071795897,Accept,Accept,Accept,Accept,0.22546032092355917
1.1170908691821175,0.9843380505869748,-0.0012085161118714116,-0.16049808262844387,0.18102556097554284,Accept,"Z1, Z2, Z4",1.6663883384980824,-0.0012085161118714116,-0.17291546665803723,0.1614250350048094,Accept,1.7130022276137908,Accept,Accept,Accept,Accept,0.9527928700908286
1.0014115876097018,0.9526177289683381,-0.019822804827097442,-0.18605709974310616,0.1607250169186405,Accept,"Z2, Z4",1.523584186362397,-0.019822804827097442,-0.17390971017223386,0.1316674611719843,Accept,1.4788722949940862,Accept,Accept,Accept,Accept,0.22889286516873222
1.0559157116018418,0.9866290382340532,0.00607674063466889,-0.1733228000519572,0.180376307725967,Accept,"Z1, Z2, Z4",1.501981176050963,0.00607674063466889,-0.16534028640847398,0.18112702916366852,Accept,1.5228472435238092,Reject,Accept,Accept,Accept,0.527393338334595
1.3409878979120045,1.076603578200318,-0.18980162250394933,-0.38036473554505434,-0.0032262455555360225,Reject,"Z1, Z2, Z4",1.3707756015170298,-0.18980162250394933,-0.3624812670743199,-0.01156879507767121,Reject,1.593816657125012,Accept,Reject,Accept,Accept,1.109003103380763
0.8343127314457613,1.0343588336590948,-0.035943116513780744,-0.21595151823619405,0.21326455611439366,Accept,"Z1, Z2, Z4",1.3772882987632227,-0.035943116513780744,-0.24258078787284937,0.16532457248028304,Accept,1.511450422646958,Accept,Accept,Accept,Accept,0.5687947154545048
1.0280070720391237,1.0038560595968895,-0.02019855780734858,-0.2532459184348449,0.1566463177934124,Accept,"Z1, Z2, Z4",0.9773286859595024,-0.02019855780734858,-0.20555871517257707,0.1517488194665444,Accept,1.1534609788003516,Accept,Accept,Accept,Accept,0.7960239913403746
0.8698938683447786,1.0479398869663226,0.010307566965853651,-0.16580358899001188,0.2698353232768893,Accept,"Z1, Z2, Z4",1.4946786781692547,0.010307566965853651,-0.2093347942320274,0.21642141866850223,Accept,1.5085671962702258,Accept,Accept,Accept,Accept,0.14628694360347788
0.6924907849097304,0.9529897111658797,0.07543655029223639,-0.036396478852604885,0.28688071150026023,Accept,"Z1, Z2, Z4",1.138067798933424,0.07543655029223639,-0.07524938453036815,0.22273868883302436,Accept,1.2593690197842533,Accept,Accept,Accept,Accept,0.7457698627795513
1.176141400708745,1.1180633521188865,-0.15875850900652871,-0.39710267808081834,0.07603344330518347,Accept,"Z1, Z2, Z4",1.3262613843436892,-0.15875850900652871,-0.3483437907008888,0.04167658891578786,Accept,1.3888105881129778,Accept,Accept,Accept,Accept,0.6444108024379079
0.7624147279837128,0.9086617018889943,0.13364623511605736,-0.05188202334233889,0.3472781842310393,Accept,"Z1, Z2, Z4",1.2044880358562569,0.13364623511605736,-0.05322216613509677,0.31842596522789895,Accept,1.2729527668800669,Accept,Accept,Accept,Accept,0.6975448889552028
1.1498526669403626,0.9125824850918955,0.10072343003404396,-0.11242404140422975,0.20642384414008547,Accept,"Z1, Z2, Z4",1.829764216800028,0.10072343003404396,-0.0694164108131376,0.2609902293758729,Accept,1.7628679887161776,Accept,Accept,Accept,Accept,0.7906799718334419
0.984107446458298,1.0254273925166932,0.015149153514404849,-0.1404360696682207,0.18962083628358914,Accept,"Z1, Z2, Z4",1.6727334156487863,0.015149153514404849,-0.14700141992709834,0.18351803855019527,Accept,1.5884943669224334,Accept,Accept,Accept,Accept,1.218587396929366
1.0831568431950287,0.973319885651909,-0.03398690545916963,-0.18776667599085478,0.1342788710552427,Accept,"Z1, Z2, Z4",1.5502092988999676,-0.03398690545916963,-0.19945232532259494,0.13185626016901683,Accept,1.6784260121990413,Accept,Accept,Accept,Accept,0.258822861414948
0.7671874881744103,0.9129284573760869,0.013148166220185173,-0.11613613114195741,0.25591111250842763,Accept,"Z1, Z2, Z4",1.4354380115419216,0.013148166220185173,-0.14832186939791028,0.17115372873678109,Accept,1.5833632896637981,Accept,Accept,Accept,Accept,0.9373008879360575
0.8995004209324456,0.9910395759335294,-0.03831576809586191,-0.18437383792470047,0.11804571514708165,Accept,"Z1, Z2, Z4",1.3854570053881943,-0.03831576809586191,-0.20187006594712648,0.10948327073939984,Accept,1.3334302068245187,Accept,Accept,Accept,Accept,1.0648514251534809
0.7963378905080158,0.972740276386605,0.02469301928565788,-0.18263909557691407,0.22064658921351757,Accept,"Z1, Z2, Z4",1.3045537830686382,0.02469301928565788,-0.17135326712303534,0.22015952156351445,Accept,1.3829523266080717,Accept,Accept,Accept,Accept,0.9198380057030352
0.9654106716005425,0.9534191166868454,-0.061745463866815904,-0.2174384669570862,0.11194343995440356,Accept,"Z1, Z2, Z4",1.2627595876679494,-0.061745463866815904,-0.22711265396621463,0.10145355641806605,Accept,1.3231971091744195,Reject,Accept,Accept,Accept,0.9057549533869776
1.284024550058501,1.051113274691914,-0.13569067654365002,-0.3156002289531205,0.03447495966608849,Accept,"Z1, Z2, Z4",1.2367451815664934,-0.13569067654365002,-0.3169644561082094,0.03176857912462115,Accept,1.3656457070704309,Accept,Accept,Accept,Accept,0.2608689315555785
1.0325053090786585,1.0245951038486425,0.01488981944171393,-0.1853065614264432,0.15208736626800745,Accept,"Z1, Z2, Z4",1.4256645283428355,0.01488981944171393,-0.14127214641051783,0.18766560599385357,Accept,1.279391935331438,Accept,Accept,Accept,Accept,0.5371640027838602
1.1345555859710905,1.0349120360055502,-0.012429046089988178,-0.20965393952721012,0.16706777166494496,Accept,"Z1, Z2, Z4",1.658349563832835,-0.012429046089988178,-0.19570169042068591,0.17626504492421186,Accept,1.39901122347382,Accept,Accept,Accept,Accept,0.3559212202896163
1.0741748901263124,1.059810647695951,0.0069939514682510785,-0.22745499604590277,0.15893908233564602,Accept,"Z1, Z2, Z4",1.589470490065212,0.0069939514682510785,-0.17205561081595813,0.19265744988288808,Accept,1.2985039674830565,Accept,Accept,Accept,Accept,1.059353727499891
0.6218367781228192,0.8814179737621156,0.17626552456772845,0.02311944639755286,0.38393698498519835,Reject,"Z1, Z2, Z4",1.6294344737300976,0.17626552456772845,-0.007134824700637934,0.3490051310424348,Accept,1.5014225189656691,Accept,Accept,Accept,Accept,1.1644786968899858
1.135103255275844,1.0240047968897747,-0.03680356731492695,-0.22276280702150608,0.14337096485095807,Accept,"Z1, Z2, Z4",1.5033568107471027,-0.03680356731492695,-0.2055846110375364,0.13795981298720794,Accept,1.483639522771523,Accept,Accept,Accept,Reject,1.0237796185882082
0.9912617493756312,1.0387739315027416,-0.016880159087699777,-0.22673211320616057,0.10557998221356515,Accept,"Z1, Z2, Z4",1.7464690992997853,-0.016880159087699777,-0.18845300074768734,0.15024830103225847,Accept,1.531526905517013,Accept,Accept,Accept,Accept,0.5110423593900394
0.9362836343274478,1.1136625930700872,0.027299964988851507,-0.2794979127049051,0.11458767256955515,Accept,"Z1, Z2, Z4",1.6450253528524796,0.027299964988851507,-0.16314221664621312,0.22990118216781696,Accept,1.6069201113899214,Accept,Accept,Accept,Accept,0.3332534646746907
0.9458617085539011,0.964002569601687,-3.4175185942280224e-4,-0.1723090397033099,0.21672604356484387,Accept,"Z1, Z2, Z4",1.6417731503540498,-3.4175185942280224e-4,-0.17674213722316304,0.19047712111899462,Accept,1.6123496569742803,Accept,Accept,Accept,Accept,0.9108828898774266
0.9656387804135557,1.0178861486319561,-0.05661841468770815,-0.23096988296717647,0.049986275600481855,Accept,"Z1, Z2, Z4",1.3746018485444509,-0.05661841468770815,-0.20190570112019013,0.07940126229461007,Accept,1.106166635572844,Accept,Accept,Accept,Accept,0.9516371037083365
1.028853199411099,1.0094845053044847,0.03062819377442087,-0.14474182826115334,0.2126361566383972,Accept,"Z1, Z2, Z4",1.633125032688884,0.03062819377442087,-0.14373397784155542,0.19769469007167031,Accept,1.4992053373823881,Accept,Accept,Accept,Accept,0.8179433253744838
1.0975047503504372,1.0890594692872502,-0.188209592480528,-0.3208436942284777,0.016625129651567542,Accept,"Z1, Z2, Z4",1.4809546194356156,-0.188209592480528,-0.3396224621840229,-0.029039520953283715,Reject,1.5479410749532718,Accept,Accept,Accept,Accept,1.3933797051607548
1.2488545732089036,1.1218234495425088,-0.1041893213632408,-0.3851508175817035,-0.04758326311234966,Reject,"Z1, Z2, Z4",1.1737242655665616,-0.1041893213632408,-0.2732853225655464,0.05608780575809875,Accept,1.4355555659551353,Accept,Accept,Accept,Accept,0.380482018697062
0.9809763601975822,0.9581122151285486,0.04101115428749167,-0.11985232805258625,0.20560364603052533,Accept,"Z1, Z2, Z4",1.338600993136946,0.04101115428749167,-0.14052822749876165,0.20525326901823357,Accept,1.5420738305247892,Reject,Accept,Accept,Accept,0.4126469665640221
1.012517483815517,1.0145635195911147,0.04467813277534599,-0.11311392402593276,0.289398585186923,Accept,"Z1, Z2, Z4",1.5750456405204745,0.04467813277534599,-0.16022575030561104,0.25313052456523844,Accept,1.533754973190874,Accept,Accept,Accept,Accept,0.7139046374053489
0.8800788372021371,0.9182454021748803,0.07208883509206593,-0.06697947608680234,0.31023861975501926,Accept,"Z1, Z2, Z4",1.265445558467568,0.07208883509206593,-0.12417620135286267,0.2497099236565463,Accept,1.3466056728481397,Accept,Accept,Accept,Accept,0.6806379607757004
1.0718788459298665,1.01311658274338,-0.0219466934756441,-0.24085758645068733,0.13877251405810653,Accept,"Z1, Z2, Z4",1.7194664544859746,-0.0219466934756441,-0.20604630105661983,0.15978973978401295,Accept,1.6189587700215153,Accept,Accept,Accept,Accept,0.39598917463588373
0.8948791678013392,1.0038597705551515,0.05913603583281809,-0.15316449196570994,0.30892313421608625,Accept,"Z1, Z2, Z4",1.5181629037676045,0.05913603583281809,-0.16910479721802057,0.28246990406828265,Accept,1.5037116265239863,Accept,Accept,Accept,Accept,0.5836067183700908
1.0015369352898802,0.8594749678986444,0.05552387340958237,-0.1351864792386531,0.18715257078316835,Accept,"Z1, Z2, Z4",1.4148853472335146,0.05552387340958237,-0.11377685732501612,0.22221724104718374,Accept,1.3545817969294098,Reject,Accept,Accept,Accept,0.7823236612568094
0.8678180370014493,0.9622427744019377,0.08757234701502185,-0.052861977227723754,0.3433626476463427,Accept,"Z1, Z2, Z4",1.4724336792561803,0.08757234701502185,-0.10935065315661677,0.27476744769802847,Accept,1.4841442756071301,Reject,Accept,Accept,Accept,0.36810765403596796
1.1350011927205454,1.0091700305017344,-0.06778987142276084,-0.2724331131405915,0.1551504936958341,Accept,"Z1, Z2, Z4",1.546853384848447,-0.06778987142276084,-0.2722129683330009,0.14171982184241952,Accept,1.5165429801484474,Accept,Accept,Accept,Accept,0.3760763828750637
0.8693222903620003,0.9488963166617905,0.010268601640711824,-0.12324417202457458,0.14878265846759964,Accept,"Z1, Z2, Z4",1.3459944090170566,0.010268601640711824,-0.11295785990027757,0.13380013910661573,Accept,1.30371915396406,Accept,Accept,Accept,Accept,0.8170967704321068
0.9661018419815379,0.9196132776499881,0.004754356916061192,-0.1549405330399024,0.18773297426310956,Accept,"Z1, Z2, Z4",1.4642813729014756,0.004754356916061192,-0.15843171311953733,0.16946374284177118,Accept,1.3789353408400569,Accept,Accept,Accept,Accept,0.43090881627768474
0.7643603334271345,0.8741907340377477,0.041122908378964824,-0.08253308475319664,0.25068562262288124,Accept,"Z1, Z2, Z4",1.0220283725401338,0.041122908378964824,-0.1183737726869133,0.19487650250106844,Accept,1.1690112988516084,Accept,Accept,Accept,Accept,0.1306609519530876
0.9420427377986177,0.9789395726434565,-0.01354741217638097,-0.15732433257486975,0.18607923055372405,Accept,"Z1, Z2, Z4",1.5375517700809176,-0.01354741217638097,-0.18720043893580776,0.16222198450470166,Accept,1.3354605364496832,Reject,Accept,Accept,Accept,0.5521607146024172
1.029663163669149,1.0193759086781824,-0.07680058976440135,-0.20609242855108084,0.1933074368457915,Accept,"Z1, Z2, Z4",1.5680895167612048,-0.07680058976440135,-0.2583532446370845,0.09968358683838377,Accept,1.5222050131976175,Accept,Accept,Accept,Accept,0.48841069748699667
1.1111908333853078,1.036907270703037,-0.07374621489087743,-0.24441708725215477,0.11733600730423774,Accept,"Z1, Z2, Z4",1.3838016964725843,-0.07374621489087743,-0.2360997421375869,0.083532261933473545,Accept,1.3934282783350398,Accept,Accept,Accept,Accept,0.43926936199605016
1.2817170462808383,1.0617372627200625,-0.07902747545106327,-0.309650148740105,0.080233196663531,Accept,"Z1, Z2, Z4",1.7214990308777376,-0.07902747545106327,-0.26586830662923,0.12105856812950627,Accept,1.77648081370626,Accept,Accept,Accept,Accept,0.8028249234190962
0.905434206157197,1.0730651414982657,-0.048496477041018796,-0.3030205101266752,0.0385446773946065,Accept,"Z1, Z2, Z4",1.7537403456197294,-0.048496477041018796,-0.22675255283419898,0.1232101824235871,Accept,1.5310672620541452,Accept,Accept,Accept,Accept,0.9838800358184387
1.0684992310537422,1.0023052032014672,0.1012864728649859,-0.21674489034873035,0.21519041160956556,Accept,"Z1, Z2, Z4",1.5782921072464993,0.1012864728649859,-0.10147268331916989,0.29286183300152185,Accept,1.2866056173710028,Accept,Accept,Accept,Reject,1.2040606874803204
1.1658535138363681,0.9757964008760863,0.037353561854006616,-0.2491222008802587,0.11720291734236318,Accept,"Z1, Z2, Z4",1.9535891620478905,0.037353561854006616,-0.13827828220300203,0.212336092611235,Accept,1.748153032588041,Accept,Accept,Accept,Accept,1.4527722735113469
0.8520967983688278,0.9764760004937341,0.1341891620781687,-0.026701337608842926,0.3175882736162155,Accept,"Z1, Z2, Z4",1.5523277309359345,0.1341891620781687,-0.03283685855970052,0.3028413745468739,Accept,1.502262436527836,Reject,Accept,Accept,Accept,0.6594817722940921
0.8574956303083531,1.0600763115155671,0.01846465738616477,-0.24609066687188433,0.1492828049619923,Accept,"Z2, Z4",1.3599950540931007,0.01846465738616477,-0.1391826965902972,0.18228469704742697,Accept,1.095523694800094,Accept,Accept,Accept,Accept,0.4618144903833494
0.869934723495527,0.9039315598900485,0.058115211423342916,-0.135900259154187,0.2592474361231083,Accept,"Z1, Z2, Z4",1.0792081144340484,0.058115211423342916,-0.12820682599637026,0.23194252081898062,Accept,1.1882542765088069,Accept,Accept,Accept,Reject,0.9273683528111601
0.8491692528078206,0.9343383879919128,0.12755311077902098,-0.09958705701061772,0.2518199267777315,Accept,"Z1, Z2, Z4",1.5973268016295712,0.12755311077902098,-0.05223415967525975,0.30600032133741006,Accept,1.4344782923166608,Accept,Accept,Accept,Accept,0.9914929787927304
0.9471017636532284,0.981929784147321,0.13945315762545749,-0.05674197348012533,0.2652490244660454,Accept,"Z1, Z2, Z4",1.6613302751445471,0.13945315762545749,-0.008726909191236136,0.29383049302066655,Accept,1.3882004829437358,Accept,Accept,Accept,Accept,1.222356947427696
0.8619081473796958,0.9747184527842708,-0.04511327221393257,-0.2253276470114543,0.07930570528872627,Accept,"Z1, Z2, Z4",1.1011962388988927,-0.04511327221393257,-0.1888520516038853,0.11765847339175846,Accept,1.2485403307202716,Accept,Accept,Accept,Accept,0.5528187221405805
1.1485474819215415,0.9597808045078855,0.009303452087978835,-0.15648598520360463,0.16923120121438795,Accept,"Z1, Z2, Z4",1.5992506752127336,0.009303452087978835,-0.15784561490215054,0.17012324550237382,Accept,1.4512357574233663,Accept,Accept,Accept,Accept,0.8995193692556548
0.913012210934592,1.0399639425416194,-0.030548152883204737,-0.1727086994978103,0.1403898812545496,Accept,"Z1, Z2, Z4",1.2944118281175603,-0.030548152883204737,-0.19420831858994164,0.12560920350426577,Accept,1.1743887009800098,Accept,Accept,Accept,Accept,0.6225700994261589
1.1517019692541681,1.0085458682356867,-0.13800631401661964,-0.29429171145405997,0.031157184949458676,Accept,"Z1, Z2, Z4",1.5544981588932425,-0.13800631401661964,-0.2991838819360975,0.026438062266012047,Accept,1.5577239795166011,Accept,Accept,Accept,Accept,1.259893447151012
1.2087705793277816,1.1303423277409361,-0.20105948502635684,-0.38725591442189194,-0.06197336299670094,Reject,"Z1, Z2, Z4",1.3339748606555875,-0.20105948502635684,-0.3630190653020423,-0.03129464596515741,Reject,1.2635525669400425,Reject,Reject,Accept,Accept,0.3297556635730945
1.2454738726467585,1.1114075916818142,-0.13280299587609976,-0.27437012686236667,0.06231644892613243,Accept,"Z1, Z2, Z4",1.4791900395474573,-0.13280299587609976,-0.30413410468012736,0.045362255499373186,Accept,1.515028927619848,Accept,Accept,Accept,Accept,0.8939939303179673
0.720989740190232,0.8691114893079595,0.13661894843503422,-0.025747277026593178,0.3313587553866311,Accept,"Z1, Z2, Z4",1.4863662591179982,0.13661894843503422,-0.03743543437562607,0.3093290418628456,Accept,1.3739029982972266,Reject,Reject,Accept,Accept,0.3948019362001646
1.0346493826712337,0.9099195378601858,-0.03597600697665403,-0.13986716586791534,0.22553951713454257,Accept,"Z1, Z2, Z4",1.7252261963338307,-0.03597600697665403,-0.20854057825140665,0.14415514905437782,Accept,1.5451749083643338,Accept,Accept,Accept,Accept,0.9329398762536988
1.2654578270844687,0.9741863522232809,-0.075965779074568,-0.22377425801138123,0.09991735581284242,Accept,"Z1, Z2, Z4",1.4164348306697787,-0.075965779074568,-0.2375131478905736,0.1032146579870669,Accept,1.587743963741143,Reject,Accept,Accept,Accept,0.21969996855786592
1.0476787470756548,1.0292594793570433,0.055072226116135915,-0.11125316180570242,0.3182795506892803,Accept,"Z1, Z2, Z4",1.6494880636793963,0.055072226116135915,-0.16184731099580243,0.2566884374477188,Accept,1.6632367640507533,Accept,Accept,Accept,Accept,0.8499392705565737
1.2140621708967276,1.0515349625122932,-0.17779448555874006,-0.384752741277251,0.026362096968196955,Accept,"Z2, Z4",1.2453438072283172,-0.17779448555874006,-0.3437589541577071,0.009125450107120363,Accept,1.249619571785782,Accept,Accept,Accept,Accept,0.8913764758847683
0.9332901093795434,0.9779636407354281,0.14629994931209095,-0.1304666279441196,0.25957376631922596,Accept,"Z1, Z2, Z4",1.4353676030345524,0.14629994931209095,-0.044820584864778176,0.3461604206466985,Accept,1.3736259519118479,Accept,Accept,Accept,Accept,0.5531433820343492
0.825770257824149,1.0070791327736468,0.05702357914283848,-0.14577132541984134,0.25290488759302976,Accept,"Z1, Z2, Z4",1.4638128088921356,0.05702357914283848,-0.14015237525681315,0.25133089100740624,Accept,1.4096407811665719,Accept,Accept,Accept,Accept,1.0671566938339496
1.0174423992200872,1.0948865760399185,-0.0925563762660279,-0.2829025553550937,0.05578627156965291,Accept,"Z1, Z2, Z4",1.6323715394914629,-0.0925563762660279,-0.2583519498452595,0.06653689885982558,Accept,1.3549991954400684,Accept,Accept,Accept,Accept,0.4490444361109589
0.9087763807004253,0.9462723868510394,0.10016637481368978,-0.13327730978441113,0.22796746921411418,Accept,"Z1, Z2, Z4",1.9260585534789902,0.10016637481368978,-0.08257707846734821,0.27089636971034414,Accept,1.6625001501811434,Accept,Accept,Accept,Reject,1.1261393366466355
1.1045870914639997,1.0359233933826362,-0.0186111107044245,-0.23604002784133918,0.14235066469434435,Accept,"Z1, Z2, Z4",1.9064780260257348,-0.0186111107044245,-0.19347296140664644,0.1625014773888711,Accept,1.5802074351802906,Accept,Accept,Accept,Accept,0.6533589508175328
0.9312670198069795,0.9056214395320002,0.03741082504571673,-0.053012434196239556,0.24863297477950408,Accept,"Z1, Z2, Z4",1.3707624295814733,0.03741082504571673,-0.1139877684279213,0.18380404074101675,Accept,1.341346149697425,Reject,Accept,Accept,Accept,0.9831347319721566
1.0465296952707273,1.0259234195534228,-0.1162717815844689,-0.2678472087862647,0.05160190685345742,Accept,"Z1, Z2, Z4",1.265360467667837,-0.1162717815844689,-0.2756753247470469,0.05189991123786629,Accept,1.2448808745024147,Accept,Accept,Accept,Accept,1.3153859907691474
0.8431567745520495,0.9060274653833885,0.05025948853862591,-0.06913498280308586,0.2134066707069967,Accept,"Z1, Z2, Z4",1.3560377052678925,0.05025948853862591,-0.08736359024588344,0.18751169855878094,Accept,1.310576957689141,Accept,Accept,Accept,Accept,1.1026323846079458
1.1354134548095765,1.0110404837216938,-0.13632119866432293,-0.20938130256044188,0.14486104789933418,Accept,"Z1, Z2, Z4",1.4651497800177853,-0.13632119866432293,-0.3161053548442866,0.03660505424773988,Accept,1.5342123980698792,Accept,Accept,Accept,Accept,1.147412312420512
1.0985746498712927,0.9825259228383761,0.048463851529596494,-0.15127009483225523,0.1903565707484915,Accept,"Z1, Z2, Z4",1.7480222891534896,0.048463851529596494,-0.12281413222753529,0.22538472292089307,Accept,1.9242769562776347,Accept,Accept,Accept,Accept,1.0710157449886055
0.527051028408162,0.8959495838033339,0.23206070887877148,0.07274650301395083,0.5148844380629611,Reject,"Z1, Z2, Z4",1.4338833688161394,0.23206070887877148,0.02966480851083317,0.4534661737485411,Reject,1.5738502718900635,Accept,Accept,Accept,Accept,0.7415397454549199
0.8305586323143476,1.017587134520015,0.05449039429363658,-0.13893121837360395,0.28637182640173453,Accept,"Z1, Z2, Z4",1.8963702289052464,0.05449039429363658,-0.15892329955281842,0.24746035797181654,Accept,1.567447340521394,Accept,Accept,Accept,Accept,0.5707640132577397
0.9550504630812114,0.9559220103699804,0.09919984419838734,-0.08651755288660312,0.25884512069377574,Accept,"Z1, Z2, Z4",1.9793284051956066,0.09919984419838734,-0.07148071440948621,0.2664261479671781,Accept,1.6200160120977687,Reject,Accept,Accept,Accept,1.1844838250550929
1.0042692874643497,0.9909503722829596,-0.10512126221812679,-0.23630746281658555,0.09976690017145372,Accept,"Z1, Z2, Z4",1.6424932283226794,-0.10512126221812679,-0.27358527835563645,0.06885382497996878,Accept,1.5205803154187805,Accept,Accept,Accept,Accept,0.8604211868724015
1.0379914597786402,1.0521360591253155,-0.04390723805138212,-0.20725585175648814,0.15485547411776213,Accept,"Z1, Z2, Z4",1.383976338974993,-0.04390723805138212,-0.2245093328561134,0.136119953477796,Accept,1.3528093988900316,Accept,Accept,Accept,Accept,0.7824041390982965
0.7801208832240791,0.9719436526450805,0.2255162765610052,-0.056972948795423015,0.3583654585988178,Accept,"Z1, Z2, Z4",1.9180949393917703,0.2255162765610052,0.034136909702180016,0.4214958271235604,Reject,1.8427905040001074,Accept,Accept,Accept,Accept,0.6228922513899449
0.8589830057060781,0.9951890420469244,0.0765242518730143,-0.12115896015730185,0.20588622308985255,Accept,"Z1, Z2, Z4",1.2716835011554226,0.0765242518730143,-0.09165348768849806,0.23801878509304586,Accept,1.3013682024135833,Accept,Accept,Accept,Accept,0.7056647504378321
1.0870569424610403,1.032685152915678,-0.07532046638051468,-0.19010766218566874,0.15747298566597637,Accept,"Z1, Z2, Z4",1.5081671902119567,-0.07532046638051468,-0.2597346205680808,0.10892995212805245,Accept,1.474506338169979,Accept,Accept,Accept,Accept,0.7494349113218436
1.0209200586158265,1.0134748538886966,-0.045787845852319944,-0.17382326149930893,0.13136032706507253,Accept,"Z1, Z2, Z4",1.5247659769019726,-0.045787845852319944,-0.20134413573139454,0.10683130805656435,Accept,1.1707687313777375,Accept,Accept,Accept,Accept,1.017062913355551
1.1282384585051322,0.9462699112559236,-0.011428903718791343,-0.18686370784844372,0.13838107937297534,Accept,"Z1, Z2, Z4",1.297337925240602,-0.011428903718791343,-0.1732592859911299,0.14575967495420444,Accept,1.5088896060489672,Accept,Accept,Accept,Accept,0.962409402744829
0.9962285282181248,1.0734340588870428,0.05571151977582903,-0.1904494457797143,0.1823539475250322,Accept,"Z1, Z2, Z4",1.5761293609145375,0.05571151977582903,-0.13358916586053152,0.24820911024943654,Accept,1.4984491538583902,Accept,Accept,Accept,Accept,0.3233926844227879
1.147837011529514,1.0530079185138983,-0.049904367404066056,-0.21803108564869866,0.13987748092403668,Accept,"Z1, Z2, Z4",1.3564001546993187,-0.049904367404066056,-0.23932855161214972,0.13498090448962394,Accept,1.3479379417894437,Accept,Accept,Accept,Accept,0.4306861796873629
1.152453617508867,1.0065129929414836,0.050011981111083084,-0.16902465276950912,0.1324717464936307,Accept,"Z1, Z2, Z4",1.55649480125605,0.050011981111083084,-0.09291457635116228,0.19453911096657656,Accept,1.248188937308511,Accept,Accept,Accept,Accept,0.4108712895488941
1.0028779228920237,1.0035826618251535,-0.12080530176585434,-0.2279047154120698,0.11694819933741275,Accept,"Z1, Z2, Z4",1.6827412956054013,-0.12080530176585434,-0.29117964030016585,0.027432319577570766,Accept,1.4718521204802395,Accept,Accept,Accept,Accept,0.9336398740973039
1.244060145165024,1.063554238337577,-0.060541230525896536,-0.2194038393386044,0.08182062898130482,Accept,"Z1, Z2, Z4",1.3321640758305413,-0.060541230525896536,-0.21322178325387953,0.07592928447690249,Accept,1.3887349105772517,Accept,Accept,Accept,Accept,0.840098539294916
1.0239450570489785,1.0297634333223435,0.00986126791515594,-0.17755277809405998,0.23744013102749795,Accept,"Z1, Z2, Z4",2.018488382037712,0.00986126791515594,-0.20214200295909107,0.22458941491302645,Accept,1.5919422849381113,Accept,Accept,Accept,Accept,0.834176067933805
0.9504143393337412,0.9047174048708216,-0.032108264650572864,-0.1146357952704479,0.15224015210264583,Accept,"Z1, Z2, Z4",1.4676314323897044,-0.032108264650572864,-0.15977303059785466,0.10510744341468319,Accept,1.2979477946646976,Accept,Accept,Accept,Accept,0.18378297339743163
0.7404569098208923,0.9746108642593265,0.0928366861644986,-0.0654835909097592,0.26568868746508195,Accept,"Z1, Z2, Z4",1.4484560826504926,0.0928366861644986,-0.08097829532211422,0.25245448998952064,Accept,1.59473160799511,Reject,Accept,Accept,Accept,0.33974677272730275
0.9292795666993461,0.9591412031854464,0.03638684690324502,-0.0963347847746953,0.24367984233105738,Accept,"Z1, Z2, Z4",1.4512132584427229,0.03638684690324502,-0.13314949109495447,0.2112647093534515,Accept,1.5083509406204982,Accept,Accept,Accept,Accept,0.6586757204325685
1.302343936836823,1.066718476594534,-0.1307018417545005,-0.3959741733860996,-0.034458758466375236,Reject,"Z1, Z2, Z4",1.6944230517924026,-0.1307018417545005,-0.31083055507844365,0.04916664419343525,Accept,1.563086081874884,Accept,Accept,Accept,Accept,1.3908174300875562
1.0659268798022938,1.0860032480892714,0.044891354641522045,-0.2160909734866221,0.15611262985634733,Accept,"Z1, Z2, Z4",1.4066437947873893,0.044891354641522045,-0.13937962688601482,0.22825288192346085,Accept,1.3999489081678755,Accept,Accept,Accept,Accept,0.2929197683413254
1.0067402949183897,0.9897854955698225,-0.010254472926468725,-0.16221001523183948,0.13079961885119362,Accept,"Z1, Z2, Z4",1.300627515309333,-0.010254472926468725,-0.1507183060893056,0.1290980257543865,Accept,1.2775129275755912,Accept,Accept,Accept,Accept,0.6065115535267437
1.0608832355826325,0.947122933242275,-0.09911053619231183,-0.2273573493904455,0.11295052037581146,Accept,"Z1, Z2, Z4",1.5390871792642615,-0.09911053619231183,-0.2570712031173781,0.08104195067234897,Accept,1.517032037872558,Accept,Accept,Accept,Accept,0.5051421519790275
0.9733691730605332,0.9112671381664581,0.06903619829941784,-0.08312268986919721,0.2095665649985261,Accept,"Z1, Z2, Z4",1.555863555093407,0.06903619829941784,-0.07864909725221589,0.206553810976637,Accept,1.275303428660509,Accept,Accept,Accept,Accept,0.4556161067218571
1.208443616311763,1.0577998935687998,-0.11135303665034176,-0.28266634122986,0.012515820447471623,Accept,"Z1, Z2, Z4",1.5727791789989312,-0.11135303665034176,-0.25788208514604083,0.03920661198067814,Accept,1.4587684911666985,Accept,Accept,Accept,Accept,1.0073387879552782
0.9740731139473603,0.9916259447164458,-0.071558940847306865,-0.24543244325816246,0.05958932007880823,Accept,"Z1, Z2, Z4",1.1774956579544396,-0.071558940847306865,-0.22904406795061905,0.07929215235241086,Accept,1.1712141172077282,Accept,Accept,Accept,Accept,0.9478313005895084
0.8618824455404561,1.002825596352268,0.10300814064250001,-0.07327964475529339,0.2362829395701159,Accept,"Z1, Z2, Z4",1.9244416016805537,0.10300814064250001,-0.06135436725704471,0.2506694163997045,Accept,1.7415452818320565,Accept,Accept,Accept,Accept,0.854522283571678
0.9684690472040461,0.9303747972914369,0.11089617034136005,-0.1630745135387046,0.24934953927137135,Accept,"Z1, Z2, Z4",1.2708248559361557,0.11089617034136005,-0.07266635062033924,0.30234929947443245,Accept,1.314553896384641,Accept,Accept,Accept,Accept,0.873983370075982
1.14428445065079,1.1334279451174076,-0.007091827439144756,-0.32880179868286047,0.13748391213309094,Accept,"Z1, Z2, Z4",1.4467694969737779,-0.007091827439144756,-0.23325691847001673,0.214541322776002,Accept,1.5311281259660672,Accept,Accept,Accept,Reject,1.301768058530576
1.2013130314014964,1.0691300053108277,-0.0986447308031134,-0.26041900725353806,0.11113930257954281,Accept,"Z1, Z2, Z4",1.4670841669356207,-0.0986447308031134,-0.2677403135497105,0.0730815017067996,Accept,1.2525694257798954,Accept,Accept,Accept,Accept,1.028124284387939
0.8209681157927485,0.9333277722823548,-0.035785876385787875,-0.12455127306622596,0.15399771172306914,Accept,"Z1, Z2, Z4",1.1321435744470567,-0.035785876385787875,-0.17517992652259923,0.09047013404412624,Accept,1.1109072264018072,Accept,Accept,Accept,Accept,0.6002847226872803
1.0282558377473716,0.9462144994602735,0.04819921743791755,-0.12399668885279552,0.23513284253680816,Accept,"Z1, Z2, Z4",2.112348149687693,0.04819921743791755,-0.13139303227946975,0.21767709452873127,Accept,2.022332767399669,Accept,Accept,Accept,Accept,0.8092271272526993
1.272937107188313,1.0711720512991347,-0.023944625474635703,-0.24358320475147516,0.1254716546643731,Accept,"Z1, Z2, Z4",1.8365411586881981,-0.023944625474635703,-0.1901445349403477,0.14213742409785315,Accept,1.583054224594857,Accept,Accept,Accept,Accept,0.5177087258116205
0.8745075856224458,0.9807072458193555,-0.0911069258834035,-0.26339162928422455,0.09036274784346555,Accept,"Z1, Z2, Z4",1.5404819811402055,-0.0911069258834035,-0.2630141774099747,0.0927510746344534,Accept,1.5164316187475362,Accept,Accept,Accept,Accept,0.21677374880929243
0.7196929641623817,0.9185709677429942,0.21963072846394097,0.02736763176587667,0.37699528360249934,Reject,"Z1, Z2, Z4",1.25400522481569,0.21963072846394097,0.04476813514909794,0.38713369504039197,Reject,1.2424775311207625,Accept,Reject,Accept,Accept,0.9725730792762791
1.1275022140646926,0.9965160322982379,-0.04158927051653444,-0.2436627676503394,0.17283598300014957,Accept,"Z1, Z2, Z4",1.2762917244333634,-0.04158927051653444,-0.22398739846788526,0.13642247604608784,Accept,1.4273500397406795,Accept,Accept,Accept,Accept,1.3491626779727468
0.7981632198044071,1.0180040345679742,0.06846876885329553,-0.13690805943536608,0.19430030459151582,Accept,"Z1, Z2, Z4",1.2149270841521318,0.06846876885329553,-0.08730380128072317,0.22099225051324803,Accept,1.1450745744918114,Accept,Accept,Accept,Accept,0.8733335478452411
1.021816541949326,1.0077733901344221,-0.15930260841963884,-0.2523774201228184,0.07448612095128185,Accept,"Z1, Z2, Z4",1.5346299134116022,-0.15930260841963884,-0.3205620164477214,0.00109953734748304,Accept,1.3371848700827789,Accept,Accept,Accept,Accept,0.9748080920689336
0.8929854995977928,0.9258335527084619,0.1222191748693667,-0.03333973172374061,0.3001682500689781,Accept,"Z1, Z2, Z4",1.4264166189279057,0.1222191748693667,-0.0314438516035717,0.27957815430932037,Accept,1.5179858257352954,Accept,Accept,Accept,Accept,0.5380883238224123
1.3741424154422985,1.1048185371237658,-0.17221834209275577,-0.4476988992787602,0.03583764759855411,Accept,"Z1, Z2, Z4",1.5719382882399366,-0.17221834209275577,-0.4055105296613168,0.058774605193045434,Accept,1.5660439496793248,Reject,Accept,Accept,Accept,0.5063408200726568
1.2591694732410368,1.159761938115578,-0.1468778630094709,-0.38684406618612904,-0.004651190656074111,Reject,"Z1, Z2, Z4",1.3703418892413441,-0.1468778630094709,-0.32221989332711576,0.03580390346191273,Accept,1.398148340380824,Reject,Accept,Accept,Accept,0.322694268518637
0.7958192086099657,0.9362962837085808,0.06188908121675282,-0.08795315719261154,0.2396047791524775,Accept,"Z1, Z2, Z4",1.4326883349442938,0.06188908121675282,-0.10586320577788806,0.21548516852723684,Accept,1.3765630850586634,Accept,Accept,Accept,Accept,0.32612577584623803
1.15656243720139,0.940319891036411,0.01735814536869342,-0.10875096089400457,0.17075634628165537,Accept,"Z1, Z2, Z4",1.9170956847736154,0.01735814536869342,-0.12420132016038589,0.15309679912219515,Accept,1.6663641637969213,Accept,Accept,Accept,Reject,1.5177912681493515
0.9846536835135579,1.0583387101289607,-0.06571039456655448,-0.2192794526770399,0.18247577766101022,Accept,"Z1, Z2, Z4",1.5811205988633543,-0.06571039456655448,-0.25795204817046014,0.1261250127426084,Accept,1.5241089723415695,Accept,Accept,Accept,Accept,0.18773880194364584
0.8427666870471433,0.9869995082687673,-0.005694664814907023,-0.1873405388268926,0.19480403010350236,Accept,"Z2, Z4",1.6025692042636543,-0.005694664814907023,-0.16339751786263723,0.15911454980226683,Accept,1.4850980949027046,Accept,Accept,Accept,Accept,0.9418437508832788
0.9082561479328298,0.9941088924037217,-0.01313553002338249,-0.09791123784787725,0.22843621054396396,Accept,"Z1, Z2, Z4",1.373486976480695,-0.01313553002338249,-0.17912080340021377,0.1431121358200635,Accept,1.384950985991105,Accept,Accept,Accept,Accept,0.5331404651583324
1.0195991408922964,0.9476875444404875,0.049572371453641885,-0.19600045934318336,0.24239561366264506,Accept,"Z1, Z2, Z4",1.2181129357057834,0.049572371453641885,-0.15886732302167725,0.2440978726938232,Accept,1.3652394915656645,Accept,Accept,Accept,Accept,0.5002340131890463
1.1948042716729523,1.056405908752531,0.021942393493004687,-0.2311891506215688,0.11017560568996775,Accept,"Z1, Z2, Z4",1.6716279587602179,0.021942393493004687,-0.13266444059130414,0.18378251801924023,Accept,1.4857925018121891,Reject,Accept,Accept,Accept,0.07907312365673871
0.7741679509124026,0.9259228662531196,0.05400602681383548,-0.008716854173886679,0.3171890388041362,Accept,"Z1, Z2, Z4",1.5428298572809476,0.05400602681383548,-0.11689480264873443,0.21538829973276485,Accept,1.3740883228817227,Reject,Accept,Accept,Accept,0.5511430760446561
0.9193990356185359,1.0201428139511357,0.13842378154390356,-0.04916285675532035,0.3079717092326671,Accept,"Z1, Z2, Z4",1.331750706086261,0.13842378154390356,-0.04022621675170181,0.3183867828185005,Accept,1.250690458586902,Accept,Accept,Accept,Reject,1.1072669267212398
0.9134404115405974,1.02313036864749,0.018172665876898086,-0.1728204714266801,0.22649536720027272,Accept,"Z1, Z2, Z4",1.4572385643614887,0.018172665876898086,-0.1676778823278215,0.2106260325252177,Accept,1.3600130868841385,Accept,Accept,Accept,Accept,0.9601368289894268
1.0383125886124198,0.9466340711264368,0.04780673648305038,-0.1264961972225578,0.1676858645017057,Accept,"Z1, Z2, Z4",1.5405555015765489,0.04780673648305038,-0.09396190154341282,0.19220600485402334,Accept,1.4239548149427876,Accept,Accept,Accept,Accept,0.6255282668174971
0.8371540523395403,0.9754851395466243,0.032163409689710674,-0.1541753910467495,0.25564736295456364,Accept,"Z1, Z2, Z4",1.7673756083868872,0.032163409689710674,-0.15569418011010833,0.22891704645449445,Accept,1.6039696864519348,Accept,Accept,Accept,Accept,0.4001456547954975
1.1224697804582318,1.0921913910126007,-0.10339655090483343,-0.33217864263911495,0.04721144553973791,Accept,"Z1, Z2, Z4",1.4350750047393694,-0.10339655090483343,-0.2840772795802967,0.06623049381763874,Accept,1.509786416606197,Accept,Accept,Accept,Accept,1.2325476245671196
1.0092447162630185,1.0124791048807997,0.1017203420070744,-0.07729029544602951,0.2820647380738848,Accept,"Z1, Z2, Z4",1.5001511459049521,0.1017203420070744,-0.07835440556277751,0.28080203707955204,Accept,1.4023949007365675,Accept,Accept,Accept,Accept,0.696483823657846
0.7767071895563746,0.9278938213502337,0.2130681332661816,0.057169612498126195,0.38923581501126786,Reject,"Z1, Z2, Z4",1.3359131223792833,0.2130681332661816,0.041521933444715456,0.3960793001559748,Reject,1.3632187648407779,Reject,Reject,Reject,Accept,0.5544393299791941
1.0308877974443615,0.9925387023980375,0.006649439762958547,-0.19148330301721186,0.1440072548661587,Accept,"Z1, Z2, Z4",1.3222911511568813,0.006649439762958547,-0.16310408656582884,0.17174231603950113,Accept,1.4089136279606123,Accept,Accept,Accept,Accept,0.9003711057667183
1.0441623496440573,1.0183322113190894,0.013649522234691064,-0.21907437651908623,0.2214011810737951,Accept,"Z1, Z2, Z4",1.5786181327195685,0.013649522234691064,-0.20696814543408437,0.24992933560862646,Accept,1.3963527773350606,Accept,Accept,Accept,Accept,0.6501774759531439
1.2398076959668602,1.0730724133164988,-0.07575729562653856,-0.26759081956070424,0.0759607384869386,Accept,"Z1, Z2, Z4",1.4460056970770634,-0.07575729562653856,-0.2551222246379109,0.10318758786360324,Accept,1.5075929245448745,Reject,Reject,Accept,Accept,0.6353321408916779
1.213691407826201,1.005881369701714,-0.1607861577449251,-0.3384811974888044,0.07507398145230643,Accept,"Z1, Z2, Z4",1.3931244720989457,-0.1607861577449251,-0.3683922563204932,0.045000446732890366,Accept,1.4309685386304496,Reject,Reject,Accept,Accept,0.8858786229576902
0.9249715156587545,0.9928627996377306,-0.07197284418995695,-0.20075377803010816,0.10552290860242046,Accept,"Z1, Z2, Z4",1.3723322187802298,-0.07197284418995695,-0.22040330992457174,0.08468346893150078,Accept,1.4316156298298617,Accept,Accept,Accept,Accept,0.548212905836214
1.117132141524689,0.9705498758790253,0.01737307835947544,-0.1879633671633576,0.11799846393180499,Accept,"Z1, Z2, Z4",1.429140634854477,0.01737307835947544,-0.12762268211183475,0.15394758878435338,Accept,1.3031740009448674,Accept,Accept,Accept,Accept,0.23122104462123994
1.1455509018281245,1.0297067659587504,-0.0781935174676055,-0.2904121693343322,0.09493791570376856,Accept,"Z1, Z2, Z4",1.417458990829652,-0.0781935174676055,-0.2649677022461053,0.1143786063805238,Accept,1.3949371794198442,Accept,Accept,Accept,Accept,0.5839962439675869
1.2455817974232624,1.138300696130874,-0.1336927914757665,-0.3996287227886124,-0.006819404171419366,Reject,"Z1, Z2, Z4",1.5319727553989346,-0.1336927914757665,-0.30083677846029067,0.05553998294230351,Accept,1.5135518916339907,Reject,Accept,Accept,Accept,1.1773277153570896
1.3001435919081896,1.0209217432264772,-0.2106371204655456,-0.3593837359699611,-0.026850788004914125,Reject,"Z1, Z2, Z4",1.581669918145656,-0.2106371204655456,-0.3707653902062167,-0.05077443948579215,Reject,1.4553177932609587,Reject,Reject,Reject,Accept,0.9082275258048197
0.8232754673387126,1.0218905669684892,-0.05442577685651563,-0.19063536582443955,0.13622615392172327,Accept,"Z1, Z2, Z4",1.183189308329546,-0.05442577685651563,-0.21202488153612298,0.11504126982082102,Accept,1.2223621834337626,Accept,Accept,Accept,Accept,0.8964474476124275
0.9586472552429756,1.156799954424836,-0.027140932779037848,-0.27686245095338335,0.1258093379709912,Accept,"Z1, Z2, Z4",1.2971091992877657,-0.027140932779037848,-0.1977342042197316,0.14754528518789387,Accept,1.211632864158505,Accept,Accept,Accept,Accept,0.4328659206693489
1.0835461335142311,1.0885382110080735,-0.12771516304710032,-0.28321446917150916,0.04795732310659365,Accept,"Z1, Z2, Z4",1.7577728779874218,-0.12771516304710032,-0.27317500564009894,0.03196667194784442,Accept,1.5891341982621026,Reject,Reject,Accept,Accept,0.7392034106638712
1.1022709729417353,1.0359477367720467,-0.0032695385973680355,-0.16734678978119527,0.1650854770308407,Accept,"Z1, Z2, Z4",1.2049680634294468,-0.0032695385973680355,-0.1831383273710239,0.162329301635749,Accept,1.406764653678867,Accept,Accept,Accept,Accept,0.844965361447667
0.8996318652492822,0.9147740847941802,0.0674216981624013,-0.11460080442373935,0.22438698306667815,Accept,"Z1, Z2, Z4",1.5391482638902274,0.0674216981624013,-0.09532297830915437,0.2318381415370915,Accept,1.6038028022985231,Accept,Accept,Accept,Reject,1.112837327849012
1.0297602633118017,1.011997288158594,-0.0286697607994617,-0.2306191978983565,0.12905737589151844,Accept,"Z1, Z2, Z4",1.635377716840492,-0.0286697607994617,-0.18829055078923573,0.1290368450179882,Accept,1.35896539045733,Accept,Accept,Accept,Reject,1.2782232781384277
0.8687003284928759,1.0141757214998603,0.1127696354799997,-0.07900517940521429,0.2831916776368203,Accept,"Z1, Z2, Z4",1.313875267140697,0.1127696354799997,-0.06980964998088893,0.2938392959282658,Accept,1.2878844466942896,Accept,Accept,Accept,Reject,1.1723931738749362
0.9506372215981305,0.9556427400281452,0.03802551905401528,-0.13098250588941404,0.20046244167229785,Accept,"Z1, Z2, Z4",1.527024474630627,0.03802551905401528,-0.11435498149187098,0.20581190602629448,Accept,1.4064703207118319,Accept,Accept,Accept,Accept,0.6461626337772988
1.25177406371565,1.0775718430299117,-0.06976595725961142,-0.23358265063494596,0.1266038463117049,Accept,"Z1, Z2, Z4",1.581911825967937,-0.06976595725961142,-0.2573852161531505,0.10707463500703548,Accept,1.6705613297501423,Accept,Reject,Accept,Accept,0.2883163867891492
0.8618354164830012,0.9880089963758351,0.016768959415484088,-0.16083291433532798,0.19535658384373028,Accept,"Z1, Z2, Z4",1.3013830261345003,0.016768959415484088,-0.16577015623887237,0.18375955576081746,Accept,1.3339643951512168,Accept,Accept,Accept,Accept,0.9094331517672315
0.9236521024298072,0.8970028539147499,0.07147022054424991,-0.07730338841642805,0.25719067092294495,Accept,"Z1, Z2, Z4",1.171196862718723,0.07147022054424991,-0.09752240388150152,0.24638657611032813,Accept,1.2225570331543745,Accept,Accept,Accept,Accept,0.2222035291404069
1.0718096636516796,0.9997021594331129,0.001425779874866818,-0.17830313201231546,0.16115165052884295,Accept,"Z1, Z2, Z4",1.380351631608557,0.001425779874866818,-0.17228053921421163,0.16513251192469452,Accept,1.363080988210998,Reject,Reject,Accept,Accept,0.6858581681526437
1.0796337992922056,1.0065382887050867,0.04257741479016572,-0.18167840914089822,0.20577160302777203,Accept,"Z1, Z2, Z4",1.770335550112578,0.04257741479016572,-0.13925085002321708,0.21323893612693245,Accept,1.4618755788470739,Accept,Accept,Accept,Accept,0.6074219454654214
1.1465092731020667,0.9204429113502105,0.013192712508144135,-0.14602623397214848,0.17590645332928398,Accept,"Z1, Z2, Z4",1.170346705355714,0.013192712508144135,-0.14133098421927426,0.16936056595766288,Accept,1.2687858954894433,Accept,Accept,Accept,Accept,0.8178150321031369
1.0169849628237408,0.990950123097064,-0.07527925257439955,-0.2713921222381468,0.14389601705555502,Accept,"Z1, Z2, Z4",1.3792934957288983,-0.07527925257439955,-0.25663065482900127,0.12426676541797466,Accept,1.322723721987374,Accept,Accept,Accept,Accept,0.6385544960574505
1.1444538482662885,1.1027088381685508,-0.12115614775237601,-0.32616359483213353,0.045163885081101474,Accept,"Z1, Z2, Z4",1.4679740436509872,-0.12115614775237601,-0.3115829918313425,0.05178929844611866,Accept,1.5112546809430651,Accept,Accept,Accept,Accept,0.8215337861872786
0.7109541182568152,0.9151145637498505,0.10289226022633734,-0.13592032124642328,0.33076876614051387,Accept,"Z1, Z2, Z4",1.5015403811637291,0.10289226022633734,-0.10941090924360664,0.31144809822117403,Accept,1.331521751400818,Accept,Accept,Accept,Accept,0.4502936697687186
1.0129716688521282,1.0653970550541727,-0.11557826316608563,-0.23257914175989322,0.18141906093051918,Accept,"Z2, Z4",1.8437655587115669,-0.11557826316608563,-0.2865252682891988,0.06865399402511844,Accept,1.5768371352241255,Accept,Accept,Accept,Accept,0.7458050889411852
0.9741860933969922,0.9874021393511921,6.206778937994809e-4,-0.1752291237439174,0.1736986807558799,Accept,"Z1, Z2, Z4",1.3739492660313433,6.206778937994809e-4,-0.16665395960367232,0.16480048277207285,Accept,1.0854216347955847,Accept,Accept,Accept,Accept,0.7378776635851378
0.6457950297298871,0.938254742315035,0.1821456284671624,-0.0036245293240325105,0.35225353369978374,Accept,"Z1, Z2, Z4",1.4471216952777395,0.1821456284671624,0.021712091245552616,0.3416058099664936,Reject,1.4450929316827126,Reject,Accept,Accept,Accept,0.6903793320483901
1.0267733725245909,1.0169044520529047,-0.1435235716407259,-0.31922753397004144,-0.006795368980976754,Reject,"Z1, Z2, Z4",1.3361009709817204,-0.1435235716407259,-0.2917639533388453,0.005589982607830647,Accept,1.3019812835506905,Reject,Accept,Accept,Accept,1.05735785774572
1.0068173877001623,0.975326979901954,-0.062417075152265675,-0.25989360586843685,0.10876873386409303,Accept,"Z1, Z2, Z4",1.3416097669869047,-0.062417075152265675,-0.24023090257578888,0.14242707625121154,Accept,1.3077259987840932,Accept,Accept,Accept,Accept,0.4761109802645227
0.9667890237258008,0.9769210095885441,-0.04138399722067187,-0.21675861862847162,0.07875214836899694,Accept,"Z1, Z2, Z4",1.5457117834345733,-0.04138399722067187,-0.1873979317941333,0.10736789841611907,Accept,1.2107301853799126,Accept,Accept,Accept,Accept,0.8267955661519482
1.0789984406111615,1.0243203208281333,-0.11897385313610775,-0.2516073826119908,0.07622203777221223,Accept,"Z1, Z2, Z4",1.3500824534816505,-0.11897385313610775,-0.27158957732452155,0.03896459135717763,Accept,1.5078481741808063,Accept,Accept,Accept,Accept,0.4071447003797977
0.811799723977181,1.07373866326618,-0.08265086354336429,-0.34971152963749014,0.03187789079716738,Accept,"Z2, Z4",1.5664050855177012,-0.08265086354336429,-0.23221912959988553,0.06911872077242648,Accept,1.414627037288761,Accept,Reject,Accept,Accept,0.7133502340559348
0.9267754050673267,0.9848861672188237,-0.004522357595986267,-0.15914403349787787,0.2578308551565609,Accept,"Z1, Z2, Z4",1.441570554191324,-0.004522357595986267,-0.1809237773021798,0.1709895408148372,Accept,1.166319828340336,Accept,Accept,Accept,Accept,0.6986615512408054
0.8478573414860326,0.9802171472196,0.053509746199572474,-0.20313654277227838,0.2394695822048254,Accept,"Z1, Z2, Z4",1.2687924443185563,0.053509746199572474,-0.16276349374163387,0.2896120738318929,Accept,1.3915489895235522,Accept,Accept,Accept,Reject,1.2860894796434756
1.0498770347282438,1.0997142321721445,-0.10883981453392583,-0.2773456796724658,0.09742454576080634,Accept,"Z1, Z2, Z4",1.2820578793533732,-0.10883981453392583,-0.29745679103323247,0.07418577647064055,Accept,1.3545770519066418,Reject,Accept,Accept,Accept,0.3884123971647203
0.8170578257049731,1.0640666039046034,0.014862221019038994,-0.30996698744966344,0.2537655759330407,Accept,"Z2, Z4",1.8042564430801524,0.014862221019038994,-0.19897631107696404,0.2230624296265023,Accept,1.5046704439951142,Accept,Accept,Accept,Accept,0.47035422230214385
1.130014333606236,1.0066462040233393,-0.14822482391870842,-0.2528632496080121,0.059473250223377724,Accept,"Z1, Z2, Z4",1.5869084764208374,-0.14822482391870842,-0.2944677232931658,5.784115065649263e-4,Accept,1.3045263230041482,Accept,Accept,Accept,Accept,0.6039534222605902
1.0515122869928348,0.9834707266669983,-0.06566394362630303,-0.21390023553330195,0.15648646839415553,Accept,"Z1, Z2, Z4",1.8120460068794886,-0.06566394362630303,-0.24251369353350688,0.1126845193878464,Accept,1.4961364989903787,Accept,Accept,Accept,Accept,0.7214396549427673
1.0917394144557109,1.032697506303266,-0.09298867685014157,-0.2711509352120768,0.13361431740229965,Accept,"Z1, Z2, Z4",1.3134569094601394,-0.09298867685014157,-0.31102343359928414,0.10710887101518733,Accept,1.397982969219362,Accept,Accept,Accept,Accept,1.1259607061369517
0.8933841380367921,0.9647051802817483,-0.029491689713800503,-0.12150757054492328,0.23689929369228555,Accept,"Z1, Z2, Z4",1.2752169327638248,-0.029491689713800503,-0.21830383484441251,0.1459905748593943,Accept,1.3540476107695596,Accept,Accept,Accept,Accept,1.3540869564813687
0.9904618373553834,1.0195713509247388,0.054645527520702335,-0.16212504787578266,0.18463856203576084,Accept,"Z1, Z2, Z4",1.4192154057106015,0.054645527520702335,-0.11886324121493153,0.21754219464612004,Accept,1.5144472536623106,Reject,Accept,Accept,Accept,0.5753846296826609
0.9429356681136096,0.9947574492441031,-0.0655513436655543,-0.24472488925665736,0.13169239925528217,Accept,"Z1, Z2, Z4",1.4034769950148125,-0.0655513436655543,-0.23774278335752666,0.11142528936730638,Accept,1.4156245164973282,Accept,Accept,Accept,Accept,0.40050381563740106
0.8956755277487868,0.9511781390209243,0.04317273436437852,-0.08325321712054616,0.2294247900669917,Accept,"Z1, Z2, Z4",1.7743573317440928,0.04317273436437852,-0.11004308967376478,0.19386637498461218,Accept,1.6637278072066966,Accept,Accept,Accept,Accept,0.302531328575039
0.9506719426018642,0.9523975021479472,-0.008467890219845942,-0.17932620558647525,0.1455545667851036,Accept,"Z1, Z2, Z4",1.3306631641843631,-0.008467890219845942,-0.17305979082955864,0.13146572313074978,Accept,1.047282198245695,Accept,Reject,Accept,Accept,0.49110921706693617
0.9644994646800242,0.9601281183169995,0.09719398695489105,-0.10557223364039434,0.281416144571857,Accept,"Z1, Z2, Z4",1.559398113969333,0.09719398695489105,-0.07612817475544031,0.2649065942729415,Accept,1.5653963818676402,Accept,Reject,Accept,Accept,0.18191809747799825
0.919689414204053,1.0189374028875384,-0.01976963237115176,-0.13893744835720812,0.1594345175013938,Accept,"Z1, Z2, Z4",1.5749655298106098,-0.01976963237115176,-0.15814570648867401,0.1335079083462834,Accept,1.4584953260957996,Accept,Accept,Accept,Accept,0.9147726805549588
0.8269142448801036,1.0238601702796497,-0.11959397672613137,-0.29139191946367365,0.17389956893873953,Accept,"Z1, Z2, Z4",1.63552288355493,-0.11959397672613137,-0.34336052674505996,0.10165642176085629,Accept,1.6266880535201307,Accept,Accept,Accept,Accept,0.08615669801068608
1.2425995640774403,1.0063352687854707,-0.029993079648744186,-0.24241911967469998,0.10183933483890234,Accept,"Z1, Z2, Z4",1.2843824523108502,-0.029993079648744186,-0.20796436050035705,0.15485143127847165,Accept,1.414457209551682,Reject,Reject,Accept,Accept,1.1595426574655678
0.9451552660587761,0.9683069306216039,0.081671903794348,-0.13570657739634306,0.24234328948154935,Accept,"Z1, Z2, Z4",1.4445518719561843,0.081671903794348,-0.11402672021232231,0.27371157733355017,Accept,1.5510316191884226,Accept,Accept,Accept,Accept,0.7115741019328968
0.8451616161366983,0.9711665901427429,0.03216600195089546,-0.10144171359202836,0.1839454427053453,Accept,"Z1, Z2, Z4",1.4291305389824358,0.03216600195089546,-0.11432607467876887,0.18480604191235034,Accept,1.254919026379686,Accept,Accept,Accept,Accept,0.7850368512535042
1.06663341244787,0.9977271325612188,0.0022080756234421446,-0.13687932454957205,0.1755206914363708,Accept,"Z1, Z2, Z4",1.641148035389603,0.0022080756234421446,-0.15128258029947705,0.1575518046574482,Accept,1.706734206133719,Accept,Accept,Accept,Accept,0.8521188475130881
0.9810672180086486,1.0190932846597909,0.035235988562179514,-0.14798614513498454,0.26407469946616247,Accept,"Z1, Z2, Z4",1.737247356996292,0.035235988562179514,-0.15715747992444537,0.23550575839305976,Accept,1.305677997096312,Accept,Accept,Accept,Accept,0.7840342405323515
1.0374788889266804,1.0409985525782877,-0.0741579030362573,-0.23523015571691389,0.07680801949435241,Accept,"Z1, Z2, Z4",1.401304055197126,-0.0741579030362573,-0.2284674909164404,0.06345858714091106,Accept,1.3492745206502037,Accept,Accept,Accept,Accept,0.9843665836578254
1.1682512010864303,1.0091611736584567,-0.15201583118521023,-0.32912404759135566,0.04639034724918008,Accept,"Z1, Z2, Z4",1.6473710726634068,-0.15201583118521023,-0.32603522284221476,0.0327760065474576,Accept,1.6300580951214085,Accept,Accept,Accept,Accept,1.0309034744250203
1.1120508431864038,0.9914427623528772,0.03155528370433964,-0.2002272243475103,0.15233404254183033,Accept,"Z1, Z2, Z4",1.347150759576755,0.03155528370433964,-0.1500878702811601,0.21313667219339044,Accept,1.2580542397717764,Accept,Accept,Accept,Accept,0.8309923076010639
1.1510404602744964,0.9212913273699975,0.06291385652298043,-0.141897486368577,0.20399464748150195,Accept,"Z1, Z2, Z4",1.620944126594509,0.06291385652298043,-0.12238161763823566,0.23737929146687994,Accept,1.3758215623143273,Accept,Accept,Accept,Accept,0.8724484574160767
1.0095568028993858,1.0306255172102692,-0.03082172352921071,-0.15964555105887668,0.1611538873816945,Accept,"Z1, Z2, Z4",1.4448438733591826,-0.03082172352921071,-0.18644810760264657,0.12941149880912367,Accept,1.4574747820675864,Reject,Accept,Accept,Accept,0.7093200330372861
0.892506644053917,0.9967611342711324,-0.07543854460279142,-0.23991370222976643,0.09481051841866252,Accept,"Z1, Z2, Z4",1.9089935378282066,-0.07543854460279142,-0.2520756356696842,0.08598209933934062,Accept,1.6598939976970717,Accept,Accept,Accept,Accept,1.3975278495881738
0.9990463375996393,0.9244479116161148,-0.01968589361213767,-0.1686257709355,0.2037547021662654,Accept,"Z1, Z2, Z4",1.1245125754176524,-0.01968589361213767,-0.19586927587911376,0.16339009810225902,Accept,1.3287065913474052,Accept,Accept,Accept,Accept,0.5416678092907067
1.1275056764517164,1.0331862610972284,-0.04093097132903643,-0.2197221795586215,0.15324405555307133,Accept,"Z1, Z2, Z4",1.8481415541867192,-0.04093097132903643,-0.22801816762436322,0.13314827371075427,Accept,1.597102638937062,Accept,Accept,Accept,Accept,0.7995185342806503
1.0091532647057306,0.959746884052962,-0.024101480711920118,-0.18765562696541357,0.23365244055522816,Accept,"Z1, Z2, Z4",1.3999872428356843,-0.024101480711920118,-0.22398400374581628,0.18224583004223843,Accept,1.4572692005641688,Accept,Accept,Accept,Accept,0.11484402097345778
1.0928390761424864,1.0838883501210823,-0.12184108636819091,-0.25120512033069087,0.06934880399518699,Accept,"Z1, Z2, Z4",1.5454464460366062,-0.12184108636819091,-0.28595388206539807,0.032354996051038455,Accept,1.5418795161411816,Accept,Accept,Accept,Accept,0.6955055806602333
0.9751220712159027,1.045745785771274,0.07798021911652435,-0.14080679010108182,0.32266251759938713,Accept,"Z1, Z2, Z4",1.5375795908593273,0.07798021911652435,-0.1253022874788508,0.2814453802092929,Accept,1.3695945301896257,Accept,Accept,Accept,Accept,0.5144359383993675
0.955810350556398,1.0381846162631743,-0.030212571932562788,-0.23250224986833742,0.15891747048305793,Accept,"Z1, Z2, Z4",1.2137553708638433,-0.030212571932562788,-0.22414056468881488,0.1564144033963164,Accept,1.3336928246618478,Accept,Accept,Accept,Accept,0.6683514587481946
0.8362119145838389,0.9879681544928541,0.03947045674939674,-0.10191590217836757,0.22081297275255188,Accept,"Z1, Z2, Z4",1.2761615315088946,0.03947045674939674,-0.12136071952127775,0.192916072502529,Accept,1.4135138614502512,Accept,Accept,Accept,Accept,0.8960044600317996
0.8497143448792022,0.953640388199626,0.08573782633019335,-0.08565912147783858,0.2305643258323543,Accept,"Z1, Z2, Z4",1.3648743654867734,0.08573782633019335,-0.0653074020014219,0.23447692202277312,Accept,1.2401476286198114,Accept,Accept,Accept,Accept,0.5259251916754595
1.0928467231439714,1.0075791151287072,-0.02801185216380479,-0.22518772529123124,0.10632257842952984,Accept,"Z1, Z2, Z4",1.420758554266401,-0.02801185216380479,-0.18402855425304399,0.13847482511032302,Accept,1.5699319209213223,Accept,Accept,Accept,Accept,0.4871760936026911
0.9089700199150184,1.0456840520205064,-0.03787296425882624,-0.20906963389668715,0.13072449468230074,Accept,"Z1, Z2, Z4",1.1502116587858824,-0.03787296425882624,-0.1938686872427908,0.1190324156714401,Accept,1.2255916375573574,Accept,Accept,Accept,Accept,0.21177925389260305
0.6747042552582305,0.9712588756817959,0.10678678977081857,-0.03854440489756074,0.33545692364698654,Accept,"Z1, Z2, Z4",1.4186167080759753,0.10678678977081857,-0.07800815042940523,0.2945501349489855,Accept,1.303703438226427,Accept,Accept,Accept,Accept,0.624141032619847
0.8305022304728685,0.969824196968882,0.014751667034951763,-0.11962403530049096,0.1945735482494089,Accept,"Z1, Z2, Z4",1.0641455009004686,0.014751667034951763,-0.1448938954718782,0.16325457432313403,Accept,1.1051118919911525,Accept,Accept,Accept,Accept,0.3175949046034105
0.9599442686726948,0.93781301047017,0.007240463460428711,-0.14162646371016221,0.15924368260214097,Accept,"Z1, Z2, Z4",1.2032813304268333,0.007240463460428711,-0.13611334245674173,0.14856163922360283,Accept,1.3201093941045945,Accept,Accept,Accept,Accept,0.8526678410987417
0.9883580666786178,1.0352229238484165,-0.033217671147962646,-0.27072732070916916,0.05166128784753709,Accept,"Z1, Z2, Z4",1.0086224895630485,-0.033217671147962646,-0.19051447830659327,0.12566651232291975,Accept,1.147642311703462,Accept,Accept,Accept,Accept,0.8653678510392899
0.9144157462089313,0.9405696871195828,0.0671428050502387,-0.10330836545552766,0.21381911657512956,Accept,"Z1, Z2, Z4",1.5096041761182184,0.0671428050502387,-0.0863530815114987,0.23029179076393155,Accept,1.5603863689652266,Accept,Accept,Accept,Accept,0.6016126154793295
0.938629159733811,1.0004146120263278,0.15768484808114439,-0.16464425112945522,0.3144704002319881,Accept,"Z1, Z2, Z4",1.4828389347840139,0.15768484808114439,-0.05251560100973876,0.3821833543440801,Accept,1.6000471206371418,Accept,Accept,Accept,Accept,0.5514748768274966
0.6498097647136194,0.87027196622579,0.1511087255171726,-0.002451045946083967,0.33548661828587445,Accept,"Z1, Z2, Z4",1.5718659737659615,0.1511087255171726,0.00587450004189528,0.30997892546469014,Reject,1.5729795367506556,Reject,Accept,Accept,Accept,1.113793777018026
0.9017920689559956,0.9031340173922129,0.1912655579711899,-0.08846762734789304,0.2459524801856986,Accept,"Z1, Z2, Z4",1.198759825770272,0.1912655579711899,0.040362875724730046,0.3547686428849818,Reject,1.2791957814699342,Accept,Accept,Accept,Reject,1.274656182690173
0.9241737840833225,0.984233975547506,0.01672099939575188,-0.21976796275767618,0.18139218214502834,Accept,"Z1, Z2, Z4",1.339844774623637,0.01672099939575188,-0.1485370048861358,0.18170889258641754,Accept,1.5129842383303966,Accept,Accept,Accept,Reject,1.3284453950884825
1.0152808951657202,0.9556504194026321,-0.014014632778217235,-0.14581512364307614,0.17377559627162728,Accept,"Z1, Z2, Z4",1.5723600080222127,-0.014014632778217235,-0.18267845001740696,0.15745660232572595,Accept,1.4626295727235152,Accept,Accept,Accept,Accept,0.5068993797852189
1.1334330686344962,1.0311045231547673,-0.06071150747894028,-0.21145785733690106,0.15917777938001207,Accept,"Z1, Z2, Z4",1.3689579387087338,-0.06071150747894028,-0.24230017123247455,0.11906079624903723,Accept,1.5779247797560156,Reject,Accept,Accept,Accept,0.13426123949060156
0.8474558126022036,0.9835549470098918,0.12733360080585476,-0.07655618159266925,0.2644335194224702,Accept,"Z1, Z2, Z4",1.239903060065406,0.12733360080585476,-0.039748358252354524,0.28639667684091447,Accept,1.2586977462071696,Accept,Accept,Accept,Accept,0.519605708905653
0.9589823338642195,1.024035748584546,0.07023234774543294,-0.16848945819012584,0.21823569129550596,Accept,"Z1, Z2, Z4",1.6166214774804184,0.07023234774543294,-0.11835293357682497,0.25006159069719386,Accept,1.4786112998854737,Accept,Accept,Accept,Accept,0.6058411751044634
0.9345757054571411,1.0809861112104306,0.06004425531485533,-0.26752548541062965,0.24019310546792644,Accept,"Z1, Z2, Z4",1.5255714736577248,0.06004425531485533,-0.18974933959979612,0.2982889283300628,Accept,1.4637576496724392,Accept,Accept,Accept,Accept,0.6561500639920441
0.9517548303502197,1.056877083441175,0.1611639485535867,-0.05996015174444195,0.332321229580907,Accept,"Z1, Z2, Z4",1.523567079613174,0.1611639485535867,-0.03669800622006006,0.3520468730165047,Accept,1.5695833433554711,Accept,Accept,Accept,Accept,0.69864846823117
0.8493547714063007,0.9955678557523038,-0.06015815176981839,-0.18621199225692825,0.16617317897545913,Accept,"Z1, Z2, Z4",1.4851939378128736,-0.06015815176981839,-0.22400718775085254,0.1181685454326463,Accept,1.3571471339748826,Accept,Accept,Accept,Accept,0.5800367891310921
0.9664305323736573,0.963178652451109,0.02299935667755551,-0.11669252243841655,0.1866476238290743,Accept,"Z1, Z2, Z4",1.341362780369806,0.02299935667755551,-0.14022246513000916,0.17089175976293317,Accept,1.1965412594539262,Accept,Accept,Accept,Accept,0.4358932413498249
0.9906317194095527,1.0377323483113796,0.13389372213737322,-0.15452879625669577,0.21012643460453637,Accept,"Z1, Z2, Z4",1.5606969640292547,0.13389372213737322,-0.03792205264478172,0.3050683129652002,Accept,1.4342028350058789,Accept,Accept,Accept,Accept,0.4858005286427527
1.0059925743077476,0.954684043719152,0.12224670138913869,-0.15652240104073328,0.2884730598621361,Accept,"Z1, Z2, Z4",1.455107758557446,0.12224670138913869,-0.07707569046092858,0.3433027519453789,Accept,1.2828186926272516,Accept,Accept,Accept,Accept,0.8230750833399455
0.8759967846563982,0.9165662029162203,0.12605538890669574,-0.02395985751251609,0.31819149409613634,Accept,"Z1, Z2, Z4",1.3855621939721956,0.12605538890669574,-0.034818753538385774,0.2956704728839027,Accept,1.2469592402461709,Accept,Accept,Accept,Accept,0.5780272749679624
0.8527189532592813,0.772467004096729,0.2648400299779886,0.09552670562998979,0.41618894661464156,Reject,"Z1, Z2, Z4",1.4834385992059125,0.2648400299779886,0.10071341368586126,0.4185964511692324,Reject,1.3677593616489696,Reject,Accept,Accept,Reject,1.2096766382226456
1.1316796654341772,0.9531093343413567,0.032703220020962966,-0.12751266105735382,0.20564486950830202,Accept,"Z1, Z2, Z4",1.6947443138139473,0.032703220020962966,-0.1326534107583692,0.20515027646241984,Accept,1.5564839161233521,Accept,Accept,Accept,Accept,0.3902609564701912
0.9788542472806844,1.105821868690793,-0.058501976052829474,-0.2652981307840181,0.33253930947230537,Accept,"Z2, Z4",1.5608195897162036,-0.058501976052829474,-0.3156418511812624,0.19592243541916068,Accept,1.6279886506359873,Accept,Accept,Accept,Accept,0.18998777216691784
0.9771967581673875,1.0261310552386302,-0.05008882399580078,-0.26277356667841373,0.07751525131565833,Accept,"Z1, Z2, Z4",1.3012555250901843,-0.05008882399580078,-0.22007881881995564,0.12016500086269656,Accept,1.2147480283311811,Accept,Accept,Accept,Accept,0.5954118018978398
0.8824092232821519,0.990313733768102,0.08255384560141145,-0.06867024440290839,0.26120178675435324,Accept,"Z1, Z2, Z4",1.0543998643538222,0.08255384560141145,-0.07883090391120465,0.2483352920346326,Accept,1.1288417324339528,Accept,Accept,Accept,Reject,1.2719893330028935
0.8860730532996342,1.0064416905318425,0.023461526875078346,-0.14030702853787969,0.21954190389308506,Accept,"Z1, Z2, Z4",1.3579731854744537,0.023461526875078346,-0.15591608347231944,0.2082102758439515,Accept,1.3685409691592179,Accept,Accept,Accept,Accept,0.7417508212016989
0.8785666268857047,0.9387929844861764,0.010688085740013663,-0.13990991391034502,0.17805002200411746,Accept,"Z1, Z2, Z4",1.3794267087812024,0.010688085740013663,-0.14071018817509948,0.16386533717581547,Accept,1.420490199817703,Accept,Accept,Accept,Accept,0.46489943695198066
1.0748703446694348,1.006980379529981,-0.009025538756109907,-0.23907653231006273,0.14604727461792255,Accept,"Z1, Z2, Z4",1.871674526627566,-0.009025538756109907,-0.1758920317446842,0.16909814625941605,Accept,1.521366996426866,Reject,Reject,Accept,Accept,0.9881272015364608
1.2151765727052668,0.9689759058108479,-0.062442094595066854,-0.2847381243511499,0.056288139833855895,Accept,"Z1, Z2, Z4",1.3940920066839524,-0.062442094595066854,-0.2347491934520552,0.110583292061461,Accept,1.3216072842827713,Reject,Reject,Accept,Accept,1.0447968204995979
0.9111328538707477,0.9687506597115438,0.03612738537395713,-0.13248817869012927,0.22223817592611775,Accept,"Z1, Z2, Z4",1.141670862338528,0.03612738537395713,-0.1313224815973762,0.19572243591352942,Accept,1.3681183515478827,Accept,Accept,Accept,Accept,0.28424908576898245
1.0875356180244748,1.0257270453368625,-0.03126353325373344,-0.20978604321821706,0.12659721329012422,Accept,"Z1, Z2, Z4",1.4314032801510552,-0.03126353325373344,-0.19045739627404745,0.12938776369540597,Accept,1.4082458384134358,Accept,Accept,Accept,Accept,0.40689852895910483
1.0337235348755205,0.9846688130506442,-0.00908122650125231,-0.17694694981975487,0.1848600315097794,Accept,"Z1, Z2, Z4",1.2535174395879987,-0.00908122650125231,-0.17644094920258377,0.1647193773353549,Accept,1.2751296266816017,Accept,Accept,Accept,Accept,0.45197942422011184
1.05841965461573,1.0293880821532735,0.039246295766413676,-0.19820609300362257,0.17673069934140065,Accept,"Z1, Z2, Z4",1.830207375375679,0.039246295766413676,-0.13702290211331328,0.22887321999099539,Accept,1.535232586742491,Accept,Accept,Accept,Accept,0.382453175143218
0.5037201095167356,0.9279760877620987,0.18236920167840656,-0.06742079335335159,0.39908926336920064,Accept,"Z1, Z2, Z4",1.2891549431498133,0.18236920167840656,-0.03385946008069645,0.40040701914364196,Accept,1.286589385262136,Accept,Accept,Accept,Reject,1.2986758044704882
1.1985607349156053,1.036984408942316,-0.05434451773450775,-0.2506057991381948,0.0800502120315647,Accept,"Z1, Z2, Z4",1.2287449141938982,-0.05434451773450775,-0.21979870082194308,0.10693143404807808,Accept,1.271623067078462,Accept,Accept,Accept,Accept,0.17527738686642694
1.0086629244799943,0.9612397403728674,0.08728958738540846,-0.1410418013257712,0.2108833584585855,Accept,"Z1, Z2, Z4",1.5726209490731593,0.08728958738540846,-0.0868333038799172,0.27258795045401263,Accept,1.5566821154771804,Accept,Accept,Accept,Accept,0.8514775684173583
1.110013332861199,1.0159773326338122,0.015035008289495827,-0.22656828568200613,0.19269425759482656,Accept,"Z1, Z2, Z4",1.483590401815035,0.015035008289495827,-0.1928422784522113,0.22681804615149026,Accept,1.433584586323108,Accept,Accept,Accept,Reject,1.0509546783958887
0.853053436604231,0.969740310110991,0.0629289853963526,-0.08582656825357168,0.2524710207305874,Accept,"Z1, Z2, Z4",1.8734712512762346,0.0629289853963526,-0.09879422715377775,0.23089563236760763,Accept,1.405837778924975,Accept,Accept,Accept,Accept,0.8224147251165908
1.232946562041627,1.0960464829984817,-0.034625630822560906,-0.3145033120971215,0.07621374608894971,Accept,"Z1, Z2, Z4",1.5591686760543282,-0.034625630822560906,-0.22433401190843977,0.1764085599203794,Accept,1.4675715468323454,Accept,Accept,Accept,Accept,0.9388333604673317
0.9640237143799828,0.9108514411321753,-0.008638959588802763,-0.1751422115708749,0.20907578142227554,Accept,"Z1, Z2, Z4",1.7275667395505192,-0.008638959588802763,-0.177834233218163,0.1856155799849017,Accept,1.4423772903091296,Accept,Accept,Accept,Accept,0.719322166284169
0.9037478712174667,0.9742528747890399,0.0059773953142796795,-0.13081474285452,0.22472611229954914,Accept,"Z1, Z2, Z4",1.8139500404534323,0.0059773953142796795,-0.15891538501935326,0.17164774600236166,Accept,1.6158808510318245,Accept,Accept,Accept,Accept,0.8913640879254917
0.971368969118439,0.9493852328494872,0.09555442660287337,-0.13511590316852826,0.2229005493641824,Accept,"Z1, Z2, Z4",1.4504403411856939,0.09555442660287337,-0.08413653244551376,0.27687691902556827,Accept,1.4144283764492618,Accept,Accept,Accept,Accept,0.6709223257621626
0.9571036708547027,1.0192494110305224,0.094624302217572,-0.1550161316518258,0.23965698060426746,Accept,"Z1, Z2, Z4",1.1943044564586163,0.094624302217572,-0.07736422483215169,0.29310640703587254,Accept,1.2717275948493234,Accept,Accept,Accept,Accept,0.48864054171242044
0.7926477342211474,1.0972377820136494,-0.06586517493216919,-0.3267696525137418,-0.019201380765919256,Reject,"Z1, Z2, Z4",1.3516609341847572,-0.06586517493216919,-0.2177087094359449,0.09080205660296772,Accept,1.4965296672838837,Reject,Accept,Accept,Reject,1.097688673758119
1.0544797843686793,0.9943325444266361,-0.028870305493211044,-0.22759157944984776,0.13714019156759163,Accept,"Z1, Z2, Z4",1.5642200421936006,-0.028870305493211044,-0.19961031624743966,0.14616516005127145,Accept,1.3226333422265861,Accept,Accept,Accept,Accept,0.11957741258152585
1.2599208302874272,0.941306066475138,0.027085622378487047,-0.2104641231457281,0.1048447785205054,Accept,"Z1, Z2, Z4",1.512047611030962,0.027085622378487047,-0.13183664083342034,0.18559497631327926,Accept,1.6088865119507394,Accept,Accept,Accept,Accept,0.7967120649183851
0.7731889215913664,0.9074978924483641,0.1234235177610832,-0.07148829947703236,0.2900896853116312,Accept,"Z1, Z2, Z4",1.3578565040706212,0.1234235177610832,-0.056792282444756086,0.2966604362222917,Accept,1.3954824902592566,Reject,Accept,Accept,Accept,0.561040715311095
0.7701334818966825,0.8969285832092087,0.14077352181795083,-0.022670826624979913,0.28438495056431923,Accept,"Z1, Z2, Z4",1.4546889897719588,0.14077352181795083,-0.025922150390940094,0.29824949613315477,Accept,1.3673464974891616,Reject,Reject,Accept,Reject,1.4521715105539788
0.9062787811128747,1.022634585895279,-0.02276213438550665,-0.2240453037174293,0.23485120095617612,Accept,"Z1, Z2, Z4",1.293432861958435,-0.02276213438550665,-0.25357023662926015,0.18748180225698746,Accept,1.4173139759723867,Accept,Accept,Accept,Accept,0.41502260898845
1.177157030822511,1.1135909047578312,-0.27493448941553617,-0.4506922151423709,-0.09236248688140374,Reject,"Z1, Z2, Z4",1.1969384243040246,-0.27493448941553617,-0.46553250262257584,-0.09038995689028143,Reject,1.2685524610617656,Reject,Reject,Accept,Accept,0.9823512389467189
1.1428829053046534,1.070020070430737,-0.08778640733578967,-0.24983011632082092,0.072521415370882,Accept,"Z1, Z2, Z4",1.4822649082890555,-0.08778640733578967,-0.26077382627930257,0.08794742948906938,Accept,1.429060642246187,Accept,Accept,Accept,Accept,0.9178227340231766
0.8232447511080124,0.9821222328561892,0.1045286567235749,-0.08283460978297941,0.21045495475747983,Accept,"Z1, Z2, Z4",1.7080378635314164,0.1045286567235749,-0.0438319065720492,0.2517523543474485,Accept,1.4310476151951708,Accept,Accept,Accept,Accept,0.21620830737034102
0.7699372394473059,1.0198995421514938,0.06725089229868235,-0.13578239071529025,0.30566079024301307,Accept,"Z1, Z2, Z4",1.3854090265818624,0.06725089229868235,-0.1373530108942106,0.2713941329511303,Accept,1.1280221827111887,Accept,Accept,Accept,Accept,1.0858634296947658
0.7818494578619448,0.9561531990454031,0.03630324135949122,-0.06570840774957015,0.28454737634590943,Accept,"Z1, Z2, Z4",1.250923959838431,0.03630324135949122,-0.14728538609223038,0.19442245768883104,Accept,1.2081784938738627,Accept,Accept,Accept,Accept,0.5005936934714027
0.9456507416330838,1.0360888761701927,-0.016762451323859905,-0.19429877767422932,0.15682420893913762,Accept,"Z1, Z2, Z4",1.316962100727527,-0.016762451323859905,-0.1852736538959713,0.16064886836490078,Accept,1.3302929394402698,Accept,Accept,Accept,Accept,0.8958386914397061
0.8554124801685551,1.040371586800615,0.055865568397013586,-0.11168800945523813,0.2640432267655721,Accept,"Z1, Z2, Z4",1.38334085843278,0.055865568397013586,-0.12721988855825145,0.2439731579907299,Accept,1.2907158797173404,Accept,Accept,Accept,Accept,1.1732101771041048
0.8106072529164274,0.9331542596352991,0.0679224478227579,-0.11812722976696846,0.33002163681522395,Accept,"Z1, Z2, Z4",1.3405775487887468,0.0679224478227579,-0.1388566014322718,0.27752073440669156,Accept,1.3299063872451808,Accept,Accept,Accept,Accept,0.6105554050283573
0.9457711387830648,0.973861819610365,0.003493316015931732,-0.15987405694180928,0.1971834604959563,Accept,"Z1, Z2, Z4",1.4568537703066429,0.003493316015931732,-0.17717453300387048,0.16158158891243413,Accept,1.4325149080939585,Accept,Accept,Accept,Accept,0.3410778055455577
1.1047629040856708,0.9781966907340605,-0.11268755671293744,-0.217290188667495,0.09455622453731738,Accept,"Z1, Z2, Z4",1.4661726297698308,-0.11268755671293744,-0.2563073136487493,0.044040987537225774,Accept,1.4284831222110652,Accept,Accept,Accept,Accept,0.8998597661837696
0.8884543075188827,1.0142710084772595,-0.011362288750069007,-0.16331167393345652,0.158829275417173,Accept,"Z1, Z2, Z4",1.5022402240230128,-0.011362288750069007,-0.16585772929092604,0.1430999928984186,Accept,1.4038848599550733,Accept,Accept,Accept,Accept,0.16769324909612868
0.8149876500509474,1.0281993907429414,0.03837569709825661,-0.2199363682328379,0.19544496693571456,Accept,"Z1, Z2, Z4",1.6198017262582907,0.03837569709825661,-0.16061034858609163,0.23147142265602547,Accept,1.5031336298531048,Accept,Accept,Accept,Accept,1.1775877591142578
1.115087527858205,1.0854516519444324,-0.04057717211919321,-0.3282687909705098,0.10662197975266778,Accept,"Z1, Z2, Z4",1.4722220063912312,-0.04057717211919321,-0.23409666622019168,0.16550432350749875,Accept,1.2679645354894504,Accept,Accept,Accept,Accept,0.7844769328000958
0.915839912119048,0.9419549972847212,0.06047525454116435,-0.12357841413677673,0.22569834871760316,Accept,"Z1, Z2, Z4",1.6856403923893901,0.06047525454116435,-0.10298320524040469,0.22510208891628697,Accept,1.581362599549528,Accept,Accept,Accept,Accept,0.24659753812175608
0.9092148491552092,1.0327387809472584,-0.09213657355861361,-0.2070104567282439,0.22935682154262343,Accept,"Z1, Z2, Z4",1.404358460156793,-0.09213657355861361,-0.30465886670354625,0.12044132268842811,Accept,1.3840835562203395,Accept,Accept,Accept,Accept,0.8664550171873273
0.7589915254375521,1.0090495975836136,0.010747944537831705,-0.13626635402934179,0.2856514008970529,Accept,"Z1, Z2, Z4",1.5529947830987667,0.010747944537831705,-0.190018250649112,0.21263986751370015,Accept,1.466110472336102,Accept,Accept,Accept,Accept,0.7963601846641772
1.0395235784237442,1.0328119617655382,-0.028715070411329497,-0.1930619528572174,0.13420760462512812,Accept,"Z1, Z2, Z4",1.2678748712611503,-0.028715070411329497,-0.20625799420937668,0.14655283174317799,Accept,1.3953063869002955,Accept,Accept,Accept,Reject,1.1789125437871955
0.9675372722183754,0.9932575229107605,-0.09860786945584057,-0.24353821267831055,0.06094018693576943,Accept,"Z1, Z2, Z4",1.2545314015448605,-0.09860786945584057,-0.25473652337711894,0.04115735294006139,Accept,1.2477736230489274,Accept,Accept,Accept,Accept,0.26680187814516176
0.869931771588629,0.9257336852198652,0.07100967021604274,-0.07145059230098234,0.2584456644674954,Accept,"Z1, Z2, Z4",1.6718801664037284,0.07100967021604274,-0.10529331770125186,0.23860213463157823,Accept,1.4681026830565522,Accept,Accept,Accept,Accept,0.9430743973606144
0.9033371321617908,0.9376587070634145,0.1246331441982124,-0.07784327361701801,0.2884070237043382,Accept,"Z1, Z2, Z4",1.2984002032782445,0.1246331441982124,-0.03833743946984899,0.299092459212047,Accept,1.5858791494109128,Accept,Accept,Accept,Accept,1.1068807598771928
1.2963326883858615,0.9953352893934992,-0.12919033760250273,-0.29762633892233137,0.05794035992217992,Accept,"Z1, Z2, Z4",1.6423189312728437,-0.12919033760250273,-0.3036663022160306,0.04234131245808601,Accept,1.3533567026404432,Accept,Accept,Accept,Accept,0.37951271894864924
0.9134677080006414,0.8674012881678512,0.14401217184500623,-0.02663111905075959,0.30868479408111066,Accept,"Z1, Z2, Z4",1.5737909820472047,0.14401217184500623,-0.021438219471317115,0.30732474251337005,Accept,1.4304015790248215,Accept,Accept,Accept,Accept,0.20287391549617032
0.8661801090628664,0.838506950096138,0.21921919076653285,0.01155370704917184,0.46558302065494606,Reject,"Z2, Z4",1.8566094694257682,0.21921919076653285,0.03356653677444466,0.40144669129455074,Reject,1.84845430996807,Accept,Accept,Accept,Reject,1.4579372110262894
1.0258829207067113,0.9982882981468498,-0.10919624702941096,-0.291360415393258,0.11827999516998257,Accept,"Z1, Z2, Z4",1.6695506831598201,-0.10919624702941096,-0.2809415850563758,0.07546533959342885,Accept,1.5428027835072897,Accept,Accept,Accept,Accept,0.6923218503032854
0.7665988433229378,0.8626095354366753,0.079455024038277,-0.0032767430289572866,0.3006511515385544,Accept,"Z1, Z2, Z4",1.5806852570931884,0.079455024038277,-0.07195766463045034,0.23166492733212599,Accept,1.3761852049680425,Reject,Accept,Accept,Accept,0.7081952013586533
0.7404944678297091,0.9636341780547272,0.16206641777778866,-0.04800323878807709,0.37873368045320244,Accept,"Z1, Z2, Z4",1.6719118501943375,0.16206641777778866,-0.0400763058920209,0.3631454073361134,Accept,1.423077162243566,Accept,Accept,Accept,Accept,0.7529784086751186
0.8482413059223672,0.9588153750946633,0.029455988674123943,-0.07091457538599946,0.28069079996586693,Accept,"Z1, Z2, Z4",1.5118596245129212,0.029455988674123943,-0.13998630896437944,0.1971265186222706,Accept,1.4268480444208527,Accept,Accept,Accept,Accept,0.7899380147758613
1.0519935596014485,1.0403961643256026,-0.02696556918489217,-0.19970388509714088,0.18467978810615893,Accept,"Z1, Z2, Z4",1.3207671420907192,-0.02696556918489217,-0.21784657183080375,0.17577131507210492,Accept,1.4521913750250082,Accept,Accept,Accept,Accept,0.5300396663647244
0.9762930010499766,0.9694909884761553,-0.06194459429107346,-0.25570886260054215,0.17796353718454477,Accept,"Z1, Z2, Z4",1.4859771150194498,-0.06194459429107346,-0.2730605143720952,0.1513520622741297,Accept,1.4330647096046203,Accept,Accept,Accept,Accept,0.86344096862302
0.913957611239833,0.8514785083899369,0.08227653413167185,-0.05946390916418722,0.2700050673091624,Accept,"Z1, Z2, Z4",1.4369172646413484,0.08227653413167185,-0.08231943599441036,0.22780611990744862,Accept,1.4082357318786078,Accept,Accept,Accept,Accept,0.7250381269293066
0.8879368075465525,0.9610069794136232,0.10748007973245977,-0.11813045832787239,0.275349615963548,Accept,"Z1, Z2, Z4",1.4083476014807723,0.10748007973245977,-0.0937179180461642,0.2894936982371122,Accept,1.4764118885953301,Accept,Accept,Accept,Accept,0.8766429408272953
1.1271989421899444,0.9461872565044666,0.07052573282611514,-0.08464400416089131,0.24760894969832103,Accept,"Z1, Z2, Z4",1.5192878197980901,0.07052573282611514,-0.10172693676139657,0.23245648899845253,Accept,1.4674739539664485,Reject,Accept,Accept,Accept,0.5369519762664747
0.9738177697777902,1.0628362518981485,0.009505422609399555,-0.26200769686407804,0.08366073985687567,Accept,"Z1, Z2, Z4",1.3845010090845178,0.009505422609399555,-0.15880122033893912,0.17109746892961042,Accept,1.4208716147508624,Accept,Accept,Accept,Accept,0.6561017285278659
0.9619320822137997,1.0254511978459098,-0.05494433939761295,-0.21174638854473088,0.19016038219108597,Accept,"Z1, Z2, Z4",1.6381232707205384,-0.05494433939761295,-0.2331959019247214,0.13505039495896615,Accept,1.7398361242590759,Accept,Accept,Accept,Reject,1.1378706268789622
1.0805118943588714,0.99516988286065855,-0.0699876244834093,-0.2840891700888366,0.029581367308299994,Accept,"Z1, Z2, Z4",1.3867943639328235,-0.0699876244834093,-0.23023385364264665,0.08812039680131747,Accept,1.3322746935297645,Accept,Accept,Accept,Accept,0.6978905532976937
1.3118589034083943,1.1252022631782705,-0.11263765245341044,-0.3859370773107598,-0.019745056231951663,Reject,"Z1, Z2, Z4",1.3591240126971331,-0.11263765245341044,-0.29752970880235524,0.06949387035973978,Accept,1.4560558382205553,Reject,Reject,Accept,Accept,0.8431525207184067
1.2106350318209733,1.0954800448144837,-0.08292947382703808,-0.30025838434064966,0.06526138792511163,Accept,"Z1, Z2, Z4",1.579339785093007,-0.08292947382703808,-0.2599047719349459,0.09935469918071657,Accept,1.5201681625101346,Accept,Accept,Accept,Accept,0.7707541723025514
0.8870673035923826,0.954280605687606,0.09033769884242923,-0.07437712795700309,0.23763558882094307,Accept,"Z1, Z2, Z4",1.553554892725705,0.09033769884242923,-0.07169569350728609,0.24149139886669402,Accept,1.3380241567087834,Accept,Accept,Accept,Accept,0.4815430414565142
1.1842502673888038,0.9864694970679229,-0.005793551719542238,-0.18270243640808148,0.14108828282911767,Accept,"Z1, Z2, Z4",1.609482470427293,-0.005793551719542238,-0.1535744242592194,0.1672886044363158,Accept,1.526918789866602,Accept,Accept,Accept,Accept,0.4189644102045578
0.7964744734156982,0.9525112739922384,0.05910970344237991,-0.09384650149862167,0.19137743549089029,Accept,"Z1, Z2, Z4",1.1156130530549546,0.05910970344237991,-0.07653602327100621,0.20002767413027955,Accept,1.2079018455876163,Accept,Accept,Accept,Accept,0.4217436163404525
0.8342430607786734,0.9667772596576029,0.1692334926086948,-0.046962264541016846,0.29656477230368555,Accept,"Z1, Z2, Z4",1.4618451361245919,0.1692334926086948,-0.019150015710092082,0.3431986699462535,Accept,1.4903781943959706,Accept,Accept,Accept,Accept,0.11962656238501444
1.1425811867822149,1.07748212066563,-0.14428026242793637,-0.34410719746025237,0.120640672805107,Accept,"Z1, Z2, Z4",1.308881647686971,-0.14428026242793637,-0.3677404355387107,0.08787444277399503,Accept,1.3067754321209686,Accept,Accept,Accept,Accept,0.5049591294189891
1.0022907970825157,1.0744408880286442,-0.027070965087990333,-0.09213825398781007,0.2577752305441645,Accept,"Z1, Z2, Z4",1.6464157626303746,-0.027070965087990333,-0.21257209924774628,0.15423451317545736,Accept,1.2910183095282377,Accept,Accept,Accept,Accept,0.6388607860697907
1.106805546708654,1.1132184725776972,-0.1512952899873652,-0.2883610271285234,0.047336276632522524,Accept,"Z1, Z2, Z4",1.35530330364392,-0.1512952899873652,-0.3121453316550751,0.02766953885899963,Accept,1.2003637532025349,Accept,Reject,Accept,Accept,0.33101575872952044
0.9996260698985522,0.9932624145651306,0.03235268978153284,-0.12679207055500336,0.2094754258731802,Accept,"Z1, Z2, Z4",1.3829316702577734,0.03235268978153284,-0.13470828541672553,0.20706627175874587,Accept,1.4237101225409308,Accept,Accept,Accept,Accept,0.7278076191999664
0.7235399539234502,0.9510749758460707,0.06694556348527274,-0.06217862740296319,0.3160727893704,Accept,"Z1, Z2, Z4",1.5190541741861534,0.06694556348527274,-0.12709265568131065,0.26201225464871764,Accept,1.3528851580925791,Reject,Accept,Accept,Accept,1.021646371632285
1.0331581189844818,1.0176526354774718,-0.05162659629342161,-0.19313471910568128,0.12523964356718972,Accept,"Z1, Z2, Z4",1.7365955585654875,-0.05162659629342161,-0.19403764678210897,0.098778235838333,Accept,1.511274520021795,Accept,Accept,Accept,Accept,1.006756858949018
0.8577187030956567,0.9161578515741948,0.09875908645432918,-0.08024756755567759,0.3193123303839438,Accept,"Z1, Z2, Z4",1.3756366405874056,0.09875908645432918,-0.09986882665959793,0.28841451985485245,Accept,1.3324005730714361,Accept,Accept,Accept,Accept,0.807597115580256
0.752891519950827,0.9058058013760601,0.1229781935021185,-0.02416813702888379,0.34593359831210524,Accept,"Z1, Z2, Z4",1.4733008403702348,0.1229781935021185,-0.050377352413024774,0.30010672656551796,Accept,1.32808893032096,Accept,Accept,Accept,Accept,0.5964015754455407
1.0775617420882802,1.034718091831166,0.03680520503968296,-0.30946159784197763,0.07469938611114886,Accept,"Z1, Z2, Z4",1.6478564176061063,0.03680520503968296,-0.13773916305683157,0.2118149978902092,Accept,1.3620075416884947,Accept,Accept,Accept,Accept,0.1596671425229673
0.8610344410281047,0.975950970089939,0.0676795872540791,-0.17588214181857986,0.19663635141322972,Accept,"Z1, Z2, Z4",1.3578582738364033,0.0676795872540791,-0.09459861923607216,0.2284027187908148,Accept,1.3889871668426874,Accept,Accept,Accept,Accept,0.19822972341221928
1.0217328034594317,0.9123512543732281,0.10552064236320344,-0.1124072599136183,0.2354522650712788,Accept,"Z1, Z2, Z4",1.5514789017055555,0.10552064236320344,-0.07455078100956329,0.29327693336638744,Accept,1.3071821565030552,Accept,Accept,Accept,Accept,0.870087735405853
0.9682447927341005,0.9542492326505825,-0.013046500967929048,-0.14743743780658833,0.16597583477183897,Accept,"Z1, Z2, Z4",1.4482325753138943,-0.013046500967929048,-0.1734690614380789,0.1347090855290123,Accept,1.2649210422565575,Reject,Accept,Accept,Accept,0.6443677207520688
0.9555500436603379,1.0705857119453674,-0.02449637683024907,-0.278550402127067,0.1289739076252551,Accept,"Z1, Z2, Z4",1.4353944102956928,-0.02449637683024907,-0.22173577210411471,0.16693958049783914,Accept,1.3872928633425008,Accept,Accept,Accept,Accept,0.630965086839337
0.9833469284061795,1.0471067988056981,-0.026773031820959293,-0.18069284184593917,0.19206859984622265,Accept,"Z1, Z2, Z4",1.2348648258190091,-0.026773031820959293,-0.20569077286440582,0.15276423219149493,Accept,1.4112623122269088,Accept,Accept,Accept,Reject,0.9652498201121992
0.9086030388668764,1.0685414479083077,-0.03351505979400097,-0.2638195884554212,0.18672406164030253,Accept,"Z2, Z4",1.4049737791924928,-0.03351505979400097,-0.2143297755319999,0.15282409881477105,Accept,1.3570861357282487,Accept,Accept,Accept,Accept,0.7628306729161386
1.1624795845521316,1.0034520073946114,-0.010564571651728822,-0.20751141258378566,0.1648700142149564,Accept,"Z1, Z2, Z4",1.683799398645268,-0.010564571651728822,-0.1945288761946724,0.1723144827368599,Accept,1.5880949856403708,Accept,Accept,Accept,Accept,1.0145413002206543
0.9744440877165342,0.9230905593238576,0.12324676879301016,-0.10528903116676522,0.2716632289265082,Accept,"Z1, Z2, Z4",1.637468378822893,0.12324676879301016,-0.056850002359934655,0.29913552761153,Accept,1.609315349442732,Accept,Accept,Accept,Accept,0.6386515846543881
1.0226961530142067,1.1215888761825616,-0.06887461471485434,-0.22975863798902227,0.14533636265354513,Accept,"Z1, Z2, Z4",1.6466307584722515,-0.06887461471485434,-0.25881735891844,0.1163964468610745,Accept,1.573769074207403,Accept,Accept,Accept,Reject,1.3103667042137994
1.1463428510849631,1.0679535993154057,-0.07295598753272535,-0.33594842016541004,0.07464387828433192,Accept,"Z1, Z2, Z4",1.3553059662254874,-0.07295598753272535,-0.29626245140608415,0.14858134223573372,Accept,1.172875049049438,Reject,Accept,Accept,Accept,1.2000376019355947
0.8424937284724248,0.9814013910030047,-0.0651321725520391,-0.183123175248098,0.10883855914003457,Accept,"Z1, Z2, Z4",1.6027298481866146,-0.0651321725520391,-0.2112929718555962,0.07580828108944186,Accept,1.4257240627811714,Accept,Accept,Accept,Accept,0.3859534414563019
1.0455874307334534,0.9456421658512376,0.02622077454226493,-0.11615645657041516,0.1743604473919353,Accept,"Z1, Z2, Z4",1.3151999081458279,0.02622077454226493,-0.12100076492177876,0.1653885752112749,Accept,1.522931724604578,Accept,Accept,Accept,Accept,0.8623634144815264
0.9278068813892951,0.956997384840357,0.07972647569448256,-0.05160106138111169,0.30842915427643525,Accept,"Z1, Z2, Z4",1.7686288718257892,0.07972647569448256,-0.09550463935218145,0.2518123648797994,Accept,1.651184139982926,Accept,Accept,Accept,Accept,1.0422484014205686
0.806508688988339,0.9683375655892562,0.11751857537071736,-0.011398685522945692,0.33387092937900564,Accept,"Z1, Z2, Z4",1.6172057024244364,0.11751857537071736,-0.048293132406860326,0.3004885777695111,Accept,1.5890341682051363,Accept,Accept,Accept,Accept,0.21210587729301433
1.0272817318589105,1.0401091328173593,-0.07715236406964768,-0.2928785970731801,0.15045390920883703,Accept,"Z1, Z2, Z4",1.509805447192824,-0.07715236406964768,-0.28837318361538217,0.13445713699027068,Accept,1.6614871918066252,Accept,Accept,Accept,Accept,0.5480770265495226
0.8974663716421158,0.9736860893077702,0.06028212612262754,-0.07957766746451533,0.23628490644949401,Accept,"Z1, Z2, Z4",1.4506257594248952,0.06028212612262754,-0.09809079263867285,0.2202644389299722,Accept,1.5849714318516464,Reject,Reject,Accept,Reject,1.2319375646274462
0.9770385668329811,1.0103586201403172,0.06670606556148712,-0.19248361994433366,0.15399556953648294,Accept,"Z1, Z2, Z4",1.6983939682070177,0.06670606556148712,-0.08081175618269829,0.2196227918356871,Accept,1.6032717557787493,Accept,Accept,Accept,Accept,0.6744311406196014
0.8027834477179147,0.8375903123570683,0.1517215896925356,-0.020732363711911492,0.3907011074273655,Accept,"Z1, Z2, Z4",1.7488824940495673,0.1517215896925356,-0.0449430432978103,0.34685268683515547,Accept,1.59622201429439,Accept,Accept,Accept,Accept,0.729569628867419
0.906700356147298,1.0217308659699333,-0.03784875909016599,-0.21804905211256898,0.16348046746486383,Accept,"Z1, Z2, Z4",1.1859251116268783,-0.03784875909016599,-0.22102734353855868,0.14770154214878267,Accept,1.1073345789126623,Accept,Accept,Accept,Accept,0.11063446765787928
0.9876871206776471,1.0578339143899531,0.006711076649186288,-0.1572057445302628,0.14809158631974592,Accept,"Z1, Z2, Z4",1.2252441873533804,0.006711076649186288,-0.14898003025748305,0.1631302839956284,Accept,1.1987506557299805,Reject,Accept,Accept,Accept,0.7764562711628701
0.8067866949086738,1.0047978466620675,-0.08173860542387824,-0.20982466618617807,0.15561622509583314,Accept,"Z1, Z2, Z4",1.3643462070599717,-0.08173860542387824,-0.25889788642456013,0.0934713719194269,Accept,1.2252015697745362,Accept,Accept,Accept,Accept,0.36757324080104997
0.9087170641224467,1.0356042769580147,0.06673678640746408,-0.1544629212020298,0.28639086680204767,Accept,"Z1, Z2, Z4",1.2183752072284648,0.06673678640746408,-0.15204952010713005,0.28422654287120097,Accept,1.12267776054347,Accept,Accept,Accept,Accept,0.3117226687873475
0.8280427371296436,0.9476018197077903,0.027672405440702846,-0.16137455117669247,0.14768347807191778,Accept,"Z1, Z2, Z4",1.727409804418936,0.027672405440702846,-0.1219245685076913,0.18227752140226253,Accept,1.4493166495914247,Accept,Accept,Accept,Accept,0.8785778811327852
1.0729597223795053,1.1236733642447223,-0.1860018166569602,-0.3764169361472901,-0.003335917133639385,Reject,"Z1, Z2, Z4",1.2245982492020588,-0.1860018166569602,-0.36496971645868975,-0.007255324642014499,Reject,1.3953171586209634,Accept,Accept,Accept,Accept,1.0715780631088254
0.7470321298306503,0.9322743015010133,0.1193081917276036,-0.09010939485017265,0.4591012763200032,Accept,"Z1, Z2, Z4",1.36964423188854,0.1193081917276036,-0.14609162765263883,0.37383611732759403,Accept,1.3131817394104486,Reject,Accept,Accept,Reject,1.0292107244240587
0.8752660342729016,0.9211147911004701,0.13356338093218356,-0.0674087674529745,0.2964566019829136,Accept,"Z1, Z2, Z4",1.3153728755854452,0.13356338093218356,-0.04207604775621818,0.3096444401563317,Accept,1.3608423600737647,Accept,Accept,Accept,Accept,0.6404352469407693
0.99830947747233,0.9569678095516991,0.024558235688342894,-0.12284185842339898,0.17278063852207015,Accept,"Z1, Z2, Z4",1.6535582938376685,0.024558235688342894,-0.12744066553564876,0.1612523238725435,Accept,1.5478630077345366,Accept,Accept,Accept,Accept,1.116448003753442
1.0137653759100136,0.9291239225773487,0.06561512850872907,-0.11010528253496676,0.1851137153008527,Accept,"Z1, Z2, Z4",1.4834269094233195,0.06561512850872907,-0.07545510464473261,0.21992091945328462,Accept,1.613023957277723,Accept,Accept,Accept,Accept,0.5804537795173246
0.8654516009410564,1.0095367336302647,0.10244299807757797,-0.05176463974338186,0.318738442245301,Accept,"Z1, Z2, Z4",1.1586748572079524,0.10244299807757797,-0.07823237908936734,0.2959174367119608,Accept,1.2939553080493433,Accept,Accept,Accept,Accept,0.48455822820956385
0.8703890507697326,0.9574982177825132,0.1578698887084907,-0.022220655971014386,0.345809966771206,Accept,"Z1, Z2, Z4",1.292344649745467,0.1578698887084907,-0.011023371083383818,0.3168018904242267,Accept,1.282543054174873,Accept,Accept,Accept,Accept,0.3850571955929058
0.5251655745423817,0.9739222076701969,0.1849364174483152,-0.042213461226654675,0.40016641164446404,Accept,"Z1, Z2, Z4",1.3915218229543376,0.1849364174483152,-0.025940495978454783,0.4152191578746806,Accept,1.3417525748005297,Accept,Accept,Accept,Accept,0.9015057119072093
0.6221665168901934,0.911087320583739,0.2039487371065204,0.05076704670993165,0.4680773472989463,Reject,"Z1, Z2, Z4",1.8804890823822407,0.2039487371065204,0.018825558471523077,0.39439515849018447,Reject,1.6461013886632412,Accept,Accept,Accept,Accept,1.1360070572325338
0.742055846282054,0.9578947416468441,0.09708826565194487,-0.14117939532885523,0.28013972495796985,Accept,"Z1, Z2, Z4",1.1994405872504206,0.09708826565194487,-0.09316761988374037,0.29069270904240974,Accept,1.2895926940678188,Accept,Accept,Accept,Reject,1.1534534981164462
0.9058158175159219,0.9743333112904592,-0.018156525391043253,-0.16993991838553552,0.20345120619188525,Accept,"Z1, Z2, Z4",1.5302976215330093,-0.018156525391043253,-0.2024662043433142,0.16852769938703097,Accept,1.4626101860618994,Accept,Accept,Accept,Accept,0.24106120354187843
1.0687051769186842,1.0166964369175548,-0.11220557749684543,-0.20447401091943368,0.08292460807857283,Accept,"Z1, Z2, Z4",1.597183667655963,-0.11220557749684543,-0.2620600328647636,0.037295633330963134,Accept,1.5007787368531436,Accept,Accept,Accept,Accept,0.9490138919396476
0.8375096219348396,0.9537469559971795,-0.002690476689644856,-0.15894166338945281,0.23453627697872098,Accept,"Z1, Z2, Z4",1.5374990801158632,-0.002690476689644856,-0.17986672858366182,0.18787845817015975,Accept,1.302117336943841,Accept,Accept,Accept,Accept,0.39330341871342195
1.1022638595976522,1.0370369927989134,0.040185501221222164,-0.2681579031211105,0.1284332128615226,Accept,"Z1, Z2, Z4",1.7945475393294474,0.040185501221222164,-0.14236578405192685,0.21859388088582407,Accept,1.5659755408941607,Accept,Accept,Accept,Accept,1.169217830985869
1.0494820325416134,1.0370236826706034,-0.01122386167332803,-0.29928145740485285,0.10765157474237816,Accept,"Z1, Z2, Z4",1.7955589718184919,-0.01122386167332803,-0.19305059503034816,0.189275629005027,Accept,1.5498757810210002,Reject,Accept,Accept,Accept,0.6421946337477266
1.0040050490522536,0.9976218987604953,0.007685505275139506,-0.1603430831662329,0.12187080049614454,Accept,"Z1, Z2, Z4",1.1303705027319062,0.007685505275139506,-0.133533267797729,0.14090572549800567,Accept,1.1641479796015757,Accept,Accept,Accept,Accept,0.6396131298310431
1.0829079714471974,0.9372038938613545,-0.04370049053819857,-0.16605235919441855,0.16182475749795133,Accept,"Z1, Z2, Z4",1.2490918177088097,-0.04370049053819857,-0.21443100343264312,0.13497132849004803,Accept,1.23705091381173,Accept,Accept,Accept,Accept,0.469283122689374
1.1347323175922182,1.0064308246663367,-0.096183359791568,-0.239634984926163,0.1041872115019977,Accept,"Z1, Z2, Z4",1.3693233940479999,-0.096183359791568,-0.26315166820636143,0.060245165640123624,Accept,1.2561139514249404,Reject,Accept,Accept,Accept,0.3461040379289962
0.8993760366246395,0.953018451142769,0.14323690171869127,-0.0758851399148972,0.3189282484129472,Accept,"Z1, Z2, Z4",1.7395055195214733,0.14323690171869127,-0.05023516134475113,0.32342993182817686,Accept,1.493461147704647,Accept,Accept,Accept,Reject,1.1567112496635794
1.0110435116634964,0.9815276144536452,0.024691605509976008,-0.1668166169260595,0.16335858002876516,Accept,"Z1, Z2, Z4",1.3745929692396877,0.024691605509976008,-0.14149398209433642,0.18373432641245047,Accept,1.4798184618183805,Accept,Accept,Accept,Accept,0.4031350997085712
1.0223428071183354,0.9913737361682979,-0.06982195311216481,-0.22047576942759567,0.07882685101595244,Accept,"Z1, Z2, Z4",1.571098599646036,-0.06982195311216481,-0.22274129947177684,0.07693725485296331,Accept,1.6744413347858653,Accept,Accept,Accept,Accept,1.1066664597678184
1.0438485737074552,1.0237474913937403,-0.09631415203693232,-0.25265827875890434,0.09476695599530194,Accept,"Z1, Z2, Z4",1.3567426671400817,-0.09631415203693232,-0.2734677088008093,0.08451691618009408,Accept,1.4054102789241163,Accept,Accept,Accept,Accept,0.74061204797105
1.0083926241156056,0.9388010851630445,0.05197218396321056,-0.20071823713870018,0.15417768501351606,Accept,"Z1, Z2, Z4",1.2434220511375986,0.05197218396321056,-0.11353047616374662,0.21330697522801023,Accept,1.1296163599275482,Accept,Accept,Accept,Reject,0.9794616917515567
0.8315400171138607,1.0138278542755297,0.10395790044959588,-0.07770591233226751,0.28976253599854956,Accept,"Z1, Z2, Z4",1.427498229705373,0.10395790044959588,-0.07993208285609639,0.28587910163910324,Accept,1.4702413467344853,Accept,Accept,Accept,Accept,0.5213016585996654
0.7509522086168017,0.9265013075729726,0.18290322034211595,-0.04061265016936519,0.37313301660353193,Accept,"Z1, Z2, Z4",1.3407591253474171,0.18290322034211595,-0.0016814401749316865,0.3631583325510464,Accept,1.4759688440129084,Accept,Accept,Accept,Accept,0.8671371208426365
1.2341395544721514,0.8705314749944019,-0.07592282990209943,-0.12394684288664472,0.1482311585209423,Accept,"Z1, Z2, Z4",1.5516850084475073,-0.07592282990209943,-0.2163520676020929,0.07545381528689431,Accept,1.3265831980970029,Accept,Accept,Accept,Accept,0.8501092969266565
0.5910697394406107,0.9212247387751225,0.028034834666608777,-0.12322493213914495,0.24866932436481415,Accept,"Z3, Z4, X4, X6",1.2551592441031454,0.028034834666608777,-0.1459299538393482,0.18303885780345383,Accept,1.211656474368955,Reject,Accept,Accept,Accept,0.5210636679105118
0.9533567445790576,0.9835495480281582,-0.022591060103354123,-0.1911754596561578,0.1513129907294573,Accept,"Z1, Z2, Z4",1.5420603159748965,-0.022591060103354123,-0.18551597981104964,0.14211910519473828,Accept,1.60977711300743,Accept,Accept,Accept,Accept,0.3295356366689381
1.1533836511011224,1.1048928474995163,-0.047268505400606946,-0.3421946412410405,0.20272802143482263,Accept,"Z2, Z4",1.4725765423274848,-0.047268505400606946,-0.29394645629852584,0.15270091269523706,Accept,1.6578098420910439,Accept,Accept,Accept,Accept,0.880209471355323
0.9244702591077293,0.8901126800962116,0.028448312597395223,-0.14068573388075517,0.14966689567347136,Accept,"Z1, Z2, Z4",1.3186044196940787,0.028448312597395223,-0.11520445350882053,0.17965072978257934,Accept,1.2892495242272606,Accept,Accept,Accept,Accept,1.2304524665997636
0.8649681589340593,1.017373142169286,0.0502007035248679,-0.16540003199432995,0.2143495764407102,Accept,"Z1, Z2, Z4",1.4961220037044003,0.0502007035248679,-0.11458990244955745,0.2162821448283204,Accept,1.358548878801237,Accept,Accept,Accept,Accept,0.5975600783247237
0.9608930859119115,0.9410984409148776,0.01042018005381744,-0.17974854259101158,0.16530417593770852,Accept,"Z1, Z2, Z4",1.8927506094320576,0.01042018005381744,-0.16255621219520094,0.19970239364142978,Accept,1.5550929410665821,Accept,Accept,Accept,Accept,0.4413520403619768
1.0951457559279723,0.9869622018557631,-0.0011216225332106795,-0.1950371908852,0.11751100114609819,Accept,"Z1, Z2, Z4",1.5733204394834253,-0.0011216225332106795,-0.16410978280482463,0.16634420078384454,Accept,1.5721026657428343,Accept,Accept,Accept,Accept,0.45076463337893263
1.135626063982261,1.0770141852309576,-0.08432446565679753,-0.2687501644365651,0.1081881778313448,Accept,"Z1, Z2, Z4",1.7243805262363736,-0.08432446565679753,-0.2849798498176106,0.08444034387522681,Accept,1.5762604331077632,Reject,Accept,Accept,Accept,0.6937514655118159
1.0381738084233114,1.0068105017571287,-0.007787901110501564,-0.20354079471095737,0.11367163620620563,Accept,"Z1, Z2, Z4",1.9449710894404604,-0.007787901110501564,-0.17296979175676164,0.16354492109083968,Accept,1.5788518491839618,Accept,Accept,Accept,Accept,0.5302953953427796
1.0932505318082097,1.0053228615053502,0.05733750448483967,-0.14742821942015533,0.15463392151056385,Accept,"Z1, Z2, Z4",1.4270319715272473,0.05733750448483967,-0.10106769449861447,0.21696504623063873,Accept,1.3152905905471863,Accept,Accept,Accept,Accept,0.9997431728268151
0.9135829268792962,0.9491260687640334,0.10168833195615241,-0.05245448189338727,0.32261504101676,Accept,"Z1, Z2, Z4",1.635336136262201,0.10168833195615241,-0.07430684410349064,0.2724616593669927,Accept,1.3690140241829214,Accept,Accept,Accept,Accept,1.098760862113267
0.9533016150678966,0.9175398435970873,0.05465943469229922,-0.08506057944339025,0.2549405244820839,Accept,"Z1, Z2, Z4",1.625715083729335,0.05465943469229922,-0.10763087707864069,0.20943031485757457,Accept,1.440828061978678,Accept,Accept,Accept,Accept,0.11797900094093942
0.9203374348021889,1.029579698135383,-0.06040883862219078,-0.23276336961470756,0.13578802170861295,Accept,"Z1, Z2, Z4",1.5786822145030732,-0.06040883862219078,-0.24099044594356453,0.11880213761507583,Accept,1.4176451789450397,Accept,Accept,Accept,Accept,1.1103735869889428
0.8816527273390437,0.9419790142232013,0.06785216746860358,-0.02194144337105078,0.2277182703614712,Accept,"Z1, Z2, Z4",1.1891579533540904,0.06785216746860358,-0.05535114763824904,0.1942059612812078,Accept,1.1724852383986122,Reject,Reject,Accept,Accept,0.4266877350273623
0.7447717297173201,0.9464801366969979,-0.002304696788842523,-0.10627266032197163,0.18662345400064553,Accept,"Z1, Z2, Z4",1.1481405033115246,-0.002304696788842523,-0.14068187387316353,0.1443466578556757,Accept,1.1383221405356343,Accept,Accept,Accept,Accept,0.74901890763481
0.9651332731984111,0.9141109634374072,0.12032027934942748,-0.08421915647965691,0.2346784123795851,Accept,"Z1, Z2, Z4",1.3136617980079541,0.12032027934942748,-0.05362187522992905,0.2808181705113544,Accept,1.2161012141286092,Accept,Accept,Accept,Accept,0.46084043577420525
0.787636685914882,1.0328170840960118,0.08558445950792523,-0.1219312509252146,0.34027265203898177,Accept,"Z1, Z2, Z4",1.142159801074097,0.08558445950792523,-0.12637696559092268,0.28418895860774057,Accept,1.464470168110035,Accept,Accept,Accept,Accept,0.5960373010649255
1.0992408553787159,1.0400038710270458,-0.10026816624107003,-0.2752105136970088,0.11135765617752544,Accept,"Z1, Z2, Z4",1.201247465189853,-0.10026816624107003,-0.27649148966953574,0.0741607489028542,Accept,1.2456331254327515,Reject,Accept,Accept,Accept,0.22342606827750344
0.9543921367091728,0.8698937380190844,-0.0855085664537966,-0.07898036488551749,0.24800302531159016,Accept,"Z1, Z2, Z4",1.3224436494938905,-0.0855085664537966,-0.2391065239869109,0.08630902308944685,Accept,1.3798425389279871,Reject,Accept,Accept,Accept,1.1679073016487351
1.1951468912632108,1.0502810634564232,-0.07627610186004036,-0.28159958069560004,0.0918012183613377,Accept,"Z1, Z2, Z4",1.37419669714924,-0.07627610186004036,-0.2731289810002526,0.10473169342866033,Accept,1.4261960512077072,Accept,Accept,Accept,Accept,0.7853749204522581
1.0849426752977593,1.0004461281672756,-0.045007194123599596,-0.20584097158032955,0.1072040596743806,Accept,"Z1, Z2, Z4",1.7628875559196735,-0.045007194123599596,-0.20744206822635847,0.09668773513446138,Accept,1.5474492680920398,Accept,Accept,Accept,Accept,0.9453263682086461
0.7219367031864564,1.010431859924076,0.11088502981222369,-0.08174994273687625,0.27666467874406375,Accept,"Z1, Z2, Z4",1.2704416925941697,0.11088502981222369,-0.06147269319503058,0.29000619389752835,Accept,1.3354897455811845,Reject,Reject,Reject,Accept,0.8914497237747016
0.9392781997964262,0.9339298885909542,0.10813790833011412,-0.07048532718265325,0.2827813549603284,Accept,"Z1, Z2, Z4",1.3470193363198844,0.10813790833011412,-0.056688092375410316,0.2716261925640087,Accept,1.5728201669479753,Accept,Accept,Accept,Accept,0.7043873074870481
0.8918485326811993,1.012582401729217,-0.051596070253975085,-0.21990363005725688,0.13808001067324913,Accept,"Z1, Z2, Z4",1.3637977689051501,-0.051596070253975085,-0.2140049125630585,0.1277178646421348,Accept,1.421961628858869,Reject,Accept,Accept,Accept,0.583435567577661
0.7423065097180153,0.9154881011347243,0.07975298688687556,-0.07352469104055573,0.2964540033251757,Accept,"Z1, Z2, Z4",1.4068550917874731,0.07975298688687556,-0.08518662530929126,0.2552409140583719,Accept,1.4628358862831874,Accept,Accept,Accept,Accept,0.4959589122979673
1.1459698533905824,0.9129600088330904,-0.025011567903872246,-0.19760705625975228,0.19457904289198852,Accept,"Z1, Z2, Z4",1.5670368302854445,-0.025011567903872246,-0.2135693930280773,0.170979634449123,Accept,1.51722919370198,Accept,Accept,Accept,Accept,0.76198979261238875
0.8484821683187901,1.0235317249408624,0.0638628578666496,-0.15613315111076626,0.17342554532695081,Accept,"Z1, Z2, Z4",1.5450597609416352,0.0638628578666496,-0.09442295694608557,0.22029099714939632,Accept,1.4234089846417228,Accept,Accept,Accept,Accept,0.43261771906988555
0.8176593324920363,0.9942845368882854,0.1436896492660587,-0.08486066060344696,0.3749560645972835,Accept,"Z1, Z2, Z4",1.6592880865658335,0.1436896492660587,-0.08039718387428844,0.358739714631913,Accept,1.6993140551612356,Accept,Accept,Accept,Accept,0.7603895108875947
0.898790920009793,1.0997502922497036,0.028111919308581198,-0.18866789987061405,0.3001177641909268,Accept,"Z1, Z2, Z4",1.6836004335916426,0.028111919308581198,-0.20938718265482106,0.25829272785955726,Accept,1.4821614721984195,Accept,Accept,Accept,Accept,0.9777929917597358
0.9047124423670155,0.9766437406074737,0.09890250265011734,-0.07997645767741127,0.27390409639753377,Accept,"Z1, Z2, Z4",1.2954757317689172,0.09890250265011734,-0.07793332217179685,0.26454600432110403,Accept,1.2091960601824479,Accept,Accept,Accept,Reject,1.0693257529036992
0.7079860385401747,0.9956318341991285,-0.08257926237228212,-0.18193152231108223,0.1499436508565224,Accept,"Z1, Z2, Z4",1.1972332489958415,-0.08257926237228212,-0.23580773082480477,0.0811417701578516,Accept,1.138891281985285,Accept,Accept,Accept,Accept,0.6713149300112622
0.9199825598049842,1.0646021604876292,0.012154644209878088,-0.2017213624843155,0.21903534484598947,Accept,"Z1, Z2, Z4",1.2594091512717536,0.012154644209878088,-0.18711384632463643,0.2104534263544028,Accept,1.226709429548201,Accept,Accept,Accept,Accept,0.7402788645779043
0.8343097110039305,0.912513542162051,0.12430330900944189,-0.03062323785343745,0.30840418460685,Accept,"Z1, Z2, Z4",1.6245100290181558,0.12430330900944189,-0.038943489181403716,0.2830679365037871,Accept,1.5677511871794854,Accept,Accept,Accept,Reject,1.8644076153420508
1.319739419137041,1.0290609778677657,-0.08338625072030874,-0.30370077392691447,0.0546216076297906,Accept,"Z1, Z2, Z4",1.8175952231302785,-0.08338625072030874,-0.25087143728202654,0.08320370788695983,Accept,1.6321612892362471,Accept,Accept,Accept,Accept,0.6616476098642778
0.6635697047703848,1.0042036179404308,0.053808596105568395,-0.028209929081775054,0.2695455377151773,Accept,"Z1, Z2, Z4",0.8707367219196217,0.053808596105568395,-0.08485355351387416,0.2027539774276316,Accept,0.8835146983025018,Reject,Accept,Accept,Accept,0.6579062013277757
0.9265804178567368,1.0228165668339455,0.053929768619777885,-0.1848412151345796,0.16702784325682338,Accept,"Z1, Z2, Z4",1.7908308668969812,0.053929768619777885,-0.11114121633171994,0.23988940938598652,Accept,1.5145628100907969,Reject,Accept,Accept,Accept,0.891532752435098
0.9848785097917929,1.0877381822807208,0.011578244590095042,-0.1663674202091745,0.21744600981152756,Accept,"Z1, Z2, Z4",1.2907195017834843,0.011578244590095042,-0.19477964223274788,0.20288624187784082,Accept,1.1743389394953458,Accept,Accept,Accept,Accept,0.7279467703405934
0.8962078632414502,1.0266968518254778,-0.05140235126094563,-0.20904907887645613,0.1318682553633112,Accept,"Z1, Z2, Z4",1.6440861328332768,-0.05140235126094563,-0.23069119381001058,0.12268311160532705,Accept,1.5875409024452185,Accept,Accept,Accept,Accept,0.7589230608211546
1.0479138965361072,0.9605609760237152,-0.018066853446225686,-0.12220489398313358,0.16840825500879864,Accept,"Z1, Z2, Z4",1.5031275083485993,-0.018066853446225686,-0.16192192133110428,0.12185235035203734,Accept,1.3355078220955208,Accept,Accept,Accept,Accept,0.896340242409236
0.9574633105533797,0.9074991155835255,0.06778536592935866,-0.13192564192733836,0.2929084383127053,Accept,"Z1, Z2, Z4",1.5953929267941742,0.06778536592935866,-0.13592481538014833,0.2712143750953274,Accept,1.6624471724800518,Accept,Accept,Accept,Accept,0.7482571807573656
0.9709278399621032,0.9671777656753662,-0.041404110663448984,-0.16798843834550226,0.1366385785200025,Accept,"Z1, Z2, Z4",1.2600646357885732,-0.041404110663448984,-0.19476418497735498,0.10352825581628256,Accept,1.3939095912601167,Accept,Accept,Accept,Accept,0.5649991923922023
0.9112567671580256,0.9553327343486702,0.037854992473799524,-0.13761734881120866,0.1808476924585575,Accept,"Z1, Z2, Z4",1.5864333508514792,0.037854992473799524,-0.12050083278420662,0.20418477331853918,Accept,1.4708639337306337,Accept,Accept,Accept,Accept,0.3556588500359894
0.8444435542615042,0.9620187996667655,0.11410883255374572,-0.13056286060415068,0.27459963389941255,Accept,"Z1, Z2, Z4",1.5152213290486207,0.11410883255374572,-0.09787680128074641,0.3164887720637906,Accept,1.3341139968361782,Accept,Accept,Accept,Accept,0.9954096807646093
1.0476700075974361,1.0046843056682802,-0.08344240539580305,-0.24644047569763974,0.07376025834365266,Accept,"Z1, Z2, Z4",1.168762922617791,-0.08344240539580305,-0.22719354509246154,0.06721553289403737,Accept,1.4051388693078188,Accept,Reject,Accept,Accept,0.8049899165085408
1.0526209163492575,0.9749586801256431,0.05888936471221257,-0.1535386042513122,0.25618644617657094,Accept,"Z1, Z2, Z4",1.9349189269338627,0.05888936471221257,-0.14680926010974804,0.2703357142305188,Accept,1.72280471963188,Accept,Accept,Accept,Accept,0.6980606613639018
0.9614620844224077,0.9892203071515594,-0.0776254957831608,-0.21044907912359984,0.17143550271860825,Accept,"Z2, Z4",1.7583624186605855,-0.0776254957831608,-0.2320675802413924,0.09514919522056678,Accept,1.6162538429567095,Accept,Accept,Accept,Accept,0.9526138280894652
0.66182232490034,0.9364404384212028,0.23687296560880508,-0.027772981257963104,0.3526757202756181,Accept,"Z1, Z2, Z4",1.50438655514731,0.23687296560880508,0.053271357907108324,0.41941054798835126,Reject,1.4102537290221033,Accept,Reject,Accept,Accept,0.9821859038725517
1.1117384553634173,1.0018351264704264,0.05310333477849589,-0.16324026633344496,0.16281548807046953,Accept,"Z1, Z2, Z4",1.4954627638094777,0.05310333477849589,-0.10701183639585368,0.22010083056387508,Accept,1.556344191633415,Accept,Accept,Accept,Accept,0.9647640892655152
1.0885412841494022,1.0333659306968677,0.013368725992397875,-0.16306411397701714,0.14510569332132872,Accept,"Z1, Z2, Z4",1.5119494890804088,0.013368725992397875,-0.14692129720704575,0.16313105140950163,Accept,1.4050196997535291,Accept,Accept,Accept,Accept,0.3340482545544461
0.9086315830317289,0.9134843443423386,0.02521636115279385,-0.13481149436036027,0.21308970772348548,Accept,"Z1, Z2, Z4",1.4869678124552248,0.02521636115279385,-0.14422911988338308,0.18351754232514553,Accept,1.4080360429686336,Accept,Accept,Accept,Accept,0.631776443219259
1.1060759935753375,1.0018078407300326,-0.06159825799894567,-0.2178133659037053,0.16841193378954084,Accept,"Z1, Z2, Z4",1.5471450664303057,-0.06159825799894567,-0.23915574471077428,0.11392930084520765,Accept,1.502744312199634,Accept,Accept,Accept,Accept,0.7776714533707528
0.8915594213167838,0.9901152056214545,-0.010299754423515824,-0.11461367272919068,0.23874205284647543,Accept,"Z1, Z2, Z4",1.6921797863203094,-0.010299754423515824,-0.1771644994476319,0.15782389930204743,Accept,1.6018667426827842,Accept,Accept,Accept,Accept,0.6934586589300251
0.6658744408011087,0.9800258291623425,0.14006478268891648,-0.09968485100185628,0.3377251832201772,Accept,"Z1, Z2, Z4",1.5242358850842224,0.14006478268891648,-0.0667488743771377,0.3412513837508078,Accept,1.5748005628582442,Accept,Accept,Accept,Accept,1.171231440635558
0.8750538555064951,0.9540933689438149,0.05109618240849188,-0.1347655732863807,0.2235584551137818,Accept,"Z1, Z2, Z4",1.9546862196775674,0.05109618240849188,-0.11573659140055151,0.2271663134864637,Accept,1.4686993825320054,Accept,Accept,Accept,Accept,0.8222970093658472
1.058284801950401,1.170298886888929,-0.09624890188433159,-0.30959087341413716,0.16627262340592291,Accept,"Z1, Z2, Z4",1.5997263526577317,-0.09624890188433159,-0.33514356851410115,0.12517089509222673,Accept,1.6878981857720063,Accept,Accept,Accept,Accept,1.172405129963287
1.1109675245789827,1.0270145988547827,0.03240317821890245,-0.1950055247520323,0.1777536860433408,Accept,"Z1, Z2, Z4",1.046141011760225,0.03240317821890245,-0.13808389896661818,0.2061214592980515,Accept,1.242118629943897,Reject,Accept,Accept,Accept,0.19142872890088342
0.9963831370510895,1.0464360734297402,-0.03513131470962551,-0.22282859888622525,0.13471043387358572,Accept,"Z1, Z2, Z4",1.5433856084080981,-0.03513131470962551,-0.21110837068111563,0.13868627192448119,Accept,1.460987946460679,Accept,Accept,Accept,Accept,0.5846522680266676
1.2959853414440567,1.0516933140898477,-0.033397070544024535,-0.22047795964809558,0.1308269429544978,Accept,"Z1, Z2, Z4",1.5639918215503463,-0.033397070544024535,-0.20853809417943336,0.1556504002396671,Accept,1.5155143573673155,Accept,Accept,Accept,Accept,0.8121891384736469
0.9020368564255193,0.919198848433267,-0.008127891449302939,-0.20726545511700067,0.2809255616036641,Accept,"Z2, Z4",1.798815813785821,-0.008127891449302939,-0.19696874918015073,0.17746204364224993,Accept,1.4544548558049561,Accept,Accept,Accept,Accept,0.5502612850166041
0.9079136485786228,0.9595548874330603,-0.014682649437401621,-0.17377781445951945,0.17252786067377196,Accept,"Z1, Z2, Z4",1.4322337006428305,-0.014682649437401621,-0.1747790015039106,0.14931398627179016,Accept,1.387902074558578,Accept,Accept,Accept,Reject,1.247318570380791
1.0455710491750068,1.1541558277576363,-0.08418377651931364,-0.3536640284868258,0.09597296879407043,Accept,"Z1, Z2, Z4",1.2621381478707518,-0.08418377651931364,-0.29668222964335217,0.1279320322838255,Accept,1.3162354315101146,Accept,Accept,Accept,Accept,0.5340194025232045
1.010076366628858,1.0823879378036625,0.016782292323593895,-0.21175670610044914,0.18656031423977443,Accept,"Z1, Z2, Z4",1.9145778798042232,0.016782292323593895,-0.17107061330167594,0.20091651582499703,Accept,1.9665388704707367,Accept,Accept,Accept,Accept,0.9761424225523411
0.8621849063780839,0.9770529727279078,0.039274066608718176,-0.11808279880457867,0.1999781103613571,Accept,"Z1, Z2, Z4",1.3739309833010278,0.039274066608718176,-0.11611468416543988,0.2046363702602442,Accept,1.3963503053282422,Accept,Accept,Accept,Accept,0.7217382456103911
0.7108399283862555,0.997451386385102,0.11255223336397122,-0.15711388460132977,0.3924046703470336,Accept,"Z1, Z2, Z4",1.401248120093314,0.11255223336397122,-0.15063666635409012,0.3845164616712181,Accept,1.4011261321060744,Accept,Accept,Accept,Accept,0.9703914640827427
0.8647006980323192,0.9241030320705521,0.18399719803823605,-0.0029228777037978854,0.3161091934517034,Accept,"Z1, Z2, Z4",1.2852659862902647,0.18399719803823605,0.024752314929725835,0.3499756620819139,Reject,1.2922790634422299,Reject,Accept,Accept,Accept,0.9222934649225409
1.05922151732902,0.923174489396272,-0.04404968915073544,-0.19096978044363783,0.15659070580108045,Accept,"Z1, Z2, Z4",1.4533926302877207,-0.04404968915073544,-0.20617490394711943,0.11390714239474381,Accept,1.5468796469632702,Accept,Accept,Accept,Accept,0.26661653459981505
0.9460339367241712,0.9895930431955332,-0.04957230832045478,-0.14838414694687385,0.23487591344450023,Accept,"Z1, Z2, Z4",1.2800338973058185,-0.04957230832045478,-0.23323536747396117,0.1410326798161084,Accept,1.4022456870251778,Accept,Accept,Accept,Accept,0.5761301789480706
1.0892553618606904,1.044760585758068,-0.003734917580351936,-0.2526307683093713,0.14357155779269035,Accept,"Z1, Z2, Z4",1.6119939851852216,-0.003734917580351936,-0.18816063014241602,0.1918439719377419,Accept,1.5500536189611065,Accept,Accept,Accept,Accept,0.9923142132089563
0.8663572411917423,0.9389400731272518,0.13695088267410566,-0.005358984961724289,0.391328099898525,Accept,"Z1, Z2, Z4",1.5607936061321026,0.13695088267410566,-0.05006372948412878,0.340792007398891,Accept,1.3879472199775114,Accept,Accept,Accept,Accept,0.3157890396915543
0.9854742925072248,1.0478931082133796,0.046465460337320054,-0.23397660385949534,0.13611682617786688,Accept,"Z1, Z2, Z4",1.4341545735775765,0.046465460337320054,-0.1330462411998681,0.21911889859898875,Accept,1.5576220304566624,Accept,Accept,Accept,Accept,0.6482291102013598
1.0042360469070755,0.9273835301594008,-0.07972015589884955,-0.2340092375567604,0.06215337887340669,Accept,"Z1, Z2, Z4",1.510010319402821,-0.07972015589884955,-0.2206432688590624,0.07252690253451734,Accept,1.4516201897280545,Accept,Accept,Accept,Accept,0.8394933672518159
1.2269319363564548,0.9527307405024156,-0.028309129056705892,-0.29126757631875505,0.060087216083113515,Accept,"Z1, Z2, Z4",1.4954090291070323,-0.028309129056705892,-0.18899427075746586,0.1207599369421006,Accept,1.5564707100671575,Reject,Accept,Accept,Accept,0.27754357143106767
0.8924427976331826,1.0016153164834494,0.005303990842107299,-0.1695424147212307,0.28130485783920334,Accept,"Z1, Z2, Z4",1.5590115706112804,0.005303990842107299,-0.19728194133229823,0.19751333256704293,Accept,1.430572409126179,Accept,Accept,Accept,Accept,0.722316989111664
0.9699600021869534,1.0379212554144372,0.0244598864170513,-0.16759778195411912,0.17032983657884643,Accept,"Z1, Z2, Z4",1.169094218317688,0.0244598864170513,-0.1368301877825399,0.1872892626670737,Accept,1.2581483579847998,Accept,Accept,Accept,Accept,0.5652372010021859
1.0502954109035423,1.1227192234794552,-0.1457086014925292,-0.42744727501152224,0.01755417445557507,Accept,"Z1, Z2, Z4",1.4407534429552775,-0.1457086014925292,-0.34081802434925657,0.07345067615810433,Accept,1.3946623053717797,Reject,Reject,Accept,Accept,0.48628458218093246
1.0750068593625757,1.0186352214855166,-0.03759845658747636,-0.20592957967213316,0.10891933745886852,Accept,"Z1, Z2, Z4",1.4725433016115397,-0.03759845658747636,-0.21040946969608498,0.13754951395288112,Accept,1.4190558685195023,Accept,Accept,Accept,Accept,0.4409425049628592
0.7226929169211517,0.9398993220077707,0.013995443802816218,-0.12690229692209254,0.2117316365237004,Accept,"Z1, Z2, Z4",1.183377599221191,0.013995443802816218,-0.14378977550273403,0.1760706114041938,Accept,1.3193753262752599,Accept,Accept,Accept,Accept,0.6662219066668986
1.2167468598166364,0.8862611170774765,0.06631963279961589,-0.1280027186926073,0.2107045979370546,Accept,"Z1, Z2, Z4",2.0469473262081626,0.06631963279961589,-0.09960358774006675,0.23494340636619168,Accept,1.7335252758101312,Accept,Accept,Accept,Accept,0.5276222640237039
1.1887820118337218,0.9968759734220679,-0.08406286969345299,-0.28355960366245986,0.10019332289540736,Accept,"Z1, Z2, Z4",1.2855461044737908,-0.08406286969345299,-0.2912063125824097,0.11203485997680965,Accept,1.2616186719984919,Accept,Accept,Accept,Accept,0.3464050504094855
1.095715392213951,1.0168900715155111,-0.003944962061291451,-0.24296069068405954,0.09861323719569742,Accept,"Z1, Z2, Z4",1.5864469431869888,-0.003944962061291451,-0.16903213930652994,0.1537432956386289,Accept,1.5664234643586,Accept,Accept,Accept,Accept,0.4871323630911875
0.8025652491554591,0.9413165245930292,0.07387564836186605,-0.0818500605144383,0.2294559620081123,Accept,"Z1, Z2, Z4",1.263141455344928,0.07387564836186605,-0.07013923407850509,0.2278980565752265,Accept,1.1631280065196747,Accept,Accept,Accept,Accept,0.9096966756506524
0.8476080268741977,1.0483161762795041,-0.07857018635564207,-0.2583234266481446,0.14277593857666537,Accept,"Z1, Z2, Z4",1.4629978875402432,-0.07857018635564207,-0.26788392987777093,0.11770866549573511,Accept,1.398841313412107,Accept,Accept,Accept,Accept,0.8045491089876964
0.7007973670159258,0.9202155965282831,0.16002098871002077,0.010856711267075478,0.3377187199615417,Reject,"Z1, Z2, Z4",1.7509069470314,0.16002098871002077,-5.991042822482452e-4,0.3201185352615299,Accept,1.4827514891022255,Reject,Accept,Accept,Accept,0.9843744272329742
0.9469400269354595,0.9984186405452818,-0.005755259599807005,-0.20181430875192807,0.14127194533236614,Accept,"Z1, Z2, Z4",1.4299112943218326,-0.005755259599807005,-0.16657190723902876,0.13996296859820237,Accept,1.1794695585041213,Accept,Accept,Accept,Accept,0.6435414242580191
0.7773011193906095,0.8903466811863421,0.07132131134356381,-0.07182564513006198,0.26935496322531177,Accept,"Z1, Z2, Z4",1.2855350770263456,0.07132131134356381,-0.07839094218403511,0.23271346543108146,Accept,1.3449468988201199,Accept,Accept,Accept,Reject,1.0542705115817257
0.8386576085468234,0.9955108015424411,0.15159183139565816,-0.0880438785126024,0.2776584693715491,Accept,"Z1, Z2, Z4",1.4814348406044033,0.15159183139565816,-0.033719510831695235,0.33744462435484046,Accept,1.390824584387826,Accept,Accept,Accept,Accept,0.9064923895260594
1.0178500926271143,1.0299440461009166,0.0657040872340726,-0.16829242941051736,0.2748266069715216,Accept,"Z1, Z2, Z4",1.5795332533727546,0.0657040872340726,-0.154123321173462,0.2912851421445707,Accept,1.5161535585142596,Reject,Accept,Accept,Accept,0.7775638748908347
0.8398421201271402,1.0004624734054257,0.053192411873330216,-0.09511568424541567,0.29932491563233976,Accept,"Z1, Z2, Z4",1.5969005992065173,0.053192411873330216,-0.13861727210871544,0.2298426113181584,Accept,1.5414196231764035,Accept,Accept,Accept,Accept,1.0529679007503745
1.0036072253653443,1.1107860330226162,-0.08132620162197197,-0.24969686584944686,0.11402073381042165,Accept,"Z1, Z2, Z4",1.4177624623580443,-0.08132620162197197,-0.25807250261903464,0.101151002477681,Accept,1.201955275117831,Accept,Accept,Accept,Accept,0.179379429650938
1.083420953070413,1.0474187726635786,-0.062106736034516954,-0.23371893338148392,0.08671648332495459,Accept,"Z1, Z2, Z4",1.280692483943035,-0.062106736034516954,-0.22489120550486208,0.10831850175360712,Accept,1.480720017361933,Accept,Accept,Accept,Accept,0.8332590080702154
1.2130857567048512,1.0537264731873224,-0.041831741637976795,-0.30432015228039017,0.021742947659096554,Accept,"Z1, Z2, Z4",1.759488593982621,-0.041831741637976795,-0.19766957529642903,0.11518486931611299,Accept,1.534375225849235,Reject,Accept,Accept,Accept,0.6738900800379752
1.053630084054296,1.0766604549069765,-0.13281059306304427,-0.28535225367198785,0.08504100417382579,Accept,"Z1, Z2, Z4",1.4299681394642039,-0.13281059306304427,-0.3115731770028586,0.04231956261796922,Accept,1.2836701662379815,Accept,Accept,Accept,Accept,0.5108096953277992
0.9302845800334584,0.9565368630305342,0.16082266169283857,-0.0889112810189327,0.3448346674102588,Accept,"Z1, Z2, Z4",1.8205634189141793,0.16082266169283857,-0.05522579662214923,0.36798987117577686,Accept,1.521420577009913,Accept,Accept,Accept,Accept,1.1024760620433387
0.9313143915980227,0.8338128141142971,0.16849998024781734,0.016390234401255352,0.3475736267578074,Reject,"Z1, Z2, Z4",1.750910516932267,0.16849998024781734,0.006809704517486125,0.32911578791559476,Reject,1.5091038357241802,Accept,Reject,Accept,Accept,0.8989590348275073
1.0031764162534749,0.9922069908261986,-0.026022950781634763,-0.17484729445366648,0.2219304107356006,Accept,"Z1, Z2, Z4",1.3236656499427624,-0.026022950781634763,-0.22664764802591358,0.16024240945468476,Accept,1.436210546404113,Accept,Accept,Accept,Accept,1.002682983983226
0.8580545863095931,0.941321524664914,0.13295585143666758,-0.034812055131783946,0.29947783602033695,Accept,"Z1, Z2, Z4",1.312770723633206,0.13295585143666758,-0.03659874251431704,0.30444112540767054,Accept,1.3794155460579365,Reject,Reject,Accept,Accept,0.5941954575049098
0.9395948733704402,0.9456421418786802,0.05936450303875992,-0.15773213976538966,0.15341951695060352,Accept,"Z1, Z2, Z4",1.3847203262540235,0.05936450303875992,-0.09583387946082783,0.20931878726036923,Accept,1.3305818241423608,Reject,Accept,Accept,Accept,0.6545796868245413
1.0423137041954358,1.0591213168503775,-0.09468274689195043,-0.2531819915920685,0.07714143541833574,Accept,"Z1, Z2, Z4",1.6407290581943514,-0.09468274689195043,-0.2543201273768384,0.06517652134693057,Accept,1.5670920106509885,Accept,Accept,Accept,Accept,0.6287709859244004
0.9190093288785252,1.0209732760087191,0.006030454917495369,-0.1829366173701579,0.17973526189254824,Accept,"Z1, Z2, Z4",1.1481136974854624,0.006030454917495369,-0.16520284355833073,0.1777750718083604,Accept,1.2356248290619078,Accept,Accept,Accept,Accept,0.5507366534455195
0.7792607782313099,0.9467241430720332,0.056800550291755694,-0.09561195295861177,0.26588453008936763,Accept,"Z1, Z2, Z4",1.6407606157515615,0.056800550291755694,-0.12626366448043014,0.23108830703674335,Accept,1.2956106901319435,Reject,Accept,Accept,Accept,0.3677521131534709
0.8795517830659774,0.9994721201376726,-0.017050611796749413,-0.12163429018074304,0.21981023315747072,Accept,"Z1, Z2, Z4",1.304967945100342,-0.017050611796749413,-0.1910041831092217,0.14487622099736197,Accept,1.2230234129269748,Accept,Accept,Accept,Accept,0.2714656650434139
0.7802882562329821,0.929903137721709,0.1881603057429805,-0.026849344974701136,0.36561452503148484,Accept,"Z1, Z2, Z4",1.3318582828705405,0.1881603057429805,-0.008622728059139724,0.3666894722696646,Accept,1.210503588791799,Reject,Accept,Accept,Accept,0.7315592479636743
1.020089174154195,1.0698146476264345,-0.08381525706629166,-0.22864807379875393,0.1410122341648502,Accept,"Z1, Z2, Z4",1.4190341207548536,-0.08381525706629166,-0.26210096536099003,0.09628607139555884,Accept,1.481723239582101,Accept,Accept,Accept,Accept,0.8490236737480679
1.0880820537455784,1.0539792145349192,0.009343632960751944,-0.17586009769444333,0.17316496291293718,Accept,"Z1, Z2, Z4",1.7996134179455878,0.009343632960751944,-0.1641929195494637,0.17948932710698187,Accept,1.5338008593648442,Accept,Accept,Accept,Accept,0.4210944554390601
0.8273615984235766,0.8845481348095316,0.10362600185609948,-0.08644470931692079,0.277293233596721,Accept,"Z1, Z2, Z4",1.3450159734047804,0.10362600185609948,-0.07754877157554443,0.27855313227513134,Accept,1.5030011445473883,Accept,Accept,Accept,Accept,0.9887761734391226
0.9906366155041542,0.9314117359349101,0.10499888425866603,-0.11665543017845598,0.2278545940363596,Accept,"Z1, Z2, Z4",1.4448617451297303,0.10499888425866603,-0.05294108623352971,0.28035668234728084,Accept,1.3231167406476525,Reject,Accept,Accept,Accept,0.5529098460550306
0.823770415010243,0.9889658390332848,-0.025059822615844964,-0.2152297316204502,0.1533775251587657,Accept,"Z2, Z4",1.3287817696404247,-0.025059822615844964,-0.16720623394099035,0.11737560856433232,Accept,1.269164452869383,Accept,Accept,Accept,Accept,0.38845558515374673
0.8000719449343455,1.0106856499132857,0.0711305338741503,-0.12148868235013505,0.31008979593007996,Accept,"Z1, Z2, Z4",1.2089191691970655,0.0711305338741503,-0.1305585325936203,0.2718857031176777,Accept,1.4758103989266058,Accept,Accept,Accept,Accept,0.8854809151298747
0.9149246620720134,0.974711854183864,0.07590127550134305,-0.10461544713470294,0.21627815031328484,Accept,"Z1, Z2, Z4",1.4851977480253626,0.07590127550134305,-0.07875141863997184,0.2346451300221415,Accept,1.2955255949884932,Accept,Accept,Accept,Accept,0.43899362423359806
0.8175693325406078,0.8955588683122975,0.1124332045411345,0.0013796051078872745,0.4013863524724648,Reject,"Z1, Z2, Z4",1.6609159581909345,0.1124332045411345,-0.09004977986119064,0.29870477089525704,Accept,1.4119220722825039,Reject,Accept,Accept,Accept,0.8912373973786635
0.916292335309367,0.9370012739872164,0.01954146099614225,-0.15072982303556082,0.2671182519633583,Accept,"Z1, Z2, Z4",1.2593729660209874,0.01954146099614225,-0.18047633690052223,0.20863988049919352,Accept,1.4226447686384838,Accept,Accept,Accept,Accept,0.3526949275657914
0.9236282868508354,0.9130979791794992,0.12045768711700781,-0.05248581159367442,0.29516970306905255,Accept,"Z1, Z2, Z4",1.4362610753824823,0.12045768711700781,-0.050215854160107515,0.30121424211143594,Accept,1.4906641158023475,Reject,Accept,Accept,Accept,0.35772878409016146
0.6546706627952961,0.8148321844280262,0.2632916700212245,0.09071176840173391,0.4637267760065529,Reject,"Z1, Z2, Z4",0.9378610023977564,0.2632916700212245,0.09266605548776699,0.42808905607712117,Reject,1.1275256741532935,Reject,Accept,Accept,Reject,1.6143246975247934
0.9494569939003479,0.9634962960314337,0.06466515053656371,-0.12778153166936307,0.27032386721691976,Accept,"Z1, Z2, Z4",1.5619309202501546,0.06466515053656371,-0.1266004008297107,0.25168875847750427,Accept,1.512002290942818,Accept,Accept,Accept,Accept,0.43074675795530043
0.9098554078614177,0.9616293778584294,-0.002835481121658609,-0.16396049338371055,0.15093349378539894,Accept,"Z1, Z2, Z4",1.271555708479254,-0.002835481121658609,-0.14375018456277966,0.14356258207391706,Accept,1.4707403986502232,Accept,Accept,Accept,Accept,0.1903375775659441
0.821238384273745,1.0282055085080448,0.008435642192896593,-0.21304728397450623,0.17275213767788383,Accept,"Z1, Z2, Z4",1.385603499457547,0.008435642192896593,-0.18551573381582123,0.19021962955745886,Accept,1.42323475951382,Accept,Accept,Accept,Accept,0.3137714801470963
1.0764895874010223,1.066858964859913,-0.14358097783546223,-0.2833439527470826,0.050924614235049306,Accept,"Z1, Z2, Z4",1.555492514759525,-0.14358097783546223,-0.310348703131602,0.02415842994486988,Accept,1.2851677239182542,Accept,Accept,Accept,Accept,0.6673646025405958
1.0811798284735052,1.0496605180263048,0.08147193709891838,-0.11322771707504503,0.2511151025132405,Accept,"Z1, Z2, Z4",1.0597220041994277,0.08147193709891838,-0.09883769910018242,0.26292210401826305,Accept,1.1053740214390206,Accept,Accept,Accept,Accept,0.9572480539694953
1.0750213499196812,1.0212711817014781,-0.0066289478806230324,-0.21992190491867067,0.13554913382157796,Accept,"Z1, Z2, Z4",1.2997789511641347,-0.0066289478806230324,-0.18089589233598452,0.15925940224982937,Accept,1.3561383474608057,Accept,Accept,Accept,Accept,0.6619309398674487
1.0165420261292404,0.9617082703417662,-0.001971420274539468,-0.14169610469222732,0.21306638441357745,Accept,"Z1, Z2, Z4",1.4379665775599724,-0.001971420274539468,-0.16628809860858343,0.1591752459406804,Accept,1.3903516914027272,Accept,Accept,Accept,Accept,0.6482532276911406
0.869271060007737,1.0315763724933895,-0.10649986240740475,-0.22172913009363066,0.054031248629268794,Accept,"Z1, Z2, Z4",1.401484946243661,-0.10649986240740475,-0.23386416947623243,0.03065937428673359,Accept,1.2154645546300948,Accept,Accept,Accept,Accept,0.9193573016421267
0.6098643383042937,0.9630467524619803,0.17534549542448663,-0.0240851706960961,0.3349459161831305,Accept,"Z1, Z2, Z4",1.5757140260525668,0.17534549542448663,0.0010880232481174923,0.34932961657592043,Reject,1.4935726279602235,Accept,Accept,Accept,Accept,0.6051267918677419
0.9382720877614887,0.9627659890261576,0.031462435596508985,-0.07446310121663946,0.20833803875176338,Accept,"Z1, Z2, Z4",1.3560539509146483,0.031462435596508985,-0.10219271390164326,0.16614497131368192,Accept,1.3939396813886418,Accept,Accept,Accept,Accept,1.1715010216932518
0.9691424708948201,0.9476458117167936,-0.01274160652845002,-0.15853133951168272,0.09577910333173152,Accept,"Z1, Z2, Z4",1.3034428049241435,-0.01274160652845002,-0.13535012361506574,0.11523561688634858,Accept,1.4328632375638717,Accept,Accept,Accept,Accept,0.1851456523201445
0.981128345330266,1.0675509078829928,-0.07053008290685171,-0.24446085681827004,0.1668593966829111,Accept,"Z1, Z2, Z4",1.677799619252228,-0.07053008290685171,-0.27700930133156887,0.11793231680366498,Accept,1.5755925782673683,Accept,Accept,Accept,Accept,0.812857534503893
1.182540409652567,1.0085847177691818,0.04185263364750445,-0.17085066964070536,0.17522355109894955,Accept,"Z1, Z2, Z4",1.6287091153796514,0.04185263364750445,-0.14244652692827556,0.22657341976745837,Accept,1.5280918129362522,Accept,Accept,Accept,Accept,0.38360172846626106
1.176370385737066,1.0797616902652647,-0.0690480461427693,-0.265171634043364,0.04032875599736693,Accept,"Z1, Z2, Z4",1.2056109433769768,-0.0690480461427693,-0.22496682796989567,0.09245119340806077,Accept,1.2047999335332555,Accept,Accept,Accept,Accept,0.8718160755975992
0.5985515374509769,0.8999904857265646,0.07742994765135312,0.0054091077398726005,0.3773098463962853,Reject,"Z1, Z2, Z4",1.4670606067359748,0.07742994765135312,-0.10216630300094988,0.2561352087421558,Accept,1.3737247878294057,Reject,Accept,Accept,Accept,0.9217777962851117
0.7832265175211489,1.0104310469067768,0.07811791902050089,-0.07075858312569064,0.2786513152998517,Accept,"Z1, Z2, Z4",1.3424958280229164,0.07811791902050089,-0.08779358102162321,0.246072124931784,Accept,1.2304426352338014,Accept,Accept,Accept,Accept,0.8128217979193672
0.7913499065442402,0.9318593161339167,0.21047294483346712,-0.03268102562573795,0.2985380356656477,Accept,"Z1, Z2, Z4",1.909714144992778,0.21047294483346712,0.05097157441465703,0.37955806803859143,Reject,1.7117948455797003,Accept,Accept,Accept,Accept,0.7887355965302902
1.0649872542692944,1.0308308054971773,-0.12456663399310763,-0.295005694379458,0.11336915559894567,Accept,"Z1, Z2, Z4",1.3064775209759203,-0.12456663399310763,-0.3087406662379322,0.06256183032000617,Accept,1.4603453485083915,Accept,Accept,Accept,Accept,0.39261877957035773
1.0189075101313174,1.0212278422825736,-0.07632548967943163,-0.307479420119189,0.08385029042853913,Accept,"Z1, Z2, Z4",1.4123312057126896,-0.07632548967943163,-0.2742006235735806,0.11667930096661194,Accept,1.4618916199892782,Accept,Accept,Accept,Accept,0.8422004500180548
1.1121193991584675,1.001184071176059,-0.15478615453360847,-0.26294439309181683,0.11501816282527465,Accept,"Z1, Z2, Z4",1.3465584762734557,-0.15478615453360847,-0.3401787186175019,0.04020281365582129,Accept,1.248122467715722,Accept,Accept,Accept,Accept,0.3024632267179661
0.6444328738594904,0.911450535037908,0.11108025437763189,-0.02632532739998906,0.3014234185993693,Accept,"Z1, Z2, Z4",1.2735034397795864,0.11108025437763189,-0.0418527186768506,0.26255099355304107,Accept,1.334162061578239,Accept,Accept,Accept,Accept,0.5118805773591524
0.884008337189512,0.915704352278399,0.07823671148815882,-0.08691512392965549,0.3123735620447819,Accept,"Z1, Z2, Z4",1.547265714427833,0.07823671148815882,-0.10912770910088253,0.26096117868267166,Accept,1.2666226580679771,Accept,Accept,Accept,Accept,0.8046524505757472
0.6844504492588517,0.9542644038176555,0.15263850228103962,-0.05500685166258119,0.31559232972127726,Accept,"Z1, Z2, Z4",1.606660843164542,0.15263850228103962,-0.03462997838484702,0.33440857322729284,Accept,1.4484277835069554,Accept,Accept,Accept,Accept,0.05667937026682137
0.8580411314572584,0.9387603285060295,0.04733365415936403,-0.10425232171887588,0.23887097090262172,Accept,"Z1, Z2, Z4",1.6303337327588334,0.04733365415936403,-0.11334081928341433,0.2043224999391201,Accept,1.383144410402634,Accept,Accept,Accept,Accept,0.4227272163471775
0.8103729769815308,0.8699796805479771,0.1902396248418968,0.03129270356087454,0.3618151511695453,Reject,"Z1, Z2, Z4",1.38381514141948,0.1902396248418968,0.032803250717211255,0.3676101962890486,Reject,1.3395468994767403,Reject,Accept,Accept,Accept,0.954099986975941
1.1001097862381175,1.0730432633992522,-0.15543811246486283,-0.30126543360422814,0.07177235570376822,Accept,"Z1, Z2, Z4",1.4732966196005481,-0.15543811246486283,-0.3216327497975954,-0.002653951355704426,Reject,1.2863973444121957,Reject,Accept,Accept,Accept,1.2501116549359976
1.1530281760308991,1.0290897452660561,-0.07682270573442906,-0.2311180907991255,0.08066374424630635,Accept,"Z1, Z2, Z4",1.3071087781911401,-0.07682270573442906,-0.23041327196363143,0.05717299823340631,Accept,1.2851850910887015,Accept,Accept,Accept,Accept,0.5092708331169165
0.6798669982177301,1.0077463053978595,0.06178832834769285,-0.144005394135927,0.28094043486585246,Accept,"Z1, Z2, Z4",1.0841071445644728,0.06178832834769285,-0.12604592029637784,0.25945514869906816,Accept,1.253693939846518,Accept,Accept,Accept,Accept,0.6406301209548615
0.9114538525675668,1.0028617885281312,0.055993364108319725,-0.16349740932861861,0.16037162392967255,Accept,"Z1, Z2, Z4",1.7351303196977415,0.055993364108319725,-0.10823285350914967,0.21678823752416168,Accept,1.655397963697896,Accept,Accept,Accept,Accept,0.2815257464833135
0.9195969995146613,0.9438496799172896,0.07959446224363081,-0.0685226093992915,0.35015339421319236,Accept,"Z1, Z2, Z4",1.3507978202476543,0.07959446224363081,-0.13955771943573758,0.2899760962600305,Accept,1.3795344415966477,Accept,Accept,Accept,Accept,0.9365352397997329
1.0938199240904625,1.0510497047749099,-0.07923882191194805,-0.26559868275616877,0.023550944894101877,Accept,"Z1, Z2, Z4",1.4246396576855558,-0.07923882191194805,-0.22258029189931916,0.07503184007280764,Accept,1.2311588009337744,Reject,Accept,Accept,Accept,0.7941921766227866
1.137376837820903,1.083423061716384,0.039516799323678416,-0.16390695570689376,0.1378501973631293,Accept,"Z1, Z2, Z4",1.3487576478163923,0.039516799323678416,-0.09802334368048939,0.1823647018029752,Accept,1.3728428689259986,Accept,Accept,Accept,Accept,0.8039144259914961
1.0833727156334942,1.2146639465737832,0.09716971323603384,-0.19778373399201388,0.26926619106726074,Accept,"Z1, Z2, Z4",1.3289143543046356,0.09716971323603384,-0.14479002286439346,0.34836452437689347,Accept,1.2350912980197954,Accept,Accept,Accept,Accept,0.7856149718344265
1.024522759387502,0.9950085095984399,0.026630805418026426,-0.23029551933260511,0.14071883632447463,Accept,"Z1, Z2, Z4",1.2873273770353328,0.026630805418026426,-0.14791154705774032,0.2127693517449459,Accept,1.6143259836754538,Accept,Accept,Accept,Accept,0.7284720445682435
1.072900451682078,0.9774869501242736,-0.05008897459072443,-0.29379910120947844,0.12725021780659068,Accept,"Z1, Z2, Z4",0.9427882470981969,-0.05008897459072443,-0.26496634254328655,0.1563856824200366,Accept,1.1609713274637903,Accept,Accept,Accept,Accept,1.0945944322839327
1.0065447002329952,1.1080673279204902,-0.08816544553842127,-0.2905590340727843,0.08953263802382463,Accept,"Z1, Z2, Z4",1.6411522534380432,-0.08816544553842127,-0.25918319587778244,0.09091159141600341,Accept,1.545713078743461,Accept,Accept,Accept,Accept,0.9945857785148825
0.8825740597207061,0.9417881392657258,0.09641260398651649,-0.12002281274804563,0.25356364486564903,Accept,"Z1, Z2, Z4",1.4698718257273378,0.09641260398651649,-0.07086378208962772,0.2595854712186228,Accept,1.2015249450269314,Accept,Accept,Accept,Accept,1.185517861946221
0.775603429445219,0.9855111232414114,-0.02579425243697205,-0.16261675814281776,0.23288750293235688,Accept,"Z1, Z2, Z4",1.3563678183445165,-0.02579425243697205,-0.21638958427272229,0.17242826609045578,Accept,1.3145673183702287,Accept,Accept,Accept,Accept,0.7711604737540326
1.3292381393980488,0.9907893832911898,-0.04865526373668362,-0.2654121361649199,0.02997963767587849,Accept,"Z1, Z2, Z4",1.6035714382995525,-0.04865526373668362,-0.2021813370710042,0.10473941060464145,Accept,1.485522359221604,Accept,Accept,Accept,Accept,0.8868080423487215
1.0508012776918065,1.0504262767807335,-0.04108529058949517,-0.2581822327239103,0.12127654943548595,Accept,"Z1, Z2, Z4",1.5707023964191942,-0.04108529058949517,-0.218132343701816,0.14639574187356857,Accept,1.445880883223343,Accept,Accept,Accept,Accept,0.5456481646667095
0.8907690056839441,1.0409663171304597,-0.049066064493953794,-0.20680386977819756,0.15349666208982835,Accept,"Z1, Z2, Z4",1.442451585734296,-0.049066064493953794,-0.21349714618962473,0.11266934777163089,Accept,1.3958099578151488,Accept,Accept,Accept,Accept,0.2716552615515654
0.8179089263529796,0.9602493317490759,0.24342089546990917,0.002337377388983336,0.39342809433858955,Reject,"Z1, Z2, Z4",1.9511030730851329,0.24342089546990917,0.052930628022343704,0.43034202643093855,Reject,1.5317515223295404,Reject,Accept,Accept,Accept,0.7459630531521781
1.0403518183204625,1.1662569932569142,-0.07830048357160098,-0.2870734426776327,0.16017919410601808,Accept,"Z1, Z2, Z4",1.8198398793885875,-0.07830048357160098,-0.28870174982161756,0.1299042290561021,Accept,1.4555253959142425,Accept,Accept,Accept,Accept,0.5480530970154465
1.0394622291842452,0.9563283536126527,-0.04402387169691067,-0.1966565591929687,0.12192724138507115,Accept,"Z1, Z2, Z4",1.5747284248174045,-0.04402387169691067,-0.2016191876759017,0.11284126974177881,Accept,1.4740873708407505,Reject,Accept,Accept,Accept,0.787584927100473
0.8608630505205194,1.1236363741496103,-0.0963217429623413,-0.2617503651254018,0.15924446542836113,Accept,"Z1, Z2, Z4",1.438605892612399,-0.0963217429623413,-0.29747110605444077,0.09989549776936328,Accept,1.4464963713210905,Accept,Accept,Accept,Accept,0.9853513089927648
0.8663228343928938,0.9809883997591172,0.15943392583915986,-0.09281781865557928,0.2853328488962412,Accept,"Z1, Z2, Z4",1.243132167085071,0.15943392583915986,-0.017747395145580373,0.34565791170852583,Accept,1.3742840766533704,Reject,Accept,Accept,Accept,0.5999829691978652
0.9874808664978924,1.0302997938905945,-0.019931005310078746,-0.2512669404794591,0.13340690591533969,Accept,"Z1, Z2, Z4",1.3443946168283067,-0.019931005310078746,-0.20911709447352447,0.15736985605680745,Accept,1.2537191886042485,Accept,Accept,Accept,Accept,0.6331933373651991
0.7509883310325552,0.9140116259010309,0.024613267953236342,-0.12482868799789602,0.20358868434344884,Accept,"Z1, Z2, Z4",1.3900374478788495,0.024613267953236342,-0.13338086089335502,0.17651492383173803,Accept,1.3142442188098535,Accept,Accept,Accept,Accept,1.2140842013934767
1.0081572744764014,0.9836984448195121,0.015290262864580274,-0.12491143054666838,0.20409605254284569,Accept,"Z1, Z2, Z4",1.600094327098451,0.015290262864580274,-0.15198043930759145,0.17885621554747286,Accept,1.2350117776230323,Accept,Accept,Accept,Accept,0.8005634898354975
0.8281467210205533,0.9966771585658194,0.02789988866361605,-0.056941729906391805,0.26588297478031503,Accept,"Z1, Z2, Z4",1.1996862181058816,0.02789988866361605,-0.12828452777176452,0.18163244235110754,Accept,1.4177387835659214,Accept,Accept,Accept,Accept,0.5284708995961025
0.9991276517477929,0.972986152425347,0.10537453829715525,-0.07407290437000871,0.3119259942420165,Accept,"Z1, Z2, Z4",1.4350914072671754,0.10537453829715525,-0.08063593906482795,0.28185933018628545,Accept,1.4216171770716266,Reject,Accept,Accept,Accept,0.13184161135671846
0.8222999754620158,1.0536613562851331,0.061513664787251364,-0.05636198201811991,0.30308655020745495,Accept,"Z1, Z2, Z4",1.3823498585319924,0.061513664787251364,-0.0967736120494646,0.23545825931678815,Accept,1.3939002855667812,Accept,Accept,Accept,Accept,0.3027387845710471
1.088672298294522,0.8939835293756913,-0.00431865348148542,-0.12241254225565168,0.22211222213564286,Accept,"Z1, Z2, Z4",1.4438230503868266,-0.00431865348148542,-0.17645431423810337,0.1586258905940274,Accept,1.4259294565220972,Accept,Accept,Accept,Accept,0.8479540383093603
0.9350990332707719,0.8826172705003302,0.05298118731950325,-0.12881899296702357,0.21335275368369175,Accept,"Z1, Z2, Z4",1.4661044548268576,0.05298118731950325,-0.11515555048423515,0.2184983198652546,Accept,1.3185978185600953,Accept,Accept,Accept,Accept,0.6312404294430024
0.8219726429425175,0.8934611333744796,0.1482328913454041,-0.06584655910660832,0.2787955859577692,Accept,"Z1, Z2, Z4",1.4696864090636919,0.1482328913454041,-0.018056137061485296,0.31511026665026715,Accept,1.3533968402509475,Accept,Accept,Accept,Accept,0.6552230119835538
0.8603557575064835,1.041047278580125,0.1358703929349314,-0.06987928294420648,0.36467410509859494,Accept,"Z1, Z2, Z4",1.7064357080306425,0.1358703929349314,-0.07221042506896236,0.36991509202399403,Accept,1.6875136058469553,Accept,Accept,Accept,Accept,0.37041305024266724
1.246293799925841,0.9694302342895875,9.93906952718531e-4,-0.17490183053823813,0.19230116243554413,Accept,"Z1, Z2, Z4",1.4190815994429393,9.93906952718531e-4,-0.19729510391103708,0.20048684745435566,Accept,1.1478064065069944,Accept,Accept,Accept,Accept,0.45374729449152695
1.2470878561526881,1.0331512231238829,-5.644833101057882e-4,-0.1818652955425422,0.13390183116800858,Accept,"Z1, Z2, Z4",1.2576383145688845,-5.644833101057882e-4,-0.15682405386682335,0.17687053352123902,Accept,1.4209007858475746,Reject,Accept,Accept,Reject,1.3760223496080637
1.2342879310983765,1.0419008828841343,-0.15155651033118572,-0.34331536777878113,0.021499884697604946,Accept,"Z1, Z2, Z4",1.5296343874846159,-0.15155651033118572,-0.33152479067534135,0.03850170007149328,Accept,1.507524506455336,Reject,Accept,Accept,Accept,0.9833950695431676
0.9807169211928317,0.9805744894329737,-0.016520738747741404,-0.15453843417702162,0.13938057108697804,Accept,"Z1, Z2, Z4",1.7013739763592728,-0.016520738747741404,-0.16120662447105313,0.11817141753520208,Accept,1.6121380507274392,Accept,Accept,Accept,Accept,0.6513504384785518
1.147681113136254,1.0067511829137115,-0.19372656046788045,-0.40432498923852905,0.10506509490188636,Accept,"Z1, Z2, Z4",1.908971726020266,-0.19372656046788045,-0.44143385672256524,0.033161112304343,Accept,1.5766924044833246,Accept,Accept,Accept,Accept,0.662633632701002
0.7824414778440387,0.9796602553397166,0.10918776377473512,-0.1659425314909555,0.2900904631897602,Accept,"Z2, Z4",1.2615241516506013,0.10918776377473512,-0.07667830786096148,0.2982551641990277,Accept,1.3094066568476206,Accept,Reject,Accept,Accept,0.31373887268505385
1.041472699194598,0.9792761985386903,0.003366612879976142,-0.21293536997592702,0.18704512021943476,Accept,"Z1, Z2, Z4",1.5272563736896674,0.003366612879976142,-0.19059867318976553,0.1964984836577601,Accept,1.6452795427987994,Accept,Accept,Accept,Accept,0.1332065924055158
1.0057725812774112,0.9660339502077377,-0.026699665185807336,-0.1761367950532244,0.1645153451600134,Accept,"Z1, Z2, Z4",1.7886152164284845,-0.026699665185807336,-0.19900160945986395,0.15286430723742034,Accept,1.6875061030262464,Accept,Accept,Accept,Accept,0.8413534758924545
0.7926097385621862,1.0243398065922469,0.02802820626031532,-0.14412470312690892,0.22236608150518722,Accept,"Z1, Z2, Z4",1.2960263966913772,0.02802820626031532,-0.1535765085981163,0.20524360046422993,Accept,1.3135485331930596,Accept,Accept,Accept,Accept,0.21220081387341896
1.024155049525854,1.0073701982807088,0.05793777009813768,-0.29249239588360443,0.2163612507965356,Accept,"Z2, Z4",1.7758016081576435,0.05793777009813768,-0.151769004806255,0.26149205475820553,Accept,1.7629853356880534,Accept,Accept,Accept,Accept,0.4794899855852574
0.7939226885212823,0.8742648154859669,0.0527453217998809,-0.08936340456068698,0.26321559883409895,Accept,"Z1, Z2, Z4",1.4714680131603075,0.0527453217998809,-0.12835409983122542,0.2277308682050986,Accept,1.3999716309410084,Accept,Accept,Accept,Accept,0.6876243156338702
0.7981164678472432,0.924189620779877,0.10579749273177501,-0.050493162982121795,0.3372970977391516,Accept,"Z1, Z2, Z4",1.5041176205220612,0.10579749273177501,-0.07515108312262546,0.29017585443973576,Accept,1.5695081366422772,Accept,Accept,Accept,Accept,0.08275940887984048
1.0842408070751486,1.0241939938180522,-0.08910800375417968,-0.26255670680202786,0.0926125948394779,Accept,"Z1, Z2, Z4",1.5371862099328026,-0.08910800375417968,-0.25425255812005376,0.08207198639949186,Accept,1.4539564454814222,Accept,Accept,Accept,Accept,0.8980056468040829
0.7287498916909853,0.9509402857641652,0.10835498171492508,-0.031966293925374874,0.29152032151473867,Accept,"Z1, Z2, Z4",1.437620432592037,0.10835498171492508,-0.05203606513208271,0.2629066127206507,Accept,1.5548310194243806,Accept,Accept,Accept,Accept,0.3016948152425881
0.7821167696382216,0.9203172325142862,0.09521101288869992,-0.05901536901753604,0.26951979314113994,Accept,"Z1, Z2, Z4",1.3266513625187661,0.09521101288869992,-0.05896571879129328,0.2531390806317505,Accept,1.2079497813860778,Reject,Reject,Reject,Accept,0.7390286725366849
0.937135139472077,0.9959502921272608,0.01050174050495469,-0.15811217124878563,0.2671749961770206,Accept,"Z1, Z2, Z4",1.5811262398394015,0.01050174050495469,-0.19677234244115002,0.20887799899669485,Accept,1.508281346190858,Accept,Accept,Accept,Accept,0.44138881380372225
1.2083370866153116,1.1450449811957415,-0.15992401603461362,-0.362305407728796,0.14655048201258333,Accept,"Z1, Z2, Z4",1.380483734244055,-0.15992401603461362,-0.4192336202003912,0.09622417793573265,Accept,1.399531379995543,Accept,Accept,Accept,Accept,0.2284122979845494
0.9698280213785081,1.0670888983486098,0.08015770413451614,-0.14747925468464726,0.2542671555660554,Accept,"Z1, Z2, Z4",1.4253685339419497,0.08015770413451614,-0.12745807104214513,0.28452640298602083,Accept,1.378015682637124,Accept,Accept,Accept,Accept,0.5263850445953682
1.0037079128082855,0.8526920999935507,0.11129172952904295,-0.08116242907465039,0.37353261003016086,Accept,"Z1, Z2, Z4",1.4197765873974035,0.11129172952904295,-0.09281061529693782,0.321038315746457,Accept,1.48750906863613,Reject,Reject,Accept,Accept,0.9723452012984078
1.292461556739799,1.0314252984382684,-0.10645953376676313,-0.33226423217384254,0.039828596463131805,Accept,"Z1, Z2, Z4",1.640952765284447,-0.10645953376676313,-0.29925855022004083,0.0683012737913297,Accept,1.5618521989742424,Reject,Accept,Accept,Accept,0.8277709212198828
1.034323940580771,1.0181898869954131,-0.08977857149900076,-0.2088570001725676,0.10840782385665665,Accept,"Z1, Z2, Z4",1.4478287752433407,-0.08977857149900076,-0.23569781202051715,0.058956876721271076,Accept,1.3552208738321299,Accept,Accept,Accept,Accept,0.36999250528035155
0.9932895252888287,1.053917566416269,-0.14707215190825476,-0.24174139802601735,0.10206315589611704,Accept,"Z1, Z2, Z4",1.693791623318879,-0.14707215190825476,-0.3204787243569994,0.01855626814319246,Accept,1.4994508639950896,Accept,Accept,Accept,Accept,0.8373978996368789
1.1761438106374857,0.9605424018727057,-0.11462598214098864,-0.2974636302325531,0.016187765968335318,Accept,"Z1, Z2, Z4",1.7953970776171124,-0.11462598214098864,-0.27735210762427454,0.04847012498577454,Accept,1.6089514346713605,Reject,Accept,Accept,Accept,0.8571795920530738
0.6468850266067018,0.9249186362964673,0.10555232270489065,-0.051624115406012215,0.2810797630865224,Accept,"Z1, Z2, Z4",1.295607744970566,0.10555232270489065,-0.04143582640786659,0.2532684018696306,Accept,1.3621288592306622,Reject,Accept,Accept,Accept,0.673018323295727
0.8920159826637406,0.9573309955655174,-0.003115837446299965,-0.15729643131350898,0.1704706294873377,Accept,"Z1, Z2, Z4",1.5237713211793358,-0.003115837446299965,-0.16958255005579564,0.15028623189882329,Accept,1.4982141227948946,Accept,Accept,Accept,Accept,0.848759425094785
1.05103957821747,1.0037574333911519,-0.10541613722993785,-0.2452368636098767,0.12109832800047718,Accept,"Z1, Z2, Z4",1.4402990056569798,-0.10541613722993785,-0.2857168510146066,0.07903749210142583,Accept,1.506355120335189,Accept,Accept,Accept,Accept,0.7892529299570449
0.884698706529493,0.9596284180830501,0.030118050187845906,-0.14122823215261596,0.24228817543517667,Accept,"Z1, Z2, Z4",1.5571793400485583,0.030118050187845906,-0.1566882523037148,0.21773537328063725,Accept,1.5837854614850861,Accept,Accept,Accept,Reject,1.1333345014780856
1.0374623706786066,1.1344563844139333,-0.04631558727131724,-0.3603133517201153,0.07649311481377655,Accept,"Z1, Z2, Z4",1.6790250448713766,-0.04631558727131724,-0.2555303719339389,0.15534874362495263,Accept,1.5026505081538946,Accept,Accept,Accept,Accept,0.7366843460754925
1.1644906672069162,1.0999354449734344,-0.022731472957488126,-0.2732431490303251,0.1282402232393036,Accept,"Z1, Z2, Z4",2.2447722462821997,-0.022731472957488126,-0.22340479813063993,0.18453903686351641,Accept,1.838106159421836,Accept,Accept,Accept,Accept,0.5784000730940025
0.8250571824256209,0.9094673018198851,0.09373891497500689,-0.046447380318296545,0.3310881212009931,Accept,"Z1, Z2, Z4",1.5898859808189751,0.09373891497500689,-0.09484879345771426,0.29020487985455656,Accept,1.5362117075783848,Reject,Accept,Accept,Accept,0.6725579379877441
1.1199926081086302,0.9457656455315012,-0.02927660929917466,-0.2366870352855845,0.16485014593736788,Accept,"Z1, Z2, Z4",1.645314779113946,-0.02927660929917466,-0.23027358990521218,0.17238107787751475,Accept,1.3553180765432864,Accept,Accept,Accept,Accept,0.34311559890821586
1.1264420115091962,1.010336800786784,-0.09819441597677965,-0.23604677441940072,0.18602875559454396,Accept,"Z1, Z2, Z4",1.858165962822109,-0.09819441597677965,-0.31061549111387216,0.13022793902307356,Accept,1.7126572356546423,Accept,Accept,Accept,Accept,0.840570877529399
0.8837889259883726,1.0191131182100528,0.009083571186934973,-0.22889084819248123,0.17648894370454057,Accept,"Z1, Z2, Z4",1.213189168223963,0.009083571186934973,-0.18723963927107198,0.19994031280709512,Accept,1.4170679545243032,Accept,Accept,Accept,Accept,0.48646080274890946
1.077498220489644,1.045507863844052,-0.10361958110459912,-0.2516410618818363,0.1077640600489169,Accept,"Z1, Z2, Z4",1.840449620965944,-0.10361958110459912,-0.2759451404112723,0.06447655645485016,Accept,1.3549852036117127,Accept,Accept,Accept,Accept,0.8340060959464406
1.0854143709165351,0.9265560346037953,0.0046688851568252475,-0.1395004504014187,0.20502634884370108,Accept,"Z1, Z2, Z4",1.517866859095212,0.0046688851568252475,-0.1551580058050202,0.15951488919079396,Accept,1.604872183459949,Accept,Accept,Accept,Accept,0.5407222543376973
1.0654072021024132,0.9284185734113408,-0.048253709974523495,-0.17651596902012856,0.10975392334568286,Accept,"Z1, Z2, Z4",1.3216893818487319,-0.048253709974523495,-0.18709790994196943,0.08453197618963107,Accept,1.3694317846450668,Accept,Accept,Accept,Accept,0.83904124940615
1.0616227206108937,1.0407247254883598,-0.15305418968305784,-0.30374775634577716,0.09800383768041956,Accept,"Z1, Z2, Z4",1.4772375713318693,-0.15305418968305784,-0.3634282827188818,0.0362668357184142,Accept,1.3419529528296081,Accept,Accept,Accept,Accept,0.691352855093171
0.9214588984082679,0.9845235036512591,0.05659658494534244,-0.0943436334227633,0.24948929013261384,Accept,"Z1, Z2, Z4",1.87895727411391,0.05659658494534244,-0.12023953587544163,0.20970615986067948,Accept,1.7443571962397337,Accept,Accept,Accept,Accept,0.530433068190366
0.9952134835522007,1.0485083928398786,-0.033211407246868774,-0.18211622646825412,0.17044135820685366,Accept,"Z1, Z2, Z4",1.351220549496694,-0.033211407246868774,-0.19865061188051486,0.14396129242353783,Accept,1.4679018750104353,Reject,Accept,Accept,Accept,0.7949463866167018
1.1597243290354808,1.0774553516092042,0.034629193401196766,-0.16411337238019819,0.19579411211004363,Accept,"Z1, Z2, Z4",1.4715042565037815,0.034629193401196766,-0.1385536187298929,0.2152059273059795,Accept,1.1686286561867458,Accept,Accept,Accept,Accept,0.19475452897560314
1.0133825329873758,0.9611369220398015,-0.007585563308624449,-0.19285552396213965,0.17933373560659982,Accept,"Z1, Z2, Z4",1.8581568259799708,-0.007585563308624449,-0.19445401694057027,0.1793382508976345,Accept,1.701715957291057,Accept,Accept,Accept,Accept,0.8360694113815292
0.948014549791529,0.9540952582874583,0.04554050007205703,-0.06702591552344789,0.21038582468621092,Accept,"Z1, Z2, Z4",1.187163134189095,0.04554050007205703,-0.10284641354860544,0.21029128076366066,Accept,1.316321314514651,Accept,Accept,Accept,Accept,0.6689210452085883
1.0056151466340328,0.944578482605924,0.0477067750743985,-0.15352907865514873,0.22124966211871344,Accept,"Z1, Z2, Z4",1.1839724287571824,0.0477067750743985,-0.14140554686200002,0.2417064550474083,Accept,1.377981465849742,Accept,Accept,Accept,Reject,1.4158289142547316
0.8294058196964377,0.9441624423200051,0.038705328003252874,-0.06564518237510228,0.21235385278325047,Accept,"Z1, Z2, Z4",1.4232792256885083,0.038705328003252874,-0.09861939553440087,0.17829564202813403,Accept,1.3098089245775233,Accept,Accept,Accept,Accept,0.8898234218678676
0.9615950355284786,1.02787231498344,0.14853919520441966,-0.1165950176137248,0.31489218017976955,Accept,"Z1, Z2, Z4",1.3827414611848432,0.14853919520441966,-0.04924816798462492,0.35051350062334896,Accept,1.3351996377408362,Accept,Accept,Accept,Accept,0.269224130201502
0.7916079808077611,0.9440196136429806,0.18713497793067543,-0.07742970890028697,0.36940698487159157,Accept,"Z2, Z4",1.052928329051859,0.18713497793067543,0.01700095898998713,0.36633056340569414,Reject,1.2731453564244288,Reject,Reject,Accept,Reject,0.9693949636560596
1.0604330057168256,1.0761321465327216,0.021540621712760517,-0.22387129704125028,0.16466307085636045,Accept,"Z1, Z2, Z4",1.3047860440153785,0.021540621712760517,-0.15238943497572208,0.22080181130296878,Accept,1.5369444710633107,Accept,Accept,Accept,Reject,1.1512679482469517
0.9966049781045246,0.9783583224407937,-0.02382375596274813,-0.25224204344830237,0.14694126006177147,Accept,"Z1, Z2, Z4",1.2636782245375797,-0.02382375596274813,-0.1981601053629026,0.15628853243504445,Accept,1.2414255418923184,Accept,Accept,Accept,Accept,1.1374817977251723
0.9004356174022423,1.0537078773669317,-0.08152031057558412,-0.24416123526625436,0.11746233240085932,Accept,"Z1, Z2, Z4",1.3010142048203446,-0.08152031057558412,-0.2787495761802351,0.1081992738511534,Accept,1.3960952836496734,Accept,Accept,Accept,Accept,0.2791200906033532
1.0786061706569952,0.9888180152283653,0.007548982856713686,-0.1261562274376221,0.20917345822641525,Accept,"Z1, Z2, Z4",1.8535462294520189,0.007548982856713686,-0.16696981821064127,0.17149593437128124,Accept,1.7013811540151837,Accept,Accept,Accept,Accept,0.6165290771941783
1.00089355567215,0.9721187108110905,0.13938169769928832,-0.10284973406756984,0.24863012052154662,Accept,"Z1, Z2, Z4",1.9028870248895788,0.13938169769928832,-0.025505796129190343,0.29098169976424615,Accept,1.513562470795993,Accept,Accept,Accept,Accept,0.8991942454036898
1.0446287012094944,0.9487651824149999,-0.050419009178775495,-0.18499042856205944,0.11360438008410816,Accept,"Z1, Z2, Z4",1.3982282495848657,-0.050419009178775495,-0.19103448935317566,0.1052403310687811,Accept,1.3618410699764751,Accept,Accept,Accept,Accept,0.988658191151233
0.8479590989550094,0.9473386659126707,0.09626898174155132,-0.10289911415565806,0.24814382209971333,Accept,"Z1, Z2, Z4",1.3128045257855576,0.09626898174155132,-0.07008245456316455,0.25560264866820986,Accept,1.2790292550767162,Accept,Accept,Accept,Accept,0.3555284977564981
0.9247122907739391,0.9776944069094782,-0.06591077340666186,-0.24699957944285955,0.14110483331958815,Accept,"Z1, Z2, Z4",1.3605156466689023,-0.06591077340666186,-0.24159815159901,0.11873041437572246,Accept,1.3242331446871478,Accept,Accept,Accept,Accept,0.6838055878953324
1.0297812779266713,1.0504018266379263,-0.03902034209825392,-0.22524196968435495,0.16473798326602185,Accept,"Z1, Z2, Z4",1.0415044504938742,-0.03902034209825392,-0.22898374524317572,0.16530427946797238,Accept,1.1659863077916566,Accept,Accept,Accept,Accept,0.9477460029739738
1.1432622809442898,1.0870618854588252,-0.11012074683931308,-0.32841249994155863,0.04316667755765499,Accept,"Z1, Z2, Z4",1.5853394916008086,-0.11012074683931308,-0.30076519636499566,0.08027935801885544,Accept,1.771532876597968,Reject,Accept,Accept,Accept,0.6594826384384516
1.1285364986256767,0.986823040014033,-0.06326519556791681,-0.2700764384484889,0.07491378395671308,Accept,"Z1, Z2, Z4",1.3108196954664453,-0.06326519556791681,-0.23658031953695513,0.11188913391847108,Accept,1.460918717837984,Accept,Accept,Accept,Accept,0.8481335944791643
1.0709355031188739,1.0733200481599154,-0.07828274791987606,-0.294587785103936,0.14901024740522278,Accept,"Z1, Z2, Z4",1.2526402852451275,-0.07828274791987606,-0.2817831500180326,0.1167974461720454,Accept,1.4088325197002256,Accept,Accept,Accept,Accept,0.8384671149438958
0.862566525202295,0.8913871185018586,0.049572085667736916,-0.0041705169987489715,0.2803853959451921,Accept,"Z1, Z2, Z4",1.5075637908271178,0.049572085667736916,-0.09452808892807489,0.19312429705697925,Accept,1.3659988729102719,Accept,Accept,Accept,Accept,1.1319433875700413
1.0369102048860208,1.0026500827717575,0.019667423721053054,-0.18473373426489248,0.16331241654157702,Accept,"Z1, Z2, Z4",1.183437186929097,0.019667423721053054,-0.15230833157680151,0.18478717779305667,Accept,1.384599316853608,Accept,Accept,Accept,Accept,0.576817061728888
0.8846235612859915,0.9960214599188174,0.08902496853397876,-0.08615166397104676,0.29593339236284677,Accept,"Z1, Z2, Z4",1.2890751527467577,0.08902496853397876,-0.10159563510145712,0.2834586824260534,Accept,1.4169901295533058,Accept,Accept,Accept,Accept,0.9091497391008956
1.097028428121985,0.9774318558292195,-0.027154235155705805,-0.18291995039148787,0.17450013588292584,Accept,"Z1, Z2, Z4",1.7571249265520703,-0.027154235155705805,-0.1983931333511154,0.1382890606248878,Accept,1.6516358610662223,Reject,Accept,Accept,Accept,0.6342179361707014
1.0931736921569448,0.8949242709105333,0.04649382188761103,-0.09436482270021597,0.2257302510184109,Accept,"Z1, Z2, Z4",1.6744990609367991,0.04649382188761103,-0.10469275912499063,0.22836686908997492,Accept,1.6903078476693194,Accept,Accept,Accept,Accept,0.5075953784418196
0.7448071892172635,0.9353228152232971,0.2540895942373493,0.026209029600779598,0.34447682640788546,Reject,"Z1, Z2, Z4",1.33391770046814,0.2540895942373493,0.08815652813937903,0.4110269978223787,Reject,1.4366944619672102,Reject,Reject,Reject,Accept,0.49060041026647366
1.1051620109834888,0.9546217569669929,-0.018805628570835085,-0.19077775563339727,0.15449778376720583,Accept,"Z1, Z2, Z4",1.5391493822971152,-0.018805628570835085,-0.1830099583786733,0.146424043141132,Accept,1.5049841182392019,Accept,Accept,Accept,Accept,0.5496004108986253
1.176829534850783,0.9555497184758779,0.02662660983841774,-0.20168324723704456,0.10548254339875138,Accept,"Z1, Z2, Z4",1.4875288506464435,0.02662660983841774,-0.12106197600978247,0.17145269900886986,Accept,1.3292919743687674,Accept,Accept,Accept,Accept,0.5181931757359617
0.8835449970349593,0.9840299061267658,0.04316501611215495,-0.14234348931945484,0.25059422292745015,Accept,"Z1, Z2, Z4",1.387935104869804,0.04316501611215495,-0.1606727028096795,0.23509482545020313,Accept,1.3172011068176916,Accept,Accept,Accept,Reject,1.2127958881522798
0.910987429917068,0.958317227213489,0.08367839454296735,-0.10508468529010313,0.25155851555899394,Accept,"Z1, Z2, Z4",1.454199571826373,0.08367839454296735,-0.08693475626461522,0.2567222131774384,Accept,1.5023243421034633,Accept,Accept,Accept,Accept,0.20163003447583894
0.8479580432856093,0.8812068207057029,0.17922689551715604,-0.02850628110414319,0.30272268929157425,Accept,"Z1, Z2, Z4",1.562091334217044,0.17922689551715604,0.015428566816998038,0.34060765791240766,Reject,1.7808054161753804,Reject,Reject,Accept,Reject,1.4792888196888374
0.9474170944685683,0.8979034313566485,0.06547129462140339,-0.05040751679633391,0.23835447466466883,Accept,"Z1, Z2, Z4",1.6547376001203353,0.06547129462140339,-0.0833793724667029,0.22040305572328384,Accept,1.5065946855628198,Accept,Accept,Accept,Accept,1.0733154771679543
1.0562794108126914,1.0148330554796692,-0.06766315406648662,-0.22234724630288483,0.15891709038648014,Accept,"Z1, Z2, Z4",1.4491800119765572,-0.06766315406648662,-0.2516892426498903,0.11544422926011427,Accept,1.4176592716054555,Accept,Accept,Accept,Accept,0.09670207997085908
1.1679396404445395,1.1315327213434716,-0.051604283331650215,-0.2998745185271744,0.057253768952280217,Accept,"Z1, Z2, Z4",1.1935724197950053,-0.051604283331650215,-0.21688203091350175,0.11425502729306403,Accept,1.4874924698178822,Accept,Accept,Accept,Accept,0.6659125198233794
0.9351890124756747,0.9129187987372634,0.10020870792810967,-0.08883998129257353,0.32445368269738406,Accept,"Z1, Z2, Z4",1.5085451255046476,0.10020870792810967,-0.11671522326881958,0.32619243346273885,Accept,1.4464408382204308,Accept,Accept,Accept,Accept,0.5184305310640561
0.8445889013770868,1.0226862055702814,-0.02255140617127611,-0.20559864329977673,0.1991609790487736,Accept,"Z1, Z2, Z4",1.311212105100778,-0.02255140617127611,-0.2107403273226317,0.17515259799466504,Accept,1.4010127230769955,Reject,Accept,Accept,Accept,0.822015599518625
1.0130681132826738,1.0450740358224362,-0.020075938817811934,-0.2443096700291914,0.12834434242823597,Accept,"Z1, Z2, Z4",1.5469099144954421,-0.020075938817811934,-0.2088143049378526,0.1734586952937157,Accept,1.4037999597903166,Accept,Accept,Accept,Accept,0.6387200264892758
0.9769932497815782,0.8372931475212624,0.1534236994255825,-0.04233887851076488,0.3435737128059702,Accept,"Z1, Z2, Z4",1.4323274672398452,0.1534236994255825,-0.028247848417387693,0.3543764283125153,Accept,1.4988317564817644,Accept,Accept,Accept,Accept,1.0136280242079223
1.1536696280370562,1.0277011189839356,0.007796014302591246,-0.18160831200858576,0.09760587608672504,Accept,"Z1, Z2, Z4",1.2966793222897173,0.007796014302591246,-0.1315647425057588,0.1452231304293698,Accept,1.3441799078686338,Reject,Accept,Accept,Accept,0.8144767151590604
0.9655481476159503,1.0190254313538611,0.15373677333143373,-0.1550972484622026,0.28385839295963294,Accept,"Z1, Z2, Z4",1.549102029875121,0.15373677333143373,-0.05202217447488808,0.3714202529122296,Accept,1.6175186001926627,Reject,Accept,Accept,Accept,0.5931121213410654
0.7891719328278819,0.9195427575920058,0.04447822651990754,-0.06517224726119855,0.2764011258558881,Accept,"Z1, Z2, Z4",1.2398658935028304,0.04447822651990754,-0.10936174733329515,0.19878757446252007,Accept,1.2715596955531727,Accept,Accept,Accept,Accept,0.18944202850650646
0.7108094225020027,0.9537471083000276,0.053686750293791274,-0.1161424575058919,0.20395692884345443,Accept,"Z1, Z2, Z4",1.232743479096813,0.053686750293791274,-0.10374845925349166,0.20311716321162737,Accept,1.3534111438124723,Accept,Accept,Accept,Accept,0.4748587181464845
0.9733337822437517,1.0408814449734187,0.005590673219318763,-0.31680176467993776,0.16824283550127317,Accept,"Z1, Z2, Z4",1.5277276452996704,0.005590673219318763,-0.23745210394891703,0.23370457456375587,Accept,1.3402394583557342,Accept,Accept,Accept,Accept,0.3095527339973186
0.7507449360638713,0.9746745657533756,0.01799735762505635,-0.12199490545385196,0.19677036078696025,Accept,"Z1, Z2, Z4",1.362156769173136,0.01799735762505635,-0.13013738834211241,0.17600234856448166,Accept,1.162443136946743,Accept,Accept,Accept,Accept,0.6549582368940725
1.0940041488260488,1.0228897628483198,-0.02651624761989006,-0.29462480595598045,0.10295343487422554,Accept,"Z1, Z2, Z4",1.6677449110746405,-0.02651624761989006,-0.1963132509742088,0.15200289846030088,Accept,1.4801681776082543,Accept,Accept,Accept,Accept,0.6660099091174266
1.0622412999250241,0.9967821999520344,0.04823296919165985,-0.21402584235651712,0.12797937181937752,Accept,"Z1, Z2, Z4",1.3316879655428135,0.04823296919165985,-0.1305036187897755,0.2166742396638112,Accept,1.2680139027252888,Accept,Accept,Accept,Accept,0.1458614923406119
1.0968797764412763,1.0034431991673922,-0.0971122001412003,-0.17938024136392478,0.3220520597355109,Accept,"Z2, Z4",1.6084677415210666,-0.0971122001412003,-0.2801908726333487,0.1057422635294149,Accept,1.5495733682046853,Accept,Accept,Accept,Accept,0.5249507226071649
0.9221112633127899,0.9892560271044057,-0.06390602936945207,-0.14821184310102642,0.18852372643713308,Accept,"Z1, Z2, Z4",1.5014328608454826,-0.06390602936945207,-0.23369548317021702,0.09915296517423673,Accept,1.3600666262776033,Accept,Accept,Accept,Accept,0.6972272285547584
0.8530525221022162,0.888500069584152,0.0932234560299275,-0.14167088206606313,0.2744351043337998,Accept,"Z1, Z2, Z4",1.6605662152085168,0.0932234560299275,-0.12215753693419418,0.2912429401987354,Accept,1.562366504346337,Accept,Accept,Accept,Accept,0.9244336546327224
0.9733916231030161,0.9498431718938316,0.11496465583808854,-0.07262306198527013,0.31350413129633936,Accept,"Z1, Z2, Z4",1.59255315374248,0.11496465583808854,-0.1005205049620696,0.3122501602074561,Accept,1.6419498889652724,Accept,Accept,Accept,Reject,1.1957858400371166
0.933045064004802,1.0342171784402914,-0.07559910487070545,-0.26356601700137744,0.08107493890760503,Accept,"Z1, Z2, Z4",1.650215697278359,-0.07559910487070545,-0.24332953753444242,0.09882893540913332,Accept,1.4960927803627622,Accept,Accept,Accept,Accept,0.7484895516068008
1.0031945637480248,0.9658429856424772,-0.0617492887276248,-0.26938569339323537,0.09634967728836051,Accept,"Z1, Z2, Z4",1.2861091335241348,-0.0617492887276248,-0.24940631056475007,0.11636152527110466,Accept,1.4016882123822498,Reject,Accept,Accept,Accept,0.5519186014710027
1.242851001962536,1.1555885237909482,-0.14967618666101196,-0.37285402075455576,0.00966483851759066,Accept,"Z1, Z2, Z4",1.3211796838879493,-0.14967618666101196,-0.3376796743842243,0.03374293342191906,Accept,1.2951902263656438,Reject,Accept,Accept,Accept,0.33782155153452764
1.090642056688128,1.0028380247783892,0.07387717468998592,-0.19541712190721117,0.20725097858716623,Accept,"Z1, Z2, Z4",1.4036196096910754,0.07387717468998592,-0.1144521454619927,0.2652714860807721,Accept,1.5217522691218388,Accept,Accept,Accept,Accept,0.3319215652873672
1.035029160163305,1.0379056852559145,0.005954777489301825,-0.19971369255901736,0.24331297347201397,Accept,"Z1, Z2, Z4",1.577111913477372,0.005954777489301825,-0.2075163503896455,0.22323028634273367,Accept,1.4894175170861006,Accept,Accept,Accept,Accept,0.22739012495582056
0.901216295947107,0.9782099834301273,-0.07250824622082498,-0.190302774787973,0.15502335138163523,Accept,"Z1, Z2, Z4",1.3712714918664077,-0.07250824622082498,-0.2441278104701596,0.10335565370573728,Accept,1.3674553495721822,Reject,Accept,Accept,Accept,0.4381773471734448
0.8600290352966347,0.944742267238451,-0.09331177519621268,-0.1894655966116049,0.14175961233036782,Accept,"Z1, Z2, Z4",1.3284686155728012,-0.09331177519621268,-0.25131744900195935,0.08913652414219957,Accept,1.2711798825235063,Accept,Accept,Accept,Accept,0.7574915915362136
1.0450296866431321,0.9634193956676467,0.01024822352697346,-0.1610055464441285,0.21367437548637683,Accept,"Z1, Z2, Z4",1.6288496443699878,0.01024822352697346,-0.1858577702989926,0.19623411152678194,Accept,1.6078243674101866,Accept,Accept,Accept,Accept,0.9504071827781609
0.9327642788938104,1.0376376629844024,0.02885580349285385,-0.11820981169777331,0.3341848488517654,Accept,"Z1, Z2, Z4",1.2767046134291484,0.02885580349285385,-0.17395711396812588,0.2488872540103964,Accept,1.479353921132805,Accept,Accept,Accept,Accept,0.37775760831041416
1.0685190378359373,1.0135315529061826,-0.15800685064356132,-0.2932363105192445,0.10396051983412682,Accept,"Z1, Z2, Z4",1.4280909899293044,-0.15800685064356132,-0.3482780333121889,0.04612198622171951,Accept,1.354890321313151,Accept,Accept,Accept,Accept,0.6231939968834155
0.9826410778872529,0.9118110926236059,0.13506227902807225,-0.03348594285581586,0.31378601459518746,Accept,"Z1, Z2, Z4",1.5970351028761163,0.13506227902807225,-0.03394959968989685,0.2961739330977673,Accept,1.4451624794237876,Accept,Accept,Accept,Accept,0.8295141850740041
0.9484125228320397,0.8974318572528731,0.15170367681922264,-0.083044975663676,0.2986758498677934,Accept,"Z1, Z2, Z4",1.139592186588815,0.15170367681922264,-0.060307714317652916,0.3372619586334893,Accept,1.329432968783012,Accept,Accept,Accept,Reject,0.9671555923632263
1.0030159510091003,0.9578050867126573,-0.026842083718950735,-0.16937416503149694,0.12083743861225466,Accept,"Z1, Z2, Z4",1.1021060613661926,-0.026842083718950735,-0.18182324741962097,0.11589726413623663,Accept,1.2452747846796424,Accept,Accept,Accept,Accept,0.8122001574959371
1.0142628086935794,1.0442912854976318,0.024643993368778136,-0.16943528283937873,0.19290204968215496,Accept,"Z1, Z2, Z4",1.7950919334088384,0.024643993368778136,-0.15734059347805893,0.2230797251559464,Accept,1.619151334012082,Accept,Accept,Accept,Accept,0.46075193966564476
0.6063176019014783,0.949447395795268,0.08672681924324224,-0.09168890489197702,0.36568604685529466,Accept,"Z1, Z2, Z4",1.2285354770527135,0.08672681924324224,-0.15097216083378884,0.30130459359472017,Accept,1.2640677796799036,Accept,Accept,Accept,Accept,0.2882079446732815
1.0854930629711608,1.1509058684159046,-0.035856779362891916,-0.3275872868253339,0.06905184471327272,Accept,"Z1, Z2, Z4",1.2496206408174715,-0.035856779362891916,-0.21963270728691514,0.1418563995272144,Accept,1.3319204167271073,Accept,Accept,Accept,Accept,0.5438065390996383
0.9847184105220766,1.0272611210214873,0.008294785027704747,-0.16405428444845932,0.18380471092189293,Accept,"Z1, Z2, Z4",1.148055922935555,0.008294785027704747,-0.17284371040155166,0.17939771364549034,Accept,1.3051026882802916,Accept,Accept,Accept,Accept,0.7242637894332128
1.0960523158513142,1.1119828376358982,-0.20243218667171511,-0.3311011201589166,0.030135685630107073,Accept,"Z1, Z2, Z4",1.443282587989313,-0.20243218667171511,-0.37466367467371314,-0.03998857750095583,Reject,1.523231970124186,Accept,Accept,Accept,Accept,1.3587029455046657
0.7812525861161632,0.9816091026225542,0.01902899214990504,-0.16125208552279713,0.22335624694571904,Accept,"Z1, Z2, Z4",1.2509314587301155,0.01902899214990504,-0.16265992388023776,0.21565154368529357,Accept,1.2525076459714888,Accept,Accept,Accept,Accept,0.6161840535256432
0.8914551170914056,0.9625988772845663,0.08600707885551337,-0.08340236745428548,0.22497924767241329,Accept,"Z1, Z2, Z4",1.2681413183024146,0.08600707885551337,-0.06684898991893674,0.23403759153940581,Accept,1.4489997284903824,Accept,Accept,Accept,Accept,0.496885675163783
0.9245468171075688,0.9129885298914248,-0.05107503969704859,-0.1537715171837589,0.15055213379153395,Accept,"Z1, Z2, Z4",1.5375877362616663,-0.05107503969704859,-0.19739576310695617,0.09378929447923708,Accept,1.5113004365463716,Accept,Accept,Accept,Accept,0.981747030003146
1.0183727951182426,1.019459916793382,-0.07416585675740747,-0.2073754568477445,0.14207540412697145,Accept,"Z1, Z2, Z4",2.1631918197285107,-0.07416585675740747,-0.24356314792520942,0.0844377507905339,Accept,1.7589688889742265,Accept,Accept,Accept,Accept,0.6633498363580967
0.8334934224708677,0.9940928864806079,8.979132079085354e-4,-0.21224687874564344,0.2656871035172157,Accept,"Z1, Z2, Z4",1.4827723536981905,8.979132079085354e-4,-0.23162613155248277,0.2379052258957126,Accept,1.3784683125057393,Accept,Accept,Accept,Accept,0.691151788763882
1.2389326792567557,1.0298060364620147,-0.04272363207732872,-0.2624623574263619,0.13006767508467512,Accept,"Z1, Z2, Z4",1.7531727276580327,-0.04272363207732872,-0.23400396570628826,0.15274389744413855,Accept,1.8184077922177502,Accept,Accept,Accept,Accept,0.5991670720570565
1.0320956119551343,0.9558684597457306,0.01614794615286125,-0.1358753012962809,0.17598547376942358,Accept,"Z1, Z2, Z4",1.4200659233799997,0.01614794615286125,-0.12664657671597546,0.17285973429135307,Accept,1.3346943934240016,Accept,Accept,Accept,Accept,0.778427377154892
0.9911063815191047,0.9690754160084385,-0.010314426115634916,-0.19728642234919966,0.17528406511260755,Accept,"Z1, Z2, Z4",1.3614087002916608,-0.010314426115634916,-0.19846944241760095,0.18698769255144135,Accept,1.3267723739323591,Accept,Accept,Accept,Accept,0.5052614112104092
0.993791271735652,1.0144701131251497,-0.08657149539679447,-0.26723470826417695,0.10606976983078709,Accept,"Z1, Z2, Z4",1.4290613675305328,-0.08657149539679447,-0.2724917791567715,0.09980677895046461,Accept,1.3907574237787252,Accept,Accept,Accept,Accept,0.5287847269681251
1.0806702806884874,1.0511917745771249,-0.08228542727383455,-0.2649852745800557,0.1166741542713606,Accept,"Z1, Z2, Z4",1.6636502846471162,-0.08228542727383455,-0.2685229107195788,0.11195108849652217,Accept,1.7309460340006393,Accept,Accept,Accept,Accept,0.3463313767316946
1.0361409269744604,1.0028952245614302,-0.012193640939905104,-0.2369617424868992,0.11909098277678472,Accept,"Z1, Z2, Z4",1.1384417132878648,-0.012193640939905104,-0.1690888934800794,0.15003379334151895,Accept,1.1886198534491679,Reject,Accept,Accept,Accept,0.9257098592607376
0.942973329075425,1.0008433854548122,0.017422550578717434,-0.19717077451902446,0.26785951600782765,Accept,"Z1, Z2, Z4",1.4708764223762925,0.017422550578717434,-0.21162049681414083,0.2484282067200923,Accept,1.5312356329349643,Accept,Accept,Accept,Accept,0.7671842668765539
0.8665071984275066,0.9594154915735833,0.12274840327107339,-0.028049978704480553,0.30086195514756825,Accept,"Z1, Z2, Z4",1.5905117027953122,0.12274840327107339,-0.04066687139411414,0.28249527392723583,Accept,1.3736416289618218,Accept,Accept,Accept,Accept,0.6276081811729298
1.2144256142301662,1.112694465267182,-0.15695552826431988,-0.3795846057943924,0.03982959867900514,Accept,"Z1, Z2, Z4",1.904006256348236,-0.15695552826431988,-0.36073802735625626,0.04258878791811438,Accept,1.7216615036963188,Accept,Accept,Accept,Accept,1.1374918054623961
0.9779408187311678,0.9424959768503297,0.022746327490180213,-0.14060234807221084,0.22284500040575694,Accept,"Z1, Z2, Z4",1.3210471006267595,0.022746327490180213,-0.15510854189411544,0.2041769713246965,Accept,1.4792326512737493,Accept,Accept,Accept,Accept,0.4327603995011325
1.1180711513057253,1.0597013316608104,-0.06466664543684815,-0.21994255152704806,0.026422047797530407,Accept,"Z1, Z2, Z4",1.3634006247936932,-0.06466664543684815,-0.18877473524421307,0.058863978988981325,Accept,1.4882422053412583,Accept,Accept,Accept,Accept,1.1222860726935315
1.0477028644496857,1.0021730203268597,0.02248862951656862,-0.16084864440268867,0.22988300133339856,Accept,"Z1, Z2, Z4",1.4961496044609766,0.02248862951656862,-0.15980103512153893,0.19746435854815514,Accept,1.294630509506442,Accept,Accept,Accept,Accept,0.8976057799640241
1.0108165643213498,1.0329181214800114,0.025786121666422586,-0.21393712717258773,0.10997527820901362,Accept,"Z1, Z2, Z4",1.4465726650884252,0.025786121666422586,-0.13602578020503017,0.18425422108914544,Accept,1.3596632862004738,Accept,Accept,Accept,Accept,0.23043643120446122
0.7600234936822201,1.0457786217551155,-0.0016393561085130764,-0.14906998368940935,0.24410616549427566,Accept,"Z1, Z2, Z4",1.3193870739045408,-0.0016393561085130764,-0.19071899671150033,0.19144736730530282,Accept,1.3130346225514113,Accept,Accept,Accept,Accept,0.8597633385704411
1.1170442158382332,1.0124841544279348,-0.1387524267581798,-0.34901202117652197,0.09572081812972566,Accept,"Z1, Z2, Z4",1.8625016341926284,-0.1387524267581798,-0.35855191453553886,0.07691923313213198,Accept,1.6010819381031929,Accept,Accept,Accept,Accept,0.8185081310977963
0.697759264425869,0.8832230253631405,0.18354691624244865,-0.056096917412963014,0.3981173795477816,Accept,"Z1, Z2, Z4",1.5372588131228593,0.18354691624244865,-0.03896404528575421,0.4079814732658221,Accept,1.440724233410151,Accept,Accept,Accept,Accept,0.5786732266509791
0.8627349031906854,1.0209939853267889,-0.01279772810081858,-0.17792141537581316,0.1350226389480835,Accept,"Z1, Z2, Z4",1.6197212133961767,-0.01279772810081858,-0.17734703085288192,0.14309604579761062,Accept,1.4567064947196497,Accept,Accept,Accept,Accept,0.4340494541093082
1.234251429514808,0.9892784097903022,-0.04486510483087711,-0.21224555176026144,0.016165571027865127,Accept,"Z1, Z2, Z4",1.1488152868972457,-0.04486510483087711,-0.1519541991293632,0.06112261947370021,Accept,1.4625694204549076,Accept,Accept,Accept,Accept,0.9471248701954925
0.8846640077155602,0.9314077664121015,-0.0723240225164608,-0.18049662294792343,0.13125218249598833,Accept,"Z1, Z2, Z4",1.5133402845880832,-0.0723240225164608,-0.22335780375507064,0.07847291530698572,Accept,1.3812287685479754,Accept,Accept,Accept,Accept,0.32397050985655407
0.9196773817346087,1.0225833919130785,-6.047831453409862e-4,-0.20802596998387313,0.144404302667909,Accept,"Z1, Z2, Z4",1.6583535403031044,-6.047831453409862e-4,-0.1602365858230534,0.16319537193248482,Accept,1.4057048620997197,Accept,Accept,Accept,Reject,1.6050441071814627
1.074229912506967,1.080552982711545,-0.1194106198026082,-0.2945056344544047,0.09697169938178138,Accept,"Z1, Z2, Z4",1.4007651173402282,-0.1194106198026082,-0.3047318734593646,0.07405601205542371,Accept,1.2981074776120907,Reject,Accept,Accept,Accept,0.5719064582688917
0.778816696636543,1.0096674844875992,0.0876344939255267,-0.130007719421324,0.23407467229183626,Accept,"Z1, Z2, Z4",1.2961706917252358,0.0876344939255267,-0.0818141228449197,0.2405250277394106,Accept,1.1980431178863846,Accept,Accept,Accept,Accept,0.8839208082719953
1.0997352574215549,1.057217878692772,0.02409921571280108,-0.18372985779469933,0.21147476928512918,Accept,"Z1, Z2, Z4",1.9450815317327403,0.02409921571280108,-0.17454288411838298,0.21519588930332034,Accept,1.868784128057339,Accept,Accept,Accept,Accept,0.6472633570814595
0.9108126210850115,0.8921842618553004,-0.016397887025511065,-0.18116141982948147,0.22991061074072858,Accept,"Z1, Z2, Z4",1.7138794472837033,-0.016397887025511065,-0.21308983631212067,0.17379694284116926,Accept,1.4641253107244803,Accept,Accept,Accept,Accept,0.5583064531423171
1.1064612489826153,1.051159988599604,-0.11543537077174981,-0.27371484835702053,0.023618392866887147,Accept,"Z1, Z2, Z4",1.3417051804138331,-0.11543537077174981,-0.2630426323356117,0.02918746302194188,Accept,1.35529788673093,Accept,Accept,Accept,Accept,0.3359410541125186
0.7794837298089693,0.9855547521474318,0.07142533021496374,-0.1586342097878568,0.25335855437327237,Accept,"Z1, Z2, Z4",1.380852408689496,0.07142533021496374,-0.13018554891042974,0.2756276530692639,Accept,1.2687740690544695,Accept,Accept,Accept,Accept,0.5536640379507902
1.1484339184011834,1.0168917381480358,-0.06774145847984435,-0.28271301535323423,0.11816816563383399,Accept,"Z1, Z2, Z4",1.8849923573283498,-0.06774145847984435,-0.257988661340798,0.1177596900562773,Accept,1.8043346442071047,Accept,Accept,Accept,Accept,0.2961702982214792
1.1171185528872432,1.0311726422257546,-0.046202063790903185,-0.21279189234700055,0.09105551736756867,Accept,"Z1, Z2, Z4",1.3636258991090733,-0.046202063790903185,-0.19726631056743502,0.10473929633525433,Accept,1.36632179753844,Accept,Accept,Accept,Accept,0.923989136986876
1.013025867539891,0.9821162824445697,-0.0026371769399633244,-0.1721490146652405,0.24140051456636105,Accept,"Z1, Z2, Z4",1.459752808734792,-0.0026371769399633244,-0.21168242819115435,0.2052363966408695,Accept,1.4394579248018073,Accept,Accept,Accept,Accept,0.5602977255378246
