Beta_Trt,Beta_Risk,Beta_intx,Lower.CI,Upper.CI,rejection.Risk,SSVS_results,Prediction_Error,Beta_intx_Noise,Lower.CI_Noise,Upper.CI_Noise,rejection.Risk_Noise,Prediction_Error_Noise,rejection.Opt_MultInt,rejection.interaction,rejection.interaction_adj,rejection.SDIR,SDIR
1.17656865818915,1.00643280399012,-0.1305317648371,-0.325541497718304,0.150137120171502,Accept,"Z1, Z2, Z4",1.49029574322189,-0.1305317648371,-0.371980565688416,0.0929699849847045,Accept,1.30765960602933,Accept,Accept,Accept,Accept,1.08312032344845
0.993747081792343,1.02325760292224,-0.0477749271659067,-0.268528211104601,0.260536210643219,Accept,"Z1, Z2, Z4",1.6255737017554,-0.0477749271659067,-0.300056307900612,0.1970133148746,Accept,1.53312186213345,Accept,Accept,Accept,Accept,0.317613260499553
0.884406852268675,0.945831705790183,-0.0456241085740279,-0.165065997492918,0.35035811402743,Accept,"Z1, Z2, Z4",1.30413717175146,-0.0456241085740279,-0.279871440354448,0.216557208155446,Accept,1.34618948577226,Accept,Accept,Accept,Accept,0.746497247589922
1.11104556168917,1.05736791549752,-0.176226314748773,-0.448873998457699,0.0516606097633244,Accept,"Z1, Z2, Z4",1.62186810044685,-0.176226314748773,-0.405168661636231,0.0675275650879071,Accept,1.48698028965,Reject,Accept,Accept,Accept,0.982193879059543
0.858288173699394,1.044298230538,-0.0739245810977583,-0.324200433095002,0.154658995057357,Accept,"Z1, Z2, Z4",1.70741494287664,-0.0739245810977583,-0.2945312985803,0.152823760842646,Accept,1.54416191319577,Accept,Accept,Accept,Accept,0.496211074429948
1.11805562927275,0.92863256832274,0.0361799332730685,-0.221716620038289,0.242487476064778,Accept,"Z1, Z2, Z4",1.94738820202807,0.0361799332730685,-0.193163191479988,0.263468301214285,Accept,1.41777379007735,Accept,Accept,Accept,Accept,0.650563149174464
0.945048448922976,1.01593051142947,0.138691729292547,-0.0664290128382445,0.403780502413899,Accept,"Z1, Z2, Z4",1.39638495138971,0.138691729292547,-0.0806600224075304,0.355019664999817,Accept,1.40113724773629,Accept,Accept,Accept,Accept,0.844002294407782
1.20073549047314,0.999216373650618,-0.101873177570194,-0.31454426721964,0.0630754410387446,Accept,"Z1, Z2, Z4",1.21936320129462,-0.101873177570194,-0.290762571190709,0.0746781398691884,Accept,1.24099392809658,Accept,Accept,Accept,Accept,0.788895422482329
0.717298794455915,1.02832738855931,-0.107813901087609,-0.289849091000243,0.25285998286654,Accept,"Z2, Z4",1.68647440691502,-0.107813901087609,-0.341425878455902,0.125675544592989,Accept,1.60187208155318,Accept,Accept,Accept,Accept,0.623378011906113
1.12762833100093,0.968493802905959,0.107184770179063,-0.282189159818067,0.218102700502762,Accept,"Z1, Z2, Z4",2.14344606636532,0.107184770179063,-0.14273219597239,0.352957840527866,Accept,1.58047777539623,Accept,Reject,Accept,Accept,0.97410467241196
0.746142851332359,0.974070579581125,0.249274073691774,-0.100157556857805,0.444024909909885,Accept,"Z1, Z2, Z4",1.13860162701879,0.249274073691774,-0.0104116790858887,0.517288410427375,Accept,1.54380191000339,Accept,Accept,Accept,Accept,1.15602832514861
1.27113269636653,1.22698308334914,-0.381201119338197,-0.828494178383699,-0.109176820420851,Reject,"Z2, Z4",1.86172782612827,-0.381201119338197,-0.682030221954031,-0.0536580062469568,Reject,1.65153052112421,Reject,Reject,Reject,Accept,1.52833034075783
0.872075582028244,1.0779172931765,0.0739236628399533,-0.20645582075877,0.645939396867424,Accept,"Z2, Z4",1.89674550861695,0.0739236628399533,-0.235333449491692,0.385389990516823,Accept,1.4134280921892,Accept,Accept,Accept,Reject,1.37949655744031
0.936991675472112,0.932140881154455,0.0981028988175576,-0.326366923612258,0.344383560994498,Accept,"Z1, Z2, Z4",1.70076433048993,0.0981028988175576,-0.211206869137625,0.380849635369902,Accept,1.68762269194392,Accept,Accept,Accept,Accept,1.15281359894003
0.887534886015024,0.879680204142755,0.109705516411636,-0.258015939848842,0.281458975012487,Accept,"Z1, Z2, Z4",1.51571239348759,0.109705516411636,-0.164299665244974,0.378824928008233,Accept,1.4318467429038,Accept,Accept,Accept,Accept,0.541525504826048
0.909207559225881,0.943914952762523,-0.121579285083355,-0.321615636147333,0.23523588481772,Accept,"Z2, Z4",1.54928611907012,-0.121579285083355,-0.363944868087255,0.114186545517845,Accept,1.44680186675903,Accept,Accept,Accept,Accept,1.06272793095515
1.01294196148724,0.978448730110735,0.0805280608264851,-0.218904956774819,0.250656296225371,Accept,"Z1, Z2, Z4",1.10621272793769,0.0805280608264851,-0.144256208059382,0.307738897142872,Accept,1.12317414738784,Accept,Accept,Accept,Accept,0.353455968683239
0.812466072284746,0.803635390569009,0.29418382238353,0.00689361391394186,0.6279643331708,Reject,"Z2, Z4",1.3647039658214,0.29418382238353,-0.000216862066263278,0.591613324977604,Accept,1.32449382958968,Accept,Accept,Accept,Accept,0.592225395339765
0.368992644709027,0.860962764668552,0.176996816152461,-0.066338664583891,0.733120420808616,Accept,"Z2, Z4",1.60448592457255,0.176996816152461,-0.129061699735811,0.468025192216454,Accept,1.18075972988947,Reject,Accept,Accept,Accept,1.30355983721923
1.27490483108312,0.988708853554602,-0.0813192415656898,-0.340854549098833,0.13304377786054,Accept,"Z1, Z2, Z4",1.68847591490748,-0.0813192415656898,-0.299988278181356,0.139862293607784,Accept,1.77963966946112,Accept,Accept,Accept,Accept,0.136253107839181
0.891705355823804,0.946346377540681,0.0868958218548049,-0.135736915381397,0.303641629674099,Accept,"Z1, Z2, Z4",1.49908284166362,0.0868958218548049,-0.133331227313304,0.305300982653951,Accept,1.16808082651937,Accept,Accept,Accept,Accept,0.719908392148928
0.612563857662835,0.81314282324639,0.214593088161534,0.144702567541049,0.581176725108856,Reject,"Z2, Z4",2.23685545920804,0.214593088161534,0.0176185611558067,0.393641874742945,Reject,1.60162999131749,Reject,Reject,Accept,Reject,1.78214405565905
1.00199366615764,1.02163625641576,-0.00585236774123698,-0.193517186869589,0.292740645363732,Accept,"Z1, Z2, Z4",1.62345060943815,-0.00585236774123698,-0.25910766357947,0.226577696649743,Accept,1.29488244030338,Accept,Accept,Accept,Accept,0.890572445775003
1.31248796918672,1.07656169355012,-0.0693711101276896,-0.482462264091533,0.0176290257793932,Accept,"Z1, Z2, Z4",1.63067077372847,-0.0693711101276896,-0.290652111953529,0.163516143440732,Accept,1.40984197900458,Accept,Accept,Accept,Accept,1.16260235145559
0.830918007359789,0.933022819501543,-0.0454676451364599,-0.114925198206413,0.458137920207879,Accept,"Z1, Z2, Z4",1.23266349045594,-0.0454676451364599,-0.337253050793746,0.230152935340052,Accept,1.41479946959357,Accept,Accept,Accept,Accept,0.688795940651046
0.747586028524376,0.928155130246422,-0.0838104479267949,-0.222180898041887,0.493854113245615,Accept,"Z2, Z4",1.23694015956902,-0.0838104479267949,-0.35733691619659,0.173557509407868,Accept,1.29992815126748,Accept,Accept,Accept,Accept,0.745927971080803
1.17697250491953,1.04146305833646,-0.100759861151345,-0.337095156674568,0.231828111595894,Accept,"Z2, Z4",1.57468682228782,-0.100759861151345,-0.322584500810765,0.167842605484445,Accept,1.23130725983968,Accept,Accept,Accept,Accept,0.692782826497943
1.267947846098,1.06746862133458,-0.156264899969624,-0.391195923834353,0.0373521665951355,Accept,"Z1, Z2, Z4",1.25237095734089,-0.156264899969624,-0.38812077972733,0.0643870062036885,Accept,1.266447433063,Accept,Accept,Accept,Accept,1.17036546795264
0.677711368265801,0.879071112309091,0.19104572362326,-0.138082189537438,0.510693115710371,Accept,"Z2, Z4",2.04734775962873,0.19104572362326,-0.0585194510558592,0.42812680539427,Accept,1.56078662065576,Accept,Accept,Accept,Accept,0.593551734869263
0.769412292787231,1.10121656605529,-0.298580719019228,-0.520653608410565,0.0264237946977611,Accept,"Z2, Z4",1.54460618439557,-0.298580719019228,-0.50711072973261,-0.085017046606908,Reject,1.4477020896264,Accept,Accept,Accept,Accept,0.509773661871214
0.96187437516376,1.01504336318091,-0.0265002840040699,-0.365774990801976,0.23019092115839,Accept,"Z1, Z2, Z4",1.66066523422712,-0.0265002840040699,-0.287249372221213,0.199569485018996,Accept,1.52707750512703,Accept,Accept,Accept,Accept,0.706859495067064
0.8076686383591,1.07679887697299,0.00419293416166483,-0.34094236270054,0.312578970149413,Accept,"Z1, Z2, Z4",1.62788764771056,0.00419293416166483,-0.274289519776057,0.254111125493926,Accept,1.22950872034017,Accept,Accept,Accept,Accept,0.469367192439471
0.662153293873827,0.917595287229909,0.0137024236223158,-0.162610544260174,0.257943814210341,Accept,"Z1, Z2, Z4",1.36620747280801,0.0137024236223158,-0.167515327771224,0.196667383530753,Accept,1.22845991731515,Reject,Accept,Accept,Accept,0.179266087502867
0.758757651742505,0.85664808070192,0.201578966149176,-0.167688533543035,0.53608069680886,Accept,"Z2, Z4",1.42467362416686,0.201578966149176,-0.0249439494462535,0.433664259392785,Accept,1.11303268264014,Accept,Accept,Accept,Accept,0.62556661973172
0.906821059234947,1.03126475804436,0.0903314964297157,-0.172050101735641,0.411275866274717,Accept,"Z2, Z4",1.46620372566409,0.0903314964297157,-0.153812820399546,0.332174660285816,Accept,1.54696333610714,Accept,Accept,Accept,Accept,0.845919424152356
0.775143524649823,0.943325238591803,0.11792124228046,-0.0507057342189492,0.403869669075434,Accept,"Z1, Z2, Z4",1.76739031431269,0.11792124228046,-0.115391219274303,0.335707760932593,Accept,1.53428163660994,Reject,Accept,Accept,Accept,1.1758176837844
0.84187249193493,0.972023151119446,0.0335203257869002,-0.231063738504256,0.163952693833641,Accept,"Z1, Z2, Z4",1.46204120289363,0.0335203257869002,-0.150551165912792,0.206630833918244,Accept,1.4069658125392,Reject,Accept,Accept,Accept,0.924215341609463
1.04561293558295,1.05292102271664,0.0140182087435333,-0.44459730840231,0.324639854982828,Accept,"Z2, Z4",1.87425510410673,0.0140182087435333,-0.307089816555588,0.315903492645478,Accept,1.77478012853083,Accept,Accept,Accept,Accept,0.354892714254943
0.75455799863734,1.03042722455263,-0.0724015110848805,-0.259722818802447,0.237340102555792,Accept,"Z1, Z2, Z4",1.34278153372011,-0.0724015110848805,-0.285443198733491,0.159664067754068,Accept,1.2242546303207,Accept,Accept,Accept,Accept,1.07992651586393
1.19189702162134,0.982986562007088,-0.203869635415775,-0.443725412551784,0.111432692152713,Accept,"Z1, Z3, Z4, X7",1.71107982209438,-0.203869635415775,-0.493604964094058,0.0962226116027141,Accept,1.61211481692348,Reject,Accept,Accept,Accept,1.09485176536268
1.24217255701526,1.20894567272327,-0.0576526821434559,-0.669909284812663,0.125741793517851,Accept,"Z2, Z4",2.17194859108974,-0.0576526821434559,-0.322988050228235,0.207514890357052,Accept,1.47528873528623,Accept,Accept,Accept,Accept,1.02258353419432
0.946947316936954,1.08593552418912,-0.0750680520968182,-0.396679500690883,0.0667674948213479,Accept,"Z1, Z2, Z4",1.57038018573163,-0.0750680520968182,-0.281518418622553,0.147868078261686,Accept,1.48058066862823,Accept,Accept,Accept,Accept,1.18252259205129
0.596677855428107,0.939168087568015,0.352193776606635,-0.082793321142913,0.42451666259617,Accept,"Z1, Z2, Z4",0.864681431672154,0.352193776606635,0.0953841863921093,0.604983414795078,Reject,0.842726655542369,Accept,Accept,Accept,Accept,0.214952197192172
1.16561678398139,0.956104784307376,-0.0159431404341785,-0.285236610346433,0.335666603041978,Accept,"Z2, Z4",1.96096774719604,-0.0159431404341785,-0.24204335266266,0.214909518168905,Accept,1.92591387980034,Accept,Accept,Accept,Accept,0.898720417730449
1.00404340219488,0.684698484116776,-0.0333296551921255,-0.15523985551429,0.597296438142869,Accept,"Z2, Z4",2.23773931532133,-0.0333296551921255,-0.337303565781538,0.267021134951202,Accept,1.84631229129354,Accept,Accept,Accept,Accept,0.418490658344354
0.945100632996601,0.993114377233379,0.0627284494734825,-0.261857324500379,0.221896662437393,Accept,"Z1, Z2, Z4",1.84630215381386,0.0627284494734825,-0.146457859853807,0.272799127369575,Accept,1.73455036610205,Accept,Accept,Accept,Accept,0.759327679837169
1.12156644014233,0.923850538029172,0.15226426911779,-0.349153099176067,0.382360026436624,Accept,"Z2, Z4",1.73264286027335,0.15226426911779,-0.0978402956690711,0.394471895740576,Accept,1.74735474655005,Accept,Accept,Accept,Accept,0.920653183265361
0.193659843479367,0.885195553039431,0.0582815482072085,0.00799546315926671,0.744769706575778,Reject,"Z2, Z4",1.18336457286895,0.0582815482072085,-0.236761551720886,0.352726422552355,Accept,1.11603968156125,Reject,Accept,Accept,Accept,0.232220192373273
0.860899883977847,0.967152090153954,0.073178800191433,-0.295431941544033,0.170709092547874,Accept,"Z2, Z4",1.47965345830643,0.073178800191433,-0.113589072356292,0.248365347344501,Accept,1.16825218322752,Accept,Accept,Accept,Accept,1.53110762227436
0.732436548180374,0.940727053752383,-0.0425728223686617,-0.36701386295574,0.282282240268063,Accept,"Z2, Z4, X2",1.10757777225984,-0.0425728223686617,-0.303351410568392,0.235878671746846,Accept,1.02803861669501,Accept,Accept,Accept,Accept,0.689000816777588
1.56208298147207,1.22882588863795,-0.210681838261878,-0.56064416511613,-0.0907921149277139,Reject,"Z1, Z2, Z4",1.49582221774801,-0.210681838261878,-0.449074855143014,0.0290454652530978,Accept,1.61930290186183,Reject,Accept,Accept,Accept,0.815369317156419
0.878726475592486,0.924592850572171,0.0963894966768939,-0.187398675110885,0.420382152297758,Accept,"Z2, Z4",2.03531442614398,0.0963894966768939,-0.126586390348734,0.326321782104599,Accept,1.48221045088155,Accept,Accept,Accept,Accept,1.09577178464341
0.995001735811802,1.13512643994805,-0.14273815415308,-0.592315864859961,0.0160104318693492,Accept,"Z2, Z4",1.29436485830495,-0.14273815415308,-0.375424513893302,0.0681493975349375,Accept,1.11696940732146,Accept,Accept,Accept,Accept,0.949389762273374
1.1683587129793,1.0604954546574,0.0549402931076367,-0.377853330306489,0.154332297454667,Accept,"Z1, Z2, Z4",0.981310457179832,0.0549402931076367,-0.182749788781195,0.284106064902605,Accept,1.19969704852758,Accept,Accept,Accept,Accept,1.05213107427927
0.798149817844761,1.00287089742849,-0.0876014813249636,-0.422652494342753,0.163075703004604,Accept,"Z2, Z4",1.77874223520915,-0.0876014813249636,-0.330135106220594,0.139926675368183,Accept,1.33922178513939,Accept,Accept,Accept,Accept,0.593274989741797
0.695580007019947,0.865153946587732,0.229940934962193,-0.0485502231803115,0.376631725514729,Accept,"Z1, Z2, Z4",1.328135177571,0.229940934962193,0.0237950781277825,0.425988699570518,Reject,1.24822289481467,Accept,Accept,Accept,Accept,0.370309947819672
0.888183217433176,1.0786910389288,0.00492020074070149,-0.471307714760039,0.366400139754089,Accept,"Z2, Z4",1.27945593699941,0.00492020074070149,-0.276560163471613,0.309291354679639,Accept,1.1489582996084,Accept,Accept,Accept,Accept,1.03437858603249
1.14276566709378,1.02791776534504,-0.214682377143578,-0.592589771650292,-0.0630546329094119,Reject,"Z1, Z2, Z4",1.67614350669393,-0.214682377143578,-0.475515673097225,0.0327697162764123,Accept,1.54379745112875,Reject,Accept,Accept,Accept,1.34054951780942
0.660744747810965,0.943798681564174,-0.193015561589578,-0.214440035517055,0.406694667533273,Accept,"Z2, Z4",1.19439378647192,-0.193015561589578,-0.397246380090911,0.00553795671465942,Accept,1.13994683638943,Accept,Accept,Accept,Accept,1.01942102194721
1.30249829656039,1.20363927645106,-0.218604922151105,-0.652811410707498,0.234090594625801,Accept,"Z2, Z4",1.8004813824649,-0.218604922151105,-0.511982751592362,0.0609887489280368,Accept,1.42477752991526,Accept,Accept,Accept,Accept,0.622794260431783
1.11652607521621,0.993725628643681,0.0438777102830103,-0.19909078200648,0.192982106455342,Accept,"Z1, Z2, Z4",1.48221253102264,0.0438777102830103,-0.134172204971556,0.231306788436585,Accept,1.64598026811522,Accept,Accept,Accept,Accept,0.765315018231792
0.634680114188156,0.704088335372481,-0.00341688881911616,-0.126683142955031,0.60022624165571,Accept,"Z4, X7",1.87299764211352,-0.00341688881911616,-0.215857712786217,0.217615746911441,Accept,1.14402017971909,Reject,Accept,Accept,Accept,0.582990361818875
1.00427989895864,1.12497356198948,-0.187654544027708,-0.354249933230195,0.129615610284678,Accept,"Z1, Z2, Z4",1.39258416761161,-0.187654544027708,-0.398403336652321,0.0366807098027693,Accept,1.13859819608412,Accept,Accept,Accept,Accept,0.479285287530407
0.87958178345577,0.92910172631246,-0.0410350318643314,-0.376484053498414,0.311150188906422,Accept,"Z2, Z4",1.79722941395705,-0.0410350318643314,-0.329892258941102,0.245515753425485,Accept,1.50027873981183,Accept,Accept,Accept,Accept,0.602093317220862
0.746145908552258,1.03032086197355,0.0090119191810934,-0.371523043542012,0.371244549965142,Accept,"Z2, Z4",0.954739426857402,0.0090119191810934,-0.197270422143822,0.232638276468251,Accept,1.1834303760762,Accept,Accept,Accept,Accept,1.06052650042655
1.03679842548659,1.11481986629468,-0.0681618515772132,-0.490239499894896,0.136990685910157,Accept,"Z1, Z2, Z4",1.36320178897147,-0.0681618515772132,-0.306778478089633,0.182240895470242,Accept,1.27657419923649,Accept,Accept,Accept,Accept,0.230467171885244
0.536618851316151,0.7673694501932,0.298948233349923,0.157667072728041,0.661053870693648,Reject,"Z1, Z2, Z4",1.11090444628318,0.298948233349923,0.0657860283781885,0.533853949103915,Reject,1.12933945854154,Reject,Accept,Accept,Accept,0.537781651945231
0.73140843016409,0.991417298420384,-0.00893002179280807,-0.195639328113358,0.275242040681911,Accept,"Z1, Z2, Z4",1.08883464179259,-0.00893002179280807,-0.244200222042548,0.230375627016639,Accept,1.16836936288289,Accept,Accept,Accept,Accept,0.600387101130593
0.880392710304077,1.07821986469568,-0.0780808281686239,-0.301423236529543,0.227143381364556,Accept,"Z1, Z2, Z4",1.21189857035037,-0.0780808281686239,-0.296528958403316,0.131254053905274,Accept,1.02045033692999,Accept,Accept,Accept,Accept,0.92661761161136
1.1790699193532,1.00199885489598,-0.0744684337297143,-0.356573296648168,0.181645353328856,Accept,"Z1, Z2, Z4",1.5759279232006,-0.0744684337297143,-0.320783452663493,0.186068364766252,Accept,1.26797585104855,Accept,Accept,Accept,Accept,0.877783609635182
0.757691405733699,0.945531170777946,0.196923363452069,-0.260043295358516,0.519696535159377,Accept,"Z2, Z4",1.55514592405537,0.196923363452069,-0.0971011635124317,0.51237622225885,Accept,1.32185243483215,Accept,Accept,Accept,Accept,0.804732243836185
0.990867067776418,1.00591641713562,-0.0230566031131311,-0.341574487760626,0.226179855936847,Accept,"Z2, Z4",1.7320503495181,-0.0230566031131311,-0.233942477941822,0.191426707007891,Accept,1.6519254470256,Accept,Accept,Accept,Accept,0.883550545705556
0.839670682306833,0.882463235067694,0.275793682915507,-0.167388474585021,0.467989704801667,Accept,"Z2, Z4",1.78619319558894,0.275793682915507,0.0745987561084974,0.484901689837835,Reject,1.54173236252767,Accept,Accept,Accept,Accept,0.181561636470288
1.03901122040542,1.01483783468703,0.0159588569210038,-0.163179149785895,0.256226346316108,Accept,"Z1, Z2, Z4",1.32164672823926,0.0159588569210038,-0.213431902469155,0.229530106784747,Accept,1.39306007180033,Accept,Accept,Accept,Accept,0.488013123870795
0.931748591026681,0.921474862137801,0.189522868409884,-0.139480568691556,0.453370436123777,Accept,"Z1, Z2, Z4",1.72826861531236,0.189522868409884,-0.0709058220387282,0.435813378184046,Accept,1.35375014374872,Accept,Accept,Accept,Accept,0.704303036944861
1.06322263279089,0.955291837910761,0.0778183346674512,-0.168167218237403,0.294497356802591,Accept,"Z1, Z2, Z4",1.53400867295306,0.0778183346674512,-0.143268817946965,0.296861988584435,Accept,1.48122754140406,Accept,Reject,Accept,Accept,0.591008773076366
0.988806493827828,0.973546795790513,-0.0629269251915389,-0.179021904076957,0.468188026258046,Accept,"Z2, Z4",1.37408168134139,-0.0629269251915389,-0.283859771418432,0.167958410930907,Accept,1.13043673302912,Accept,Accept,Accept,Accept,0.633060948943422
0.769893319220698,0.97017104885397,0.157083997005785,-0.195384792160844,0.316567908590204,Accept,"Z1, Z2, Z4",1.15947966416969,0.157083997005785,-0.0840319920034618,0.401937378189498,Accept,1.08069979526202,Accept,Accept,Accept,Accept,0.743779607112137
1.30055034074921,1.07169946022105,-0.137733472475297,-0.516100728007044,0.028064306494853,Accept,"Z1, Z2, Z4",1.2136796450763,-0.137733472475297,-0.362360873191092,0.0925064036771892,Accept,1.08356896465494,Accept,Accept,Accept,Accept,0.945573011443592
0.821033971503965,0.982123730009548,0.0175666779744495,-0.198283472202129,0.273761799685914,Accept,"Z1, Z2, Z4",1.47652901578124,0.0175666779744495,-0.200098169291692,0.238845145356424,Accept,1.39755444422587,Accept,Accept,Accept,Accept,1.35359388577383
0.833519862314555,0.994160186462176,-0.125644719179904,-0.326523700526515,0.278578781509845,Accept,"Z1, Z2, Z4",1.49649455693836,-0.125644719179904,-0.401018395202591,0.17789449097845,Accept,1.35139275842586,Accept,Accept,Accept,Reject,1.25175887876629
0.988593410618823,1.04973704144139,0.0140993721958747,-0.333244930769596,0.171415619779093,Accept,"Z1, Z2, Z4",1.40745566850843,0.0140993721958747,-0.197739174558612,0.23370664765347,Accept,1.14686419104105,Reject,Accept,Accept,Accept,0.926475977462131
0.644116392698095,0.904859788218225,0.0422988176851789,-0.227760641542825,0.549076879712232,Accept,"Z4, X1",2.0856274293919,0.0422988176851789,-0.259619543093155,0.328570978505192,Accept,1.53899981241469,Reject,Accept,Accept,Accept,0.651083254930801
1.15539768862247,1.13566907238389,-0.0387631142687537,-0.374674551951794,0.175682778064152,Accept,"Z2, Z4",1.15661278347902,-0.0387631142687537,-0.260979697469027,0.179539530091734,Accept,1.17521324903374,Accept,Accept,Accept,Accept,0.721915769701687
0.693686291350362,0.919635734668784,0.0431256149021134,-0.1913499469667,0.538203047666719,Accept,"Z1, Z4, X5",2.29650558907901,0.0431256149021134,-0.233904512578085,0.302013778948987,Accept,1.69151198378471,Reject,Accept,Accept,Accept,1.17884752429467
1.16352098855318,0.854621248900209,-0.0479153874628421,-0.290589447250113,0.216915380247953,Accept,"Z2, Z4",1.28005227536651,-0.0479153874628421,-0.253891917421367,0.160488628190849,Accept,1.36892620204841,Accept,Accept,Accept,Accept,1.29954533738487
0.614588912279428,0.975097976133229,0.00734956263739186,-0.120691776568891,0.413683679044928,Accept,"Z1, Z2, Z4",1.6884491630666,0.00734956263739186,-0.249955736310343,0.26602904397154,Accept,1.49350900929072,Accept,Reject,Accept,Accept,0.686100273887611
0.68715384813147,0.866162138332316,0.0796944124018437,-0.204842315722028,0.481392611966935,Accept,"Z2, Z4",1.90863007824871,0.0796944124018437,-0.162918418301629,0.334982531650552,Accept,1.23297426478948,Accept,Accept,Accept,Accept,0.88141598479813
1.31485043122841,0.965436507297311,-0.00872858818944234,-0.245340432622834,0.14783478540856,Accept,"Z1, Z2, Z4",1.87165767951338,-0.00872858818944234,-0.180654887493654,0.155751663337267,Accept,1.31810906093298,Accept,Accept,Accept,Accept,0.62218919379286
0.959121939053417,1.02379503850846,0.00679321106409601,-0.26201322658595,0.220045587971324,Accept,"Z1, Z2, Z4",1.11652510977362,0.00679321106409601,-0.233978098217384,0.248812490642933,Accept,1.16296095658536,Accept,Accept,Accept,Accept,0.827039594006443
0.673214212415481,0.973129304022056,-0.0274737646291245,-0.176876623737315,0.16648507970361,Accept,"Z1, Z2, Z4, X8",1.48470022381727,-0.0274737646291245,-0.204326492542498,0.141388107420921,Accept,1.45893149684918,Accept,Accept,Accept,Reject,1.47578805334853
1.14457578543897,1.06975015927777,0.0512925014103586,-0.515344880045353,0.137185860228443,Accept,"Z2, Z4",1.84264721818751,0.0512925014103586,-0.194271354787248,0.283299007811932,Accept,1.3835567114004,Accept,Accept,Accept,Accept,0.232674324076319
0.754464018452805,0.974339781586507,-0.000597189431915024,-0.296371755088594,0.221839918435298,Accept,"Z2, Z4",1.77192250780301,-0.000597189431915024,-0.220602631332863,0.205978015245533,Accept,1.35556750766507,Accept,Accept,Accept,Accept,0.274147212377261
0.748850728477125,1.0475475316137,-0.00367483341890331,-0.297364184862362,0.369000145758321,Accept,"Z1, Z2, Z4",1.12592378574525,-0.00367483341890331,-0.340912692468735,0.299778695521177,Accept,0.924335364232817,Accept,Accept,Accept,Accept,0.801664799968564
1.04787744511961,0.964938150318458,0.0862916498189826,-0.379576310198248,0.288663723707294,Accept,"Z2, Z4",1.31712519477264,0.0862916498189826,-0.152170987924841,0.330806844891949,Accept,1.30832580751257,Accept,Accept,Accept,Accept,1.21671039077695
1.17496932759383,0.839492850801063,0.0101393803852263,-0.304687908698056,0.17466016992631,Accept,"Z1, Z2, Z4",1.38905988429868,0.0101393803852263,-0.207842588264491,0.224256626388973,Accept,1.07472563136821,Accept,Accept,Accept,Accept,1.43710478743813
0.556129407181819,0.950860258685893,-0.0173170451586141,-0.265103435990386,0.332350053718213,Accept,"Z1, Z2, Z4",1.64726090290794,-0.0173170451586141,-0.290917065219192,0.246069473191181,Accept,1.5256722656585,Accept,Accept,Accept,Accept,0.680420918764251
0.74501901281441,0.961901839876468,-0.0521695044847601,-0.145484927505085,0.234462529237245,Accept,"Z1, Z2, Z4",1.25469985180629,-0.0521695044847601,-0.242250774331826,0.126877494405161,Accept,1.27859080800098,Accept,Accept,Accept,Accept,0.721011311680174
0.889043297349739,1.00426889611831,0.00209146948508188,-0.108942233393272,0.282708490678857,Accept,"Z1, Z2, Z4",2.38325258517431,0.00209146948508188,-0.159670305746112,0.16470232958,Accept,1.88558481165868,Accept,Accept,Accept,Accept,1.46969628851454
1.14574109548368,0.8227555291089,0.0447919747140891,-0.286444233933693,0.263825468529972,Accept,"Z1, Z2, Z4",1.68697395999414,0.0447919747140891,-0.192614258926418,0.300739627955536,Accept,1.48019995564228,Accept,Accept,Accept,Accept,0.498744584190803
0.863068668494109,0.941823959969049,-0.0731807625113164,-0.269735058078489,0.304689890954102,Accept,"Z2, Z4",1.50583092662608,-0.0731807625113164,-0.319588987395628,0.184879980993098,Accept,1.20765002191627,Accept,Accept,Accept,Reject,1.50263803376315
0.334217939622278,0.873016853837469,0.236467506915012,-0.0612386338838507,0.718117384606991,Accept,"Z2, Z4",2.17418060475361,0.236467506915012,-0.07172152447634,0.516718035896114,Accept,1.66283515087898,Reject,Accept,Accept,Accept,0.357774880925763
0.703003464422417,0.936039773144376,0.0360206440597177,-0.265957786033432,0.461278646191661,Accept,"Z2, Z4",1.52677569245625,0.0360206440597177,-0.200606865245098,0.276441345386257,Accept,1.38162654702602,Accept,Accept,Accept,Accept,0.506404437938542
0.7110136230482,0.930085579322936,0.045983559355396,-0.296411220976373,0.265142643604246,Accept,"Z2, Z4",1.46359936192726,0.045983559355396,-0.179351612078776,0.268678451917727,Accept,1.2734116379559,Accept,Accept,Accept,Accept,1.05118735054775
0.874579793505702,0.933520481027851,-0.0843591467955052,-0.229723747704096,0.257007179377542,Accept,"Z1, Z2, Z4",1.47774814305771,-0.0843591467955052,-0.317681987566787,0.175854260389032,Accept,1.27565644564505,Accept,Accept,Accept,Accept,0.749423532967031
1.1697359659631,1.1780554134804,-0.134336310014276,-0.630936876395673,0.0470013908901312,Accept,"Z1, Z2, Z4",1.51993130193857,-0.134336310014276,-0.453227415137839,0.186790431216389,Accept,1.5405851208021,Accept,Accept,Accept,Accept,0.504654788818535
0.850022078262806,0.905521590808378,0.0577438213132892,-0.206086337407404,0.27113835710234,Accept,"Z1, Z2, Z4",1.25672415254717,0.0577438213132892,-0.165679336248114,0.291931590770989,Accept,1.2947883647776,Accept,Accept,Accept,Accept,1.17928797027187
0.980403998219601,0.979867893984818,-0.0244167557143511,-0.361993588188116,0.15874265181572,Accept,"Z1, Z2, Z4",1.88272950948444,-0.0244167557143511,-0.268157197616864,0.197908988239878,Accept,1.81482003805831,Accept,Accept,Accept,Accept,0.965848321059212
0.744384729970199,0.923807151842602,-0.0117173727029557,-0.193223225882395,0.359597002563657,Accept,"Z2, Z4",1.05894703865773,-0.0117173727029557,-0.239363772226959,0.206324438677939,Accept,1.0340073485323,Accept,Accept,Accept,Accept,0.481332113432894
1.06923237971007,1.00372832347483,-0.034059399795899,-0.378964247729889,0.16676872542447,Accept,"Z2, Z4",1.87388839314003,-0.034059399795899,-0.19851133906447,0.127421282124657,Accept,1.6168594831886,Accept,Accept,Accept,Accept,0.571225587112358
1.2026493017697,1.12377741208219,-0.040302072458853,-0.38180225960482,0.211138737485934,Accept,"Z2, Z4",1.54449027735581,-0.040302072458853,-0.282657064778858,0.213568005864724,Accept,1.36050521911022,Accept,Accept,Accept,Accept,0.927280059680918
0.742505840927525,0.946799425794225,0.0742980648172574,-0.163587534591934,0.259236479627759,Accept,"Z1, Z2, Z4",1.43361627848247,0.0742980648172574,-0.0870580032861648,0.261086544002826,Accept,1.45553876597034,Accept,Accept,Accept,Accept,0.82246087429958
0.705542676345864,1.0377622722548,-0.0596441349636168,-0.330353613188617,0.214895955469421,Accept,"Z2, Z4",1.57344820563013,-0.0596441349636168,-0.291496440274846,0.149254424656736,Accept,1.27259202852125,Accept,Reject,Accept,Accept,0.915556985743201
0.800673006687165,1.0529427299631,0.0510699078694969,-0.313089843047846,0.187907194303385,Accept,"Z1, Z2, Z4",1.48575223291414,0.0510699078694969,-0.170337762988909,0.265868635204181,Accept,1.11343200080307,Accept,Accept,Accept,Accept,0.779411263588452
1.00084497733863,0.90083455713013,-0.0941497752700899,-0.219451420240444,0.263481362874781,Accept,"Z1, Z2, Z4",1.3788502986245,-0.0941497752700899,-0.330837609071032,0.134467354285873,Accept,1.62031821045348,Accept,Accept,Accept,Accept,0.937988086796243
0.865237973419908,0.892630851036032,0.0406724568911431,-0.377928309514725,0.330438789479282,Accept,"Z1, Z2",1.25385980586092,0.0406724568911431,-0.181943798441637,0.261105034259787,Accept,1.56875091848754,Accept,Accept,Accept,Accept,0.688099185450582
1.05790457068977,0.815294519255656,0.114638432962852,-0.0243114923436733,0.360381233332359,Accept,"Z2, Z4",1.49437060888928,0.114638432962852,-0.0482676607515547,0.275300054021122,Accept,1.27501489641573,Reject,Accept,Accept,Accept,0.600208643098269
1.05200550894444,1.09578437803919,0.0188794673113867,-0.348189747009349,0.194577739563004,Accept,"Z2, Z4",1.31170580315103,0.0188794673113867,-0.229290499343226,0.267617257289854,Accept,1.16277129350134,Accept,Accept,Accept,Accept,0.953698501278706
0.532628043641895,0.993778145237649,-0.00224746672366079,-0.199559299770093,0.505301068732423,Accept,"Z2, Z4",1.53819905168804,-0.00224746672366079,-0.285765511555888,0.288515816133609,Accept,1.29105049464467,Accept,Accept,Accept,Accept,1.08900773174554
0.816018014389095,0.867592609383673,0.0943754573415,-0.0969173076944771,0.4650001196314,Accept,"Z2, Z4",1.76778373681382,0.0943754573415,-0.142954381890105,0.339227264057938,Accept,1.38460278632023,Accept,Accept,Accept,Accept,0.649206841304449
0.87538565937487,0.867713575845025,0.0463801209139061,-0.244391280529152,0.392847215478092,Accept,"Z1, Z2, Z4",1.39513064608034,0.0463801209139061,-0.237700937612547,0.342303946743604,Accept,1.32707197414796,Accept,Accept,Accept,Accept,1.12259319838025
0.942268620863855,0.992444332642088,-0.0135801428128597,-0.308893204016453,0.361248437787434,Accept,"Z2, Z4",1.6305376517695,-0.0135801428128597,-0.27198895309886,0.247557971028396,Accept,1.46619870270024,Accept,Accept,Accept,Accept,0.747457469632823
0.661292790538547,0.979001074258793,0.136326762335755,-0.286505764474384,0.195004979189385,Accept,"Z1, Z2, Z4",1.12932045953841,0.136326762335755,-0.080393522840555,0.354416568421306,Accept,1.1635571403583,Accept,Accept,Accept,Accept,0.766156330287497
0.729532628096223,0.884524619007515,0.0828629745573714,-0.181979496833222,0.430934594358467,Accept,"Z1, Z2, Z4",1.5754294501055,0.0828629745573714,-0.247586202216486,0.389332457548384,Accept,1.34685872260403,Reject,Accept,Accept,Accept,0.871725085345237
1.05355801092232,1.08046980595089,0.0109932438797024,-0.488944268747114,0.312206107512109,Accept,"Z2, Z4",2.2666205791488,0.0109932438797024,-0.335486085535609,0.315705654995142,Accept,2.00966120053733,Accept,Accept,Accept,Accept,0.698984689476796
0.822982118153125,0.886697010231574,0.0793932526047578,-0.0865270436726022,0.375421779330449,Accept,"Z1, Z2, Z4",1.63740690979045,0.0793932526047578,-0.160210363676631,0.314216561448321,Accept,1.30875443642382,Accept,Accept,Accept,Accept,1.16446652363849
0.978058963246843,1.02050747784996,-0.067314691787381,-0.361780683152832,0.0622404677266357,Accept,"Z1, Z2, Z4",1.62847068812664,-0.067314691787381,-0.279870804775214,0.152905398089829,Accept,1.52094939466033,Accept,Accept,Accept,Accept,1.42221487749423
0.743794743147929,0.912121698629384,0.158652947265686,-0.262872670762903,0.484612989077336,Accept,"Z3, Z4, X9",1.86403979789703,0.158652947265686,-0.195575025246998,0.523618004041175,Accept,1.82413724990588,Reject,Accept,Accept,Accept,0.733113914894498
1.25660038709299,1.15805219243397,-0.277654713779695,-0.438828371633949,0.100167422216712,Accept,"Z1, Z2, Z4",1.5821290965315,-0.277654713779695,-0.520325623947606,-0.00741620796711591,Reject,1.69291352982968,Accept,Accept,Accept,Accept,1.10954250505128
1.67290522681742,0.936946188353048,-0.146997790748871,-0.325864309691487,0.20780793488313,Accept,"Z2, Z4",1.75545307893499,-0.146997790748871,-0.361719261467926,0.0747512445027994,Accept,1.50754994273862,Accept,Accept,Accept,Accept,1.26896994640982
0.655953305235068,0.993656952479454,-0.066316999422115,-0.248417426588191,0.549508439446666,Accept,"Z2, Z4",1.66397108299383,-0.066316999422115,-0.380904485132217,0.248856193853985,Accept,1.48536904263025,Accept,Accept,Accept,Accept,0.652313033956704
1.17307571831235,1.08401612004835,-0.366172003626545,-0.657115758123857,0.108680174257121,Accept,"Z1, Z2, Z4",1.12627555757785,-0.366172003626545,-0.674282957354722,-0.0550554671717942,Reject,1.13476571110524,Accept,Accept,Accept,Accept,0.664449691716899
0.869348759213931,1.03953123458775,0.138390220248101,-0.259906097670896,0.281879657210126,Accept,"Z1, Z2, Z4",1.6726718970116,0.138390220248101,-0.100619980275983,0.376176642451246,Accept,1.49191989191805,Accept,Accept,Accept,Accept,0.443376370561665
1.41285657690676,1.10006178691003,-0.203738742824605,-0.537773418773118,0.0712368228043918,Accept,"Z1, Z2, Z4",1.78751746355816,-0.203738742824605,-0.522702283676335,0.109216588215428,Accept,1.31656511819605,Accept,Accept,Accept,Accept,1.1732997124597
0.992371292448162,0.822557911750863,-0.130603234083825,-0.20864181437933,0.561201137719396,Accept,"Z2, Z4",1.43275574743033,-0.130603234083825,-0.466685440283596,0.212177235415221,Accept,1.48327387256061,Accept,Accept,Accept,Accept,0.766565699319267
1.12539476083668,1.11100004499094,-0.051627163956586,-0.484390902251401,0.152467193454944,Accept,"Z2, Z4",1.60724116905995,-0.051627163956586,-0.306606333267534,0.192356003972728,Accept,1.09861524753999,Accept,Accept,Accept,Accept,0.088753066482423
1.35476048068808,1.08171741154119,0.161674630987854,-0.148011202411432,0.350530076993735,Accept,"Z2, Z4",1.18494595300679,0.161674630987854,-0.109642912371386,0.411285519867593,Accept,1.09432699787564,Accept,Accept,Accept,Accept,0.578921402162573
0.803020262061005,0.819307156958652,0.0357041936933878,-0.192640629767372,0.567208156611913,Accept,"Z2, Z4",1.86790615826025,0.0357041936933878,-0.270441532815444,0.316063565637602,Accept,1.52477099811268,Accept,Accept,Accept,Accept,0.460598072848134
1.04515015522415,1.10570750559164,-0.0384840148788698,-0.409784749291346,0.453354424130038,Accept,"Z2, Z4",1.7349528082775,-0.0384840148788698,-0.344950507538397,0.282562981187386,Accept,1.79911096890769,Accept,Accept,Accept,Accept,0.964234273088334
0.91758390641227,1.08012193521767,-0.183506628432492,-0.432817293129541,0.162997999675005,Accept,"Z2, Z4",1.11943436398942,-0.183506628432492,-0.404890068250252,0.0360065937033781,Accept,1.01856224300559,Accept,Reject,Accept,Accept,0.976120414291304
0.721889614755569,1.00094615130132,0.0604189500238844,-0.280680387711789,0.247231631828171,Accept,"Z2, Z4",1.67152171461755,0.0604189500238844,-0.135671457390103,0.265784075607469,Accept,1.22007877294625,Accept,Accept,Accept,Accept,1.88126543897141
0.909203944689022,1.15983861550879,-0.0326276408105515,-0.573750497973058,0.246437992868338,Accept,"Z2, Z4",1.79703270238802,-0.0326276408105515,-0.321730805712633,0.240315530982826,Accept,1.53774780489389,Accept,Accept,Accept,Accept,0.416984751337271
1.03632610668782,1.01594174408405,0.142132086157299,-0.253147415682697,0.277071767188093,Accept,"Z1, Z2, Z4",1.72481363507065,0.142132086157299,-0.112669973904964,0.384271763408852,Accept,1.31308001758721,Accept,Accept,Accept,Accept,0.914164270453798
0.815246313802645,0.933111146392534,-0.0607377149007523,-0.162943154047997,0.327021536448591,Accept,"Z2, Z4",1.29771607785365,-0.0607377149007523,-0.260365207396774,0.13487087615862,Accept,1.07492549793287,Accept,Accept,Accept,Accept,1.22783346035919
0.935748739691584,0.925784350604835,0.0961881740707145,-0.243325289948419,0.292234492637745,Accept,"Z1, Z2, Z4",1.77834844474396,0.0961881740707145,-0.138836879691238,0.344700030025015,Accept,1.32003155787367,Accept,Accept,Accept,Accept,1.13883582651802
0.804227058926792,0.727733073663396,0.101994503800837,-0.0632779407018574,0.510572567544117,Accept,"Z2, Z4",1.57026473176198,0.101994503800837,-0.120755930724358,0.334089484200093,Accept,1.56219094767843,Accept,Accept,Accept,Accept,0.707374762372741
1.1263034484037,1.12862672805481,-0.194711743954052,-0.545174352397122,0.0366816521979167,Accept,"Z1, Z2, Z4",1.72528147864592,-0.194711743954052,-0.460919182404076,0.0847920692876242,Accept,1.52185260313703,Reject,Accept,Accept,Accept,0.557422479818239
0.66188850748759,0.810076990042176,0.183639451224007,-0.0015223982267216,0.578027642906296,Accept,"Z2, Z4",1.68036859376899,0.183639451224007,-0.0395832087809768,0.410327285212976,Accept,1.06767439949684,Reject,Reject,Accept,Accept,0.853921016744695
0.672287382913904,1.0476806167255,-0.00481750556049606,-0.335706199335229,0.481267855146164,Accept,"Z2, Z4",1.35223826346925,-0.00481750556049606,-0.295959035248958,0.281509845687488,Accept,1.10589516807046,Accept,Accept,Accept,Accept,0.32710842801403
0.457410321768025,0.783033799896859,0.162173963431105,0.110154028970395,0.675841894796274,Reject,"Z2, Z4",1.5193357495685,0.162173963431105,-0.0434655125747248,0.362799724620617,Accept,1.30693452409774,Reject,Accept,Accept,Accept,0.741446879523933
0.592365762041859,0.966579337758196,0.256213075625259,-0.0567075936678472,0.489146685125282,Accept,"Z2, Z4",1.76137137175763,0.256213075625259,0.0384000648042752,0.477990909468617,Reject,1.50322726084107,Accept,Accept,Accept,Accept,0.453400903842171
0.989019362825146,0.958386012305754,0.0579799838338688,-0.227020062014677,0.204245895544586,Accept,"Z1, Z2, Z4",1.31184687329867,0.0579799838338688,-0.101978244247522,0.236809127900551,Accept,1.41370989422572,Accept,Accept,Accept,Accept,1.01723815932092
1.18515116914836,1.04998068969004,0.0547278929758232,-0.493985378105665,0.34231163315591,Accept,"Z2, Z4",1.34721431205709,0.0547278929758232,-0.278142913147352,0.364339576633876,Accept,1.16609456248216,Accept,Accept,Accept,Accept,0.300192693298878
1.10464717985296,1.01128725166202,0.261762504755725,-0.135852130452929,0.445454122031018,Accept,"Z1, Z2, Z4",1.84180154715286,0.261762504755725,-0.0317833115427427,0.547257830822667,Accept,1.60720975075519,Accept,Accept,Accept,Accept,0.115569769690143
0.749185437522402,0.986502294804658,0.080399912247627,-0.154322048656286,0.301535986054241,Accept,"Z1, Z2, Z4",1.18033112517902,0.080399912247627,-0.131559999643994,0.283583756919533,Accept,1.14201230345892,Accept,Accept,Accept,Accept,1.10341404669284
0.919344056282116,1.01252998798567,0.246549854393302,-0.20366587240432,0.434102223004275,Accept,"Z2, Z4",1.24029349733335,0.246549854393302,0.0141547572601779,0.461540198461092,Reject,1.37545581103984,Accept,Accept,Accept,Accept,1.08006562195597
0.679338088554033,0.96873827754928,0.169927103758045,-0.27267908067443,0.562563295761286,Accept,"Z2, Z4",1.54313189208498,0.169927103758045,-0.156316188400767,0.469799066457549,Accept,1.49518636162099,Accept,Accept,Accept,Accept,0.661520929145715
1.06791976433406,1.1423695852287,-0.113307643007766,-0.591833419083528,0.0647841876083267,Accept,"Z2, Z4",1.17341272164381,-0.113307643007766,-0.386693352254362,0.134730288968919,Accept,1.03438426147726,Accept,Accept,Accept,Accept,0.575039930284946
1.19765276662284,1.03516876258776,-0.103878710359349,-0.384671578040069,0.0616743658372753,Accept,"Z1, Z2, Z4",1.14500767120615,-0.103878710359349,-0.305696538976615,0.128720511770112,Accept,1.19006782786878,Reject,Accept,Accept,Accept,1.12223644414235
1.10204608325471,1.01844196750907,-0.0559378667525144,-0.243464816456994,0.299351387589864,Accept,"Z2, Z4",1.14159980904084,-0.0559378667525144,-0.29599370157569,0.200508247042685,Accept,1.20122491495951,Reject,Accept,Accept,Accept,0.521669884543895
0.996543010873912,0.927050796804951,-0.0798321256039133,-0.283960124700267,0.203812693155414,Accept,"Z1, Z2, Z4",1.54832701835826,-0.0798321256039133,-0.318913485160083,0.159715700555245,Accept,1.58035650877054,Accept,Accept,Accept,Accept,0.557527248620783
1.443765651402,1.01893587094881,-0.129124715406622,-0.398211050748573,0.455425361434608,Accept,"Z2, Z4",2.22320646086585,-0.129124715406622,-0.446246043797249,0.194509554634621,Accept,1.64794757291923,Accept,Accept,Accept,Accept,0.649070629315272
1.20020594000863,0.995034046939139,0.0484550997681666,-0.35295842347372,0.263661213886842,Accept,"Z2, Z4",1.34996621853176,0.0484550997681666,-0.217095414002146,0.314198453265198,Accept,1.41853786924516,Accept,Accept,Accept,Accept,1.13650474959723
0.960891301934598,1.12722978427765,-0.0960509120856958,-0.382428566720767,0.251615675644389,Accept,"Z1, Z2, Z4",1.48335816615888,-0.0960509120856958,-0.367763013683597,0.162542716901186,Accept,1.58054732571592,Accept,Accept,Accept,Accept,0.989549904268126
0.576304455931133,0.819867403515625,0.00126471450511323,-0.0310929549921493,0.460332520128538,Accept,"Z2, Z4",1.44198891524597,0.00126471450511323,-0.212353469821809,0.191974644253011,Accept,1.15264853644707,Accept,Accept,Accept,Accept,0.151121490003999
0.748976780333231,0.915678336550947,0.0988876024182739,-0.260739645076243,0.447746268162284,Accept,"Z2, Z4",1.00427827849863,0.0988876024182739,-0.141709729820333,0.356158759442685,Accept,1.1203475351714,Accept,Accept,Accept,Accept,0.538321192207968
0.983889402810867,1.19374068619541,0.159111864201334,-0.217602338927939,0.459802386599245,Accept,"Z1, Z2, Z4",1.33753266254097,0.159111864201334,-0.167687546277435,0.486346724081269,Accept,1.29293153287024,Reject,Accept,Accept,Accept,0.804839198812835
1.15333560671414,1.11907160397155,-0.00187366009754498,-0.447204657056189,0.222372387101367,Accept,"Z2, Z4",1.30470381656556,-0.00187366009754498,-0.276082407624751,0.281978246079068,Accept,1.47605645765349,Accept,Accept,Accept,Accept,1.21680344067676
0.698510601519881,0.897855073267149,0.262796111669788,-0.0556206144612618,0.55744336347469,Accept,"Z1, Z2, Z4",1.39093960725307,0.262796111669788,-0.0298262920793676,0.537631431790574,Accept,1.44078316389976,Reject,Reject,Accept,Accept,0.880533780702014
0.891246264676814,1.0003109582007,-0.0262319343778812,-0.183928623598311,0.191779169153098,Accept,"Z1, Z2, Z4",1.62005262562371,-0.0262319343778812,-0.220531969802376,0.153995127907923,Accept,1.50797382350268,Accept,Accept,Accept,Accept,1.08748804819614
1.47638093340111,1.1067077009901,-0.221660733327028,-0.523733363906914,0.0282356668933374,Accept,"Z2, Z4",1.81362277544937,-0.221660733327028,-0.475087739526353,0.0354553063045148,Accept,1.33870861487351,Accept,Accept,Accept,Accept,1.22712591608463
0.997709474320242,1.01561408649305,-0.026438010767792,-0.508745868316845,0.173289378377875,Accept,"Z2, Z4",1.12969621524085,-0.026438010767792,-0.219270745243423,0.177959424256638,Accept,1.16896093553056,Accept,Accept,Accept,Accept,0.42289956686279
1.08975575679052,1.01630790178955,-0.144754744905577,-0.218634533014563,0.238943270711224,Accept,"Z1, Z2, Z4",1.16513330063175,-0.144754744905577,-0.400584118386614,0.0922941809732519,Accept,1.05645136585262,Accept,Accept,Accept,Accept,0.361703186618852
1.10624067588745,1.08059082658492,-0.27454041835877,-0.458840415949391,0.196920168763411,Accept,"Z1, Z2, Z4",1.45627653570854,-0.27454041835877,-0.593518643053962,0.0332240276614726,Accept,1.35099385349328,Reject,Accept,Accept,Accept,0.824348786892337
1.2730983407499,1.16141884760628,-0.122679943185251,-0.435733640443684,0.0497161956876624,Accept,"Z1, Z2, Z4",1.48659928736309,-0.122679943185251,-0.373303428659299,0.121224707719559,Accept,1.55109420855867,Accept,Accept,Accept,Accept,0.667284187608746
0.849119348276155,0.974636473007785,0.0696872264821723,-0.124620044427478,0.258100888581621,Accept,"Z1, Z2, Z4",1.30234055474725,0.0696872264821723,-0.113309488858409,0.258624801282054,Accept,1.11686377433126,Accept,Accept,Accept,Reject,1.32368195777817
1.63593115785582,1.15891016677822,0.0955602922122073,-0.44517974370388,0.180997157441175,Accept,"Z2, Z4",1.9054684248908,0.0955602922122073,-0.152057378112508,0.339923697023741,Accept,1.38035181995928,Accept,Accept,Accept,Accept,1.02467605082128
1.23673646605242,1.22251946726322,-0.26325037561358,-0.635100507675008,0.0938587090700788,Accept,"Z1, Z2, Z4",1.96481498050848,-0.26325037561358,-0.606669711732859,0.0710858234302865,Accept,1.91545865603136,Accept,Accept,Accept,Accept,0.27919092506703
1.23083752208933,1.14838104954542,0.0552324173565601,-0.710173985469245,0.283450604455548,Accept,"Z2, Z4",1.54107443520744,0.0552324173565601,-0.27973367851009,0.389885468402612,Accept,1.5522651158204,Accept,Accept,Accept,Accept,0.529847119198038
0.838730926744188,1.05142240015561,0.0372091659378585,-0.26903597599341,0.224728268239162,Accept,"Z1, Z2, Z4",1.07581779972524,0.0372091659378585,-0.15566509445785,0.230049144745274,Accept,1.18578047744356,Accept,Accept,Accept,Accept,0.823246199980584
0.941561617789251,0.920151617503019,-0.00503006165558722,-0.172838211118689,0.391769467036598,Accept,"Z2, Z4",1.70718040398817,-0.00503006165558722,-0.265669879092967,0.274769038220944,Accept,1.54509655259465,Accept,Accept,Accept,Reject,1.05795880354351
1.15703267410947,1.00971356227993,-0.139651082243407,-0.454579454493379,0.341711518898243,Accept,"Z2, Z4",1.71036437944109,-0.139651082243407,-0.41855748417152,0.147829871037291,Accept,1.26493366343977,Accept,Accept,Accept,Accept,0.310880290960488
0.440266591619973,0.75435016631892,0.175360113925914,0.0785050365238946,0.776137701429339,Reject,"Z2, Z4",1.29997233726131,0.175360113925914,-0.0662304244210311,0.437200313965966,Accept,1.20639715282996,Reject,Accept,Accept,Reject,1.31597540812535
0.633896203315156,0.873178749143099,0.164872860395669,-0.0331819940951542,0.4270987032366,Accept,"Z1, Z2, Z4",1.10386330441047,0.164872860395669,-0.0348919376630714,0.358014647894037,Accept,1.10543478250391,Accept,Accept,Accept,Accept,0.684119164639266
1.47432994754795,0.933234444105989,-0.0909776022813641,-0.50486421590873,0.257727551620287,Accept,"Z2, Z4",1.62607790491973,-0.0909776022813641,-0.398294849657786,0.179143681843863,Accept,1.47080882319307,Accept,Accept,Accept,Accept,0.384208086852222
0.689384039343639,1.03185134719356,-0.11784934451488,-0.347682671483043,0.186090040701367,Accept,"Z1, Z2, Z4",1.50597317717665,-0.11784934451488,-0.372468423759014,0.12268466210075,Accept,1.21448152001113,Accept,Accept,Accept,Accept,1.02312978160413
0.915156343373499,1.06974214103189,0.010990761871308,-0.391693526841642,0.181825830168111,Accept,"Z2, Z4",1.73856096821441,0.010990761871308,-0.175177051941269,0.194205169190243,Accept,1.65803119438368,Accept,Accept,Accept,Accept,0.133372996347463
1.00081178464275,1.03864017713984,0.148597373612667,-0.247108520045908,0.185690361767615,Accept,"Z1, Z2, Z4",1.02434337374231,0.148597373612667,-0.022917383093811,0.301453230959977,Accept,1.00355342676789,Accept,Accept,Accept,Accept,1.19244187147757
1.02649535318969,0.959502508442823,-0.0107634011077529,-0.271145881942681,0.130816348040116,Accept,"Z1, Z2, Z4",1.02883071886508,-0.0107634011077529,-0.203714173953668,0.19101870930696,Accept,0.940130144906703,Accept,Accept,Accept,Accept,0.927331683258096
0.736112802426859,0.914774156421877,0.149526068960919,0.00790886625011506,0.51142463909489,Reject,"Z1, Z2, Z4",1.86610637162787,0.149526068960919,-0.102839551266407,0.404186846050162,Accept,1.76057690666777,Reject,Accept,Accept,Accept,1.20076949010301
0.522079252495585,1.00672886391362,0.159096497288743,-0.0987700115447386,0.430375572132252,Accept,"Z1, Z2, Z4",1.19891275758882,0.159096497288743,-0.06064517034538,0.390749904741785,Accept,1.32097962677504,Accept,Accept,Accept,Accept,0.466910255163554
0.964445903335584,0.953780683939345,-0.0535835525259044,-0.250863963099985,0.29155170474796,Accept,"Z2, Z4",1.57832163311491,-0.0535835525259044,-0.283378944201908,0.154440780137409,Accept,1.66866042327834,Accept,Accept,Accept,Accept,0.882536242515036
0.86391165778464,0.90702284395504,0.0799960656273365,-0.277411861064914,0.509249678850191,Accept,"Z2, Z4",1.59097274895563,0.0799960656273365,-0.22177422872192,0.393435866850024,Accept,1.20197631398229,Accept,Accept,Accept,Accept,0.934459970865822
0.674860150782598,0.90579461756644,0.091238249339718,-0.150562383339208,0.234104689437064,Accept,"Z1, Z2, Z4",1.18197130347299,0.091238249339718,-0.0858670476764197,0.273011238900561,Accept,1.05039487250624,Accept,Accept,Accept,Accept,0.555203638421592
0.87811721557764,0.868759572815162,0.0741912484197983,-0.0735474695934656,0.53468685886801,Accept,"Z1, Z2, Z4",1.47670128487163,0.0741912484197983,-0.206960980277728,0.360806240143481,Accept,1.11284699884211,Accept,Accept,Accept,Accept,1.10764513931435
0.956054733696475,1.2558296083112,0.09775036116912,-0.679061307240833,0.0720218746505607,Accept,"Z2, Z4",1.5370722143906,0.09775036116912,-0.152621110513349,0.340779398851447,Accept,1.26409520940102,Accept,Accept,Accept,Accept,0.69702430492964
0.964001385524472,1.01367154385575,0.000843629448626724,-0.276035767392332,0.268954377895095,Accept,"Z1, Z2, Z4",1.03564434878699,0.000843629448626724,-0.229668657216072,0.236480207702844,Accept,1.04745931865141,Accept,Accept,Accept,Accept,0.600106131498866
0.875478129441172,0.900272785883992,0.097025410270271,-0.126581875670141,0.289349174288236,Accept,"Z1, Z2, Z4",1.6559087561671,0.097025410270271,-0.107619361450734,0.297280765794283,Accept,1.65361612502136,Reject,Accept,Accept,Accept,0.0311634711971928
0.768196690825307,1.11531542197593,0.141049159969875,-0.162682413345316,0.639973371938027,Accept,"Z2, Z4",1.28115672194768,0.141049159969875,-0.153728877912822,0.401213356914875,Accept,1.39009061433793,Accept,Accept,Accept,Reject,1.23834099551379
0.968207485854276,1.11789816881598,0.0477844606497564,-0.450701444664901,0.370851741251822,Accept,"Z2, Z4",2.33277824317708,0.0477844606497564,-0.21133037932822,0.293616134834626,Accept,1.93186672512463,Accept,Accept,Accept,Reject,1.66517769351334
1.08868212429394,1.02249574000756,0.0540870718518824,-0.122684042552278,0.340232865550998,Accept,"Z1, Z2, Z4",1.09956592437505,0.0540870718518824,-0.187014875228289,0.282489747209988,Accept,1.26954140877078,Accept,Accept,Accept,Accept,0.662788999020004
1.03505097050956,1.07868622796645,-0.185938753471131,-0.456431084670084,0.109326642119595,Accept,"Z2, Z4",1.81472470875419,-0.185938753471131,-0.417808222872862,0.0247942369310083,Accept,1.30898985691069,Accept,Accept,Accept,Accept,0.897717180608245
0.902126682779789,0.838767142426006,0.114735811591855,-0.13018426552736,0.396665113844265,Accept,"Z1, Z2, Z4",1.18058503378357,0.114735811591855,-0.140303836466584,0.361498782694395,Accept,1.21672780645427,Accept,Accept,Accept,Accept,1.14700555585096
1.26091157931349,1.0123928862227,-0.174340263191939,-0.441355386008784,0.0970103047660674,Accept,"Z2, Z4",1.76160806754674,-0.174340263191939,-0.345175295775127,0.0158035197988947,Accept,1.45823346305356,Accept,Accept,Accept,Accept,1.08372720108975
0.923556378947122,0.954723211737583,0.0473690154309697,-0.253217326883245,0.393764155291635,Accept,"Z2, Z4",1.9029142858602,0.0473690154309697,-0.217174117148893,0.323614789943211,Accept,1.61314943752573,Accept,Accept,Accept,Accept,1.13820855381724
1.07386093502234,0.971313976051625,-0.128813152563634,-0.439546965127194,0.164326361487662,Accept,"Z2, Z4",1.76742149636072,-0.128813152563634,-0.34348051348092,0.0882456659261658,Accept,1.48097704885349,Accept,Accept,Accept,Accept,1.34641540912556
1.31999134671672,1.03223993315956,-0.113653393127439,-0.601878739230658,0.0669440212853595,Accept,"Z2, Z4",1.39826092316313,-0.113653393127439,-0.385838755233851,0.160310362852489,Accept,1.33876771819369,Accept,Accept,Accept,Accept,1.10003167014501
0.848597284830697,1.14084330647272,-0.152207023982782,-0.266808667327444,0.293693606091596,Accept,"Z1, Z2, Z4",1.04100519389623,-0.152207023982782,-0.383759887707315,0.0908673140543463,Accept,1.03387204571228,Accept,Reject,Accept,Accept,1.21472834345509
0.980612039914956,1.13148537568776,-0.0775122009885577,-0.596469722368905,0.0814723786795769,Accept,"Z2, Z4",1.68838738296061,-0.0775122009885577,-0.293108590149363,0.151403163059725,Accept,1.48779973801801,Accept,Accept,Accept,Accept,0.545497205359918
0.862119068552709,0.935046627043065,-0.0327801503349175,-0.241864702819127,0.295067789392717,Accept,"Z1, Z2, Z4",1.31051791704778,-0.0327801503349175,-0.236318668239515,0.192898839858015,Accept,0.96978710366647,Accept,Accept,Accept,Accept,0.793975364467826
0.663243756525389,0.9937710340541,0.0491835577887851,-0.455032030376968,0.381187318157535,Accept,"Z1, Z4, X10",1.63973561617925,0.0491835577887851,-0.280494265192681,0.408630015734005,Accept,1.34317250335464,Reject,Accept,Accept,Accept,1.2188393161596
1.05439917853846,0.980475672480883,-0.0168533662043014,-0.206645802505624,0.221216392110433,Accept,"Z1, Z2, Z4",1.85736444361924,-0.0168533662043014,-0.236693203562418,0.199974315558685,Accept,1.72159285364487,Accept,Accept,Accept,Accept,0.735905203649269
0.747134301334383,0.898197017638046,-5.30824788167219e-05,-0.098727730165565,0.626961003342591,Accept,"Z2, Z4",1.35820387777746,-5.30824788167219e-05,-0.316878515284236,0.320061915117525,Accept,1.3845789798464,Accept,Accept,Accept,Accept,0.59938810838336
1.02910802668384,0.98407279770645,-0.115000846127241,-0.32271211073628,0.0522909940855431,Accept,"Z1, Z2, Z4",0.975650291636452,-0.115000846127241,-0.326318700131961,0.0799871149101772,Accept,0.975899781284518,Accept,Accept,Accept,Accept,0.723070303549644
0.894306490715756,1.00755085031554,0.0688257690078461,-0.171580232641591,0.375135042906619,Accept,"Z1, Z2, Z4",1.10963535018006,0.0688257690078461,-0.188922205558594,0.319123972218501,Accept,1.30099741826749,Accept,Accept,Accept,Accept,0.802921757210493
1.16838869729879,0.858259407247197,-0.0275764636415348,-0.156184305721136,0.385913343126623,Accept,"Z1, Z2, Z4",1.88560786363269,-0.0275764636415348,-0.300188640503327,0.27564070682413,Accept,1.44995763210587,Accept,Accept,Accept,Accept,1.07905211711998
0.851776190749793,0.890343234545254,-0.0410455960979743,-0.0977929222770988,0.551195044598405,Accept,"Z2, Z4",1.60150148463797,-0.0410455960979743,-0.31403838772585,0.242193454332466,Accept,1.23626238730929,Accept,Accept,Accept,Accept,0.452324361949491
0.612686811312219,0.904688270555406,0.105349339220126,-0.0963720916003052,0.415139481755285,Accept,"Z2, Z4",1.32356362922285,0.105349339220126,-0.0597265659173451,0.274572672896141,Accept,1.42891923879374,Accept,Accept,Accept,Accept,1.22278210900022
1.01570857725894,0.995945292301943,-0.0940068413578263,-0.311243870070226,0.396481604820869,Accept,"Z2, Z4",1.60448135177685,-0.0940068413578263,-0.355986592828208,0.172976821946913,Accept,1.40036106802177,Accept,Accept,Accept,Accept,0.732856428864202
0.7539770871377,0.989348489467252,0.0500148165970943,-0.176186281255603,0.274698892742719,Accept,"Z1, Z2, Z4",1.2708856295113,0.0500148165970943,-0.12304370683024,0.255334317685362,Accept,1.35202756983049,Accept,Accept,Accept,Accept,0.753127508330717
0.802522128757278,1.03503760912273,-0.151687629326828,-0.462385167756238,0.431589951867051,Accept,"Z2, Z4",1.36693511378014,-0.151687629326828,-0.461215848834693,0.179283409943997,Accept,1.28816559992022,Accept,Accept,Accept,Accept,1.15079407387902
1.10434510513522,1.00040757225211,-0.194247727738448,-0.413043121569797,0.115510371291016,Accept,"Z1, Z2, Z4",1.22275134143445,-0.194247727738448,-0.435987419312223,0.0285672140065268,Accept,1.35942397050781,Accept,Accept,Accept,Accept,1.09847677618514
1.1522382942861,1.0984419967218,-0.131295972108563,-0.462616656264876,-0.000996684823517752,Reject,"Z1, Z2, Z4",1.66031651103433,-0.131295972108563,-0.323439314423966,0.0701980430206978,Accept,1.52336882422325,Reject,Accept,Accept,Accept,0.91303641247725
1.15606972292522,1.08820619426285,-0.0917093513768539,-0.446385438791441,0.0938812698840137,Accept,"Z1, Z2, Z4",1.78081032761032,-0.0917093513768539,-0.349684904952099,0.191409615317449,Accept,1.44812094143267,Accept,Accept,Accept,Accept,0.851865122767836
1.04055794888169,1.03134704325517,0.0430370515065727,-0.40958588299684,0.206740630744362,Accept,"Z2, Z4",1.557849738867,0.0430370515065727,-0.167604404468074,0.279302097219782,Accept,1.57710027134288,Accept,Accept,Accept,Accept,0.604826172973786
0.880540879268875,1.00061963293151,0.000575336095312909,-0.135999660928538,0.28127929932696,Accept,"Z1, Z2, Z4",1.20181189509239,0.000575336095312909,-0.222052728922079,0.201998257864414,Accept,1.08588164911759,Accept,Accept,Accept,Accept,0.871104865658284
1.01623679290216,0.975810206292235,-0.126377760819025,-0.364701866110194,0.231494579870997,Accept,"Z1, Z2, Z4",1.58258077864734,-0.126377760819025,-0.432142342794015,0.170744282270521,Accept,1.58314363121172,Accept,Accept,Accept,Accept,1.04267370171682
1.02631118673818,0.989973834890631,-0.227183815765338,-0.366823038996189,0.108325770620642,Accept,"Z1, Z2, Z4",1.55864086339188,-0.227183815765338,-0.459121847043023,-0.00187350837206231,Reject,1.64665345356902,Accept,Accept,Accept,Accept,1.02360604432454
0.944104995958758,0.922311057249555,-0.126176235992335,-0.221412728209025,0.336288595135596,Accept,"Z1, Z2, Z4",1.25959773169914,-0.126176235992335,-0.385208893631857,0.125924165179607,Accept,1.14947160107578,Accept,Accept,Accept,Accept,0.846488188701276
1.02160796154487,0.908452698187982,0.165181884692919,-0.431239781987404,0.278232340783401,Accept,"Z2, Z4",1.22023622427053,0.165181884692919,-0.141220862457845,0.486096628341846,Accept,1.48602206752584,Accept,Accept,Accept,Accept,1.09005986521406
1.08449609784309,1.14069844254467,0.0452337731026439,-0.373182108473239,0.259815232745143,Accept,"Z2, Z4",1.51454182689304,0.0452337731026439,-0.200746881563888,0.286483916433002,Accept,1.37084485076311,Accept,Accept,Accept,Accept,0.808924389953644
0.824587256043984,0.947689976494088,0.148065379633388,-0.148527300367118,0.288033639335037,Accept,"Z1, Z2, Z4",2.31569845071324,0.148065379633388,-0.0807934040073498,0.362891012018162,Accept,1.69459527090152,Accept,Accept,Accept,Accept,1.05117693234674
0.45130668774763,0.914948237192754,0.204569192018185,0.0136980378442488,0.662894352042787,Reject,"Z2, Z4",1.00190248050374,0.204569192018185,-0.0694201164533412,0.473527995903857,Accept,0.979231364401037,Accept,Accept,Accept,Accept,0.61240722255358
0.877532186132524,1.09646530083398,-0.00258394099802,-0.391206626577583,0.249328743287497,Accept,"Z1, Z2, Z4",1.22093613524577,-0.00258394099802,-0.30257421044949,0.296575433881869,Accept,1.12042237229472,Reject,Accept,Accept,Accept,1.44109103914587
1.12369638162824,0.965304905079646,-0.0170613097790226,-0.1644826706406,0.33023372586267,Accept,"Z1, Z2, Z4",1.36274102332948,-0.0170613097790226,-0.247314567695954,0.213700146242726,Accept,1.13608866708933,Accept,Accept,Accept,Accept,0.754403422743274
0.991583516188342,1.0177703107663,-0.0487851253202117,-0.270290049595273,0.232522357932988,Accept,"Z2, Z4",1.4397129578744,-0.0487851253202117,-0.240882059523321,0.137877139083922,Accept,1.49235391427927,Accept,Accept,Accept,Accept,1.25395996134419
0.952353593912468,0.842281809854491,0.0937961463584994,-0.124297765669455,0.398404231009961,Accept,"Z2, Z4",1.94582741449574,0.0937961463584994,-0.130434664085559,0.304738548821678,Accept,1.41107360414496,Accept,Accept,Accept,Accept,1.01532037713935
0.430405990124194,0.814081760774998,0.15846922436662,-0.0754526075808778,0.404908523101277,Accept,"Z2, Z4",1.25260395910908,0.15846922436662,0.00120994916614621,0.32892728939299,Reject,0.932859111457336,Accept,Accept,Accept,Accept,1.00639406134877
1.26460221841321,0.905930968383253,0.0999916337580896,-0.139522159435046,0.251012917037766,Accept,"Z1, Z2, Z4",1.5556101688085,0.0999916337580896,-0.11695236714141,0.282765035918492,Accept,1.41838630175704,Accept,Accept,Accept,Accept,1.09865967887439
0.867990664113034,0.9169800464104,0.113649095745969,-0.0845633949159781,0.318182221808873,Accept,"Z1, Z2, Z4",1.37276423051184,0.113649095745969,-0.0757289560077149,0.294415210940461,Accept,1.39181260893926,Accept,Accept,Accept,Accept,0.693299979802187
0.915275911782867,1.02505203829337,-0.129600764516902,-0.287838326716591,0.311116023071465,Accept,"Z1, Z2, Z4",1.76025180145102,-0.129600764516902,-0.371286649578031,0.108209328054113,Accept,1.39340563707389,Accept,Accept,Accept,Accept,0.988281690435325
1.05188060282081,1.04114551858173,0.109331931444893,-0.41431824278458,0.25311528546454,Accept,"Z2, Z4",1.64091460210094,0.109331931444893,-0.130312055978136,0.344313426517439,Accept,1.49635456306841,Accept,Accept,Accept,Accept,0.382301352049575
0.0551525958495876,0.721021367373612,0.17134973284757,0.0956546317069898,0.729049906571902,Reject,"Z1, Z4, X4",2.42149279608177,0.17134973284757,-0.0559386076625256,0.412125047677637,Accept,1.8412854091089,Reject,Accept,Accept,Accept,0.716959838813377
0.675379327102259,0.909925525528205,0.141591970288883,-0.123407752070634,0.423013215992691,Accept,"Z1, Z2, Z4",1.6328374678325,0.141591970288883,-0.150530934356249,0.426458708149355,Accept,1.38654824143837,Accept,Accept,Accept,Accept,0.683689302056928
1.0725218700623,1.1101764283453,-0.106149514551037,-0.372189234968888,0.192774373877928,Accept,"Z1, Z2, Z4",1.11162073736494,-0.106149514551037,-0.38178986033247,0.178114410067202,Accept,1.29862389714163,Accept,Accept,Accept,Accept,1.04125640068371
1.17382535858191,1.07414556239167,0.0370637058410628,-0.210615995935,0.169214697205623,Accept,"Z1, Z2, Z4",2.12134210134989,0.0370637058410628,-0.16172351586141,0.244830204261831,Accept,1.65109672108489,Accept,Accept,Accept,Accept,0.481031380475065
1.24023179991778,1.05408276800843,-0.0375294300547058,-0.378946594965506,0.093782547642968,Accept,"Z1, Z2, Z4",1.69484197919673,-0.0375294300547058,-0.265983012767659,0.198428714663301,Accept,1.44623502584135,Reject,Accept,Accept,Accept,1.16271058014947
0.845983475778131,0.900764155219221,0.102191779272743,-0.229221431868964,0.311441875083295,Accept,"Z2, Z4",1.68080244354133,0.102191779272743,-0.095632470501274,0.313518214377165,Accept,1.57114297490835,Accept,Accept,Accept,Accept,0.768714135692389
1.10420098752623,0.959590724925567,-0.17306442791464,-0.422804167480996,0.193855828580819,Accept,"Z1, Z2, Z4",1.55405264060155,-0.17306442791464,-0.455812440741894,0.104672688858809,Accept,1.30715963543225,Accept,Accept,Accept,Accept,0.475630308012815
0.561450990748804,1.00982876499621,0.0181509758303833,-0.314891306520345,0.274025922500559,Accept,"Z2, Z4",1.00773406795467,0.0181509758303833,-0.182625315013182,0.230168223720368,Accept,1.15696653920054,Accept,Accept,Accept,Accept,0.331578617169729
1.15161308261101,1.14300661775172,-0.123404940819153,-0.466031800127557,0.0560239792858444,Accept,"Z1, Z2, Z4",1.23852307913902,-0.123404940819153,-0.396255333864025,0.122879470358657,Accept,1.21622496976518,Accept,Accept,Accept,Reject,1.62178727303135
1.19323938947486,0.992062711236374,-0.0076847504198765,-0.411695973974765,0.185048648482989,Accept,"Z2, Z4",2.51049357096402,-0.0076847504198765,-0.206789928532933,0.197866392867234,Accept,1.53208001767695,Accept,Accept,Accept,Accept,0.648918204397907
1.27035104354904,1.01969377424711,-0.0946113140976696,-0.240835773286567,0.20719007795219,Accept,"Z1, Z2, Z4",1.05737490456805,-0.0946113140976696,-0.310185035182334,0.125944007594359,Accept,1.52928106438834,Accept,Accept,Accept,Accept,0.789893366322705
1.55125288766825,1.26114202661454,-0.083838196123185,-0.509084594290723,0.323354088542536,Accept,"Z2, Z4",1.403780421194,-0.083838196123185,-0.334547643202097,0.16956797931738,Accept,1.40008427364876,Accept,Accept,Accept,Accept,0.18516095513993
0.66209912319914,0.862257934253404,0.231985409091544,0.0373761346404027,0.679513042884467,Reject,"Z2, Z4",1.78854065373336,0.231985409091544,0.00648553379953287,0.464660461416799,Reject,1.18501908756475,Reject,Accept,Accept,Accept,0.648178048446834
0.687382023468752,1.06384357606727,-0.129199415918625,-0.651229070778676,0.793887407320969,Accept,Z4,2.01919884527541,-0.129199415918625,-0.475908975684947,0.217768228122418,Accept,1.26541577397539,Accept,Accept,Accept,Accept,0.786134441545848
0.909666945024397,0.98926887985174,-0.149838691143236,-0.518149311920121,0.34183696567411,Accept,"Z2, Z4",1.29679011368449,-0.149838691143236,-0.457034999686765,0.151651678915165,Accept,0.904585681770947,Accept,Accept,Accept,Accept,0.879141234184407
1.05296213940958,1.04362546065336,-0.195007381236574,-0.503443237247942,0.0406955787309925,Accept,"Z1, Z2, Z4",1.39735671360764,-0.195007381236574,-0.425505221732944,0.0510323105534947,Accept,1.21277498723139,Accept,Accept,Accept,Accept,0.572259891519203
0.686860988056881,1.01038609131334,-0.0760597121954664,-0.227931425825289,0.278418667697871,Accept,"Z1, Z2, Z4",1.22173239485417,-0.0760597121954664,-0.297585873191706,0.156562388991059,Accept,1.16188607334597,Accept,Accept,Accept,Accept,0.617427319124465
0.696861126025251,1.09932233838859,0.0458158690172941,-0.266469049331004,0.323135109902567,Accept,"Z1, Z2, Z4",1.00001523878589,0.0458158690172941,-0.237886820558833,0.307605974909771,Accept,1.17542788500378,Accept,Accept,Accept,Accept,1.07444436640258
0.986328818136638,0.900275081208835,-0.0109023833287931,-0.156927981969986,0.251328190081954,Accept,"Z1, Z2, Z4",1.27749062735564,-0.0109023833287931,-0.205118992740315,0.1760580865423,Accept,1.21351751122297,Reject,Accept,Accept,Accept,0.363920188226462
0.540566452655396,1.08765324276866,-0.0965900010226516,-0.41743962128491,0.140837498600686,Accept,"Z1, Z2, Z4",1.02976710575059,-0.0965900010226516,-0.333704764018869,0.138067038992205,Accept,1.21875303009623,Accept,Accept,Accept,Accept,0.463184807704045
0.916028903747337,0.969523662975492,0.105618474751476,-0.218666467254924,0.287945192449398,Accept,"Z1, Z2, Z4",2.08532089076788,0.105618474751476,-0.124214235088308,0.352817132562622,Accept,1.65957835731624,Accept,Accept,Accept,Accept,1.20787088183412
0.502707623543794,0.90112120545068,0.14541814038847,-0.197964731408308,0.523105358086869,Accept,"Z1, Z2, Z4",1.5964511638877,0.14541814038847,-0.183122490698827,0.480799966461076,Accept,1.46577340674796,Accept,Accept,Accept,Accept,0.517818543674546
0.31747460358571,0.850610840652778,0.104791713600778,-0.216536576851944,0.74880085552183,Accept,"Z2, Z4",1.77032538344176,0.104791713600778,-0.164379433694588,0.350036564015678,Accept,1.4980686054646,Accept,Accept,Accept,Accept,0.560384171351185
0.573887731307345,0.842648609296714,0.219121336055773,-0.0653428273984774,0.475515674771155,Accept,"Z1, Z2, Z4",1.48838354313272,0.219121336055773,-0.040396204125568,0.502924547154736,Accept,1.39522557102777,Accept,Accept,Accept,Accept,0.130936491631937
1.12941176619816,1.09589632971247,0.0812639253587829,-0.473653199979436,0.129207828738986,Accept,"Z2, Z4",1.65821864845923,0.0812639253587829,-0.161283140018704,0.330069802386005,Accept,1.72696327002603,Accept,Accept,Accept,Accept,0.419430866950989
0.562764815762321,0.998162860210352,0.220187369743302,-0.0444868440478682,0.636567337988668,Accept,"Z1, Z2, Z4",1.35892600882518,0.220187369743302,-0.0515146792026336,0.482156298028217,Accept,1.07575929973725,Accept,Accept,Accept,Accept,0.749711838883286
1.01229928360736,1.0576653901565,-0.128160990823849,-0.578155816599564,0.313763634442262,Accept,"Z2, Z4",1.28541118746596,-0.128160990823849,-0.481561410449192,0.206938136576031,Accept,1.14717462946073,Accept,Accept,Accept,Accept,0.66963881592601
0.927015750492411,0.980493285178115,0.0690374569953,-0.185178848636444,0.364564046088885,Accept,"Z2, Z4",1.65057923184129,0.0690374569953,-0.138541028140785,0.279014366647999,Accept,1.27296840413065,Accept,Accept,Accept,Accept,1.31996182814244
0.991551797803203,0.972673014200883,0.139219090528152,-0.126750460767054,0.397359452482375,Accept,"Z1, Z2, Z4",1.48365455973583,0.139219090528152,-0.113756785456226,0.387831683407357,Accept,1.23915109309001,Accept,Accept,Accept,Accept,1.32404646770789
1.41313246872907,0.972355018678525,-0.185454550582228,-0.497946218304785,0.0441782004718942,Accept,"Z2, Z4",1.47851494264253,-0.185454550582228,-0.368972907434563,-0.0272911443795678,Reject,1.26245673237779,Accept,Accept,Accept,Accept,0.133617997775296
1.58225264692948,1.29152395274256,-0.0361107094229664,-0.768192949020786,0.0355911876522392,Accept,"Z2, Z4",2.01200538283582,-0.0361107094229664,-0.303787377119668,0.231827474022391,Accept,1.69855560104231,Reject,Accept,Accept,Accept,1.17278385830341
1.07537633566277,1.15691659795431,-0.230596705155832,-0.545917678474073,0.00606069633530765,Accept,"Z1, Z2, Z4",1.35742987280038,-0.230596705155832,-0.476856430834821,0.0296693614160359,Accept,1.28968093640756,Accept,Accept,Accept,Accept,1.55607589501973
0.860164212894116,0.960681206893228,0.197329727108106,-0.299832628746107,0.449089860916,Accept,"Z2, Z4",1.42358285496213,0.197329727108106,-0.0760659608167495,0.47685581236572,Accept,1.09798497262595,Accept,Accept,Accept,Accept,0.45077328239922
1.28185706978632,1.22423870308081,-0.130472021824809,-0.674151487857537,0.121566259288029,Accept,"Z2, Z4",1.36899143504589,-0.130472021824809,-0.406495985113386,0.136887837747149,Accept,1.3475324174894,Accept,Accept,Accept,Accept,0.522998853462138
1.26481652163941,1.07467425938131,-0.0628444082794704,-0.49265803205554,0.172991937072209,Accept,"Z1, Z2, Z4",1.21353904880231,-0.0628444082794704,-0.375268404303781,0.278766540089313,Accept,1.21904479403849,Accept,Accept,Accept,Accept,0.505679842336645
1.29431987976946,1.23332455374819,-0.15405790242019,-0.332847107864623,0.16023832734376,Accept,"Z1, Z2, Z4",1.33985762256582,-0.15405790242019,-0.37719600350596,0.0889063624765503,Accept,1.27082856531247,Reject,Accept,Accept,Accept,0.877636785381736
0.870961051383463,1.01351963910212,-0.112103019968778,-0.254527897845004,0.514406589233281,Accept,"Z2, Z4",1.72520646344722,-0.112103019968778,-0.389538528405937,0.160767241611034,Accept,1.40681138959057,Accept,Accept,Accept,Accept,0.909048859531505
0.818346007437239,1.01166824152624,-0.0661987012682265,-0.320643649786177,0.169604445936005,Accept,"Z2, Z4",1.76110297452206,-0.0661987012682265,-0.265780893679313,0.16262964329286,Accept,1.59348864871497,Accept,Accept,Accept,Accept,0.776165122244973
0.462049152147083,0.806801080698468,0.244750085896764,0.011898298744249,0.596285985797331,Reject,"Z1, Z2, Z4",1.9000801184088,0.244750085896764,-0.0198734670005122,0.530592459006308,Accept,1.45779639128083,Reject,Reject,Accept,Reject,1.40914627966338
1.28222651324371,1.1578950456354,-0.0240983474645372,-0.480098748219655,0.225248191058006,Accept,"Z2, Z4",1.4909813879325,-0.0240983474645372,-0.315545349789898,0.251519060839199,Accept,1.64433791772455,Accept,Accept,Accept,Accept,0.46344410996233
0.864484155599317,0.941316484838858,0.193691132409003,-0.0649958148223098,0.430899638308798,Accept,"Z1, Z2, Z4",1.18674383178129,0.193691132409003,-0.0401016531813626,0.43378894012377,Accept,1.18658255889154,Reject,Reject,Accept,Accept,0.626775718558742
1.06431244849921,1.08990782355767,0.0918326121246099,-0.406405785953618,0.213072587870505,Accept,"Z1, Z2, Z4",1.43018460345698,0.0918326121246099,-0.186559211666414,0.362464493380673,Accept,1.43576709538131,Accept,Accept,Accept,Accept,0.844953985226502
0.666536007854361,0.848186295311797,0.118414893636066,0.00587532536864168,0.40398562727461,Reject,"Z1, Z2, Z4",1.59762522635344,0.118414893636066,-0.0778915993726189,0.316319776499383,Accept,1.17743757205972,Accept,Accept,Accept,Accept,1.24272828670293
0.658157068161609,0.913123692681931,0.105396421847242,-0.0958948003794352,0.363538048313415,Accept,"Z2, Z4, X6",1.18658651903359,0.105396421847242,-0.095822520462662,0.304385240520606,Accept,1.11206020858831,Reject,Accept,Accept,Accept,1.05411822016953
0.849165603511956,1.01183127700485,0.0599907218086485,-0.332799528942243,0.262957008287578,Accept,"Z2, Z4",2.0881664514968,0.0599907218086485,-0.173907456844117,0.296228721010642,Accept,1.5141167675002,Accept,Accept,Accept,Accept,0.251360002709567
0.822950118309357,1.00441999671701,-0.0527193754690946,-0.403847886017058,0.290896520418684,Accept,"Z1, Z2, Z4",1.49241485546894,-0.0527193754690946,-0.390657789246987,0.264567092940764,Accept,1.27894098657828,Accept,Accept,Accept,Accept,0.882802651838397
0.710263446936363,0.894451850454198,0.0504656581507596,-0.0767992378133809,0.288785106542794,Accept,"Z1, Z2, Z4",1.46504855743045,0.0504656581507596,-0.137880326614473,0.242317439486008,Accept,1.29279790410246,Accept,Accept,Accept,Accept,0.582872546584327
1.22936635466525,1.01502668840745,-0.280693250431454,-0.483758813721893,0.106115687547899,Accept,"Z1, Z2, Z4",1.13966878367009,-0.280693250431454,-0.551013682960897,0.0162094392769216,Accept,1.10696265143456,Reject,Accept,Accept,Accept,1.2739930155844
0.553074273711294,0.864865012149177,0.112493731368366,-0.133258997776537,0.549792280633952,Accept,"Z2, Z4",0.951519088026186,0.112493731368366,-0.162512592872771,0.366090541559468,Accept,1.14992178721151,Accept,Accept,Accept,Accept,0.442654881020275
0.944044479508182,1.08947281634079,0.0976297158799825,-0.360512152963776,0.255843088542428,Accept,"Z2, Z4",1.90480242541506,0.0976297158799825,-0.158908463695398,0.351532541464884,Accept,1.61519806963395,Accept,Accept,Accept,Accept,1.02138839019523
0.784389584597081,0.969402381187591,0.204932666165429,-0.209510319894734,0.652367680399793,Accept,"Z2, Z4",1.40940340455076,0.204932666165429,-0.128320088815739,0.523367431198355,Accept,1.21116313403907,Accept,Accept,Accept,Accept,0.336287756897767
1.11577445344335,0.955713888432863,0.0671916647136768,-0.252378583763291,0.252221879362841,Accept,"Z1, Z2, Z4",1.43273784397511,0.0671916647136768,-0.177383294761376,0.31140077170616,Accept,1.2108288324191,Accept,Accept,Accept,Accept,0.743390917707859
0.992890886085579,1.04918178099694,-0.297850147409813,-0.475880094568776,0.312131085664906,Accept,"Z2, Z4",1.92235076229827,-0.297850147409813,-0.623524741873985,0.00658084993403218,Accept,1.51345300158595,Accept,Accept,Accept,Accept,0.988233138662452
0.992972661049848,0.846419438647437,0.0734041030367067,-0.213229578971477,0.294903126999622,Accept,"Z1, Z2, Z4",1.58202074688343,0.0734041030367067,-0.159185619580665,0.328383032990939,Accept,1.30739175810985,Accept,Reject,Accept,Accept,0.945618805601112
1.16153654548074,1.10108380100611,0.0368945469480237,-0.254100172238514,0.127331266415337,Accept,"Z1, Z2, Z4",1.45996458084482,0.0368945469480237,-0.156662047915198,0.219057691370252,Accept,1.46941543436147,Accept,Accept,Accept,Accept,0.714734830364156
1.00746211760735,1.20162728396896,-0.30914246170144,-0.573575508996529,0.295083001130307,Accept,"Z2, Z4",1.83860352189525,-0.30914246170144,-0.676645702793563,0.0172656915076634,Accept,1.39094549061592,Accept,Accept,Accept,Accept,0.993210257131197
0.492520710343832,0.857464169904699,0.0741372101523356,-0.229034305084254,0.492116046974266,Accept,"Z1, Z2, Z4",1.23569224494222,0.0741372101523356,-0.235489606656095,0.365249245946936,Accept,1.30878076973654,Accept,Accept,Accept,Accept,1.02030424383106
1.01019487469947,1.11207545595163,0.102075894016551,-0.644494509236987,0.358037307541986,Accept,"Z2, Z4",1.55142545491294,0.102075894016551,-0.19125590172842,0.400672766390128,Accept,1.25653320324324,Accept,Accept,Accept,Accept,0.530292781659324
0.830753657721171,0.979458041707842,0.0558880520318834,-0.230972943692954,0.336900989082805,Accept,"Z1, Z2, Z4",1.14550843326215,0.0558880520318834,-0.184833645022027,0.30364225217696,Accept,1.23822954987141,Accept,Accept,Accept,Accept,0.0701877814209584
0.623317099011524,0.897867644796482,0.0797915482589981,-0.154782309398836,0.327394655231539,Accept,"Z1, Z2, Z4",1.25832661608981,0.0797915482589981,-0.132097283924169,0.29630129536165,Accept,1.22211620918315,Accept,Accept,Accept,Accept,0.687157434476396
0.451531908820249,0.8871022247116,0.17031591435923,0.00138969070262007,0.484593476880303,Reject,"Z1, Z2, Z4",1.27089124958308,0.17031591435923,-0.0446126319569951,0.383012386301523,Accept,1.35459891512578,Reject,Reject,Accept,Accept,0.979094594221633
0.873341623913249,1.03646532207574,0.0354201343751372,-0.263035684857298,0.200202639671625,Accept,"Z1, Z2, Z4",1.09558159807024,0.0354201343751372,-0.172218293924937,0.249401026583166,Accept,1.34964903273716,Accept,Accept,Accept,Accept,0.759881714596039
0.993334494156134,1.03004840537264,0.0276331654821221,-0.440846620136344,0.421625684113445,Accept,"Z2, Z4",1.56221334147148,0.0276331654821221,-0.268284946821088,0.325599032299345,Accept,1.1821445775356,Accept,Accept,Accept,Accept,0.461502663651016
1.00332316220058,0.9593446779688,-0.105534868410887,-0.198388327159551,0.32101270139287,Accept,"Z1, Z2, Z4",2.16468302476489,-0.105534868410887,-0.353981715311677,0.112704592444841,Accept,1.58697241075532,Accept,Accept,Accept,Accept,0.679370937206352
0.976182884892952,1.138412540729,-0.0696424391946583,-0.266512285804318,0.267680986490059,Accept,"Z1, Z2, Z4",1.48179886046383,-0.0696424391946583,-0.316367172008076,0.177553114456707,Accept,1.4086897024041,Accept,Accept,Accept,Accept,0.569049578173123
0.825507095511826,0.924484816302732,0.0447142356024153,-0.161644930180752,0.447382757015696,Accept,"Z2, Z4",1.33373162123713,0.0447142356024153,-0.177887683024837,0.254619796363154,Accept,1.2250150228923,Accept,Accept,Accept,Accept,0.693954130791604
0.998216919289962,1.04979224664458,0.0716465563969411,-0.288110472654226,0.339758681051698,Accept,"Z1, Z2, Z4",1.25224930309122,0.0716465563969411,-0.161486915954234,0.325351485689025,Accept,0.91351141238593,Accept,Accept,Accept,Accept,0.410493805597242
0.819221716677712,0.947315409525422,-0.0748161399081867,-0.189043486534196,0.212731206237985,Accept,"Z1, Z2, Z4",1.54796257747967,-0.0748161399081867,-0.24941994079701,0.116623220741556,Accept,1.47377136955085,Accept,Accept,Accept,Accept,1.07860251568283
0.607141719112537,1.04517429471265,0.20214436243455,-0.240418795963846,0.366561223195335,Accept,"Z1, Z2, Z4",1.91940847055769,0.20214436243455,-0.0692111817633375,0.487073754158446,Accept,1.44239397680439,Accept,Accept,Accept,Accept,0.617245667739434
1.04652125602273,0.910147561686072,0.0802475393766104,-0.152186722800172,0.29994953146035,Accept,"Z1, Z2, Z4",1.88106751026004,0.0802475393766104,-0.156879491827232,0.330202082800712,Accept,1.66016781187352,Accept,Accept,Accept,Accept,0.761360751963236
1.22539611942566,1.16272008369609,-0.14047972503694,-0.485934051963056,0.134150698124901,Accept,"Z1, Z2, Z4",2.03449676369084,-0.14047972503694,-0.389905646337659,0.10026425476208,Accept,1.4745804123741,Reject,Accept,Accept,Accept,0.613925878101402
1.07666734156308,0.993998800205555,-0.0809657544250761,-0.484774568891977,0.113602632423519,Accept,"Z1, Z2, Z4",1.47206529444646,-0.0809657544250761,-0.363375676860933,0.183200337766393,Accept,1.56601499072758,Accept,Accept,Accept,Accept,0.959804512197038
1.15226864595655,1.13519947998043,-0.00273813316536725,-0.406229294219108,0.16906652108449,Accept,"Z2, Z4",1.34317603074287,-0.00273813316536725,-0.275600061998853,0.257308864802933,Accept,1.4761536105407,Accept,Accept,Accept,Accept,0.528983794617099
1.13077160461576,0.944949920976072,0.0127698898979797,-0.249146635891266,0.192303932471491,Accept,"Z1, Z2, Z4",1.53106816605527,0.0127698898979797,-0.18070980960884,0.220864952879773,Accept,1.11550690765881,Accept,Accept,Accept,Accept,1.28935128623038
0.970919689603857,0.956981348709882,-0.0161385469243803,-0.335744407537644,0.17679875518117,Accept,"Z1, Z2, Z4",1.27965999294807,-0.0161385469243803,-0.265839895626159,0.243485447461112,Accept,1.22040931064053,Reject,Accept,Accept,Accept,1.21352772984283
0.836156246672068,1.05335177181376,-0.167851347784798,-0.486240426485371,0.141634624301094,Accept,"Z1, Z4, X6",2.33034596807554,-0.167851347784798,-0.397291144908886,0.0802009485978422,Accept,1.76041619095513,Accept,Accept,Accept,Accept,0.942180860858737
0.76475242707525,0.881038100468001,0.153512848539498,-0.139265537511842,0.263798100878931,Accept,"Z1, Z2, Z4",1.38961032005641,0.153512848539498,-0.0561308584248958,0.358785947673214,Accept,1.69530657894791,Reject,Accept,Accept,Reject,1.64899321469902
1.01566277833725,0.965597138194019,0.199413899327833,-0.15323266593635,0.39753459793291,Accept,"Z1, Z2, Z4",1.3657402128085,0.199413899327833,-0.0575185120554627,0.466465416425958,Accept,1.43131346510291,Accept,Accept,Accept,Reject,1.53652715025901
0.955013908842144,1.00298828988264,-0.0298866244883404,-0.473671292563397,0.375241284567686,Accept,Z4,1.80519080406739,-0.0298866244883404,-0.261870451406441,0.219588772413954,Accept,1.22795757429332,Accept,Accept,Accept,Accept,0.363560705798733
1.19841756479552,0.86400801124434,0.0683691796513881,-0.244681688630259,0.234495568279644,Accept,"Z1, Z2, Z4",2.15414077976963,0.0683691796513881,-0.171047267447533,0.292113772705485,Accept,1.90723453412177,Accept,Accept,Accept,Accept,0.810840110745292
0.894066301925055,0.742138546448416,0.216012224308453,0.0533534382925141,0.593250375144933,Reject,"Z2, Z4",1.89337216544129,0.216012224308453,-0.0201178468997204,0.45792275977363,Accept,1.62916970455356,Reject,Accept,Accept,Accept,0.412163909948002
1.16045898712065,1.1988893732672,-0.236214626118004,-0.472906103588724,0.0910789044101528,Accept,"Z1, Z2, Z4",1.88766003301902,-0.236214626118004,-0.497340072208882,0.0195300077441974,Accept,1.61079017046073,Reject,Accept,Accept,Accept,0.655021231166243
0.621648534204815,0.970988902486254,0.0464630641763068,-0.277190876750274,0.293989829268879,Accept,"Z1, Z2, Z4",1.62023738679776,0.0464630641763068,-0.191606885412203,0.281429858936177,Accept,1.45141498300146,Accept,Accept,Accept,Accept,0.707426188343336
0.68025870466329,0.955680384343196,0.168451729897934,-0.179833060969221,0.436249146703659,Accept,"Z2, Z4",1.67619415964632,0.168451729897934,-0.0520692155914582,0.408730091554618,Accept,1.21674115555589,Accept,Accept,Accept,Accept,0.704222654554493
0.887454966225585,0.978338513423958,-0.0219801022748528,-0.283481354502219,0.271101163981875,Accept,"Z2, Z4",1.62720825512125,-0.0219801022748528,-0.221215862225174,0.185546964904995,Accept,1.34886168682016,Accept,Accept,Accept,Accept,0.791080804224542
0.57654107701237,0.844418064605133,0.174028319573011,-0.00346999468007164,0.536494940140301,Accept,"Z2, Z4",1.58351549936324,0.174028319573011,-0.0511529979630442,0.399763546263361,Accept,1.22400817942424,Accept,Accept,Accept,Accept,0.989613206254012
0.782569872362047,0.895877869579481,0.105633070657994,-0.159794264703722,0.443293776488195,Accept,"Z2, Z4",1.63090425622282,0.105633070657994,-0.106288610583501,0.334949742735447,Accept,1.31139034379523,Reject,Accept,Accept,Accept,0.600992120082105
0.926497716794222,0.980399794749253,-0.0593721074160379,-0.102103099897623,0.398614715008787,Accept,"Z1, Z2, Z4",1.31169032471694,-0.0593721074160379,-0.343354539156235,0.247427078359503,Accept,1.16990017458786,Accept,Accept,Accept,Accept,1.05189009985699
0.930036477622204,0.958954758518929,-0.0631032025936815,-0.312647694478919,0.350870797199316,Accept,"Z2, Z4",2.08370136855622,-0.0631032025936815,-0.325742046731828,0.176862296608316,Accept,1.67286733086565,Accept,Accept,Accept,Accept,0.897715474182936
0.67132591350217,0.920268700032159,0.0169126412257962,-0.251263906754035,0.415232395833854,Accept,"Z2, Z4",1.43399684718073,0.0169126412257962,-0.26223568932095,0.292034565378573,Accept,1.31424594780904,Accept,Accept,Accept,Accept,1.02124113098988
0.842024248152276,0.892901186683766,0.0599523975320502,-0.159621542721977,0.294821337800228,Accept,"Z1, Z2, Z4",1.09231682295735,0.0599523975320502,-0.153895910904052,0.250662148372962,Accept,1.23251672315079,Accept,Accept,Accept,Accept,1.14818909121326
0.94135941447088,0.908363909401755,0.0351047161675676,-0.216211983788172,0.316263729042659,Accept,"Z2, Z4",1.35208305483913,0.0351047161675676,-0.152539195336409,0.235361790898979,Accept,1.08929690414131,Accept,Accept,Accept,Accept,0.42853585400397
0.982556352036162,0.96502034488094,-0.0394970538480273,-0.335331586302476,0.292716562476506,Accept,"Z1, Z2, Z4",1.25340987954514,-0.0394970538480273,-0.345926681870515,0.241505679438754,Accept,1.25195975966685,Accept,Reject,Accept,Accept,0.612981187257357
1.16126477679669,0.942375288867607,0.0370409902616018,-0.372699737141895,0.260964624149117,Accept,"Z2, Z4",1.56683166196675,0.0370409902616018,-0.23965039935164,0.286949754174247,Accept,1.28582864894291,Accept,Accept,Accept,Accept,0.597864816173723
0.687381169707327,0.940875231342449,0.0365334588900486,-0.302255005382384,0.416009655252595,Accept,"Z2, Z4",1.55435896675246,0.0365334588900486,-0.241326764084068,0.316256050881123,Accept,1.58264740363031,Accept,Accept,Accept,Accept,0.545572342679463
0.979613030495618,0.989790482929985,0.10559121968279,-0.317223216217986,0.364804321204135,Accept,"Z2, Z4",1.59808001334596,0.10559121968279,-0.166055657565681,0.404991392561264,Accept,1.53150016654143,Accept,Accept,Accept,Accept,0.563863656304658
1.03135288398965,1.08076159664723,0.0155709009407339,-0.37649561297518,0.307430555294631,Accept,"Z2, Z4",1.52361570453814,0.0155709009407339,-0.318709817393698,0.332209345306162,Accept,1.38406278321923,Accept,Accept,Accept,Accept,1.07758745223267
0.864988968589011,0.871450396598664,-0.0166585285866024,-0.0548272141749375,0.313997018488246,Accept,"Z1, Z2, Z4",1.54521083814736,-0.0166585285866024,-0.187752507112296,0.144680633824759,Accept,1.20132962528013,Reject,Accept,Accept,Accept,0.779957484936168
1.09837137969652,1.04624815258488,-0.0981009730019917,-0.521730603575774,0.12120758355602,Accept,"Z2, Z4",1.38680031134639,-0.0981009730019917,-0.315646330195695,0.107895181807913,Accept,1.26795836707404,Accept,Accept,Accept,Accept,1.05781782427016
1.1375163343304,1.0588948970771,0.0707683755545312,-0.31622817985439,0.108827166747484,Accept,"Z1, Z2, Z4",1.57584330272175,0.0707683755545312,-0.120393159983862,0.263734423114025,Accept,1.27463748241692,Accept,Accept,Accept,Accept,1.34329105734497
1.14999234533565,1.09387225773158,-0.0593834517667936,-0.457346516610215,0.170624358584156,Accept,"Z1, Z2, Z4",1.12959964195836,-0.0593834517667936,-0.348528197635624,0.225246713181133,Accept,1.35875865388065,Accept,Accept,Accept,Accept,0.411164137550315
1.18134964575044,1.11866064652906,-0.00157036763276243,-0.366386521777909,0.290472143672626,Accept,"Z2, Z4",1.54174785926317,-0.00157036763276243,-0.259931675572042,0.281011371848256,Accept,1.56028222014193,Accept,Accept,Accept,Accept,0.722046037173888
0.776404345335055,0.843679400935359,0.243025945512005,-0.0752299373880587,0.572147843273259,Accept,"Z2, Z4",1.61791416858464,0.243025945512005,-0.000622581548296336,0.492939091337789,Accept,1.72040228847002,Reject,Accept,Accept,Reject,1.3144563807383
0.876057829814743,0.982229727344476,0.00838541450621546,-0.186830662367207,0.49695595380548,Accept,"Z2, Z4",1.76716686464863,0.00838541450621546,-0.23387664623852,0.267619946008058,Accept,1.45834589566453,Accept,Accept,Accept,Accept,0.512144598567969
0.776146504897675,0.900480653335768,0.0589900567072727,-0.186319935896322,0.471376776473456,Accept,"Z2, Z4",2.30708779407407,0.0589900567072727,-0.179288657456488,0.298077353208948,Accept,1.73048165244569,Accept,Accept,Accept,Accept,1.17911739009892
0.969020845446565,0.929798012516343,0.0843237137632657,-0.112067004266078,0.423738869307039,Accept,"Z1, Z2, Z4",1.20895494690624,0.0843237137632657,-0.143729898679447,0.344717383984664,Accept,1.06751694691601,Reject,Accept,Accept,Accept,0.287650862050181
1.22786672479113,1.08628101410031,-0.117383776312426,-0.424757777456545,0.0255956156762529,Accept,"Z1, Z2, Z4",1.74392349701921,-0.117383776312426,-0.320280149102397,0.0969269611175018,Accept,1.42261247495191,Reject,Accept,Accept,Accept,0.817379887433275
1.02719697982041,1.05119163226793,-0.229106339589906,-0.447826698874856,0.0130324470509145,Accept,"Z1, Z2, Z4",1.25623925011032,-0.229106339589906,-0.461298779765415,0.012533875368058,Accept,1.07678005035059,Reject,Reject,Accept,Accept,0.519167964427486
1.00410112014884,1.08594597299928,-0.30113497071664,-0.541613230776822,0.0733474824027604,Accept,"Z1, Z4, X6",1.93547661327227,-0.30113497071664,-0.501327401548191,-0.0905919490639712,Reject,1.28952716333002,Reject,Reject,Accept,Accept,1.1246540294502
0.818047013263542,0.881165144399489,0.118833588255746,-0.36479295159724,0.439912950739281,Accept,"Z2, Z4",1.14805447884373,0.118833588255746,-0.177629427159265,0.428956016608061,Accept,1.06307699514746,Accept,Accept,Accept,Accept,0.919838123036947
0.944914265314359,0.867921260778231,0.169428788444604,-0.0720303913407885,0.301595119012466,Accept,"Z1, Z2, Z4",1.21792039273814,0.169428788444604,-0.0364059971630147,0.383801349071792,Accept,1.22738433695519,Accept,Accept,Accept,Accept,0.914837422353569
0.763854761638257,0.844927994932951,-0.190836003981891,-0.220310739748919,0.519007340180732,Accept,"Z2, Z4",1.54117782815346,-0.190836003981891,-0.444506065872773,0.0703406601663134,Accept,1.33232799066317,Accept,Accept,Accept,Accept,0.696153625360788
0.625528145142148,1.08563730416964,-0.109632411001691,-0.438418385383992,0.289589739641036,Accept,"Z2, Z4",1.31110005236716,-0.109632411001691,-0.336793928893581,0.112039032702489,Accept,1.13713329032758,Accept,Accept,Accept,Accept,0.796415046788318
0.738254143543778,0.863838343353046,0.0113108724621136,-0.146456810170749,0.347286945624488,Accept,"Z1, Z2, Z4",1.1593583257043,0.0113108724621136,-0.197949037609059,0.226957213204489,Accept,0.930966851883897,Reject,Accept,Accept,Accept,0.382232888558623
1.02417849788688,1.14294641390509,-0.0929241612144836,-0.349260554192521,0.158428267183225,Accept,"Z2, Z4",1.10692356408995,-0.0929241612144836,-0.283849598022635,0.100521095864943,Accept,0.882450555775143,Accept,Accept,Accept,Accept,1.02601317007243
0.776290082147179,0.905814591334613,0.163832993003339,-0.104089850047392,0.390180263287831,Accept,"Z1, Z2, Z4",1.88107335457829,0.163832993003339,-0.0829970256432913,0.411215973964801,Accept,1.45451387699706,Accept,Accept,Accept,Accept,0.844972430270992
0.843429920452805,1.08099555776447,-0.0418103542456063,-0.417194702396318,0.273655125710741,Accept,"Z1, Z2, Z4",1.4428444695015,-0.0418103542456063,-0.342446669796973,0.252684107160141,Accept,1.45071380082478,Accept,Accept,Accept,Accept,0.373992900908492
0.872239687820199,0.901711648870761,0.00196613488605021,-0.208204092521214,0.403752255323402,Accept,"Z1, Z2, Z4",1.42979437723265,0.00196613488605021,-0.299455039824744,0.296243022721533,Accept,1.41923105003692,Accept,Accept,Accept,Accept,1.02119685120395
0.889723999459084,0.917264004888761,-0.0441293269044469,-0.234499610265029,0.343107639659902,Accept,"Z1, Z2, Z4",1.95612379257332,-0.0441293269044469,-0.33647223271078,0.218357270803466,Accept,1.77940455828668,Accept,Accept,Accept,Accept,0.859346295095206
0.847646088432568,0.994371797841416,0.058538391740554,-0.303642568451133,0.351968913949953,Accept,"Z2, Z4",1.73176074747192,0.058538391740554,-0.248964548261579,0.32947069910806,Accept,1.48047933905522,Accept,Accept,Accept,Accept,0.904355997892017
0.798674211316814,0.924330074987425,0.0190791259500154,-0.12691878177905,0.216008988544235,Accept,"Z1, Z2, Z4",0.728856122027559,0.0190791259500154,-0.15358847329362,0.195520711068799,Accept,0.755356186478997,Accept,Accept,Accept,Accept,1.22175886777848
0.892871630645915,1.05225529103477,-0.127627391327531,-0.429523890619707,0.0594995178775544,Accept,"Z1, Z2, Z4",1.26791984315491,-0.127627391327531,-0.290568508525307,0.0471196411673608,Accept,1.31169984837227,Accept,Accept,Accept,Accept,0.665348349580701
0.979363747436777,1.01137298780919,0.0954739705468353,-0.231266499102358,0.290013413191072,Accept,"Z1, Z2, Z4",1.74058725384901,0.0954739705468353,-0.14663678073769,0.328036664932627,Accept,1.69833346789425,Accept,Reject,Accept,Reject,1.50530394654268
0.837262603329429,0.972764896348936,0.030816710688792,-0.188442541648107,0.225423067617809,Accept,"Z1, Z2, Z4",1.218052214472,0.030816710688792,-0.166062082650299,0.247882934584548,Accept,1.17621511218706,Accept,Accept,Accept,Accept,0.579250043006583
1.02251868779772,1.12740649988884,-0.359440536805937,-0.575783465079942,0.273263201408357,Accept,"Z2, Z4",1.70377572510285,-0.359440536805937,-0.649364992274499,-0.0895850438202796,Reject,1.50900174504141,Accept,Accept,Accept,Accept,0.575646430216427
0.773516417694797,1.1082610595402,-0.234767426466315,-0.442533986312196,0.19849304311094,Accept,"Z1, Z2, Z4",1.189169802862,-0.234767426466315,-0.490578190008472,0.0270207902505846,Accept,1.16534031535051,Accept,Accept,Accept,Accept,0.526823363985108
N/A,N/A,N/A,N/A,N/A,N/A,N/A,N/A,N/A,N/A,N/A,N/A,N/A,N/A,N/A,N/A,N/A,N/A
0.882705529305511,1.11884029215379,-0.0426013497391737,-0.367064886569875,0.432048812083686,Accept,"Z1, Z2, Z4",0.9771127648158,-0.0426013497391737,-0.41469589313896,0.34807035364505,Accept,1.06182655504685,Accept,Accept,Accept,Accept,0.179412064899497
1.20138726543047,0.819126947090448,0.169257303331499,-0.174543649401351,0.27324580985417,Accept,"Z2, Z4",1.51349683012173,0.169257303331499,-0.015826257466328,0.351235949254165,Accept,1.20578889331433,Accept,Accept,Accept,Accept,1.40580770454554
1.17489735966324,1.11206356879662,-0.0186326694809721,-0.412801711462812,0.0287829000735445,Accept,"Z1, Z2, Z4",1.23596031825974,-0.0186326694809721,-0.232723903599633,0.18481266275955,Accept,1.31113337226598,Accept,Accept,Accept,Accept,0.60935997587419
0.593546766556677,0.998964851032917,0.00526534622583064,-0.202934258882152,0.650335613464234,Accept,"Z2, Z4",1.68434902432626,0.00526534622583064,-0.336889980119625,0.331137493347327,Accept,1.46350491784747,Accept,Accept,Accept,Accept,0.516733194716385
0.5687336749545,0.846090530122338,0.272598627282605,0.0910186295108432,0.63227615857346,Reject,"Z1, Z2, Z4",1.86917297014834,0.272598627282605,0.0409281614481794,0.502306278868566,Reject,1.44285108087222,Reject,Accept,Accept,Accept,1.04418822465141
1.18980122028329,1.00619001963615,-0.0800618276884616,-0.305448314540904,0.217262251376193,Accept,"Z1, Z2, Z4",1.50189334811084,-0.0800618276884616,-0.342499108392168,0.187341595485067,Accept,1.36354749876383,Accept,Accept,Accept,Accept,0.921069148673517
1.07384436400756,1.02157789937354,-0.043592515763723,-0.281152879866271,0.141611291365977,Accept,"Z1, Z2, Z4",1.25816972685143,-0.043592515763723,-0.256247368837208,0.166477264150719,Accept,1.30924147694672,Accept,Accept,Accept,Accept,0.549175069963943
0.94996405779098,1.1859788800142,0.0499410364158385,-0.553618243841159,0.220971832029375,Accept,"Z2, Z4",1.19205796155384,0.0499410364158385,-0.212822893431439,0.312864856029517,Accept,1.18429179612616,Accept,Accept,Accept,Accept,0.42879429971875
1.19486933013862,1.04140759816349,-0.0559482540230382,-0.40554522555456,0.259664569585282,Accept,"Z1, Z2, Z4",1.47210437518678,-0.0559482540230382,-0.327482978705849,0.197378391430439,Accept,1.32547293545688,Accept,Accept,Accept,Accept,0.899325558586133
0.978768935935586,0.983033059963925,-0.125746305791546,-0.221387493015144,0.241523275924732,Accept,"Z1, Z2, Z4",1.75778711389064,-0.125746305791546,-0.33359562137113,0.0805920638614259,Accept,1.50953861700779,Accept,Accept,Accept,Accept,1.03243081973039
0.883133117119267,0.873559377062395,0.0569636786416563,-0.0736695271769263,0.56828984563474,Accept,"Z2, Z4",1.49213339782514,0.0569636786416563,-0.186618557476966,0.306363383522393,Accept,1.39073050453696,Accept,Accept,Accept,Accept,0.582232288586984
1.03844413263586,0.985113534310148,-0.179562115861389,-0.302442638518809,0.157586686464319,Accept,"Z1, Z2, Z4",1.24685851448804,-0.179562115861389,-0.385657132770553,0.0188574679399913,Accept,1.18922744628655,Accept,Accept,Accept,Accept,0.562453486767044
0.787929366490144,0.831381874402818,0.0347652877107546,-0.0952439065424228,0.464798856399491,Accept,"Z2, Z4",1.61016183112585,0.0347652877107546,-0.181221395062942,0.256602637128889,Accept,1.37865914443695,Accept,Accept,Accept,Accept,1.12627168166683
0.872225912458267,1.0288566282106,-0.0135135727691916,-0.367984009847544,0.181687467534772,Accept,"Z2, Z4",1.43433307851317,-0.0135135727691916,-0.227684895884451,0.185883110536991,Accept,1.23142267468017,Reject,Accept,Accept,Accept,0.577118420526329
0.998044698265364,0.973684340115997,-0.000122025014580707,-0.157119776669601,0.327824699972207,Accept,"Z1, Z2, Z4",1.6046439640719,-0.000122025014580707,-0.245807434328526,0.269514487066702,Accept,1.59780447200878,Reject,Accept,Accept,Accept,0.78905336252412
1.19593160611534,1.07236086416718,-0.0689506946462014,-0.409859984600867,0.279774513686137,Accept,"Z2, Z4",1.54459881582467,-0.0689506946462014,-0.311735369397692,0.161324047017035,Accept,1.2933422939487,Accept,Accept,Accept,Accept,1.01716802714412
0.948923837830732,0.935026153544235,-0.0314285182576573,-0.240051421218758,0.219870931348243,Accept,"Z1, Z2, Z4",1.63957853483751,-0.0314285182576573,-0.23966728585757,0.196468331041316,Accept,1.04468020351907,Accept,Reject,Accept,Accept,0.7093871588701
0.345203807495855,0.980838185781238,0.0524879414515097,-0.12344717401076,0.603498345075467,Accept,"Z2, Z4",1.00396847149583,0.0524879414515097,-0.203464962070561,0.301468714401877,Accept,0.98771039665546,Accept,Accept,Accept,Accept,0.326019418593365
0.991469299926779,1.10109400784338,-0.0242574516714992,-0.403353619637926,0.118951979109772,Accept,"Z1, Z2, Z4",1.09879451183931,-0.0242574516714992,-0.23523969164365,0.177007351383526,Accept,1.0716768846365,Accept,Accept,Accept,Accept,0.445742368581708
1.03454677507591,1.23793671934062,-0.0305313493056021,-0.391648660764802,0.214971810165646,Accept,"Z1, Z2, Z4",1.37559399074043,-0.0305313493056021,-0.322051643029763,0.26013599711211,Accept,1.14660998944008,Accept,Accept,Accept,Accept,0.565545613879551
0.411413824171756,0.864358483907909,0.100355095189313,-0.181361782648488,0.593798622526119,Accept,"Z2, Z4",1.0821069600521,0.100355095189313,-0.183694113204839,0.395776944983003,Accept,0.986124560607727,Accept,Accept,Accept,Accept,0.971866684224088
1.0982994015423,1.09193450624273,0.147703205471992,-0.380816572125292,0.310068150351873,Accept,"Z2, Z4",1.57110809781714,0.147703205471992,-0.124732705486923,0.400653463101641,Accept,1.2531202138911,Accept,Accept,Accept,Accept,0.795290831421722
0.715948941756993,0.914272453832618,0.00182275188486295,-0.294389203656578,0.252204075233662,Accept,"Z2, Z4",1.15079730755535,0.00182275188486295,-0.187915484467283,0.18315976319068,Accept,1.26963174236838,Accept,Accept,Accept,Accept,0.556010625126173
1.28923459451141,0.994712702980999,-0.200981276355947,-0.386575483054875,0.0777838928866371,Accept,"Z1, Z2, Z4",1.58477015830983,-0.200981276355947,-0.430756604076477,0.0140501806712009,Accept,1.49547505817351,Accept,Accept,Accept,Accept,1.70056528643244
1.09197510133839,1.08102518042402,-0.0835674161908642,-0.552012683775804,0.208832527664329,Accept,"Z2, Z4",1.11360217377085,-0.0835674161908642,-0.374935043453518,0.200034245218444,Accept,1.30147024551435,Accept,Accept,Accept,Accept,0.823529089846784
1.13660615901611,1.11415283317175,-0.15513446020173,-0.441266456452365,0.0335370764563083,Accept,"Z1, Z2, Z4",1.6605752170444,-0.15513446020173,-0.340159876565905,0.0339944852947419,Accept,1.44595370999108,Accept,Reject,Accept,Accept,1.21496609835886
1.05466819443513,1.04778022391763,0.0319939718319262,-0.40148192033763,0.3150159194891,Accept,"Z2, Z4",1.22951254880406,0.0319939718319262,-0.236659554561306,0.329755668170417,Accept,1.1388326195092,Accept,Accept,Accept,Accept,0.0223939327248051
0.891305652804073,0.912108624505243,0.181657686453397,-0.0968989586775471,0.438594564925553,Accept,"Z1, Z2, Z4",1.28050796234817,0.181657686453397,-0.0711027739090158,0.434049913198757,Accept,1.31309903542104,Reject,Accept,Accept,Accept,0.80557376808745
0.837197442720091,0.981564104271801,-0.130862109509143,-0.322697764328895,0.101513854575997,Accept,"Z1, Z2, Z4, X4",0.927213417886664,-0.130862109509143,-0.319129410722947,0.0543589278602332,Accept,0.934345007414749,Reject,Accept,Accept,Accept,0.860688026120192
0.827529327465435,0.957652537275388,-0.0145455986211972,-0.212647945687947,0.465291075428119,Accept,"Z2, Z4",1.97875032871176,-0.0145455986211972,-0.260932923326105,0.239907158320185,Accept,2.01874056083972,Accept,Accept,Accept,Accept,0.89990161729943
1.41805585175498,1.07492249472377,0.0913962202811242,-0.551582572644988,0.136568249190678,Accept,"Z2, Z4",1.69067160491466,0.0913962202811242,-0.199309819236534,0.374757397122324,Accept,1.32683742091764,Accept,Accept,Accept,Accept,1.1210239260659
1.07086959555912,0.998743741296141,-0.0470573114459094,-0.252445338584683,0.271510199528508,Accept,"Z2, Z4",1.34619543911267,-0.0470573114459094,-0.234606006767701,0.1523724744072,Accept,1.47031306616514,Accept,Accept,Accept,Accept,1.01251233833598
0.878635719804634,1.17472296232915,-0.106279424440206,-0.448543975468228,0.158758116591288,Accept,"Z1, Z2, Z4",0.996100816120689,-0.106279424440206,-0.395529535439975,0.160664718064777,Accept,1.186050603016,Accept,Accept,Accept,Accept,0.886194125276307
0.881922729439016,1.03150936536741,-0.039188710306484,-0.359992013139398,0.183515907739779,Accept,"Z2, Z4",1.02281489812714,-0.039188710306484,-0.249266109614173,0.171746000621148,Accept,0.869142953015246,Accept,Accept,Accept,Accept,1.23459981621009
0.991274673332313,0.956681260714716,0.0610381979791431,-0.146767695971525,0.404541673001154,Accept,"Z1, Z2, Z4",2.00691559563215,0.0610381979791431,-0.20647253890773,0.356285646573938,Accept,1.58540994594724,Accept,Accept,Accept,Accept,0.779328713074364
0.770761929267995,1.00781191617726,-0.0309381376799733,-0.30753165920499,0.41181761852463,Accept,"Z2, Z4",1.18857605947496,-0.0309381376799733,-0.343753433970593,0.276505632646177,Accept,1.12238317790962,Accept,Accept,Accept,Accept,1.02936274272086
0.959462160098766,0.995091146706086,0.105045758337586,-0.278895417321878,0.164466974433586,Accept,"Z1, Z2, Z4",1.67009330858697,0.105045758337586,-0.110137210306271,0.295464048891719,Accept,1.44735102293602,Accept,Accept,Accept,Accept,1.03287865774168
0.857165005836782,1.06051706265769,0.106659516240799,-0.279132896683094,0.250703493951692,Accept,"Z1, Z2, Z4",1.59646271314603,0.106659516240799,-0.142902783330164,0.336182882554819,Accept,1.35973339606688,Reject,Reject,Accept,Accept,1.28327249478008
0.862398338851847,1.04297934272917,0.158995632657483,-0.151349523557622,0.434620675280904,Accept,"Z1, Z2, Z4",1.47175221750443,0.158995632657483,-0.131902484811156,0.439592230129966,Accept,1.47688384196512,Accept,Accept,Accept,Accept,0.359873889007594
0.947041175611073,0.91286398961716,0.00626992986126853,-0.160341566816854,0.286474454229025,Accept,"Z1, Z2, Z4",1.30261584020681,0.00626992986126853,-0.205721793314984,0.212519218160704,Accept,1.26256267764465,Accept,Accept,Accept,Accept,1.36267749672344
0.793353133504375,0.815875106597696,-0.0382191433511958,-0.286865507813167,0.449928427495242,Accept,"Z2, Z4",1.68862702601747,-0.0382191433511958,-0.267390089566476,0.187240222620299,Accept,1.30972767569416,Accept,Accept,Accept,Accept,1.01640611632725
1.22775431589762,1.10790651050816,-0.0649950983968567,-0.468530025298208,0.13640749615472,Accept,"Z1, Z2, Z4",1.45156004878771,-0.0649950983968567,-0.318888259443236,0.196874059638822,Accept,1.14061355635325,Reject,Accept,Accept,Accept,0.461513994232446
0.89789681599863,1.12867205431832,-0.0141389965470472,-0.510911431735163,0.294517598551158,Accept,"Z2, Z4",1.27335610785695,-0.0141389965470472,-0.29664781053832,0.273961884290046,Accept,1.02204215812136,Accept,Accept,Accept,Accept,0.238703499657302
0.938002716366505,1.00591876173307,-0.0414910582890942,-0.273655063656836,0.318860259563603,Accept,"Z2, Z4",1.80589116576701,-0.0414910582890942,-0.278237117098969,0.167003683938635,Accept,1.40513596307222,Accept,Accept,Accept,Accept,0.869947680524057
0.673187849026786,0.9711690422022,0.120898813749103,-0.149846068724529,0.484413765507639,Accept,"Z2, Z4",1.42425731981372,0.120898813749103,-0.101935350981157,0.358431060935736,Accept,1.26231882882949,Accept,Accept,Accept,Accept,0.704509348627263
0.788541885419628,0.905877175259534,0.0851637839832965,-0.0833098076305846,0.445989689496628,Accept,"Z2, Z4",1.75797067807661,0.0851637839832965,-0.140721452612139,0.312111727935445,Accept,1.24863161676989,Accept,Accept,Accept,Accept,0.217128558434987
0.574463958717171,0.994364622797129,0.0083705835631951,-0.323970982144403,0.347256544658486,Accept,"Z4, X3",1.38997152597103,0.0083705835631951,-0.21684161303217,0.244903718093972,Accept,0.99762093010757,Reject,Accept,Accept,Accept,0.910261511738293
1.16427439228201,0.993926290280271,-0.00264568213850359,-0.375862567909714,0.150119599047095,Accept,"Z2, Z4",1.43480490431941,-0.00264568213850359,-0.221687262048545,0.220748265005594,Accept,1.36826125835739,Accept,Accept,Accept,Accept,0.315489060645293
1.20215403435494,1.03050820281999,0.0443505391875051,-0.242025967751161,0.206544944042586,Accept,"Z1, Z2, Z4",1.09421463453295,0.0443505391875051,-0.208990941095497,0.277588492248956,Accept,1.14700707684123,Accept,Accept,Accept,Accept,0.875992975581085
0.733022845924125,0.909817625481012,0.0990423347733548,-0.124236098800298,0.400957938198677,Accept,"Z1, Z2, Z4",1.41047323702384,0.0990423347733548,-0.144989455250342,0.3426394274938,Accept,1.25545685432287,Accept,Accept,Accept,Accept,0.931381445360247
0.84704715436562,0.969030003518773,-0.0528842595429399,-0.266899737928059,0.423253529103222,Accept,"Z2, Z4",1.41788059467119,-0.0528842595429399,-0.329570199836507,0.244752065421703,Accept,1.1657648335695,Reject,Accept,Accept,Reject,1.25249566643323
1.37998321714674,1.02295280098673,-0.210326887915091,-0.568004687315713,-0.0481687487455963,Reject,"Z1, Z2, Z4",1.43895314070634,-0.210326887915091,-0.480413370991267,0.0650725730543086,Accept,1.18643202685117,Accept,Accept,Accept,Accept,0.481656781941843
0.676252236234775,0.981601403334447,-0.0159675458117236,-0.150878920625999,0.334515567910685,Accept,"Z1, Z2, Z4",1.44795729310286,-0.0159675458117236,-0.266016758663756,0.229540181206308,Accept,1.29494429433558,Accept,Accept,Accept,Accept,0.638329065806913
1.04068588243592,1.09032510554804,-0.1978100359108,-0.35568395310366,0.0857185801519585,Accept,"Z1, Z2, Z4",1.32566724711768,-0.1978100359108,-0.409413698223184,0.00169857825067092,Accept,1.54127146856385,Accept,Accept,Accept,Accept,0.508214029273176
1.20428960676703,0.987865236235423,-0.0995636308818965,-0.346055186230605,0.116522934739465,Accept,"Z2, Z4",1.75099819171179,-0.0995636308818965,-0.262264483352404,0.0588289550889816,Accept,1.57620863980274,Accept,Accept,Accept,Accept,0.732671532206538
-0.0656513494580581,0.640782670127682,0.302527778886787,0.18663349913482,0.753731104814177,Reject,"Z1, Z3, Z4, X4",1.53919154466971,0.302527778886787,0.0465742898769278,0.541164682294514,Reject,1.45000411068802,Reject,Reject,Accept,Reject,2.11212141347579
1.02772265768455,1.13577640845541,-0.0827295462331632,-0.314457799569193,0.164460294045592,Accept,"Z1, Z2, Z4",1.36350052901192,-0.0827295462331632,-0.288237853499015,0.12962224249646,Accept,1.37875351470685,Accept,Accept,Accept,Accept,0.906848601220068
0.627927656740043,0.94727430480297,0.0030365946371615,-0.0908148330425987,0.681314385647731,Accept,"Z2, Z4",2.0438701997232,0.0030365946371615,-0.241615587779224,0.254968570550422,Accept,1.42602819882348,Accept,Accept,Accept,Accept,1.26047042829492
1.3424575965492,1.03123943996517,-0.0540046184859595,-0.554726805549672,0.0919784867291383,Accept,"Z2, Z4",1.50813002031573,-0.0540046184859595,-0.30725023234664,0.199223630112202,Accept,1.30910758158547,Accept,Accept,Accept,Accept,1.00578434100928
0.791957019521904,1.10601846758669,0.0789798157814758,-0.418100916491798,0.236102955361157,Accept,"Z1, Z2, Z4",1.12454382378091,0.0789798157814758,-0.150928589994455,0.315418079055736,Accept,1.17942796641454,Accept,Accept,Accept,Accept,0.216085850250062
0.610212813095094,0.878195898726104,0.244207578305419,-0.13483106437331,0.622895349644867,Accept,"Z2, Z4",1.27300045816017,0.244207578305419,-0.0342725621622073,0.519552116822817,Accept,1.26932739441906,Accept,Accept,Accept,Reject,1.41629608530934
0.407910836848011,0.813275346159901,0.326457232615056,0.130479711183639,0.793529995790854,Reject,"Z2, Z4",1.56789628519433,0.326457232615056,0.0936062004536639,0.554063629409928,Reject,1.56094866922523,Reject,Reject,Reject,Accept,0.542689026781844
0.783164915168444,0.965186948158937,0.0556195650866104,-0.30237279072849,0.252865019405465,Accept,"Z2, Z4",1.49200839089436,0.0556195650866104,-0.139708968670064,0.254039188141299,Accept,0.989118077245212,Accept,Accept,Accept,Accept,0.925153149145502
0.643016282989377,0.932448315595141,0.326714724239084,0.0364431718853281,0.483287341772287,Reject,"Z1, Z2, Z4",1.64183931136225,0.326714724239084,0.100133953454954,0.557813203776481,Reject,1.15355686168664,Accept,Accept,Accept,Accept,0.516607889197225
0.967204677355434,0.961467003890518,-0.101716038453587,-0.336263142453488,0.163646601116246,Accept,"Z1, Z2, Z4",1.34695385085598,-0.101716038453587,-0.325746113710843,0.120058598328788,Accept,1.17072047257921,Accept,Accept,Accept,Accept,0.409172840500074
0.896202730984822,1.03401279347808,0.0189581631232113,-0.290815745003228,0.23926453360714,Accept,"Z1, Z2, Z4",1.62605813563082,0.0189581631232113,-0.209195658567033,0.24388243432717,Accept,1.35885899408302,Accept,Accept,Accept,Accept,1.01923049588128
0.572288021354696,0.93644280795981,0.0916467027628689,-0.20782143379886,0.424509684908854,Accept,"Z2, Z4",0.917796846023454,0.0916467027628689,-0.153397923124279,0.339568369583281,Accept,0.97423722261734,Accept,Accept,Accept,Accept,0.752960887346229
1.14863385328242,1.13198432253884,-0.00371397528578512,-0.422601918592825,0.147896412053898,Accept,"Z1, Z2, Z4",1.77148871120995,-0.00371397528578512,-0.26581999736004,0.271081513019927,Accept,1.77313784292801,Accept,Accept,Accept,Accept,1.28258303347464
1.06444025889416,0.99575227956372,-0.0165084245358688,-0.352923721524321,0.268524675240856,Accept,"Z2, Z4",1.64111157729979,-0.0165084245358688,-0.282394618280678,0.206685808249284,Accept,1.38938605418646,Accept,Accept,Accept,Accept,1.29995638587705
1.09355184288132,1.03674594295915,0.143177641039547,-0.133883666132721,0.564148415984893,Accept,"Z2, Z4",1.5964233038435,0.143177641039547,-0.153475226822651,0.424259468934675,Accept,1.50308556912896,Accept,Accept,Accept,Accept,0.3892906158323
0.649695764552322,0.972831368479902,-0.0277751528956021,-0.214191905554499,0.332475081543537,Accept,"Z2, Z4",1.50038567992165,-0.0277751528956021,-0.268120242031786,0.201648187668425,Accept,1.46653303237547,Accept,Accept,Accept,Accept,0.616296257762812
0.963342717438126,1.11456715962354,-0.153755371607608,-0.423856454254098,-0.0264178175927253,Reject,"Z1, Z2, Z4",1.20417020182223,-0.153755371607608,-0.31779635434443,0.011136226060491,Accept,1.42813660941582,Accept,Accept,Accept,Accept,0.639945409979801
0.658634852027845,0.905237686528624,0.128894430430317,-0.105027139524838,0.506226383228151,Accept,"Z2, Z4",1.31020512257696,0.128894430430317,-0.0832067786821293,0.345408809030476,Accept,1.26340147832473,Accept,Accept,Accept,Accept,0.315303454412832
0.980522367348457,0.939030477961141,0.0618303744327242,-0.234400754600259,0.28853926863013,Accept,"Z1, Z2, Z4",1.18429245293936,0.0618303744327242,-0.169136724876451,0.294412587398989,Accept,1.44056522912723,Accept,Accept,Accept,Accept,1.04398393253783
0.841628640507808,0.951440524151954,-0.0442996757351486,-0.254219772059235,0.223816366042963,Accept,"Z1, Z2, Z4",1.35945600181752,-0.0442996757351486,-0.24318489473545,0.153833444722931,Accept,1.24481676101839,Accept,Accept,Accept,Accept,0.104782679605171
0.902460398254349,0.957568942607711,-0.0583553569006729,-0.327564146821094,0.263501019119424,Accept,"Z2, Z4",1.61225226588613,-0.0583553569006729,-0.29287590595837,0.175748544152358,Accept,1.24966811776178,Accept,Accept,Accept,Accept,0.273159727657712
0.549298176795679,0.875310022244524,0.177941353958798,0.0475097571385648,0.872391688373251,Reject,"Z2, Z4",2.0925560097235,0.177941353958798,-0.0725275114278895,0.428108982741896,Accept,1.46003162469731,Reject,Reject,Accept,Reject,1.40729297228856
0.754073769596552,1.05036740877556,0.219865416906215,-0.227006938434791,0.28525907742026,Accept,"Z1, Z2, Z4",1.11439392714924,0.219865416906215,0.00352513882100507,0.441821569969842,Reject,1.29129338026184,Accept,Accept,Accept,Accept,0.843769859940236
0.958217719522245,0.975310630551252,-0.00537462772655223,-0.460554710476393,0.322746476757316,Accept,"Z2, Z4",1.99317573213987,-0.00537462772655223,-0.254145444315431,0.248558240453135,Accept,1.60929037852485,Accept,Accept,Accept,Accept,0.546807557712213
0.824183651508633,0.857732888796063,0.11410708613047,-0.115112343687785,0.489381092069952,Accept,"Z1, Z2, Z4",1.77487057758303,0.11410708613047,-0.176730360164153,0.404940002156764,Accept,1.20237297507988,Accept,Accept,Accept,Reject,1.53418275314904
1.16127056494848,1.09529201404036,-0.125089280525127,-0.601501698945042,0.185597278327071,Accept,"Z4, X4",1.78523721487544,-0.125089280525127,-0.400968358020398,0.152998585716549,Accept,1.31536161817682,Reject,Accept,Accept,Accept,1.52629510884607
0.956516407452767,0.90302829208452,-0.0524989133925141,-0.245578158956671,0.249774402943928,Accept,"Z1, Z2, Z4",1.72077514389957,-0.0524989133925141,-0.311341532911599,0.175704110749513,Accept,1.49322100767768,Accept,Accept,Accept,Accept,1.13033427573096
0.72787853377399,0.779042742242465,-0.0369252394319989,-0.0379122331957296,0.71117239566519,Accept,"Z2, Z4",1.52326634320658,-0.0369252394319989,-0.349558681238116,0.297012086574985,Accept,1.34472823967562,Accept,Accept,Accept,Accept,0.702546313925536
0.725898404921825,1.02392988691945,0.182919404004723,-0.109092851775339,0.397391956287978,Accept,"Z1, Z2, Z4",1.45935499368557,0.182919404004723,-0.042749269777459,0.397430214684027,Accept,1.24432068020067,Accept,Accept,Accept,Accept,1.24986491370193
0.904551461512472,0.917004922844761,0.111529985242745,-0.22810487977092,0.498974023667195,Accept,"Z2, Z4",1.61449946077632,0.111529985242745,-0.22396531527619,0.413496775050461,Accept,1.61725861043762,Accept,Accept,Accept,Accept,0.692757066210723
1.1410895719031,1.00860283822839,-0.0070219333281678,-0.413128901682054,0.306004356237917,Accept,"Z2, Z4",1.84149224772598,-0.0070219333281678,-0.302398203167748,0.282692450238598,Accept,1.59789675761071,Accept,Accept,Accept,Accept,0.348909283207309
0.737574267254229,0.948774495293488,0.102870959166969,-0.187798302215509,0.395501859542073,Accept,"Z1, Z2, Z4",1.42332147147339,0.102870959166969,-0.181296324486023,0.37398480987974,Accept,1.39605255203046,Accept,Accept,Accept,Accept,0.834686307659838
0.837037800110919,0.999243866488936,-0.00125296203649816,-0.391674231501108,0.281944997339093,Accept,"Z2, Z4",1.60097136734511,-0.00125296203649816,-0.299034755315246,0.292641577651976,Accept,1.45798444257387,Accept,Accept,Accept,Accept,1.10562598975069
1.11989717917453,1.06683876312018,-0.169416773178769,-0.360287551745302,0.0440377270152471,Accept,"Z1, Z2, Z4",1.0679463195624,-0.169416773178769,-0.363661166807221,0.0214737395588757,Accept,1.15014191654465,Accept,Accept,Accept,Accept,0.659016916363194
0.9758675659519,0.949149430795375,-0.038876453021761,-0.106354041987056,0.360364546534774,Accept,"Z2, Z4",1.49380967561631,-0.038876453021761,-0.202571552260497,0.142756993399804,Accept,1.55441635380511,Accept,Accept,Accept,Accept,0.339605474750135
1.22212524789696,1.107341972924,-0.0868332017897545,-0.521448989180916,0.341958283350918,Accept,"Z2, Z4",1.4527636234217,-0.0868332017897545,-0.409643528982322,0.241930944799568,Accept,1.39679660395762,Accept,Accept,Accept,Accept,0.781888555833276
0.765399886175681,1.00484977684634,0.109989803101676,-0.135051812475424,0.627406966989983,Accept,"Z2, Z4",1.50286745869437,0.109989803101676,-0.160597521813059,0.402245715140948,Accept,1.39030707759525,Accept,Accept,Accept,Accept,0.864031175944864
1.1634622410362,1.08562995684892,-0.153128240061817,-0.525540164551833,0.127571323476004,Accept,"Z2, Z4",1.61046718211692,-0.153128240061817,-0.364730532844244,0.0444360522037327,Accept,1.24193141927445,Accept,Reject,Accept,Accept,1.19958968321483
0.876084008014135,0.968743992022391,-0.0411084958947598,-0.228376462690779,0.18863995659381,Accept,"Z1, Z2, Z4",1.51343350075854,-0.0411084958947598,-0.20432739612803,0.128214741092153,Accept,1.40654795640711,Accept,Accept,Accept,Accept,0.514968259624234
0.926807353888775,0.843447239311038,-0.0691397236619726,-0.0219367372013441,0.413931705855452,Accept,"Z1, Z2, Z4",2.17177678890473,-0.0691397236619726,-0.267474592735645,0.125689659645022,Accept,1.6506782720601,Reject,Accept,Accept,Accept,1.28466228150225
0.73187660241589,0.849758315204552,0.215344132978915,-0.00821479900115719,0.533336643782208,Accept,"Z1, Z2, Z4",1.47703849844662,0.215344132978915,-0.0492773447553541,0.464409217994911,Accept,1.6439917942576,Accept,Accept,Accept,Accept,0.758755650468971
0.989548917843085,1.03478919208757,-0.216539698335487,-0.250674427275827,0.322190138395922,Accept,"Z1, Z2, Z4",1.99305634279807,-0.216539698335487,-0.493306828140459,0.058260510311316,Accept,1.42525561217995,Accept,Accept,Accept,Accept,1.18805959826081
1.27745514367036,1.03065292780264,-0.19481565294012,-0.353465656685447,0.137187000903028,Accept,"Z1, Z2, Z4",1.35564137665072,-0.19481565294012,-0.431395542816541,0.0506220193329984,Accept,1.30930477805834,Accept,Accept,Accept,Accept,0.319517580331708
0.871679085532959,0.980398361151594,-0.076556001697275,-0.247338211950183,0.220326649681889,Accept,"Z1, Z2, Z4",1.28711688233881,-0.076556001697275,-0.280539236313213,0.124334712330155,Accept,1.00793905760527,Reject,Accept,Accept,Accept,0.440345428768212
1.12791378833989,1.18350546012539,-0.120324602441938,-0.622818846744167,0.137823122275188,Accept,"Z2, Z4",1.51516263342135,-0.120324602441938,-0.419995293164587,0.176808772887264,Accept,1.46436844700969,Accept,Accept,Accept,Accept,0.772033514746697
0.965025265616758,0.968485699974593,0.269486778186686,-0.128174789652983,0.376896599855237,Accept,"Z1, Z2, Z4",1.51645755005511,0.269486778186686,0.0477499755702055,0.494117053633482,Reject,1.22372953402447,Accept,Accept,Accept,Accept,0.748734474136174
0.805034852690216,0.999893502824083,0.0745433489984062,-0.149814233039582,0.357263289967473,Accept,"Z1, Z2, Z4",1.60257846845546,0.0745433489984062,-0.144059520629257,0.276568573860339,Accept,1.51231077859731,Accept,Accept,Accept,Accept,0.446053234029514
0.750017783253832,0.907844145075704,0.0976219863331157,-0.0966258042007116,0.31163334870311,Accept,"Z1, Z2, Z4",1.25371753493377,0.0976219863331157,-0.103382709184169,0.303457141221081,Accept,0.976215853027714,Accept,Accept,Accept,Accept,1.02488713069819
1.24195759928254,1.07557675254137,0.0401618534965507,-0.484410394149256,0.279883558122823,Accept,"Z2, Z4",2.01377677067803,0.0401618534965507,-0.233624041783095,0.304018986787511,Accept,1.77647621588421,Accept,Accept,Accept,Accept,0.436642664974809
0.474805164639363,0.868107927397506,0.178450690289251,-0.0953775948849603,0.456470362673333,Accept,"Z1, Z2, Z4",0.889117468438099,0.178450690289251,-0.0928726506333217,0.437536573109922,Accept,1.00479121359412,Accept,Accept,Accept,Accept,0.572611710214017
1.22866766048145,0.97970523784019,-0.000962956278517258,-0.25412283429269,0.166548545477448,Accept,"Z1, Z2, Z4",1.70922301981292,-0.000962956278517258,-0.211201800791669,0.215366194986684,Accept,1.62177199513006,Accept,Accept,Accept,Accept,0.954608358740452
0.985702977249124,1.09926688531457,-0.0596145585654616,-0.44314005775203,0.225506950426194,Accept,"Z2, Z4",1.62434851313144,-0.0596145585654616,-0.34568965576688,0.208706349119796,Accept,1.73254559981697,Accept,Accept,Accept,Accept,0.835965958436027
0.798135976022688,0.875644237626659,-0.0235109217641884,-0.0351799673374334,0.439363967913951,Accept,"Z1, Z2, Z4",2.05139233041826,-0.0235109217641884,-0.241473895100083,0.200331040934102,Accept,1.52599495189446,Reject,Accept,Accept,Accept,0.420425655529459
0.736367788734023,1.01970620099651,0.0530449074838549,-0.200118854623686,0.269006007164922,Accept,"Z1, Z2, Z4",1.79679679340133,0.0530449074838549,-0.1677680865158,0.287573637888109,Accept,1.68204569106237,Accept,Accept,Accept,Accept,0.967916535903463
0.981382982302409,1.14669495136717,-0.0837743507608018,-0.41752619456394,0.150363526240867,Accept,"Z1, Z2, Z4",1.09524768003995,-0.0837743507608018,-0.388115065930701,0.199879437532357,Accept,1.29979384667223,Reject,Reject,Accept,Accept,0.72420902866459
0.648750068444772,1.0687243566193,0.0816257051717497,-0.304464448467084,0.426048445001369,Accept,"Z1, Z2, Z4",1.34983998561046,0.0816257051717497,-0.246541962286007,0.422056434366402,Accept,1.3045909534683,Accept,Accept,Accept,Accept,1.25213417605954
1.0398902270396,0.950687868274633,-0.103134784685426,-0.331676879178784,0.367751870807324,Accept,"Z2, Z4",1.68437329606576,-0.103134784685426,-0.331214413947316,0.111742821429689,Accept,1.45819091029814,Accept,Accept,Accept,Accept,0.860512408720944
0.75288383560047,0.920696756749826,0.0303432788044111,-0.204584850048918,0.395094944116382,Accept,"Z2, Z4",1.77505098434367,0.0303432788044111,-0.198503137500442,0.269722850869618,Accept,1.44030024804342,Accept,Accept,Accept,Accept,0.84854420999795
1.15931427856794,1.0450261942836,-0.0311676118414293,-0.32696041005219,0.225198579897895,Accept,"Z1, Z2, Z4",1.69053983388073,-0.0311676118414293,-0.294263794660318,0.216811897765377,Accept,1.31696491087678,Accept,Accept,Accept,Accept,0.714778961163352
0.552598460174613,0.713430819551029,0.319858672432269,0.0539122866590854,0.719142094297521,Reject,"Z2, Z4",1.66434862359353,0.319858672432269,-0.0037456568962152,0.62635164281625,Accept,1.2774503480291,Reject,Accept,Accept,Reject,1.50451575389553
1.06561503531729,0.836991002397039,0.0366557537445222,-0.18234651329924,0.206484719044188,Accept,"Z1, Z2, Z4",2.04595479517265,0.0366557537445222,-0.160592940258661,0.228747328722893,Accept,1.89608145151767,Accept,Accept,Accept,Reject,1.58024191956112
1.25353129506073,1.0488063701057,-0.260390016305513,-0.44594211068698,0.161328657667312,Accept,"Z2, Z4",1.47767764855629,-0.260390016305513,-0.458942737125534,-0.0729180600878682,Reject,1.28387787650667,Accept,Accept,Accept,Accept,1.10200694074884
0.811784476250723,0.853602296700688,0.235965676994875,0.0292369189020225,0.453546274172105,Reject,"Z1, Z2, Z4",1.65683069724836,0.235965676994875,0.0285982837404032,0.44291534164817,Reject,1.45356814837775,Reject,Accept,Accept,Accept,0.729070794600556
1.06262650628454,0.96655848085032,-0.036044268275897,-0.383860599398537,0.148421205235688,Accept,"Z2, Z4",1.43465808970209,-0.036044268275897,-0.267912013574573,0.17640812715457,Accept,1.25927668701359,Accept,Accept,Accept,Accept,0.568903918234732
0.744737234045692,0.893357435720998,0.1418311223373,-0.182717266289891,0.271610396305684,Accept,"Z1, Z2, Z4",1.49376436988296,0.1418311223373,-0.0604426271652308,0.355907756435977,Accept,1.33019260441906,Accept,Accept,Accept,Accept,0.946342287454506
0.421425973192973,0.840018293486915,0.0814510952661076,-0.111246811127865,0.417078542047929,Accept,"Z1, Z4, X2",1.25421817281992,0.0814510952661076,-0.109199442360512,0.29111647557733,Accept,0.89363577385962,Reject,Accept,Accept,Reject,1.42420857801369
1.06434796679457,0.917368681408147,0.0293968513071139,-0.319055287838878,0.327549706221628,Accept,"Z2, Z4",1.89876670208159,0.0293968513071139,-0.24527304379963,0.303444731208623,Accept,1.44865708885069,Accept,Accept,Accept,Accept,0.8042008340037
0.551538351465641,0.93330286808453,0.110464614035149,-0.0295507925011304,0.541226391519086,Accept,"Z2, Z4",1.66189785226626,0.110464614035149,-0.101495214823502,0.317581879389538,Accept,1.2534341294731,Accept,Accept,Accept,Accept,0.781699686390109
0.832448570083836,0.951206864238906,0.125043694704462,-0.089041949380373,0.369202089961666,Accept,"Z1, Z2, Z4",1.90245638938485,0.125043694704462,-0.112240378169182,0.3692434578707,Accept,1.77327280364701,Reject,Accept,Accept,Accept,0.361818887718307
0.774422164797616,0.87429973144657,0.164009548003888,-0.128100813116076,0.374698281925364,Accept,"Z1, Z2, Z4",1.20906211647545,0.164009548003888,-0.0790836029902065,0.416142343283904,Accept,1.39185245033764,Accept,Accept,Accept,Accept,0.953182526202297
0.752959012382874,0.950100857918158,0.0477520868046196,-0.215343632193054,0.389725525623714,Accept,"Z2, Z4",1.48064254998074,0.0477520868046196,-0.17395970778844,0.261158231345404,Accept,1.21098697607465,Accept,Accept,Accept,Accept,0.951275205343478
1.10211159453474,1.20672870204053,-0.0691809836132157,-0.577089635824607,0.1779072805946,Accept,"Z4, X7",1.95671086452979,-0.0691809836132157,-0.378596643346105,0.232071337255172,Accept,1.62883869189128,Reject,Accept,Accept,Accept,0.368471768720734
0.878381845025811,0.936610636903258,0.0927272635579816,-0.218847999521406,0.322490760821797,Accept,"Z1, Z2, Z4",1.51796382557566,0.0927272635579816,-0.17111255492383,0.384231779806789,Accept,1.57592388059687,Accept,Accept,Accept,Accept,0.983687112374405
1.26352506235604,1.01081591546231,-0.0519116677838377,-0.512575830400853,0.261630717580264,Accept,"Z2, Z4",2.00443873480888,-0.0519116677838377,-0.332731947562115,0.218116566036485,Accept,1.89698818106173,Accept,Accept,Accept,Accept,0.947393304116723
0.802095068199879,1.08322166621939,0.0910494073634425,-0.278892118471964,0.397078806551222,Accept,"Z1, Z2, Z4",1.00798746956843,0.0910494073634425,-0.23830387804844,0.388521160933311,Accept,1.16779157839416,Accept,Accept,Accept,Accept,0.659467523518504
1.04112862678684,0.940639759720536,-0.00593609957265608,-0.330449460367639,0.40031432498658,Accept,"Z2, Z4",1.58120489332957,-0.00593609957265608,-0.258435381824943,0.238387694236959,Accept,1.24600878121461,Accept,Accept,Accept,Accept,0.452059541215926
1.00070099551635,0.937982798956284,0.0173783036644104,-0.20808429378484,0.17764204193223,Accept,"Z1, Z2, Z4",1.70896379976197,0.0173783036644104,-0.174004274181792,0.209721196707374,Accept,1.52517451218387,Accept,Accept,Accept,Accept,0.823765096948762
1.21121029679615,0.988301073552898,-0.191798899101806,-0.471736869744397,0.174184595867566,Accept,"Z2, Z4",1.71719485076125,-0.191798899101806,-0.431179057618288,0.0555713073671478,Accept,1.17636495529154,Accept,Accept,Accept,Accept,0.585762131329304
1.05997458691316,0.933647124645406,-0.0309328641924921,-0.248868238677117,0.142184028495201,Accept,"Z1, Z2, Z4",1.34518750336233,-0.0309328641924921,-0.206505073821886,0.145300783974103,Accept,1.36451635117806,Accept,Accept,Accept,Accept,0.9203009537671
0.568799027635243,0.918340330917682,0.138006562599582,-0.206037904267297,0.434455832128488,Accept,"Z1, Z2, Z4",1.07482162749755,0.138006562599582,-0.148864285671558,0.418847727812973,Accept,1.02150162264762,Accept,Accept,Accept,Accept,0.520201298142604
1.30333770064505,1.10833138446235,-0.115776119629507,-0.422977419313459,0.216065753874429,Accept,"Z1, Z2, Z4",1.65630837447808,-0.115776119629507,-0.411160516740399,0.211406899359677,Accept,1.56048913602314,Accept,Accept,Accept,Accept,0.967167185571657
0.898443967171294,1.24085383841115,0.0151012596180747,-0.582412910986333,0.341392178190793,Accept,"Z2, Z4",2.30813118543232,0.0151012596180747,-0.273433803322323,0.296433536712837,Accept,1.63125347157509,Accept,Accept,Accept,Accept,1.14603201567115
0.641504788015134,0.984337599384699,0.118459300219969,-0.211117301316792,0.28335439275187,Accept,"Z1, Z2, Z4",1.35416337448105,0.118459300219969,-0.08248767251293,0.337703964915063,Accept,1.14344932757821,Accept,Reject,Accept,Accept,1.12051614315095
1.13049623348043,1.00716732256325,0.0865190292978496,-0.429144003611282,0.230967522271528,Accept,"Z2, Z4",1.61369838842372,0.0865190292978496,-0.162205652717096,0.336496225392889,Accept,1.21861385631486,Accept,Accept,Accept,Accept,1.07176189053481
1.10735331887103,1.10218826225502,-0.0726425238366385,-0.486074860300571,-0.00241449013103167,Reject,"Z1, Z2, Z4",1.22837659775697,-0.0726425238366385,-0.300524937560278,0.154512242716106,Accept,1.44803062166175,Accept,Accept,Accept,Accept,0.676334003580053
0.785724900369645,0.948736967555462,0.0927673897049831,-0.239885787235687,0.345638355501794,Accept,"Z2, Z4",1.48849632149362,0.0927673897049831,-0.105538942526883,0.308739540229071,Accept,1.2942955404127,Accept,Accept,Accept,Accept,0.571211279269856
0.93744008368897,0.874007677283959,0.137716954072578,-0.137821723719366,0.306457777539264,Accept,"Z1, Z2, Z4",1.6325287928899,0.137716954072578,-0.0413236284614902,0.339863234757353,Accept,1.43953260355548,Accept,Accept,Accept,Accept,0.660802455671424
0.947386796621525,1.02794209258559,-0.031422801291916,-0.220031492209761,0.230453738545947,Accept,"Z1, Z2, Z4",1.14618557082162,-0.031422801291916,-0.253794039505162,0.187088009833966,Accept,1.22916284436315,Accept,Accept,Accept,Accept,0.510967840632817
0.560064387332064,0.862537688882325,0.0770408581505575,-0.0452681165717011,0.508314833748492,Accept,"Z2, Z4",1.80396523172304,0.0770408581505575,-0.185019108544507,0.334692498824983,Accept,1.53816362932771,Reject,Reject,Accept,Accept,0.053357615682197
1.10340362877143,1.03689208891177,-0.0305963118031645,-0.288905459587301,0.118922541531741,Accept,"Z1, Z2, Z4",1.68866635367654,-0.0305963118031645,-0.234409007500284,0.167525675989534,Accept,1.71881750003287,Accept,Accept,Accept,Accept,0.451633122433871
0.945786082274541,0.877786285277581,0.0354286482950329,-0.112802884845067,0.313596009336973,Accept,"Z2, Z4",1.67046619838792,0.0354286482950329,-0.127402857916613,0.195992828313468,Accept,1.56678193001648,Accept,Accept,Accept,Accept,0.590702135146159
1.22333622907244,1.11492632582054,-0.0430549956198721,-0.403606176628867,0.0327614873667636,Accept,"Z1, Z2, Z4",1.28166628390755,-0.0430549956198721,-0.246099415988118,0.173357401823282,Accept,1.18119131992945,Reject,Accept,Accept,Accept,0.74593313336614
1.09357739493377,1.063859403851,-0.203849874377712,-0.389567696823667,0.155058809502617,Accept,"Z2, Z4",1.37556423797271,-0.203849874377712,-0.430336186732413,0.0208198999516662,Accept,1.21123026249314,Accept,Accept,Accept,Accept,0.261376367041945
0.561418698379144,0.954656131592764,0.0318557082994862,-0.182652831320311,0.466669743324654,Accept,"Z2, Z4",1.51708429339653,0.0318557082994862,-0.224384429607587,0.294194091907041,Accept,1.462917613489,Accept,Accept,Accept,Accept,1.01029142757522
1.02211053222068,1.03169850691899,0.0527778807413303,-0.160328475344533,0.345228677539302,Accept,"Z1, Z2, Z4",1.32261219326405,0.0527778807413303,-0.136339702383387,0.240968200213675,Accept,1.37565848450851,Accept,Accept,Accept,Accept,0.632982225329045
0.932815749885473,1.01725095516933,-0.0348042613101653,-0.359115886797359,0.258474512736074,Accept,"Z1, Z2, Z4",1.86583268121676,-0.0348042613101653,-0.328342367957737,0.274205149142566,Accept,1.57408657008533,Accept,Accept,Accept,Accept,0.278626496415805
1.19560112525737,1.15471031187324,-0.193511457869353,-0.565924756695094,0.0428132570378955,Accept,"Z1, Z2, Z4",1.23624044083484,-0.193511457869353,-0.488820896706414,0.0957120636689224,Accept,1.21963455397113,Accept,Accept,Accept,Accept,0.743341669607506
1.36848345935567,1.15331639842249,-0.120911757240052,-0.497779209124203,0.218179365519637,Accept,"Z2, Z4",2.04708899718789,-0.120911757240052,-0.43334688474491,0.162131907144977,Accept,1.35150078986791,Accept,Accept,Accept,Accept,1.41322482646414
0.917526944622784,1.00952830046851,-0.0743436469609666,-0.418225473292686,0.138998421481139,Accept,"Z1, Z2, Z4",1.43830149441494,-0.0743436469609666,-0.328034372627758,0.188196176489014,Accept,1.09032313885357,Accept,Accept,Accept,Accept,0.783246975013582
0.748908374025025,0.929750805962153,0.159201331406095,-0.0744081460606662,0.32475418058434,Accept,"Z1, Z2, Z4",1.14670981541586,0.159201331406095,-0.0252582433931802,0.343971612260576,Accept,1.02611899496144,Accept,Accept,Accept,Reject,1.2553209299867
1.25775484114161,0.993341868039071,-0.170018834293889,-0.434111489179962,0.0367430021827626,Accept,"Z1, Z2, Z4",1.23508338093338,-0.170018834293889,-0.385713101951762,0.0699488850087094,Accept,0.984317055535935,Accept,Accept,Accept,Accept,1.23262730011934
1.12048909916696,1.1979294276724,-0.144001556153422,-0.644060410279458,0.321684292697573,Accept,"Z2, Z4",1.44849898169173,-0.144001556153422,-0.488430585205989,0.206973127070285,Accept,1.21508294641495,Accept,Accept,Accept,Accept,0.861320444832782
0.24918836228259,0.934361758784244,0.173952361844215,-0.201100109508761,0.56400544136197,Accept,"Z2, Z4",1.61057088958811,0.173952361844215,-0.114897338010729,0.492751538294311,Accept,1.31866601900655,Accept,Accept,Accept,Accept,1.21426907220179
0.925922072957118,1.0197735150858,-0.0703004922073855,-0.309303295755194,0.211163505375275,Accept,"Z1, Z2, Z4",1.49033939105245,-0.0703004922073855,-0.28212770727406,0.145169665785064,Accept,1.11247766669202,Accept,Accept,Accept,Accept,0.850711016811783
0.821308330144659,0.794137285581589,0.254016502104628,-0.186033411122115,0.49973586045899,Accept,"Z1, Z2, Z4",1.23893613008179,0.254016502104628,-0.0356342021382828,0.566613471957267,Accept,1.31706532195888,Accept,Accept,Accept,Accept,0.783901182301445
0.86493438338065,1.02923933622829,0.0943622647764913,-0.285831294329238,0.248230149519912,Accept,"Z1, Z2, Z4",1.5270157182124,0.0943622647764913,-0.178340044758549,0.342028748871832,Accept,1.45775173432733,Accept,Accept,Accept,Accept,0.397471457375901
0.577740151200872,0.870651786445168,0.191183948735229,-0.096488051222083,0.505919666497679,Accept,"Z1, Z2, Z4",1.8222614116696,0.191183948735229,-0.0811098139545011,0.46582605187655,Accept,1.62054164217833,Reject,Accept,Accept,Accept,0.359363126328021
0.534932731545021,0.971000429607128,-0.0430561304278949,-0.310651831166123,0.483160370019454,Accept,"Z2, Z4",1.37508358966088,-0.0430561304278949,-0.288718886220939,0.22499588353724,Accept,1.28482147024628,Accept,Accept,Accept,Accept,0.79041428070876
0.835293838088494,0.92557215612519,0.126631006929331,-0.26003557182292,0.318492737837243,Accept,"Z2, Z4",1.73726454576949,0.126631006929331,-0.0937546689911122,0.357530054536047,Accept,1.29286893727088,Accept,Accept,Accept,Accept,0.269819183056404
0.799006313629741,0.754384307542074,0.182081082114875,-0.00500948461091322,0.54980254073543,Accept,"Z2, Z4",1.64170324005698,0.182081082114875,-0.0396384682095356,0.409264217213764,Accept,1.32661092175251,Accept,Accept,Accept,Accept,0.983897240844411
0.725838607218469,1.07742342966375,-0.0543266866180894,-0.418406063158128,0.086890848756045,Accept,"Z1, Z2, Z4",0.984473034587587,-0.0543266866180894,-0.27863345867682,0.147000809910007,Accept,1.07068521858656,Accept,Accept,Accept,Accept,0.991656304278299
1.14032949346578,0.961738276145869,0.0793063755082545,-0.253680021355485,0.343558551301912,Accept,"Z2, Z4",1.16006847534025,0.0793063755082545,-0.140677376339853,0.308575113968986,Accept,1.15299654983465,Accept,Accept,Accept,Accept,0.53904753799051
0.764037055266445,0.95848221589424,0.0872076861434977,-0.17238657690969,0.318058380902617,Accept,"Z1, Z2, Z4",1.09630264714844,0.0872076861434977,-0.139724622712816,0.295731486149819,Accept,1.25966252966018,Accept,Accept,Accept,Accept,0.966499302353769
1.11761761589131,1.1537617156263,-0.0621923615075249,-0.591413331075482,0.056823759144078,Accept,"Z1, Z2, Z4",1.24640542765579,-0.0621923615075249,-0.333289438587785,0.186997746887787,Accept,0.918158303719579,Accept,Accept,Accept,Accept,0.399000084489978
1.08956226703286,1.02298571986213,-0.101044950605387,-0.358361350294056,0.0885352569142177,Accept,"Z1, Z2, Z4",1.23905672017862,-0.101044950605387,-0.312784181889361,0.125516048359177,Accept,1.1078796632694,Accept,Accept,Accept,Accept,0.420579770939903
1.47808041673059,1.11231143267581,-0.105854559024534,-0.534934488544891,-0.00615525320928888,Reject,"Z1, Z2, Z4",1.32971971330537,-0.105854559024534,-0.364736539502738,0.171935328421634,Accept,1.43512583207496,Accept,Accept,Accept,Accept,0.305918910005446
0.809026396690194,0.885573932032873,0.119552525609988,-0.177699481452635,0.375724988133188,Accept,"Z2, Z4",1.69447393855617,0.119552525609988,-0.0777865238642005,0.316158957483671,Accept,1.44288712251349,Accept,Accept,Accept,Reject,1.52947964173468
0.949705421077088,0.931695913152371,0.0231889076603331,-0.129333233816377,0.267369697701975,Accept,"Z1, Z2, Z4",1.55123856322209,0.0231889076603331,-0.173316037125209,0.234383653356582,Accept,1.19179018922648,Accept,Accept,Accept,Accept,0.907445159120216
0.776198991779205,0.887357604416592,0.149930488141976,-0.075171443284815,0.357753121249566,Accept,"Z1, Z2, Z4",1.32330094058401,0.149930488141976,-0.0421861735693716,0.345351396607245,Accept,1.30662326034707,Accept,Accept,Accept,Accept,0.486670459066164
0.344920479522509,0.769194953198949,0.359676307568369,0.171301365604657,0.697043905473695,Reject,"Z1, Z2, Z4",1.5953268326942,0.359676307568369,0.0824856003700949,0.636840990722513,Reject,1.44962166792736,Reject,Reject,Accept,Accept,1.09447591762763
1.34143630300986,1.20577435819965,-0.0808669675630914,-0.378150210431411,0.14383609072788,Accept,"Z1, Z2, Z4",1.7261390367062,-0.0808669675630914,-0.362848755326226,0.188620181172493,Accept,1.30625787560775,Accept,Accept,Accept,Accept,0.338905616041373
0.919678848157704,0.965232766524244,0.0293121681513239,-0.253847415496375,0.243140454350052,Accept,"Z1, Z2, Z4",1.72763182916606,0.0293121681513239,-0.204443263256125,0.263282548621025,Accept,1.38434005739315,Accept,Accept,Accept,Accept,0.785879246466137
0.928198065527794,1.01009862743767,0.00564662183200307,-0.33136532188013,0.280765563444886,Accept,"Z2, Z4",1.87099613062527,0.00564662183200307,-0.244345866524832,0.242053399538533,Accept,1.72145244059564,Accept,Accept,Accept,Accept,0.0934295299455069
1.16842514689277,1.05210021430107,-0.00328683875302847,-0.59360579092949,0.0540096213201943,Accept,"Z2, Z4",2.31770093709888,-0.00328683875302847,-0.238079945675934,0.234829520187481,Accept,1.76034971494979,Accept,Accept,Accept,Accept,1.45409386227713
1.01767234476556,1.01568445506983,-0.0289697078492103,-0.362392990114361,0.265546643296005,Accept,"Z1, Z2, Z4",1.15441542345907,-0.0289697078492103,-0.315044316747962,0.262137924570003,Accept,1.13383753426925,Accept,Accept,Accept,Accept,0.180942800365857
0.731627420427504,1.01123814953569,0.0673224526873461,-0.162268133058315,0.457872493197838,Accept,"Z1, Z2, Z4",1.39709349589284,0.0673224526873461,-0.216565534560291,0.365523481828574,Accept,1.329518735118,Reject,Reject,Accept,Accept,0.731945899071145
0.929801710396044,0.855185710227672,0.192847520599638,-0.175450338940632,0.366190466245117,Accept,"Z1, Z2, Z4",1.64165767656777,0.192847520599638,-0.0581737960801238,0.438910034265459,Accept,1.55676966807627,Accept,Accept,Accept,Accept,0.127896710290819
0.483751974893631,0.89123326165787,0.36433652373675,-0.182136884678956,0.513899253886179,Accept,"Z2, Z4",1.33331000765181,0.36433652373675,0.109453370815097,0.613008819554109,Reject,1.33796692030888,Accept,Reject,Accept,Reject,1.36278986579264
0.795025143859452,1.02309493824405,0.0517159834839815,-0.264813698984589,0.392400221425614,Accept,"Z2, Z4",1.87488006762203,0.0517159834839815,-0.191709250491505,0.290618231596896,Accept,1.60117601961594,Accept,Accept,Accept,Accept,1.55870580780095
0.733808881102219,1.08572439793228,0.0266368234730937,-0.404949535486095,0.181323301366132,Accept,"Z2, Z4",1.22812045046514,0.0266368234730937,-0.210199581638936,0.250615634446026,Accept,1.12486637291581,Accept,Accept,Accept,Accept,1.09084974382507
0.408386278204682,0.925758827928294,0.188107990617563,-0.190864538940672,0.375617212741561,Accept,"Z2, Z4",2.11663459334962,0.188107990617563,-0.016596257971434,0.392331658567082,Accept,1.65014336884548,Accept,Accept,Accept,Reject,1.92548748114681
1.15939690244279,1.07693762477851,-0.00734390767837889,-0.214394698175564,0.300019181547007,Accept,"Z1, Z2, Z4",2.30735265431737,-0.00734390767837889,-0.273988108334169,0.236702330743848,Accept,2.26474585577532,Accept,Accept,Accept,Accept,0.869286946812999
1.13424675880809,1.12939406190309,-0.0226063322357968,-0.380519333450221,0.112803910908369,Accept,"Z1, Z2, Z4",1.23357217229514,-0.0226063322357968,-0.246909964746055,0.19632487643385,Accept,1.24940780618566,Accept,Accept,Accept,Accept,0.951976524123895
0.609748674384904,0.893412283752028,0.196914139608753,-0.133678999260519,0.627080087504409,Accept,"Z1, Z2, Z4",1.70109051123129,0.196914139608753,-0.114117200963468,0.517072331818942,Accept,1.36137600986432,Reject,Reject,Accept,Accept,0.900423593551786
0.761819483777614,0.934898108693646,0.184768185214066,-0.122045894190653,0.45155125746166,Accept,"Z2, Z4",1.51370167535267,0.184768185214066,-0.0245313308655115,0.388062437910149,Accept,1.27090705162398,Accept,Accept,Accept,Accept,1.06099190259921
0.708477979965451,1.00462233945941,-0.138400955778794,-0.605192454232826,0.258360002660765,Accept,"Z4, X2",1.72200785270506,-0.138400955778794,-0.444959687679158,0.160231434513359,Accept,1.36495107676966,Reject,Accept,Accept,Accept,0.845373796967746
0.614172629803622,0.886257632704803,0.17805763083221,-0.136030045226226,0.516978312571435,Accept,"Z2, Z4",1.86758181748433,0.17805763083221,-0.0305868144242359,0.379507174100843,Accept,1.31997086401767,Accept,Accept,Accept,Reject,1.29548260536341
0.754133403340426,0.983274088225012,-0.0686087366585655,-0.302481817266579,0.260926552674242,Accept,"Z2, Z4",1.75037347837414,-0.0686087366585655,-0.322924529122852,0.178111257194272,Accept,1.7240504073134,Accept,Accept,Accept,Accept,1.21124831572564
0.309573603388922,0.765740866656628,0.41619351786523,0.0905573488382667,0.666548103862106,Reject,"Z2, Z4",1.51630139854576,0.41619351786523,0.167006496053994,0.663298273450648,Reject,1.27604596692209,Reject,Reject,Accept,Accept,0.974490778752632
0.870209550577825,0.991190201878748,-0.0612411055460721,-0.250201666514475,0.179767303885148,Accept,"Z1, Z2, Z4",1.12338077776149,-0.0612411055460721,-0.254093096886148,0.128878655637174,Accept,1.18535656821338,Reject,Accept,Accept,Accept,0.947705816641938
0.975591356582505,0.932882948684587,0.142809238834195,-0.34092834527013,0.305855794389667,Accept,"Z1, Z2, Z4",2.24803067157429,0.142809238834195,-0.119940398856276,0.40436703503167,Accept,1.64230691729517,Reject,Reject,Accept,Accept,1.19917698909392
1.02600056990191,0.997662410638433,-0.0090046987831059,-0.267818651430823,0.212150689201244,Accept,"Z1, Z2, Z4",1.6543525256594,-0.0090046987831059,-0.224020209404696,0.222946488877133,Accept,1.2810862844306,Accept,Accept,Accept,Accept,0.58041512786583
0.970212392491789,1.03034256609163,0.00366927303548213,-0.21747463310809,0.233598706580516,Accept,"Z1, Z2, Z4",1.18151976398846,0.00366927303548213,-0.19545807185386,0.222670651006409,Accept,1.47306595920191,Accept,Accept,Accept,Accept,0.905983012643329
0.924958568430386,1.02721126335723,-0.0601587030052023,-0.386874903600129,0.0709633978069082,Accept,"Z1, Z2, Z4",0.98040032377385,-0.0601587030052023,-0.278071931168262,0.176090425142457,Accept,0.945720020403823,Accept,Accept,Accept,Accept,1.08659368649094
1.05847387185631,1.06840392736172,-0.141222517146254,-0.467271210593702,0.358665401295216,Accept,"Z2, Z4",2.07130610310073,-0.141222517146254,-0.429992015482943,0.128130374358365,Accept,1.59121006183588,Accept,Accept,Accept,Accept,0.970793670802129
1.20509004891718,1.18893576107168,-0.0798853959539278,-0.662507795934811,0.343050062367868,Accept,"Z2, Z4",1.3361962237283,-0.0798853959539278,-0.41330029326785,0.270465476267942,Accept,1.39105685002946,Accept,Accept,Accept,Accept,0.763569590766614
0.966090932357098,0.947535055771864,-0.134706814213425,-0.383276858836903,0.118331642610755,Accept,"Z1, Z2, Z4",1.58073171310253,-0.134706814213425,-0.388073076351112,0.121167051909569,Accept,1.61499485786626,Accept,Accept,Accept,Accept,1.2068010332256
0.872995202388778,1.12083047593565,0.00251446568497484,-0.200662346569579,0.450515539852617,Accept,"Z1, Z2, Z4",1.51531181053232,0.00251446568497484,-0.299912577279141,0.317562274803683,Accept,1.25595202348422,Accept,Accept,Accept,Accept,0.642658967993734
0.87825527341281,0.94743134021208,-0.0998540416897774,-0.291458818835955,0.122347409937007,Accept,"Z1, Z2, Z4",1.40611442626706,-0.0998540416897774,-0.301942362638027,0.0936229827988454,Accept,1.43731056084748,Accept,Accept,Accept,Accept,0.685799972599393
0.356751713790497,0.674294019125316,0.186817178162795,0.178394105883214,0.850959249736204,Reject,"Z2, Z4",1.21108578955871,0.186817178162795,-0.0616810817294099,0.457998731857873,Accept,1.38351306074924,Reject,Accept,Accept,Accept,0.836509023952134
0.989455231731136,1.03725526014845,-0.0482194302922603,-0.23629815354742,0.137576521197552,Accept,"Z1, Z2, Z4",1.93834185774505,-0.0482194302922603,-0.229692593596421,0.139575089618642,Accept,1.67476022834157,Accept,Accept,Accept,Accept,0.909092590903999
0.701613875212758,1.01148689861776,0.0105432926526462,-0.283854343195057,0.222040254941589,Accept,"Z2, Z4",1.00416630373491,0.0105432926526462,-0.1724470454243,0.19930130953324,Accept,1.15102618240085,Accept,Accept,Accept,Accept,1.23478059721679
0.736014336613235,1.04242357304489,0.0185759302840882,-0.298083634458357,0.278089601603648,Accept,"Z1, Z2, Z4",1.14391096765558,0.0185759302840882,-0.234742004843711,0.261205689920329,Accept,1.3916522166182,Accept,Accept,Accept,Accept,0.705684986177459
0.859683395590063,1.11645823415373,0.0162677740464522,-0.247848795651886,0.446637330849106,Accept,"Z1, Z2, Z4",1.54807950983187,0.0162677740464522,-0.257564708641658,0.297270590232397,Accept,1.19629404223492,Accept,Accept,Accept,Accept,0.812389800313383
0.227277782906151,0.794162319648125,0.19692887266965,-0.057074181321364,0.54061900639231,Accept,"Z2, Z4",1.19152003402041,0.19692887266965,-0.0281374769268872,0.425805528149055,Accept,1.44770237217179,Accept,Accept,Accept,Accept,0.709619287570434
0.921252984843434,0.944965190471224,-0.00354935858668313,-0.282179913878711,0.229387529366205,Accept,"Z1, Z2, Z4",1.84740042530334,-0.00354935858668313,-0.223632537097906,0.222643432514847,Accept,1.59804194372088,Accept,Accept,Accept,Accept,0.335270278617227
0.62115931318363,0.93135521021548,0.157226897219022,-0.0930351832862562,0.478992654459434,Accept,"Z2, Z4",1.07120432336239,0.157226897219022,-0.0733478832382619,0.389261000549052,Accept,1.05791921931757,Accept,Accept,Accept,Accept,0.0609367913053296
0.965718152004977,1.00902908580871,-0.109651933220667,-0.322667308383263,0.151050293892901,Accept,"Z2, Z4",1.60250912878897,-0.109651933220667,-0.292503537394163,0.0700250909731278,Accept,1.50285725772464,Accept,Accept,Accept,Accept,1.44762814937264
0.593995454315318,0.859913721466543,0.0304662676139749,-0.112191825304075,0.512608573175333,Accept,"Z2, Z4",1.47724445875297,0.0304662676139749,-0.190568161538422,0.253689856506093,Accept,1.22156157252763,Accept,Accept,Accept,Reject,1.47202249770008
1.07675165305993,1.02602608768694,-0.014603439515,-0.406785922492884,0.103344399934622,Accept,"Z2, Z4",1.38046774204545,-0.014603439515,-0.218737798430607,0.190907899116746,Accept,1.44664032456594,Accept,Accept,Accept,Accept,0.724110199140452
0.767346519784495,0.886712713475252,0.135357585407831,-0.0729385239289572,0.449495434075865,Accept,"Z1, Z2, Z4",1.96938920978809,0.135357585407831,-0.112396836356449,0.370657916864759,Accept,1.57046467993417,Accept,Accept,Accept,Accept,0.880612919508031
0.765796304461982,0.970262590861251,0.163987297389698,-0.232088008438743,0.261521389921281,Accept,"Z1, Z2, Z4",1.10246926363336,0.163987297389698,-0.0865995483275035,0.430841889505488,Accept,1.09984095525201,Accept,Accept,Accept,Accept,0.806155888690196
1.41357762787938,1.34354857347484,-0.407334406129755,-0.959440659145633,0.0932817672606638,Accept,"Z2, Z4",1.73299880128443,-0.407334406129755,-0.747866842280565,-0.0827179268959563,Reject,1.56365534608403,Accept,Accept,Accept,Accept,1.30600222247216
0.868208370234352,1.01118284480276,-0.0349170717758371,-0.230289420762561,0.145931002657259,Accept,"Z1, Z2, Z4",1.1738603260848,-0.0349170717758371,-0.230758806081361,0.154128128360776,Accept,1.00778550848682,Accept,Accept,Accept,Accept,0.819858760528923
0.946054458435674,0.877876699074222,-0.0774243106829687,-0.186337541697731,0.287767925329583,Accept,"Z1, Z2, Z4",1.31311492061996,-0.0774243106829687,-0.299083729658483,0.162618118540455,Accept,0.954889420397536,Accept,Accept,Accept,Accept,0.745061177299185
0.933912474628586,0.875849794167569,-0.00320706577330878,-0.215096287387289,0.3753476568042,Accept,"Z2, Z4",1.35310935930962,-0.00320706577330878,-0.219900717327857,0.184591254418483,Accept,1.53193053075439,Accept,Accept,Accept,Accept,0.819063339505319
1.10616341300226,0.820820294493021,0.0375043427643384,-0.10332106942204,0.307390190288499,Accept,"Z1, Z2, Z4",1.02578430625012,0.0375043427643384,-0.165562316957276,0.263121692265046,Accept,1.02985336507712,Accept,Accept,Accept,Accept,0.877179833917372
1.09874554768843,0.91706099177844,-0.00228624833209992,-0.252250221398088,0.189572420308452,Accept,"Z1, Z2, Z4",1.48344463087966,-0.00228624833209992,-0.230549359944014,0.221543486773255,Accept,1.36675704874099,Accept,Accept,Accept,Accept,0.588453838566501
1.01965317822258,0.973526397255606,0.0915051868377575,-0.227880390298632,0.306798127193993,Accept,"Z2, Z4",2.17930827731771,0.0915051868377575,-0.114140114949113,0.298666291159439,Accept,2.17517904449869,Accept,Accept,Accept,Accept,0.724871695277797
0.799706782324709,1.03948133069028,-0.0504254500269953,-0.263130709995895,0.152151215898544,Accept,"Z1, Z2, Z4",1.35938326793477,-0.0504254500269953,-0.223374493630784,0.132001423639021,Accept,1.40634082875392,Accept,Accept,Accept,Accept,1.26763659422268
0.920069321271861,0.846546806304238,0.0135608727573669,-0.276471507707225,0.38424233416372,Accept,"Z2, Z4",1.4743516889424,0.0135608727573669,-0.257621144492092,0.276351064993791,Accept,1.25825165512801,Accept,Accept,Accept,Accept,0.189032882726992
1.1705621524971,1.21121581261265,-0.274961092416016,-0.643580197294405,0.294545857863232,Accept,"Z2, Z4",1.64553396118549,-0.274961092416016,-0.610055263362303,0.0391480962874975,Accept,1.47293576802893,Accept,Accept,Accept,Accept,0.572891459657937
0.974949760797869,1.01553291557194,0.0285420089359514,-0.342011372381179,0.163872198741967,Accept,"Z2, Z4",1.4368571051419,0.0285420089359514,-0.181144402597249,0.249058194494378,Accept,1.35110122847916,Accept,Accept,Accept,Accept,0.870438878115921
0.88379343270669,0.923298674317007,0.0239568982800871,-0.161250134275384,0.511156347055962,Accept,"Z2, Z4",1.42736219663159,0.0239568982800871,-0.243830835840277,0.271191018339596,Accept,1.21740337663838,Accept,Accept,Accept,Reject,1.5969554731318
0.880394881891608,0.957546756134266,-0.0216736121761717,-0.228458483059582,0.376643995502886,Accept,"Z2, Z4",1.96869131343651,-0.0216736121761717,-0.262599614376441,0.232791306118437,Accept,1.41564553592281,Accept,Accept,Accept,Reject,1.547530230697
0.764127449310577,0.86049291476275,0.0724772731960309,-0.208673433831799,0.294074341139381,Accept,"Z1, Z2, Z4",1.59640715922496,0.0724772731960309,-0.152366513240614,0.306021819318437,Accept,1.37426872390128,Reject,Accept,Accept,Accept,0.683103963643063
0.800718069977509,0.999740041638885,0.107857914365005,-0.390891273370873,0.212457279404285,Accept,"Z1, Z2, Z4",1.2567444167613,0.107857914365005,-0.142556023977913,0.353089554918142,Accept,1.20618307107478,Accept,Accept,Accept,Accept,0.686069473742284
0.755994680562943,1.11097968958504,-0.169970554208961,-0.404206425586532,0.288129148475776,Accept,"Z2, Z4",1.5155341528935,-0.169970554208961,-0.422702391195781,0.0862167021339209,Accept,1.52607293364809,Accept,Accept,Accept,Accept,0.76160066193057
0.96813414438543,1.03082045601963,-0.0808934094891805,-0.38227759104943,0.150447874473953,Accept,"Z1, Z2, Z4",0.98866910240561,-0.0808934094891805,-0.334955397358174,0.15422070359132,Accept,0.989566060280378,Accept,Accept,Accept,Accept,1.40873744907102
0.940922563818018,0.908954930794562,0.144854443340334,-0.135852621578817,0.249869421251397,Accept,"Z1, Z2, Z4",1.26330725012945,0.144854443340334,-0.0650352699941602,0.368239824695098,Accept,1.31998216169077,Accept,Accept,Accept,Accept,0.614575991252183
1.11483419919253,0.890273886129257,-0.0231356420208249,-0.236161891517303,0.190635758481733,Accept,"Z1, Z2, Z4",1.40045322176562,-0.0231356420208249,-0.243617745279874,0.209619449960794,Accept,1.39410031929621,Reject,Reject,Accept,Accept,0.7798667073493
0.998861512540977,0.901153936609291,-0.049463837451941,-0.211204757831043,0.248485696115978,Accept,"Z1, Z2, Z4",1.05274685190846,-0.049463837451941,-0.254050813800253,0.157731006184214,Accept,0.878474303628706,Accept,Accept,Accept,Accept,0.625545423226327
1.34111026007028,1.04966723969924,-0.047512794392484,-0.407282839565148,0.0466611818372422,Accept,"Z1, Z2, Z4",1.17770425654093,-0.047512794392484,-0.279569990948625,0.181503532980922,Accept,1.18510144321798,Accept,Accept,Accept,Accept,0.412992322015553
0.314358485219589,0.826704621974801,-0.106010631956043,-0.087844078690167,0.981355542837118,Accept,Z2,1.28388488610313,-0.106010631956043,-0.437078268205548,0.200711469442145,Accept,1.00085808555925,Accept,Accept,Accept,Accept,0.834806902950354
0.838178932871309,0.863852315899674,-0.0878681235394925,-0.262141585220095,0.432066745223916,Accept,"Z2, Z4",1.51866268592748,-0.0878681235394925,-0.370070087147689,0.18709771261674,Accept,1.33737525382788,Accept,Accept,Accept,Accept,0.436534105464254
1.09882111357355,0.873033764267139,0.0673840650903782,-0.146296176965519,0.257818420285779,Accept,"Z1, Z2, Z4",1.54873050419709,0.0673840650903782,-0.173883598190514,0.299707163266128,Accept,1.48999003211726,Accept,Accept,Accept,Accept,0.899093155697194
0.37783210652331,0.983685943943363,0.147549318927389,-0.423480004876467,0.829812175705295,Accept,"Z1, Z4",1.87428301770954,0.147549318927389,-0.217028829374189,0.573382922875356,Accept,1.55400597529902,Accept,Accept,Accept,Reject,1.36275056781476
0.840967197320303,0.953780724449386,-0.11689115917125,-0.423810260083073,0.205024120478225,Accept,"Z2, Z4",1.53211118947743,-0.11689115917125,-0.348429762350981,0.106689887004992,Accept,1.30728539101989,Accept,Accept,Accept,Accept,0.860427586518076
0.77737684071768,0.896621379305211,-0.050358139554301,-0.156047901502618,0.250920424075919,Accept,"Z1, Z2, Z4",1.4765468700201,-0.050358139554301,-0.221352911927986,0.122510042824986,Accept,1.2001362578502,Accept,Accept,Accept,Accept,1.04158819877628
0.877172551732182,0.885973602875681,0.166839108884738,-0.128361008001086,0.277896865958899,Accept,"Z1, Z2, Z4",1.17894476438605,0.166839108884738,-0.03530035037824,0.368654053199247,Accept,1.06462880785024,Accept,Accept,Accept,Reject,1.24027924705283
0.960397601169548,1.12158176869241,-0.0699491952796142,-0.494063084367454,0.231635932963488,Accept,"Z1, Z2, Z4",1.20251033796032,-0.0699491952796142,-0.367313445547745,0.208262148851851,Accept,1.12881082442528,Accept,Accept,Accept,Accept,0.727002930227076
0.741921946066453,0.991433886212974,-0.0445764416266592,-0.20539076837859,0.241334514233482,Accept,"Z1, Z2, Z4",1.34088991231289,-0.0445764416266592,-0.253464887253977,0.162035704195254,Accept,1.3121228438649,Accept,Accept,Accept,Accept,0.501685923429065
1.29981095852391,0.99566752843948,-0.275686912971414,-0.511062922769128,-0.00841336571650101,Reject,"Z1, Z2, Z4",1.88765913171815,-0.275686912971414,-0.519465893173714,-0.0232594161751098,Reject,1.43012092983255,Accept,Reject,Accept,Accept,0.602571218417866
1.25101676796328,1.1461578691564,-0.0833103663618708,-0.400975021105187,0.0482143214981379,Accept,"Z1, Z2, Z4",1.31518134760508,-0.0833103663618708,-0.295523518360432,0.115326178988907,Accept,1.27065305483374,Accept,Accept,Accept,Accept,0.156448116211237
1.21305635016087,0.959209704346581,-0.0588229746698945,-0.365830509081919,0.187441663504161,Accept,"Z1, Z2, Z4",1.8608979039437,-0.0588229746698945,-0.269848675887559,0.174248451399701,Accept,1.71015024992998,Accept,Accept,Accept,Accept,0.793656536441071
0.84498334595473,0.982224250923823,-0.112303751068936,-0.244886868755591,0.159918707253925,Accept,"Z1, Z2, Z4",1.30695992577848,-0.112303751068936,-0.308474632887307,0.0844987383673852,Accept,1.32936760484361,Accept,Accept,Accept,Accept,0.714361445599037
1.23451143585777,1.04964391582086,-0.0800101281747124,-0.292446427004685,0.117172482162645,Accept,"Z1, Z2, Z4",1.59071092511884,-0.0800101281747124,-0.259023207108462,0.0910747464108395,Accept,1.54525744808685,Accept,Accept,Accept,Accept,1.23460273172475
1.4243880913069,0.994613845396324,-0.254257198040106,-0.437458218980987,0.00307108213881056,Accept,"Z1, Z2, Z4",2.1699048729383,-0.254257198040106,-0.481558500945891,-0.0107778502291455,Reject,1.44941291845123,Reject,Reject,Accept,Accept,0.597045229164968
0.856640159666211,1.00444106577066,0.000248246560677204,-0.243881543223858,0.22355715261189,Accept,"Z1, Z2, Z4",1.29321070647383,0.000248246560677204,-0.19821426169319,0.208204446008712,Accept,1.29769791637057,Accept,Accept,Accept,Accept,0.420895599817258
0.974811645708299,1.09877110456218,-0.0406819308325798,-0.366113159337206,0.0739398685785934,Accept,"Z1, Z2, Z4",1.33870316673526,-0.0406819308325798,-0.284208892811189,0.219736644373098,Accept,1.27936030158778,Reject,Reject,Accept,Reject,1.17057074736133
0.402818467348361,0.816803342814682,-0.0358921976927685,0.0329780566801999,0.825531181470742,Reject,"Z2, Z4",1.37832824691711,-0.0358921976927685,-0.36704853732405,0.275502473161594,Accept,1.09648573162581,Accept,Accept,Accept,Accept,0.865033934557511
0.883536106785721,0.882682869970035,0.0590765930880523,-0.199839249091904,0.309592270530225,Accept,"Z2, Z4",2.02990279711739,0.0590765930880523,-0.19967487838342,0.302540532232384,Accept,1.82796531196292,Accept,Accept,Accept,Accept,0.891022962344511
0.885500056369775,1.06319537221392,-0.0162879827346149,-0.411135465523024,0.25347498174379,Accept,"Z2, Z4",1.21099408736677,-0.0162879827346149,-0.242211632888847,0.213599319993631,Accept,0.948282525618671,Accept,Accept,Accept,Accept,0.464425428052385
1.06492396456327,1.17300770576616,-0.106915371963501,-0.531411159326939,0.00765005619336567,Accept,"Z2, Z4",1.22042215938297,-0.106915371963501,-0.325608350609306,0.112889281496608,Accept,1.09814592288073,Accept,Accept,Accept,Accept,1.1995763845224
0.804319571288392,1.07701408884298,0.267593806612585,-0.225775880761322,0.408525340193018,Accept,"Z1, Z2, Z4",1.34007968281515,0.267593806612585,-0.00261046225474434,0.57535093699928,Accept,1.41708911585067,Accept,Accept,Accept,Accept,1.22214358353358
0.834091128653295,1.02058797125017,-0.0540608521930429,-0.323468048560529,0.176166716952609,Accept,"Z1, Z2, Z4",0.784913947653185,-0.0540608521930429,-0.304433736477487,0.192251878801607,Accept,1.12393204435489,Accept,Accept,Accept,Accept,1.144268511835
1.04185331051193,0.966014001494769,0.000752106792748704,-0.336174046280036,0.200871901003446,Accept,"Z2, Z4",1.77222516567305,0.000752106792748704,-0.207816134410121,0.189472347910428,Accept,1.80318970435136,Accept,Accept,Accept,Accept,0.695636233189763
1.1540985865438,0.952631485207229,-0.0230645250276748,-0.257305040783757,0.197687301312155,Accept,"Z2, Z4",1.74248063443325,-0.0230645250276748,-0.207351773864819,0.14398398444041,Accept,1.39616277317693,Accept,Accept,Accept,Accept,0.71795548422102
0.980059704605715,1.03339413050303,-0.188435648269085,-0.323632368496357,0.0754026233011525,Accept,"Z1, Z2, Z4",0.773357336062241,-0.188435648269085,-0.385329084380414,0.00672788792119575,Accept,0.826268602649378,Reject,Accept,Accept,Accept,1.2123972035538
0.822771768987612,0.90524143243729,0.212020864369477,-0.154255950574239,0.416485741694999,Accept,"Z1, Z2, Z4",1.17456205347234,0.212020864369477,-0.0656531801351302,0.489058962417332,Accept,1.20620078174766,Accept,Accept,Accept,Reject,1.40867900109404
0.576446768412479,0.931866784890502,0.158455155050105,-0.0489445621571641,0.570421559697231,Accept,"Z1, Z2, Z4",1.5004725431793,0.158455155050105,-0.115115199484754,0.426107002583733,Accept,1.45794799206852,Accept,Accept,Accept,Accept,1.06028758316501
1.16340527833711,0.890169033410211,0.0738728095857202,-0.152581528810366,0.228520001467014,Accept,"Z1, Z2, Z4",1.43859253773915,0.0738728095857202,-0.121552107767775,0.269402058120944,Accept,1.37493308978846,Accept,Accept,Accept,Accept,0.555828767862623
0.754546371764195,0.986394833714039,0.0120831961050588,-0.242759237623074,0.217836664276041,Accept,"Z1, Z2, Z4",1.08927736034152,0.0120831961050588,-0.221033560222547,0.242221414617933,Accept,1.14274362520503,Accept,Accept,Accept,Accept,0.88614967827534
1.0823542725513,1.09194140592022,-0.215221024111769,-0.580752295927217,0.105049787845811,Accept,"Z2, Z4",1.47538652141283,-0.215221024111769,-0.509861801504136,0.0655403210968277,Accept,1.29299230849846,Accept,Accept,Accept,Accept,0.946420709455134
0.912080263912739,0.896539094058365,0.194581206883979,-0.0944057872938838,0.469219888459298,Accept,"Z1, Z2, Z4",1.28983515362635,0.194581206883979,-0.0727702124669455,0.477044881089896,Accept,1.4694550476093,Accept,Accept,Accept,Accept,1.07871599942052
1.22942019904804,0.818328886707825,-0.0569964310440314,-0.126470385802807,0.395268551590351,Accept,"Z2, Z4",1.73307187640438,-0.0569964310440314,-0.238892992271609,0.136284329943378,Accept,1.47578044857806,Accept,Accept,Accept,Accept,0.969743679872667
0.917117794098224,1.0637246809769,-0.121569710972327,-0.310950034770906,0.23927199432226,Accept,"Z2, Z4",0.986388277577577,-0.121569710972327,-0.35166041808013,0.123141947617209,Accept,1.11085632230919,Accept,Accept,Accept,Accept,0.55977270862774
1.00512726793616,0.929336234225571,0.0659259227304668,-0.184089822384754,0.24340844052546,Accept,"Z1, Z2, Z4",1.7423591229063,0.0659259227304668,-0.147500681887122,0.278007288569847,Accept,1.33638093335103,Accept,Accept,Accept,Accept,1.15200983601967
1.20185161101734,1.09353852865588,-0.172904994100376,-0.479735380425101,0.117980507840024,Accept,"Z2, Z4",1.66956953826815,-0.172904994100376,-0.435071579500308,0.0878662839672648,Accept,1.24282475236087,Accept,Accept,Accept,Accept,0.98896527942153
0.827651768088852,1.00380687808874,-0.0534534611852281,-0.221219125018907,0.135338916980457,Accept,"Z1, Z2, Z4",1.11882216176942,-0.0534534611852281,-0.213118391143503,0.118063004413753,Accept,1.04931540767287,Accept,Accept,Accept,Accept,0.490958782470481
1.41889361256104,1.14289475114951,-0.226965133609549,-0.501464673571458,-0.00603741668688755,Reject,"Z1, Z2, Z4",1.81616460629859,-0.226965133609549,-0.456961353192328,0.00727305024547573,Accept,1.97199186161668,Reject,Reject,Accept,Accept,0.482039071873612
0.668283958239315,0.899641140575007,0.0515884260431577,-0.0747128435251069,0.342643540517517,Accept,"Z1, Z2, Z4",1.47954385102057,0.0515884260431577,-0.121668890746379,0.23726890704148,Accept,1.28882402122062,Accept,Accept,Accept,Accept,0.151834548567464
1.11719763311658,1.06689730523185,0.0228585341701632,-0.407765317693286,0.172033575306129,Accept,"Z1, Z2, Z4",1.11974976933066,0.0228585341701632,-0.232636288694541,0.290837644867447,Accept,1.17079947497657,Accept,Accept,Accept,Accept,0.645119751023794
0.701222966659761,0.999220626776517,0.126889684716264,-0.272618163492773,0.341712653420679,Accept,"Z1, Z2, Z4",1.21770246665298,0.126889684716264,-0.16161118773859,0.39298550642342,Accept,1.07478411005094,Accept,Accept,Accept,Accept,1.01227053343706
1.10263172774369,1.16332074404108,-0.151662330562471,-0.334427101565678,0.268726932664764,Accept,"Z1, Z2, Z4",0.883325244946807,-0.151662330562471,-0.412451382525473,0.119906836168522,Accept,1.0725974497096,Accept,Accept,Accept,Accept,0.526784195180435
1.11898942847186,1.01092906088128,0.0306451050268369,-0.467467391815455,0.235855291200684,Accept,"Z2, Z4",1.93038961776972,0.0306451050268369,-0.203476558268154,0.267384512004465,Accept,1.46811967211823,Accept,Accept,Accept,Accept,0.156453034461952
0.585321191208546,0.986143683567204,0.236073031485629,-0.0667996848480737,0.524712437216209,Accept,"Z1, Z2, Z4",1.00363943598982,0.236073031485629,-0.0125027662470398,0.501113475557672,Accept,1.12256428068534,Accept,Accept,Accept,Accept,0.825402906622495
1.11533901552523,1.12727984864301,-0.114449965093655,-0.395869088800127,0.101445655312941,Accept,"Z1, Z2, Z4",1.02391057473921,-0.114449965093655,-0.347173238083894,0.10832713025156,Accept,1.1644067722465,Accept,Accept,Accept,Accept,1.06464484416159
1.11851146095789,0.973757402177016,-0.0862622356667458,-0.482078284323999,0.149615632761403,Accept,"Z2, Z4",1.48231094293862,-0.0862622356667458,-0.313036742650786,0.123404501757871,Accept,1.49497780353112,Accept,Accept,Accept,Accept,0.796925032697926
0.779770823482804,0.943377579266764,0.200078969622254,-0.228205083788842,0.371192733896229,Accept,"Z2, Z4",1.61372854615813,0.200078969622254,-0.0383835730287187,0.433944993699042,Accept,1.19452693723947,Accept,Accept,Accept,Accept,1.01250290149198
0.555101393182631,0.966337244512531,0.165593478124036,-0.0759728117159607,0.554458387204411,Accept,"Z1, Z2, Z4",1.51220743326013,0.165593478124036,-0.12887684713122,0.463597381036187,Accept,1.60005841517039,Accept,Accept,Accept,Accept,0.789027400384294
1.12852295666485,0.973971220488379,0.0122980555217317,-0.245009258528916,0.171652901819395,Accept,"Z1, Z2, Z4",1.71337803160155,0.0122980555217317,-0.209549296218949,0.235630694021156,Accept,1.29052675604904,Accept,Accept,Accept,Accept,1.10775837364304
0.902940503636966,1.05416005069329,-0.0606283517407429,-0.327238680451991,0.12201505417308,Accept,"Z1, Z2, Z4",1.32607446690526,-0.0606283517407429,-0.268328843725333,0.144726981552633,Accept,1.1819676021235,Reject,Accept,Accept,Accept,1.60892961623871
0.46570416000282,0.958146740609312,0.308345008871699,-0.117133956996241,0.519911121261059,Accept,"Z1, Z2, Z4",1.64952056833685,0.308345008871699,0.0632512053399018,0.565695437819527,Reject,1.43333440061462,Reject,Accept,Accept,Accept,1.08651476308959
1.31450793065421,1.18435088502082,-0.278025144858001,-0.632574827261456,0.132675778430123,Accept,"Z1, Z2, Z4",1.57428774597515,-0.278025144858001,-0.605268294198196,0.0641814005878711,Accept,1.37903776191502,Accept,Accept,Accept,Accept,0.589543505044799
1.12585584653177,0.812747740083081,0.289092269525195,-0.170863766355919,0.431699395056409,Accept,"Z1, Z2, Z4",2.01329053083601,0.289092269525195,0.0241145844258458,0.561452037917062,Reject,1.64908706037663,Reject,Accept,Accept,Accept,0.873480733008175
1.00152227812854,0.952491329332322,-0.0618747745124422,-0.251165275859883,0.249215551370908,Accept,"Z1, Z2, Z4",1.40181618225479,-0.0618747745124422,-0.303872291361856,0.188545235148323,Accept,1.24936687567855,Accept,Accept,Accept,Accept,0.398921810127219
0.648576539970048,1.0608846977735,-0.120308159328366,-0.27121371755414,0.258730104302657,Accept,"Z1, Z2, Z4",1.17460441268177,-0.120308159328366,-0.325256985360633,0.101295431757721,Accept,1.30073561054184,Accept,Accept,Accept,Accept,0.470983015471865
1.07358932786385,0.984221819412072,0.00304063649825092,-0.279278755168266,0.168927187522789,Accept,"Z2, Z4",1.6985857951274,0.00304063649825092,-0.180173056687554,0.181348261035168,Accept,1.34990460038282,Accept,Accept,Accept,Accept,1.08763700966756
0.860276297960248,1.08412153811742,0.299557761884284,-0.16761697472139,0.371213545866208,Accept,"Z1, Z2, Z4",1.11899460088546,0.299557761884284,0.0774132725578617,0.5441806471737,Reject,1.31771856367093,Accept,Accept,Accept,Accept,0.668244663289531
1.13087002767652,1.10022047730566,0.028643298967192,-0.250290955922423,0.219923378928068,Accept,"Z2, Z4",1.46355579977517,0.028643298967192,-0.17342310612658,0.229826445570025,Accept,1.20317984416084,Accept,Accept,Accept,Accept,1.11257240598149
1.37779800427037,1.04797721619589,-0.0151394004642661,-0.333352515956404,0.196400070941672,Accept,"Z1, Z2, Z4",1.3787038279374,-0.0151394004642661,-0.264237884915876,0.239617122972601,Accept,1.19782854859939,Accept,Accept,Accept,Accept,1.22233087831598
0.636982143546634,0.883850009761308,0.163903111602792,-0.110182939321843,0.466690182219503,Accept,"Z2, Z4",2.27412245371422,0.163903111602792,-0.0338696194182362,0.356036558321563,Accept,1.75547981786965,Accept,Accept,Accept,Accept,0.72399891987677
1.33032213961894,1.02471381881225,-0.0432505765710905,-0.274457871455133,0.182540964565135,Accept,"Z1, Z2, Z4",1.37535735076185,-0.0432505765710905,-0.280432752445183,0.195014897293607,Accept,1.67444686926455,Accept,Accept,Accept,Accept,0.514792836807033
1.45676572731136,1.04025408505801,-0.114894694285926,-0.328313496770484,0.20057235860614,Accept,"Z1, Z2, Z4",1.35822440369887,-0.114894694285926,-0.395911555673829,0.15963362775862,Accept,1.65279372814663,Accept,Accept,Accept,Accept,0.652139623353834
0.879686392321346,1.22821726187999,-0.145195853103918,-0.527819516900998,0.235163178217286,Accept,"Z1, Z4, X1",1.27393550046495,-0.145195853103918,-0.455626720169385,0.192194506612265,Accept,1.01571891936281,Reject,Accept,Accept,Accept,0.359081780588349
0.841095435261398,1.10967005418781,-0.0873701078085505,-0.48054268221019,0.531241914434331,Accept,"Z2, Z4",1.47031967677624,-0.0873701078085505,-0.410335949483559,0.249698525865388,Accept,1.16141358320646,Accept,Accept,Accept,Accept,0.90489374655951
0.988642825255733,0.899613550242302,0.112886190979499,-0.107321928150844,0.429881425878966,Accept,"Z2, Z4",1.48623535581335,0.112886190979499,-0.110017150767884,0.337010485081653,Accept,1.30695033991598,Accept,Reject,Accept,Accept,0.873334617156024
0.8457396114207,0.959884516070226,0.123921016235556,-0.104276257150631,0.414219731575219,Accept,"Z1, Z2, Z4",1.56858919047825,0.123921016235556,-0.137525404010027,0.393889617239734,Accept,1.5216670239221,Reject,Accept,Accept,Accept,1.10326553846319
1.16848782842635,1.04363232586862,-0.153669301924802,-0.378621121467423,0.161520871173456,Accept,"Z2, Z4",1.44860103375585,-0.153669301924802,-0.36511296117634,0.0705891343516078,Accept,1.32344577885767,Accept,Accept,Accept,Accept,1.10648550240058
0.708489308081094,0.909802579537986,0.0832031056675396,-0.0942799309282999,0.438384429506347,Accept,"Z2, Z4",1.37224194950464,0.0832031056675396,-0.130080580516889,0.27528574066524,Accept,1.29172214953329,Accept,Accept,Accept,Accept,0.404837644120979
1.14128560908126,1.11302336848028,-0.387772592373939,-0.546920307007571,0.158938657947095,Accept,"Z2, Z4",1.46274503306526,-0.387772592373939,-0.65843586189708,-0.122067652084915,Reject,1.2749703552899,Accept,Accept,Accept,Accept,0.905016931788841
1.04750024635958,1.10413564468273,0.111124607609783,-0.518444189105112,0.108933325796865,Accept,"Z1, Z4, X2",1.50838492230231,0.111124607609783,-0.168379983424597,0.396732695839693,Accept,1.34045183520206,Reject,Accept,Accept,Accept,0.422558201352063
0.483421674452997,0.772916801844581,0.129517352436614,-0.0123078918777615,0.649215468113784,Accept,"Z2, Z4",1.67345605094027,0.129517352436614,-0.11608660500076,0.367789433385247,Accept,1.37491956900002,Reject,Accept,Accept,Accept,0.675915145468227
1.36290270384918,1.12339640191172,-0.0216206503443816,-0.431722879092926,0.123061284757908,Accept,"Z1, Z2, Z4",1.43021855530626,-0.0216206503443816,-0.287942964059504,0.241405613021989,Accept,1.369626693278,Accept,Accept,Accept,Accept,1.10874331928786
1.14750876440137,1.11182354840279,-0.220880302738726,-0.57311772786143,0.0604765907109836,Accept,"Z2, Z4",1.76960134049866,-0.220880302738726,-0.475095493352209,0.0373729426573647,Accept,1.51387687036363,Accept,Accept,Accept,Accept,0.812698163091987
0.956453699553312,1.1061249019762,-0.00325428862519656,-0.535784504377445,0.283422700080769,Accept,"Z2, Z4",1.35806396679311,-0.00325428862519656,-0.291524523785824,0.306756899613164,Accept,1.25545926226952,Reject,Accept,Accept,Accept,0.684683639252547
1.14642456237965,1.05075393813718,-0.12539498625863,-0.352757554263726,0.0357226343232105,Accept,"Z1, Z2, Z4",1.23786950806505,-0.12539498625863,-0.316080522964015,0.0619553239882677,Accept,1.22916998379564,Reject,Accept,Accept,Accept,0.889316747771972
1.10642585585893,0.923960314235479,-0.0529675960296772,-0.536722419984909,0.324565113296245,Accept,"Z2, Z4",1.78030268970746,-0.0529675960296772,-0.42459305036448,0.306980733084653,Accept,1.50951567832331,Accept,Accept,Accept,Accept,1.1764670610271
0.95613822960735,1.04023334650713,-0.187939771396282,-0.353129626676239,0.166240694657516,Accept,"Z1, Z2, Z4",1.30325952577953,-0.187939771396282,-0.449149333037829,0.0885800338653142,Accept,1.07340548181281,Accept,Accept,Accept,Accept,0.78604370647596
1.07447951279513,0.936642430352737,-0.153520090187769,-0.314815908686972,0.311537495124272,Accept,"Z2, Z4",2.12415537210138,-0.153520090187769,-0.388748214803109,0.0852396934610556,Accept,1.72360877196754,Accept,Accept,Accept,Accept,0.889297386211409
1.2836399008079,1.03063989987374,-0.138662801390227,-0.418678189891192,0.23453548009205,Accept,"Z2, Z4",1.19846320944541,-0.138662801390227,-0.386956281422843,0.106142343599615,Accept,1.01035644410474,Accept,Accept,Accept,Accept,1.22650724967927
0.956374399502249,1.02721101867435,0.0231488056459224,-0.412641831944493,0.18046117259368,Accept,"Z1, Z2, Z4",1.7212839197751,0.0231488056459224,-0.240919782246272,0.298328125707379,Accept,1.51459108891807,Accept,Accept,Accept,Accept,1.02537674109055
1.08393816158128,1.04453166254717,-0.122730671433949,-0.392969510755597,0.027378828220272,Accept,"Z1, Z2, Z4",1.22315734840281,-0.122730671433949,-0.320300878932998,0.0773238109049348,Accept,1.15087883207831,Reject,Accept,Accept,Accept,1.52147772796633
0.83675344391124,0.983136019785836,0.044835623366539,-0.284809812534652,0.273229903682038,Accept,"Z2, Z4",1.07784951735922,0.044835623366539,-0.143516888947335,0.230740824171136,Accept,1.06374471306843,Accept,Accept,Accept,Accept,0.448647264560434
0.759972489289509,0.829077292056917,0.241396668509261,0.0571466425750455,0.49748100622944,Reject,"Z1, Z2, Z4",1.54092186877873,0.241396668509261,0.0290521194801021,0.471312476804145,Reject,1.43822280774392,Reject,Accept,Accept,Accept,1.26767194844899
0.962392982615509,0.995011007434537,0.0294694277396924,-0.216222049034847,0.369867437681645,Accept,"Z1, Z2, Z4",1.75601292535922,0.0294694277396924,-0.244375125931968,0.329669975509191,Accept,1.49638606504504,Accept,Accept,Accept,Accept,0.993948391574434
0.627058375748908,0.781477686737065,0.207093667333357,-0.00380011328017427,0.515553390216812,Accept,"Z1, Z2, Z4",1.32601197647576,0.207093667333357,-0.0380579569957687,0.449569239251562,Accept,1.27845940393913,Accept,Accept,Accept,Reject,1.35957930740865
0.890152650272555,0.927252953392792,0.0246493426552517,-0.194722668192896,0.206698932549632,Accept,"Z1, Z2, Z4",0.918604487056658,0.0246493426552517,-0.14776249109385,0.222654210136752,Accept,0.886352820846982,Accept,Accept,Accept,Accept,0.880502048862272
0.676194773778614,0.869324691175816,0.156904342585973,-0.170447308128685,0.345887026949417,Accept,"Z2, Z4",1.2867078820725,0.156904342585973,-0.0363767624763216,0.348277566849586,Accept,0.912741313172942,Accept,Accept,Accept,Reject,1.48503865432629
0.834999672047364,0.956865299117924,0.0506785944525362,-0.26488458744911,0.27038871078681,Accept,"Z1, Z2, Z4",1.30156667941286,0.0506785944525362,-0.172749997869692,0.299187215556733,Accept,1.30785950742424,Accept,Accept,Accept,Accept,0.726311719753233
0.915044749384537,1.08103391680792,-0.0175853014532672,-0.32419836499567,0.169094823555642,Accept,"Z1, Z2, Z4",1.56092714190253,-0.0175853014532672,-0.233072918937095,0.204278282862683,Accept,1.35204989987711,Accept,Accept,Accept,Accept,0.991188597779388
1.02488588595636,0.95967161243342,-0.0775450057335599,-0.198409405980631,0.223775090236393,Accept,"Z1, Z2, Z4",1.53436370455218,-0.0775450057335599,-0.264133934891227,0.10165750986615,Accept,1.39668675924228,Accept,Accept,Accept,Accept,0.382858195868966
0.766507592929283,0.949008130450095,0.143405374930172,-0.0500460898441821,0.466805675663556,Accept,"Z2, Z4",1.01182042894451,0.143405374930172,-0.0514988817460956,0.337843582267831,Accept,1.21279203451156,Accept,Accept,Accept,Accept,0.413598247587394
0.88392288028692,1.02827143760497,-0.00349820578534255,-0.275263911640177,0.235660819983006,Accept,"Z1, Z2, Z4",2.04769829901913,-0.00349820578534255,-0.233599320000771,0.226283683688028,Accept,1.7115407728847,Accept,Accept,Accept,Accept,0.733828489648769
0.975207999303957,0.921239088902445,0.0482834941258084,-0.248861095024973,0.301200425894827,Accept,"Z1, Z2, Z4",1.41198725390721,0.0482834941258084,-0.189211878247299,0.289098628153355,Accept,1.44844921821119,Accept,Accept,Accept,Accept,0.794794624661613
0.816167448725359,0.91504285233797,0.0787068004348408,-0.247497290126128,0.378029226783797,Accept,"Z2, Z4",1.88809982286943,0.0787068004348408,-0.177342286530711,0.322286100882509,Accept,1.42224974186315,Accept,Accept,Accept,Accept,0.786832801021064
0.793525754778322,1.02797195370692,0.171796594066717,-0.15133251162927,0.43444916482803,Accept,"Z1, Z2, Z4",1.69710545180767,0.171796594066717,-0.0839848255196271,0.437873016723303,Accept,1.39713203114296,Accept,Accept,Accept,Accept,0.914532324436786
0.668603994197692,0.983380850254518,0.0299870747824193,-0.235291770154879,0.30545855924685,Accept,"Z2, Z4",1.19740080378055,0.0299870747824193,-0.187816467430387,0.240609859075596,Accept,1.2091340038953,Accept,Accept,Accept,Accept,1.03409116661275
0.709223246025827,0.86343043144131,0.144649750546062,-0.0601085875322415,0.274370505028201,Accept,"Z1, Z2, Z4",1.31225680681753,0.144649750546062,-0.00495297138931491,0.295641921410339,Accept,1.18498403213175,Accept,Accept,Accept,Accept,0.780082829904696
1.15344028564016,0.971802275834384,-0.040278883704947,-0.29717642476743,0.207554815075493,Accept,"Z1, Z2, Z4",1.65440439035816,-0.040278883704947,-0.281312453409096,0.209540667649576,Accept,1.30864256077482,Accept,Accept,Accept,Accept,1.28277290395121
1.01598578666425,0.976987137071031,0.0244816261823095,-0.317018208739147,0.129582426197441,Accept,"Z1, Z2, Z4",1.6349761883494,0.0244816261823095,-0.183135493934108,0.224575100045664,Accept,1.30522757128125,Accept,Accept,Accept,Accept,1.15068892024455
0.462679031666565,0.827165490904359,0.140444163531489,-0.0518230371251973,0.809172176028643,Accept,"Z2, Z4",1.82795480121873,0.140444163531489,-0.192076363260309,0.480724613562014,Accept,1.768511269836,Accept,Accept,Accept,Accept,0.493291137213491
0.809342081917802,0.993620527841566,0.10616527772995,-0.132461224583471,0.302150871537842,Accept,"Z1, Z2, Z4",1.4149921924162,0.10616527772995,-0.10731259853054,0.332153861692219,Accept,1.2894142890841,Accept,Accept,Accept,Accept,1.1208886174137
0.972828707486283,0.980435362579322,0.0820612276326788,-0.279603997837841,0.184564156789982,Accept,"Z1, Z2, Z4",1.24456668250023,0.0820612276326788,-0.139649595075217,0.286571543324929,Accept,1.27336622544924,Accept,Accept,Accept,Accept,0.611458319360524
1.12681665020539,0.931873898955142,-0.0561883221432636,-0.299030211904698,0.214586178430776,Accept,"Z1, Z2, Z4",2.01447009422762,-0.0561883221432636,-0.284175598658344,0.185376274463029,Accept,1.46248667958539,Accept,Accept,Accept,Accept,0.681371432146318
0.653459443912975,0.880948964587063,0.125313772166232,-0.232614170806837,0.558523772688583,Accept,"Z2, Z4",1.33465278678997,0.125313772166232,-0.165502774777257,0.435188790698544,Accept,1.64427839656567,Accept,Accept,Accept,Accept,1.02311537950239
0.901735671082821,1.07113078541287,0.0653273426330325,-0.453207089035672,0.1159033041999,Accept,"Z2, Z4",1.62786989798316,0.0653273426330325,-0.127577898998256,0.271240883799915,Accept,1.03951059330599,Accept,Accept,Accept,Accept,1.22757541501338
1.19212893672361,1.20350919387442,-0.134125113908583,-0.467267093109383,0.144367995090192,Accept,"Z1, Z2, Z4",1.40426443972121,-0.134125113908583,-0.404897409336585,0.146374204752017,Accept,1.24991155910649,Reject,Accept,Accept,Accept,1.08737470708044
1.20021113336775,1.1508109849648,-0.0906825855522151,-0.521314910809537,0.208385855873497,Accept,"Z2, Z4",1.85375971335448,-0.0906825855522151,-0.4003363704684,0.214264099214161,Accept,1.76184650930246,Accept,Accept,Accept,Accept,0.963553793559907
1.27602298631684,1.02284242053043,-0.0110999663276539,-0.529691969667473,0.144169713746033,Accept,"Z2, Z4",1.74971630605149,-0.0110999663276539,-0.249411097757931,0.214140368737328,Accept,1.21583002223711,Accept,Accept,Accept,Accept,1.03256756118144
0.730114592107593,1.01891763209052,-0.00626681155644659,-0.293831919301724,0.285591233024236,Accept,"Z2, Z4",1.69713290010447,-0.00626681155644659,-0.226613864998054,0.236834073711013,Accept,1.25458432589881,Accept,Accept,Accept,Reject,1.35106188649149
1.35141516961537,1.25907876025665,-0.055813544586109,-0.597930432475589,0.287594450907281,Accept,"Z2, Z4",1.87248559935389,-0.055813544586109,-0.360877689399521,0.222578984393316,Accept,1.68358907985059,Accept,Accept,Accept,Accept,0.904157631725176
1.15837938335275,1.03783218815203,-0.104435832937745,-0.36417319095984,0.135351176046615,Accept,"Z1, Z2, Z4",1.955836652815,-0.104435832937745,-0.347303682309202,0.159270931370326,Accept,1.61381609071302,Accept,Accept,Accept,Accept,1.29103811298639
0.803041311464739,0.919376624565606,0.122432160265217,-0.177171990490745,0.371181302566048,Accept,"Z2, Z4",1.77721006248976,0.122432160265217,-0.0801164454023072,0.334209927706702,Accept,1.79402846146443,Accept,Accept,Accept,Reject,1.91726056545883
1.0124152164356,0.988633605185825,0.0228237623327366,-0.602479616121904,0.22170176459647,Accept,"Z4, X1",1.81749281598936,0.0228237623327366,-0.249508216519059,0.311530528053392,Accept,1.26921952826786,Reject,Accept,Accept,Accept,1.16255667748437
0.69680855603826,1.01987244959409,-0.00943190762952881,-0.240443222088106,0.418130103738317,Accept,"Z1, Z2, Z4",1.16849626982348,-0.00943190762952881,-0.313414728060624,0.309300967169547,Accept,1.23777438011463,Accept,Accept,Accept,Accept,0.246087844163482
0.550050584778234,0.925220367634794,0.0539765975823513,-0.115663712010946,0.3591362092396,Accept,"Z1, Z2, Z4",1.32365111239191,0.0539765975823513,-0.16712501982997,0.271875032387894,Accept,1.04422185962001,Reject,Accept,Accept,Accept,0.595872627130448
0.98386653202516,0.9277698438815,0.0853491078224445,-0.13889895390702,0.236947677629432,Accept,"Z1, Z2, Z4",1.30037155938608,0.0853491078224445,-0.0694310021530043,0.24335808497446,Accept,1.39979629124573,Accept,Accept,Accept,Accept,0.916654799467934
0.652775367574802,0.926172226554921,0.016908627789476,-0.140070209309817,0.3395696681825,Accept,"Z2, Z4",1.40989806790785,0.016908627789476,-0.172400215330536,0.192792173816705,Accept,1.01052355702688,Accept,Accept,Accept,Accept,1.00185817408752
0.463098440472332,0.916785262394764,-0.014939190350683,-0.130568759249138,0.38044934714092,Accept,"Z1, Z2, Z4",1.13471338920373,-0.014939190350683,-0.255493773549674,0.21563458558201,Accept,0.92578982584297,Accept,Accept,Accept,Accept,1.0137455745979
1.58842402691471,1.12061520859533,-0.191865771263502,-0.629684555402642,0.154510209645722,Accept,"Z2, Z4",2.4476098257999,-0.191865771263502,-0.447470415786088,0.0813934408230548,Accept,1.75219687654591,Accept,Accept,Accept,Reject,1.39868485693967
1.22556757237558,0.954675496005901,-0.00732075524205954,-0.383180735761253,0.248501979918679,Accept,"Z2, Z4",1.71986627037599,-0.00732075524205954,-0.262441917622049,0.261798534259887,Accept,1.39968773785732,Accept,Accept,Accept,Accept,0.545770763734485
0.794177941308283,0.813967039208009,0.114148805069612,-0.083876575063847,0.389511061196312,Accept,"Z1, Z2, Z4",1.15407083335102,0.114148805069612,-0.148956574376479,0.358398719061361,Accept,1.09011868435541,Accept,Accept,Accept,Accept,0.83274272168085
0.572014089072542,1.00342164760924,-0.128029785843136,-0.279529750525877,0.259125224962343,Accept,"Z1, Z2, Z4",1.35078881514946,-0.128029785843136,-0.354019685135605,0.110447266334443,Accept,1.39372171999243,Accept,Accept,Accept,Accept,1.14932376347194
1.06232237208479,1.08741395038378,-0.098232466496549,-0.348242303683871,0.147030053655637,Accept,"Z1, Z2, Z4",0.88316465533875,-0.098232466496549,-0.335980860492868,0.141476103448343,Accept,1.27938490303525,Accept,Accept,Accept,Accept,0.823165274331061
0.839678697743421,1.09922180197604,0.0949509055981316,-0.401816789078503,0.418827134053841,Accept,"Z2, Z4",1.37804868186727,0.0949509055981316,-0.199511853584507,0.390324886023434,Accept,1.1423019751221,Accept,Accept,Accept,Accept,0.719322158038341
1.04657493487056,1.04160979715328,0.0053425712056049,-0.276380775372841,0.215441871336577,Accept,"Z1, Z2, Z4",1.65821690566236,0.0053425712056049,-0.234136957588176,0.230111348486439,Accept,1.42557338103018,Accept,Accept,Accept,Accept,1.40164811600839
0.806421755281888,0.860277727954912,0.107374110784874,-0.224660011502198,0.580029839780102,Accept,"Z2, Z4",1.47747472556918,0.107374110784874,-0.221960879188689,0.432086346918736,Accept,1.15343382254907,Accept,Accept,Accept,Reject,1.35267930778983
0.713333901176935,0.948979917806183,0.119118635536245,-0.184361013883364,0.308883345538409,Accept,"Z1, Z2, Z4",1.2120284617641,0.119118635536245,-0.104427612315387,0.370644885338343,Accept,1.37689957404184,Accept,Accept,Accept,Accept,0.697948991321699
1.06584126889128,0.928685729404653,-0.00322598164311221,-0.220125693037431,0.337380383824012,Accept,"Z2, Z4",1.41335430732981,-0.00322598164311221,-0.270114708864278,0.258273167763176,Accept,1.51204318202728,Accept,Accept,Accept,Accept,0.562176013736958
1.39958053795509,1.16225958777615,-0.121407329719188,-0.639817872842008,0.0223033354518797,Accept,"Z2, Z4",1.29586366914826,-0.121407329719188,-0.39147430059454,0.149139725960774,Accept,1.11729628298469,Accept,Accept,Accept,Accept,0.488115414222834
0.995922941825412,1.04554909984436,-0.103578447240696,-0.373946293905988,0.0952120863185689,Accept,"Z1, Z2, Z4",1.40592507727149,-0.103578447240696,-0.313007284854455,0.114377323869612,Accept,1.20581273634358,Accept,Accept,Accept,Accept,1.35360938741616
0.73027873167001,1.00682116184066,-0.0453626847568087,-0.2574192929745,0.241466543569635,Accept,"Z2, Z4",1.86185825532427,-0.0453626847568087,-0.233755890491979,0.128508205739311,Accept,1.62307782334193,Reject,Accept,Accept,Accept,0.515643949820693
0.991667642126357,1.01760024718219,0.0326375791898117,-0.314074346041157,0.36411689714496,Accept,"Z1, Z2, Z4",1.53618465597025,0.0326375791898117,-0.281313110875703,0.35674815454364,Accept,1.48032465302399,Accept,Accept,Accept,Accept,1.19750368241374
0.889097049361322,0.968038695283299,-0.00865845749446033,-0.256764045261258,0.574893757618284,Accept,"Z2, Z4",1.40575046115779,-0.00865845749446033,-0.412190153246268,0.406669676909842,Accept,1.21712041286434,Accept,Accept,Accept,Accept,0.413796720646776
0.933027634373167,1.11046248000856,-0.173361446846304,-0.546987439610148,0.161414981365012,Accept,"Z2, Z4",2.42267483362005,-0.173361446846304,-0.434276160181718,0.0977762448474402,Accept,1.79816915428937,Accept,Accept,Accept,Accept,0.26448805878007
1.10185587184306,1.07525112328606,0.110367605739958,-0.457197402266814,0.199642389994904,Accept,"Z2, Z4",1.25879796323066,0.110367605739958,-0.114621862246484,0.359500124232757,Accept,1.17199470787725,Accept,Accept,Accept,Accept,0.738121331128771
1.04187188394861,0.976110997432768,-0.0563622889316568,-0.205802713297624,0.338629884941736,Accept,"Z1, Z2, Z4",1.43687275163086,-0.0563622889316568,-0.302463557782613,0.194017056703302,Accept,1.43625490291101,Accept,Accept,Accept,Accept,1.15948035914661
0.978883952644802,1.07139594550502,0.000795371662878069,-0.363483250168382,0.201099560336674,Accept,"Z1, Z2, Z4",1.41484039101923,0.000795371662878069,-0.254144880112365,0.255892229681055,Accept,1.40101442305477,Accept,Accept,Accept,Accept,0.785269259718147
0.836934962307381,1.00435490918837,0.0706980329474429,-0.384794627672882,0.492737866576909,Accept,"Z2, Z4",2.08088689766971,0.0706980329474429,-0.198934271844241,0.345362135518846,Accept,1.54429788245395,Accept,Accept,Accept,Accept,1.3369199235032
0.76872179434479,0.954186774637907,0.0617446721431665,-0.0718216301571372,0.334477972940388,Accept,"Z1, Z2, Z4",1.22437321067928,0.0617446721431665,-0.138284098895643,0.250808121987415,Accept,1.23371134156031,Accept,Accept,Accept,Accept,0.414111597359214
1.02780273671287,1.04802991041882,-0.0678281073980161,-0.280524291452052,0.133411102433541,Accept,"Z1, Z2, Z4",1.04929353983294,-0.0678281073980161,-0.26573870966922,0.115346094529846,Accept,1.26727841520528,Accept,Reject,Accept,Accept,0.53570572903301
0.64478521654429,0.951479749541931,-0.107512484177193,-0.311707191734771,0.279049753482252,Accept,"Z1, Z2, Z4",1.6482983849992,-0.107512484177193,-0.373019516063845,0.152022811613031,Accept,1.4900260573163,Accept,Accept,Accept,Accept,0.267602666703506
1.27378778181902,1.20488080000772,-0.284977891649267,-0.63596218036115,0.132100646626965,Accept,"Z2, Z4",2.29569173180279,-0.284977891649267,-0.541197623188373,-0.0120212803042881,Reject,1.69447431643692,Accept,Accept,Accept,Accept,1.52428219759833
1.1555664218983,0.957648920859488,-0.0275066971480483,-0.226745332565895,0.26357508263335,Accept,"Z1, Z2, Z4",1.3900598819082,-0.0275066971480483,-0.272224917828685,0.211774650848354,Accept,1.32677668285065,Accept,Accept,Accept,Accept,0.809006033020788
0.906824677303518,0.992257886754414,-0.155701173094099,-0.374941975557315,0.369966020168482,Accept,"Z2, Z4",1.80689679907388,-0.155701173094099,-0.416212633217488,0.0833978273857301,Accept,1.72508748422572,Accept,Reject,Accept,Accept,1.1302417603117
0.333097853842477,0.950118517644345,0.106623331867885,-0.171393550820743,0.265042044538441,Accept,"Z2, Z4, X10",1.24570646597355,0.106623331867885,-0.0790061728140216,0.308536397155949,Accept,1.24597271642878,Accept,Accept,Accept,Reject,1.58369213043101
1.24855180128181,1.20253461582667,-0.0863177458410019,-0.856837538759055,0.127717072737995,Accept,"Z2, Z4",1.67493319119033,-0.0863177458410019,-0.477642262934559,0.284240752800132,Accept,1.43938520137268,Accept,Accept,Accept,Accept,0.860801659779142
0.879044444127174,1.16472540545261,-0.0375256955787202,-0.455855324221172,0.401495050456662,Accept,"Z2, Z4",1.03045945190856,-0.0375256955787202,-0.294892911314633,0.229151927909468,Accept,0.982068764298495,Accept,Accept,Accept,Accept,0.0552808454850525
1.35528029326982,1.04826512994035,-0.174600108438429,-0.426978673227317,0.0738165408921171,Accept,"Z1, Z2, Z4",1.4787260731603,-0.174600108438429,-0.440885165788352,0.0664044450992158,Accept,1.33360127805055,Accept,Accept,Accept,Accept,0.78656913907777
0.636459321308786,0.936090889998163,0.0645631932701273,-0.175030912267627,0.530144548630225,Accept,"Z2, Z4",1.20248133977353,0.0645631932701273,-0.198457288401609,0.323177577504176,Accept,1.05833831734137,Accept,Accept,Accept,Accept,1.69283725059628
1.10575557334434,0.952045205842642,0.0261716483050809,-0.170220668922783,0.325237990176336,Accept,"Z1, Z2, Z4",1.50360834480896,0.0261716483050809,-0.222234351439556,0.285946722619549,Accept,1.58858013694134,Reject,Accept,Accept,Accept,0.986170662511346
1.44231461205268,1.22869739203369,-0.18640977130804,-0.557543972028865,-0.0243489355576487,Reject,"Z1, Z2, Z4",1.58300118687985,-0.18640977130804,-0.462598790583531,0.0938318527625962,Accept,1.36963616807086,Accept,Accept,Accept,Accept,0.890381285390977
1.02647489550379,1.1553647284623,-0.113068750172521,-0.603663741478178,0.0543747024519982,Accept,Z4,1.68461160482416,-0.113068750172521,-0.307455920051663,0.0711611574359517,Accept,1.39860771686432,Accept,Accept,Accept,Accept,1.64149220275624
0.965249634619813,1.03684501637897,-0.131696208339464,-0.555411107078728,0.210979441001711,Accept,"Z2, Z4",1.87906738771911,-0.131696208339464,-0.355596178791887,0.126547888542726,Accept,1.44174214481521,Accept,Accept,Accept,Accept,0.861175492184264
0.961706247911789,0.882771420055441,0.0235657270408252,-0.0842698657518612,0.364095114888204,Accept,"Z1, Z2, Z4",1.89388401303958,0.0235657270408252,-0.197155544333167,0.234890766179053,Accept,1.5859305371517,Reject,Accept,Accept,Accept,0.42828947759193
1.42682502828296,1.13366369909994,-0.197177277565853,-0.498662408289158,0.132427223758076,Accept,"Z2, Z4",1.97753179914917,-0.197177277565853,-0.474983072354487,0.0998792002275286,Accept,1.46809936199163,Accept,Accept,Accept,Accept,0.996602659646434
1.0281532316102,0.989383807933677,0.0474672050976499,-0.276219674671248,0.197184696703814,Accept,"Z1, Z2, Z4",1.17915718236837,0.0474672050976499,-0.146060186947422,0.242809456234922,Accept,1.32078122532665,Accept,Accept,Accept,Accept,0.553639656801549
1.16848799439444,0.993790284591675,-0.219423336626078,-0.428864674122771,0.0333287180331652,Accept,"Z1, Z2, Z4",1.47124778344928,-0.219423336626078,-0.457564206409544,0.0267939443529601,Accept,1.49331279030483,Accept,Accept,Accept,Accept,1.4381497176926
0.958532041656132,0.976750837284252,-0.0808049025559225,-0.3289211334686,0.123093474737145,Accept,"Z1, Z2, Z4",1.86956925276509,-0.0808049025559225,-0.290156480693625,0.113486342183997,Accept,1.4122619649837,Accept,Accept,Accept,Accept,0.427541811569668
0.694245353083816,1.04196486184756,-0.0802221023267859,-0.310622026434992,0.145955385757594,Accept,"Z1, Z2, Z4",1.24639873162143,-0.0802221023267859,-0.305358372189434,0.152928093666642,Accept,1.24463229391692,Accept,Accept,Accept,Accept,1.13176911812358
0.430327354662854,0.855309077140825,0.224398017903323,-0.0886557093163337,0.596639772020636,Accept,"Z2, Z4",1.75699108031097,0.224398017903323,-0.0109632599457317,0.451488355577268,Accept,1.34742954948978,Accept,Accept,Accept,Accept,0.85672249743863
0.888832754625864,0.988882548809739,0.0780302663149343,-0.31354404296416,0.215558905225708,Accept,"Z1, Z2, Z4",1.57891379550146,0.0780302663149343,-0.173880220698876,0.328358500745067,Accept,1.39233052008324,Accept,Accept,Accept,Accept,0.496599965203281
0.877854619356528,0.936591820966025,0.0610395675801316,-0.180928166129445,0.306059371412115,Accept,"Z1, Z2, Z4",1.21613002048633,0.0610395675801316,-0.168270703876774,0.301675520710085,Accept,1.23547195431169,Accept,Accept,Accept,Reject,1.52731190694366
0.938591064285859,0.848638100524147,0.174461560518288,-0.150677142222265,0.411318671040577,Accept,"Z2, Z4",1.42101379941706,0.174461560518288,-0.0372364842090536,0.378562085035965,Accept,1.17450234943969,Accept,Accept,Accept,Accept,0.61124034829534
1.42966371096109,1.11597450464894,-0.0747832716772992,-0.611283129640246,0.180461785141037,Accept,"Z2, Z4",1.59093616945171,-0.0747832716772992,-0.405122055709276,0.27424672507479,Accept,1.46304832463539,Accept,Accept,Accept,Accept,0.0933485463573768
1.04801034004438,0.899462442989494,0.020108719934981,-0.176914130921616,0.197816387019108,Accept,"Z1, Z2, Z4",1.30188678831293,0.020108719934981,-0.173301581238975,0.215609978692524,Accept,1.28388144289627,Accept,Accept,Accept,Accept,0.511113847406255
1.11306073253414,0.989361549832025,-0.0949155621281789,-0.360342523161488,0.175813313851399,Accept,"Z1, Z2, Z4",1.9707378734628,-0.0949155621281789,-0.322835010347552,0.127468497463446,Accept,1.49871989800515,Reject,Accept,Accept,Accept,0.944865846368453
0.788940871983837,0.924949150064278,0.0997577018997631,-0.240429972990074,0.41448297590902,Accept,"Z1, Z2, Z4",1.16206715861247,0.0997577018997631,-0.167652556191532,0.378420982384679,Accept,1.1672625246581,Accept,Accept,Accept,Accept,0.531251576880116
0.632779847076688,1.00081703560815,0.205043289549968,-0.188849322394513,0.493762456443423,Accept,"Z1, Z2, Z4",1.56136027646667,0.205043289549968,-0.086106755636475,0.513974163149261,Accept,1.42991559847087,Accept,Accept,Accept,Accept,0.689221946482809
1.23606689752359,1.17635404945794,0.0231445793118028,-0.564000711568755,0.20737531579568,Accept,"Z2, Z4",1.98494949015271,0.0231445793118028,-0.265679726116814,0.331869117391133,Accept,1.38947039937053,Reject,Accept,Accept,Accept,0.27222578433597
0.805385226454489,0.971739105507013,0.0555199108824504,-0.270575182215434,0.293665465022955,Accept,"Z2, Z4",1.62894581277989,0.0555199108824504,-0.184245579994248,0.300279457378421,Accept,1.48269715306285,Accept,Accept,Accept,Accept,0.386971958915043
1.00629071918694,1.24529138416173,0.194178145069214,-0.600289222212757,0.348044275097702,Accept,"Z2, Z4",1.55227538347259,0.194178145069214,-0.165415485527192,0.543458656010369,Accept,1.4203840927667,Accept,Accept,Accept,Accept,0.225407727785142
0.638698584095584,0.936484649400167,0.0986110001030612,-0.117790007117426,0.285275262158109,Accept,"Z1, Z2, Z4",1.16946440341952,0.0986110001030612,-0.0765379024303776,0.299898260396139,Accept,1.14190544078122,Reject,Accept,Accept,Accept,0.769173041384207
1.03371825395112,0.982060823565504,-0.152721645311351,-0.417769127438584,0.221429472296757,Accept,"Z1, Z2, Z4",1.75193422685309,-0.152721645311351,-0.420092572244493,0.126090232044982,Accept,1.24629006185036,Accept,Accept,Accept,Accept,1.22585879423058
1.19310550725746,1.13103650426678,-0.0801258869634001,-0.342659515737941,0.257864488385339,Accept,"Z1, Z2, Z4",1.26491618780095,-0.0801258869634001,-0.343183524961312,0.191179466994073,Accept,1.24888258765717,Accept,Accept,Accept,Accept,0.221775560138295
0.906282944599799,0.926725650737969,0.0859843475513049,-0.188297615053526,0.271534387609091,Accept,"Z1, Z2, Z4",2.64849225896408,0.0859843475513049,-0.119634221855057,0.282609387216793,Accept,1.88421574844131,Accept,Accept,Accept,Accept,0.435077779269889
0.794726790681103,1.01243135054044,0.0362386280441843,-0.155808509685577,0.314600078646816,Accept,"Z1, Z2, Z4",1.11312303401983,0.0362386280441843,-0.182108676320773,0.263434364069577,Accept,1.29201432053246,Accept,Accept,Accept,Accept,0.633850808187656
0.927203953119155,0.956309277426146,0.0329937687046813,-0.209380299174392,0.470638572708095,Accept,"Z2, Z4",2.22558569713597,0.0329937687046813,-0.220857315070511,0.297489842846438,Accept,1.94793944790358,Accept,Accept,Accept,Accept,0.580476867049591
1.1865342721296,1.07291969400579,0.069394917233653,-0.349377963549637,0.336930736427894,Accept,"Z2, Z4",1.7105628963254,0.069394917233653,-0.145250289493808,0.304986873355202,Accept,1.53902046803551,Accept,Accept,Accept,Accept,0.930732661216782
1.18796239472281,0.866424379524822,0.0756663097533022,-0.277579253836176,0.499876054526814,Accept,"Z2, Z4",1.81557115102584,0.0756663097533022,-0.266815174132539,0.395025354999141,Accept,1.7821561697233,Accept,Accept,Accept,Accept,0.493119563620636
0.95155765581483,1.08559051152352,-0.0165668661341981,-0.364190887505555,0.235217850260441,Accept,"Z2, Z4",1.17784754305162,-0.0165668661341981,-0.266515657375944,0.214849789520703,Accept,0.857566893262243,Accept,Accept,Accept,Accept,0.874829814259619
0.82089250501439,1.03654121900729,-0.017555651504225,-0.219368807321928,0.376326985835828,Accept,"Z2, Z4",1.90450696338811,-0.017555651504225,-0.234764118978604,0.193905521294725,Accept,1.6045015558854,Accept,Accept,Accept,Accept,0.902529665771091
1.0039611451796,1.08360879475422,-0.0471372087236651,-0.368618803762082,0.207097673266291,Accept,"Z2, Z4",1.30781064743926,-0.0471372087236651,-0.269094111871055,0.15952391546462,Accept,1.08032832047703,Accept,Accept,Accept,Accept,0.470649649110139
1.30658813662634,1.31236183951392,-0.190399192881013,-0.832569528888965,0.00318492822816879,Accept,"Z2, Z4",1.24712574259235,-0.190399192881013,-0.506349953676587,0.142389924827753,Accept,1.50512662057752,Accept,Accept,Accept,Accept,0.736889354890091
0.780356740673867,0.983070454765746,0.0111352315282714,-0.331920021425517,0.235092450715226,Accept,"Z2, Z4",1.17037222800907,0.0111352315282714,-0.21117693474425,0.22817344291667,Accept,1.28108370244587,Accept,Accept,Accept,Accept,0.257034024158497
1.10032288714123,1.19218973749962,0.197263886172657,-0.615846949284157,0.178176487403382,Accept,"Z2, Z4",1.73653857310841,0.197263886172657,-0.152630609917536,0.51944936484928,Accept,1.50163945912867,Accept,Accept,Accept,Accept,1.34999065148477
1.23491897662302,1.17302397332037,-0.2266475806534,-0.542674717761842,0.199182461194532,Accept,"Z2, Z4",1.6701981718917,-0.2266475806534,-0.468507279841997,0.0345206044729373,Accept,1.33343381971297,Accept,Accept,Accept,Accept,0.993366978432747
0.969399299721098,1.05102967084373,-0.170955274408133,-0.457340994545279,0.221755135856047,Accept,"Z2, Z4",1.98696116135125,-0.170955274408133,-0.416502159008781,0.107619524087034,Accept,1.9271881457509,Accept,Accept,Accept,Accept,0.924547531295518
0.646603394110396,0.901517545092682,0.146231013251453,-0.0168538468384772,0.402305788352096,Accept,"Z1, Z2, Z4",1.3783078414355,0.146231013251453,-0.0619339710711532,0.342036295489211,Accept,1.16658676167735,Reject,Accept,Accept,Accept,0.503016467351609
1.24650450550039,1.15496354324381,-0.317168833394046,-0.624002137240158,0.108044936512514,Accept,"Z1, Z2, Z4",1.83729420806176,-0.317168833394046,-0.636322576506683,0.0276919486976549,Accept,1.48925217356101,Accept,Accept,Accept,Accept,0.604494760583975
1.22252191115932,1.17645355499519,-0.0908910338072569,-0.525233592430358,0.0953080323243586,Accept,"Z1, Z2, Z4",2.29481058837549,-0.0908910338072569,-0.367305202155794,0.183826454971773,Accept,1.746894144043,Accept,Accept,Accept,Accept,0.237470102035086
1.11029081970907,1.01425998590773,0.0109072759919998,-0.504652266554684,0.326878480678936,Accept,"Z2, Z4",1.82272173308418,0.0109072759919998,-0.284496944739436,0.312277512593312,Accept,1.44402335876009,Accept,Accept,Accept,Accept,0.992552791094409
0.373698178287493,0.999296471168363,-0.129020981954144,-0.315611632171139,0.489103763849706,Accept,"Z2, Z4",1.33822936453483,-0.129020981954144,-0.415300783915753,0.156116652214716,Accept,1.3516928605732,Accept,Accept,Accept,Accept,0.872539245986381
1.28968711946822,0.972931343152612,-0.117425015316928,-0.901005135348166,0.411002185141507,Accept,X9,2.37985413861674,-0.117425015316928,-0.437791685652387,0.19634622319008,Accept,1.50494393001592,Reject,Accept,Accept,Accept,1.06289944851176
0.979938194844018,0.988045332088461,-0.172741700999252,-0.370514182367619,0.309602877031609,Accept,"Z2, Z4",1.41385133268275,-0.172741700999252,-0.430863615811594,0.0694808053606611,Accept,1.18909905224693,Accept,Accept,Accept,Accept,0.399118353020905
1.02238398933555,1.11948426592914,-0.267707244272522,-0.549110323852517,0.139642834321818,Accept,"Z2, Z4",1.4494987364575,-0.267707244272522,-0.507814836970502,-0.0073759670773428,Reject,1.58805989668657,Accept,Accept,Accept,Accept,0.27973992733201
0.902656842004581,0.942611428055179,0.0142314370690132,-0.18690861649747,0.273834597389082,Accept,"Z1, Z2, Z4",0.947467426805342,0.0142314370690132,-0.207940662822613,0.227253453557303,Accept,1.31276845841571,Reject,Accept,Accept,Accept,1.00249158814831
0.78685579962192,0.961087541062908,0.219941297777091,-0.178079516726372,0.472355381080111,Accept,"Z1, Z2, Z4",1.60766380399759,0.219941297777091,-0.0693102063417401,0.514924102346512,Accept,1.33621969965418,Accept,Accept,Accept,Accept,0.808857965792248
0.950280678682563,1.1461779454167,-0.0712478574793844,-0.555608458076494,0.115902556145875,Accept,"Z2, Z4",1.46358406589136,-0.0712478574793844,-0.344318467022027,0.221651619959345,Accept,1.28740297623087,Reject,Accept,Accept,Accept,1.40072819583121
1.10080697418455,0.992287468773953,-0.155572124891704,-0.216392965631423,0.159396245174538,Accept,"Z1, Z2, Z4",1.93933772224481,-0.155572124891704,-0.34966576942188,0.0303260947288753,Accept,1.61927683509988,Accept,Accept,Accept,Accept,0.92451593145673
1.00459641135336,1.04393705619245,-0.0668803408535901,-0.427723544958124,0.166688504850085,Accept,"Z1, Z2, Z4",1.15582796758937,-0.0668803408535901,-0.348694986028177,0.207987786621733,Accept,1.29860361300752,Accept,Accept,Accept,Accept,0.781221223591225
0.769985061519209,1.09698599247595,-0.0655072893382844,-0.494453214304386,0.149850900825372,Accept,"Z2, Z4",0.841106253311044,-0.0655072893382844,-0.33305302276183,0.21504706982737,Accept,0.966869396890585,Accept,Accept,Accept,Accept,0.843320808627157
1.09703740737293,1.03698588022019,-0.239422605300447,-0.506540787438081,0.177007923190155,Accept,"Z2, Z4",1.77032214199429,-0.239422605300447,-0.4934171375492,0.0248382222882738,Accept,1.69665537894865,Accept,Accept,Accept,Accept,1.06539590292004
0.499261302023883,0.913547363150391,0.125815712177673,-0.071247707080245,0.393742085898295,Accept,"Z1, Z2, Z4",1.64755724607387,0.125815712177673,-0.119400617538048,0.35915734531216,Accept,1.48641068927255,Accept,Accept,Accept,Accept,0.742513338035967
1.05756558494118,0.995712731550489,-0.060920326671467,-0.256644333786085,0.349651476755223,Accept,"Z2, Z4",1.76444506303659,-0.060920326671467,-0.257293668117392,0.142166515577638,Accept,1.23243222747312,Accept,Accept,Accept,Accept,0.757128235456127
0.562726539941144,0.951867170687867,0.130050859740859,-0.15853699997444,0.300875957717008,Accept,"Z1, Z2, Z4",1.5979381904922,0.130050859740859,-0.0846533212441793,0.349904735476371,Accept,1.43890796266797,Accept,Accept,Accept,Accept,0.727995935228095
0.741458859796302,0.986179291704099,0.00202986851750616,-0.15261316503596,0.337208006775136,Accept,"Z1, Z2, Z4",1.91105105649737,0.00202986851750616,-0.247565289770339,0.268685368293237,Accept,1.60154020532118,Accept,Accept,Accept,Accept,1.09452073668762
0.680488935154339,0.971918169785532,0.174361779692914,-0.0667334002891236,0.436189762942857,Accept,"Z1, Z2, Z4",1.56687094897868,0.174361779692914,-0.0662468723962405,0.411322128951916,Accept,1.15205121548389,Reject,Accept,Accept,Accept,1.0383510274844
0.910204084144289,1.00535994162977,-0.206835726406059,-0.200658792728874,0.515864153548263,Accept,"Z2, Z4",1.34560338454474,-0.206835726406059,-0.485267909626989,0.060320913452514,Accept,1.2559391784996,Reject,Accept,Accept,Accept,0.109277653102513
0.96973489308574,0.971499666727904,-0.132097835319386,-0.232566209138049,0.283221504522769,Accept,"Z1, Z2, Z4",1.63421711521933,-0.132097835319386,-0.3648622550581,0.106306753939057,Accept,1.84900137473844,Reject,Reject,Accept,Accept,0.497074493932865
0.583823827281971,0.987419465707744,0.0974239077021499,-0.307594941576586,0.431505657957124,Accept,"Z2, Z4",1.43462058563103,0.0974239077021499,-0.179051539167433,0.384715494295419,Accept,1.46209744838661,Accept,Accept,Accept,Accept,0.531631334217467
1.03084954041186,1.03125528169085,-0.111716351688316,-0.306251079471095,0.0762596108009916,Accept,"Z1, Z2, Z4",1.16709504710392,-0.111716351688316,-0.27772926567799,0.0693834769687894,Accept,1.03637063120665,Accept,Accept,Accept,Accept,1.44708353342349
1.15937861427466,0.930859382974741,-0.112067058445248,-0.363738884757576,0.123255896453507,Accept,"Z2, Z4",1.6230673874342,-0.112067058445248,-0.312853450027762,0.0848907532341483,Accept,1.36220397571195,Accept,Reject,Accept,Accept,0.325512039731305
1.03046709440999,1.08793896684931,0.0298527075050074,-0.452531700186821,0.312141008897474,Accept,"Z1, Z2, Z4",1.21501002000588,0.0298527075050074,-0.313266122895893,0.411504922990588,Accept,1.19945731035252,Accept,Accept,Accept,Accept,0.821933842074163
0.714003220316717,0.977939333739024,-0.00866240807511146,-0.210176789341598,0.486892049141001,Accept,"Z2, Z4",1.48411646091829,-0.00866240807511146,-0.262420989906945,0.245780408682558,Accept,1.56695453396154,Accept,Accept,Accept,Accept,0.543619274649162
0.89166584094902,0.933213675093922,0.238082476666692,-0.183584370059925,0.582347514653059,Accept,"Z2, Z4",2.10160320991464,0.238082476666692,-0.0546037375976405,0.530425986290218,Accept,1.60853977652886,Accept,Accept,Accept,Accept,0.949825208747443
0.738986168336116,1.02569894593022,-0.0474104698011966,-0.332599914531912,0.300072617604512,Accept,"Z2, Z4",1.64652384399607,-0.0474104698011966,-0.286481340389481,0.172486278487841,Accept,1.17938718994132,Accept,Accept,Accept,Accept,0.958121245175848
1.25218027092132,0.964282692112073,0.0668301205406118,-0.303112031188209,0.239150160884862,Accept,"Z2, Z4",1.74979426435596,0.0668301205406118,-0.170942643434963,0.298680116229343,Accept,1.70849927433418,Accept,Accept,Accept,Accept,0.796530959990758
0.570595579692794,0.98643100602673,-0.0067433296192316,-0.356888350465269,0.370696752617362,Accept,"Z4, X6",2.04556948977355,-0.0067433296192316,-0.254380051484488,0.236805012412952,Accept,1.46550477339399,Reject,Accept,Accept,Accept,0.38358086019644
0.704624682514039,0.902410017164516,-0.01922463150421,-0.258973961356318,0.467347179000833,Accept,"Z2, Z4",1.3169431265107,-0.01922463150421,-0.294060043694454,0.289454852119061,Accept,1.12003948016964,Accept,Accept,Accept,Accept,0.490987597344428
0.867216061829641,1.02008553442898,0.0210208575040913,-0.392360039379026,0.258413971521959,Accept,"Z1, Z2, Z4",2.09931535563069,0.0210208575040913,-0.259848424604976,0.296194332156378,Accept,1.4781675809758,Accept,Accept,Accept,Accept,1.33821898892728
0.89557707497167,1.01026110935232,-0.0296996019992608,-0.24887283531238,0.210062769074172,Accept,"Z2, Z4",1.37061547773392,-0.0296996019992608,-0.204414150192437,0.141678523759034,Accept,1.32816906592422,Accept,Accept,Accept,Accept,0.575283126262269
0.842530525178198,1.08563963982557,-0.14104143238419,-0.349166176085169,0.0688255664982173,Accept,"Z1, Z2, Z4",1.45088106843073,-0.14104143238419,-0.330391752513084,0.0380384905031811,Accept,1.57197089239341,Accept,Accept,Accept,Accept,1.4106089375438
0.971734852420153,1.03803517766957,-0.148515278604193,-0.47854544001181,0.101678996244176,Accept,"Z1, Z2, Z4",1.14497283718851,-0.148515278604193,-0.426371205002638,0.130475486721294,Accept,1.000446725336,Accept,Accept,Accept,Accept,0.363113966481215
0.859090642924205,1.00454369866029,0.179734370013908,-0.263885843944451,0.408924436432425,Accept,"Z1, Z2, Z4",1.47417590274127,0.179734370013908,-0.10582983772135,0.458116951637844,Accept,1.34031294970062,Accept,Accept,Accept,Accept,0.904581889010284
1.1447713782318,1.03761499372735,-0.0820968082342292,-0.442424951374355,0.166263647205025,Accept,"Z2, Z4",1.30582302574875,-0.0820968082342292,-0.327609473901196,0.165522279995742,Accept,1.49745558393279,Accept,Accept,Accept,Accept,0.700764857828755
1.19765042846702,0.937170809709449,0.049974208358931,-0.414481325237222,0.240152453506736,Accept,"Z2, Z4",2.11455884490822,0.049974208358931,-0.216671849715267,0.325790199001194,Accept,1.68347312678064,Accept,Accept,Accept,Accept,0.912170575891336
0.944065966468966,0.973892497532523,0.0189302098296007,-0.174771833307308,0.381584159132787,Accept,"Z2, Z4",1.78482502832567,0.0189302098296007,-0.213949821539971,0.248139485348043,Accept,1.53613185975018,Accept,Accept,Accept,Accept,0.721695169149832
0.854943973201173,1.09416271833901,-0.109901105728943,-0.363302979738524,0.49185711043044,Accept,"Z2, Z4",1.57073327272114,-0.109901105728943,-0.423865026240448,0.191717100107677,Accept,1.41973125303022,Accept,Accept,Accept,Accept,0.616095855339528
0.777890773656313,0.945629602193452,0.0316229084980861,-0.118518956799227,0.443060130339293,Accept,"Z2, Z4",1.81450273445033,0.0316229084980861,-0.215797210322919,0.261472887672743,Accept,1.70146746084265,Accept,Accept,Accept,Accept,1.01128839081674
1.24172621712493,1.08867637893759,0.0998766388742715,-0.49266306663035,0.120650722674842,Accept,"Z2, Z4",1.47985383549481,0.0998766388742715,-0.125903311482243,0.314840926759692,Accept,1.25755700722783,Accept,Accept,Accept,Reject,1.31711344850473
1.01113593482373,1.04025173400782,0.0177619225402231,-0.405442638819197,0.36891987741471,Accept,"Z2, Z4",1.3610931392259,0.0177619225402231,-0.306405162687085,0.360935775078588,Accept,1.1918344499643,Accept,Accept,Accept,Accept,0.0647445734328441
0.736098976412225,0.943614631408676,-0.129370936288964,-0.397489247053978,0.234182263368718,Accept,"Z1, Z2, Z4",1.24315460556898,-0.129370936288964,-0.431334882928383,0.188692040359224,Accept,1.20590850279316,Accept,Accept,Accept,Accept,0.537794039276562
0.421071112088429,0.852264405493086,0.228198891797453,-0.075490509818795,0.425447702279024,Accept,"Z1, Z3, Z4, X3",0.928629901122784,0.228198891797453,0.0322406473925311,0.416199637416658,Reject,0.845748683851749,Reject,Accept,Accept,Reject,1.42635645357872
0.816247377744123,0.962078531559909,0.0751051768174093,-0.381092739722079,0.43680059431902,Accept,"Z2, Z4",1.46168192812058,0.0751051768174093,-0.180153701055848,0.350996881302643,Accept,1.26664822997085,Accept,Accept,Accept,Accept,0.565192519644959
1.37931144825889,1.07104573686254,-0.106077550262583,-0.474437091900051,0.0826908769840712,Accept,"Z2, Z4",1.62649732851746,-0.106077550262583,-0.326561815832517,0.117865686329371,Accept,1.59403176650703,Accept,Accept,Accept,Accept,1.04988588939083
0.970284689346455,1.04401472525116,0.0217233216360697,-0.282995713558979,0.248171616164406,Accept,"Z1, Z2, Z4",1.29729861106427,0.0217233216360697,-0.236264515692954,0.281443005416557,Accept,1.50541810881033,Reject,Accept,Accept,Accept,0.636849253387291
0.924084447297419,0.99374517132925,0.0913599832336396,-0.142674934559477,0.235357890630674,Accept,"Z1, Z2, Z4",1.03124199450802,0.0913599832336396,-0.0902740181927505,0.261049644635437,Accept,1.19204379622912,Reject,Accept,Accept,Accept,0.89973907066629
1.07063162504921,1.14271999699672,-0.32350500938715,-0.561958096071263,0.0763642620882889,Accept,"Z1, Z2, Z4",1.51503856706853,-0.32350500938715,-0.605186650549801,-0.0195817954821665,Reject,1.09557285207737,Accept,Accept,Accept,Accept,1.01467890857491
0.800896923013054,0.89664543282246,0.0258327159523963,-0.193366692594594,0.370096105338408,Accept,"Z1, Z2, Z4",1.28128228186775,0.0258327159523963,-0.249246431219145,0.261717177864763,Accept,1.18347798006374,Accept,Accept,Accept,Accept,1.32233875897294
0.922179839880134,1.04706627859956,0.0654896162600198,-0.396746849614495,0.264643973431485,Accept,"Z2, Z4",1.42343300426997,0.0654896162600198,-0.162222589154937,0.301138611920645,Accept,1.42254048962265,Accept,Accept,Accept,Accept,0.992097420747648
0.67809982977338,0.847901806067924,0.0516945910491672,-0.0820776810880796,0.421462960010136,Accept,"Z2, Z4",1.41043662386089,0.0516945910491672,-0.164559109289964,0.252164895252576,Accept,1.269520798837,Accept,Accept,Accept,Accept,0.696692300827743
1.08771971578789,1.04520506540641,-0.0213181568581997,-0.324821440571359,0.235101482755755,Accept,"Z2, Z4",1.4053034145947,-0.0213181568581997,-0.241760308832137,0.19408290165017,Accept,1.28499612570444,Accept,Accept,Accept,Accept,0.964623246484777
0.661581624065056,0.918012153857628,0.06336703801431,-0.166657802212352,0.28042620630934,Accept,"Z2, Z4",1.41709572085258,0.06336703801431,-0.131788697079741,0.25086751619062,Accept,1.28337375237741,Accept,Accept,Accept,Accept,0.40264773347392
0.843713857785081,0.924006305393018,0.153804920159411,-0.106410387874845,0.334738564491832,Accept,"Z1, Z2, Z4",1.43225279151327,0.153804920159411,-0.0781949347260809,0.396363586972317,Accept,1.27955025236015,Accept,Accept,Accept,Accept,1.09750942389884
1.2959872890481,0.91016100036156,-0.10164018685499,-0.369114260777342,0.126623188994512,Accept,"Z1, Z2, Z4",1.2140937344754,-0.10164018685499,-0.335747579245942,0.113332453714311,Accept,1.22074745054726,Accept,Accept,Accept,Accept,0.486755144747153
0.714168923483059,0.932056002868089,0.15877436886113,-0.136857355176881,0.650184614954641,Accept,"Z2, Z4",1.0795710475565,0.15877436886113,-0.120868950143127,0.435237793267045,Accept,1.05675035979572,Accept,Accept,Accept,Accept,0.359975864922539
0.657535912898166,0.936634435878923,0.134874708156026,-0.27761578084929,0.421263499628494,Accept,"Z2, Z4",1.46979934095022,0.134874708156026,-0.150333068259315,0.415349239311737,Accept,1.47198132954849,Accept,Accept,Accept,Accept,0.593369922636568
1.21308408529906,1.00828055580174,0.0173407685272454,-0.388809207419298,0.319094389460066,Accept,"Z1, Z2, Z4",2.14211858098573,0.0173407685272454,-0.262495493034914,0.263467798140469,Accept,1.87689538774322,Accept,Accept,Accept,Accept,0.3514732070979
0.973412275213068,1.03538841378867,-0.0255013573350547,-0.444439925350931,0.305572442117875,Accept,"Z2, Z4",1.90898416413877,-0.0255013573350547,-0.298898197747813,0.256964748160061,Accept,1.42886124799509,Accept,Accept,Accept,Accept,1.17007362779294
1.09813963226478,1.13476498834952,0.0392588531882152,-0.249567002016315,0.282661886447769,Accept,"Z1, Z2, Z4",1.43934850122294,0.0392588531882152,-0.181922894824796,0.264764561082125,Accept,1.34415788895635,Accept,Accept,Accept,Accept,1.45041053451045
1.05649377280165,0.81512317904444,-0.00390935664706274,-0.181889120959905,0.355500408340027,Accept,"Z2, Z4",1.76397977963433,-0.00390935664706274,-0.185524089064534,0.16475159374754,Accept,1.55489699450239,Accept,Accept,Accept,Accept,0.942750133188157
1.27086706092217,0.825151423086542,-0.0489788327056759,-0.27500328947759,0.24494805138779,Accept,"Z1, Z2, Z4",1.32052868111771,-0.0489788327056759,-0.308026297449869,0.211007234096195,Accept,1.35920075891703,Accept,Accept,Accept,Reject,1.17855868026258
0.487900719040536,0.830501032948325,0.118134453423779,0.00644627224733973,0.661190717704855,Reject,"Z2, Z4",1.12050563558383,0.118134453423779,-0.148472072710415,0.383439906578087,Accept,1.01504653863801,Reject,Accept,Accept,Accept,0.865247506813309
0.789140249695681,0.925999234357654,0.163617003554443,-0.457440448104256,0.560426798530612,Accept,"Z2, Z4",1.69446062126214,0.163617003554443,-0.159499794469542,0.505670260360247,Accept,1.12916718978388,Accept,Accept,Accept,Accept,0.577541657977426
0.887305382330028,0.861669362166745,0.183521462164709,-0.0640905446805525,0.353196537810714,Accept,"Z1, Z2, Z4",1.73483148623808,0.183521462164709,-0.00949995199807223,0.390826639900995,Accept,1.31826554709791,Accept,Accept,Accept,Accept,0.709483889736065
0.770831249830631,1.07114095076871,0.0253427835705434,-0.278207853579425,0.268614221055847,Accept,"Z1, Z2, Z4",1.15284160592553,0.0253427835705434,-0.205192572297964,0.263853077828708,Accept,1.40205968533893,Accept,Accept,Accept,Reject,1.23446812022127
0.792421295075372,0.970233292403941,0.0601663523758199,-0.113727656103794,0.313934032400715,Accept,"Z1, Z2, Z4",1.54136155457697,0.0601663523758199,-0.158364546159291,0.271394476171162,Accept,1.42712241826324,Accept,Accept,Accept,Reject,1.40009258930917
0.776357761595602,0.982905166938922,-0.0128660803520897,-0.241819709699026,0.168608263681225,Accept,"Z1, Z2, Z4",1.44754789207567,-0.0128660803520897,-0.200180463867882,0.176226939159754,Accept,1.15448051049753,Accept,Accept,Accept,Accept,0.605755365233494
0.825237648553784,0.883422187490056,0.0308374578542971,-0.211472975982093,0.43605144478457,Accept,"Z2, Z4",1.2927694551402,0.0308374578542971,-0.237174619731829,0.290356839801325,Accept,1.45069457103585,Accept,Accept,Accept,Accept,0.342304247873699
0.856846354339793,1.01536040074687,0.094337366801531,-0.255554243029063,0.256945385411035,Accept,"Z1, Z2, Z4",1.21744087044609,0.094337366801531,-0.133476253677587,0.333074224445675,Accept,1.18541194395201,Accept,Accept,Accept,Accept,0.768688961838059
1.17570886488402,1.02921355808709,-0.300597741381858,-0.529877175899285,0.079448361817294,Accept,"Z2, Z4",1.71902729216109,-0.300597741381858,-0.559851766534264,-0.0495622259783449,Reject,1.55626074521122,Accept,Accept,Accept,Accept,0.49131129306841
0.81481562123694,0.932761710827319,0.033668087938128,-0.338715629431364,0.318437035054278,Accept,"Z4, X4",2.28818490618648,0.033668087938128,-0.203060429706579,0.25790175709289,Accept,1.630206384732,Reject,Accept,Accept,Accept,0.444032646115896
0.900435380641017,1.05401646308163,-0.104794070541243,-0.49941650323372,0.0695486166822932,Accept,"Z2, Z4",1.48834846434385,-0.104794070541243,-0.327784569969049,0.1312926476232,Accept,1.40551599709373,Reject,Accept,Accept,Accept,0.559544325153849
N/A,N/A,N/A,N/A,N/A,N/A,N/A,N/A,N/A,N/A,N/A,N/A,N/A,N/A,N/A,N/A,N/A,N/A
1.16983738237394,1.11693851131582,-0.0835751563085285,-0.408414319898224,0.182212884005417,Accept,"Z1, Z2, Z4",1.40534993802653,-0.0835751563085285,-0.390643472493107,0.189791734397799,Accept,1.51004749174683,Reject,Accept,Accept,Accept,0.166864379133691
0.969242183316828,1.05930542463772,-0.0574274882796417,-0.349557902062705,0.157884206082704,Accept,"Z1, Z2, Z4",1.3225884396629,-0.0574274882796417,-0.321843469243124,0.173710960529442,Accept,1.33633565199185,Accept,Accept,Accept,Accept,0.773242475169997
1.29487326277201,1.07886732511764,-0.258832595070347,-0.410677024876908,0.105290324645566,Accept,"Z2, Z4",1.72904142689719,-0.258832595070347,-0.441545453005082,-0.0600214051548573,Reject,1.53950938618192,Accept,Accept,Accept,Accept,1.16801476621654
1.17675136838802,1.01132173124667,-0.196627915140302,-0.471515227647004,0.00906349056874152,Accept,"Z1, Z2, Z4",1.58551503378944,-0.196627915140302,-0.415107933392628,0.008911775864083,Accept,1.39558538676922,Reject,Accept,Accept,Accept,0.638059744417374
1.04193992229313,1.05297306552008,-0.199449207548202,-0.378071400476448,0.160138628282894,Accept,"Z1, Z2, Z4",2.1239193598218,-0.199449207548202,-0.466812529852337,0.0497478975044549,Accept,1.63179389805747,Accept,Accept,Accept,Accept,0.755283869042792
0.980673464259354,1.0999172471163,-0.117534805473609,-0.44101105437813,0.116620496052464,Accept,"Z2, Z4",1.35915490524448,-0.117534805473609,-0.302118966226653,0.0635051737013935,Accept,1.31480021138497,Accept,Accept,Accept,Accept,0.319339395668862
1.11969507783472,1.19249383541695,-0.0919321300167872,-0.409036059507631,0.113833648095902,Accept,"Z1, Z2, Z4",1.54954392839727,-0.0919321300167872,-0.333548171308374,0.151834828655493,Accept,1.32070131701371,Reject,Accept,Accept,Accept,0.386541481670208
0.988517835710087,0.980164369669575,-0.017751323380336,-0.208074400988197,0.235299008916378,Accept,"Z1, Z2, Z4",0.741304663616022,-0.017751323380336,-0.231490617857889,0.220170962081855,Accept,0.805628132939676,Accept,Accept,Accept,Accept,0.789343552028676
1.28488751733409,0.98587831291683,-0.0062871378392504,-0.266060449351069,0.177837367017036,Accept,"Z1, Z2, Z4",1.23271411233106,-0.0062871378392504,-0.209844573784118,0.19995600083503,Accept,1.18401774396502,Accept,Accept,Accept,Accept,0.459489638714303
0.82503724426413,0.95896437605974,0.235990515096786,-0.262720887175378,0.621835529383664,Accept,"Z2, Z4",1.74444936889282,0.235990515096786,-0.0482511480765769,0.52800731816684,Accept,1.28815111955068,Accept,Accept,Accept,Accept,0.0916676151013839
0.738351483385831,0.887635393902733,-0.000515961735706029,-0.10681656857835,0.453216664931091,Accept,"Z1, Z2, Z4",1.17379207080645,-0.000515961735706029,-0.263816201763214,0.244391855751636,Accept,1.37074051431633,Accept,Accept,Accept,Accept,1.23783123411109
0.480624808537269,0.825701499770954,0.16088943375439,-0.0437426292069719,0.475697842542619,Accept,"Z1, Z2, Z4",1.49327140451912,0.16088943375439,-0.0857009573607834,0.413773129940128,Accept,1.25703592959613,Accept,Accept,Accept,Accept,0.367361664188184
0.754675781555624,0.99306535249556,0.0316067358181866,-0.335454132749868,0.298333906421069,Accept,"Z2, Z4",1.51083922007289,0.0316067358181866,-0.197238739477534,0.258695556302221,Accept,1.14434607645051,Accept,Accept,Accept,Accept,0.90834095506818
0.827099119247598,0.934087144225051,-0.190816123120852,-0.307416401797547,0.380011394309947,Accept,"Z2, Z4",1.94865713399142,-0.190816123120852,-0.460827949293569,0.0918985462533208,Accept,1.71878015741205,Accept,Accept,Accept,Accept,0.636750676787251
0.680000900355757,1.03455089239945,0.0389840612258923,-0.175808447562389,0.259937232311208,Accept,"Z1, Z2, Z4",1.13286447196073,0.0389840612258923,-0.163993240923995,0.246543495027695,Accept,1.03566018302919,Reject,Accept,Accept,Accept,0.97871731036844
1.21919910063533,1.05022520130816,-0.0816661166372636,-0.224926640524833,0.46143986847678,Accept,"Z2, Z4",1.56697214342171,-0.0816661166372636,-0.341834555671087,0.176222753804286,Accept,1.45225981324439,Accept,Accept,Accept,Accept,0.922785677562161
0.693423395431462,0.923447998315266,-0.0263903333279398,-0.312089710961402,0.469255159172413,Accept,"Z4, X2",1.75938481233999,-0.0263903333279398,-0.26759390513785,0.190184122519622,Accept,1.20635200495383,Reject,Accept,Accept,Accept,1.04412382446194
0.756168293557016,0.858248091248287,0.0694293177577229,-0.17763278398732,0.47001923901579,Accept,"Z1, Z2, Z4",1.50646252805823,0.0694293177577229,-0.233223119542992,0.349198816145449,Accept,1.41784559721953,Accept,Accept,Accept,Accept,0.301973952237753
1.01858011786075,1.1393251024085,-0.130585027111394,-0.459382419927167,0.0835735004103201,Accept,"Z1, Z2, Z4",1.20069645078932,-0.130585027111394,-0.373573145649583,0.117649614366934,Accept,1.15173312740912,Accept,Accept,Accept,Accept,0.683444132852501
0.744726907952118,1.00792863240961,0.0473865295416145,-0.224866741608008,0.374577579206803,Accept,"Z1, Z2, Z4",1.61423767437706,0.0473865295416145,-0.199428946478497,0.323878645478313,Accept,1.65034541081242,Accept,Accept,Accept,Accept,0.480243395864973
1.00544617884898,0.993470493370993,-0.171265404895827,-0.30026846072423,0.0242658088085091,Accept,"Z1, Z2, Z4",1.10635793839079,-0.171265404895827,-0.333207478863167,-0.0171627005773691,Reject,1.12091256748556,Accept,Accept,Accept,Accept,1.61890381834288
0.921803365100767,1.12268011717911,-0.11280999285353,-0.37318881900739,0.220884493501255,Accept,"Z1, Z2, Z4",1.49896423877485,-0.11280999285353,-0.378413870072873,0.178943131822568,Accept,1.3012869376088,Accept,Accept,Accept,Accept,0.466342684730188
1.05137865036878,1.03894702700293,-0.0842403726113299,-0.451230985681856,0.114215551337668,Accept,"Z2, Z4",1.88880235911351,-0.0842403726113299,-0.318336500855907,0.131844869052427,Accept,1.71576559762238,Accept,Accept,Accept,Accept,1.55258415040528
0.976577486002672,0.966500751875308,-0.179602781834499,-0.416058615794616,0.0595143696291348,Accept,"Z1, Z2, Z4",1.38953855644991,-0.179602781834499,-0.40179840190545,0.0384819961339782,Accept,1.33868648239036,Accept,Accept,Accept,Accept,1.08883379767969
1.00869105394564,1.04566983835235,0.011788755110856,-0.203629822276228,0.150002679690104,Accept,"Z1, Z2, Z4",1.10806376561805,0.011788755110856,-0.158388087165652,0.17665561652572,Accept,1.09110539149821,Accept,Accept,Accept,Accept,0.915095104540138
0.887071051133301,0.991830463320662,0.0427790187379116,-0.176722996686693,0.292964463914262,Accept,"Z1, Z2, Z4",1.17745190472364,0.0427790187379116,-0.206928945780692,0.295545419674811,Accept,1.25490754641985,Accept,Accept,Accept,Accept,0.308797384514858
0.796327436135103,1.01942495336355,0.0780134917045952,-0.23288861308483,0.203921400173862,Accept,"Z1, Z2, Z4",0.801917655696743,0.0780134917045952,-0.114049948837768,0.262408149920671,Accept,0.995616060612311,Accept,Accept,Accept,Accept,0.363850259473251
0.830044412158752,0.900635805428936,-0.00954701837840631,-0.151589722724269,0.238665351785681,Accept,"Z1, Z2, Z4",1.81540980292238,-0.00954701837840631,-0.206409150624622,0.196723872211618,Accept,1.4791070715044,Accept,Accept,Accept,Accept,0.146743510124739
0.556043005260948,0.851556389154339,0.191775234647094,-0.117601634755125,0.593077704758736,Accept,"Z2, Z4",1.50463808286583,0.191775234647094,-0.0691558687908157,0.447517398155378,Accept,1.22609877045357,Accept,Accept,Accept,Accept,0.280485804117814
1.23142246486975,1.12332539151526,-0.156838513894672,-0.476306878850855,0.0688440707471999,Accept,"Z1, Z2, Z4",1.36491393113599,-0.156838513894672,-0.398895360113428,0.103652309829182,Accept,1.58697253263554,Reject,Reject,Accept,Accept,0.349180474490623
0.899422367816121,0.942549392179632,0.0324713409812152,-0.126512276531339,0.407821720162579,Accept,"Z1, Z2, Z4",1.34101993864829,0.0324713409812152,-0.226095165975389,0.267241788434794,Accept,1.32347634756528,Accept,Accept,Accept,Accept,0.570765380820509
0.94069384731357,1.04718309548679,-0.0391325259163177,-0.352586482437859,0.159459402179289,Accept,"Z2, Z4",1.27111935936699,-0.0391325259163177,-0.244243378337263,0.185971378267819,Accept,1.25665827940059,Accept,Accept,Accept,Accept,1.26657199204537
0.829290401020467,0.981863347024465,0.0570091496470803,-0.246186433003811,0.281925529884264,Accept,"Z1, Z2, Z4",1.63053893175696,0.0570091496470803,-0.199665880417164,0.342736235841761,Accept,1.45530216162307,Accept,Accept,Accept,Accept,0.525558763931103
1.31709243877555,1.25480018664809,-0.2175838123151,-0.558337782430175,0.00850697707788135,Accept,"Z1, Z2, Z4",1.28406035072459,-0.2175838123151,-0.46329455146834,0.0389434271946554,Accept,0.98205251857934,Accept,Accept,Accept,Reject,1.265345719187
1.3480822209359,0.984610766622645,-0.138083302124513,-0.458050014417525,0.0621928324364375,Accept,"Z1, Z2, Z4",1.54238826946587,-0.138083302124513,-0.419407163399949,0.122114486515264,Accept,1.44168090455571,Accept,Accept,Accept,Accept,0.873648585743153
0.711282089056534,1.00645732334922,0.0373458585186805,-0.105638315334703,0.688824945099938,Accept,"Z2, Z4",1.43122920733556,0.0373458585186805,-0.254776957831148,0.325216777744725,Accept,1.38952126784892,Accept,Accept,Accept,Accept,0.611883371228133
1.08438086747754,0.952545218464912,-0.0275271850346166,-0.211953263525169,0.305901075906341,Accept,"Z1, Z2, Z4",1.47565373986484,-0.0275271850346166,-0.248335205332831,0.183303181036158,Accept,1.09361799803205,Accept,Accept,Accept,Accept,0.512279819692691
1.27767868913696,1.23651741548176,-0.228687273492229,-0.548387851571673,0.0287281710535918,Accept,"Z1, Z2, Z4",1.18565724504856,-0.228687273492229,-0.497132572365124,0.0609645921904784,Accept,1.25815418124616,Accept,Accept,Accept,Accept,0.689722609281737
0.830754183286842,0.946598322831483,-0.0551931274564881,-0.277949190310159,0.263197786424584,Accept,"Z1, Z2, Z4",1.21731676044257,-0.0551931274564881,-0.295495621408155,0.175949715649207,Accept,1.16894653770427,Accept,Accept,Accept,Accept,1.09548141969141
1.25775628895902,1.10600029755594,-0.147371495403482,-0.566052707995527,0.063268616179808,Accept,"Z2, Z4",1.25347525750956,-0.147371495403482,-0.384086673714023,0.105074698613972,Accept,1.2952666127088,Accept,Accept,Accept,Accept,1.47467088325841
0.893996157660589,1.05829530823261,0.0969177138467621,-0.151578909384558,0.43970489388882,Accept,"Z2, Z4",1.37363053058018,0.0969177138467621,-0.124149922073375,0.288884382979821,Accept,0.947460118406127,Accept,Accept,Accept,Accept,0.765819625018803
0.683346606515183,0.904583641888265,0.195897856314147,-0.0850918469827634,0.318866975778287,Accept,"Z1, Z2, Z4",1.31573640386764,0.195897856314147,-0.0042207376876596,0.385029073313849,Accept,1.19478790282359,Accept,Accept,Accept,Accept,0.966450832075581
0.790738138457162,0.79534959693194,0.122113352057428,0.0228667749372624,0.614527492980288,Reject,"Z2, Z4",1.88001184242746,0.122113352057428,-0.110559993520186,0.335580369651172,Accept,1.62020340613382,Reject,Accept,Accept,Accept,0.584805198629494
1.2906183708666,1.1318953640267,0.0668861756640598,-0.450626057551696,0.0808335042060528,Accept,"Z2, Z4",2.09413681554606,0.0668861756640598,-0.14538094854221,0.279668381440188,Accept,1.71017234492814,Reject,Accept,Accept,Accept,1.21850926386579
0.989497642037066,1.02485952800236,-0.0209338203135477,-0.229886207709955,0.369404339617919,Accept,"Z2, Z4",1.45502508430029,-0.0209338203135477,-0.231465365605415,0.19246855343215,Accept,1.40580327911455,Accept,Accept,Accept,Accept,1.12137798580589
1.03940268377549,0.997003175052564,-0.00252445500013717,-0.404574321034231,0.303753428800068,Accept,"Z1, Z2, Z4",1.53458484085346,-0.00252445500013717,-0.343313899812607,0.351660050360315,Accept,1.24939631590345,Accept,Accept,Accept,Accept,0.70931482595026
0.623150022287475,0.966802208864839,0.182201400490097,0.0390664414391203,0.677518496384187,Reject,"Z2, Z4",0.871091617176614,0.182201400490097,-0.0784068267418425,0.447766509215982,Accept,0.89020216306451,Reject,Accept,Accept,Accept,0.59903694910429
1.02809327819966,1.02395642673114,0.035253005202603,-0.299045577037879,0.148968781388618,Accept,"Z1, Z2, Z4",1.47873865069205,0.035253005202603,-0.146854798898074,0.208772425019111,Accept,1.36247973183511,Accept,Accept,Accept,Accept,0.439594959282634
0.908155177411066,0.943979538813476,0.0795916307126934,-0.315135164846761,0.377141671757488,Accept,"Z2, Z4",1.3996282444901,0.0795916307126934,-0.196626157101211,0.345377600721422,Accept,1.38026991937965,Accept,Accept,Accept,Accept,0.578794705297135
0.959526238445952,1.01396413774225,0.100168295759538,-0.271033822130911,0.264256772502054,Accept,"Z1, Z2, Z4",1.60677073391203,0.100168295759538,-0.158481900011562,0.390170783697993,Accept,1.34343828209354,Accept,Accept,Accept,Accept,0.657085207910202
1.31125678868936,1.07007937598054,-0.146249109409802,-0.397636039605681,0.111764017599156,Accept,"Z1, Z2, Z4",1.11632549416167,-0.146249109409802,-0.39512151867532,0.0835548104835717,Accept,1.26122972024546,Reject,Accept,Accept,Accept,1.40806117296325
0.910110906667367,0.922001098932186,-0.0508521405470957,-0.313377805215576,0.320767956210126,Accept,"Z2, Z4",1.35057861960531,-0.0508521405470957,-0.267011642460449,0.16880664025127,Accept,1.44655627366798,Accept,Accept,Accept,Accept,0.141580638816176
0.567082484055694,0.995879620978723,0.171223421609333,-0.437694106683628,0.438178116202912,Accept,"Z4, X1",1.38032399007326,0.171223421609333,-0.175167037377253,0.462105163214831,Accept,1.18145691822245,Reject,Accept,Accept,Accept,0.811274566034429
1.09400639747325,0.866630720814676,0.0282858141550099,-0.156185689271834,0.265772765885528,Accept,"Z1, Z2, Z4",1.3099075040393,0.0282858141550099,-0.191331040908437,0.247714996526144,Accept,1.13103957226425,Reject,Accept,Accept,Accept,0.488752577151213
0.906768157760932,0.931642510461959,0.151969250052324,-0.124401576988128,0.318090512291051,Accept,"Z1, Z2, Z4",1.35766412741027,0.151969250052324,-0.0420203452183551,0.359407017779003,Accept,1.13396851499363,Accept,Accept,Accept,Reject,1.42355671360178
1.23628441002286,0.955080226810403,-0.225609794150385,-0.440868749281275,0.170736000433295,Accept,"Z1, Z2, Z4",2.03677919457377,-0.225609794150385,-0.504265680776167,0.0729027612782496,Accept,1.63115879217571,Accept,Accept,Accept,Accept,0.577723523334046
0.944438517900279,0.968813727692889,-0.025757651599787,-0.131315522207902,0.224081876836537,Accept,"Z1, Z2, Z4",1.33549911080192,-0.025757651599787,-0.198839897206656,0.146069589371827,Accept,1.40178077266833,Accept,Accept,Accept,Accept,0.617193095470852
1.01740655448747,1.02124557543706,0.00235230487177429,-0.27290417913311,0.193066354263687,Accept,"Z1, Z2, Z4",2.00896963869101,0.00235230487177429,-0.235862046325565,0.255730424865731,Accept,1.81096913056819,Accept,Accept,Accept,Accept,0.887549748185479
0.902075545651204,0.915964635695653,-0.00967001978609027,-0.122230992316986,0.287087421566506,Accept,"Z1, Z2, Z4",1.17337680416056,-0.00967001978609027,-0.199995093058207,0.18634532570243,Accept,1.16938016526961,Accept,Accept,Accept,Accept,0.381505716693389
0.492385268429594,0.839095588568239,-0.531803017453069,-0.579738862700178,1.00190716444943,Accept,Z2,1.8516026657133,-0.531803017453069,-0.968167078760998,-0.116769577780121,Reject,1.40012738358462,Accept,Reject,Accept,Accept,0.280952031299123
1.0264502172304,0.907663899992223,0.00146991038135344,-0.322020736428478,0.304769300957464,Accept,"Z2, Z4",1.06818181198925,0.00146991038135344,-0.189566357981838,0.198487034160802,Accept,1.10266799240609,Accept,Accept,Accept,Accept,0.479812109384882
0.962523023150757,0.983295597009078,0.061498618235707,-0.344578612779844,0.230897433094093,Accept,"Z1, Z2, Z4",1.64142802342013,0.061498618235707,-0.21207226714825,0.335251753502925,Accept,1.75161888075971,Accept,Accept,Accept,Accept,0.577942120912349
1.03666766405409,0.969355654652185,-0.0247708865846748,-0.308403472091275,0.217217584739683,Accept,"Z2, Z4",1.71451657452727,-0.0247708865846748,-0.218882826410182,0.181926579614254,Accept,1.57195699077771,Accept,Accept,Accept,Accept,0.956014243774248
1.1014365265485,1.19989265988265,-0.125872155393551,-0.590594336950118,0.28891283614568,Accept,"Z2, Z4",1.44279195321897,-0.125872155393551,-0.401676044646674,0.153293748392631,Accept,1.24063069144326,Accept,Reject,Accept,Accept,0.410193871587932
0.889396980046072,0.971044983878582,-0.0795212309957581,-0.369077739555364,0.387939812719115,Accept,"Z2, Z4",1.46512120841667,-0.0795212309957581,-0.351704990487962,0.175065073205164,Accept,1.51808482433944,Accept,Accept,Accept,Accept,0.582953631181786
1.05849328248618,1.11205903475466,-0.0843568679536078,-0.461049007980616,0.170149495334796,Accept,"Z1, Z2, Z4",1.69470607812423,-0.0843568679536078,-0.345586620650284,0.195071810297864,Accept,1.11357695347781,Reject,Reject,Accept,Accept,0.73004158631164
0.575918216865505,0.936971293041538,0.0130223724306667,-0.275284620301701,0.495185120311154,Accept,"Z2, Z4",1.29468063219121,0.0130223724306667,-0.281090851972612,0.299928539224809,Accept,1.47053952194712,Accept,Accept,Accept,Accept,0.577329399044324
1.22809814786112,1.07106766306322,-0.0581530942108662,-0.432890296253912,0.154844969690568,Accept,"Z1, Z2, Z4",2.26215942845592,-0.0581530942108662,-0.349935561540913,0.211138965820281,Accept,1.66663058825053,Accept,Accept,Accept,Accept,1.17085132126729
0.764087469372595,1.06764267780841,0.137266017430378,-0.273638323714669,0.266082156360769,Accept,"Z1, Z2, Z4",1.82092775376889,0.137266017430378,-0.0639770778379499,0.337416458335391,Accept,1.43743060354675,Accept,Accept,Accept,Accept,1.33362168030921
0.756189249896762,0.966948906868268,0.0382719386337286,-0.25653653324367,0.316325786346215,Accept,"Z2, Z4",1.86405782556751,0.0382719386337286,-0.212212583817439,0.296355165355847,Accept,1.62267993743004,Accept,Accept,Accept,Accept,0.843426693947054
0.817389850756894,1.05270207422165,-0.0993520452973961,-0.320882074651754,0.35182223193568,Accept,"Z2, Z4",1.49111405384285,-0.0993520452973961,-0.363923266422425,0.158601937854535,Accept,1.24941445124071,Accept,Accept,Accept,Accept,1.17825541847503
1.03014438401751,1.10573771836294,-0.172890388823424,-0.482772258587099,0.236098296863576,Accept,"Z2, Z4",1.63241686088283,-0.172890388823424,-0.428477820778267,0.0907157967074315,Accept,1.51777049138486,Accept,Accept,Accept,Accept,0.652842959243611
0.931745112137194,0.890742480534819,0.105906884201951,-0.131002304754156,0.295343934008944,Accept,"Z1, Z2, Z4",1.36746019715381,0.105906884201951,-0.121548556807891,0.324614352224054,Accept,0.990575658099472,Accept,Accept,Accept,Accept,0.774058845172192
0.44648721176144,0.748174902432946,0.238460854764317,0.0545990149977663,0.768536981615386,Reject,"Z2, Z4",1.26192453713644,0.238460854764317,-0.0448552424227618,0.525076112460384,Accept,1.46583871000869,Reject,Accept,Accept,Reject,1.38193639281651
1.17130398292707,0.950317575015698,-0.0914653971714353,-0.234218048744337,0.221862225632062,Accept,"Z2, Z4",1.49576122031897,-0.0914653971714353,-0.306323228178484,0.115661381871973,Accept,1.20918192462991,Accept,Accept,Accept,Accept,0.681091570585134
0.804551236036759,0.877899336496482,-0.0387766814934498,-0.346093014588012,0.320999665255334,Accept,"Z1, Z4, X1",1.37346532181766,-0.0387766814934498,-0.271772032047683,0.210020753122968,Accept,1.05261525461886,Reject,Accept,Accept,Accept,0.864197222634952
1.16874029505211,0.977424852353967,-0.0529216855260016,-0.232424631597475,0.249399794361716,Accept,"Z2, Z4",1.42213514887019,-0.0529216855260016,-0.248518135057287,0.153233384137284,Accept,1.16612839443894,Accept,Accept,Accept,Accept,0.706018700477715
0.849474261981366,0.921399784391839,0.0980785076831541,-0.0866901428330289,0.262240815923893,Accept,"Z1, Z2, Z4",1.47091012156576,0.0980785076831541,-0.0631922124898745,0.270118639709303,Accept,1.43861247502793,Accept,Accept,Accept,Accept,0.753469960932255
0.730365578535537,0.925377611040934,0.17057077682574,-0.194774043261585,0.381989816152223,Accept,"Z2, Z4",1.44133640481283,0.17057077682574,-0.0970769214100661,0.468740500155914,Accept,1.32396719320932,Reject,Accept,Accept,Accept,0.381787489845217
0.865933131719812,0.910222866028763,0.144670006628866,-0.319588953354273,0.405091090211297,Accept,"Z2, Z4",1.90100078741602,0.144670006628866,-0.153048703257846,0.412168939723861,Accept,1.82894078871016,Accept,Accept,Accept,Reject,1.59891993220482
0.73707765205274,0.924211159951464,0.0376984073505065,-0.214908894909884,0.455944299824899,Accept,"Z1, Z2, Z4",1.27261866468997,0.0376984073505065,-0.268059710068348,0.364733177569013,Accept,1.23421944386182,Accept,Accept,Accept,Accept,0.47040325763422
0.887297679732293,0.92757105789782,0.157508923003149,-0.0555608312912143,0.409148731250534,Accept,"Z1, Z2, Z4",0.696437887252673,0.157508923003149,-0.0582690451755559,0.378740105092966,Accept,1.00911072611062,Accept,Accept,Accept,Accept,1.05638117943858
1.19503600751651,0.969568627914834,0.0190073269821356,-0.199512116243779,0.254047069001238,Accept,"Z1, Z2, Z4",0.927219375946642,0.0190073269821356,-0.222478438200261,0.24720357782458,Accept,1.16665133078546,Accept,Accept,Accept,Accept,1.23667767307201
0.910892883061085,0.98691212341231,0.0238403842542728,-0.18106888427736,0.281291775401709,Accept,"Z1, Z2, Z4",1.52407682321372,0.0238403842542728,-0.180431005534333,0.212445500172557,Accept,1.48386808079321,Accept,Accept,Accept,Accept,0.522570779450159
0.973624044117098,0.923431844146018,0.0698539844303492,-0.184074601513028,0.341151041309457,Accept,"Z2, Z4",1.32409237718888,0.0698539844303492,-0.118104427854686,0.2527285773803,Accept,1.48171013830285,Accept,Accept,Accept,Accept,0.957514634684468
1.34033756319798,0.843253944276358,0.0654534989981271,-0.332275995046577,0.218638648636234,Accept,"Z2, Z4",1.8862142578545,0.0654534989981271,-0.159223042175208,0.285966438062756,Accept,1.42388745719956,Accept,Accept,Accept,Accept,0.350735912500327
0.771311818144231,1.10566782422937,-0.186304646986635,-0.39715312465808,0.0915174365457302,Accept,"Z1, Z2, Z4",1.09031320468853,-0.186304646986635,-0.386301908474815,0.0105152808558045,Accept,1.29406176388514,Accept,Accept,Accept,Accept,1.1172006414268
0.937858609153005,0.972058208427483,-0.0455466384474967,-0.34510275310256,0.161942196198964,Accept,"Z1, Z2, Z4",1.67947048535188,-0.0455466384474967,-0.243364158863524,0.155380081305224,Accept,1.34206143417434,Accept,Accept,Accept,Accept,0.902813582738453
0.897386754601499,1.00065584898335,-0.0726656874420419,-0.470513103227352,0.216665090996674,Accept,"Z2, Z4",1.28189427922383,-0.0726656874420419,-0.337032699855233,0.188308973856494,Accept,1.35504022172414,Accept,Accept,Accept,Accept,0.858893799070672
1.17924359876317,0.977414664905716,-0.0799885606467517,-0.392949801767856,0.181674327290896,Accept,"Z1, Z2, Z4",1.36812571259733,-0.0799885606467517,-0.382974703235689,0.19909632187453,Accept,1.19986808613079,Accept,Accept,Accept,Accept,0.850331212372207
0.960038757772817,0.970554811440355,-0.215767062368413,-0.335176108827546,0.230337242867052,Accept,"Z1, Z2, Z4",0.974871574744004,-0.215767062368413,-0.491898999896733,0.0411208638689981,Accept,1.00255772041075,Accept,Reject,Accept,Accept,0.611923259847121
0.546892740692269,0.968644052800047,0.076615191009213,-0.128826359055374,0.221471002857981,Accept,"Z1, Z2, Z4",0.9671032576144,0.076615191009213,-0.0902121667545207,0.249248582558578,Accept,1.03386544622633,Accept,Accept,Accept,Accept,0.435431457358505
0.814200756367295,1.0213419787443,-0.0923250432617482,-0.244894858112539,0.4613814108931,Accept,"Z1, Z2, Z4",1.79524230551462,-0.0923250432617482,-0.380983299162617,0.177413249037695,Accept,1.28257456930809,Accept,Accept,Accept,Accept,0.824281911656424
1.42691039832938,1.17595236568183,-0.286826597147484,-0.488063049024324,-0.0296995956338065,Reject,"Z1, Z2, Z4",1.58431159929416,-0.286826597147484,-0.545234682760821,-0.0216751477257085,Reject,1.41496410572287,Reject,Reject,Accept,Accept,0.409585924364874
1.25821173688842,1.03289811624128,0.0504099121540704,-0.402158049732056,0.284986879009377,Accept,"Z2, Z4",1.1525798439728,0.0504099121540704,-0.223036745127872,0.316364218652088,Accept,1.29211692051472,Accept,Accept,Accept,Reject,1.31839509097633
0.830831110300574,0.878127040938802,0.124600244835892,-0.180149675435653,0.312247567334047,Accept,"Z1, Z2, Z4",2.08414958430099,0.124600244835892,-0.0773371048825911,0.324659108193344,Accept,1.40583219557807,Accept,Accept,Accept,Accept,1.36525747749524
0.669746091605611,0.857895551076604,0.00230187525156336,-0.074131830573669,0.442632161722706,Accept,"Z2, Z4",1.41909886270168,0.00230187525156336,-0.171690394951624,0.174289428335642,Accept,1.47558583489873,Accept,Accept,Accept,Accept,0.527760158481009
1.07613052657851,0.920482475303443,-0.0530920000902056,-0.23805283890519,0.275275335610078,Accept,"Z1, Z2, Z4",1.75181059357794,-0.0530920000902056,-0.318027528901583,0.213679356767691,Accept,1.44852030194994,Accept,Accept,Accept,Accept,1.13001458827071
0.632692721941923,0.897434251392545,0.000789693124615864,-0.115303331481066,0.400832925323078,Accept,"Z2, Z4",1.65642120876353,0.000789693124615864,-0.199731740087797,0.188963185937105,Accept,1.24465478001053,Accept,Accept,Accept,Accept,0.840865129584775
1.09980165401656,1.06474262054059,0.0222617634799563,-0.306297519152889,0.135519218624182,Accept,"Z1, Z2, Z4",1.04861249906154,0.0222617634799563,-0.19687088638843,0.247912583252047,Accept,1.03639141902995,Accept,Accept,Accept,Accept,0.889899456788514
0.958069656053813,1.0590483383014,0.0446554409169965,-0.227847218254418,0.242977129335497,Accept,"Z1, Z2, Z4",1.48242332545654,0.0446554409169965,-0.18558668894257,0.282617262270545,Accept,1.5786486447574,Accept,Accept,Accept,Accept,0.777573790518447
0.776323099062218,1.10201561235657,-0.0119552209463051,-0.382084832781282,0.473886798122909,Accept,"Z2, Z4",1.60081974151675,-0.0119552209463051,-0.282143961616374,0.253522475101395,Accept,1.37591247658455,Accept,Accept,Accept,Accept,0.687424280191897
0.800176908643391,1.04359355550287,0.0569028836914959,-0.189069049557082,0.505077460571018,Accept,"Z2, Z4",1.76773792554312,0.0569028836914959,-0.20045490908,0.320993337304259,Accept,1.3385991921043,Accept,Accept,Accept,Reject,1.42138346699602
0.851497846845927,1.05924471103978,-0.169311664792075,-0.384384954897301,0.441749406181398,Accept,"Z2, Z4",2.03713061336527,-0.169311664792075,-0.476537236155013,0.093616825821531,Accept,1.72961788537933,Accept,Accept,Accept,Accept,0.593631419607793
0.960386509998997,0.877579830288114,0.0623852581405396,-0.145428157787493,0.309716102558138,Accept,"Z1, Z2, Z4",1.14668657583103,0.0623852581405396,-0.16304084761697,0.289172528866796,Accept,1.35011740923971,Accept,Accept,Accept,Accept,1.18608648409479
0.988003591576719,0.885967691606729,0.264631125764208,-0.293561026713695,0.424294855569995,Accept,"Z1, Z2, Z4",1.38367362864579,0.264631125764208,-0.0302921402042606,0.586786354834656,Accept,1.16102570772879,Accept,Accept,Accept,Accept,0.675663995422998
1.23688367055865,1.0469400347861,-0.151425203681283,-0.347238893602772,0.0550003521732148,Accept,"Z1, Z2, Z4",1.42383049808718,-0.151425203681283,-0.352814995719611,0.0419766275283682,Accept,1.43675739229366,Accept,Accept,Accept,Accept,0.683179517647888
1.18746908741106,1.07973824080495,-0.257988557926224,-0.401976396611087,0.10394247153554,Accept,"Z2, Z4",1.64481326249514,-0.257988557926224,-0.460546687330945,-0.0472607452614885,Reject,1.34194748981522,Accept,Accept,Accept,Accept,0.802374581010403
1.01475253235859,1.02796262005278,0.0403991935418729,-0.318197228508381,0.324791165480395,Accept,"Z2, Z4",1.29881717184114,0.0403991935418729,-0.193565437782405,0.270671371776974,Accept,1.25373604422429,Accept,Accept,Accept,Accept,0.299859141223929
1.23069535443053,0.965100407873796,-0.108126471380589,-0.266888673382313,0.110819085152942,Accept,"Z1, Z2, Z4",1.80188381813409,-0.108126471380589,-0.285175787218803,0.071738632205223,Accept,1.51283837270184,Accept,Reject,Accept,Accept,0.31840649430363
0.877024410420908,1.07316886162217,-0.00992216255357816,-0.383395014967198,0.108771014665403,Accept,"Z2, Z4",1.37487851268169,-0.00992216255357816,-0.204384813844044,0.202716249549238,Accept,1.27929553412773,Accept,Accept,Accept,Accept,0.156038330940976
0.842171073373156,0.999006899116073,0.00545786308209874,-0.216633131222908,0.276360044769148,Accept,"Z1, Z2, Z4",1.55359841893137,0.00545786308209874,-0.224589017601345,0.235246702985645,Accept,1.42542564757819,Accept,Accept,Accept,Accept,0.777133799211053
1.01377762077454,1.1478662646636,-0.125811235889961,-0.490808662676117,0.205425680631047,Accept,"Z2, Z4",1.26708284809353,-0.125811235889961,-0.39169337572491,0.142584191259533,Accept,1.22485628166761,Accept,Accept,Accept,Accept,0.75945364158158
0.8161042950563,1.04880440933794,0.109504818866486,-0.242272846362108,0.388293639687407,Accept,"Z1, Z2, Z4",1.15377040862871,0.109504818866486,-0.164615805700445,0.420544400637256,Accept,1.16523549381033,Accept,Accept,Accept,Accept,0.392159458931034
0.73239256179253,0.818370653409083,0.0839596923392559,-0.0623643230119739,0.3895918850031,Accept,"Z1, Z2, Z4",1.27629308038931,0.0839596923392559,-0.14589798294847,0.324694138084973,Accept,1.026724852392,Accept,Accept,Accept,Accept,0.825237890843309
0.7892883687271,1.0180065113658,-0.0153543492961492,-0.388478076960295,0.26443695034798,Accept,"Z2, Z4",1.64810578479272,-0.0153543492961492,-0.250727822118456,0.235404512801928,Accept,1.55597372174166,Accept,Accept,Accept,Accept,0.624460827284053
1.28727204803489,1.03790454351207,-0.222304357949148,-0.33223034370248,0.150349365970632,Accept,"Z1, Z2, Z4",1.5203414678259,-0.222304357949148,-0.475632928061017,0.0402022513429562,Accept,1.37988571189782,Accept,Accept,Accept,Accept,0.804374446478696
0.700359873397173,1.00429711300112,-0.0604024604780005,-0.243775141824349,0.209846279661464,Accept,"Z1, Z2, Z4",2.23051836697839,-0.0604024604780005,-0.250395805505435,0.132632867212768,Accept,1.71775894514518,Accept,Accept,Accept,Accept,0.383913280277939
0.451144180169401,0.790097076906024,0.23587477066202,0.192283885528269,0.867338134553812,Reject,"Z2, Z4",1.68267082592298,0.23587477066202,-0.0422083304383038,0.534901110341136,Accept,1.70269247380785,Reject,Reject,Accept,Accept,1.28615048925935
0.950950202270072,0.991790034377883,-0.0612303899960373,-0.211047306640055,0.249292645070946,Accept,"Z1, Z2, Z4",1.31573846671884,-0.0612303899960373,-0.256011732510656,0.162364687580238,Accept,1.59372324350096,Accept,Accept,Accept,Accept,0.733889911872025
0.760550572374619,0.911098378616011,-0.00641663094585853,-0.164387975306666,0.257000239367287,Accept,"Z1, Z2, Z4",1.13015048057839,-0.00641663094585853,-0.189307311721517,0.196701114944501,Accept,1.30213556457776,Accept,Accept,Accept,Accept,1.08257428585184
1.46714098314148,1.12896787274196,-0.181212639835237,-0.501066096023348,0.0115299611965407,Accept,"Z1, Z2, Z4",2.13143215595834,-0.181212639835237,-0.438908837056945,0.0665789153084715,Accept,1.57500882814039,Accept,Accept,Accept,Accept,1.06930196222557
0.785557949223493,0.904555086463756,0.209698723884699,-0.313570864199818,0.451958976858334,Accept,"Z2, Z4",1.74618519613503,0.209698723884699,-0.082033651061786,0.499619409909781,Accept,1.30420522203964,Accept,Accept,Accept,Accept,0.695619242081795
1.10933813617106,1.04698854254591,-0.000461684900221965,-0.347919767325179,0.177552680684001,Accept,"Z1, Z2, Z4",1.38227090491462,-0.000461684900221965,-0.230635948160895,0.220751626064222,Accept,1.09270634958552,Accept,Accept,Accept,Accept,1.044927898649
1.17323064814872,0.990946535658315,-0.074347780287229,-0.361288474549283,0.351133793050835,Accept,"Z2, Z4",1.79726544353389,-0.074347780287229,-0.322489247408586,0.200876347606608,Accept,1.46497858658343,Accept,Accept,Accept,Accept,0.829546361978514
0.791565461826111,0.895172573245639,0.214751519093741,-0.166077360618682,0.439446075192834,Accept,"Z1, Z2, Z4",1.60221298108879,0.214751519093741,-0.0357493795930068,0.466364345612275,Accept,1.2936836847477,Accept,Accept,Accept,Accept,0.172092441992576
1.00630212873261,0.999962102815464,0.0170426920476639,-0.281021740556718,0.0929025020372445,Accept,"Z1, Z2, Z4",1.4064865336628,0.0170426920476639,-0.139932841307796,0.16917711727415,Accept,1.29746333383533,Accept,Accept,Accept,Accept,0.539322605961187
0.802060737004522,1.02510699234205,-0.168812481601612,-0.189121306103561,0.231040272368053,Accept,"Z1, Z2, Z4",1.37621393529507,-0.168812481601612,-0.353057188450528,0.0363173707081023,Accept,1.16549178762429,Accept,Accept,Accept,Accept,1.04131713592072
0.93139283212224,0.989570550186154,-0.0405915082128536,-0.232668245413088,0.272694366850611,Accept,"Z1, Z2, Z4",1.73150070897682,-0.0405915082128536,-0.278684287347386,0.206061856457883,Accept,1.49358268003023,Accept,Accept,Accept,Accept,0.383490404238347
