Beta_Trt,Beta_Risk,Beta_intx,Lower.CI,Upper.CI,rejection.Risk,SSVS_results,Prediction_Error,Beta_intx_Noise,Lower.CI_Noise,Upper.CI_Noise,rejection.Risk_Noise,Prediction_Error_Noise,rejection.interaction,rejection.interaction_adj,rejection.SDIR,SDIR
1.4094855771779378,0.9585955715405898,0.14650858670342448,-0.04109279157249354,0.24791733402399838,Accept,"Z1, Z2, Z4",2.2055200727749513,0.14650858670342448,0.007761056886995108,0.27425384656703833,Reject,2.022942012948342,Reject,Reject,Accept,0.4409083983430295
1.0502741236949804,0.8758430185274235,0.2132928565321585,0.11796937460230672,0.3853820525949808,Reject,"Z1, Z2, Z4",1.9104278198840243,0.2132928565321585,0.07999524088670065,0.3482928202445215,Reject,1.818186943472336,Reject,Reject,Accept,0.42130928463495326
0.9876758868044716,0.8271885465276201,0.23998684444244403,0.14822092619610033,0.4052399868869138,Reject,"Z1, Z2, Z4",1.6177268200673243,0.23998684444244403,0.12189825345709773,0.35814741799074573,Reject,1.7285205175732405,Reject,Reject,Accept,0.5732371330021623
1.1467633702901883,0.8487739280106158,0.21769772924995742,0.1196721749171275,0.3925006112516366,Reject,"Z1, Z2, Z4",2.208544075414575,0.21769772924995742,0.07279901087065604,0.3673964129884869,Reject,2.086930304455548,Reject,Reject,Accept,0.65309796109029294
1.0163729665413281,0.7994143147960742,0.24219603408682738,0.15108362653220236,0.4064432422480364,Reject,"Z1, Z2, Z4",1.8459789799518098,0.24219603408682738,0.10268798879795578,0.37260249423356373,Reject,1.9383229277546965,Reject,Reject,Reject,1.1925385113917102
1.1318102292091328,0.8534558742499767,0.27285511244714006,0.10103241163499388,0.41216485405483505,Reject,"Z1, Z2, Z4",1.8797847547510866,0.27285511244714006,0.11206659909073408,0.4270416509068939,Reject,1.7117050170147612,Reject,Reject,Reject,1.2393226711197494
1.0098479623519525,0.833875520566203,0.19507859956048962,0.11301705911825374,0.37713163995223836,Reject,"Z1, Z2, Z4",1.9092557145716191,0.19507859956048962,0.058095415945498156,0.3245345447766928,Reject,1.670445416439529,Reject,Reject,Reject,1.2122276066421018
1.130953572090861,0.9525668940803125,0.1990535951595385,0.060646885796481254,0.4143974544779799,Reject,"Z1, Z2, Z4",1.9034457552723318,0.1990535951595385,0.01016405977657621,0.3792851113412378,Reject,1.929816923036317,Reject,Reject,Accept,0.6723387481233831
0.9701614607936044,0.8785363443744156,0.313988022306539,0.17528424021067016,0.4712732145373954,Reject,"Z1, Z2, Z4",1.858936137842298,0.313988022306539,0.1624980329372398,0.4580538353942474,Reject,1.8022959943244852,Reject,Reject,Accept,0.5736942733018326
1.0603897360691998,0.9391913771643596,0.24450148558329304,0.12039429581368444,0.4147552504375607,Reject,"Z1, Z2, Z4",2.08032073105293,0.24450148558329304,0.0887924823216281,0.3906082431980863,Reject,1.8210665799548067,Reject,Reject,Accept,0.6226349797632638
0.8903012823032002,0.8406599332772602,0.2935260729864016,0.20671941012086828,0.48068429605680457,Reject,"Z1, Z2, Z4",1.858800946248274,0.2935260729864016,0.1576303733367896,0.4267567026991905,Reject,1.7443802568059084,Reject,Reject,Accept,0.8688758319303704
0.9515918709565105,0.895391233828435,0.262615231895447,0.1264951850357603,0.42021417707090436,Reject,"Z1, Z2, Z4",2.0506255220260527,0.262615231895447,0.10201153469983369,0.4123245850819843,Reject,1.8680414444523645,Reject,Reject,Accept,0.7569711619465517
0.7136740138849954,0.7495133542611958,0.31904025075832465,0.24612229961278223,0.4708141092752749,Reject,"Z1, Z2, Z4",1.6573370980795943,0.31904025075832465,0.20324814280902326,0.4362050025730949,Reject,1.8354226806890532,Reject,Reject,Reject,1.2879693455953665
0.8209012855150652,0.8085579605380223,0.26181866447443175,0.11579001811744788,0.4165297638316419,Reject,"Z1, Z2, Z4",1.8856780452585802,0.26181866447443175,0.12263634816497247,0.40496382761689004,Reject,1.7851019154820318,Reject,Reject,Accept,0.7696264265958541
1.135361361483845,0.9491293857911339,0.16928074583293748,0.040581018317183484,0.37859104307512625,Reject,"Z1, Z2, Z4",1.8690297225600614,0.16928074583293748,-0.003387917294605077,0.32675736037884673,Accept,1.8693345422176784,Reject,Reject,Accept,0.7906638322476848
1.1619747205664328,0.8886128917234705,0.27604381625497587,0.07848776101105928,0.37570340538044733,Reject,"Z1, Z2, Z4",2.237149131582768,0.27604381625497587,0.1314175341534859,0.4254147357374259,Reject,1.9982081029484116,Reject,Reject,Accept,0.6757588185629272
0.9022559505961767,0.8950431037262585,0.2756026833662633,0.1556826865070477,0.4890117177000926,Reject,"Z1, Z2, Z4",2.0354960343599044,0.2756026833662633,0.11375499904291922,0.4298148172351975,Reject,1.7747006621695096,Reject,Reject,Reject,1.0789192012073083
1.2364756257206342,0.8200034849666643,0.24467012820599318,0.09716489734741647,0.3505185420114851,Reject,"Z1, Z2, Z4",2.0487157614651563,0.24467012820599318,0.11480049937496414,0.38090697191376366,Reject,1.8378130974813331,Reject,Reject,Reject,1.0126433992633082
1.004238616499695,0.7946991886052208,0.20882750403803416,0.1998394023631701,0.47283937183086444,Reject,"Z1, Z2, Z4",1.9267251126129339,0.20882750403803416,0.0781618497395066,0.3503160110264799,Reject,1.872172265044356,Reject,Reject,Accept,0.8982434184974791
1.1554118951836794,0.803529338122287,0.221096377210809,0.09077038727111159,0.35125753478561395,Reject,"Z1, Z2, Z4",1.9824073645486744,0.221096377210809,0.09063983907558631,0.34787778086634735,Reject,1.9445791213444505,Reject,Reject,Reject,0.9588999708933331
0.8833672046199146,0.9372672087782118,0.3045841118621817,0.2156843613758684,0.578728578945943,Reject,"Z1, Z2, Z4",1.860240053455317,0.3045841118621817,0.11058032571798314,0.4887346014509527,Reject,1.9484013608086994,Reject,Reject,Accept,0.7297809693531051
0.9750947448876909,0.7026380675571491,0.3094521485932479,0.20461727604621519,0.4864033944090135,Reject,"Z1, Z2, Z4",1.6612566587603497,0.3094521485932479,0.16859054486095854,0.4497293092100183,Reject,1.753063562097686,Reject,Reject,Reject,0.9805901079177041
0.9395262734571583,0.8834744980299272,0.2649785615618077,0.15072942215666082,0.4580344424655134,Reject,"Z1, Z2, Z4",1.8462685470841305,0.2649785615618077,0.11184594477647106,0.41156306890602506,Reject,1.9052091390299342,Reject,Reject,Accept,0.588600775598912
0.7911571928827221,0.8390658493401155,0.34208730246031754,0.27435203541039144,0.531777072612306,Reject,"Z1, Z2, Z4",1.5027989010977167,0.34208730246031754,0.18902099529812733,0.4757616457633075,Reject,1.6209739528231344,Reject,Reject,Accept,0.5310017617252512
0.8852873691667201,0.9183411773637311,0.2914757298040525,0.15893481095095355,0.46511392855846356,Reject,"Z1, Z2, Z4",1.8285972273219187,0.2914757298040525,0.1376378448093195,0.4476606361412238,Reject,1.8083013462757918,Reject,Reject,Reject,1.02094692579906
1.0680217350652816,0.8550088982192929,0.26459922326277663,0.10847257018156821,0.44716236751313254,Reject,"Z1, Z2, Z4",1.8808428333895046,0.26459922326277663,0.10473053968281995,0.42636719797266165,Reject,1.8967804383640459,Reject,Reject,Reject,0.9173755840959177
1.0241466398446344,0.9129123591930844,0.15090839098403305,0.051763399226467825,0.36031549219032816,Reject,"Z1, Z2, Z4",1.6623994456315887,0.15090839098403305,3.423339186941921e-4,0.3032001540350796,Reject,1.6216397586340714,Reject,Reject,Accept,0.5678741641518666
1.2806392091950487,1.007067147828045,0.16326252293865967,0.003545810320222159,0.33632559655731287,Reject,"Z1, Z2, Z4",2.075342790159222,0.16326252293865967,-0.016630368160682023,0.3416114350728957,Accept,1.9075725579411253,Reject,Reject,Reject,1.0036468141661057
1.252822471710116,0.7763039320008143,0.23286815054227689,0.10548065656549452,0.3894169612703319,Reject,"Z1, Z2, Z4",1.9876281805155545,0.23286815054227689,0.09402890934915567,0.3670046251712147,Reject,1.978593075036408,Reject,Reject,Accept,0.6209933425750371
0.4812135325072492,0.7347466342359841,0.4648147119720997,0.3127706369751205,0.6288845717576361,Reject,"Z1, Z2, Z4",1.817904152045101,0.4648147119720997,0.3213366095482562,0.6247138074879419,Reject,1.7586095607645853,Reject,Reject,Reject,0.9267045980171519
1.1705816734118908,0.8746688030200438,0.1850964312663452,0.06080976261919008,0.33513482248666415,Reject,"Z1, Z2, Z4",2.0189779724880683,0.1850964312663452,0.02601783153962134,0.3380801502177963,Reject,1.7977618626813934,Reject,Reject,Reject,1.0897690838659075
0.7256256480319264,0.7556401326868952,0.2849233489176196,0.23702316743214968,0.5487623829226567,Reject,"Z1, Z2, Z4",2.0362783991096363,0.2849233489176196,0.11408952668688696,0.4446502884437537,Reject,1.839248132506595,Reject,Reject,Reject,1.129172390775825
0.7857920034299882,0.8438354498290879,0.27236985129104735,0.2076317322556223,0.5033806512207969,Reject,"Z1, Z2, Z4",1.898107657984043,0.27236985129104735,0.12581696835174724,0.41953462090356386,Reject,1.8394983202897077,Reject,Reject,Accept,0.11574169911805464
0.976875583905581,0.8211438199479696,0.21508179476442701,0.10714869132588271,0.376394368607978,Reject,"Z1, Z2, Z4",1.6329213674553973,0.21508179476442701,0.0779925084695898,0.3459459647998042,Reject,1.8174750382961387,Reject,Reject,Accept,0.37277432034538005
0.8073146041526662,0.78504717103423,0.29771785448333993,0.2155920979623882,0.4955584221319548,Reject,"Z1, Z2, Z4",1.5592772247768176,0.29771785448333993,0.15631180257595534,0.4580437489977165,Reject,1.672167302768469,Reject,Reject,Accept,0.7419870667491865
1.042159017511137,0.8121746752428762,0.2644628199224124,0.18618700971256386,0.45459702797073526,Reject,"Z1, Z2, Z4",2.167613964664847,0.2644628199224124,0.1301196146406898,0.39959436107281193,Reject,2.00967172641823,Reject,Reject,Accept,0.8499046985345357
1.1246575144992603,0.8896280513822856,0.14639902715328157,0.06093579936794958,0.38367473788298684,Reject,"Z1, Z2, Z4",1.8975984539124442,0.14639902715328157,-0.008094476675193104,0.29790104805648576,Accept,1.8291611961014125,Reject,Reject,Accept,0.7458914238395631
1.0541675234554881,0.8810896602763815,0.23052808674469816,0.10065490369807795,0.3822810314435061,Reject,"Z1, Z2, Z4, X9",1.8307078237229018,0.23052808674469816,0.08484045972169285,0.3680535953101426,Reject,1.8039658226264574,Reject,Reject,Reject,0.9616754511444408
0.8737526688583032,0.9646449138440579,0.2994836325727582,0.1623934859957441,0.4762783845495555,Reject,"Z1, Z2, Z4",1.8376632554734753,0.2994836325727582,0.15264765996069318,0.4509834397175511,Reject,1.752252944567586,Reject,Reject,Accept,0.5650611386745524
0.8027239386320091,0.8376536410371708,0.3252356897148535,0.18373513029634322,0.5120708098654075,Reject,"Z1, Z2, Z4",1.881166498819553,0.3252356897148535,0.1687558287596715,0.48529726563841785,Reject,1.9342006161638752,Reject,Reject,Accept,0.7329373171247465
1.1276488471878716,0.8725049257100032,0.25473765238845336,0.12727881576973438,0.46867662179783043,Reject,"Z1, Z2, Z4",1.6892830418071472,0.25473765238845336,0.07879760281203596,0.4333500633477375,Reject,1.8479858496017305,Reject,Reject,Accept,0.6604712162647942
1.0025404757067797,0.8637594006505609,0.2542902292818985,0.20246199865837025,0.48578952351058824,Reject,"Z1, Z2, Z4",1.9696835310139644,0.2542902292818985,0.1125196853349037,0.3930485726758315,Reject,1.8944439046639212,Reject,Reject,Reject,1.1524355515349638
1.1609321783703448,0.9126789877348556,0.18118845060961106,0.07266758488076262,0.3270568054961658,Reject,"Z1, Z2, Z4",1.8415140766474527,0.18118845060961106,0.054658057176860966,0.30422349449470454,Reject,1.7088888175964974,Reject,Reject,Accept,0.5355336689136752
0.9280791416043974,0.8582621157177729,0.24326924894460947,0.11616546753596893,0.412643270486171,Reject,"Z1, Z2, Z4",1.755154923525227,0.24326924894460947,0.08435803184946393,0.4134360746878308,Reject,1.8254064880622198,Reject,Reject,Accept,0.5612466583893749
0.9295165701262486,0.7884470593227395,0.25084709976639247,0.18114838352920645,0.425138443220467,Reject,"Z1, Z2, Z4",1.9774417181317063,0.25084709976639247,0.11183588368185782,0.3779006389525698,Reject,1.8370612065973395,Reject,Reject,Accept,0.9118438873733723
1.1791894554886697,0.8782579491823108,0.16655529604072547,0.010744901906051622,0.3138060438283974,Reject,"Z1, Z2, Z4",1.7607972101659244,0.16655529604072547,0.007225224660959765,0.3078298129727448,Reject,1.8129203013303612,Reject,Reject,Accept,0.4808063502937029
1.0341294622043171,0.727626043012246,0.2328632096168532,0.1591628804411054,0.419411642731618,Reject,"Z1, Z2, Z4",1.8745517724767113,0.2328632096168532,0.09118469148806083,0.3615513228951616,Reject,1.6023384378602312,Reject,Reject,Reject,1.0338156505577984
0.9443173449683929,0.8334588143462526,0.2829824781580223,0.17917551757305197,0.4636371538738517,Reject,"Z1, Z2, Z4",1.936110516108882,0.2829824781580223,0.14985771952495036,0.42252603989962545,Reject,2.0411103392979886,Reject,Reject,Reject,0.933057690558903
1.0364985894084235,0.840536719772299,0.19318263287356666,0.07776691587146631,0.34729819157497704,Reject,"Z1, Z2, Z4",1.834893137744219,0.19318263287356666,0.05718111516742988,0.32790539975419614,Reject,1.8642851025314295,Reject,Reject,Accept,0.4649760690844124
1.0987614401258041,0.9113468555871552,0.21028377880777332,0.057406101940941756,0.3806496601894188,Reject,"Z1, Z2, Z4",1.509356095555992,0.21028377880777332,0.06274280131491304,0.3615369618763819,Reject,1.7075494286253448,Reject,Reject,Accept,0.31805085281988116
1.0613118794067473,0.9170429663797832,0.2636061230558673,0.13999629482113757,0.45223689123894556,Reject,"Z1, Z2, Z4",1.9680498946448293,0.2636061230558673,0.09950612921869996,0.42479631937300977,Reject,1.8652978115811307,Reject,Reject,Accept,0.8544564525568313
0.9211400461251291,0.8717389862476562,0.33419123298724246,0.17775926757124996,0.4419240053760125,Reject,"Z1, Z2, Z4",1.925048105073601,0.33419123298724246,0.1961342014435556,0.4721701426731654,Reject,1.920863113078912,Reject,Reject,Accept,0.7980477740253991
0.9615012553029201,0.8749717064711451,0.2718247993102334,0.15864598380593123,0.5010383470921391,Reject,"Z1, Z2, Z4",1.8396215097580066,0.2718247993102334,0.10488862980856557,0.4454785173162913,Reject,1.686097622712267,Reject,Reject,Reject,0.9005685997930573
0.8463130135174569,0.8868859328666782,0.33752125910854797,0.18665612508959595,0.5504292710434417,Reject,"Z1, Z2, Z4",1.9437299796384135,0.33752125910854797,0.16658927323323425,0.5177108938099463,Reject,1.9948205600855349,Reject,Reject,Reject,0.972435010392712
0.9470266131504304,0.9429652943129739,0.29083991558324257,0.15622420215719904,0.47620454320070826,Reject,"Z1, Z2, Z4",1.7809578176731222,0.29083991558324257,0.13806922089108867,0.4494854785043575,Reject,1.7372197681094608,Reject,Reject,Reject,0.9866643121400147
0.7998468786806074,0.8614617882526056,0.3473704806697716,0.3016601719855494,0.6250502216269405,Reject,"Z1, Z2, Z4",2.1578495726957247,0.3473704806697716,0.18912729050771354,0.5217821638419003,Reject,2.0055471443839696,Reject,Reject,Reject,1.1680251579128327
0.9224901892363006,0.8914970470086451,0.26448635587631286,0.17843714907638208,0.4327645673267332,Reject,"Z1, Z2, Z4",1.7681633481471293,0.26448635587631286,0.12214727996665603,0.39695913319384085,Reject,1.7281932712072134,Reject,Reject,Accept,0.7162460046179836
1.0232233234210981,0.9077090082005352,0.2787839238028467,0.10233285637434854,0.40688595128294247,Reject,"Z1, Z2, Z4",1.7929769751726286,0.2787839238028467,0.13301675341680375,0.4231211744185131,Reject,1.8057689054578931,Reject,Reject,Accept,0.7772219557837595
0.958206438085868,0.8542278031723348,0.21851750323186642,0.07901029381651968,0.37757339410875773,Reject,"Z1, Z2, Z4",2.0006123985572883,0.21851750323186642,0.06115790458982208,0.3611938338907302,Reject,1.7859720577363996,Reject,Reject,Accept,0.7938031649520492
0.7157139219845597,0.8181817740215037,0.28942956266633435,0.21869110348711668,0.5029897080798169,Reject,"Z1, Z2, Z4",1.7763868358314594,0.28942956266633435,0.14209195272724634,0.42831089553276336,Reject,1.8115194240675498,Reject,Reject,Accept,0.6963091119111097
1.0145562565303872,0.9879609267933918,0.17398434756748923,0.057440146575065125,0.41760702336995686,Reject,"Z1, Z2, Z4",1.9108292549290535,0.17398434756748923,-0.0018590797691050967,0.3520230350561741,Accept,1.7341622189045625,Reject,Reject,Accept,0.6682193603461788
1.1236929005473406,0.8647695110683711,0.24668396012427216,0.13948683488055608,0.4458549356322499,Reject,"Z1, Z2, Z4",2.1419673372092514,0.24668396012427216,0.08744728460256812,0.4022198770208786,Reject,1.985132299264575,Reject,Reject,Accept,0.32822461559095645
0.9886069009009234,0.8027406058480003,0.28896664288212126,0.13398461877268195,0.39100953375572445,Reject,"Z1, Z2, Z4",1.8000744777645832,0.28896664288212126,0.16553807082869867,0.4188420429169815,Reject,1.688135316480475,Reject,Reject,Reject,0.9228054322914332
0.8346861660156358,0.8729652785758645,0.27372321671905225,0.12718149157031217,0.41566382954245823,Reject,"Z1, Z2, Z4",1.851095048463225,0.27372321671905225,0.1408640828867757,0.4127295330704682,Reject,1.7636398104698956,Reject,Reject,Reject,0.9676174021607173
0.8657821113016196,0.7517671947714782,0.3647469052938298,0.23525390290355355,0.5632906929294889,Reject,"Z1, Z2, Z4",2.083924748979582,0.3647469052938298,0.21020996104188627,0.5045325922682732,Reject,1.887898853715822,Reject,Reject,Reject,0.9425030683235636
1.174709281641877,0.8683458648856476,0.15741873481203508,0.04128955336132174,0.3403994367455712,Reject,"Z1, Z2, Z4",1.6710135263228825,0.15741873481203508,0.014635944121093725,0.3123541407638735,Reject,1.7957171577684041,Reject,Reject,Accept,0.7145135303536876
0.9309148710480591,0.7551314979550117,0.33989836639835613,0.195264565839948,0.4795843802556916,Reject,"Z1, Z2, Z4",1.8119113277022254,0.33989836639835613,0.1996118309131391,0.4787423543395315,Reject,1.730365159058683,Reject,Reject,Reject,0.840272238429287
0.770098684614795,0.8659383197728562,0.26235004967239006,0.13018796033719232,0.44260953746856185,Reject,"Z1, Z2, Z4",1.6798395038762999,0.26235004967239006,0.10750554845251704,0.4175678352150455,Reject,1.6633569564505117,Reject,Reject,Accept,0.8028391556974218
1.0538584485380802,0.9789669084953612,0.2608452561436265,0.0845374667944872,0.3832244040760524,Reject,"Z1, Z2, Z4",1.801600540497488,0.2608452561436265,0.11713830730903,0.40656493581110575,Reject,1.7440030360429524,Reject,Reject,Accept,0.4830140670193785
1.0794898194648246,0.7803450580427391,0.23592861921669303,0.12626911335003346,0.4135207826574512,Reject,"Z1, Z2, Z4",2.1661873555880256,0.23592861921669303,0.10316892714759576,0.3908117592360636,Reject,1.9459546921043867,Reject,Reject,Accept,0.7255754323246157
1.0490442650570038,0.9940875385575839,0.22815104711806805,0.08380577509134618,0.39155291527184444,Reject,"Z1, Z2, Z4",1.7956546001358902,0.22815104711806805,0.06332401164474873,0.38441512076285406,Reject,1.7495880693471089,Reject,Reject,Reject,0.9077137877170585
0.9294605771190452,0.7816441956347501,0.3339337646489459,0.18289024232118362,0.46474821850478093,Reject,"Z1, Z2, Z4",2.0399103819971374,0.3339337646489459,0.194507866130311,0.4758459834162065,Reject,1.8414679707939952,Reject,Reject,Reject,1.1362384439949018
0.9327597395921771,0.8950793045344816,0.3026065919890957,0.1710963454015238,0.44251869467099303,Reject,"Z1, Z2, Z4",2.0724164465822397,0.3026065919890957,0.14994639006399715,0.46440173516527744,Reject,1.7383404612469027,Reject,Reject,Accept,0.5879467981896596
0.9040697415174389,0.8621990854593531,0.298741446469999,0.21520505997650413,0.5058406365934057,Reject,"Z1, Z2, Z4",1.7264345823776892,0.298741446469999,0.16185343575851105,0.4489033740896316,Reject,1.781319058434359,Reject,Reject,Accept,0.658557597524627
1.242775646790342,0.9125283143756299,0.18191712013999298,0.08103980247279205,0.3385258235046961,Reject,"Z1, Z2, Z4",1.9936868079109058,0.18191712013999298,0.06077527941282918,0.314315110186257,Reject,1.8458660868231738,Reject,Reject,Accept,0.5969035286839308
1.1111010068281928,0.8607213023103242,0.26841216492497005,0.15280202871073556,0.44299063359658086,Reject,"Z1, Z2, Z4",2.344503483481228,0.26841216492497005,0.1199361233474547,0.4351291650275017,Reject,2.1771221042395363,Reject,Reject,Accept,0.6264687477753809
1.2008465509728443,0.7747780633507693,0.23011782783994766,0.08974680314220239,0.3233634140945545,Reject,"Z1, Z2, Z4",1.6025025981279613,0.23011782783994766,0.10843805544327965,0.3401087824610799,Reject,1.8063538627620295,Reject,Reject,Accept,0.9406294683519603
0.8547649514910353,0.8754760961286147,0.35002021456211085,0.20316261230774935,0.4536310518467881,Reject,"Z1, Z2, Z4",1.8054850863980627,0.35002021456211085,0.2228457225053244,0.4743388691459363,Reject,1.7548629588503377,Reject,Reject,Accept,0.745524842698394
1.0243206721174996,0.8508309419727432,0.26497684189490545,0.12999662885926655,0.421908006318019,Reject,"Z1, Z2, Z4",1.6969928847655578,0.26497684189490545,0.12278349689139226,0.4100115992281562,Reject,1.8051719647636884,Reject,Reject,Accept,0.9011037593583326
0.6795362420393501,0.795783789613378,0.3283790233210919,0.23857946964281995,0.5269607074165237,Reject,"Z1, Z2, Z4",1.9740867186344115,0.3283790233210919,0.18355818642612506,0.46389294528874586,Reject,1.80042000418123,Reject,Reject,Accept,0.7941074988563235
0.9397018074479774,0.8423301034188933,0.2451401235692925,0.10889074432988222,0.41950227187694084,Reject,"Z1, Z2, Z4",1.94456869904868,0.2451401235692925,0.10136384307095536,0.39350076674774476,Reject,1.7183677230373626,Reject,Reject,Accept,0.8782400110125897
1.2476399239449019,0.941792930249738,0.21249688240397172,0.01812339053519539,0.2824650016051298,Reject,"Z1, Z2, Z4",1.6857211665419676,0.21249688240397172,0.06651097373197297,0.358269421466878,Reject,1.6528353713373043,Reject,Reject,Accept,0.5767643363283065
0.9993352650115015,0.7903638652842274,0.2714618930940465,0.21726395404456716,0.47143975518634096,Reject,"Z1, Z2, Z4",1.8765492791941458,0.2714618930940465,0.14364395066159216,0.4006543175314411,Reject,1.6927364439129784,Reject,Reject,Reject,0.9574091416946495
0.8992039213475943,0.883721955050632,0.3792570449930454,0.18919779344735874,0.5014516364183536,Reject,"Z1, Z2, Z4",2.0175011999379744,0.3792570449930454,0.22338936994356035,0.540070391927349,Reject,1.8170060804771901,Reject,Reject,Accept,0.49171169586805713
0.953524839852363,0.8206917960304193,0.335870155657249,0.23833794901343291,0.4981775033388867,Reject,"Z1, Z2, Z4",1.7984717282178524,0.335870155657249,0.19643614954645433,0.4781481927650836,Reject,1.8495869040357542,Reject,Reject,Accept,0.8052913747128533
1.0633196087526584,0.8510291336793252,0.2439814238391292,0.15270937637814846,0.44299321572586436,Reject,"Z1, Z2, Z4",2.105881654677259,0.2439814238391292,0.09723084090046627,0.3986433254071955,Reject,1.8346599352274522,Reject,Reject,Accept,0.29971143070565004
1.0544136858989828,0.8160164243355786,0.23654213091776816,0.10532523887469986,0.34853170106352,Reject,"Z1, Z2, Z4",1.9475119266148788,0.23654213091776816,0.11026397109317601,0.36944471133895623,Reject,1.88501951990932,Reject,Reject,Reject,1.2855859662734543
1.1713221609254394,0.8967772377977775,0.2170400751521813,0.08698384539689083,0.3835526751168431,Reject,"Z1, Z2, Z4",2.101917279897193,0.2170400751521813,0.055530466126265526,0.37362060601611496,Reject,1.9633459282835346,Reject,Reject,Accept,0.8295082882597481
0.7905044736614014,0.8371426934021053,0.2880455596605046,0.17030608973451686,0.4658770252495776,Reject,"Z1, Z2, Z4",1.6636185470036267,0.2880455596605046,0.1384510682071527,0.4308336713968757,Reject,1.6537359199193373,Reject,Reject,Reject,0.8901769961777662
0.9360025994858654,0.770615350407028,0.31526547584741527,0.20439472306117956,0.4990249555962396,Reject,"Z1, Z2, Z4",1.9464605313221606,0.31526547584741527,0.1655524003831455,0.45553443973419266,Reject,1.9204073106962314,Reject,Reject,Accept,0.6669071402732442
0.9270890682811995,0.9364399060559216,0.2016023685987301,0.07315878586951775,0.3697654608834012,Reject,"Z1, Z2, Z4",1.6057712822008405,0.2016023685987301,0.04948572484618149,0.3543739081763129,Reject,1.5567798924716487,Reject,Reject,Accept,0.1773802787498873
1.1137628713772156,0.8943024958399731,0.22992109894348065,0.08266635173262538,0.42059648844552827,Reject,"Z1, Z2, Z4",2.1807712773389953,0.22992109894348065,0.0671527603671785,0.39869208880032064,Reject,1.8296831462142398,Reject,Reject,Accept,0.6530877712469916
1.243093640151212,0.8292464186569778,0.16539540615537124,0.10695458897068993,0.3710459755042991,Reject,"Z1, Z2, Z4",1.6978739185119067,0.16539540615537124,0.009342537949530619,0.3075465295325326,Reject,1.8935219958506964,Reject,Reject,Reject,0.881499557209597
0.8700590922737496,0.8696837345970111,0.3454202733107216,0.20876112554878606,0.5210915644368513,Reject,"Z1, Z2, Z4",1.497704468205281,0.3454202733107216,0.18197401436974825,0.5223515544661576,Reject,1.5353689355189437,Reject,Reject,Reject,1.0841278756909634
1.1637127378204808,0.906976897407396,0.17172990170942135,0.0809197448991951,0.4219435495273547,Reject,"Z1, Z2, Z4",2.525475925238705,0.17172990170942135,0.0070578325531433575,0.3335046500915522,Reject,2.1645805960511058,Reject,Reject,Reject,1.0688440762985383
0.9283632723962956,0.8636394327703427,0.2797715079264206,0.16634006704753795,0.48675007991410196,Reject,"Z1, Z2, Z4",1.8578685544175897,0.2797715079264206,0.12321699911259505,0.438313038333805,Reject,1.7496152473798035,Reject,Reject,Reject,1.0326223055088943
0.8352003220981338,0.8758229831196803,0.3284823763174469,0.2352029909533642,0.5283225426902979,Reject,"Z1, Z2, Z4",1.6424952287141386,0.3284823763174469,0.1793956480882238,0.47731065594989247,Reject,1.6792063013879668,Reject,Reject,Reject,0.9286052796320915
1.0691685098808938,0.9010885086364349,0.24769243177355835,0.11245488745790869,0.4005684199912862,Reject,"Z1, Z2, Z4",2.1824353988660463,0.24769243177355835,0.10145824615457108,0.39207747125326714,Reject,2.0926830209267475,Reject,Reject,Accept,0.7132928514787097
1.1178291972781664,0.9979118299656813,0.1948470365853183,0.06726413183753838,0.3488722208768904,Reject,"Z1, Z2, Z4",1.9646942147158297,0.1948470365853183,0.04764499240398435,0.3528741925227926,Reject,1.6354345848890952,Reject,Reject,Reject,1.0100812092889493
1.0664492867156947,0.8632025736212284,0.1548286596342178,0.10498683056002733,0.3737864586817446,Reject,"Z1, Z2, Z4",1.5372562925958517,0.1548286596342178,0.018571228935287835,0.2918701675156717,Reject,1.6478874771680605,Reject,Reject,Accept,0.8270821447437942
1.2644589790983884,0.8539046168829258,0.217510767821026,0.09109781513228746,0.3474513796514592,Reject,"Z1, Z2, Z4",1.9689796927112106,0.217510767821026,0.0914571963066283,0.3519935688865406,Reject,1.982644459756547,Reject,Reject,Accept,0.7980765281865325
1.0394322977735397,0.8251439956261208,0.2806799664060556,0.12639826307921534,0.3797873481929721,Reject,"Z1, Z2, Z4",1.89067706269905,0.2806799664060556,0.15214745003935926,0.4064156793925445,Reject,1.8610895749776961,Reject,Reject,Reject,0.9831537211851734
0.7319402668599805,0.8203475700293708,0.35886397410540416,0.25673955617317995,0.6176171751152671,Reject,"Z1, Z2, Z4",2.2835521918562516,0.35886397410540416,0.17712095439756262,0.5385219511751423,Reject,1.9515769003258827,Reject,Reject,Reject,1.002804841519214
0.9212267776180925,0.9106512312440991,0.20275846573220904,0.13312537934022856,0.4545943557230088,Reject,"Z1, Z2, Z4",1.7365013294701632,0.20275846573220904,0.03750980218494565,0.37713964215845347,Reject,1.6778146656811908,Reject,Reject,Reject,0.8836612464653815
1.159836106148008,0.8855156168562506,0.1717135730235712,0.04019816944668934,0.3463374157644732,Reject,"Z1, Z2, Z4",2.315527924297715,0.1717135730235712,0.03087749184916116,0.31271925344887236,Reject,2.023496036322736,Reject,Reject,Accept,0.7853211886765111
1.072235384700132,0.8197996732077298,0.23477764500715714,0.13974266444336308,0.41458067254198816,Reject,"Z1, Z2, Z4",1.7008786390404376,0.23477764500715714,0.09830959200926,0.3734910578179937,Reject,1.7363537644210083,Reject,Reject,Accept,0.13237744339074375
1.0075993317857597,0.8216810176177511,0.24988726750936036,0.15581810267389895,0.44172386519215484,Reject,"Z1, Z2, Z4",2.164667573641971,0.24988726750936036,0.10077706776569956,0.3955239826225775,Reject,1.8729526401338306,Reject,Reject,Accept,0.9003204806963444
1.1169315552548014,0.9090245795769504,0.13973420085500016,0.03915965885457006,0.3696304009974708,Reject,"Z1, Z2, Z4",1.9568335969193964,0.13973420085500016,-0.02779073375911128,0.2968992792444659,Accept,1.7372950289877374,Reject,Reject,Reject,1.0388387289824355
1.104520740717546,0.9277865970776116,0.1225037040134978,0.011725552300972733,0.34598989585894335,Reject,"Z1, Z2, Z4",1.7845941436052093,0.1225037040134978,-0.042433243521482714,0.29190283313934295,Accept,1.8568737387802579,Reject,Reject,Accept,0.857205763382161
1.2125729250351025,0.9146212269259876,0.09202305670606603,0.01673454102226435,0.26139119195626637,Reject,"Z1, Z2, Z4",2.0144086994034036,0.09202305670606603,-0.035881593255001135,0.21644529950472738,Accept,1.7216184259600373,Reject,Reject,Accept,0.4435878748869858
0.9968557049939908,0.8677969944319515,0.2151736442488846,0.10234334037054206,0.3998928596766664,Reject,"Z1, Z2, Z4",1.9453788266035092,0.2151736442488846,0.0640057825746746,0.3677773351033353,Reject,1.635308153375668,Reject,Reject,Reject,1.1121266063288275
1.1959785523986923,0.8877558384889853,0.16039492606230174,0.07235666597261199,0.37176274773121637,Reject,"Z1, Z2, Z4",1.6932742733343158,0.16039492606230174,0.009650663315097119,0.313684894917456,Reject,1.784890489137625,Reject,Reject,Reject,0.950890327415834
1.0088725182395113,0.9433565421001642,0.23025360087087518,0.10228433250841007,0.46073708767020716,Reject,"Z1, Z2, Z4",1.6324183010750062,0.23025360087087518,0.06036000606608676,0.39536459067819524,Reject,1.681410087704171,Reject,Reject,Accept,0.5992841935769933
0.9975098871844668,0.8956116363537335,0.2691472025398877,0.1297929887984999,0.3975460818739347,Reject,"Z1, Z2, Z4",1.6571174285760621,0.2691472025398877,0.1368296570517818,0.4015511772434312,Reject,1.7457306291618269,Reject,Reject,Accept,0.2920949007679185
1.0631658277954483,0.8235376686962005,0.2826498128398253,0.20006359701554577,0.45351506412144726,Reject,"Z1, Z2, Z4",1.8675980614058514,0.2826498128398253,0.14364390839663424,0.4054075838535293,Reject,1.9435899819717517,Reject,Reject,Accept,0.7715023112076347
1.1653966502355686,0.8538502100330166,0.16452869605980452,0.013580113517652953,0.2907469984511271,Reject,"Z1, Z2, Z4",1.7873913736582367,0.16452869605980452,0.02535147034620044,0.304206915653442,Reject,1.705140178292392,Reject,Reject,Accept,0.3025151097354545
1.0214354197546123,0.8968857765619118,0.23185717054018215,0.10958254953843188,0.37480080820336714,Reject,"Z1, Z2, Z4",2.324447455108802,0.23185717054018215,0.09980333169356373,0.3660323871690488,Reject,1.9479132292028953,Reject,Reject,Accept,0.9179992350547265
1.1128438351396899,0.8609226578926575,0.18584455629625016,0.0746293953896701,0.34682784495310764,Reject,"Z1, Z2, Z4",1.8966157190165156,0.18584455629625016,0.043496651338646566,0.3214095306225572,Reject,1.883775205803743,Reject,Reject,Accept,0.3132390260818219
1.118284422805543,0.8825995761812644,0.260972418976735,0.09002617248846181,0.4231421845499649,Reject,"Z1, Z2, Z4",1.943801883753467,0.260972418976735,0.08418838776375862,0.4312508948741365,Reject,1.9453518300109005,Reject,Reject,Accept,0.3244061182043167
1.0533275781750275,0.8968108783795772,0.21189121583692358,0.08548873192044013,0.35395934828984427,Reject,"Z1, Z2, Z4",1.5955526295846394,0.21189121583692358,0.07311335434771579,0.3541717124428171,Reject,1.5142817912735291,Reject,Reject,Accept,0.09157670505219664
1.0747449859526332,0.8014813523654255,0.15999845400641113,0.10252708577793311,0.3534563701379979,Reject,"Z1, Z2, Z4",2.152313877905671,0.15999845400641113,0.0370270415109532,0.2879672530190761,Reject,1.781473615707506,Reject,Reject,Reject,1.168337888679052
1.1721198367259014,0.817011691719228,0.15629416856852463,0.06628396629147199,0.3278898484450307,Reject,"Z1, Z2, Z4",1.8421481935354145,0.15629416856852463,0.03390849206780605,0.2824133170618841,Reject,1.873204157692722,Reject,Reject,Accept,0.4223482231002702
1.3319336554983938,0.9395201065691176,0.11566481789339757,-0.03136820072026709,0.3035331629491278,Accept,"Z1, Z2, Z4",1.9730028185930673,0.11566481789339757,-0.0460530343013357,0.2839974184153052,Accept,1.7981944797453153,Reject,Reject,Reject,1.20338777403511
0.8399164944353754,0.8241007077576851,0.39770276649615055,0.3351686168029067,0.6319915508814163,Reject,"Z1, Z2, Z4",1.9425611011984614,0.39770276649615055,0.24402239744797838,0.54235735782893,Reject,1.9160614135646576,Reject,Reject,Accept,0.6160332973729398
0.9603687438303926,0.7745489811242907,0.30227046720250556,0.1965604784585424,0.4911787852569995,Reject,"Z1, Z2, Z4",1.8024526280436186,0.30227046720250556,0.15519067336617093,0.4397093756978894,Reject,1.8789244535403982,Reject,Reject,Reject,0.8985338616832248
0.9437221017457605,0.7679787649086001,0.26990778025908135,0.18032243660167677,0.4371902303067639,Reject,"Z1, Z2, Z4",1.8656817100483805,0.26990778025908135,0.14227216262811673,0.41009010521703276,Reject,1.6763963342621044,Reject,Reject,Accept,0.7441581268165343
0.9576629663114699,0.9010452018540783,0.17345538363493854,0.07565693554448119,0.40771351077602186,Reject,"Z1, Z2, Z4",1.827816939786806,0.17345538363493854,0.03045152525613419,0.3258882639529669,Reject,1.9131698606099083,Reject,Reject,Accept,0.5439717352148532
0.7380295092356962,0.9901719923668251,0.25450888584322306,0.1308580435367819,0.4757729371591109,Reject,"Z1, Z2, Z4",1.5222828288193526,0.25450888584322306,0.08834032886845168,0.42130609886039233,Reject,1.649374283610419,Reject,Reject,Accept,0.6328395207848099
1.0579308400777585,0.8684082428533212,0.2227528624806843,0.100341149811392,0.39651322377367776,Reject,"Z1, Z2, Z4",1.7153273973702883,0.2227528624806843,0.08464559153321966,0.37491806429335295,Reject,1.7018679307755757,Reject,Reject,Reject,1.1417683578181297
0.8906866637553227,0.9277932685283893,0.34850885782863855,0.18679183586686612,0.5494543879666995,Reject,"Z1, Z2, Z4",1.6939535054809096,0.34850885782863855,0.17481416738974612,0.5240994764405109,Reject,1.8737666034791447,Reject,Reject,Reject,0.9403062729894941
1.2551583000936788,0.9253777791021088,0.20256879597602476,0.06857064822074763,0.35117499197270713,Reject,"Z1, Z2, Z4",1.7607019237626662,0.20256879597602476,0.06325566035960446,0.3487499731702828,Reject,1.8137194610560374,Reject,Reject,Accept,0.6848400158358512
0.7926194943918802,0.8165802577988361,0.313125951854385,0.20090793036651533,0.5673487752488484,Reject,"Z1, Z2, Z4",1.431903128238646,0.313125951854385,0.14159468681743118,0.49852561459541955,Reject,1.677584142144397,Reject,Reject,Reject,0.8083239627204704
1.0721857284278034,0.9161894169058377,0.23428241532828034,0.11621366759773326,0.48528404314841445,Reject,"Z1, Z2, Z4",1.9582920013074017,0.23428241532828034,0.053990590467749996,0.4008671289931456,Reject,1.865983065953207,Reject,Reject,Reject,1.0318019242444225
1.052215956239497,0.7544121284416508,0.20031625623384086,0.10529568577213497,0.3760721456212499,Reject,"Z1, Z2, Z4",2.1804990803777016,0.20031625623384086,0.07144656532180746,0.34199649800206444,Reject,2.001211828902518,Reject,Reject,Accept,0.5338190463221149
0.9258007519682672,0.8671471103882816,0.3146285323768737,0.16014817856288696,0.4981336380537348,Reject,"Z1, Z2, Z4",1.9717627947464167,0.3146285323768737,0.14722419382795507,0.48277162750815816,Reject,1.9138637357684598,Reject,Reject,Accept,0.5986613609103798
1.0486034324944835,0.8442660782346797,0.2822321291249355,0.10970062362372113,0.4426375937959084,Reject,"Z1, Z2, Z4",1.6937610427540923,0.2822321291249355,0.11125696701213841,0.4352228572983414,Reject,1.809836303666279,Reject,Reject,Accept,0.43180663027902283
1.1688380133603762,0.840830213028528,0.1876644991207946,0.0628371065232316,0.33003424176417534,Reject,"Z1, Z2, Z4",1.8047600411558073,0.1876644991207946,0.05888168200206433,0.3255434382665125,Reject,1.7936984447192692,Reject,Reject,Accept,0.8636626122289244
1.0161453508977445,0.7903222070965193,0.29824012337831696,0.16586499730704202,0.42199292042317127,Reject,"Z1, Z2, Z4",1.9950418323247527,0.29824012337831696,0.17209663403089748,0.4233235827055746,Reject,1.8989629769464285,Reject,Reject,Accept,0.8516906093683373
0.8174225970641873,0.8958872896881903,0.2906027463082488,0.18338363364186758,0.4834854989627984,Reject,"Z1, Z2, Z4",1.8619022363340523,0.2906027463082488,0.13368742442729697,0.44687462183646215,Reject,1.7120215380605575,Reject,Reject,Reject,1.0275525470358273
0.9864464033827623,0.8862941687697027,0.29969889664244365,0.18871942012493867,0.5131640768756711,Reject,"Z1, Z2, Z4",2.2970033647316743,0.29969889664244365,0.1452854952355228,0.44679536363313327,Reject,2.0182491181317777,Reject,Reject,Accept,0.7959569555176476
0.9400175628301551,0.8772879722052184,0.2646151383518766,0.1930844482485019,0.4706408538447028,Reject,"Z1, Z2, Z4",2.0815721986947677,0.2646151383518766,0.11709575772296915,0.4142699168638108,Reject,1.8872958501927113,Reject,Reject,Accept,0.34645031921594344
0.7233549111576595,0.9542960112053303,0.23604509504914847,0.16693952007532648,0.47395047206031327,Reject,"Z1, Z2, Z4",1.6003350042486295,0.23604509504914847,0.09588334929223669,0.3913806316385944,Reject,1.7326245623828813,Reject,Reject,Accept,0.2516851401085585
0.8132383833784314,0.94181736259382,0.3186348001029887,0.19877235726206538,0.5157296357006198,Reject,"Z1, Z2, Z4",1.6121768854053302,0.3186348001029887,0.16520914212384283,0.46683525120239105,Reject,1.7310667876900323,Reject,Reject,Reject,1.1632827852938352
1.1465186108856176,0.8460175295271424,0.2420238720733252,0.15767936433643956,0.42802746633487476,Reject,"Z1, Z2, Z4",2.0422501004943228,0.2420238720733252,0.10143148783156775,0.37439696441441833,Reject,1.9190319260413375,Reject,Reject,Reject,1.138982955002726
1.1040182666773999,0.970572288638328,0.15992371346259968,0.08399932733094823,0.3791099195462212,Reject,"Z1, Z2, Z4",1.955711467708913,0.15992371346259968,0.006439606035261752,0.31518785665241883,Reject,1.9137836278420255,Reject,Reject,Accept,0.5390742615880612
0.8568025542625712,0.7308164030379893,0.2658996957705617,0.21944888377629826,0.5015358582926761,Reject,"Z1, Z2, Z4",1.50215890210648,0.2658996957705617,0.12207867309263909,0.41156271236693853,Reject,1.6790791923154895,Reject,Reject,Accept,0.5974464260058372
0.90967703523581,0.8652431138698132,0.2565139212677753,0.10113889156485897,0.41728101610157114,Reject,"Z1, Z2, Z4",1.8774842399856937,0.2565139212677753,0.11251739245964947,0.40047490189906176,Reject,1.8491729376635968,Reject,Reject,Reject,1.0272434178318095
0.9312302578325401,0.8784706622140158,0.3430695686866455,0.1951320516527815,0.5017821320648237,Reject,"Z1, Z2, Z4",2.1429346585129254,0.3430695686866455,0.19945381515030394,0.5100709526704592,Reject,2.0095691091739014,Reject,Reject,Accept,0.5882026079314914
0.7521025814671692,0.7626955437156405,0.19480220245716784,0.15502117413812644,0.47425038683557114,Reject,"Z2, Z4",1.9433826667694298,0.19480220245716784,0.059154820438923075,0.3308344282074498,Reject,1.6309082711273815,Reject,Reject,Accept,0.8851366700651506
0.9888501949481397,0.8201677512554412,0.2409170879668583,0.15563223283984073,0.3936714207633248,Reject,"Z1, Z2, Z4",1.7957189574813595,0.2409170879668583,0.12201687701547222,0.3617405516082376,Reject,1.688929332264737,Reject,Reject,Reject,0.9737554031709706
0.8984735687131233,0.7558005450170439,0.29229922851699225,0.18907223396376466,0.4223269345836034,Reject,"Z1, Z2, Z4",1.7056334390236298,0.29229922851699225,0.17860380216721572,0.41296045468773024,Reject,1.6411288515222089,Reject,Reject,Reject,1.1105155980578225
0.9367498132465532,0.7967227376078748,0.21565551808585257,0.10794852433607124,0.3502553536259686,Reject,"Z1, Z2, Z4",1.7932431329984981,0.21565551808585257,0.09629920637128223,0.3391383628628469,Reject,1.7499825902633948,Reject,Reject,Reject,1.1983877176070967
0.7594851107858954,0.8782131377289559,0.4644292247422395,0.3159866912003087,0.6166839892624305,Reject,"Z1, Z2, Z4",1.986865391692912,0.4644292247422395,0.31673045276876266,0.6131007850234655,Reject,1.9338967879838618,Reject,Reject,Accept,0.3773359563228601
0.8252164304348808,0.7552855918306128,0.3774004259013336,0.24289836401232145,0.5386088280340496,Reject,"Z1, Z2, Z4",1.7725596916058493,0.3774004259013336,0.22209096119227434,0.5367184930531116,Reject,1.7151168635618668,Reject,Reject,Reject,1.2304402349912091
1.0276351718447914,0.917208080757556,0.2263175372652227,0.11794952363560475,0.4270525997670902,Reject,"Z1, Z2, Z4",1.7723349893926668,0.2263175372652227,0.06947342863496063,0.38142580213826,Reject,1.758049480815905,Reject,Reject,Accept,0.806159152688366
0.7952703967376643,0.7860138324808037,0.34971740791122163,0.24323231102244114,0.5483708593256266,Reject,"Z1, Z2, Z4",2.052114111199704,0.34971740791122163,0.2043989650230042,0.4893699788902671,Reject,1.9099373695562596,Reject,Reject,Accept,0.7331484060232851
0.938694785980126,0.8338140371493442,0.24917841140676625,0.13386035126424564,0.41788823630891425,Reject,"Z1, Z2, Z4",1.8007008355118925,0.24917841140676625,0.11845592329226848,0.37945642253261225,Reject,1.8760407916249198,Reject,Reject,Accept,0.5998096951919197
0.8289868832421456,0.7090259134684614,0.3732849354015985,0.24871481179093252,0.5328489535758272,Reject,"Z1, Z2, Z4",2.1076229858791105,0.3732849354015985,0.22952052305929202,0.5127266354555653,Reject,2.0048445473360816,Reject,Reject,Reject,0.9781935989839401
1.1472609064562447,0.8215027159934787,0.16793012822390202,0.07388804118275233,0.37780639030971613,Reject,"Z1, Z2, Z4",1.8486982863113015,0.16793012822390202,0.0025606778172123923,0.3383120440746635,Reject,1.923611888687733,Reject,Reject,Accept,0.5288172789781661
1.1567412144092588,0.9078095713449437,0.19565591283195738,0.03799052564838361,0.36142496632017224,Reject,"Z1, Z2, Z4",1.7936743381945757,0.19565591283195738,0.045056599776044794,0.35156589249721887,Reject,1.743302409983147,Reject,Reject,Accept,0.6677660286383407
1.1774374574883684,0.9424969859541841,0.26218396343318007,0.07663382805446536,0.3868071208764558,Reject,"Z1, Z2, Z4",1.9262103511252204,0.26218396343318007,0.11246664717190533,0.4184497965552384,Reject,1.915202374996835,Reject,Reject,Reject,1.0801731131400178
1.068454411663059,0.8340708557706968,0.2163722083980933,0.08292686136083052,0.35424065180488057,Reject,"Z1, Z2, Z4",2.0388590425677644,0.2163722083980933,0.07256401333226593,0.3596879157817665,Reject,1.8964547454783196,Reject,Reject,Accept,0.6516668820656062
0.9365227399558501,0.8413310874017547,0.3097311545640631,0.1906045188342285,0.4760031899995746,Reject,"Z1, Z2, Z4",1.9072234573838875,0.3097311545640631,0.15825340020690246,0.4650053070065994,Reject,1.857286976318492,Reject,Reject,Accept,0.7748673590830579
0.8126893167858509,0.8165496238069897,0.38850867767189534,0.30321264013262317,0.5861974255212319,Reject,"Z1, Z2, Z4",2.035699221169366,0.38850867767189534,0.23722676004194404,0.5274071828059825,Reject,1.9816862064619034,Reject,Reject,Accept,0.9273413163190929
1.0398096507372554,0.821664598833074,0.18329057494920054,0.1141961678793187,0.37836807901993713,Reject,"Z1, Z2, Z4",1.6303293710617615,0.18329057494920054,0.040723251827399,0.33278020279235654,Reject,1.5107814100731025,Reject,Reject,Reject,1.1010052014188265
0.6130595734859001,0.8173433349007058,0.39659879980584856,0.26096194407551343,0.5763622205075333,Reject,"Z1, Z2, Z4, X8",1.7601822077913127,0.39659879980584856,0.23669713897858025,0.5433077528625311,Reject,1.675521739424805,Reject,Reject,Accept,0.727859128286049
0.7284657525475571,0.8698923387000366,0.2803261198033992,0.17268222290791502,0.46203143556982684,Reject,"Z1, Z2, Z4",1.793368435821293,0.2803261198033992,0.13090445564713707,0.4315627365715929,Reject,1.6115242028809076,Reject,Reject,Accept,0.8482242408375812
1.1501524097863505,0.8126466370541935,0.20014344836738956,0.07593009113139196,0.36919329351397573,Reject,"Z1, Z2, Z4",2.1435894820258357,0.20014344836738956,0.051154374254302235,0.351207065272753,Reject,1.7990757004744191,Reject,Reject,Reject,0.917969866270222
1.1491178777922482,0.9118173497541853,0.19555450138137687,0.022457292552740843,0.3742766826827836,Reject,"Z1, Z2, Z4",1.7491085912281046,0.19555450138137687,0.019471166978102996,0.35741534982317946,Reject,1.8371978985649589,Reject,Reject,Accept,0.12532272450312185
0.7017065660240784,0.8134212346136233,0.4197524538092591,0.2983088589830247,0.6421418103142454,Reject,"Z1, Z2, Z4",2.02077552814606,0.4197524538092591,0.25887647257427504,0.5989677503141005,Reject,1.8719946911468597,Reject,Reject,Reject,1.1882322227040205
0.5583365313414602,0.7430206908761842,0.47134149600342845,0.3947746125097433,0.7780647697927472,Reject,"Z2, Z4",1.991816757680346,0.47134149600342845,0.2909355123073708,0.6592361692782865,Reject,1.876537545538012,Reject,Reject,Accept,0.7615016659217262
0.7796487368056214,0.7581854982621253,0.309798848144497,0.20204724729154175,0.462584203874828,Reject,"Z1, Z2, Z4",1.874741057376407,0.309798848144497,0.18475873431032952,0.43802071003987475,Reject,1.7283058718103579,Reject,Reject,Reject,1.1971189234266053
0.9938509522260515,0.9493986775820991,0.21016719346060478,0.07050072574763626,0.3468865239440817,Reject,"Z1, Z2, Z4",1.8327744673659025,0.21016719346060478,0.06407969580569794,0.3436207338313515,Reject,1.6772959008211927,Reject,Reject,Accept,0.7702121140599557
1.3887206045930824,0.923200938620892,0.15740544362737427,-0.01864077202777622,0.31828566174479744,Accept,"Z1, Z2, Z4",2.1433920419393893,0.15740544362737427,-0.0077114784339801234,0.3140277160078673,Accept,2.0776927982715945,Reject,Reject,Accept,0.21144567153963456
0.7836080026757806,0.8374044544542166,0.3092213084293081,0.1724765571092233,0.4324548519740241,Reject,"Z1, Z2, Z4",1.9105739513201974,0.3092213084293081,0.1876844249324003,0.4329039143641781,Reject,1.8646105210045605,Reject,Reject,Reject,0.9960273007325792
0.7155030591150603,0.7854591245956768,0.3381386920114911,0.19674700749332216,0.5086381955347455,Reject,"Z1, Z2, Z4",1.8531910170253645,0.3381386920114911,0.18966317627371437,0.4857238766715704,Reject,1.8590773257482116,Reject,Reject,Reject,1.2096576645598311
1.1515157931091413,0.8479323055535105,0.20062281700381318,0.06781397038569685,0.3542913424422481,Reject,"Z1, Z2, Z4",1.9007507948727538,0.20062281700381318,0.061718283364697236,0.34391675158119517,Reject,1.9699937403280814,Reject,Reject,Accept,0.8219647643401111
1.1273527568923132,0.8354271410870225,0.2259026800999712,0.1331377862032644,0.38370419007869944,Reject,"Z1, Z2, Z4",1.7675960397991546,0.2259026800999712,0.11008514635277503,0.340682585896959,Reject,1.856179242763294,Reject,Reject,Accept,0.25986050168286146
1.2016561677495647,0.9227942499314746,0.20834889021295938,0.07169855188572874,0.38083668009086324,Reject,"Z1, Z2, Z4",1.941958469255322,0.20834889021295938,0.06278749062843489,0.35324825246448405,Reject,1.87916630336797,Reject,Reject,Accept,0.6429844313204736
1.0379183098132334,0.8933900960664926,0.19076928988387426,0.12187490810754498,0.41613865095666375,Reject,"Z1, Z2, Z4",2.096565840152301,0.19076928988387426,0.03618040395075426,0.3319801915790467,Reject,1.8792767382056184,Reject,Reject,Reject,1.2663468408283927
0.8496941942790368,0.7939996615574688,0.3620366664773715,0.23743279823861324,0.5300276319610566,Reject,"Z1, Z2, Z4",1.6647471235225815,0.3620366664773715,0.20577958747854075,0.5128705913062994,Reject,1.8561012709019398,Reject,Reject,Reject,0.9743071322406119
0.9549979200568354,0.8946134056788848,0.3183994729253997,0.18285339707540071,0.4816226060958101,Reject,"Z1, Z2, Z4",2.0153266384633834,0.3183994729253997,0.16036215062962503,0.46858314769788967,Reject,1.8336513114988895,Reject,Reject,Reject,0.9747507722968068
0.9091388486401059,0.8225998848372392,0.2748670616446101,0.11913989398171353,0.40840619628693975,Reject,"Z1, Z2, Z4",1.760796467105224,0.2748670616446101,0.12782541558460317,0.4263448961031444,Reject,1.6813287766888294,Reject,Reject,Accept,0.80143133392131
0.9058163016657615,0.8622902139311464,0.3051282618999618,0.1823042201363584,0.4788057614083516,Reject,"Z1, Z2, Z4",1.6398024691344815,0.3051282618999618,0.14944881863988432,0.45185676233700356,Reject,1.7916024284639573,Reject,Reject,Reject,1.2940385194105213
1.1591965214424027,0.8504756094258524,0.19148295382397898,0.08542602471141039,0.34039829377839376,Reject,"Z1, Z2, Z4",2.209798122835138,0.19148295382397898,0.0683953729864886,0.310376101397997,Reject,1.9219153080732163,Reject,Reject,Reject,1.1358674385209953
1.0615045367977787,0.877080211898512,0.2505180007147923,0.11755729170281383,0.3864212382339825,Reject,"Z1, Z2, Z4",1.88335595733628,0.2505180007147923,0.11418621406780081,0.3897034167803962,Reject,1.8255573234621745,Reject,Reject,Accept,0.5346128641837906
1.1306501735264602,0.8276301104948188,0.26162318377881183,0.1694511088880163,0.42525241830474747,Reject,"Z1, Z2, Z4",1.8131495187024407,0.26162318377881183,0.13717084271711588,0.40113208684142626,Reject,1.794655651519316,Reject,Reject,Reject,1.201647230034198
1.0045005844848907,0.8022380151790164,0.25641639012082007,0.16496197970998278,0.4608434992748297,Reject,"Z1, Z2, Z4",2.0928302872037396,0.25641639012082007,0.11541412226017855,0.4007744538367666,Reject,1.9960160182107236,Reject,Reject,Accept,0.5170753804258207
1.0176485111863174,0.8498613669737181,0.3028630631930563,0.17841014019259469,0.5297511485618829,Reject,"Z1, Z2, Z4",1.8630873377952397,0.3028630631930563,0.14279470084865903,0.44727320400605947,Reject,1.9106648048768906,Reject,Reject,Accept,0.7240699090361221
0.7290042993784538,0.7208368027161324,0.37267882024800897,0.23789494643613832,0.5435432957382004,Reject,"Z2, Z4",1.939520851157008,0.37267882024800897,0.24617044958659404,0.5041466704773597,Reject,1.957592883358175,Reject,Reject,Reject,1.1244858173855354
1.2010730510976324,0.9124299933182496,0.11704016542280754,-0.022045404870348645,0.27251271591372117,Accept,"Z1, Z2, Z4",1.8661953029693723,0.11704016542280754,-0.044978299250719576,0.2654630036015338,Accept,1.7972538812972807,Reject,Reject,Accept,0.7805783125096565
0.8635331079588873,0.8239847316735501,0.23661354170499654,0.2074533562151037,0.4840825066613459,Reject,"Z1, Z2, Z4",1.8278716552724297,0.23661354170499654,0.0886052792326644,0.3688429465267009,Reject,1.7659630883860893,Reject,Reject,Reject,0.941265313701186
0.902028824470192,0.8346508217407953,0.3076963332118616,0.1872907266682861,0.49143104966694,Reject,"Z1, Z2, Z4",2.041820826686878,0.3076963332118616,0.15158422408091163,0.4764749974488152,Reject,1.8451142882042353,Reject,Reject,Accept,0.8292720849621085
0.9716196074387095,0.8164727641994524,0.3090720570083078,0.1939666635199482,0.4489094811798121,Reject,"Z1, Z2, Z4",1.73514672325763,0.3090720570083078,0.1771944620473766,0.44363891707621106,Reject,1.8274206213406663,Reject,Reject,Reject,0.9118265406282227
0.6340809750939158,0.8867734117167784,0.4125639782676904,0.27619360479545807,0.6227072564217345,Reject,"Z1, Z2, Z4",2.056417680307744,0.4125639782676904,0.23353667173027576,0.5904814276984007,Reject,1.9561884107151724,Reject,Reject,Reject,1.031733335439759
0.7816749342649749,0.8603754170753436,0.2997151467571646,0.2670644936153813,0.59823082434479,Reject,"Z1, Z2, Z4",1.7169609682812288,0.2997151467571646,0.1320381335955542,0.46511634269575025,Reject,1.8253116273370662,Reject,Reject,Accept,0.3721924702329445
0.9736296422386306,0.8478298243058957,0.2279702570670832,0.18223724027863153,0.4426915546269406,Reject,"Z1, Z2, Z4",1.6305053366234374,0.2279702570670832,0.09013275248973567,0.37029349830471203,Reject,1.5760478012944177,Reject,Reject,Accept,0.6677452386633144
0.8148282282672759,0.7780416058437742,0.25885843396581115,0.181913863240042,0.45211671540229514,Reject,"Z1, Z2, Z4",1.8100784887995431,0.25885843396581115,0.12296188554316245,0.40347086426202694,Reject,1.8336277988420957,Reject,Reject,Accept,0.6018309115267122
0.92225826698009294,0.8310016884821492,0.3452608297328029,0.2240644092076791,0.5395860311635065,Reject,"Z1, Z2, Z4",1.8146265352653947,0.3452608297328029,0.19079214169774145,0.49513550267257217,Reject,1.837492183717319,Reject,Reject,Accept,0.5096689845498557
0.8542781368689915,0.8466238086800479,0.24883982412614042,0.17506743589999382,0.43898736421094353,Reject,"Z1, Z2, Z4",1.6752198529154227,0.24883982412614042,0.11459265462226718,0.3951096614119299,Reject,1.8156924910256842,Reject,Reject,Accept,0.4358436001690713
0.7616769086222581,0.7849695741606925,0.3856677677502162,0.22650274158999026,0.5281889414190557,Reject,"Z1, Z2, Z4",1.6327089921093383,0.3856677677502162,0.2321736273459509,0.5330073268386875,Reject,1.691147404769632,Reject,Reject,Reject,0.8275702270012377
1.0922856626444961,0.8824838125207716,0.25410300284195714,0.09410140996900922,0.3797911409261189,Reject,"Z1, Z2, Z4",1.8003468553784472,0.25410300284195714,0.1254924885640858,0.38516037517834134,Reject,1.97839581468412,Reject,Reject,Reject,1.1434364286031917
0.9120634674753527,0.8115651588639244,0.22486972973296016,0.09645905595801531,0.45561001451773164,Reject,"Z1, Z3, Z4, X7",1.887493500536683,0.22486972973296016,0.05754907795521364,0.37727892316421924,Reject,1.8462475928805946,Reject,Reject,Accept,0.30390944152111937
0.80037518448559275,0.8304085170550379,0.38418682449886515,0.20600683978441248,0.5411762210871628,Reject,"Z1, Z2, Z4",1.9709293963395185,0.38418682449886515,0.22329567264989203,0.5491645578188494,Reject,1.8567387361527907,Reject,Reject,Accept,0.27818317524528063
0.8050403385845055,0.799943136041385,0.3035897694401888,0.21412491121667038,0.50111990197197,Reject,"Z1, Z2, Z4",1.5398553970247588,0.3035897694401888,0.16451771926886224,0.44241727657080965,Reject,1.6356439466269337,Reject,Reject,Accept,0.7994501155881716
0.9541648614407618,0.93233311824853,0.286530748029456,0.18849547274994305,0.5028249999150708,Reject,"Z1, Z2, Z4",1.7883305274680392,0.286530748029456,0.11344013970623726,0.4411951992419136,Reject,1.6784299219794667,Reject,Reject,Accept,0.5609026695223933
0.850611854535431,0.9177619561717562,0.2593957043594202,0.15012366511018288,0.4870758728718153,Reject,"Z1, Z2, Z4",1.8762661268701033,0.2593957043594202,0.10320218801637432,0.4226305088323566,Reject,1.7330117130451113,Reject,Reject,Reject,0.982662483793256
1.1158031218740694,0.8747233890696264,0.2683530952042159,0.12341193796068124,0.4079258894208593,Reject,"Z1, Z2, Z4",2.0029817695589704,0.2683530952042159,0.12679148674355384,0.4097178318479907,Reject,1.825626090617231,Reject,Reject,Accept,0.7756404744407718
0.8187981879964032,0.7707039629174044,0.3391500386519675,0.217034044670534,0.509924329675643,Reject,"Z1, Z2, Z4",2.0018078711862186,0.3391500386519675,0.19211080998199268,0.4887520234398024,Reject,1.8701810479834249,Reject,Reject,Reject,0.9775038064923006
1.0019483028968907,0.8487259439810119,0.2907192867563682,0.17706019892134583,0.495524934978532,Reject,"Z1, Z2, Z4",2.047548582516051,0.2907192867563682,0.1417426357690718,0.4469387351336215,Reject,2.040826867527265,Reject,Reject,Accept,0.9162503096253434
1.226806929972582,0.7447030689530774,0.20303346716938828,0.06947519753930444,0.3572256940605418,Reject,"Z1, Z2, Z4",2.1009772590180362,0.20303346716938828,0.062451703031595376,0.3484193034518567,Reject,2.0872028831015172,Reject,Reject,Accept,0.6780443902221043
1.1639636761188288,0.8272141657427123,0.24911603376053493,0.1683252686240863,0.4114586386487203,Reject,"Z1, Z2, Z4",1.9567135955264952,0.24911603376053493,0.1325328936406089,0.3722614578042692,Reject,1.9899358389484934,Reject,Reject,Accept,0.08899259976883778
1.1031996636456958,0.8628031287116209,0.2108960404368362,0.05633351612764276,0.3791472968394482,Reject,"Z1, Z2, Z4",1.9261855178960445,0.2108960404368362,0.05872043869880236,0.37435701455572445,Reject,1.9187405625163485,Reject,Reject,Accept,0.48886221568377597
1.0452915592626122,0.8880749930932277,0.22108596083704357,0.07828167119781926,0.3815324757585542,Reject,"Z1, Z2, Z4",1.8079624580678324,0.22108596083704357,0.07430860001720843,0.3687292913591475,Reject,1.866879447804006,Reject,Reject,Reject,0.9435525423714196
0.8950550119917704,0.7968460360432392,0.34684544791539434,0.23857667505505847,0.49338890706167243,Reject,"Z1, Z2, Z4",1.82683495953825,0.34684544791539434,0.21275186770060373,0.48467746016447594,Reject,1.9672524047051474,Reject,Reject,Accept,0.26853236200181047
0.8440419124151614,0.7645227335722042,0.3092411741991467,0.20352418967293237,0.46946267382483664,Reject,"Z1, Z2, Z4",1.7951970779573296,0.3092411741991467,0.17626175617746231,0.4372682519354731,Reject,1.7984930725127666,Reject,Reject,Accept,0.7966361169431887
0.9588541201788916,0.8025321602530665,0.21719027417084757,0.13194563219593342,0.3865911716719757,Reject,"Z1, Z2, Z4",1.7391451859408593,0.21719027417084757,0.09130389066227153,0.3434064296292836,Reject,1.6714202274853809,Reject,Reject,Reject,1.0050712983795658
0.9814739194316763,0.8243899094986687,0.19081432551883182,0.054743886250112325,0.34534944800918327,Reject,"Z1, Z2, Z4",1.7187085582356556,0.19081432551883182,0.04081450181299346,0.331330470993493,Reject,1.778342667360757,Reject,Reject,Reject,1.0133277044102238
0.8737036142255586,0.7675067127362015,0.26109768802271854,0.19733812296476702,0.4518671961010664,Reject,"Z1, Z2, Z4",1.678067558712455,0.26109768802271854,0.12198085830372062,0.39775097428305206,Reject,1.6035933420837523,Reject,Reject,Reject,0.9860124292958837
1.1679258068247738,0.8669210907206382,0.27777056412127904,0.05846962672065491,0.35109344599594855,Reject,"Z1, Z2, Z4",1.651693687866258,0.27777056412127904,0.14051306893858423,0.42041379947588453,Reject,1.6805219200133448,Reject,Reject,Reject,0.9452925984913046
1.147826933097482,0.9921308521927169,0.24928143484121126,0.09990923026451763,0.4317253888783687,Reject,"Z1, Z2, Z4",2.368054006483422,0.24928143484121126,0.0865691749597417,0.4102699387736655,Reject,2.054999245727325,Reject,Reject,Reject,1.1394758742567708
0.9911402005278734,0.8563299601333607,0.16156976134427076,0.1208094454847677,0.3781860918645086,Reject,"Z1, Z2, Z4",1.9453511573943925,0.16156976134427076,0.035349076521035853,0.27892967623746334,Reject,1.7446661732609499,Reject,Reject,Accept,0.34162282820104467
1.149853551514529,1.0231480637694412,0.09073822911797941,-0.011921868047723622,0.3460624437895068,Accept,"Z1, Z2, Z4",1.9503919388209683,0.09073822911797941,-0.09768229007021981,0.268532854730668,Accept,1.7704229762374408,Reject,Reject,Accept,0.5677778943714072
0.9975329462162413,0.8681725217842019,0.24609290818083635,0.16473683688402332,0.45486736246869486,Reject,"Z1, Z2, Z4",2.0694700784797,0.24609290818083635,0.10003012844028003,0.3938608590602072,Reject,1.9766734219269417,Reject,Reject,Reject,1.038024415405501
1.186176114841673,0.8642906531881208,0.16185296015254685,3.1217090017986865e-4,0.3212475400363747,Reject,"Z1, Z2, Z4",1.9194586863507408,0.16185296015254685,0.004074994516133398,0.31977793081778527,Reject,1.8564255176079945,Reject,Reject,Accept,0.5172372323472431
0.6788605876934638,0.7546415914903727,0.35275274994943867,0.26023994186350596,0.5211828781969889,Reject,"Z1, Z2, Z4",2.036892698808879,0.35275274994943867,0.2222231871569686,0.4976056177799714,Reject,1.7502874408757285,Reject,Reject,Reject,0.9824147426428481
1.090075606440975,0.9291359461854377,0.18978285252339563,0.06117317367226744,0.38608334222265805,Reject,"Z1, Z2, Z4",1.9199917320609787,0.18978285252339563,0.025505542278489036,0.33902436610176934,Reject,1.6302801863536731,Reject,Reject,Accept,0.7450940325587311
0.72752086127871,0.8380792098365512,0.39273320658097116,0.27241495419405354,0.5134800247478116,Reject,"Z1, Z2, Z4",1.6805421282723554,0.39273320658097116,0.26289895999896407,0.5162485942790195,Reject,1.5920789461746012,Reject,Reject,Reject,0.9560378947733564
0.8979798484941145,0.8952884389025637,0.28086583676600446,0.14364087117236807,0.48490775516747026,Reject,"Z1, Z2, Z4",2.1466542544621627,0.28086583676600446,0.10642689845254197,0.4419835856900691,Reject,1.94249452974003,Reject,Reject,Reject,0.9740647159940059
0.7842280457460243,0.7794820056995148,0.325822614595058,0.2089425820220903,0.47740122618399156,Reject,"Z1, Z2, Z4",1.7911622535675848,0.325822614595058,0.1865486202358625,0.46045093712003926,Reject,1.77745021846958,Reject,Reject,Accept,0.8565802327453548
0.8118716930105311,0.8343273066967941,0.26165975712930223,0.14220320981760085,0.4306714369263001,Reject,"Z1, Z2, Z4",1.663313170652878,0.26165975712930223,0.11935529018669251,0.3927369643968491,Reject,1.6883051245682643,Reject,Reject,Accept,0.7100569777590023
0.9492698740164177,0.8460344887788221,0.3287339070368751,0.16180117942821376,0.4662508384883002,Reject,"Z1, Z2, Z4",1.6757867481014295,0.3287339070368751,0.17560760125986263,0.47142465824947377,Reject,1.8024091786208738,Reject,Reject,Accept,0.7906502115581329
0.855290772662237,0.8947804233900825,0.31025293194423215,0.1670909519688659,0.48529113053868855,Reject,"Z1, Z2, Z4",1.7133323050635423,0.31025293194423215,0.14571158810690393,0.46890267050238565,Reject,1.8614003518955387,Reject,Reject,Accept,0.7972310585225922
1.0121110577757084,0.8998472001947406,0.2665940018227848,0.16059592612212706,0.4367411133113463,Reject,"Z1, Z2, Z4",1.8316699303089918,0.2665940018227848,0.13373346692754426,0.4192517124220748,Reject,1.7310752739075437,Reject,Reject,Accept,0.5222135628568179
0.867518493590602,0.8700617405301807,0.38736463857899434,0.2494021675946789,0.5535903954289025,Reject,"Z1, Z2, Z4",1.8953332669198488,0.38736463857899434,0.23937518071476324,0.5436464709435883,Reject,1.8299313142960774,Reject,Reject,Reject,1.156399520279227
0.8549623366670305,0.8071631438982518,0.2818716949882139,0.19511281650340798,0.49607107893012586,Reject,"Z1, Z2, Z4",1.795173610457293,0.2818716949882139,0.13257067922498073,0.41896864756764707,Reject,2.028590711027123,Reject,Reject,Accept,0.6976527416276671
1.1065326008120098,0.9007672359130808,0.2769964644421494,0.14637822460213049,0.4304319684951597,Reject,"Z1, Z2, Z4",1.8623552688385678,0.2769964644421494,0.13683436530052337,0.43037240631179946,Reject,1.9117360286135336,Reject,Reject,Reject,1.137412797693858
1.0448241237193705,0.8291523509641497,0.1680078545248049,0.07860622264670158,0.34020120383553915,Reject,"Z1, Z2, Z4",1.7716543053879932,0.1680078545248049,0.030007305278766626,0.2961330611265089,Reject,1.6736183195752994,Reject,Reject,Accept,0.5298719456345501
1.2731016357331697,0.8995214053005948,0.10706588508910453,-0.01888892332714348,0.28398836827046614,Accept,"Z1, Z2, Z4",2.102441340675222,0.10706588508910453,-0.03218429807735333,0.2538483490537079,Accept,1.894634741914449,Reject,Reject,Accept,0.7077417782585953
1.1654896417183918,0.7791237028803462,0.280068791960435,0.15107837051168488,0.44679547320444407,Reject,"Z1, Z2, Z4",1.843142782373792,0.280068791960435,0.12400668493419069,0.4184349222874578,Reject,1.9311913766895128,Reject,Reject,Accept,0.513833817144462
0.6074482050597374,0.8337664159923146,0.3025383901696769,0.2743645342459501,0.5551217525967275,Reject,"Z1, Z2, Z4",1.796285433587817,0.3025383901696769,0.16233854323604918,0.4426562237007279,Reject,1.8347612715660018,Reject,Reject,Accept,0.3828256929227443
0.8944201967973732,0.904666801816375,0.34017244609646957,0.20890181667624072,0.5057046338652367,Reject,"Z1, Z2, Z4",1.7505503261373994,0.34017244609646957,0.20552833055420758,0.49580147494692456,Reject,1.807261063694109,Reject,Reject,Reject,0.9477449784098104
0.8774280524748794,0.7645309743601486,0.28864720350198964,0.20228913181001384,0.4959416265828711,Reject,"Z1, Z2, Z4",2.0912323029081756,0.28864720350198964,0.13451510730363703,0.44423034986070775,Reject,1.9518011742838244,Reject,Reject,Reject,1.2141214715538486
0.7973356080682029,0.8012268623758249,0.33112557400562576,0.22683054246351605,0.5125494801127813,Reject,"Z1, Z2, Z4",2.197038964307255,0.33112557400562576,0.1993478921817889,0.4726549226220042,Reject,2.007428767207692,Reject,Reject,Accept,0.8379567427354745
1.039873609515264,0.8395574028965506,0.2524545461877099,0.18786185176174536,0.4930769679132528,Reject,"Z1, Z2, Z4",2.0072034265624232,0.2524545461877099,0.10795728144190751,0.404616779317772,Reject,2.0064610863768704,Reject,Reject,Accept,0.2608004441492455
0.7756414888927007,0.8913733709104266,0.2212677907449843,0.19558964068794998,0.45568561900456794,Reject,"Z1, Z2, Z4",1.8052895253895596,0.2212677907449843,0.08177532173338177,0.3585707328656361,Reject,1.6519158375564291,Reject,Reject,Accept,0.9006865808936143
1.1651900705163525,0.9646857421304132,0.20126362027909667,0.029936974643516256,0.35748886228628096,Reject,"Z1, Z2, Z4",1.7183858813138213,0.20126362027909667,0.04377861902053578,0.3612987453983898,Reject,1.6966463459722254,Reject,Reject,Accept,0.36948668158593334
1.2433283338496137,0.9155742435684221,0.15727449546823427,0.061707415642505134,0.30555314992318994,Reject,"Z1, Z2, Z4",2.0108191231778316,0.15727449546823427,0.03574779524289779,0.27776899892888746,Reject,1.850270674535104,Reject,Reject,Accept,0.6612159958634575
0.9464128003461376,0.8070059089771107,0.26355524651568835,0.16437466546813664,0.42104021927162394,Reject,"Z1, Z2, Z4",1.6341383823846618,0.26355524651568835,0.14068299590901026,0.38414126481834054,Reject,1.7752887231028436,Reject,Reject,Reject,1.3862985313242742
0.9585945883344236,0.858486994539698,0.24426714812415568,0.11186047677702196,0.3527130815472649,Reject,"Z1, Z2, Z4",1.8405236874413056,0.24426714812415568,0.12633482980315033,0.3706715206882522,Reject,1.7524489994448849,Reject,Reject,Reject,1.1695632439590395
1.1245044785892493,0.9854553113101628,0.13092943522227188,-0.019451598748052912,0.28975471509734685,Accept,"Z1, Z2, Z4",1.8701129753028658,0.13092943522227188,-0.026615901989330323,0.28480359322517224,Accept,1.663613072687116,Reject,Reject,Accept,0.15780879140479598
1.0339795181436797,0.8372845486011559,0.2516850340473311,0.13115159457118952,0.35956287871605386,Reject,"Z1, Z2, Z4",1.8602524715723754,0.2516850340473311,0.1432899332445524,0.3651815259964861,Reject,1.6575321199729396,Reject,Reject,Reject,0.989339370691009
1.029458031792656,0.85291746410458,0.2282419534580489,0.10712727772543845,0.40034838932719574,Reject,"Z1, Z2, Z4",1.9067198248124566,0.2282419534580489,0.07924337687758154,0.37725809822350403,Reject,1.7620736877244025,Reject,Reject,Accept,0.8994872238541985
1.0629022033338404,0.8882676506157948,0.22658593806210367,0.11448095218708501,0.4113850381141243,Reject,"Z1, Z2, Z4",1.76721462647341,0.22658593806210367,0.07754608326089232,0.3735349238537592,Reject,1.6812746208906884,Reject,Reject,Accept,0.6253943966678347
1.0750844500418812,0.9371496789870243,0.22348550147412322,0.052565261108810386,0.40452010384945214,Reject,"Z1, Z2, Z4",1.7359220094433152,0.22348550147412322,0.057704637467017914,0.42050595863307905,Reject,1.7386044699306313,Reject,Reject,Accept,0.5136850030823837
0.9735257758638758,0.89425910707501,0.2938318119027808,0.13874541403226745,0.43582409722275267,Reject,"Z1, Z2, Z4",1.7110592017234976,0.2938318119027808,0.15708423482700598,0.4293337581262175,Reject,1.8625055955894467,Reject,Reject,Reject,1.0294751695641475
0.9749786694415192,0.8603884915259588,0.1686358180028269,0.07425967950911586,0.37899078094325506,Reject,"Z1, Z2, Z4",1.6780146201831494,0.1686358180028269,0.009756921878672392,0.316966004418535,Reject,1.7244691966766437,Reject,Reject,Accept,0.38034836415297724
0.8943665862421433,0.8542295275050328,0.3124758191228216,0.21431366270389257,0.5062780517681114,Reject,"Z1, Z2, Z4",1.776266574486882,0.3124758191228216,0.1594686661646418,0.4428824511391436,Reject,1.8189978211432964,Reject,Reject,Reject,0.9513640439716012
1.0481766386217952,0.8513471227720044,0.23425441529454913,0.1283127792488079,0.44873558540896563,Reject,"Z1, Z2, Z4",2.0536981480887575,0.23425441529454913,0.08714222699736558,0.3758686596039947,Reject,1.955339773134556,Reject,Reject,Reject,0.9684639145758925
0.822509223998882,0.8653925523535253,0.35627417775574427,0.2367167778952803,0.5026594729363834,Reject,"Z1, Z2, Z4",1.8656249731505903,0.35627417775574427,0.21344400696078253,0.4946819147407415,Reject,1.8612927980220517,Reject,Reject,Accept,0.46001746739681976
1.2002237259131066,0.8032033042531589,0.15832502835702772,0.056402733698115035,0.31704341277345544,Reject,"Z1, Z2, Z4",1.848094287198205,0.15832502835702772,0.01960727196630616,0.2925082550894452,Reject,1.8669806818801078,Reject,Reject,Accept,0.7525072289347072
0.8583463470384598,0.8224867780083657,0.2992080454948302,0.16672717902263762,0.4300947328553116,Reject,"Z1, Z2, Z4",1.7941701709576816,0.2992080454948302,0.170094070358664,0.43133526747486756,Reject,1.7696998379808584,Reject,Reject,Accept,0.4701083736575461
1.0198740631429042,0.7993761300833564,0.2522280013082659,0.14561615519329582,0.400778913768429,Reject,"Z1, Z2, Z4",2.0072644336090217,0.2522280013082659,0.1255661338731896,0.385537916175605,Reject,1.8173505274144657,Reject,Reject,Accept,0.4003799505017332
0.6873346664568976,0.7059204516164163,0.34425748367149533,0.2201014233658101,0.49279794759522977,Reject,"Z1, Z2, Z4",1.7917923627984549,0.34425748367149533,0.20171906406746298,0.47605193352846387,Reject,1.695155064569726,Reject,Reject,Accept,0.4035317774804383
1.126914750526485,0.8672904780769105,0.2078837023438289,0.07592048704638651,0.36480559860815387,Reject,"Z1, Z2, Z4",1.8825510565079222,0.2078837023438289,0.056396192732011886,0.35780070861000696,Reject,1.7629276091559762,Reject,Reject,Accept,0.8380159210616517
0.977888519242444,0.8685660134104951,0.21250355202393237,0.10819125523991752,0.36660794291643056,Reject,"Z1, Z2, Z4",1.934102524334363,0.21250355202393237,0.08440836942542358,0.34034108757820314,Reject,1.5408360157487133,Reject,Reject,Accept,0.8337324533192548
1.0372124431710552,0.8749905666278526,0.27385003382278744,0.19592835550841994,0.4919847099648881,Reject,"Z1, Z2, Z4",2.0744774780349675,0.27385003382278744,0.12135290782984937,0.4198033365572047,Reject,1.991408732916955,Reject,Reject,Accept,0.5809229881481691
0.8641374489370582,0.9127666658379033,0.3473673434662951,0.19190133156748712,0.5128166888606878,Reject,"Z1, Z2, Z4",1.7398941308131837,0.3473673434662951,0.1729301195782948,0.5288254314880101,Reject,1.742786596805657,Reject,Reject,Reject,0.8680993052441944
1.0604546782724567,0.9391330105974793,0.16070696557146835,0.04877105672184715,0.3634807687356408,Reject,"Z1, Z2, Z4",1.9756511301183375,0.16070696557146835,0.0045783592828308045,0.3167086253929329,Reject,1.7469136906324934,Reject,Reject,Accept,0.12210825782599581
1.1911495282296214,0.9787480729287644,0.11041803051688252,-0.0033341992749836152,0.29483379844620505,Accept,"Z1, Z2, Z4",1.6438240230699452,0.11041803051688252,-0.05223036963522403,0.261532570549803,Accept,1.7374616973101766,Reject,Reject,Accept,0.7467681315642793
1.1290648462975403,0.8851955971767682,0.17100965330584852,0.04476789353788013,0.28768404330116115,Reject,"Z1, Z2, Z4",1.763873169456589,0.17100965330584852,0.04530720271339232,0.2823506331780942,Reject,1.9795493515532112,Reject,Reject,Accept,0.8794328789902601
1.1715216707257372,0.8710979083385575,0.2694580108574157,0.10052406125567875,0.3801595742026263,Reject,"Z1, Z2, Z4",2.1199367344396562,0.2694580108574157,0.13286069698173905,0.4017806740933558,Reject,2.083017341269949,Reject,Reject,Reject,0.9668976124513807
1.2700301178852607,0.8087101253324878,0.1843130226547336,0.06154663421816917,0.32571331877727394,Reject,"Z1, Z2, Z4",2.062954409245292,0.1843130226547336,0.057179034011882277,0.3080435752057606,Reject,1.8787928347841685,Reject,Reject,Accept,0.21305874852875273
1.0444226571912567,0.9144231356140619,0.2144161165858494,0.07116507966906095,0.3700601899536531,Reject,"Z1, Z2, Z4",2.044356425086229,0.2144161165858494,0.06969661423260934,0.36325464601704494,Reject,1.9155686144004138,Reject,Reject,Accept,0.39632216184933455
0.7757438268198852,0.9548738596486602,0.3285864171546421,0.14529635099372717,0.5056050949650397,Reject,"Z1, Z2, Z4",2.1276469068128936,0.3285864171546421,0.14787117518994147,0.4990054883063211,Reject,1.8050268815381758,Reject,Reject,Reject,1.0468663706592318
0.8491330609150424,0.8063926634610051,0.272543917424581,0.15090531138024468,0.4075824460916915,Reject,"Z1, Z2, Z4",1.8662830695929975,0.272543917424581,0.13816896286895974,0.4102653426216572,Reject,1.8553143847091058,Reject,Reject,Accept,0.42909078883431895
0.7990189241533674,0.8840286192795141,0.3228277950548824,0.22102027925668272,0.5255436619963845,Reject,"Z1, Z2, Z4",1.7857077778202193,0.3228277950548824,0.16572237525161276,0.47170570471254414,Reject,1.8003513055163964,Reject,Reject,Reject,1.0441614681944045
1.0376309107677213,0.9075140328974473,0.17153697396040454,0.0793498837201092,0.3582330662128186,Reject,"Z1, Z2, Z4",1.8205060016755417,0.17153697396040454,0.03845311048175363,0.30673854366403314,Reject,1.6315523115369317,Reject,Reject,Reject,1.1258986012887957
0.8579008863351255,0.897309606980402,0.3477900321992488,0.19013384440764264,0.49961094387671207,Reject,"Z1, Z2, Z4",1.8348812182694345,0.3477900321992488,0.19745489404171393,0.49107180951324014,Reject,1.8336310777354703,Reject,Reject,Accept,0.8207589228964352
0.9202301334327375,0.8157535220107571,0.29551718307819136,0.1705749810804363,0.4566785716391463,Reject,"Z1, Z2, Z4",1.9364056335538964,0.29551718307819136,0.1526436420087408,0.43965901190598977,Reject,1.9779453456120533,Reject,Reject,Accept,0.27716486690139736
0.8599844852347721,0.8052178122823055,0.24606655432715527,0.11768620176273227,0.4438258646621257,Reject,"Z2, Z4",1.70289950810611,0.24606655432715527,0.10281119942610224,0.38476425938643066,Reject,1.6459622326348755,Reject,Reject,Accept,0.68628678520253406
1.250879637408584,0.8189541698551897,0.18849793347339588,0.09135682060623819,0.3486709994425859,Reject,"Z1, Z2, Z4",1.5430606230545765,0.18849793347339588,0.054838753654175364,0.32052110117047794,Reject,1.6053522496104478,Reject,Reject,Reject,1.1198008054166149
0.9377535526180164,0.8158928283390379,0.3104500648794734,0.18962404170576933,0.45267223319147465,Reject,"Z1, Z2, Z4",1.9677504983008232,0.3104500648794734,0.1682885516035017,0.44707143046183556,Reject,1.848576340045898,Reject,Reject,Accept,0.6455948235599029
1.0476689396256909,0.8866656142238735,0.28270492566083044,0.09517793431869928,0.4432435259714036,Reject,"Z1, Z2, Z4",1.7406890111972155,0.28270492566083044,0.10824060792876017,0.4460764232398089,Reject,1.7924800282786189,Reject,Reject,Reject,1.096507171471446
1.028689597290894,0.8636817498109621,0.2277069612707552,0.09254017377202328,0.36712437417711785,Reject,"Z1, Z2, Z4",1.6762722028678019,0.2277069612707552,0.10755101011922115,0.35319890266601967,Reject,1.5509242829630492,Reject,Reject,Accept,0.4849025544166055
1.3188766622062358,0.8985512420412628,0.11683461976156645,0.0020353096778245854,0.3148469615310384,Reject,"Z1, Z2, Z4",1.825767255491631,0.11683461976156645,-0.03533210901825704,0.268357488411229,Accept,1.7964697685321562,Reject,Reject,Reject,0.948024873498603
1.0967565094907,0.8115963286814191,0.2823288012669787,0.15596754120705408,0.40343790631363774,Reject,"Z1, Z2, Z4",1.728891089581352,0.2823288012669787,0.15949717495875998,0.4009035780946236,Reject,1.8410200073655754,Reject,Reject,Accept,0.7116593104491921
0.9808230970423485,0.7854074509111847,0.3909458579010313,0.25416600763646285,0.5609920938063937,Reject,"Z1, Z2, Z4",2.111419972551672,0.3909458579010313,0.22004903887025268,0.54823212165633,Reject,1.8845322946008591,Reject,Reject,Reject,0.9253765127426974
1.0711433591754211,0.9171835307232348,0.15728511881356572,0.09315772498575445,0.36702451293426713,Reject,"Z1, Z2, Z4",1.8237723429898745,0.15728511881356572,0.01772156641166743,0.294438664886012,Reject,1.6528188660663843,Reject,Reject,Accept,0.6228445437707729
0.8742606926914576,0.7617204954878454,0.3651995560583654,0.2481720314476579,0.4986972738007633,Reject,"Z1, Z2, Z4",1.8392668100972032,0.3651995560583654,0.23497528392844183,0.5040041207199005,Reject,1.696995947965587,Reject,Reject,Reject,0.855690695915182
0.8186482455970613,0.8919990473673886,0.41170619967925276,0.2707740573263123,0.6043215810544683,Reject,"Z1, Z2, Z4",2.1492539413049707,0.41170619967925276,0.2620341800183141,0.5656372444429085,Reject,2.235209107182633,Reject,Reject,Accept,0.7210033802836588
1.1947029089148786,0.9192479162519647,0.23365904127259696,0.06457129099563033,0.3683825787722159,Reject,"Z1, Z2, Z4",2.080053986525672,0.23365904127259696,0.08291388482186103,0.38477268690857575,Reject,1.9671799634165787,Reject,Reject,Accept,0.47806681924798555
0.8932209725108193,0.942559803696713,0.25678487423653434,0.24182328565156708,0.5295999553909353,Reject,"Z1, Z2, Z4",2.1312437409358154,0.25678487423653434,0.10444537576473059,0.40089978287159983,Reject,1.8395186845043232,Reject,Reject,Accept,0.7354809830869635
0.8398746926248053,0.8739905317852875,0.26260677552265516,0.1146586886164672,0.40407718485147165,Reject,"Z1, Z2, Z4",1.9345390289902233,0.26260677552265516,0.10331684809143743,0.39785922361690723,Reject,1.7638466832963657,Reject,Reject,Reject,1.0183358164573857
0.9217495244015543,0.8314268668053909,0.2927733398791717,0.1961407660602937,0.4410784012416652,Reject,"Z1, Z2, Z4",1.8112641653550094,0.2927733398791717,0.17174382834925053,0.4157319673274476,Reject,1.7656656557421095,Reject,Reject,Accept,0.7542527152808258
1.0974593494005243,0.8184486432085443,0.19524695159159366,0.05766171853207178,0.3764872453079687,Reject,"Z1, Z2, Z4",1.989019368902904,0.19524695159159366,0.044044777489929555,0.3568678934407914,Reject,1.9292585053027687,Reject,Reject,Accept,0.3702309730685174
1.041820347484409,0.7379405040194649,0.2122886322781627,0.11138437360036126,0.36356962249900465,Reject,"Z1, Z2, Z4",1.7118454743136684,0.2122886322781627,0.07504507948288175,0.3371113041627976,Reject,1.7921070240756765,Reject,Reject,Accept,0.2623985995795827
0.9554725189965245,0.8701331760959006,0.3054734949742277,0.16727992135275804,0.44597711201401485,Reject,"Z1, Z2, Z4",1.7232947221038295,0.3054734949742277,0.17356660755013284,0.4420884017979369,Reject,1.6729075196321697,Reject,Reject,Reject,1.109675269714911
1.1347881348429303,0.8667476475640156,0.22873233617612068,0.07580331319892268,0.37833971306295705,Reject,"Z1, Z2, Z4",2.1370849665048897,0.22873233617612068,0.08536511469340902,0.37202050918716656,Reject,1.9681301585248858,Reject,Reject,Accept,0.25755571488208906
0.7388297592540192,0.8023701992509115,0.36660576929589833,0.2338567460096524,0.5299124837693825,Reject,"Z1, Z2, Z4",1.7380854737291076,0.36660576929589833,0.23024082889312283,0.5191565824337891,Reject,1.7640312734656658,Reject,Reject,Reject,0.9877067837647332
1.0603032505074694,0.8241229347133632,0.2277244612176938,0.12194673720999799,0.38542630500413405,Reject,"Z1, Z2, Z4",1.805755515628903,0.2277244612176938,0.08932760488888314,0.36326667887338937,Reject,1.8873070868864874,Reject,Reject,Reject,0.9391855700972273
1.1426899225339489,0.887757751271191,0.1310723840435267,0.028596376115302885,0.34489869979896287,Reject,"Z1, Z2, Z4",1.7630710246193197,0.1310723840435267,-0.023774298253875968,0.2772352053488245,Accept,1.7095356964804487,Reject,Reject,Accept,0.731755318881866
1.0205226949048176,0.8849908059927065,0.14871637815624814,0.043119526286782756,0.3178763925291731,Reject,"Z1, Z2, Z4",1.6384270371353213,0.14871637815624814,0.011517531918160736,0.2901113949641278,Reject,1.7107749784243753,Reject,Reject,Reject,1.0465817652556793
1.0156034088976709,0.8349398544541997,0.2743054866688226,0.11811898287992824,0.421679365727603,Reject,"Z1, Z2, Z4",1.5553420494359986,0.2743054866688226,0.1235519741553253,0.4216631477465184,Reject,1.697270705158238,Reject,Reject,Reject,1.0642056711025272
1.2466813517845134,0.8987844846517091,0.14643528203164466,-0.01692127860189373,0.2947913260466968,Accept,"Z1, Z2, Z4",1.6160549394796748,0.14643528203164466,-0.0066500998686555395,0.2936137447749383,Accept,1.7227650087585709,Reject,Reject,Accept,0.3586279334001434
1.1203310334430372,0.8193281365509262,0.22878267425132703,0.1366003599792003,0.4038588660676098,Reject,"Z1, Z2, Z4",1.597167973175995,0.22878267425132703,0.08477711694622582,0.35791662964991156,Reject,1.7035601523322066,Reject,Reject,Accept,0.5068225311689297
1.1133335013391432,0.941096086757838,0.22941962550518968,0.09019468695785313,0.4183979877608699,Reject,"Z1, Z2, Z4",1.9187873004940963,0.22941962550518968,0.05186608614232448,0.38616100590099994,Reject,1.8801131399857638,Reject,Reject,Accept,0.18947217960083526
1.1047255285756297,0.8396866040460078,0.2601581509167053,0.13422950559747826,0.399760950472129,Reject,"Z1, Z2, Z4",2.0034927503989697,0.2601581509167053,0.11793653279724682,0.3925864017389368,Reject,1.790494873398894,Reject,Reject,Accept,0.558051795223602
1.0509106073886374,0.8426000501282466,0.19776719853951957,0.08467938599362537,0.38332997487752196,Reject,"Z1, Z2, Z4",1.6132311211953665,0.19776719853951957,0.05044456797829595,0.3501844211624766,Reject,1.6720399325679267,Reject,Reject,Accept,0.40881808330525954
0.8925557157073492,0.8274827717413447,0.3317612466493329,0.22344230733359527,0.48523892363581567,Reject,"Z1, Z2, Z4",1.9882388840296878,0.3317612466493329,0.2017601779848935,0.4810475942016502,Reject,1.9639038237582715,Reject,Reject,Accept,0.8616299233279813
0.9904736970371548,0.9177799507211754,0.1878385001982161,0.06941178833433696,0.3183933814522497,Reject,"Z1, Z2, Z4",1.6671473846058262,0.1878385001982161,0.06633774207253745,0.31059529651752277,Reject,1.6415596512883073,Reject,Reject,Reject,0.9992680170455097
0.7835157845198512,0.9379734935947777,0.24955451885162358,0.19731778933579797,0.5158207056421594,Reject,"Z1, Z2, Z4",1.6629864432440211,0.24955451885162358,0.09257444540640296,0.4165002962237977,Reject,1.7060885544683972,Reject,Reject,Accept,0.594233026449083
1.0682503167089197,0.8483995936869586,0.1633763874231456,0.16490386729059128,0.4529398213519847,Reject,"Z1, Z2, Z4",2.016640079333769,0.1633763874231456,0.017479256841658155,0.3053309481905536,Reject,1.8204430464720451,Reject,Reject,Accept,0.8247903977845129
0.854908759000842,0.8880225352835697,0.2726657789281147,0.17529489685120003,0.4392791592399403,Reject,"Z1, Z2, Z4",1.8171029219176829,0.2726657789281147,0.13153660122462793,0.40554789791244716,Reject,1.7916262237207263,Reject,Reject,Reject,1.1934827051237884
1.2366030958788463,0.9534349018828897,0.1620777163093162,0.04061686931007226,0.3296193989579299,Reject,"Z1, Z2, Z4",2.0886484843086968,0.1620777163093162,0.016713258335297822,0.3085720458027654,Reject,1.8597945907453575,Reject,Reject,Accept,0.2997007461640367
0.9728073138331885,0.8526031110798172,0.3202818300631459,0.17288922874843068,0.46676037175580803,Reject,"Z1, Z2, Z4",1.7364945329497539,0.3202818300631459,0.17471723025383729,0.47110254458969864,Reject,1.8884686629839769,Reject,Reject,Accept,0.5855724256995538
1.2821863016104502,0.8014128958023526,0.1574257980770829,0.04019890829716346,0.27938715992226776,Reject,"Z1, Z2, Z4",1.979185275883969,0.1574257980770829,0.04344813368673802,0.2834718891315268,Reject,1.7876552357198674,Reject,Reject,Accept,0.5467870441178192
1.2576290565171602,0.9484283018192032,0.11450523496033482,-0.03105264006171803,0.2650449023785588,Accept,"Z1, Z2, Z4",1.746937269286326,0.11450523496033482,-0.025106804370012337,0.2680643319366912,Accept,1.801836940305833,Reject,Reject,Accept,0.521500997282366
0.9860831101908819,0.9125358441539498,0.3269176740512173,0.14967621520298913,0.4554937095323573,Reject,"Z1, Z2, Z4",1.987431904062449,0.3269176740512173,0.17638496272624465,0.47982975785234916,Reject,1.8376234163200507,Reject,Reject,Accept,0.43125234341617885
1.0053332186555761,0.9029960112066988,0.2497480151228119,0.12223226961515715,0.4073247642015907,Reject,"Z1, Z2, Z4",1.6644712745913761,0.2497480151228119,0.11098100157982622,0.39472007771933926,Reject,1.8215405746617597,Reject,Reject,Reject,1.1431157450991034
0.9597875919399113,0.8336695127892972,0.2741477221928213,0.1298320839683944,0.4096331398130805,Reject,"Z1, Z2, Z4",1.8892873099334042,0.2741477221928213,0.13065815362497968,0.4122779706832544,Reject,1.8695432502063694,Reject,Reject,Reject,1.1289861808396862
1.1850167423387867,0.8793809620782846,0.1903304445412204,0.05455538118381622,0.38234943307589186,Reject,"Z1, Z2, Z4",1.9892933955115553,0.1903304445412204,0.025170195698168522,0.3610200392060415,Reject,1.8593723479265478,Reject,Reject,Accept,0.13195288374002626
0.9032886356681855,0.8542208477728878,0.2351301505466841,0.16408527083249447,0.4635008315277511,Reject,"Z1, Z2, Z4",1.9084822926689893,0.2351301505466841,0.07132052535621716,0.3882769654264004,Reject,1.6616503790418673,Reject,Reject,Accept,0.4906542776370153
0.8873009744896204,0.84959297533836,0.3104294296965598,0.18392761023244136,0.5130881869054607,Reject,"Z1, Z2, Z4",2.032430022774374,0.3104294296965598,0.13618571104291013,0.47048318432484165,Reject,1.9811097192284022,Reject,Reject,Accept,0.20271014610423332
1.1654332107605088,0.9157369126616821,0.13551991600006724,0.03781357888592999,0.34544521710269915,Reject,"Z1, Z2, Z4",1.9183120001045424,0.13551991600006724,-0.02533574394176255,0.29206604356218213,Accept,1.6109945832655455,Reject,Reject,Reject,0.9541860230491555
1.0692519184787583,0.8526358371707469,0.23742516083946072,0.09336599894204756,0.37292764867578504,Reject,"Z1, Z2, Z4",1.6860844834146542,0.23742516083946072,0.09834269587079592,0.3752399813554824,Reject,1.6948566721335687,Reject,Reject,Reject,1.0315250311924193
0.8820812466517585,0.8195906918980309,0.2856095879018048,0.19454988601555082,0.45693408316399386,Reject,"Z1, Z2, Z4",1.9129417338053814,0.2856095879018048,0.15178278263817,0.42834622039713893,Reject,1.9122803157982113,Reject,Reject,Accept,0.828329404917062
1.0640153855297305,0.8734835859780711,0.22261711983748758,0.11520908335874157,0.36530959539136587,Reject,"Z1, Z2, Z4",1.5950392284713746,0.22261711983748758,0.09858610504577019,0.35182743194122257,Reject,1.6092212568671993,Reject,Reject,Reject,1.0126812681448447
1.0343273992514246,0.8563993059300552,0.1651802491478188,0.054229876835896605,0.3384311445617275,Reject,"Z1, Z2, Z4",1.5443567699095209,0.1651802491478188,0.01962470729721131,0.31721769392811117,Reject,1.5106529845870877,Reject,Reject,Accept,0.5476865670446135
0.8148729149046131,0.8361352390580439,0.30080337530113765,0.2020523853166958,0.5002004106133955,Reject,"Z1, Z2, Z4",1.7189881925142287,0.30080337530113765,0.14224338548836057,0.44534682045271085,Reject,1.6768015949650943,Reject,Reject,Reject,0.898166082411478
0.9928968762257941,0.8528589538737089,0.14516573353245332,0.1352549454393752,0.38136427591529065,Reject,"Z1, Z2, Z4",1.645836882310678,0.14516573353245332,0.023273095555689696,0.27939113170552027,Reject,1.4912419280162839,Reject,Reject,Accept,0.826712443916585
1.0571553838709271,0.920178363680114,0.16942319222842972,0.024551814153871365,0.37917698746304646,Reject,"Z1, Z2, Z4",1.7784427467997816,0.16942319222842972,0.0066989271591539334,0.353204231706508,Reject,1.7064597257969323,Reject,Reject,Accept,0.1574758449629763
0.9167461322929004,0.8640239066921256,0.2973399977590754,0.15125117399003615,0.4847957740707576,Reject,"Z1, Z2, Z4",1.862217522848185,0.2973399977590754,0.13080195963835,0.4593949571088748,Reject,1.7351300863136916,Reject,Reject,Accept,0.8749973627400531
0.7497871738188226,0.8056175678375956,0.3392319461712179,0.23536422742444946,0.519496360933995,Reject,"Z1, Z2, Z4",1.8195750192406828,0.3392319461712179,0.18756037054877736,0.49199328275652776,Reject,1.706966774273948,Reject,Reject,Reject,1.1130872634747615
1.1615534861583692,0.8434924987571192,0.24041782888616606,0.1280841795724858,0.404751112959288,Reject,"Z1, Z2, Z4",1.9308276464712089,0.24041782888616606,0.09655244724358947,0.37672279044067764,Reject,1.7636007132384282,Reject,Reject,Accept,0.8182293371537057
0.9424474263753368,0.7684522462983226,0.346486685040839,0.1759498859502245,0.49748939668990627,Reject,"Z1, Z2, Z4",2.0879805786357126,0.346486685040839,0.18679206983396113,0.4959111065990235,Reject,1.960315589827126,Reject,Reject,Accept,0.4379615908442419
1.0571529349489521,0.8447484980810271,0.2645008249085371,0.10372613811376513,0.39492221261262134,Reject,"Z1, Z2, Z4",1.9702857163840413,0.2645008249085371,0.11942542340890076,0.4132671031542573,Reject,1.776354137421822,Reject,Reject,Reject,0.9195842808613437
1.0720926967960303,0.7633724615905122,0.2225275156430509,0.14263516727080167,0.4293186366055977,Reject,"Z1, Z2, Z4",1.9924584593843935,0.2225275156430509,0.08731483975099119,0.36359277024152964,Reject,1.824687963569325,Reject,Reject,Accept,0.7975852534811633
0.8781265184877012,0.834807724871005,0.3472811389965299,0.25019562570126425,0.539892560179563,Reject,"Z1, Z2, Z4",2.2105450748155335,0.3472811389965299,0.20028441619747714,0.4888469968805064,Reject,2.096715689304189,Reject,Reject,Reject,1.1465854049775712
0.7870831414377542,0.7728948877487353,0.3648986318054095,0.25480318947181785,0.577849549416714,Reject,"Z1, Z2, Z4",2.0187858639347245,0.3648986318054095,0.20078722782401537,0.5316669081080768,Reject,1.9999399754421898,Reject,Reject,Reject,0.9923651996941939
0.9490864747358411,0.8185802990270814,0.21775792233883998,0.141408991434717,0.41754386900450513,Reject,"Z1, Z2, Z4",2.08836766540572,0.21775792233883998,0.06911129207571437,0.3608883556687088,Reject,2.060768332739273,Reject,Reject,Accept,0.02449716042510052
1.2112542419262389,0.900742865414035,0.16564483575229952,0.03398457171865427,0.31111489594887576,Reject,"Z1, Z2, Z4",1.6904816534998632,0.16564483575229952,0.022784005126379105,0.2990072206260305,Reject,1.7748446751762754,Reject,Reject,Accept,0.7306607267820739
1.0058413081043314,0.8972935679651028,0.3184693438200788,0.18025403967761902,0.4893635666353312,Reject,"Z1, Z2, Z4",2.2626358954744115,0.3184693438200788,0.1741162589963156,0.46237024518177894,Reject,1.873937146155873,Reject,Reject,Accept,0.4790171624236201
0.7891807589599751,0.8114936512220702,0.3255300649972922,0.23322092913178707,0.5444896644423745,Reject,"Z1, Z2, Z4",1.7062229988844186,0.3255300649972922,0.17402475517393534,0.47050223291652593,Reject,1.656849456028998,Reject,Reject,Accept,0.6115442430661158
1.082155160108898,0.9290014539898825,0.20769559244264538,0.10439354139282604,0.4085729126361222,Reject,"Z1, Z2, Z4",1.940883229057321,0.20769559244264538,0.06158919082061914,0.36246717152595453,Reject,1.8108805632882585,Reject,Reject,Accept,0.5990983066181675
1.066671112063641,0.8549037115617134,0.24666590880018405,0.09812825089781632,0.3960511587269675,Reject,"Z1, Z2, Z4",1.8633315042673728,0.24666590880018405,0.09354927880790473,0.4011768346887568,Reject,1.8591300230013734,Reject,Reject,Reject,0.90262115693437
1.103829687589728,0.8130193769979407,0.23734331401862482,0.08854777367200742,0.3649119633776151,Reject,"Z1, Z2, Z4",2.120875668105586,0.23734331401862482,0.10583717540656139,0.37638026416537634,Reject,2.0705675883264134,Reject,Reject,Accept,0.48793805800844836
1.0900551751302265,0.8144935463669017,0.23965727400245002,0.09227043854635276,0.4066726552798412,Reject,"Z1, Z2, Z4",2.2004104474082093,0.23965727400245002,0.08846037669250761,0.3996050327067463,Reject,2.0427400372866624,Reject,Reject,Accept,0.543303336698663
0.9882540739573824,0.7874428913317499,0.31442935528793403,0.177953204881303,0.4156793585221929,Reject,"Z1, Z2, Z4",1.8092405331726065,0.31442935528793403,0.19413799433655748,0.4397131863567392,Reject,1.7362847658088247,Reject,Reject,Reject,1.277763159175202
1.0639526272088395,0.9872255189491977,0.26440524378302144,0.07466421235004679,0.3866669344801756,Reject,"Z1, Z2, Z4",1.870807044494106,0.26440524378302144,0.10585171493597836,0.4296495423522447,Reject,1.7333909239148804,Reject,Reject,Accept,0.34545471518804804
0.9196622593719522,0.8072690575854875,0.2740221548864144,0.21845462259320844,0.4917963553797645,Reject,"Z1, Z2, Z4",1.6028876716345892,0.2740221548864144,0.13222815371573937,0.4223148196617328,Reject,1.8168814577533001,Reject,Reject,Accept,0.7647287151896766
1.0145060706204252,0.8388494338636392,0.24881982797502808,0.12094699441320489,0.4146520493413978,Reject,"Z1, Z2, Z4",1.828220161847275,0.24881982797502808,0.10757146055317274,0.39248407986856376,Reject,1.7370304759620845,Reject,Reject,Accept,0.4879741654489938
1.0927090609176866,0.808088490835927,0.2048003816221466,0.09772340537650179,0.34587870862314746,Reject,"Z1, Z2, Z4",1.7102547904184369,0.2048003816221466,0.07519966016831238,0.32835534781393927,Reject,1.8611998160141647,Reject,Reject,Reject,1.1142419609050764
1.0400934993871587,0.8423126159251019,0.27178671200732624,0.12919278627693878,0.4559536119857121,Reject,"Z1, Z2, Z4",1.9537290898594333,0.27178671200732624,0.11301386813319231,0.43338781103961665,Reject,1.8964956871763967,Reject,Reject,Reject,0.9528036194577686
0.9433491686263802,0.8164754059195428,0.2602028789856931,0.15261391989782863,0.43602118921768596,Reject,"Z1, Z2, Z4",1.8462798132688119,0.2602028789856931,0.11271575996127335,0.3968734890265296,Reject,1.84110253813117,Reject,Reject,Reject,1.2120156071768777
0.9834389012823205,0.93441454502551,0.32146037850348935,0.14566242651931735,0.42996554814630766,Reject,"Z1, Z2, Z4",1.8682523926351369,0.32146037850348935,0.18444364099025412,0.4605604609496126,Reject,1.7684958246981004,Reject,Reject,Accept,0.4567518200319705
1.2481916976500425,0.9439066234250116,0.10105387480449324,0.010801663426895959,0.27274925761079044,Reject,"Z1, Z2, Z4",1.5302815322291143,0.10105387480449324,-0.04122847924405293,0.23715035536382983,Accept,1.6236076601683302,Reject,Reject,Accept,0.4834913690639906
0.896984523165729,0.7831687513254517,0.288447220826495,0.21878990400406137,0.46893867484559254,Reject,"Z1, Z2, Z4",1.8302600811286707,0.288447220826495,0.1594065266922965,0.4238122953859004,Reject,1.7709031690465296,Reject,Reject,Accept,0.6775168225472314
0.9154441604266046,0.8353858605403367,0.27904358560300574,0.1576634263488841,0.42749999058327864,Reject,"Z1, Z2, Z4",2.0037430367343827,0.27904358560300574,0.140266358374987,0.409357094847987,Reject,1.9243065119892178,Reject,Reject,Reject,1.1404201946308472
1.1824543760888495,0.9534850258778705,0.19974980806895662,0.07577678102213278,0.326565638675081,Reject,"Z1, Z2, Z4",1.8448154789795848,0.19974980806895662,0.0731696378573314,0.33046629585045373,Reject,1.6874137969851326,Reject,Reject,Accept,0.2927800934735714
1.2715560608477325,0.9757363497287089,0.14390051235221363,0.011947218784575515,0.32410002602572663,Reject,"Z1, Z2, Z4",1.85438500571603,0.14390051235221363,-0.009804758958519283,0.2998371067286225,Accept,1.8149520033743556,Reject,Reject,Accept,0.6685666439035312
1.1394497414827605,0.8991916736848304,0.10469796797397517,-0.002720529261367899,0.2792930842443516,Accept,"Z1, Z2, Z4",1.876011710625085,0.10469796797397517,-0.04108752870866462,0.23808929803645731,Accept,1.7443940775644762,Reject,Reject,Reject,1.0220247997845524
0.8671621249944039,0.7659691800220525,0.2763141969040842,0.16307606590897367,0.40282557838326005,Reject,"Z1, Z2, Z4",1.7415571442507884,0.2763141969040842,0.16386180378660037,0.3925271075655888,Reject,1.6231454473509086,Reject,Reject,Accept,0.6959298268316605
1.0756484734957061,0.7847723167962053,0.2613956039346581,0.12733264114167256,0.3913274577558264,Reject,"Z1, Z2, Z4",1.895049960287467,0.2613956039346581,0.13211280320572166,0.3985822270846827,Reject,1.835098689456094,Reject,Reject,Reject,0.9938110361101304
1.1821882928393233,0.8764077521516321,0.21086494984951315,0.08975378279533126,0.340019581663747,Reject,"Z1, Z2, Z4",1.6119335476740817,0.21086494984951315,0.08849540812592137,0.32789539668789125,Reject,1.836823265371854,Reject,Reject,Accept,0.4430112228971152
1.0399161313016871,0.8539076017589413,0.22370479238011015,0.12255217471479662,0.3776499438595806,Reject,"Z1, Z2, Z4",1.916455768874701,0.22370479238011015,0.09312170696400829,0.3425396369164904,Reject,1.8763201129805134,Reject,Reject,Reject,1.0853580674891645
1.149284174988957,0.8807361687994927,0.2393414885367299,0.10159110465094227,0.4049162489362783,Reject,"Z1, Z2, Z4",1.62204296778659,0.2393414885367299,0.09540425625546942,0.3713893123070148,Reject,1.669525850287671,Reject,Reject,Accept,0.48099346162535356
0.736844107997673,0.8634954570271048,0.2721707464088057,0.22339714717994175,0.5343613418706894,Reject,"Z1, Z2, Z4",1.8859475755558741,0.2721707464088057,0.11334196848103732,0.42711322583204153,Reject,1.7970065545604959,Reject,Reject,Accept,0.8964642054980609
0.8366800512316042,0.8321123734379505,0.2950552929986115,0.21968221669238386,0.5067967679709445,Reject,"Z1, Z2, Z4",1.7099465818610307,0.2950552929986115,0.13824646309723435,0.43632645126207875,Reject,1.7420174160475403,Reject,Reject,Accept,0.6049540049710264
0.9588198689576279,0.8283765444634549,0.24124115579102326,0.17662469430133873,0.49235231307708816,Reject,"Z1, Z2, Z4",1.8462920955376085,0.24124115579102326,0.07641563637456567,0.39832883794592994,Reject,1.8640440774859117,Reject,Reject,Accept,0.6857940929480852
1.0932592002025923,0.8792849319298338,0.20420707900122304,0.09115032652513683,0.32407661531192716,Reject,"Z1, Z2, Z4",1.6478763227605477,0.20420707900122304,0.09113276247947674,0.3256972131765958,Reject,1.720144674286648,Reject,Reject,Accept,0.415977635206307
0.7694872870823153,0.7691694685666479,0.2953009208542211,0.2337684015951963,0.476929642406094,Reject,"Z1, Z2, Z4",1.783938218176727,0.2953009208542211,0.17003399220972937,0.41540361919018515,Reject,1.6881701149737214,Reject,Reject,Accept,0.7744291072097969
1.068825754702272,0.9363261169596487,0.24140513177816605,0.12173079788345213,0.44821725545332886,Reject,"Z1, Z2, Z4",2.1126983805990665,0.24140513177816605,0.07784867916022659,0.41020144026812666,Reject,1.8635256264356659,Reject,Reject,Reject,1.2216617167701165
1.0271739601398093,0.8259633032177836,0.241114004927963,0.08381672796451423,0.4185761913226237,Reject,"Z1, Z2, Z4",1.7969353972266382,0.241114004927963,0.08183110978067397,0.3981358970807116,Reject,1.7884236243138167,Reject,Reject,Accept,0.7511353790698664
1.133485586344947,1.004493348342136,0.20662856790078374,0.023962863921529548,0.37220848165752607,Reject,"Z1, Z2, Z4",1.873914482654769,0.20662856790078374,0.01671891028048566,0.380557143210318,Reject,1.8799665760348458,Reject,Reject,Accept,0.25841082706635243
0.9484752108420591,0.7813134698647124,0.2827702919533712,0.18837187974180172,0.4625731508830372,Reject,"Z1, Z2, Z4",1.7007418444401672,0.2827702919533712,0.1537209003801207,0.4193792844536828,Reject,1.6996874210582313,Reject,Reject,Reject,1.006433573941687
0.9723171404087666,0.7833836936554812,0.3153946217700553,0.1756849166070675,0.4167633911936279,Reject,"Z1, Z2, Z4",1.8837308610981458,0.3153946217700553,0.19064477404213848,0.4430395838151827,Reject,1.8695139615230232,Reject,Reject,Accept,0.8109161422403053
1.239431652637175,0.9092071209028474,0.08906947375305264,-0.015383768501082543,0.2669125016609298,Accept,"Z1, Z2, Z4",1.7405518071209076,0.08906947375305264,-0.05671757195389372,0.21383048076011166,Accept,1.7069377985330378,Reject,Reject,Accept,0.5379216896697082
0.9248330816732805,0.8988691549278901,0.3428277080935638,0.18647500165833325,0.5360348902311783,Reject,"Z1, Z2, Z4",1.8487307742413706,0.3428277080935638,0.16637010940500602,0.5056681055399269,Reject,1.9132403829622318,Reject,Reject,Accept,0.3660251306001518
0.6901357405912545,0.8136796327312251,0.3394479139390249,0.28898386788847213,0.5323199798799726,Reject,"Z1, Z2, Z4",1.981226987623875,0.3394479139390249,0.2186412142129302,0.4628781434694431,Reject,1.708255019879593,Reject,Reject,Reject,0.9559263129360027
1.0021981879162323,0.8176060605914064,0.25657522535094457,0.11915442172721197,0.3927063131700559,Reject,"Z1, Z2, Z4",1.5301799449372748,0.25657522535094457,0.11916123738954787,0.3831601928787688,Reject,1.7538111729410233,Reject,Reject,Accept,0.6838860397215496
1.1701637841403252,1.0072917615678045,0.09862484475845812,-0.009920184115611592,0.3131400069681864,Accept,"Z1, Z2, Z4",1.6298691926015645,0.09862484475845812,-0.050653953882651634,0.2524427849254033,Accept,1.626654362619662,Reject,Reject,Accept,0.5727236215855029
1.1977762877649794,0.8312278461234164,0.16126633277723057,0.07802433634979866,0.3208460867852684,Reject,"Z1, Z2, Z4",1.9862890034953022,0.16126633277723057,0.02902361637279332,0.2855798679952191,Reject,1.9507895708265335,Reject,Reject,Accept,0.2247014800322744
1.1215893978681164,0.8124766028858417,0.14688002841070774,0.10716288946093987,0.37990910709609865,Reject,"Z1, Z2, Z4",1.9997986911080678,0.14688002841070774,0.008345882874513398,0.28489984277903674,Reject,1.8427462970663542,Reject,Reject,Reject,1.1190996222756093
0.8124135126324381,0.7724229542818598,0.29281657052474136,0.189745326572536,0.46152303907269066,Reject,"Z1, Z2, Z4",1.6673781381071828,0.29281657052474136,0.14869122024851422,0.44436735878729483,Reject,1.7148420586719701,Reject,Reject,Accept,0.6538950624823352
1.0332473069082753,0.9001368139127214,0.3086213415007157,0.1254003414140668,0.4101849164385897,Reject,"Z1, Z2, Z4",1.949394620992783,0.3086213415007157,0.17348538611954026,0.4536296934468079,Reject,1.80500242749772,Reject,Reject,Accept,0.8960995134855609
0.8009759929957594,0.7652605895043219,0.3698588859441427,0.25485389430562244,0.5009351443401576,Reject,"Z1, Z2, Z4",1.8954101946560877,0.3698588859441427,0.24237487526179177,0.5038395925409727,Reject,1.9599064140274982,Reject,Reject,Accept,0.9316055913543899
1.2275769781109074,0.8651323444146456,0.183022249258868,0.0729859761141583,0.35268402451280184,Reject,"Z1, Z2, Z4",1.7000169931036075,0.183022249258868,0.047261474020172084,0.3170417282969783,Reject,1.7248948511964528,Reject,Reject,Accept,0.38073406084194816
1.2883781570563246,0.9193605408416006,0.11123864358458861,0.05169870981113857,0.3043603773577473,Reject,"Z1, Z2, Z4",1.833869098102829,0.11123864358458861,-0.01597430214269687,0.2383664711653556,Accept,1.6831072199337718,Reject,Reject,Accept,0.5296476347169766
0.987212560825692,0.8595459623152691,0.2089039587966232,0.08701069571144296,0.3572917867544991,Reject,"Z1, Z2, Z4",1.9856867254760866,0.2089039587966232,0.07482786392710299,0.34232980076521813,Reject,1.8024187034433337,Reject,Reject,Accept,0.8007950661947437
1.0235415655979863,0.9039552887160694,0.08048501526421645,0.01250521221480972,0.30857097707138803,Reject,"Z1, Z2, Z4",1.8405709586341528,0.08048501526421645,-0.05568634486245898,0.2251245887550166,Accept,1.8140952263640044,Reject,Reject,Accept,0.5301990603442109
1.4328690427957445,0.8717961099317785,0.03752992221237263,-0.035168677962753636,0.23656069229392396,Accept,"Z1, Z2, Z4",2.085853015454025,0.03752992221237263,-0.09961295939817773,0.17711461834218506,Accept,1.9680802235488326,Reject,Reject,Accept,0.35632995488541214
0.6784255467490413,0.8405777714461469,0.3458343137135807,0.2257346888872346,0.48290740402952126,Reject,"Z1, Z2, Z4",1.9132209758090155,0.3458343137135807,0.21141274176202446,0.47627827471512885,Reject,1.6556080706175191,Reject,Reject,Reject,1.294101561007484
0.9825211704405195,0.9792571683964844,0.18213242201174265,0.050262634168236425,0.3733731599838044,Reject,"Z1, Z2, Z4",2.007154178278745,0.18213242201174265,0.028641015506681994,0.3468766370644117,Reject,1.9297451333931788,Reject,Reject,Accept,0.4368433832405803
1.090217190995338,0.8660265578576929,0.12573520350863635,0.04057157314074797,0.3097275084861252,Reject,"Z1, Z2, Z4",1.809980462701485,0.12573520350863635,-0.00606788226073909,0.26533507695790504,Accept,1.932773359951071,Reject,Reject,Accept,0.3566875448921873
1.1693835135716502,0.8899406336677603,0.16566307248598333,0.042859248163613084,0.3807698493672853,Reject,"Z1, Z2, Z4",1.5916347937933835,0.16566307248598333,-0.0013055662503968241,0.33199493195756385,Accept,1.8168069336635377,Reject,Reject,Reject,0.9804439457003594
1.284065694234955,0.9168445401873658,0.10055189609098415,-0.008159780248183406,0.22345121717185792,Accept,"Z1, Z2, Z4",1.681394635584296,0.10055189609098415,-0.018891817502570577,0.2173202168135894,Accept,1.7633268759385174,Reject,Reject,Accept,0.7974353542669151
0.5858878728557184,0.8451301169585081,0.44747732324302014,0.2982081138536979,0.6069627591672141,Reject,"Z1, Z2, Z4",1.7820279284544684,0.44747732324302014,0.3000902718086394,0.6005150982502875,Reject,1.878277760440788,Reject,Reject,Reject,0.9164388728104778
0.9489904422334894,0.8532523291548902,0.31993558002241107,0.174555379758392,0.5115703477683815,Reject,"Z1, Z2, Z4",1.8165590413593404,0.31993558002241107,0.15219768762970307,0.5007910489142089,Reject,1.8774891810772447,Reject,Reject,Reject,1.121801439763709
0.9890570123530479,0.8746306960904909,0.22757073895707194,0.1120294560189148,0.3720295310146348,Reject,"Z1, Z2, Z4",1.8316873005937202,0.22757073895707194,0.09778617239530982,0.3574913227617135,Reject,1.598700987756004,Reject,Reject,Accept,0.7710963709356934
1.112438248736948,0.8501674973023837,0.2566515800104838,0.10107252772049151,0.41168495398496835,Reject,"Z1, Z2, Z4",1.805786225200412,0.2566515800104838,0.10038748698364139,0.409856588651076,Reject,1.8671286802240195,Reject,Reject,Accept,0.5441958307888309
1.0895082812369277,0.8641062017244022,0.24164269844132147,0.08616281048717325,0.374522309756071,Reject,"Z1, Z2, Z4",1.6705743546673284,0.24164269844132147,0.0939304681789915,0.3835882711781178,Reject,1.7696296217217624,Reject,Reject,Reject,0.9771470941079747
1.1266996553283257,0.8159819052349703,0.22419144858516013,0.10299121611809589,0.3458804801400565,Reject,"Z1, Z2, Z4",1.7269910534664237,0.22419144858516013,0.0993883536249406,0.34764038796020036,Reject,1.7300550968897621,Reject,Reject,Accept,0.6787008063309441
0.9641234711458062,0.9122518857111924,0.30809862452888637,0.13738729231301716,0.4362211701921679,Reject,"Z1, Z2, Z4",1.6105470156611725,0.30809862452888637,0.16331757152582643,0.44795135817458864,Reject,1.6094476679937544,Reject,Reject,Reject,0.9569569419637036
0.8989851574628241,0.8640080138947863,0.29469640044927725,0.23281907203327892,0.5207529638117836,Reject,"Z1, Z2, Z4",2.0722944608691223,0.29469640044927725,0.14364631233656427,0.45382913805825126,Reject,1.8773425934681611,Reject,Reject,Accept,0.7579755090999302
0.8592947407360879,0.8190653615664903,0.2596615383881792,0.14042169699696305,0.42323901923989726,Reject,"Z1, Z2, Z4",1.6448941594559363,0.2596615383881792,0.12569773781416718,0.40515019981997086,Reject,1.6039073483728594,Reject,Reject,Reject,1.26634444542059
1.0455023656424192,0.8545416352949186,0.24403615083677807,0.1253025706659493,0.4145299980685523,Reject,"Z1, Z2, Z4",2.033120208268815,0.24403615083677807,0.09904118896230348,0.3999723430935442,Reject,1.8912321198240682,Reject,Reject,Accept,0.27119125411861816
0.9090111671114782,0.7372612435272646,0.3758003218895584,0.2249007440952245,0.49031664004398623,Reject,"Z1, Z2, Z4",1.9084367056916525,0.3758003218895584,0.2340072576230941,0.5141565952410271,Reject,1.8255467484629417,Reject,Reject,Reject,0.8819879427167241
0.8799207595651978,0.8837575520700658,0.37177485132033083,0.1838290924260988,0.5359848513872459,Reject,"Z1, Z2, Z4",2.156630799234887,0.37177485132033083,0.19292191687236906,0.553435031481334,Reject,1.9991192862098106,Reject,Reject,Reject,1.1539202858495932
1.0601028893038626,0.9080440060983769,0.22944632449185198,0.07399936477518657,0.3675459159072503,Reject,"Z1, Z2, Z4",1.5462664076644017,0.22944632449185198,0.08008042513447688,0.3805893100979197,Reject,1.7125958509529626,Reject,Reject,Accept,0.48397531394052395
0.7360459052666409,0.812595362172067,0.4404107986961989,0.28889528580066215,0.5797833292165632,Reject,"Z1, Z2, Z4",1.9536930130122778,0.4404107986961989,0.30133971933431214,0.5775215365794412,Reject,1.7911695716018183,Reject,Reject,Reject,1.0988540943998475
0.9398766553270631,0.8246940047882524,0.22537418097730955,0.13089896199419337,0.38451880363255847,Reject,"Z1, Z2, Z4",1.7695461442686358,0.22537418097730955,0.09557123284775,0.3482474127434721,Reject,1.6510743483478438,Reject,Reject,Reject,1.1524022252694055
1.0462411890719925,0.9304242454377692,0.23434783537145906,0.08929359133560492,0.39876107657974824,Reject,"Z1, Z2, Z4",1.7678412059301112,0.23434783537145906,0.08717605891099248,0.3836040414448531,Reject,1.7005032928742394,Reject,Reject,Accept,0.3316168138554394
1.0540143556684975,0.8491327127873216,0.24245083917157464,0.17441501572065893,0.41509750688187164,Reject,"Z1, Z2, Z4",1.7039302923050526,0.24245083917157464,0.12614228439829217,0.36770998203241556,Reject,1.769856105566045,Reject,Reject,Accept,0.5056391047017053
1.0976337106747585,0.9077247005412443,0.17626764710265558,0.0333648431748709,0.34134109412016583,Reject,"Z1, Z2, Z4",1.8228224696676738,0.17626764710265558,0.029817532475683035,0.3311982903859204,Reject,1.9009337523812488,Reject,Reject,Accept,0.7162989285776689
1.091470791959717,0.8963739795396479,0.1819403612261835,0.0727628967530825,0.3682114533904429,Reject,"Z1, Z2, Z4",1.946524579382305,0.1819403612261835,0.045187468998791086,0.32643852220180963,Reject,1.8236873828459133,Reject,Reject,Accept,0.45816667501666675
0.7163478345342377,0.8157279589945942,0.33476155025874255,0.19920060131303774,0.4967818704682944,Reject,"Z1, Z2, Z4",1.769899400428705,0.33476155025874255,0.18151798747613218,0.49243638129514816,Reject,1.6439353555717502,Reject,Reject,Accept,0.7484754821990447
1.0463054411868065,0.8202118898237781,0.30964553786388604,0.17861892625054043,0.4187745824451541,Reject,"Z1, Z2, Z4",1.8538395023650003,0.30964553786388604,0.19834160846612034,0.4347603673517792,Reject,1.9281068374762456,Reject,Reject,Accept,0.8045177976296495
1.0226298546171053,0.8231978250712862,0.27593644629202657,0.14290730343860947,0.43518197578107976,Reject,"Z1, Z2, Z4",1.9725134021666366,0.27593644629202657,0.1116560696774526,0.4276398410576735,Reject,2.000261380452507,Reject,Reject,Accept,0.3753964507171093
0.8576492968809333,0.9037578018724141,0.2421044604111752,0.12416377724637406,0.4802592473147687,Reject,"Z1, Z2, Z4",1.8486979425950414,0.2421044604111752,0.06506352282619038,0.413025912521629,Reject,1.8901497887063778,Reject,Reject,Accept,0.5407088329182158
0.9497951843909276,0.8708037975686614,0.33957126468593785,0.12003589527734879,0.4265837450213454,Reject,"Z1, Z2, Z4",1.6515055503215752,0.33957126468593785,0.18635137383810202,0.4785014665067342,Reject,1.7697700457632255,Reject,Reject,Accept,0.5660377112163434
1.0610816511909262,0.8648526316697448,0.22598106092231612,0.05716296305901768,0.3412770913225534,Reject,"Z1, Z2, Z4",1.8896391502888017,0.22598106092231612,0.08214170431331473,0.37721923849524047,Reject,2.037694726497241,Reject,Reject,Accept,0.5954030691278249
1.0858689912988704,0.9604688321843351,0.2595219738123772,0.1059749117693547,0.41261926708075475,Reject,"Z1, Z2, Z4",2.1318296771953773,0.2595219738123772,0.10678141992481864,0.4095079288370861,Reject,1.8342531163714935,Reject,Reject,Accept,0.26954517399383054
1.067196178693997,0.9052981356770081,0.16137810487559845,0.06075615305457993,0.3996795156885027,Reject,"Z1, Z2, Z4",1.7140089315582636,0.16137810487559845,0.0024252641273149918,0.33021028018072324,Reject,1.872426188715226,Reject,Reject,Accept,0.11249262409781431
0.8579981215567539,0.8488352603657513,0.23227673899246531,0.10762789720193762,0.39139840674344883,Reject,"Z1, Z2, Z4",1.6594758019905789,0.23227673899246531,0.08614699619971784,0.3717590262613739,Reject,1.7367965852608038,Reject,Reject,Accept,0.31715456392395047
1.0049242716203313,0.8149120977073423,0.20994758684331735,0.06881623154815672,0.3387031567755306,Reject,"Z1, Z2, Z4",1.6788387641512659,0.20994758684331735,0.07224921827182751,0.3380736838212577,Reject,1.7033371853318036,Reject,Reject,Accept,0.4251916038417552
1.0428574025892414,0.8031978411247531,0.24597741961275985,0.10295511972544057,0.3403076771495443,Reject,"Z1, Z2, Z4",1.8262596957278245,0.24597741961275985,0.1307733346277318,0.3693933864410147,Reject,1.8047367227480975,Reject,Reject,Reject,1.0652225025582576
1.181491112028119,0.9410097738551395,0.14932624011152273,0.0012239113192186873,0.2706609179842158,Reject,"Z1, Z2, Z4",1.693017603253272,0.14932624011152273,0.01666918376426981,0.2784740519030183,Reject,1.749916946726648,Reject,Reject,Accept,0.6956771304098703
0.9253082600239313,0.8287426091004636,0.3570562926939715,0.251113740725746,0.5056099407442468,Reject,"Z1, Z2, Z4",1.9108206166434627,0.3570562926939715,0.22200898404345976,0.4886420505856017,Reject,1.9775837970890675,Reject,Reject,Accept,0.9193426879395028
1.3347519768582978,1.032704607400093,0.10489059390229666,-0.057052569025211546,0.2578928291716166,Accept,"Z1, Z2, Z4",1.8768214145050373,0.10489059390229666,-0.0566662281670293,0.25454278912212536,Accept,1.7371167710468731,Reject,Reject,Accept,0.4476268446957875
0.9293090869361927,0.8190001504536709,0.2688903753449755,0.180235423252372,0.4463972418688975,Reject,"Z1, Z2, Z4",1.949090498900703,0.2688903753449755,0.12978315834586354,0.41622101594190614,Reject,1.850812520238962,Reject,Reject,Reject,1.0404278353724488
0.8312627888637045,0.8478957959794162,0.33550758573469436,0.24777995661038651,0.5246580147827401,Reject,"Z1, Z2, Z4",1.658681031953438,0.33550758573469436,0.19343879555139817,0.48001777890405484,Reject,1.8216043715932224,Reject,Reject,Accept,0.7609166778565635
0.9718249871249087,0.9038461681694071,0.34772520913109667,0.1665690604237613,0.4783500937007284,Reject,"Z1, Z2, Z4",1.6362916762195037,0.34772520913109667,0.20681983923315062,0.5028531447631419,Reject,1.6647034497153836,Reject,Reject,Reject,0.8839368897458381
1.0426268027436096,0.9227590453364641,0.23878586666598467,0.15415037377299529,0.44671970415961926,Reject,"Z1, Z2, Z4",1.841284507499367,0.23878586666598467,0.09513388887510424,0.39300053603713253,Reject,1.8435587316693591,Reject,Reject,Accept,0.8689975349475684
1.273297476046704,0.8196444774428571,0.11776068805369312,0.08830639545804973,0.3409048998383149,Reject,"Z1, Z2, Z4",1.864773069037167,0.11776068805369312,-0.008745978967145497,0.2571608103775745,Accept,1.8850111466167971,Reject,Reject,Accept,0.19555618504824177
1.1295434241986058,0.7397771611224129,0.2011532223477172,0.1272479360684842,0.3966285140834793,Reject,"Z1, Z2, Z4",2.0481055996479447,0.2011532223477172,0.06981489535917648,0.3520641995553589,Reject,1.8317210196730227,Reject,Reject,Reject,0.9604766067831243
0.9311675698987039,0.8692798647295302,0.20324931878950214,0.1518880103526869,0.4007475981812871,Reject,"Z1, Z2, Z4",1.6200368827062912,0.20324931878950214,0.06624503004249249,0.33430540725802305,Reject,1.7897418666920746,Reject,Reject,Accept,0.7898039711372121
0.9129706077200413,0.852450305355974,0.29312431804656375,0.2169460377697464,0.4942402912778501,Reject,"Z1, Z2, Z4",1.9039552788973864,0.29312431804656375,0.1485269542530185,0.4537238612143964,Reject,1.765819174866738,Reject,Reject,Accept,0.8716445794233777
1.3543657359456338,0.9301060664142333,0.10382245373507788,-0.04626618516901616,0.2699829090437827,Accept,"Z1, Z2, Z4",1.8918275413643144,0.10382245373507788,-0.06404215713185676,0.26485964489698544,Accept,1.8206545198144506,Reject,Reject,Accept,0.15000407859881912
0.8680839136792847,0.8336002768089913,0.3271937794815354,0.17120468446875256,0.5120723358519438,Reject,"Z1, Z2, Z4",1.987723846283311,0.3271937794815354,0.17760919583328852,0.4872139354966817,Reject,1.9785991128057114,Reject,Reject,Accept,0.12698934712267407
1.0317165691960042,0.7753822266505879,0.2886923416481613,0.18855388417685903,0.4302586773447888,Reject,"Z1, Z2, Z4",1.8433287082046024,0.2886923416481613,0.15543422112613073,0.4036354374258771,Reject,1.8385353281332215,Reject,Reject,Accept,0.7554419861278421
0.9054668292447713,0.8078320190966584,0.22769998852341178,0.15897151815955532,0.4301029355341522,Reject,"Z1, Z2, Z4",1.824704977923461,0.22769998852341178,0.08392987785285927,0.3631371126483403,Reject,1.785971538006487,Reject,Reject,Reject,0.9485242888057831
1.007844541406154,0.7744248939754901,0.2946675927243208,0.16435516266596523,0.4305133786659685,Reject,"Z1, Z2, Z4",1.7312412262456902,0.2946675927243208,0.16221896778728548,0.4267972218708012,Reject,1.8595732343189975,Reject,Reject,Accept,0.6055579793153503
0.9580265688378876,0.8849513878807004,0.2917408540089153,0.14101347071134412,0.43762881938856557,Reject,"Z1, Z2, Z4",1.5176374822157805,0.2917408540089153,0.14504127371141717,0.432549479015892,Reject,1.6827212045961444,Reject,Reject,Accept,0.834148445416138
0.9095311237187573,0.9026273080258129,0.2658887163796636,0.12531443824677235,0.43264029479288163,Reject,"Z1, Z2, Z4",1.7117529250758334,0.2658887163796636,0.13143362224439936,0.40769520102327966,Reject,1.7727453439918117,Reject,Reject,Accept,0.656762995366926
0.9923790142631712,0.8133678795491146,0.232465581936444,0.16568358743959338,0.423912009171813,Reject,"Z1, Z2, Z4",1.9914822347103511,0.232465581936444,0.10278027446495983,0.3678959089025021,Reject,1.7898078978016199,Reject,Reject,Accept,0.8141481590117672
1.1356294707715646,0.8965581482209566,0.18958384359648117,0.04592317951898876,0.3477590898382916,Reject,"Z1, Z2, Z4",2.07153552090529,0.18958384359648117,0.04341996225113881,0.3313524193416378,Reject,1.965210846964251,Reject,Reject,Accept,0.8002102487031604
1.124268430802429,1.0210630447847553,0.15748076961173801,-0.017293789224692317,0.31036755115576986,Accept,"Z1, Z2, Z4",1.8087625986090714,0.15748076961173801,-0.0059339993197733976,0.3085723958728215,Accept,1.799279247566879,Reject,Reject,Accept,0.20730411105378901
1.2090126686657952,0.8795222564589663,0.13361891710283563,0.018118496011910908,0.31673096705972653,Reject,"Z1, Z2, Z4",2.0233772108617822,0.13361891710283563,-0.015672579856870435,0.28759213848785425,Accept,1.8911877936937478,Reject,Reject,Accept,0.31126746935961047
1.2134155280431629,0.8422071172908497,0.20530400953677014,0.0697520773986012,0.3371331806841752,Reject,"Z1, Z2, Z4",1.7340254008619018,0.20530400953677014,0.08422964000373437,0.332943001224083,Reject,1.7725421348427148,Reject,Reject,Accept,0.8795052633636763
0.6871845840946597,0.7395885445280974,0.3894933089762402,0.2827394450043626,0.5471225866042955,Reject,"Z1, Z2, Z4",1.6574640839229493,0.3894933089762402,0.2490285207253515,0.5187797111985992,Reject,1.6996705037217512,Reject,Reject,Reject,0.9605771970086542
0.9477010891651918,0.7998224058780152,0.3290224328643316,0.21172275371962695,0.46983355178333097,Reject,"Z1, Z2, Z4",2.0747022582403942,0.3290224328643316,0.1967416858040189,0.45794721183764814,Reject,2.0306279838703483,Reject,Reject,Reject,1.2095054886997294
1.1421426327491877,0.9278239274155106,0.1568142197184755,0.08667000115514771,0.3787072566348428,Reject,"Z1, Z2, Z4",1.7322047279382027,0.1568142197184755,0.005976256511209976,0.3040832559475522,Reject,1.6800389251534225,Reject,Reject,Accept,0.5795570129787604
0.9791326644380939,0.8878782277723557,0.32203515179169545,0.16377054372506605,0.4720213737876068,Reject,"Z1, Z2, Z4",1.7827623713203657,0.32203515179169545,0.16408585230965073,0.4808299501654783,Reject,1.7888441065506446,Reject,Reject,Accept,0.5628327867862684
0.8809962864441397,0.7879027731582717,0.31751316572799093,0.1658334026848714,0.4890881786535241,Reject,"Z1, Z2, Z4",2.0772579013772483,0.31751316572799093,0.16666474123701575,0.4831254356730402,Reject,1.92242680479833,Reject,Reject,Accept,0.7986989644856706
1.1304091345654927,0.8844779375449726,0.17819764876351274,0.04257537374397093,0.4072726945122607,Reject,"Z1, Z2, Z4",1.9636468748495652,0.17819764876351274,-0.012910626919915034,0.3630307727363969,Accept,1.783310252858405,Reject,Reject,Reject,1.2242253364358298
1.3139849674350148,0.8238783679002566,0.17753724489935158,0.041734866012595156,0.3110120224512795,Reject,"Z1, Z2, Z4",2.0606061356948286,0.17753724489935158,0.04279736860324943,0.31756225712481334,Reject,1.9329474538539793,Reject,Reject,Accept,0.24399965890264116
0.5028509378104683,0.7018924372188746,0.5084751344884493,0.41720687679976515,0.712617210436413,Reject,"Z1, Z2, Z4",1.953416489310372,0.5084751344884493,0.3656219063983482,0.6521537016424781,Reject,1.9591613294478902,Reject,Reject,Reject,1.119564542448284
0.8744015772162034,0.7933266414350516,0.34868886124260046,0.19334056032484306,0.49133397132020323,Reject,"Z1, Z2, Z4",1.7218443645856518,0.34868886124260046,0.20346605974067616,0.4975223942424887,Reject,1.7094890446624487,Reject,Reject,Accept,0.5775870693245337
1.0515249124639994,0.8572509268984394,0.19432896672671,0.008180723348910887,0.3338800779684545,Reject,"Z1, Z2, Z4",1.6817279483026808,0.19432896672671,0.04695372638418745,0.34459310798310683,Reject,1.6813007086788432,Reject,Reject,Accept,0.2377905425090717
0.7277869456079495,0.8646337964747024,0.38594861574361516,0.23175910174810985,0.5142562312110612,Reject,"Z1, Z2, Z4",1.6640336950202579,0.38594861574361516,0.24822469567508082,0.5204902741251417,Reject,1.741633709808095,Reject,Reject,Reject,1.1093395177661634
0.842158430488403,0.8148793961101075,0.30775035813748963,0.14499062128734805,0.42319385743145743,Reject,"Z1, Z2, Z4",1.683521375928252,0.30775035813748963,0.17081834605421453,0.434369354025309,Reject,1.8204992841489525,Reject,Reject,Accept,0.6626048804704883
0.7882948774850181,0.7949742027745139,0.3342118022520631,0.2077787564654473,0.4708591543853415,Reject,"Z1, Z2, Z4",1.911671679619115,0.3342118022520631,0.19718012236842278,0.4706390953674194,Reject,1.9016253017419285,Reject,Reject,Reject,1.249476773484634
0.9233747528165147,0.95133167094601645,0.24537958707135762,0.16179437824737225,0.49994844906242825,Reject,"Z1, Z2, Z4",1.6899227050898658,0.24537958707135762,0.08834174609732277,0.4137151599973188,Reject,1.7321929163926943,Reject,Reject,Accept,0.8377376341918306
0.9265717262386437,0.8681795576696058,0.2540420659790616,0.06653392649387455,0.3799646594668225,Reject,"Z1, Z2, Z4",1.8036876473544914,0.2540420659790616,0.09970910501372039,0.3999530108757861,Reject,1.7282817992630688,Reject,Reject,Accept,0.5979066718395707
0.8384435163360792,0.8417078279023018,0.19766072728521067,0.12944566392440152,0.3837168202970744,Reject,"Z1, Z2, Z4",1.5141300459694549,0.19766072728521067,0.06403741137299424,0.3243116023732593,Reject,1.6399260190101033,Reject,Reject,Accept,0.6894231165611829
0.8856599230281328,0.9283611905586919,0.259218501461657,0.12191497492305084,0.4842639471318862,Reject,"Z1, Z2, Z4",1.766466051591796,0.259218501461657,0.08418383688288145,0.42774427912006374,Reject,1.7523048307816034,Reject,Reject,Accept,0.5911746745338402
1.2013313689255969,0.8721678963202373,0.13475316065381046,-0.014142016594737218,0.31163996425188967,Accept,"Z1, Z2, Z4",1.8415837670170792,0.13475316065381046,-0.01797407965672751,0.2883786518866521,Accept,1.7520524861138387,Reject,Reject,Accept,0.6876416766755946
1.007431554514075,0.8740621693557553,0.32028731060526705,0.1299325650362896,0.4657018065167447,Reject,"Z1, Z2, Z4",1.8897618505954632,0.32028731060526705,0.16215212142663218,0.4784416683792744,Reject,1.9851044019533675,Reject,Reject,Accept,0.8135599162545876
1.1022832372811968,0.8858205796706631,0.21263222547892074,0.10184649755425407,0.42392515790502705,Reject,"Z1, Z2, Z4",2.146794992309882,0.21263222547892074,0.05889461844874401,0.3711769961938659,Reject,1.9389231628304688,Reject,Reject,Accept,0.401232103358578
1.0892625918892584,0.8531010956175699,0.24477133491869266,0.12565302492968852,0.4352002090728605,Reject,"Z1, Z2, Z4",1.916046708402216,0.24477133491869266,0.09248122585938515,0.3996585475121202,Reject,1.925680252027177,Reject,Reject,Reject,1.0824699728572917
1.0980448345954643,0.8138564202964221,0.18111192275627333,0.09102939078116967,0.35792290170338814,Reject,"Z1, Z2, Z4",1.9372948048183398,0.18111192275627333,0.040366928560443105,0.31873060111558477,Reject,1.9608493640195943,Reject,Reject,Accept,0.8076073567705142
0.8737107514828915,0.8048044783102645,0.27218492708464986,0.1457773060970734,0.45120971823352873,Reject,"Z1, Z2, Z4",1.8423022491433314,0.27218492708464986,0.12401086984338361,0.42812444405637023,Reject,1.6958020450215208,Reject,Reject,Accept,0.7377961928292651
0.9508499090907485,0.8383100266471932,0.2285967763568627,0.13905222295784062,0.4189721121227407,Reject,"Z1, Z2, Z4",2.1008338065533767,0.2285967763568627,0.07971082538455418,0.3627854066596389,Reject,1.808119641576154,Reject,Reject,Reject,1.0197612722224954
0.7852521917458831,0.7687965795111731,0.2730134660013652,0.16869196335948725,0.4516466101394614,Reject,"Z1, Z2, Z4",1.756516540182117,0.2730134660013652,0.13929820662380127,0.41255483918000024,Reject,1.6393692797603987,Reject,Reject,Reject,1.1344215891224088
0.9774432405324843,0.8798991972747147,0.21234903733461347,0.09458318094738777,0.37727478348530513,Reject,"Z1, Z2, Z4",1.8538949755874183,0.21234903733461347,0.07426790866422729,0.3476304598591328,Reject,1.701362687528035,Reject,Reject,Accept,0.8684732561062475
0.7631736128564771,0.8138211531765437,0.2971149044969243,0.20654529223553067,0.4666576382971325,Reject,"Z1, Z2, Z4",1.8129159644253066,0.2971149044969243,0.16936536089089738,0.4348789863496407,Reject,1.6949483232653868,Reject,Reject,Reject,0.988877157219932
1.0259730194306773,0.8282813971246243,0.23131020585371403,0.12553361259484547,0.38892561657083363,Reject,"Z1, Z2, Z4",1.9222569873204713,0.23131020585371403,0.09865430432820943,0.36836492403293536,Reject,1.8863169794941057,Reject,Reject,Reject,1.09103633965729
1.1619699923173843,0.8719516086078267,0.2078285506312065,0.07681764003941949,0.3507865128023134,Reject,"Z1, Z2, Z4",1.833932400636656,0.2078285506312065,0.06185898742588712,0.3401639590251432,Reject,1.722998094919103,Reject,Reject,Accept,0.7112278547701668
1.0532859651315176,0.8063433274729961,0.2209720965641004,0.085861994946407,0.35210860625235824,Reject,"Z1, Z2, Z4",1.8507121943353173,0.2209720965641004,0.09101208195982437,0.35247396228611144,Reject,1.706039128288623,Reject,Reject,Accept,0.6802243348951232
0.9304898679403232,0.9207526754390802,0.20515018138220797,0.10869709643888825,0.4017940606496153,Reject,"Z1, Z2, Z4",1.7043755485629566,0.20515018138220797,0.06213534628292017,0.35545822539862526,Reject,1.8532496218404142,Reject,Reject,Accept,0.14024634406299555
0.9403640764832896,0.8001069837946233,0.3007399779159607,0.1601172500292486,0.462350394655358,Reject,"Z1, Z2, Z4",1.8275390392259119,0.3007399779159607,0.15024772270908127,0.4435857010157811,Reject,1.9115274087172514,Reject,Reject,Accept,0.5306757780869379
0.8644523926294289,0.8453544195717031,0.31802858713217674,0.17743428072164624,0.5120818083403523,Reject,"Z1, Z2, Z4",1.8571335246003127,0.31802858713217674,0.14201632448729412,0.4854863347452662,Reject,1.9658068101736674,Reject,Reject,Accept,0.3677778685728241
1.1301213809625232,0.9047607176284787,0.19052441660189873,0.05263633589578608,0.32083549699254543,Reject,"Z1, Z2, Z4",1.9842253722138605,0.19052441660189873,0.05730365314738324,0.32250348805490087,Reject,1.8524832868786296,Reject,Reject,Reject,1.0196735907080838
1.0187089639296347,0.8334209896309844,0.19352224881800245,0.08112435291222801,0.39653216924810203,Reject,"Z2, Z4",1.6218163738714284,0.19352224881800245,0.056390772114630706,0.3410181927325966,Reject,1.6379410026998786,Reject,Reject,Accept,0.4842906915038255
1.2281194631184533,0.8465012677139235,0.2207986834925546,0.08537537981859286,0.3450912769023682,Reject,"Z1, Z2, Z4",2.123407569501944,0.2207986834925546,0.1034455602198166,0.33948027381473883,Reject,1.8992363586383234,Reject,Reject,Reject,1.14050119786102
0.9918726021788654,0.8430378262537085,0.25632181200920123,0.1542401240574793,0.4415932326789513,Reject,"Z1, Z2, Z4",1.5892553000283982,0.25632181200920123,0.10179419198528065,0.41682041262326275,Reject,1.610231236716824,Reject,Reject,Accept,0.5208908929023082
1.1379785088294734,0.8325688716136919,0.27150655692501185,0.14556838456174026,0.448493211841042,Reject,"Z1, Z2, Z4",2.231345246141257,0.27150655692501185,0.11822608285363359,0.4355595653389385,Reject,2.1015121840236524,Reject,Reject,Accept,0.5720097184916072
0.8437416392434949,0.7527380494164524,0.37835999072674487,0.2642721725763625,0.5103308773054437,Reject,"Z1, Z2, Z4",1.8912067111005972,0.37835999072674487,0.2594532347868334,0.4994320757212788,Reject,1.718946609814922,Reject,Reject,Reject,1.0747281002837468
1.0015486157851345,0.8211834028927322,0.2029368666779957,0.14763494529342483,0.40041091557669667,Reject,"Z1, Z2, Z4",1.803974505110241,0.2029368666779957,0.07672503630985195,0.3260640186211758,Reject,1.7483347356581296,Reject,Reject,Accept,0.8475628602295694
0.991007569796658,0.8141954340295497,0.30188999301061636,0.20216765140027584,0.48261072136260685,Reject,"Z1, Z2, Z4",1.9337530568787167,0.30188999301061636,0.15484688256354903,0.45165729986540815,Reject,1.8582550718544129,Reject,Reject,Accept,0.46359628127442887
0.9149311455899125,0.8763074868108924,0.3860529038274197,0.25253477189360757,0.5314456479267066,Reject,"Z1, Z2, Z4",1.9713669610314535,0.3860529038274197,0.24188663793627013,0.5253952748933977,Reject,1.9489033602813908,Reject,Reject,Reject,1.0239220178477895
1.0452204535923273,0.8158455985343707,0.20871605719049827,0.1252081553312459,0.39354162068053333,Reject,"Z1, Z2, Z4",2.082350133174295,0.20871605719049827,0.05630149165969478,0.3524067259918873,Reject,1.7846321780452472,Reject,Reject,Reject,1.124241857105841
0.9703991138415703,0.9421401297550102,0.23297073491718034,0.13545933284888118,0.4150523330049284,Reject,"Z1, Z2, Z4",1.9073955831975846,0.23297073491718034,0.09913378412776389,0.3587250696361426,Reject,1.700524332922067,Reject,Reject,Accept,0.2468376168319759
1.1605118594473873,0.9297160726978992,0.1881861835832429,0.04974286024965154,0.36545311545653286,Reject,"Z1, Z2, Z4",2.038001903610774,0.1881861835832429,0.02040115408016318,0.35534643913125213,Reject,1.9038749074543029,Reject,Reject,Accept,0.451423659470768
1.1088557695267856,0.8974422514859818,0.2789645723108592,0.12609060386178067,0.41795267467898684,Reject,"Z1, Z2, Z4",2.0553580803201656,0.2789645723108592,0.13468571546604244,0.42365939162259136,Reject,1.9542281364510634,Reject,Reject,Accept,0.8584214075608095
0.9310098662666035,0.8412421407356746,0.28675764685347055,0.1177720143946687,0.4227430415784125,Reject,"Z1, Z2, Z4",1.706477560549407,0.28675764685347055,0.1396831393454488,0.44249774739150133,Reject,1.6585486432645464,Reject,Reject,Accept,0.6372919309952207
1.0851705422749653,0.8442645509934743,0.13562849753073333,0.10485768470488904,0.4219966357096663,Reject,"Z1, Z2, Z4",1.8207835997105546,0.13562849753073333,-0.02621522301664175,0.29067259511398597,Accept,1.8325082418058047,Reject,Reject,Accept,0.7960902535111694
0.9465183041572033,0.8086614134365976,0.3467678935428919,0.24613495915624214,0.5049354466381755,Reject,"Z1, Z2, Z4",1.801698207580782,0.3467678935428919,0.21121856172431847,0.48700634270902976,Reject,1.766954674538807,Reject,Reject,Reject,0.951710928345735
0.9596928684669921,0.827165746776903,0.1953151542281889,0.08558081412699976,0.35260057802592665,Reject,"Z1, Z2, Z4",2.0227572000637672,0.1953151542281889,0.06818857571982577,0.323341247023251,Reject,1.8215876297918652,Reject,Reject,Accept,0.7046062000115029
0.8162936556338688,0.8839588795973284,0.31882977196098156,0.17272125748388176,0.4799606896145238,Reject,"Z1, Z2, Z4",1.445226878576735,0.31882977196098156,0.16425675954097457,0.48021946135653093,Reject,1.547664651496366,Reject,Reject,Reject,0.8513897287431688
1.2300357117873981,0.9164053539662025,0.1837642610877457,0.008696659989811888,0.2982370976108684,Reject,"Z1, Z2, Z4",1.9875560904949123,0.1837642610877457,0.04501103713036468,0.32288586850363493,Reject,1.999964432603665,Reject,Reject,Reject,0.9154379039756135
1.2971976999664698,0.8965103267994402,0.10594235627181581,0.001419544449434056,0.26441175413205725,Reject,"Z1, Z2, Z4",1.491701817000513,0.10594235627181581,-0.03910539977677743,0.23422364621704447,Accept,1.7743257164673898,Reject,Reject,Accept,0.5530640641717214
1.0417026886030283,0.8442571692583012,0.28822026590014993,0.15910735448535157,0.4421552848300235,Reject,"Z1, Z2, Z4",1.8328194418536479,0.28822026590014993,0.15519100322014173,0.43227080011376595,Reject,1.8537721933837275,Reject,Reject,Accept,0.6812318997889605
0.8631514316993082,0.8023562209230055,0.313790814138721,0.1561507610956036,0.46336051022766517,Reject,"Z1, Z2, Z4",1.5029704616224107,0.313790814138721,0.1663018103347358,0.46972127927010204,Reject,1.5609159506610382,Reject,Reject,Reject,0.9118987031064527
1.2663657069328458,0.9269689091623048,0.1875081775303134,0.021813671970487492,0.3235950787297447,Reject,"Z1, Z2, Z4",2.100501134238344,0.1875081775303134,0.04106222484645571,0.3392077795820933,Reject,1.9121816920012367,Reject,Reject,Accept,0.5457697506130207
1.0946036462363626,0.9062350835860369,0.23560200973257162,0.08161271245086453,0.38346096373937505,Reject,"Z1, Z2, Z4",1.8584206654959505,0.23560200973257162,0.0874137105840645,0.3965420084649268,Reject,1.791207732242792,Reject,Reject,Accept,0.6742738271334178
1.0737586186173218,0.9064260169405666,0.26612520691515607,0.12349773390932889,0.4149492393619976,Reject,"Z1, Z2, Z4",1.7867942905171963,0.26612520691515607,0.12211603928585169,0.42008801341879476,Reject,1.6800258113466475,Reject,Reject,Accept,0.14567353001801228
0.9705200506950202,0.8601590364869772,0.27397574617803466,0.13762719636737958,0.43698532863963996,Reject,"Z1, Z2, Z4",1.812937138305343,0.27397574617803466,0.1273162792139509,0.40647300314914325,Reject,1.8208642711148644,Reject,Reject,Accept,0.7045133368315325
0.9962647972107727,0.8782689322270982,0.22585616066585795,0.13994182864222426,0.4336056423518387,Reject,"Z1, Z2, Z4",1.8037395247031112,0.22585616066585795,0.07920435072455594,0.37351813723871097,Reject,1.7411349042860516,Reject,Reject,Accept,0.871191457056252
0.9687850482429616,0.8160808951857939,0.21949416971302574,0.10034361196414242,0.36267086284938077,Reject,"Z1, Z2, Z4",2.031364858974498,0.21949416971302574,0.09355677539147308,0.3526015004580723,Reject,1.861707104182634,Reject,Reject,Accept,0.7301303344081365
1.2448869849942126,0.9645524492543511,0.23515793078107083,0.023680718840306092,0.3258355001490757,Reject,"Z1, Z2, Z4",2.037065260254759,0.23515793078107083,0.07576958323180141,0.39772489448329174,Reject,1.9894490700903367,Reject,Reject,Accept,0.5726222010810834
1.1629599594015996,0.9201961543658196,0.225361739821996,0.07642319227603138,0.34471375963555007,Reject,"Z1, Z2, Z4",1.86384898998337,0.225361739821996,0.08030798628418563,0.352860734177277,Reject,1.918333300230119,Reject,Reject,Accept,0.43487391837304235
0.790856359764245,0.7287620778458679,0.38301445771352566,0.26486629679133755,0.5835337089721028,Reject,"Z1, Z2, Z4",1.9102475281407947,0.38301445771352566,0.22071521031345886,0.5433692885267437,Reject,1.9184007636713658,Reject,Reject,Accept,0.41388236636653236
1.0123285627671947,0.8754107684462318,0.20996973982467373,0.053674750641487794,0.33822095440715594,Reject,"Z1, Z2, Z4",1.871459834519556,0.20996973982467373,0.051706172051947774,0.35125849282943633,Reject,1.8069227696956967,Reject,Reject,Reject,1.1249654438536698
1.0970744434361208,0.9252484996515649,0.1607164679140757,0.05018925616877029,0.326203241680794,Reject,"Z1, Z2, Z4",1.604674456556293,0.1607164679140757,0.025937031681741128,0.2996173893773265,Reject,1.623706619345782,Reject,Reject,Accept,0.5050047867384813
0.8826943454018532,0.8513262813278537,0.4219035590327001,0.2273435282402036,0.5549572800405317,Reject,"Z1, Z2, Z4",2.0075584697933113,0.4219035590327001,0.2643694200154962,0.570393923137142,Reject,1.8863320188341597,Reject,Reject,Reject,1.0732756127464937
0.9109072962757421,0.9020685158944655,0.29256668906992905,0.11153650206104102,0.41131044016114454,Reject,"Z1, Z2, Z4",1.7156469794187328,0.29256668906992905,0.14838731227775004,0.43913677570997256,Reject,1.5347223130649912,Reject,Reject,Accept,0.7556876906191582
1.0018508471838914,0.8296134693867174,0.2870579444646499,0.139124453047049,0.40818120269755526,Reject,"Z1, Z2, Z4",1.8116512066356882,0.2870579444646499,0.1259860336352753,0.4341159909872586,Reject,1.9421333395800187,Reject,Reject,Reject,1.2061204721299135
1.2268997062075988,0.8853875272075186,0.18717662704032487,0.05136053093694471,0.3604263698866328,Reject,"Z1, Z2, Z4",1.797170748166932,0.18717662704032487,0.047239100677021736,0.3404334865127602,Reject,1.8494930944790224,Reject,Reject,Accept,0.6555674267211945
0.9651557581617018,0.7787713076887107,0.3723675807892376,0.23258149577926954,0.5036316775280955,Reject,"Z1, Z2, Z4",1.9567076197897533,0.3723675807892376,0.23753557568493372,0.5088001864368996,Reject,1.9539523403872332,Reject,Reject,Reject,0.9838335330118325
1.0414492902790764,0.8587808042490631,0.22779778363858388,0.06851701602448924,0.3951388882618037,Reject,"Z1, Z2, Z4",1.976942060427443,0.22779778363858388,0.0646894882198255,0.3784947220845371,Reject,1.927125664860241,Reject,Reject,Accept,0.5892495976107401
1.0535260071234245,0.9037450982308118,0.3015276669847452,0.09735625895027661,0.4252207013196473,Reject,"Z1, Z2, Z4",1.976225360288899,0.3015276669847452,0.13584303190346872,0.4582437140690482,Reject,1.9295733126631576,Reject,Reject,Reject,1.044284293403913
0.9195885676930056,0.7216902612038171,0.28425958360423015,0.1550708828676581,0.4249484161979731,Reject,"Z1, Z2, Z4",2.3496004532293653,0.28425958360423015,0.13771224133932683,0.4329817183945701,Reject,2.0579476025816743,Reject,Reject,Reject,1.2310438673370836
0.9177987384050433,0.8585911465938618,0.25008474571732575,0.15381228526584154,0.4790156423788586,Reject,"Z1, Z2, Z4",1.603779376737224,0.25008474571732575,0.07834655127228221,0.4124236652118102,Reject,1.7720677512670693,Reject,Reject,Reject,1.0511124545841481
1.0755388082291675,0.9533013348993659,0.25432896168170005,0.13675527643374957,0.45130496249410534,Reject,"Z1, Z2, Z4",1.8658919936847078,0.25432896168170005,0.10226915489245522,0.40343279215157857,Reject,1.7876641592110654,Reject,Reject,Accept,0.667884423249605
1.0225910251301549,0.884598960154396,0.20010710050706038,0.050189959883483806,0.35143997778605557,Reject,"Z1, Z2, Z4",1.5239809448346433,0.20010710050706038,0.04018318653143176,0.35375937289188736,Reject,1.6328940214704897,Reject,Reject,Reject,0.9345041501708667
1.1352269942708275,0.969141911454363,0.163615408434878,0.04118527158777522,0.4029552448699122,Reject,"Z1, Z2, Z4",1.9718113825047103,0.163615408434878,-0.027917039656126047,0.3498575961691732,Accept,2.0030258978243056,Reject,Reject,Accept,0.7290761478536214
0.7013414645551779,0.8701846433591458,0.3477449277044382,0.21237232134354941,0.5521430156937586,Reject,"Z1, Z2, Z4",1.4971671117527854,0.3477449277044382,0.18528467107617907,0.5078921232962968,Reject,1.6604286713233336,Reject,Reject,Accept,0.7200978991438052
0.6642693815283492,0.7554132033303422,0.3756551702001483,0.2753699292157807,0.5494174796374499,Reject,"Z1, Z2, Z4",1.8410814116230054,0.3756551702001483,0.2359607390693878,0.5131366269422761,Reject,1.8482378254307337,Reject,Reject,Accept,0.8152758673941987
1.169423498166059,0.8399371973456492,0.2524093070037363,0.11833807775981861,0.4013496033821592,Reject,"Z1, Z2, Z4",1.6481385714323087,0.2524093070037363,0.11791320857164293,0.39722808640149176,Reject,1.8072212945401684,Reject,Reject,Reject,1.1341666641321193
1.2664530781713783,0.8039073840273459,0.16001505796226898,0.02245622785098258,0.28700578541153,Reject,"Z1, Z2, Z4",1.8785598407014936,0.16001505796226898,0.03373303769133429,0.2803573612028965,Reject,1.859803923360067,Reject,Reject,Accept,0.4626818478836374
0.9485670652331146,0.8099081539189699,0.26475125645001274,0.1836444682004146,0.4428254032020037,Reject,"Z1, Z2, Z4",1.9592719500279872,0.26475125645001274,0.12945264363473902,0.39846361914785633,Reject,1.8322270167530348,Reject,Reject,Reject,1.243432092740417
0.9283587855265536,0.8088318072980514,0.3236316643614452,0.22292280993607258,0.4888331676513712,Reject,"Z1, Z2, Z4",2.349181816290436,0.3236316643614452,0.18150834407724992,0.458147540036717,Reject,2.194665435970088,Reject,Reject,Accept,0.6772520402449808
1.0109863368322018,0.9131085455070483,0.2554787750045333,0.14702039969755515,0.47858338563320335,Reject,"Z1, Z2, Z4",2.0855558798926053,0.2554787750045333,0.09238088875254383,0.40663566135562523,Reject,1.807703337478432,Reject,Reject,Accept,0.6396604053317725
0.6996794589433718,0.8726733475552876,0.4348497180442533,0.2367165550032325,0.53910533656379,Reject,"Z1, Z2, Z4",2.0537382769640207,0.4348497180442533,0.28487119277059075,0.5860329541283711,Reject,1.9608000788071942,Reject,Reject,Accept,0.6135851085857279
0.9248912685060644,0.8881768546419578,0.284374544670492,0.1926434671732614,0.5272471739402363,Reject,"Z1, Z2, Z4",1.9907350046734817,0.284374544670492,0.11971051032874717,0.44347922635228876,Reject,1.9089554116631848,Reject,Reject,Reject,1.0582193158733084
0.5570611224537486,0.8460321648955453,0.38660334393298884,0.3027053063213464,0.6252777648674861,Reject,"Z1, Z2, Z4",1.9261759977951252,0.38660334393298884,0.22275892671231534,0.5549828500917384,Reject,1.9237188253383204,Reject,Reject,Accept,0.3799433245182075
1.0786430535250824,0.9078022007110113,0.22052386462960508,0.08574160991910917,0.4026872526854747,Reject,"Z1, Z2, Z4",1.8612807964413582,0.22052386462960508,0.06370253950343774,0.38417432189198814,Reject,1.7829077603391377,Reject,Reject,Reject,0.8983214577637658
1.1049861588381868,1.0268408449376332,0.13207810420996918,-0.01015339559800241,0.3128975179370298,Accept,"Z1, Z2, Z4",1.601149803074644,0.13207810420996918,-0.026497124521131808,0.2932430162388216,Accept,1.7085491636640138,Reject,Reject,Accept,0.5295855692885675
1.4107624238028753,0.9666202570319025,0.08649168046229166,-0.04968381069586471,0.2556861244721927,Accept,"Z1, Z2, Z4",1.831745768022297,0.08649168046229166,-0.06505294419627024,0.2436248877856662,Accept,2.0466919406110544,Reject,Reject,Accept,0.7676578830009698
1.0525545950004584,0.8691373905641087,0.1953415682592637,0.13826838194504168,0.38685903009008277,Reject,"Z1, Z2, Z4",1.8471490841595652,0.1953415682592637,0.05908802953683154,0.3301830535134704,Reject,1.911157182090449,Reject,Reject,Accept,0.5017060066134026
0.995633442733182,0.8464347915821365,0.2501814515927425,0.11070949108584767,0.3865631777068481,Reject,"Z1, Z2, Z4",1.8721164764560958,0.2501814515927425,0.11143632498151299,0.38275092638069097,Reject,1.8205560854507385,Reject,Reject,Accept,0.8289125431089425
1.0437410017335815,0.7677733764686343,0.3072232552566439,0.2021587093508122,0.45437521235053074,Reject,"Z1, Z2, Z4",1.976839507909178,0.3072232552566439,0.18850673912234034,0.42877073759649936,Reject,2.022258176236338,Reject,Reject,Reject,1.1017273438362956
1.2162016759439973,1.010078933949847,0.23954573059671141,0.09496814994281974,0.38422283018446135,Reject,"Z1, Z2, Z4",1.8753119246951573,0.23954573059671141,0.09783348913176862,0.3881400756145703,Reject,1.8358693373307486,Reject,Reject,Accept,0.4453918281678578
0.8679827361175544,0.833729013822061,0.30306873083217073,0.17445808560330542,0.45697195836579474,Reject,"Z1, Z2, Z4",1.8967422120407447,0.30306873083217073,0.15642409714629832,0.446873949616915,Reject,1.8402622477075088,Reject,Reject,Accept,0.695071993731459
1.027753505468765,0.9468323856679343,0.28111106057896595,0.13210564124668914,0.4292641991893799,Reject,"Z1, Z2, Z4",1.5903363742227523,0.28111106057896595,0.1349548717979415,0.4310783302199564,Reject,1.659641398318814,Reject,Reject,Accept,0.28861553770223464
1.0599574756190073,0.898805783241629,0.2378296442269745,0.09402216701144718,0.4185552424549412,Reject,"Z1, Z2, Z4",1.893359328234171,0.2378296442269745,0.07375167247815509,0.40839399840257795,Reject,1.8650834987288996,Reject,Reject,Accept,0.7737550444415298
0.8515564775191273,0.828738677784728,0.35337397736885,0.19361281588623153,0.5211739045086641,Reject,"Z1, Z2, Z4",1.8671632349412213,0.35337397736885,0.18820046076473967,0.5107801212001306,Reject,1.8657475517309623,Reject,Reject,Accept,0.4019892201335702
0.820041372030639,0.773529432894648,0.4377556309391846,0.2990705522875575,0.62574285121531,Reject,"Z1, Z2, Z4",2.010369085363267,0.4377556309391846,0.2777142866884268,0.6083870938167953,Reject,1.8891467292715207,Reject,Reject,Reject,0.9960683837737659
0.9834534414033729,0.9138383891724431,0.3414026967956867,0.11575766333664736,0.4971387278516674,Reject,"Z1, Z2, Z4",1.739068545786791,0.3414026967956867,0.1640997338317763,0.5152703750420032,Reject,2.0273933368803485,Reject,Reject,Accept,0.6786410908013375
0.9278194953991854,0.8802953785774627,0.21132410250255815,0.08095133776963576,0.49924119133029876,Reject,"Z2, Z4",1.6763467024004393,0.21132410250255815,0.03678396607654442,0.3794455045875531,Reject,1.770960527910727,Reject,Reject,Reject,0.9471775740006902
0.8953649945959903,0.7708154511237085,0.29175969313903444,0.1662644733047615,0.41824537316555715,Reject,"Z1, Z2, Z4",1.894716414824313,0.29175969313903444,0.1621892428904756,0.4139839283941468,Reject,1.7898535191368146,Reject,Reject,Accept,0.39708275102154533
0.89444007684717,0.9148786766894196,0.2308825693616701,0.1404987654540931,0.45050507771873327,Reject,"Z1, Z2, Z4",1.9580911653537054,0.2308825693616701,0.07234931556682306,0.38727937065804796,Reject,1.7496612142420909,Reject,Reject,Accept,0.8377446435353681
1.0806682463253436,0.9279260432244258,0.20851935470987967,0.1036182536636027,0.3971910090504016,Reject,"Z1, Z2, Z4",1.6273216398971484,0.20851935470987967,0.0672425161741508,0.35475053365617815,Reject,1.6954977936448445,Reject,Reject,Reject,1.146326553695246
1.1127277441905274,0.7837778848213605,0.2995443406491902,0.19730249911013298,0.48836459582902614,Reject,"Z1, Z2, Z4",2.1354478428768475,0.2995443406491902,0.1488281280096307,0.4542907140650455,Reject,2.0082971243975716,Reject,Reject,Reject,0.9610648164828169
0.9163220041934682,0.8782864810765002,0.2523800894465971,0.12446122875032542,0.42797989288918326,Reject,"Z1, Z2, Z4",1.3235299684270632,0.2523800894465971,0.09830065546924602,0.41427668999934375,Reject,1.6187459784841116,Reject,Reject,Accept,0.6639930695883868
1.0968529320083849,0.99065598278306,0.22191030135906695,0.08763233159093617,0.42571509165336424,Reject,"Z1, Z2, Z4",2.102345176634401,0.22191030135906695,0.0612970281782485,0.37798216412002256,Reject,1.8551458620794348,Reject,Reject,Accept,0.6512068824610344
0.9744605218440732,0.9174874668559683,0.1594582040700328,0.04577299712903071,0.34948121817876765,Reject,"Z1, Z2, Z4",1.7389841640678603,0.1594582040700328,0.006613303073227972,0.3060740216326015,Reject,1.5314313255099725,Reject,Reject,Reject,0.9621873453869333
0.9156220118620553,0.9722415040315314,0.1906863429757184,0.06391594001378724,0.40018252129556886,Reject,"Z1, Z2, Z4",1.8824194556866134,0.1906863429757184,0.02933330241746116,0.3633273949685752,Reject,1.772100612410718,Reject,Reject,Accept,0.6888561295847662
0.7988766269948856,0.836721238092417,0.34736595443436896,0.1813386444999051,0.4974115869298645,Reject,"Z1, Z2, Z4",1.758017451551446,0.34736595443436896,0.1858618898045619,0.5032236675215314,Reject,1.7227053459533108,Reject,Reject,Accept,0.4937195261643596
1.0855065961462338,0.8388121008500242,0.27133793033376796,0.1193945236766346,0.41915663848895207,Reject,"Z1, Z2, Z4",2.1231489561407404,0.27133793033376796,0.13292821451366071,0.41112173959996656,Reject,1.764660754167719,Reject,Reject,Accept,0.5910693077904424
0.897917982039547,0.8497755674766948,0.3173289845712821,0.16669054499994632,0.4902247645807322,Reject,"Z1, Z2, Z4",1.8865043963926666,0.3173289845712821,0.14883228895980027,0.4840711393361473,Reject,1.7283486930636576,Reject,Reject,Reject,1.168593839644651
1.1632699442930705,0.9363820334647993,0.21294021347242567,0.04370643916295215,0.34212520425627874,Reject,"Z1, Z2, Z4",1.5599171413317043,0.21294021347242567,0.061834592533656266,0.3590307864609923,Reject,1.5813945334963042,Reject,Reject,Reject,1.0927262273535225
1.0052143759147816,0.821112837013942,0.24710689928558466,0.11278993825857044,0.39280820378885895,Reject,"Z1, Z2, Z4",1.9262566717832146,0.24710689928558466,0.103546085468528,0.3887411345343734,Reject,1.8820245093182302,Reject,Reject,Accept,0.7224457610219331
0.9215579567472652,0.83746202201296,0.2502956278901491,0.16262057341548153,0.4109603723102207,Reject,"Z1, Z2, Z4",2.003386048086537,0.2502956278901491,0.1313809606471607,0.3788574841066415,Reject,1.93564948821482,Reject,Reject,Accept,0.8333423577215233
1.0774414352642612,0.8817449386395696,0.20070548683153422,0.026248450111298633,0.32736908181296015,Reject,"Z1, Z2, Z4",1.8050194256832723,0.20070548683153422,0.0683276064454845,0.34068735712504356,Reject,1.5981692954149815,Reject,Reject,Accept,0.3921844786263982
0.8098284786552157,0.7988005929960518,0.36641962195515754,0.2416741024898421,0.5308025620273469,Reject,"Z1, Z2, Z4",1.9573867990429457,0.36641962195515754,0.22657042492157675,0.5124619803267474,Reject,1.8312124472630376,Reject,Reject,Accept,0.7308050937073638
1.123862845093388,0.8281236351582985,0.13396429262043882,0.042590735050229596,0.2991199154714812,Reject,"Z1, Z2, Z4",1.6935447164618496,0.13396429262043882,0.003432023427833001,0.2616282761961398,Reject,1.7659097747938706,Reject,Reject,Accept,0.6896517882563455
1.1340054117057943,0.9811755176818024,0.13289595147227812,-0.024951475688525904,0.3213471860364695,Accept,"Z1, Z2, Z4",1.9782774312276639,0.13289595147227812,-0.0383959831724796,0.31600162650305275,Accept,1.8335201812681412,Reject,Reject,Accept,0.6061560784776651
1.1754881305939442,0.8840214476496109,0.241341630818964,0.11900199983293627,0.408185729535703,Reject,"Z1, Z2, Z4",1.9337776491621939,0.241341630818964,0.09389964306211161,0.38461681246988005,Reject,1.8590357590908684,Reject,Reject,Reject,0.8390165061382856
0.9651363035572655,0.8457419101189181,0.22952525707177482,0.12632913915828703,0.38176429858206695,Reject,"Z1, Z2, Z4",1.5007009273380763,0.22952525707177482,0.09880788572277396,0.36963282140588716,Reject,1.498761863922395,Reject,Reject,Accept,0.6161242867177774
0.8217760240684538,0.8517257446350117,0.37663724136509075,0.2443128404786537,0.5792995332848574,Reject,"Z1, Z2, Z4",1.9596169951543538,0.37663724136509075,0.22010115292709131,0.5359891533358739,Reject,1.729396538936459,Reject,Reject,Accept,0.7871917632316564
0.9460376152407965,0.7922264471944287,0.31743368733446736,0.20152549814690268,0.4672532657031511,Reject,"Z1, Z2, Z4",1.9343948603419314,0.31743368733446736,0.17987281181585216,0.4568021403853215,Reject,1.856443964208953,Reject,Reject,Accept,0.7830567768963554
1.3332622207250966,1.0345973899091694,0.16654053815076444,-0.020811014669035257,0.31104265493005884,Accept,"Z1, Z2, Z4",1.921230839430786,0.16654053815076444,-0.011399038534905962,0.3207485390930177,Accept,1.9215934501672325,Reject,Reject,Accept,0.4994126043711393
1.015278673429666,0.8667922099567592,0.2720544540943605,0.095770503287878,0.43760249504530535,Reject,"Z1, Z2, Z4",1.713494774368702,0.2720544540943605,0.10957949557893898,0.43631485579999,Reject,1.772506411205977,Reject,Reject,Reject,1.2760878214473
1.0455796288548114,0.866863527066155,0.22847616714582472,0.04899311307732151,0.38227777642398425,Reject,"Z1, Z2, Z4",2.060353603474004,0.22847616714582472,0.057815316166059755,0.3938588008101696,Reject,1.9637540243559506,Reject,Reject,Accept,0.8770231973502239
1.2386670602984609,0.9403939639239552,0.16003897127755704,0.01848594270757492,0.3291953027965443,Reject,"Z1, Z2, Z4",2.130967743299728,0.16003897127755704,-0.003884276412364783,0.31365698694747185,Accept,2.0664422991705305,Reject,Reject,Accept,0.896433835393176
0.8478137843550007,0.7541419667566558,0.32404281432268206,0.22935686968455887,0.4898164205618337,Reject,"Z1, Z2, Z4",1.9475460107111786,0.32404281432268206,0.2008844435263746,0.4468282938078546,Reject,1.8354768001207051,Reject,Reject,Reject,1.1995313115465074
0.9358617311034386,0.8835780456300315,0.33838195528107373,0.17962125131411133,0.511336658078123,Reject,"Z1, Z2, Z4",2.0856246843143356,0.33838195528107373,0.1677882299912247,0.4973490607484994,Reject,2.0130212694887017,Reject,Reject,Accept,0.3212673710867957
0.8726783473434706,0.8577611828924752,0.31113358366331584,0.1743758496007765,0.4890000751016974,Reject,"Z1, Z2, Z4",1.9973405054644997,0.31113358366331584,0.14110749025220884,0.472588287712553,Reject,1.8516227836710129,Reject,Reject,Reject,0.9259995573641928
1.0602798677388792,0.8689111186028808,0.131940613052374,0.01672455352301772,0.28829657201487924,Reject,"Z1, Z2, Z4",1.9492214600299116,0.131940613052374,-0.004099148595245631,0.25333266573119223,Accept,1.7328835983365016,Reject,Reject,Accept,0.923531566437725
1.0660875421346698,0.8517990134210455,0.25157620902186056,0.11216187554766624,0.3701630800105506,Reject,"Z1, Z2, Z4",1.887129421043236,0.25157620902186056,0.12241740478052102,0.380296193063755,Reject,1.8322409488721574,Reject,Reject,Accept,0.8590283689355556
1.0235406762448933,0.8485346305898547,0.1989346533481159,0.1116601640243951,0.3774202882588914,Reject,"Z1, Z2, Z4",1.9756108275528559,0.1989346533481159,0.06505123562510352,0.33712176730879906,Reject,1.8240248741239893,Reject,Reject,Accept,0.4526031033457351
1.069614929557659,0.8683973185238745,0.23861710269978806,0.11281165561784615,0.3785491791014987,Reject,"Z1, Z2, Z4",1.8733905991649131,0.23861710269978806,0.10602825268005617,0.3821796636639635,Reject,1.700940666024688,Reject,Reject,Accept,0.7554247337714878
0.8049902419802264,0.7937769876196566,0.34471224052510574,0.2501765512064003,0.5355502873444246,Reject,"Z1, Z2, Z4",1.9332242300581672,0.34471224052510574,0.20329852732640494,0.49495534661827434,Reject,1.8912457239615748,Reject,Reject,Accept,0.814755118503814
0.894619009650058,0.8388356655557483,0.31583633907436093,0.18468209891473297,0.44618878111106536,Reject,"Z1, Z2, Z4",2.275496255758899,0.31583633907436093,0.17557104717574878,0.4576183691835133,Reject,1.8580938803713678,Reject,Reject,Reject,0.9385248216986712
0.9932824828962188,0.8460221330396623,0.23049852668860304,0.1505858338517367,0.4065268588617563,Reject,"Z1, Z2, Z4",1.8838666183589157,0.23049852668860304,0.09195305185075928,0.3547529131191823,Reject,1.8135939733752906,Reject,Reject,Accept,0.4279354434022972
1.0617949802992797,0.817694374099694,0.3081973897474893,0.12949841326647946,0.4373652145447009,Reject,"Z1, Z2, Z4",2.0162582675951386,0.3081973897474893,0.14939067630144176,0.45540362566879533,Reject,1.7914240409698274,Reject,Reject,Accept,0.5682602335631046
0.8110605417816162,0.780012455187468,0.3379489808115866,0.16220419294203858,0.4709167827120701,Reject,"Z1, Z2, Z4",1.9924525213211062,0.3379489808115866,0.19646824491714335,0.4896579940971597,Reject,1.8249845159437856,Reject,Reject,Reject,0.8658033303796918
0.7631057203969422,0.7627062852986762,0.36187282642731766,0.19761114968014365,0.4847214280820238,Reject,"Z1, Z2, Z4",1.890333045843293,0.36187282642731766,0.22008457608588367,0.5058421906054121,Reject,1.7581699739888483,Reject,Reject,Accept,0.8286831466493578
0.9491430360482993,0.9267486262934391,0.21935161717487425,0.08942770285388915,0.4110825376714644,Reject,"Z1, Z2, Z4",2.1069348143397586,0.21935161717487425,0.06336002290847215,0.3881928909713188,Reject,1.8031802606938543,Reject,Reject,Accept,0.6852033216400993
0.897283727043393,0.818242026601726,0.2993627869121726,0.185821279487187,0.4682957315954384,Reject,"Z1, Z2, Z4",1.5736132917961283,0.2993627869121726,0.1698502436010656,0.4414140904504107,Reject,1.6834885922265892,Reject,Reject,Reject,1.0091482139841566
1.2397181042126186,0.8058882650642132,0.170218822322186,0.040412745947105005,0.35415845530652595,Reject,"Z1, Z2, Z4",2.0453877324886616,0.170218822322186,0.009807944333930464,0.3214768548230339,Reject,1.9961825370269324,Reject,Reject,Reject,1.0114995126849045
1.006946978877741,0.8014783606912814,0.2416218076440132,0.16069890181441165,0.4348288709424847,Reject,"Z1, Z2, Z4",1.8570760448540171,0.2416218076440132,0.09303921046670335,0.3836074090122182,Reject,1.9319845874310975,Reject,Reject,Accept,0.8467684304844518
1.0214034233423555,0.854094549932379,0.1827819509701942,0.08493681908481326,0.3356997569791223,Reject,"Z1, Z2, Z4",1.5597440946306862,0.1827819509701942,0.05638150881000473,0.30768778619639914,Reject,1.6552350694678715,Reject,Reject,Accept,0.3056005635356608
1.1640128016971631,0.879009356155374,0.17375705596025182,0.04417228377759656,0.34925559756786523,Reject,"Z1, Z2, Z4",1.6986918929759751,0.17375705596025182,0.021453139161292,0.32059353320672196,Reject,1.7928543133431905,Reject,Reject,Accept,0.8088173766173433
0.9468256267677637,0.8591952812479104,0.23798068494989297,0.13035973464887415,0.4234808438860708,Reject,"Z1, Z2, Z4",1.8247764577416283,0.23798068494989297,0.09763136687206019,0.3795419195798466,Reject,1.9993520784082337,Reject,Reject,Accept,0.5778843124090753
0.8353547867432544,0.773557003750023,0.3983137909202214,0.2551472705934273,0.5152357925816613,Reject,"Z1, Z2, Z4",1.8229423358282417,0.3983137909202214,0.27512334737502103,0.5380936780386224,Reject,1.816710571891328,Reject,Reject,Accept,0.7248003545725158
1.3889382351906534,0.938085346435391,0.1015502753967162,-0.026056518540648665,0.27138929608027074,Accept,"Z1, Z2, Z4",2.0299518738635953,0.1015502753967162,-0.0501583935610267,0.23425764019003534,Accept,1.9716370401698686,Reject,Reject,Accept,0.5658268248949213
1.0409643552149752,0.8939462596710501,0.3596753329033087,0.1487387482804139,0.49232672652326415,Reject,"Z1, Z2, Z4",2.086030032939189,0.3596753329033087,0.19683406941168924,0.5211315434555821,Reject,1.8913397034376418,Reject,Reject,Accept,0.8092310094562533
1.093755815156415,0.8427001181970116,0.3019549184743058,0.17262119917805452,0.44610027774984756,Reject,"Z1, Z2, Z4",1.69935567620695,0.3019549184743058,0.15286721210276055,0.434661018773158,Reject,1.7924706978961586,Reject,Reject,Reject,0.8794093695566814
1.0183955363105204,0.9156497834514712,0.22058996662644326,0.15745919973194378,0.4621926451595849,Reject,"Z1, Z2, Z4",1.7325757133308672,0.22058996662644326,0.0752757902034385,0.3806161914665654,Reject,1.93437170466285,Reject,Reject,Accept,0.31181851782723957
0.9557625618299282,0.7915760080923148,0.25359954127952017,0.12282378746951089,0.4244224461553722,Reject,"Z1, Z2, Z4",1.843747943099516,0.25359954127952017,0.1036084134242628,0.4056145718815777,Reject,1.9539153512419707,Reject,Reject,Accept,0.23837890711450072
1.0814458557036009,0.8699583422460452,0.2182867092049583,0.06804567728242543,0.3284586695707048,Reject,"Z1, Z2, Z4",1.6084195766289517,0.2182867092049583,0.08701024366393392,0.345998557673614,Reject,1.7631902069002905,Reject,Reject,Accept,0.2835882864418567
0.9837150024318799,0.9698467007954032,0.2889375146786337,0.10034227706279987,0.4522314116749523,Reject,"Z1, Z2, Z4",1.7088173149766326,0.2889375146786337,0.1043901795801437,0.4626565112174884,Reject,1.8384242079086917,Reject,Reject,Accept,0.3404935240263712
1.0285591786756858,0.8307129197358377,0.26391968390124543,0.12462612069990428,0.4162162342768019,Reject,"Z1, Z2, Z4",2.074939554288246,0.26391968390124543,0.11599208393086222,0.40400060193636506,Reject,1.8973238932010792,Reject,Reject,Reject,0.8745476753900268
1.0030904270966197,0.8606817203436582,0.22342939456736205,0.14861164085736464,0.42099919172172473,Reject,"Z1, Z2, Z4",2.168326552701476,0.22342939456736205,0.0812040265969093,0.3604278262691866,Reject,1.8786612692520952,Reject,Reject,Reject,1.2998953859446833
0.9009399783575563,0.8782592595929262,0.2516897892117002,0.17666270191004,0.44722152961765776,Reject,"Z1, Z2, Z4",1.8040676096974062,0.2516897892117002,0.11230516544832223,0.3847335570704423,Reject,1.811197432548063,Reject,Reject,Accept,0.654208830633542
1.1236835478119804,0.7841869065676783,0.2642991547240357,0.14651103995025355,0.43212891500689454,Reject,"Z1, Z2, Z4",1.7529740474871138,0.2642991547240357,0.10812270505196767,0.40883468890215774,Reject,1.943875750898764,Reject,Reject,Accept,0.469455657494019
1.2029699792177126,0.868058779828032,0.13780483561962129,0.01605539597358225,0.3613061867414819,Reject,"Z1, Z2, Z4",1.7295799006144312,0.13780483561962129,-0.039330516804286064,0.2985289143003266,Accept,1.8320824607632789,Reject,Reject,Accept,0.5018180174427627
1.0540382051783121,0.8400512007965314,0.21700855169453834,0.13128995474929173,0.41516911593934175,Reject,"Z1, Z2, Z4",1.9151400279417843,0.21700855169453834,0.08273043859464435,0.3476504944539249,Reject,1.9014366530942106,Reject,Reject,Accept,0.8623491385942488
1.220974850897357,0.7770209997168014,0.18938242396624994,0.042059080465559416,0.33092037303394284,Reject,"Z1, Z2, Z4",1.5767917399122968,0.18938242396624994,0.04443199660770695,0.33386045809710213,Reject,1.6879248933046385,Reject,Reject,Accept,0.387348208129121
1.1064851301515495,0.8765531674685791,0.1722456650841971,0.06541227469010168,0.3917081769537134,Reject,"Z1, Z2, Z4",2.099515897520701,0.1722456650841971,0.012471484806682337,0.3385912507717574,Reject,1.848027980562016,Reject,Reject,Accept,0.7194642710870394
0.7484443505242624,0.7792694050286547,0.26833680416039307,0.14195648926059412,0.44592421968404206,Reject,"Z1, Z2, Z4",1.7530213132535066,0.26833680416039307,0.12849349721071185,0.3975858331966454,Reject,1.599064972754097,Reject,Reject,Accept,0.7551004583155816
0.976760718320271,0.8915561764467288,0.2633085276827048,0.16296140208013948,0.4258741594757691,Reject,"Z1, Z2, Z4",1.8781673969639412,0.2633085276827048,0.12969125404509924,0.39669105855087555,Reject,1.853250010055455,Reject,Reject,Reject,1.291584612515578
1.06116976285142,0.8883213035237864,0.15987939045657054,0.08470289755450347,0.34133233240819805,Reject,"Z1, Z2, Z4",1.7705048302295985,0.15987939045657054,0.02681116057654473,0.2855019152633003,Reject,1.5986633466137967,Reject,Reject,Reject,0.9966274877140543
0.9457225693503302,0.856729005678178,0.30852005140134914,0.22792204658416212,0.48526703753143363,Reject,"Z1, Z2, Z4",1.7336287286137813,0.30852005140134914,0.1714968818093107,0.4346575292186889,Reject,1.7539298686197429,Reject,Reject,Reject,0.9995263605747806
1.1156982237954927,0.9071445544206057,0.12959400505536298,0.054331769447238505,0.3461963621815872,Reject,"Z1, Z2, Z4",1.6152564919147725,0.12959400505536298,-0.032127110192441063,0.28385855747986943,Accept,1.6053859261117247,Reject,Reject,Accept,0.6006205514691713
0.9449995281629422,0.7994411639569425,0.2996595103333858,0.1932256062069253,0.5059411265842475,Reject,"Z1, Z2, Z4",2.016590998071447,0.2996595103333858,0.1380480126391488,0.46615569536905155,Reject,1.9140752830934935,Reject,Reject,Reject,0.9271402862520485
0.9198381673809854,0.7963030827618593,0.2709559833428002,0.10388855528566238,0.4238415025959483,Reject,"Z1, Z2, Z4",2.0293800781702367,0.2709559833428002,0.11072360161652264,0.439349283005554,Reject,1.764730276070062,Reject,Reject,Accept,0.6858460740184844
1.2168718143981425,0.8476883554121114,0.094600054916877,-0.013443591709159722,0.28397409502836574,Accept,"Z1, Z2, Z4",2.1100941091090424,0.094600054916877,-0.04778387962219019,0.2341295120863683,Accept,1.7574834164701496,Reject,Reject,Accept,0.6682484185059795
1.0315853351608344,0.8347973244924136,0.19932280012295023,0.09984190246914124,0.37870208402170863,Reject,"Z1, Z2, Z4",1.747641740171743,0.19932280012295023,0.048898419516876075,0.3412523128278218,Reject,1.6739571107812048,Reject,Reject,Reject,0.9842606641312875
1.2246955170163338,0.9208366036758483,0.24460328405839207,0.0738955590402774,0.3965388774881623,Reject,"Z1, Z2, Z4",2.1419141233891947,0.24460328405839207,0.1026720286407119,0.40165448340331555,Reject,2.052483838389011,Reject,Reject,Reject,0.9743071585481764
0.844897374022107,0.8347285697832553,0.32842434116335806,0.16015612624404973,0.5183542845838425,Reject,"Z1, Z2, Z4",1.7041146571943506,0.32842434116335806,0.1588983220946061,0.4772335427571943,Reject,1.786891167319846,Reject,Reject,Reject,0.9717092372900572
1.1944119447727795,0.9137127665889114,0.1709471627934483,0.057477414110187725,0.3065161784813238,Reject,"Z1, Z2, Z4",1.742782183091189,0.1709471627934483,0.03914805549922103,0.29346659939891717,Reject,1.7343151283186455,Reject,Reject,Reject,0.935520956414664
1.1236421663598286,0.9326971027846925,0.20831090104015743,0.062420072280236924,0.35491226108038326,Reject,"Z1, Z2, Z4",2.01758142969083,0.20831090104015743,0.059677402343628935,0.3534016205105144,Reject,1.9885330655814266,Reject,Reject,Accept,0.3148436645203894
1.0562605336653939,0.876566012148921,0.15498021848702911,0.058899721954551995,0.32022108640200525,Reject,"Z1, Z2, Z4",1.6341065066988725,0.15498021848702911,0.02801873933449385,0.2856380262455712,Reject,1.589681046575136,Reject,Reject,Accept,0.5232972160947398
0.9035319126839901,0.8233457195146363,0.2951219364667364,0.17034137571928293,0.4517239963302848,Reject,"Z1, Z2, Z4",1.7055586583148343,0.2951219364667364,0.14924789197338795,0.4420118743290022,Reject,1.9037949384402493,Reject,Reject,Accept,0.872358237010769
0.8303312110551353,0.7989064996938281,0.3135111341147553,0.18895082442924488,0.4674170264316083,Reject,"Z1, Z2, Z4",1.9276528874284924,0.3135111341147553,0.1807171270156159,0.4402569180178529,Reject,1.8996212741658396,Reject,Reject,Accept,0.29224670237220557
0.7423176119458653,0.7861502321037434,0.3392594528465585,0.21817035978448382,0.4613063495540065,Reject,"Z1, Z2, Z4",1.8696147168612345,0.3392594528465585,0.22102903706871183,0.4541597479317527,Reject,1.909661292684238,Reject,Reject,Reject,1.2956086007520031
0.7641719345219512,0.8068989326577459,0.3532790923327159,0.24003762459560998,0.5367290972082895,Reject,"Z1, Z2, Z4",2.1487918044811134,0.3532790923327159,0.194441187945285,0.5015741023247923,Reject,1.9861257618343413,Reject,Reject,Accept,0.7567316018393196
1.0568258336077956,0.8533191636471831,0.23321970199062114,0.10900365622974859,0.42100469008723024,Reject,"Z1, Z2, Z4",1.8314009805070424,0.23321970199062114,0.08197401334385739,0.3826687472182416,Reject,1.7825087205011056,Reject,Reject,Accept,0.6925681205676051
1.0282326228322176,0.8427668924724535,0.20563841557620444,0.12246354580950529,0.41905687148150106,Reject,"Z1, Z2, Z4",1.823851018544351,0.20563841557620444,0.04875631499144472,0.35610001289543874,Reject,1.808613338219059,Reject,Reject,Accept,0.4659780101153082
1.0928910242678334,0.7928869697056501,0.24834187144406442,0.09413906810217315,0.38492012777003687,Reject,"Z1, Z2, Z4",2.14858061202172,0.24834187144406442,0.09958109910429463,0.3989537836223148,Reject,1.950724414035952,Reject,Reject,Reject,1.0444792320409126
0.9440121570934401,0.9057657061063643,0.21884184343968002,0.1189088766568582,0.40313496848462943,Reject,"Z1, Z2, Z4",1.9324516799228217,0.21884184343968002,0.0666748127313954,0.368986403748354,Reject,1.773738810914807,Reject,Reject,Reject,1.067671623276674
0.7761879732559006,0.8308719353345595,0.29971995254710027,0.17983621528651172,0.43110965887520386,Reject,"Z1, Z2, Z4",1.6770409407654885,0.29971995254710027,0.17929475548784005,0.4171675675137409,Reject,1.630042802429681,Reject,Reject,Reject,1.3880721808786647
0.9224301163779928,0.794590001957203,0.2315855838237623,0.12019936657902164,0.3653631991878522,Reject,"Z1, Z2, Z4",1.8673574817325067,0.2315855838237623,0.10840928538685116,0.3440333558231852,Reject,1.746462581522128,Reject,Reject,Reject,1.0079645111376192
0.8656101814070918,0.8798483706313759,0.33388627328762227,0.16825779643037952,0.4989971749994371,Reject,"Z1, Z2, Z4",1.9056105346045036,0.33388627328762227,0.1705478989015548,0.49928870409635556,Reject,1.88987908937219,Reject,Reject,Accept,0.3790608724154205
0.7837400564561784,0.7015092249394848,0.3047120573764978,0.20379986362206123,0.45401531861952615,Reject,"Z1, Z2, Z4",1.5526248920902221,0.3047120573764978,0.17019049244553866,0.431729109829549,Reject,1.806926945615898,Reject,Reject,Accept,0.8273053551387328
1.0651495083927012,0.8458758080107919,0.23898509395391018,0.13207726823685464,0.40501479099233334,Reject,"Z1, Z2, Z4",1.5917323810982815,0.23898509395391018,0.09291951398009407,0.36568772032355895,Reject,1.8169060618166377,Reject,Reject,Accept,0.7095824135929012
1.282867490064486,0.8977079442111934,0.15148039377269104,0.015505620829305268,0.27886078326642005,Reject,"Z1, Z2, Z4",1.6831429470198795,0.15148039377269104,0.011843598546835588,0.28367297105691547,Reject,1.7361174171917049,Reject,Reject,Accept,0.9220137603885751
0.9792162475132824,0.8441654319859501,0.2973202194896663,0.1192571273776402,0.42361652938202093,Reject,"Z1, Z2, Z4",1.7174079474949655,0.2973202194896663,0.14000780807100413,0.4564568134486216,Reject,1.86409483842079,Reject,Reject,Accept,0.8416771003210163
0.9901357158407735,0.8408002522605139,0.24198878508829863,0.19614580880888152,0.4887370631104124,Reject,"Z1, Z2, Z4",2.034333657131391,0.24198878508829863,0.08630621316551004,0.3986577824635018,Reject,2.0369988016610256,Reject,Reject,Accept,0.8088306388655457
0.8560337104636869,0.7399391395709076,0.3013284146808867,0.27743033965973773,0.5499232084155359,Reject,"Z1, Z2, Z4",1.9380245323652392,0.3013284146808867,0.16020783842098538,0.4463562784965414,Reject,1.7568259466152654,Reject,Reject,Reject,1.1354211853516336
1.0752815338656245,0.8225877418635811,0.23648915030397422,0.08952279766628549,0.4148366195327831,Reject,"Z1, Z2, Z4",1.8916562181317966,0.23648915030397422,0.09165447360720996,0.3817883091177184,Reject,2.0714349412395467,Reject,Reject,Reject,1.06744863336221
1.0191674907969734,0.9111194765924784,0.1606188498832488,0.04673348846982901,0.34923738570285673,Reject,"Z1, Z2, Z4",1.5745841210516482,0.1606188498832488,0.011010113646391408,0.3150705668071414,Reject,1.740723233091159,Reject,Reject,Accept,0.7792113586285754
0.8956309387473461,0.7908112933085654,0.2998352409891302,0.1681089895204739,0.4655421335229982,Reject,"Z1, Z2, Z4",1.7948285160306898,0.2998352409891302,0.14443137723688557,0.45046313800418275,Reject,1.8472238440713966,Reject,Reject,Reject,0.8912053973364403
0.8585832291791594,0.854649699909957,0.28563481781641803,0.13353957038361716,0.4214069351110979,Reject,"Z1, Z2, Z4",1.6605748724676261,0.28563481781641803,0.14662615624697528,0.4233314762299303,Reject,1.6172618392293105,Reject,Reject,Reject,1.1049336790978697
0.8000414248846097,0.8795808294314004,0.3420534715578581,0.22667733386664568,0.5359580634701187,Reject,"Z1, Z2, Z4",1.8343008752952792,0.3420534715578581,0.19306569949437066,0.49738414967266364,Reject,1.7863495990096085,Reject,Reject,Accept,0.7656805542997073
1.181381955155292,0.9125662756931013,0.18177266273671197,0.06678523118707624,0.35760729252378626,Reject,"Z1, Z2, Z4",1.8732916814388452,0.18177266273671197,0.03330689511322749,0.32670219386802907,Reject,1.7798405534950663,Reject,Reject,Accept,0.1142751922705701
0.9944911636216214,0.9624031127364725,0.19652499035057075,0.12248694310996636,0.38778663584816997,Reject,"Z1, Z2, Z4",1.7075363419976974,0.19652499035057075,0.05653234490283801,0.33005748757178216,Reject,1.535764514697605,Reject,Reject,Accept,0.43112340361497725
1.0627433182134045,0.9091145502417101,0.17913823881808597,0.13625810014032924,0.4359709356538439,Reject,"Z1, Z2, Z4",1.8320727026683352,0.17913823881808597,0.027822877363793984,0.32400047820105493,Reject,1.8649070010688065,Reject,Reject,Accept,0.3752141613354329
0.9994882356839265,0.8048200302611056,0.25842822994074205,0.15848659154090658,0.47867010948127736,Reject,"Z1, Z2, Z4",1.9654098915988565,0.25842822994074205,0.0995172965586082,0.41271924497564977,Reject,1.8401557350313393,Reject,Reject,Accept,0.6086065446490687
1.1345442417067428,0.8518090244809481,0.15758083913691362,0.0787442994605269,0.34800538499900285,Reject,"Z1, Z2, Z4",1.8242216267184477,0.15758083913691362,0.023276485354726893,0.29422358493939255,Reject,1.686352460739772,Reject,Reject,Accept,0.7748967931852967
1.0011010940062275,0.8167070063874877,0.30932909315830043,0.15828861963831442,0.43932116218812006,Reject,"Z1, Z2, Z4",1.8143608817603234,0.30932909315830043,0.1681308292981981,0.445812691290911,Reject,1.8527545786308846,Reject,Reject,Reject,0.955484607497327
0.9617721692867237,0.8767741948929442,0.2901759549316801,0.12432379488452731,0.39258523610214696,Reject,"Z1, Z2, Z4",2.034476163938925,0.2901759549316801,0.1511289502045546,0.4201906773010369,Reject,1.864078833129301,Reject,Reject,Accept,0.7440590800103833
0.8718505474821355,0.8946944376658323,0.271458843912489,0.15094962449088908,0.4436885151231285,Reject,"Z1, Z2, Z4",1.911915721501447,0.271458843912489,0.13122797488680474,0.4197506297881291,Reject,1.8606643558619127,Reject,Reject,Accept,0.23417743460866125
0.7772353992667289,0.8300201316664708,0.3652228902937642,0.24176015979842752,0.5378538829527912,Reject,"Z1, Z2, Z4",1.8272921864353466,0.3652228902937642,0.23073642911900816,0.5114573304804693,Reject,1.849656744947745,Reject,Reject,Accept,0.8107653716335541
0.996524801412929,0.8895012197580207,0.28037853800474044,0.18609756775784808,0.4722233072634937,Reject,"Z1, Z2, Z4",1.8800645613171827,0.28037853800474044,0.13351657800572825,0.4247935142105494,Reject,1.8056606914259903,Reject,Reject,Reject,1.1600989910071093
0.9068789034820725,0.7065467911860451,0.39472154243548874,0.28605414062173,0.5509864846774968,Reject,"Z1, Z2, Z4",1.8419192810576397,0.39472154243548874,0.2672577266248619,0.5282935630356218,Reject,1.889158071986647,Reject,Reject,Accept,0.6635468607755081
0.8889808952852217,0.9289388984269717,0.3770096509638991,0.20079697274217057,0.47905670311611503,Reject,"Z1, Z2, Z4",1.8452815743046906,0.3770096509638991,0.24211364941434318,0.5386671505517634,Reject,1.7966661066720264,Reject,Reject,Reject,1.0739999881033218
1.0559666508976981,0.8355756316934971,0.18293849015508132,0.10193113198556253,0.3398293829590185,Reject,"Z1, Z2, Z4",2.2357858936404424,0.18293849015508132,0.05647737093685008,0.303710509332261,Reject,2.0253909102437597,Reject,Reject,Reject,1.2300786972746358
1.0428080150089802,0.8836160671509669,0.20561158212343325,0.09604392423622773,0.38905157511892946,Reject,"Z1, Z2, Z4",1.9528391611198912,0.20561158212343325,0.07203189862765133,0.35273038414253277,Reject,1.7671815045186474,Reject,Reject,Accept,0.7543229918425144
1.0441535335031384,0.8687168627718848,0.18901171683857146,0.06378706010867584,0.3260194738142481,Reject,"Z1, Z2, Z4",1.7704473120255566,0.18901171683857146,0.046594041372939377,0.30983776629511267,Reject,1.703900918095139,Reject,Reject,Accept,0.17675504144773763
1.2424511793513462,0.8312407994531904,0.2013321799347769,0.04101936835760709,0.3293852424014804,Reject,"Z1, Z2, Z4",2.098997130600443,0.2013321799347769,0.05688913708371038,0.35170631722987733,Reject,1.9320398861355121,Reject,Reject,Accept,0.8318103897897179
1.3913289091616576,0.9523749669254643,0.11245291394430662,-0.02918768493688653,0.24955283612649176,Accept,"Z1, Z2, Z4",1.8976058004835112,0.11245291394430662,-0.03100075673876614,0.25291625153288616,Accept,1.8091553803529212,Reject,Reject,Accept,0.23053241789991943
1.14124200459362,0.9084693921564089,0.18751302517464136,0.0030785084499062743,0.3308865103209362,Reject,"Z1, Z2, Z4",1.9181206671029278,0.18751302517464136,0.028538817241291217,0.3477947110236954,Reject,1.9217665005582085,Reject,Reject,Accept,0.25910257310024826
0.9488252741354715,0.8497422046106589,0.2836868893588584,0.13431015340175975,0.40335009100406055,Reject,"Z1, Z2, Z4",1.6260719820152005,0.2836868893588584,0.13734255790380578,0.4217074088557551,Reject,1.5996995049406681,Reject,Reject,Reject,1.3121078796243257
1.033775731613489,0.8391474172964416,0.2839161790891954,0.16222412848120527,0.44040079495739637,Reject,"Z1, Z2, Z4",2.1846382323173854,0.2839161790891954,0.1475510302561534,0.40821999357970473,Reject,1.92991363212493,Reject,Reject,Reject,1.0224841363867443
1.2181560505677083,0.9033455673973354,0.12154035306250013,0.021848794010039894,0.32607544950365325,Reject,"Z1, Z2, Z4",2.019452794424856,0.12154035306250013,-0.03028629825659785,0.2757182248563263,Accept,1.794437576926622,Reject,Reject,Accept,0.4216474719259821
0.775490006125418,0.8512812509756477,0.4256108917658677,0.32889363935742016,0.6430623780391601,Reject,"Z1, Z2, Z4",1.8300010476267756,0.4256108917658677,0.26864768873289,0.578238638133586,Reject,1.994158728727908,Reject,Reject,Accept,0.7705489102241616
0.9372832831760043,0.8310360015939089,0.2925745066833903,0.1964443350095209,0.4405764781816758,Reject,"Z1, Z2, Z4",1.6354125827495358,0.2925745066833903,0.1602941190365504,0.41566103088089795,Reject,1.8082752623297669,Reject,Reject,Reject,1.0397206504610512
1.1659092023123405,0.8212475601307422,0.16278377778689268,0.05679063265833531,0.3407421903615856,Reject,"Z1, Z2, Z4",1.9660373580140702,0.16278377778689268,0.0024147856847415647,0.30847501678395345,Reject,1.8134375858383538,Reject,Reject,Reject,0.8557697044242267
0.9857694266192439,1.001997404330639,0.22476388819216142,0.022885076774516042,0.39472249529938047,Reject,"Z1, Z2, Z4",2.0941520637510185,0.22476388819216142,0.03998795965647444,0.40580632462811894,Reject,1.9806589101814784,Reject,Reject,Accept,0.2637966009918978
0.8979044917342368,0.8512259304179697,0.24891991492788107,0.16863437827383823,0.4571711365855299,Reject,"Z1, Z2, Z4",1.885594600121708,0.24891991492788107,0.10464233308862803,0.38307964643689485,Reject,1.735791356972871,Reject,Reject,Reject,0.9864744639387625
0.9566158483708068,0.8846832828426885,0.26933509176691445,0.14182245901862234,0.4602860912996137,Reject,"Z1, Z2, Z4",2.0347080909945694,0.26933509176691445,0.11595224143348103,0.42319500435075746,Reject,1.6670904316687005,Reject,Reject,Reject,1.0320537247172827
0.9349339157362956,0.8827980248627539,0.2652663399503741,0.1787460235075478,0.4985973186622026,Reject,"Z1, Z2, Z4",1.7470270984230376,0.2652663399503741,0.11434099531856418,0.4362896261585931,Reject,1.648826078525461,Reject,Reject,Reject,1.0964659564981045
1.0169534893248184,0.8692208480429733,0.23649282882111938,0.14693649692830643,0.4375964290678481,Reject,"Z1, Z2, Z4",1.6510197804683997,0.23649282882111938,0.09519606959423738,0.3853050857514323,Reject,1.816166268078771,Reject,Reject,Accept,0.832270021557952
0.8962877040397291,0.8550212536222535,0.31788972496985113,0.17699749916369234,0.5086758284651935,Reject,"Z1, Z2, Z4",1.7339791618245437,0.31788972496985113,0.1462823496443349,0.48349128809045333,Reject,1.8633341992092287,Reject,Reject,Accept,0.8197495256299837
1.006454841343733,0.8733189913671008,0.2797485815204021,0.1413357843968715,0.44173534458634744,Reject,"Z1, Z2, Z4",1.6728818717028295,0.2797485815204021,0.12632040261599511,0.44161090053101,Reject,1.8277862250048975,Reject,Reject,Reject,0.9183406879387762
1.2519068202996635,0.9417817817323799,0.11074931188344128,-0.0011635298470892563,0.2522637036061877,Accept,"Z1, Z2, Z4",1.8386969891116132,0.11074931188344128,-0.02634506658994247,0.2441093920292727,Accept,1.813844178186228,Reject,Reject,Accept,0.6583584433467803
1.2131872100040493,0.8872181866028478,0.18424784497117613,0.08606286860596785,0.34293552489770757,Reject,"Z1, Z2, Z4",1.8982887368006747,0.18424784497117613,0.05365450159196361,0.31328471020352244,Reject,2.0561531845497463,Reject,Reject,Accept,0.6418368659543626
0.8906493755452707,0.8035697418982279,0.2930469718810081,0.26379529823206727,0.5510024002596445,Reject,"Z1, Z2, Z4",1.898796401548588,0.2930469718810081,0.15529897124714903,0.4441925927681405,Reject,1.932792658912314,Reject,Reject,Accept,0.6452063532428589
1.0523879734993884,0.7908226649018976,0.2643916473826866,0.18106144934127255,0.44906541805797573,Reject,"Z1, Z2, Z4",1.5967444092422673,0.2643916473826866,0.13212532544609354,0.41322243869572073,Reject,1.624666567235853,Reject,Reject,Reject,0.7879692564402375
1.221642638605794,0.7856939791868923,0.19447418643189562,0.04554139497090819,0.3196698691071163,Reject,"Z1, Z2, Z4",2.03756792719637,0.19447418643189562,0.04336365044351219,0.3316974639657995,Reject,1.9271140428976148,Reject,Reject,Reject,1.0960158842865968
0.8078002749045227,0.7974457594707232,0.3486513766794348,0.23814223123137263,0.5179861298531571,Reject,"Z1, Z2, Z4",2.0811458522873143,0.3486513766794348,0.21104294357742245,0.4901171788302852,Reject,1.9359821170538112,Reject,Reject,Reject,1.119836713961552
0.9522927950030144,0.970679486126433,0.3544401427720518,0.1526316594568785,0.4798933839065102,Reject,"Z1, Z2, Z4",2.110666442075352,0.3544401427720518,0.18871321668863297,0.5185335541467011,Reject,1.8464477881567556,Reject,Reject,Accept,0.3129150086427988
1.094319264935559,0.8453269198419064,0.24147271080231025,0.10431251281213166,0.42604503446058106,Reject,"Z1, Z2, Z4",1.9290897015559219,0.24147271080231025,0.07394370288823032,0.4067983026058419,Reject,1.8995186307535963,Reject,Reject,Reject,1.0643952906034473
1.016097132030265,0.8578303763092826,0.24846991145126146,0.07605725893149454,0.4012263318358861,Reject,"Z1, Z2, Z4",1.6161542405025573,0.24846991145126146,0.09303757641555585,0.3966710284834669,Reject,1.7512620993103096,Reject,Reject,Accept,0.39367413393968964
0.8450890029933661,0.7806996086234314,0.355366921115522,0.2353035728367194,0.5144287094850621,Reject,"Z1, Z2, Z4",1.7129650827474319,0.355366921115522,0.21207601319380742,0.49477670278822566,Reject,1.901510120500498,Reject,Reject,Reject,0.9602419740396719
1.1335106591217117,0.9171367707914047,0.210760857224591,0.0987190591652702,0.37614966950177103,Reject,"Z1, Z2, Z4",1.9330495598485111,0.210760857224591,0.07118128324294047,0.3614221414843889,Reject,1.8167718934173587,Reject,Reject,Accept,0.5365650599649338
0.9082056742989281,0.9029851319275709,0.15258500596609437,0.1112680534221617,0.4464992782726497,Reject,"Z1, Z2, Z4",2.2251079433204315,0.15258500596609437,-0.017920886103884134,0.3316014112144221,Accept,1.8886876001829953,Reject,Reject,Reject,1.0995713075673477
1.2152130484108106,0.8161472170560964,0.2349451689251107,0.09290978037415805,0.39478192182108807,Reject,"Z1, Z2, Z4",2.1039026719201708,0.2349451689251107,0.08358144728838654,0.3788073221457935,Reject,1.9192670352384509,Reject,Reject,Accept,0.742045607887322
0.7546111897361605,0.864508684673143,0.39861267960233165,0.2310640107595388,0.5607713276007743,Reject,"Z1, Z2, Z4",1.843953490195127,0.39861267960233165,0.23139235803216718,0.5623927652977755,Reject,1.8894290509497278,Reject,Reject,Reject,0.9450100682650737
0.7749134310264959,0.7079904178464342,0.4209027979243774,0.26710242183535676,0.5513542924724488,Reject,"Z1, Z2, Z4",2.042090845002432,0.4209027979243774,0.27299407666380526,0.5541688093725204,Reject,2.076170709003695,Reject,Reject,Accept,0.5820135346083871
0.7748581372509151,0.751690682243616,0.3731375011501165,0.28235692492478276,0.5681993689758569,Reject,"Z1, Z2, Z4",1.7998027501809284,0.3731375011501165,0.22378472612691552,0.5334363074039198,Reject,1.6652024861315733,Reject,Reject,Accept,0.7454981019222416
1.0057663765290499,0.8954551322709313,0.22455945132785,0.08528985976616424,0.41766103748822897,Reject,"Z1, Z2, Z4",1.6566392554733174,0.22455945132785,0.04522851903776945,0.3907960656486232,Reject,1.7470501799363152,Reject,Reject,Accept,0.07176340107460993
0.8141066087232899,0.8990734977599578,0.41104644339845936,0.26890877479280456,0.5904495638624103,Reject,"Z1, Z2, Z4",1.9094342868706915,0.41104644339845936,0.25724956822197104,0.5832542209773617,Reject,1.798990131726082,Reject,Reject,Reject,0.9350486617579667
1.1699877594966115,0.8820205958512447,0.18622141127828268,0.062457454628986664,0.3771504175375453,Reject,"Z1, Z2, Z4",1.8012163405825665,0.18622141127828268,0.032841130835561366,0.34129732974583954,Reject,1.8367235862051166,Reject,Reject,Accept,0.02189188981483376
1.1381469332732002,0.8553308653061326,0.08772777883556201,0.017208080089459645,0.2874464807514689,Reject,"Z1, Z2, Z4",1.7847754144490968,0.08772777883556201,-0.06371962972226175,0.23321620162798082,Accept,1.820737790981095,Reject,Reject,Reject,0.9463096345762955
1.021885750454524,0.8921268423952758,0.25590926479298554,0.10112408587835355,0.4079748735389798,Reject,"Z1, Z2, Z4",1.5864524929630412,0.25590926479298554,0.10517600555825261,0.4105204273843455,Reject,1.6858729278548195,Reject,Reject,Accept,0.4629600947831533
1.0348037541853952,0.8687232002683429,0.22214397078012038,0.07915890475872876,0.3723442139120502,Reject,"Z1, Z2, Z4",1.9668545341100665,0.22214397078012038,0.08453332990308578,0.37143098053677515,Reject,1.9118286276151277,Reject,Reject,Accept,0.8904153291992413
0.9280358071557689,0.8175564809637,0.3133787466969713,0.17201427162663538,0.4270980750106724,Reject,"Z1, Z2, Z4",1.933201862786697,0.3133787466969713,0.1899206874452014,0.4336978699077335,Reject,1.7189130786610607,Reject,Reject,Reject,1.0034204526625798
0.8203218161824899,0.8373686900474021,0.3069943799313471,0.2054021096500351,0.4786786012538999,Reject,"Z1, Z2, Z4",2.064583959060487,0.3069943799313471,0.17288345298141505,0.4346519047305235,Reject,1.869163588692999,Reject,Reject,Reject,1.3683286241110528
1.2606735254631585,0.8845453046820672,0.10311689063362144,-0.004364052347869921,0.2885523117840126,Accept,"Z1, Z2, Z4",2.1476920619364073,0.10311689063362144,-0.038260925480205044,0.24310469362067397,Accept,1.8034100764326397,Reject,Reject,Accept,0.4396523380438591
0.6279373137918619,0.8024664188451693,0.4060660260288021,0.2750059877342533,0.6209591371263822,Reject,"Z1, Z2, Z4",1.8948656892392381,0.4060660260288021,0.2411951125979242,0.5759914594266198,Reject,1.8536372152847622,Reject,Reject,Accept,0.8374708128123066
1.0235722297003478,0.9157389811820121,0.29749784022950726,0.14988104193547924,0.4760990017476068,Reject,"Z1, Z2, Z4",1.954110949409711,0.29749784022950726,0.15153695708438927,0.45743750875187666,Reject,2.005113178775488,Reject,Reject,Reject,0.9787451686246774
1.1509066995131718,0.8911083297429148,0.18981725440507402,0.10103672875178965,0.38382021370332653,Reject,"Z1, Z2, Z4",1.863960469782254,0.18981725440507402,0.04956851359274107,0.34157874772959734,Reject,1.7191969937354243,Reject,Reject,Accept,0.7926577022835645
0.8500209302430789,0.8270400991522477,0.33953952933612047,0.2143936632378476,0.5130906477620287,Reject,"Z1, Z2, Z4",1.668453198994974,0.33953952933612047,0.19622673611522862,0.4785664723327933,Reject,1.7178145054804999,Reject,Reject,Accept,0.4865717987490844
0.9173899893933923,0.8657686114150862,0.237518392462858,0.07367582581488984,0.41001479215595643,Reject,"Z1, Z2, Z4",2.0258793625656946,0.237518392462858,0.06698082987230347,0.4017076015483699,Reject,1.8261864382437005,Reject,Reject,Reject,0.9325712709013869
1.0519504359824687,0.8884840884226706,0.2894988434832265,0.11473637507454892,0.43722328720672127,Reject,"Z1, Z2, Z4",1.9572972491843132,0.2894988434832265,0.1270878179360478,0.4302323192057981,Reject,2.0373385461275566,Reject,Reject,Reject,0.9762549634294263
1.316402670696013,0.8457144314583719,0.21403465784278114,0.08761804597296577,0.3859803775474371,Reject,"Z1, Z2, Z4",1.9121807585741177,0.21403465784278114,0.05969275330936091,0.36998846761777365,Reject,1.9927731082809856,Reject,Reject,Accept,0.5367945108999022
1.1488131715918972,0.8394365049629376,0.22568655732508328,0.11141621594683873,0.39536119220393756,Reject,"Z1, Z2, Z4",1.8270130828413147,0.22568655732508328,0.07014097375555757,0.3702183977352158,Reject,1.8156922499153425,Reject,Reject,Reject,1.1340597141660949
1.160696862796521,0.9110426643210817,0.11207977486036574,0.025389795588960765,0.2629324687495462,Reject,"Z1, Z2, Z4",1.7665328043424915,0.11207977486036574,-0.01323371803170061,0.23232526293443637,Accept,1.74440120089863,Reject,Reject,Accept,0.8634474352997475
0.8276836973681101,0.8154437854283478,0.25379549047055194,0.12683603235174795,0.3774446463321511,Reject,"Z1, Z2, Z4",1.8155731440551746,0.25379549047055194,0.13997048724531722,0.38191450981342273,Reject,1.7495153331073152,Reject,Reject,Reject,1.2705906130697944
1.0941497219819576,0.8773758144249184,0.17688359583581503,0.07029972942071688,0.34130799443497567,Reject,"Z1, Z2, Z4",1.8939192732783017,0.17688359583581503,0.040761233035760236,0.3080809819441048,Reject,1.7000747301706445,Reject,Reject,Reject,1.072433363752521
0.9594347543722681,0.8799041270257432,0.23350596109738336,0.1587135726297988,0.44206870130613285,Reject,"Z1, Z2, Z4",1.6561327538793966,0.23350596109738336,0.09295602939568867,0.37229952647352654,Reject,1.7114500824471088,Reject,Reject,Reject,0.9761643837792787
0.9979246926090839,0.8469784739494287,0.2445532571906067,0.11917226968322729,0.4568243482700008,Reject,"Z1, Z2, Z4",2.0066725497217432,0.2445532571906067,0.09241667142463214,0.39787853322477024,Reject,1.9606905301915296,Reject,Reject,Reject,1.0130343157581678
0.6615744696206993,0.8332723848805281,0.38087042908580776,0.2672346884891356,0.5787960358072749,Reject,"Z1, Z2, Z4",1.6222343988286414,0.38087042908580776,0.22043243042302363,0.5377187361690043,Reject,1.6466153108419257,Reject,Reject,Reject,0.7821292223147055
1.0237529663501397,0.841361406028725,0.18897695672854078,0.07542289695746408,0.35740630576037263,Reject,"Z1, Z2, Z4",1.9774634446387997,0.18897695672854078,0.048858043975957645,0.33182851426674126,Reject,1.8009146703505179,Reject,Reject,Reject,1.22252010350399
0.7350848389644126,0.7596179391436573,0.33108264021796535,0.22750273468216292,0.5026010143039219,Reject,"Z1, Z2, Z4",1.8557411956444392,0.33108264021796535,0.17927489530541474,0.4838975776353663,Reject,1.8776714602164524,Reject,Reject,Accept,0.3581405417948138
1.1876725378781239,0.9171594339633142,0.17462462335296325,0.06440455659062844,0.32288017266203706,Reject,"Z1, Z2, Z4",1.9027050005443469,0.17462462335296325,0.037453558245721885,0.30859227748996304,Reject,1.8988078765700984,Reject,Reject,Reject,1.056408856877992
1.1534497792692069,0.8053086156518536,0.1556329236587367,0.02461050732061637,0.28738337766778754,Reject,"Z1, Z2, Z4",1.7485235083798185,0.1556329236587367,0.026637893450383986,0.28394497862176726,Reject,1.8359295290225564,Reject,Reject,Accept,0.79090355975305
1.2303775752998907,0.9418631249403969,0.10024013406698377,-0.023309079277834627,0.27350524229876594,Accept,"Z1, Z2, Z4",1.7299075658519436,0.10024013406698377,-0.0558462178197453,0.2516458342402006,Accept,1.5986186148072747,Reject,Reject,Accept,0.7611504239145646
1.307509645759601,0.8900209745606037,0.09935919503018208,-0.03953525047682451,0.248514405595687,Accept,"Z1, Z2, Z4",1.757718512674849,0.09935919503018208,-0.05381509611269028,0.24868077517823617,Accept,1.8715599087176014,Reject,Reject,Accept,0.1664249660104197
1.031744102576975,0.9418901812890459,0.2987558490914837,0.16392026329792037,0.5120744699717042,Reject,"Z1, Z2, Z4",1.7805367006995063,0.2987558490914837,0.12645565015700497,0.47723212466707937,Reject,1.8069966093124104,Reject,Reject,Reject,1.1105218988540886
1.014353781990369,0.8099032827935359,0.2940540325232476,0.17571548661445166,0.45591011450887753,Reject,"Z1, Z2, Z4",1.973484215546796,0.2940540325232476,0.14275093468934336,0.4298117704072368,Reject,1.9314899053391266,Reject,Reject,Accept,0.5682898681292535
0.9623520189100249,0.8427869491028958,0.2665655967648597,0.16287728012842212,0.43122672546320057,Reject,"Z1, Z2, Z4",1.7248451290154494,0.2665655967648597,0.13229543811790756,0.4070568570440562,Reject,1.7497679596909002,Reject,Reject,Reject,0.9209478266460677
1.0660761076069798,0.858737137035491,0.23202063865552539,0.05056528720658712,0.3526516203204431,Reject,"Z1, Z2, Z4",2.0592606684641472,0.23202063865552539,0.09221705930671319,0.362390193084717,Reject,1.6824663772332387,Reject,Reject,Accept,0.7316329742848705
1.2600834142718416,1.010352229160211,0.16326821256839325,-0.036076150003081606,0.3346429937911113,Accept,"Z1, Z2, Z4",2.5267208182590326,0.16326821256839325,-0.02191586345806555,0.34570511577248436,Accept,2.2380690448022627,Reject,Reject,Accept,0.5536143778188691
0.8785135610189152,0.8367761543492936,0.2459842930128944,0.18008160238846005,0.48365787307282937,Reject,"Z1, Z2, Z4",2.1691897914610663,0.2459842930128944,0.0921632232402152,0.39412765437683356,Reject,1.8605504784940479,Reject,Reject,Accept,0.24906929654040555
1.1624265488218206,0.858993390852143,0.28873693176117426,0.13283693862459056,0.40910440913742663,Reject,"Z1, Z2, Z4",1.7685460724491517,0.28873693176117426,0.14115490180567375,0.4362504008740688,Reject,1.8367881901539735,Reject,Reject,Accept,0.7615234739684248
0.9103583337866857,0.8544640389558311,0.37202786761026657,0.23585929491134558,0.5345573279894758,Reject,"Z1, Z2, Z4",1.8896648827376565,0.37202786761026657,0.23396341597154235,0.526572888640929,Reject,1.8700100121907868,Reject,Reject,Reject,1.159455242884764
0.6214648887306609,0.7195006076158625,0.35502627715096086,0.23008084371256807,0.5680076205227149,Reject,"Z1, Z2, Z4",1.7748507994897378,0.35502627715096086,0.18483587636676826,0.5300328932827609,Reject,1.7170132362974955,Reject,Reject,Reject,1.1341561882537594
0.7993990750964988,0.88986272075516,0.29252551767399276,0.19976745502528137,0.4709467722759489,Reject,"Z1, Z2, Z4",1.9007574496890534,0.29252551767399276,0.15758194948003393,0.4368191916719659,Reject,1.8660076023062222,Reject,Reject,Reject,1.0288682409469772
0.7299059708023424,0.838883628942718,0.30874984367378255,0.25779883123783776,0.5418258796938491,Reject,"Z1, Z2, Z4",1.6636466205941414,0.30874984367378255,0.16807054694283877,0.4618191259095288,Reject,1.5460206425363978,Reject,Reject,Accept,0.7983645481601348
0.912406315576671,0.8665369626420591,0.28013001387924125,0.15221130643890693,0.4523301928612524,Reject,"Z1, Z2, Z4",1.6955891088009662,0.28013001387924125,0.11153006906895575,0.4305711830927044,Reject,1.7539530874755778,Reject,Reject,Accept,0.7710677395047953
0.9293500035199435,0.8396666536286312,0.35426302668991005,0.17560402123137547,0.4918372411569804,Reject,"Z1, Z2, Z4",1.6730873862782816,0.35426302668991005,0.19714400038123106,0.5129793900535065,Reject,1.871770769771542,Reject,Reject,Accept,0.7571106321120415
0.9293771881771558,0.7338324124674603,0.35983042874369986,0.23349313068704272,0.48712337034143666,Reject,"Z1, Z2, Z4",2.1014628186935633,0.35983042874369986,0.23185166683347472,0.48670396300514224,Reject,1.9430089466482454,Reject,Reject,Reject,0.9284917861113703
1.1870381599084248,0.8159697297760181,0.17555174571255985,0.04153557928109936,0.2985813283602451,Reject,"Z1, Z2, Z4",1.8063756027191917,0.17555174571255985,0.04241062418663459,0.31064244189622986,Reject,1.8070293258591315,Reject,Reject,Reject,1.0282015965071047
0.873054949967529,0.7923419888463099,0.29393255813753266,0.20119557038303962,0.46203425246127033,Reject,"Z1, Z2, Z4",1.8183900808512257,0.29393255813753266,0.15707476461055608,0.42596824958035356,Reject,1.7895900151074782,Reject,Reject,Accept,0.7415319375654755
0.9829748412257313,0.8633245190197835,0.28047454326097593,0.1337888461000329,0.4367858490009316,Reject,"Z1, Z2, Z4",1.8435897741029728,0.28047454326097593,0.13093384193234425,0.42971048003388274,Reject,1.8091281267432189,Reject,Reject,Accept,0.8450176063603828
0.8365607346197115,0.8197478741546196,0.3740942260212843,0.27894648464626076,0.5422842360094077,Reject,"Z1, Z2, Z4",2.0550889598900777,0.3740942260212843,0.23212482754015484,0.5170075093490796,Reject,2.1435357568002216,Reject,Reject,Reject,1.186619574335952
0.9714474977767273,0.8006168154265236,0.3058402836673185,0.18713348710070224,0.5130110690423553,Reject,"Z1, Z2, Z4",2.0599788381147146,0.3058402836673185,0.14548848030717454,0.4638750325711314,Reject,1.9227937704000797,Reject,Reject,Reject,1.1120672584916547
0.9822320020790622,0.8604031675285743,0.3692949388713835,0.15784418920183663,0.5082699592203411,Reject,"Z1, Z2, Z4",1.7348793037006047,0.3692949388713835,0.19343098978212342,0.5288031949227685,Reject,1.7723801592153865,Reject,Reject,Accept,0.7291856900850158
1.0259273216424525,0.9221514581880473,0.1806025595680983,0.11961514832703853,0.38486283552272327,Reject,"Z1, Z2, Z4",2.029363846109899,0.1806025595680983,0.05212868406764287,0.32156799928627633,Reject,1.8351216939286954,Reject,Reject,Accept,0.7252592559454666
1.0854703141064583,0.7695746675979768,0.18337566243572087,0.08362413709176378,0.3406587487583165,Reject,"Z1, Z2, Z4",1.9350096127437468,0.18337566243572087,0.058174535218213586,0.3114868452620628,Reject,1.823384649577277,Reject,Reject,Accept,0.286529631660839
1.1112297614875752,0.8453661301464961,0.23808274290170764,0.098672456417308,0.3704808770876741,Reject,"Z1, Z2, Z4",1.8211943566572877,0.23808274290170764,0.0965612677527049,0.3746545240828374,Reject,1.8901086105937943,Reject,Reject,Reject,1.2551358095771208
0.6975024763887897,0.7788872510113711,0.3387297545581614,0.18828266670998497,0.550793884574874,Reject,"Z1, Z2, Z4",1.9482519248064945,0.3387297545581614,0.16615169669734448,0.5077230733923169,Reject,1.8326703724560756,Reject,Reject,Reject,1.0292690609487591
0.7128701723959215,0.8326033244274718,0.33153935753310076,0.23180412301235445,0.5505448067987424,Reject,"Z1, Z2, Z4",1.6562450871385368,0.33153935753310076,0.16464474416637068,0.4938714550818801,Reject,1.650738135159169,Reject,Reject,Accept,0.20615150160437495
1.0927662176933008,0.7520796950653179,0.2691088182021006,0.13895288621285312,0.3926710536107527,Reject,"Z1, Z2, Z4",1.7489605167518059,0.2691088182021006,0.1458738241642922,0.39053959758200846,Reject,1.9369808062939669,Reject,Reject,Reject,0.9202802497068808
0.7737896705662239,0.8932590760175667,0.305917310189789,0.2011749322346582,0.5332756345882648,Reject,"Z1, Z2, Z4",1.9804195702303893,0.305917310189789,0.12946596514865805,0.47495552304038907,Reject,1.9489230623095068,Reject,Reject,Accept,0.7003395342534091
1.1256491135835318,0.9756112338486191,0.23312522544966727,0.059520864751145285,0.4324831420091637,Reject,"Z2, Z4",1.7432244166277826,0.23312522544966727,0.06792015018059877,0.39434975781283627,Reject,1.8686486266139133,Reject,Reject,Accept,0.7258879772721601
1.1052541949185062,0.9332155773577014,0.2133165344231056,0.10106832914766987,0.38037732080675785,Reject,"Z1, Z2, Z4",2.002747499775124,0.2133165344231056,0.06733953091073175,0.37594841174520155,Reject,1.754942369511354,Reject,Reject,Reject,1.0877724094542
1.0805595342298306,0.8936632857302873,0.15512037319423563,0.07440947334047898,0.36613291479275023,Reject,"Z1, Z2, Z4",1.9946683117225297,0.15512037319423563,0.010807912850156316,0.2971419474666033,Reject,1.7405515715887097,Reject,Reject,Accept,0.8622688571371366
0.6812505731421346,0.7640170012204756,0.3671591033158824,0.2603366685326334,0.5541727536352226,Reject,"Z1, Z2, Z4",1.8602748523085868,0.3671591033158824,0.2187581887315219,0.5141780955217254,Reject,1.834296174820089,Reject,Reject,Reject,0.97311206808761
1.0226604584146064,0.8908048919885277,0.22919646187255052,0.08647753496203539,0.3915819695825081,Reject,"Z1, Z2, Z4",2.010249664149109,0.22919646187255052,0.0763703476912516,0.37873281229253786,Reject,1.9062450018853894,Reject,Reject,Reject,1.0299343428607857
1.0990117178781895,0.773559649276191,0.20763419912182957,0.11067366400102761,0.3388809166919673,Reject,"Z1, Z2, Z4",2.007895378122906,0.20763419912182957,0.09718913863574738,0.321633753427636,Reject,1.7953537438407594,Reject,Reject,Reject,1.1332284482605857
1.0477993601094449,0.8509194471693063,0.2548240562241419,0.16221315154480836,0.4256339898260073,Reject,"Z1, Z2, Z4",1.7707823513740113,0.2548240562241419,0.1218090717012782,0.3868739193313817,Reject,1.7667514348769435,Reject,Reject,Reject,1.0379082724002884
0.8422041195866184,0.7808719268307475,0.35722976791128014,0.20446026272032064,0.5042142210828193,Reject,"Z1, Z2, Z4",2.085014589218232,0.35722976791128014,0.20453945061858425,0.51001263846891,Reject,1.860639773580135,Reject,Reject,Accept,0.7060840132848896
0.8096371145804492,0.9563315445082342,0.29409084824844456,0.2162967027999923,0.5723955875963137,Reject,"Z1, Z2, Z4",1.8940067162600487,0.29409084824844456,0.12106814015812101,0.45727116049257405,Reject,1.8541114383599946,Reject,Reject,Accept,0.6265226179451859
1.0521901436556513,0.8521713352405557,0.23278980470240435,0.12193712647667189,0.42890370936926875,Reject,"Z1, Z2, Z4",2.082524063022147,0.23278980470240435,0.0827570797156296,0.3785448671985503,Reject,2.058462538109397,Reject,Reject,Accept,0.7599658398661583
0.7125374529988571,0.8454525933236993,0.28632150505988113,0.1683529182611726,0.43670991392386144,Reject,"Z1, Z2, Z4",1.6458878193280801,0.28632150505988113,0.1578462447927591,0.41540906613268447,Reject,1.5939357924716875,Reject,Reject,Reject,1.0862500069689613
0.7660786682080856,0.8538026026887079,0.34386913792617047,0.2419477887088029,0.5416286377877799,Reject,"Z1, Z2, Z4",1.7169962377288306,0.34386913792617047,0.2032129083158608,0.5037283629713678,Reject,1.8297960436238332,Reject,Reject,Accept,0.5484026057926294
0.8101613815498403,0.7511454447903405,0.387713656838673,0.26167879111457615,0.5585918449528198,Reject,"Z1, Z2, Z4",1.8349157987847124,0.387713656838673,0.25360149235203683,0.5319385942763344,Reject,1.8750526619110337,Reject,Reject,Accept,0.7382961746659633
0.8425738266870358,0.7554367768613152,0.40325679537169673,0.24632306452323982,0.5781077027933935,Reject,"Z1, Z2, Z4",2.188802015681678,0.40325679537169673,0.24772234106011531,0.5685347673631496,Reject,2.002026196334852,Reject,Reject,Reject,1.3520711383228865
0.5951059545432964,0.8157243856628719,0.4131881178435487,0.38020825060024505,0.6832753547060838,Reject,"Z1, Z2, Z4",2.1443308223918716,0.4131881178435487,0.26679900457736866,0.5669478354760229,Reject,1.9879026619944846,Reject,Reject,Reject,1.2358709209304917
1.0963467785988372,0.9086409237035001,0.08989383996990738,0.006055605595246597,0.30148587604443977,Reject,"Z1, Z2, Z4",1.821195277936282,0.08989383996990738,-0.06015712471905256,0.23561540753877605,Accept,1.761829315600787,Reject,Reject,Accept,0.8405073126951992
0.9442257954658547,0.7830187272164096,0.22186337086944757,0.16721344586052075,0.475431457207531,Reject,"Z1, Z2, Z4",1.6565946989768656,0.22186337086944757,0.06129820432006032,0.3751206499798964,Reject,1.6252050217973368,Reject,Reject,Accept,0.7667258878461003
1.201818407495942,0.9064342246626166,0.15592119417553496,0.017165282417838122,0.27907643937188775,Reject,"Z1, Z2, Z4",1.7728249409823362,0.15592119417553496,0.019606134115406022,0.2930839544048449,Reject,1.7586968349898273,Reject,Reject,Accept,0.8280979034055612
0.6624214997093839,0.8926845620248517,0.3133580209195485,0.1810976486550553,0.524214767349146,Reject,"Z1, Z2, Z4",1.633198444306578,0.3133580209195485,0.15666365946073293,0.4740171297943409,Reject,1.6381485572997068,Reject,Reject,Accept,0.5639963313216516
1.0938624165771167,0.8298782495122814,0.2099691852654979,0.12820421234522164,0.40575585268857295,Reject,"Z1, Z2, Z4",1.9227320964767014,0.2099691852654979,0.07706602335649337,0.3524267436613593,Reject,1.8371174411148095,Reject,Reject,Accept,0.3482194894603013
1.0535984550314836,0.9430515273201311,0.2846247258811963,0.13534763312329362,0.44439899202672495,Reject,"Z1, Z2, Z4",2.1965365107820576,0.2846247258811963,0.12582624215788393,0.4555568779708675,Reject,1.8994825284706727,Reject,Reject,Accept,0.745101664792893
0.9650480957476194,0.8932338146166194,0.2565929715189295,0.08801219320644049,0.417479199697231,Reject,"Z1, Z2, Z4",1.756190204468808,0.2565929715189295,0.08017552504835124,0.40622971862631535,Reject,1.7502209160223134,Reject,Reject,Accept,0.5917553678594932
0.9902081233200973,0.8590657537980594,0.2814598344661508,0.15700354647959708,0.44349631606351014,Reject,"Z1, Z2, Z4",1.8137585561219578,0.2814598344661508,0.13141598594603052,0.42306388429324937,Reject,1.7561331910694076,Reject,Reject,Reject,1.0165250760986682
0.9898284468394393,0.8897211883277252,0.28699086917088357,0.10167676627026928,0.4434765767528549,Reject,"Z1, Z2, Z4",1.7827824010451,0.28699086917088357,0.1345231715888408,0.44996454146010956,Reject,1.8309586204324089,Reject,Reject,Reject,0.9670037159249489
0.7202654497668103,0.8677093711179189,0.357935431261367,0.23808938594127527,0.5343282212114853,Reject,"Z1, Z2, Z4",1.75291753867791,0.357935431261367,0.2073463124881221,0.49851325723345147,Reject,1.713263595555719,Reject,Reject,Reject,1.0063198413206091
0.910368268317863,0.813492559702099,0.3831540738032601,0.20496779673554805,0.495015693971917,Reject,"Z1, Z2, Z4",1.7647360108569368,0.3831540738032601,0.23620771685627429,0.5272736093178914,Reject,1.818485987580338,Reject,Reject,Reject,1.1802534350264855
0.9193198526031965,0.844998139186593,0.31062600771594723,0.1332061152604314,0.4143192566093793,Reject,"Z1, Z2, Z4",1.7633784573596065,0.31062600771594723,0.15394480843143582,0.45416044778227954,Reject,1.72228481797954,Reject,Reject,Accept,0.8349540681136732
1.2684018192374935,0.9220582637057155,0.17746225816082525,0.06213838268669897,0.333753691719141,Reject,"Z1, Z2, Z4",2.0457532565348235,0.17746225816082525,0.028131499713751295,0.31100263827285723,Reject,1.9077498763355711,Reject,Reject,Accept,0.42853739069466723
0.9256876250909002,0.8122548995709614,0.2656428580718051,0.15100566660746084,0.4228881551637513,Reject,"Z1, Z2, Z4",1.7476841278009432,0.2656428580718051,0.12662278254746054,0.4022936585671161,Reject,1.8247806859854132,Reject,Reject,Accept,0.8178858170937141
0.9386127741024273,0.7446966292389382,0.2646409913855999,0.16261335843213326,0.40468849391532646,Reject,"Z1, Z2, Z4",2.00618779792812,0.2646409913855999,0.14146803245943504,0.39829270389634536,Reject,1.7459159156769417,Reject,Reject,Accept,0.8610834892528823
1.1078192406845704,0.8465911892028468,0.1892764853718009,0.07633795646149957,0.3481534931720698,Reject,"Z1, Z2, Z4",1.9760727742675477,0.1892764853718009,0.05272279669064965,0.31692842873112814,Reject,1.9330095695349139,Reject,Reject,Reject,0.961099453712354
0.7113101151064244,0.7510380045136605,0.3968877245897718,0.2531854399248376,0.5207756792734404,Reject,"Z1, Z2, Z4",1.7049156627843436,0.3968877245897718,0.2563597294011549,0.5249263076906993,Reject,1.6434785457338197,Reject,Reject,Reject,1.1693036417138953
0.8750955802542446,0.7465993635625495,0.298265503883243,0.17929094692482414,0.4553969768483334,Reject,"Z1, Z2, Z4",1.6524674756289732,0.298265503883243,0.1625102697719241,0.42718277689783757,Reject,1.6981514113866627,Reject,Reject,Reject,0.9028249611388587
0.9697261990853252,0.8358895712923105,0.18353656140201366,0.09863766552379813,0.39633621096327143,Reject,"Z1, Z2, Z4",2.0399559765265884,0.18353656140201366,0.026642863817639202,0.3254300594401743,Reject,1.7044567385240523,Reject,Reject,Accept,0.6094412535621472
0.7407152735724811,0.8344054040423278,0.37981172252765794,0.240270984504456,0.5632862899646591,Reject,"Z1, Z2, Z4",1.749146746746001,0.37981172252765794,0.22316268446600238,0.527142437274414,Reject,1.646361027511168,Reject,Reject,Accept,0.6915487172045981
1.0165421646302046,0.8587257974804986,0.3001798201462912,0.1686020286426792,0.4507614381741834,Reject,"Z1, Z2, Z4",2.0648460699021784,0.3001798201462912,0.1589091974537379,0.44226005977781824,Reject,2.015610818096558,Reject,Reject,Reject,1.059530487599725
0.8826640889469155,0.801109145143898,0.2728793815890646,0.16839535195014207,0.4303008284634214,Reject,"Z1, Z2, Z4",1.7385594451199653,0.2728793815890646,0.13774096269510788,0.4153847818519293,Reject,1.6070263202775927,Reject,Reject,Accept,0.6337758339255497
0.8714551382883428,0.857152927290538,0.207696923621713,0.09444086057889142,0.37815685293657564,Reject,"Z1, Z2, Z4",1.817709520304756,0.207696923621713,0.046507292913478514,0.3629822460089538,Reject,1.6878583171289,Reject,Reject,Reject,1.0444747589703467
0.8141897470058683,0.7840035877472159,0.3422851350303843,0.24344280427699913,0.49947949017447807,Reject,"Z1, Z2, Z4",1.7882497013280798,0.3422851350303843,0.20724008611651978,0.47534329348011234,Reject,1.707126084333537,Reject,Reject,Reject,1.0445276686553662
1.1019781235955612,0.8209398552766951,0.23418187872205512,0.10313760460294591,0.4169724293866408,Reject,"Z1, Z2, Z4",1.9559535809338078,0.23418187872205512,0.08234296755753653,0.3925008021510885,Reject,1.8723811089959077,Reject,Reject,Accept,0.3298596226708991
0.8573237148157482,0.841840974293454,0.290413252714388,0.19810586314249792,0.4396867081781072,Reject,"Z1, Z2, Z4",1.7881580492838924,0.290413252714388,0.15990124361169847,0.40582611635205823,Reject,1.7340461294531224,Reject,Reject,Accept,0.7253708885515043
0.7961398053821283,0.8075929896000232,0.3858004426058943,0.2628188864917716,0.5417283883012992,Reject,"Z1, Z2, Z4",1.7800452608411905,0.3858004426058943,0.25700374662938863,0.5294833091435507,Reject,1.7502966879709174,Reject,Reject,Accept,0.556340179476105
1.1068065593256853,0.9089551692018163,0.20635282978289007,0.08212257081659761,0.36249109762425485,Reject,"Z1, Z2, Z4",1.5897288244295387,0.20635282978289007,0.07322372254574501,0.34764757424278575,Reject,1.6744289463583286,Reject,Reject,Accept,0.8188706954211812
0.7013364863052053,0.777405605742875,0.3139062199618578,0.2862887139150375,0.5740505689371203,Reject,"Z1, Z2, Z4",1.938033162430985,0.3139062199618578,0.15578961650495723,0.4617035844258968,Reject,1.9740951792251007,Reject,Reject,Reject,1.3013537172256342
0.9040034619615381,0.7709997517950216,0.3016063538219044,0.17063493702383958,0.4689736545598117,Reject,"Z1, Z2, Z4",2.1139211699119107,0.3016063538219044,0.15308607657846499,0.4430060971723788,Reject,1.8024612684561796,Reject,Reject,Reject,0.9519184504808771
1.0875263336901089,0.8087900693529313,0.18031819757705977,0.06203397741131382,0.3433151799491343,Reject,"Z1, Z2, Z4",2.0118495645876813,0.18031819757705977,0.048882986525339615,0.31435792088598846,Reject,1.8708759207881132,Reject,Reject,Reject,1.0232666052549755
0.9810375180753188,0.8685584952933759,0.29747164177727053,0.12766445366650966,0.42522202003329757,Reject,"Z1, Z2, Z4",1.7922568351734334,0.29747164177727053,0.14135020619019795,0.4467571832583367,Reject,1.8061999699409421,Reject,Reject,Reject,1.0127329191026848
1.0881824662903417,0.8644161135976584,0.15504281988435148,0.09270550963708052,0.34147059743473857,Reject,"Z1, Z2, Z4",1.8685262391343118,0.15504281988435148,0.024066751420467842,0.288269992528034,Reject,1.7874529674149975,Reject,Reject,Accept,0.4658119718598202
0.8733552984353377,0.8130049493418249,0.27423952491240716,0.15412755139999504,0.4214459195129709,Reject,"Z1, Z2, Z4",1.792143900780213,0.27423952491240716,0.1514976814896637,0.40339706285457133,Reject,2.0026407484297635,Reject,Reject,Accept,0.3173275975163817
0.6940611946958347,0.7336914565317315,0.4617203828816496,0.30284330329857695,0.6076564967102084,Reject,"Z1, Z2, Z4",1.9475755025343782,0.4617203828816496,0.3208455167710834,0.6124891585080107,Reject,1.8798531773024914,Reject,Reject,Reject,0.8112909881473528
0.9361376180299399,0.809488110947324,0.2346300840539195,0.13538316655740842,0.41662678315079565,Reject,"Z1, Z2, Z4",1.8231669767159988,0.2346300840539195,0.09215781436154064,0.3697903848345002,Reject,1.7265933892295384,Reject,Reject,Accept,0.22702429522773643
0.9421246621880598,0.8393833766291142,0.3153816939410511,0.1642370404784532,0.43710347863640675,Reject,"Z1, Z2, Z4",1.8257383938949983,0.3153816939410511,0.1824330112539202,0.4454891340302206,Reject,1.8166660939306007,Reject,Reject,Accept,0.7334278640674485
1.1443765070829837,0.8223671310325429,0.29329849892695237,0.1371911349434014,0.39885122901260717,Reject,"Z1, Z2, Z4",1.7833934519557195,0.29329849892695237,0.16108970196435782,0.4227279079772671,Reject,1.7960122372676945,Reject,Reject,Reject,1.1826028590462019
1.08544521198754,0.8357926600064203,0.20014163577426414,0.10444457166417045,0.3955907584220601,Reject,"Z1, Z2, Z4",1.8120793878902877,0.20014163577426414,0.05907310010201693,0.3439891912859477,Reject,1.7713305693713912,Reject,Reject,Accept,0.6895069050449866
0.7706453275320844,0.8360058601775463,0.38193813034890817,0.26339553833551654,0.5449927355398905,Reject,"Z1, Z2, Z4",1.6567571493625612,0.38193813034890817,0.2283079770174274,0.533521698544871,Reject,1.7430127823836303,Reject,Reject,Reject,1.2131379839341854
1.0314523274383323,0.8148440698882236,0.22604906880794517,0.1181069744120223,0.39450166496048217,Reject,"Z1, Z2, Z4",1.4401638885910877,0.22604906880794517,0.07994948086805459,0.3684890033971532,Reject,1.6173153926279997,Reject,Reject,Reject,1.0190821117949038
0.9159224034063236,0.9135198935478122,0.2601750030771018,0.09853968573345877,0.42143488434417514,Reject,"Z1, Z2, Z4",1.7042287016147495,0.2601750030771018,0.10057355231274459,0.424505896836738,Reject,1.648727387151091,Reject,Reject,Accept,0.6702613114398168
0.8033269493326213,0.7375523792313641,0.309069236737613,0.19020738123572473,0.46658897603589083,Reject,"Z1, Z2, Z4",1.645243119942295,0.309069236737613,0.16651916691019625,0.4465463321815362,Reject,1.6905301198418754,Reject,Reject,Reject,0.9318410765617515
0.9907075692645592,0.8542658457342351,0.26136946347654944,0.15271402934715717,0.44209078213202857,Reject,"Z1, Z2, Z4",1.7619899228944342,0.26136946347654944,0.11600631017996625,0.4093981359701341,Reject,1.7729907573204222,Reject,Reject,Reject,0.9271438721926075
0.7470458185237818,0.7518621197489784,0.3053242730548087,0.19803388584644074,0.47696689812810233,Reject,"Z1, Z2, Z4",1.5803233860151622,0.3053242730548087,0.17140793921229952,0.4329549906474013,Reject,1.7362357311103163,Reject,Reject,Reject,0.8958880339189372
0.8285825574718665,0.8768470457320842,0.3835403651940518,0.2205658193291198,0.4899525908913645,Reject,"Z1, Z2, Z4",1.6643398304017105,0.3835403651940518,0.24232240612142328,0.5298712501134346,Reject,1.7211262859189222,Reject,Reject,Accept,0.8561340089192704
0.9416537509517456,0.8246912571234861,0.34747869795974917,0.2122340860785306,0.5091022719107636,Reject,"Z1, Z2, Z4",1.7375196789672278,0.34747869795974917,0.21313774929614332,0.4862013472076635,Reject,1.7151613396579615,Reject,Reject,Accept,0.7318231452886667
0.8909087499834201,0.9324607739063613,0.17036302083015403,0.1052223024278541,0.40091160150103533,Reject,"Z1, Z2, Z4",1.5952391748585206,0.17036302083015403,0.01697675501766923,0.3105855267855709,Reject,1.5514625800788908,Reject,Reject,Reject,1.0421850034142444
0.9061323399678082,0.8653234658523237,0.3334063175062116,0.19802569755253507,0.4456579949312167,Reject,"Z1, Z2, Z4",1.575767097261729,0.3334063175062116,0.20730689640680966,0.4597478952876119,Reject,1.5477134792858118,Reject,Reject,Reject,1.264130452869653
0.9545738791683925,0.7934047558723042,0.2490160323018002,0.149198571749217,0.4478418160811013,Reject,"Z1, Z2, Z4",1.6918752484181974,0.2490160323018002,0.1047574608291976,0.39762201087110843,Reject,1.8389277611780388,Reject,Reject,Reject,1.0591263652364171
0.38566630365333165,0.6665158623932602,0.5991137984969973,0.5131823156107403,0.7598084152253567,Reject,"Z1, Z2, Z4",2.0271287181268183,0.5991137984969973,0.4601456477181544,0.7312032898717677,Reject,1.8726772301161914,Reject,Reject,Reject,1.122101332674032
0.8754599645405383,0.8439011705545691,0.34295525411102157,0.1950364360415116,0.4740741595394105,Reject,"Z1, Z2, Z4",1.9783023814442346,0.34295525411102157,0.19670459180208094,0.47623937611460326,Reject,1.8687129922204273,Reject,Reject,Accept,0.8118705495332887
1.1056865747468072,0.8473503015785515,0.24965719574391904,0.10653818901541305,0.3608076511096007,Reject,"Z1, Z2, Z4",2.001324422670598,0.24965719574391904,0.11877644589021531,0.38285225708113063,Reject,1.938822525634241,Reject,Reject,Reject,1.190138929429095
0.9328520310032986,0.8530558893333611,0.2751494066963856,0.16652761960620047,0.45509621649248194,Reject,"Z1, Z2, Z4",1.9521796092504449,0.2751494066963856,0.1294625325085547,0.41205897416732623,Reject,1.8159047059490914,Reject,Reject,Reject,0.9529701313063901
0.9920800894100734,0.800523934334248,0.2501494417822837,0.1530648759362299,0.4165734875779365,Reject,"Z1, Z2, Z4",1.710535517553766,0.2501494417822837,0.10970801113870704,0.3883301419314925,Reject,1.5867494003645843,Reject,Reject,Accept,0.6062261283238435
0.8940695508889867,0.8125737048794138,0.2688943817847475,0.12199353174861316,0.41985934064866526,Reject,"Z1, Z2, Z4",1.7856025413596648,0.2688943817847475,0.11489734167515785,0.4199121490370525,Reject,1.6337477101102444,Reject,Reject,Accept,0.6139361371758788
0.5634716554150709,0.767103150624489,0.34708775066785535,0.2778201030269549,0.5843052315045179,Reject,"Z2, Z4",1.7883420125800829,0.34708775066785535,0.2125338948920979,0.48858775513804475,Reject,1.7311569726360776,Reject,Reject,Reject,0.8811749411819136
0.5636222004428803,0.7863744351021565,0.417605293119683,0.30866424728795,0.6076171039383513,Reject,"Z1, Z2, Z4",1.7668036763877333,0.417605293119683,0.2664768868030582,0.559526540815883,Reject,1.6648157709244134,Reject,Reject,Reject,1.0119311928520294
0.8314280029379868,0.9047409697173363,0.3620203869495209,0.17822168495222557,0.5708380652447946,Reject,"Z1, Z2, Z4",1.7948939323692819,0.3620203869495209,0.16539068039374716,0.5504662195550831,Reject,1.7691040841164931,Reject,Reject,Accept,0.5422793315934993
0.8564310766673646,0.8604893651902288,0.30152681572050294,0.16323313489611113,0.4185201807306564,Reject,"Z1, Z2, Z4",1.7655315689880047,0.30152681572050294,0.17219751033844644,0.4312355963763198,Reject,1.636420380573205,Reject,Reject,Accept,0.6091556780949818
1.026517306954783,0.7972613593515286,0.3324461159308715,0.2258573912697224,0.5093524364493082,Reject,"Z1, Z2, Z4",2.0041811574088144,0.3324461159308715,0.1963513674490551,0.47068871944686946,Reject,1.9444733240468366,Reject,Reject,Accept,0.5119609365858502
0.8713906212144682,0.8320932708395715,0.35345587162257247,0.2192780969555315,0.5237955708142157,Reject,"Z1, Z2, Z4",1.8428764539178695,0.35345587162257247,0.20952945553667213,0.4848446438905632,Reject,1.844064541800247,Reject,Reject,Reject,0.8035768426161468
1.0460950726207792,0.9826106535503051,0.16600001179107401,0.06005816182833023,0.4205698891238599,Reject,"Z1, Z2, Z4",1.9928575200923402,0.16600001179107401,-2.9821943167366444e-4,0.335853698787629,Accept,1.6827456338897508,Reject,Reject,Accept,0.3929964430421592
0.5041856022681582,0.7644668045422758,0.518144058959042,0.41203428689593813,0.7318721113724012,Reject,"Z1, Z2, Z4",1.8234862090253114,0.518144058959042,0.35461386341330925,0.6694322374273405,Reject,1.7428318122908126,Reject,Reject,Reject,0.9040065253794313
0.9501969298449199,0.8462101084680788,0.2510115085550715,0.14978425881411483,0.4359841991335678,Reject,"Z1, Z2, Z4",1.9407532363562696,0.2510115085550715,0.09349633653411425,0.39456643168125316,Reject,1.7903384637692261,Reject,Reject,Reject,0.9541052159319456
0.8234693196898086,0.7773052151789035,0.27910850784827607,0.188975729172061,0.49007027296848943,Reject,"Z1, Z2, Z4",1.9774460673920424,0.27910850784827607,0.12311752451897162,0.41619736025644877,Reject,1.7408645742702553,Reject,Reject,Reject,0.9256713985816359
0.6285717959369268,0.75310956773831506,0.47679582798259906,0.32374405354538965,0.6240672439142559,Reject,"Z1, Z2, Z4",1.9801290778559686,0.47679582798259906,0.326886377019665,0.6406979351911944,Reject,1.9647098137495658,Reject,Reject,Reject,1.0166746571756151
1.2677704675557055,0.8804011816190297,0.16666529006047923,0.03477539833839056,0.3173353385864157,Reject,"Z1, Z2, Z4",1.7433281220159396,0.16666529006047923,0.040284297286246704,0.2960731483807776,Reject,1.836027375690429,Reject,Reject,Accept,0.8360754549048218
0.9560168434229299,0.8414617518144044,0.2543416557650198,0.15060140403833544,0.43669490427592134,Reject,"Z1, Z2, Z4",1.873244862445829,0.2543416557650198,0.101903059207439,0.4070415108243942,Reject,1.70270491735935,Reject,Reject,Reject,0.8745056709238088
1.0731417227455566,0.9231373855802457,0.188301670289766,0.04224798065042849,0.36075727736450736,Reject,"Z1, Z2, Z4",1.5623088997765564,0.188301670289766,0.04679915362008728,0.33220994894554495,Reject,1.7410101250983998,Reject,Reject,Accept,0.6035143463186063
0.8038691344930452,0.8764454278759497,0.25822067681249583,0.17089497820397437,0.47681587856616353,Reject,"Z1, Z2, Z4",1.6593443358996731,0.25822067681249583,0.10574727295797784,0.4093612960741451,Reject,1.5912075454645622,Reject,Reject,Reject,1.1711741150040937
1.3520996030611447,0.9821772360440403,0.13289187578732747,-0.05375520454670565,0.3069248302045847,Accept,"Z1, Z2, Z4",1.9287859491146364,0.13289187578732747,-0.045658364965407885,0.3069736325926664,Accept,2.0309837841444254,Reject,Reject,Accept,0.33381926192469596
1.1022044443371326,0.9005505922270703,0.2562336592313881,0.11921293954155143,0.3909224270038742,Reject,"Z1, Z2, Z4",1.9636528242776206,0.2562336592313881,0.12443758983320327,0.3990907544908502,Reject,1.8294780039753737,Reject,Reject,Accept,0.4137452664724247
0.7918186644699029,0.8220437881781114,0.3169447533077001,0.21651787845447162,0.4750265074290117,Reject,"Z1, Z2, Z4",1.6600418711731908,0.3169447533077001,0.18082607956877642,0.4556057294407133,Reject,1.7746827022969378,Reject,Reject,Accept,0.5178509193076833
1.0795606231710886,0.9148745121497396,0.21917513591207263,0.11215708114147474,0.42693137005313564,Reject,"Z1, Z2, Z4",1.9677132330636191,0.21917513591207263,0.04874887168353616,0.38698587759645103,Reject,1.8796202057661144,Reject,Reject,Accept,0.5188628816247733
0.873079725009487,0.8128144532749118,0.32841096827059885,0.2014112324488329,0.4741792205419504,Reject,"Z1, Z2, Z4",2.004995771679858,0.32841096827059885,0.18977055119980493,0.4621341031539007,Reject,1.7900645962548172,Reject,Reject,Reject,1.1171464198296743
1.2750266964065915,0.8640429248860004,0.1814748686030054,0.04283944548265904,0.3146666637171127,Reject,"Z1, Z2, Z4",1.853008991423815,0.1814748686030054,0.02573942092045559,0.31978864295592874,Reject,2.067109211731342,Reject,Reject,Accept,0.29403683268433056
0.8500019898854986,0.9716143214299404,0.22262049034745832,0.10089933998616277,0.41666275143861886,Reject,"Z1, Z2, Z4",1.5714376443850984,0.22262049034745832,0.05685789064687354,0.3785541329495489,Reject,1.6016805703700783,Reject,Reject,Accept,0.5360812488461638
0.7690013859405141,0.7740022102433024,0.2850872401031888,0.15034790654701927,0.4439296197143356,Reject,"Z1, Z2, Z4",1.6857865994103682,0.2850872401031888,0.13604917168029435,0.4248677592327169,Reject,1.7141043670661904,Reject,Reject,Reject,0.9470081979223466
0.5534878524681851,0.7228857363854532,0.48190560791625947,0.40811837739894735,0.7334362737061659,Reject,"Z1, Z2, Z4",1.9682452590263133,0.48190560791625947,0.31454385288767506,0.6353385924019138,Reject,1.7405961041299758,Reject,Reject,Reject,0.9354494248933978
1.131185747547204,0.8724418657798171,0.24788195426844714,0.08218781852402793,0.38134085842460036,Reject,"Z1, Z2, Z4",2.0203295244160846,0.24788195426844714,0.0912131849746841,0.3933980760745198,Reject,1.7707059270399332,Reject,Reject,Accept,0.27131614437299284
0.796482471026344,0.7587710955492208,0.35341751459639825,0.2507358245710021,0.5070201608221261,Reject,"Z1, Z2, Z4",1.807907387559924,0.35341751459639825,0.22444784914685453,0.48621514461566223,Reject,1.8420544618030905,Reject,Reject,Reject,1.0496493493781411
1.1834854863343536,0.888921206922092,0.16356682080893117,0.06423275670072127,0.3581605012965734,Reject,"Z1, Z2, Z4",1.7155006892394773,0.16356682080893117,0.009958758725136928,0.3112789061263954,Reject,1.6977512206462186,Reject,Reject,Accept,0.6006110392238471
1.2146610394592123,0.9206827291092371,0.13757993144778066,0.0040470658142172725,0.31017250998489143,Reject,"Z1, Z2, Z4",1.8883280953286026,0.13757993144778066,-0.021595178722784793,0.28624627216115317,Accept,1.9120245814557169,Reject,Reject,Accept,0.7159770238874259
0.8875890074706783,0.9230228397581085,0.32941266803253727,0.20765457270494764,0.5078791623113066,Reject,"Z1, Z2, Z4",1.8587771626173646,0.32941266803253727,0.159157198539676,0.48425535268522624,Reject,1.7694241260525916,Reject,Reject,Accept,0.8279997565163874
1.104459428731703,0.8712574648294875,0.2453254937212857,0.07842504911047454,0.3876404418299647,Reject,"Z1, Z2, Z4",1.9316001508973113,0.2453254937212857,0.10225047417670491,0.3949847361637609,Reject,1.7453801090936805,Reject,Reject,Reject,0.9594307736673814
1.084487745168205,0.8939353937666882,0.24935834161843085,0.16556483590249838,0.4093754909483458,Reject,"Z1, Z2, Z4",1.6829432200702457,0.24935834161843085,0.11758476281471807,0.3866484220341969,Reject,1.7436045197321397,Reject,Reject,Accept,0.8171280028123787
0.9791187165123673,0.9191327652393457,0.24860595762118587,0.12160840365047551,0.41815070308529434,Reject,"Z1, Z2, Z4",2.084413936618237,0.24860595762118587,0.11054906530891871,0.39070101475776436,Reject,1.8803385140277704,Reject,Reject,Accept,0.6691639487828761
0.8812452123652361,0.8697421590363383,0.32691838979498294,0.22405652367685822,0.4816641114377127,Reject,"Z1, Z2, Z4",1.9811667310295922,0.32691838979498294,0.18947925185344483,0.4613848904144312,Reject,1.7613924464500688,Reject,Reject,Accept,0.5857482707827244
0.9486077096660895,0.8682907528583336,0.22730759713415605,0.15533893791356193,0.44052160255060524,Reject,"Z1, Z2, Z4",1.5671503557813862,0.22730759713415605,0.08449145719322826,0.38692014421779214,Reject,1.4898151551657295,Reject,Reject,Accept,0.8133242820944518
0.93472477684342,0.9341659495405693,0.27976475732334444,0.0930709998802087,0.45273168764139426,Reject,"Z2, Z4",2.0717739817118614,0.27976475732334444,0.11660976470854365,0.4416930232883783,Reject,1.9295864426798366,Reject,Reject,Reject,0.99704304718262
1.0184113723870984,0.8208203059738425,0.2625758679468656,0.1899703739173704,0.47979129958295424,Reject,"Z1, Z2, Z4",1.9752459026557663,0.2625758679468656,0.11729881465788178,0.41965598469929,Reject,1.992158749893126,Reject,Reject,Accept,0.5051818940359192
1.141739090328911,0.8471659080364607,0.263685274953388,0.13104507919949546,0.4238324384144272,Reject,"Z1, Z2, Z4",2.3266463917999407,0.263685274953388,0.12465626401792881,0.4107107142473289,Reject,1.9912054606292753,Reject,Reject,Accept,0.20292663182121937
0.8798269921221958,0.8753458166294515,0.27531597670031016,0.11773761900606342,0.4242982896915735,Reject,"Z1, Z2, Z4",2.0571927669944,0.27531597670031016,0.11315785684385618,0.42753570827830706,Reject,1.780647612247358,Reject,Reject,Accept,0.3946038193139062
0.7485255509390701,0.7861904119286925,0.40127542189619675,0.2577009432644001,0.5566256377939487,Reject,"Z1, Z2, Z4",2.1209020517409134,0.40127542189619675,0.2606410852879519,0.5326236714351219,Reject,1.8438129203026754,Reject,Reject,Reject,1.275948002057626
1.0108191284252157,0.8929544937127718,0.2762664812442187,0.15756398893179988,0.4780546795740923,Reject,"Z1, Z2, Z4",1.544787053923873,0.2762664812442187,0.13107515495269467,0.4228909784743096,Reject,1.8179345318756828,Reject,Reject,Accept,0.8168320222323304
0.6375961588481907,0.8463999129610377,0.40906848963977543,0.24425325808362458,0.5825163040462799,Reject,"Z1, Z2, Z4",1.9714984272660905,0.40906848963977543,0.24787161423867274,0.5762559440846662,Reject,1.8961566189710246,Reject,Reject,Accept,0.7193294060590079
0.9452515744467841,0.8005426488810912,0.27865084726935757,0.1605852352446876,0.4618584754929668,Reject,"Z1, Z2, Z4",2.226686794200242,0.27865084726935757,0.134100889841146,0.4323321993085551,Reject,2.0860990273105875,Reject,Reject,Accept,0.48083157179940395
0.8121419354860663,0.915950418279055,0.2519288582159725,0.1354895066913944,0.4477240330049665,Reject,"Z1, Z2, Z4",1.6368012524200324,0.2519288582159725,0.09536878028693918,0.40383397489196543,Reject,1.624474262609195,Reject,Reject,Accept,0.13066054847824102
0.6607131583430917,0.885794282634594,0.26356356307060264,0.17971854186103972,0.5234353737647858,Reject,"Z1, Z2, Z4",2.0095488130503036,0.26356356307060264,0.09620604021634277,0.4223886617897347,Reject,1.8510008681438734,Reject,Reject,Reject,1.1713263418264703
0.9217566343419998,0.7821989318135418,0.3125858875147722,0.21651582885829151,0.5014073478953477,Reject,"Z1, Z2, Z4",1.9561794358957842,0.3125858875147722,0.16173096438229517,0.4621277489640526,Reject,1.84780883206764,Reject,Reject,Reject,1.2143743626351888
0.7616467824695311,0.8152832058835398,0.2914898656362714,0.27710306788048594,0.5790700591606269,Reject,"Z1, Z2, Z4",1.7063531064467383,0.2914898656362714,0.13490680547823253,0.4476612937153065,Reject,1.536343882312767,Reject,Reject,Reject,1.1559824032053423
0.9898045856140729,0.8857014477959965,0.24600873344635918,0.1425196578956203,0.440894787122461,Reject,"Z1, Z2, Z4",1.9645226686841883,0.24600873344635918,0.08567338249114304,0.40300712697207114,Reject,1.9522333095474638,Reject,Reject,Accept,0.40877607730931487
1.0699467964157352,0.806440874023963,0.22084255298169328,0.08517438120571914,0.35719824157153984,Reject,"Z1, Z2, Z4",1.7853313572608038,0.22084255298169328,0.09013253985770536,0.3583786513839966,Reject,1.745834898621516,Reject,Reject,Reject,0.9117761597877394
0.9047783625548669,0.8116423262582204,0.28673830442208315,0.19286804528825874,0.4727517489985724,Reject,"Z1, Z2, Z4",2.005210295662968,0.28673830442208315,0.14252742422492604,0.42344707379635055,Reject,1.702247735727079,Reject,Reject,Reject,0.8838288427276104
1.137589334885699,0.7710233743101,0.2277884993592669,0.10763525881859838,0.38628018851947277,Reject,"Z1, Z2, Z4",1.8922163853913798,0.2277884993592669,0.09520448310757411,0.381712970132966,Reject,1.9264889558184013,Reject,Reject,Reject,1.087107365974103
0.577275210651505,0.8544184145636022,0.33541100644279936,0.27657517731374853,0.616242428694368,Reject,"Z1, Z2, Z4",1.9563685781298614,0.33541100644279936,0.16900812019324488,0.5059759069351969,Reject,1.8643937149252756,Reject,Reject,Accept,0.7906279191421326
1.0279043004989414,0.7713364464234291,0.2492979868117308,0.11893736302318375,0.38850201707861054,Reject,"Z1, Z2, Z4",1.9590468437697914,0.2492979868117308,0.10133060993957933,0.3834409513503978,Reject,1.909375037386731,Reject,Reject,Accept,0.7164905129560033
0.7641507718713493,0.751498150333537,0.2924120933897083,0.21469116597158347,0.47468822922162585,Reject,"Z1, Z2, Z4",2.0089768631339995,0.2924120933897083,0.16460833809084963,0.4077812165662423,Reject,1.8563362706125128,Reject,Reject,Reject,1.162717254252514
0.9524705247290555,0.8538604437148489,0.25078218601973995,0.1187845974249257,0.541307893818227,Reject,"Z2, Z4",2.339659204007623,0.25078218601973995,0.06109427965919573,0.43135075925499716,Reject,2.065654552637627,Reject,Reject,Accept,0.34537225137235483
0.9909122303427076,0.8136608676792824,0.2450014607021218,0.11082025745358301,0.41476871497196544,Reject,"Z1, Z2, Z4",1.9151323584934963,0.2450014607021218,0.09771715659776334,0.3864743769266189,Reject,1.7571987558855664,Reject,Reject,Reject,0.9950474289173766
0.989959594742234,0.7771061733819631,0.31008466301126003,0.19881625990824758,0.4888119128295333,Reject,"Z1, Z2, Z4",1.7995384098737766,0.31008466301126003,0.1618346735073437,0.4535691629653611,Reject,1.9011772725008336,Reject,Reject,Reject,1.0437470034685423
1.0746646634864236,0.8896216802403322,0.21012122548694134,0.07219858199717114,0.3659149352944037,Reject,"Z1, Z2, Z4",2.006240192592406,0.21012122548694134,0.06401617904191625,0.3557988060375436,Reject,1.823419834805801,Reject,Reject,Accept,0.5262030495529224
0.9176629504876807,0.9543274396975108,0.3146966414079457,0.21075194472171752,0.4925353705475127,Reject,"Z1, Z2, Z4",1.8752059692963838,0.3146966414079457,0.17460909238747988,0.46035754100776366,Reject,1.7044990849713029,Reject,Reject,Accept,0.9070684743985307
0.6135430682614398,0.7312839705129506,0.4577578724858039,0.34905978946853955,0.6599713589910293,Reject,"Z1, Z2, Z4",1.9262375032366728,0.4577578724858039,0.29910981367937933,0.6111483641833891,Reject,1.7965654162044808,Reject,Reject,Reject,0.9833188667259223
1.1324019646560384,0.856028481370134,0.3462087151485491,0.17142463490542767,0.4575253395666003,Reject,"Z1, Z2, Z4",2.096271899522753,0.3462087151485491,0.19568000423769827,0.49486429979691,Reject,2.139189474451099,Reject,Reject,Accept,0.8049738039181312
0.7614770858156888,0.8129355145602649,0.3668985308606261,0.24318369743462429,0.526199717255597,Reject,"Z1, Z2, Z4",1.9113414944127303,0.3668985308606261,0.23140523296868012,0.5044446387379634,Reject,1.830939470015494,Reject,Reject,Reject,1.3810385755003771
1.1016646245494612,0.9543287884363334,0.1390339494088052,-0.011187597785646125,0.34265793445529913,Accept,"Z1, Z2, Z4",2.0521266242234883,0.1390339494088052,-0.032005655438794224,0.319744564162436,Accept,1.9293902931724576,Reject,Reject,Accept,0.6113920916424088
0.993272000214828,0.8221574618056877,0.2580359129878964,0.1717639965316466,0.45365971550409495,Reject,"Z1, Z2, Z4",2.2713060113996684,0.2580359129878964,0.1191799702954128,0.3976335904734129,Reject,2.0125425990527095,Reject,Reject,Accept,0.7834531924889081
0.819803335918737,0.840252776587814,0.3818000477510899,0.22676618172481564,0.5270039341065423,Reject,"Z1, Z2, Z4",1.8254660873541173,0.3818000477510899,0.23813003244390563,0.5402464451358759,Reject,1.78517617581655,Reject,Reject,Reject,0.8997245967866622
1.1865447083415823,0.9069954015280854,0.22529985545776227,0.08801409961303552,0.3796586208017626,Reject,"Z1, Z2, Z4",1.9536816464182447,0.22529985545776227,0.07990528526229547,0.3914273858598035,Reject,1.8448661709723562,Reject,Reject,Accept,0.8548707633282685
1.054916285220717,0.8361521863466649,0.3091025312282231,0.16076307668884082,0.4198333901120699,Reject,"Z1, Z2, Z4",2.045317425794486,0.3091025312282231,0.18302213592954047,0.43893880408581315,Reject,1.9450054722470071,Reject,Reject,Accept,0.6955253967961413
0.7989099704235324,0.8653853143292449,0.28666050472359383,0.15764784829754577,0.44804771393991083,Reject,"Z1, Z2, Z4",1.784263113963051,0.28666050472359383,0.14683284997688373,0.4397297483221969,Reject,1.5025302125468805,Reject,Reject,Reject,0.9965905555398403
1.1523601878708067,0.7907717359285167,0.2609975351555603,0.17491769427650955,0.4021761791754009,Reject,"Z1, Z2, Z4",1.7932659729844855,0.2609975351555603,0.1347486993346178,0.3811388646488027,Reject,1.8648978916526777,Reject,Reject,Reject,1.1863848844033242
0.8718859238916475,0.8825535852429041,0.3178967475612987,0.1662783756205958,0.49774168686238635,Reject,"Z1, Z2, Z4",1.9139784408268508,0.3178967475612987,0.15657005924584713,0.4787024059209003,Reject,1.7122018516179913,Reject,Reject,Accept,0.7780854140417609
1.371095596634618,1.0171932543404245,0.09000948128815331,-0.07173149976175584,0.3054952345601443,Accept,"Z1, Z2, Z4",1.7934137953088467,0.09000948128815331,-0.10078010892652955,0.2715342511610824,Accept,1.7409567726031674,Reject,Reject,Accept,0.4019878217921193
1.1542516610272653,0.795357071492856,0.2448840240652407,0.06375105106588586,0.3587516564771489,Reject,"Z1, Z2, Z4",1.6277112404248475,0.2448840240652407,0.09072931151459379,0.40905078787916777,Reject,1.6950585478260904,Reject,Reject,Accept,0.6735902852440396
0.8772368539689582,0.8098679741809949,0.27287274829087715,0.20806018639931423,0.502504102539497,Reject,"Z1, Z2, Z4",1.975601281741348,0.27287274829087715,0.1189660409762815,0.43268357591863915,Reject,1.8662641512490472,Reject,Reject,Accept,0.4734573511831105
0.7912837336112534,0.7839748176419356,0.3803227289397372,0.23898723008847983,0.5281687420327347,Reject,"Z1, Z2, Z4",1.5643589997716019,0.3803227289397372,0.23818328145791626,0.5191545220769065,Reject,1.7405772402055293,Reject,Reject,Reject,1.0479038640342007
0.978689442189438,0.884206193278724,0.21667973387246375,0.10519368799637044,0.40268579461739923,Reject,"Z1, Z2, Z4",1.5375639984123006,0.21667973387246375,0.06176023955063045,0.3661132719462935,Reject,1.483591704126794,Reject,Reject,Reject,0.8704137679786067
0.8531953949751049,0.7880670938489729,0.3746498129572907,0.23125064440219728,0.49107727515782673,Reject,"Z1, Z2, Z4",1.9395568764239943,0.3746498129572907,0.24021955205136633,0.5031799475798824,Reject,1.9223272954500148,Reject,Reject,Accept,0.9204488969244508
0.793736186364894,0.7642359670130526,0.35172472672044003,0.20252917801253556,0.5080590169637736,Reject,"Z1, Z2, Z4",2.042964759892599,0.35172472672044003,0.1950344200197934,0.5035944862085204,Reject,1.7612311985502234,Reject,Reject,Accept,0.7668164565297505
0.7723850750299643,0.8703569376091328,0.33421833773086257,0.18794309885232346,0.49702756844477514,Reject,"Z1, Z2, Z4",1.8162915205592256,0.33421833773086257,0.17797465133303045,0.49301057909692836,Reject,1.7619016260989442,Reject,Reject,Accept,0.6612601020220904
1.1684844590580166,0.7989546955434532,0.21909387748801917,0.1136997271919908,0.3525572848986571,Reject,"Z1, Z2, Z4",1.6833112663855752,0.21909387748801917,0.09740711988566857,0.34033708869776,Reject,1.7209125935136351,Reject,Reject,Reject,1.1183035233583174
1.247201208716128,0.8437139490364499,0.21404813971010433,0.07217315794686172,0.3180651215918928,Reject,"Z1, Z2, Z4",1.9097524075725785,0.21404813971010433,0.09111317636134114,0.34748588409309844,Reject,1.8990824741533496,Reject,Reject,Accept,0.7548628318627495
0.9487164578675199,0.7548919914761276,0.16125053004752224,0.09960054509089702,0.3798965315585982,Reject,"Z1, Z2, Z4",2.2337153318529204,0.16125053004752224,0.033917470154560904,0.29147643061111334,Reject,1.8887702481282853,Reject,Reject,Reject,1.0390929042913544
1.1060764769182532,0.8271701997422884,0.19332102731617914,0.0955229696344542,0.3890380773191717,Reject,"Z1, Z2, Z4",1.788653854101937,0.19332102731617914,0.04293162051515879,0.344940048309422,Reject,1.777982871321095,Reject,Reject,Accept,0.856227840061439
0.753762665227807,0.8219719954351963,0.3449106239006941,0.217467114625306,0.49502310610689043,Reject,"Z1, Z2, Z4",1.7597321446642225,0.3449106239006941,0.19658278939223073,0.48702415764650553,Reject,1.737085584647598,Reject,Reject,Reject,0.9311625929864342
1.06174064190119,0.8841195093373775,0.21645700010667493,0.0960495059988043,0.3668045459407334,Reject,"Z1, Z2, Z4",2.059601018296138,0.21645700010667493,0.08305275649999873,0.3530814978469766,Reject,1.9941281545845622,Reject,Reject,Accept,0.5920000491485902
0.9376146614884951,0.7999809218963989,0.26447146993123977,0.15253845129134036,0.40862921234754834,Reject,"Z1, Z2, Z4",1.9066093889216285,0.26447146993123977,0.1358640262511034,0.39452870950724905,Reject,1.9089211694451984,Reject,Reject,Accept,0.7361470851661049
0.9868832649594422,0.8973749697725655,0.19068581919416708,0.11821011675732901,0.3981661645239338,Reject,"Z1, Z2, Z4",1.7747528989362127,0.19068581919416708,0.04749096223858303,0.3271228483163492,Reject,1.8246184330578143,Reject,Reject,Reject,1.0460738520095545
0.9924136616238765,0.8126742039949788,0.2987226671806616,0.20345418844482088,0.5047897774874924,Reject,"Z1, Z2, Z4",1.98515579580721,0.2987226671806616,0.15553382461599702,0.4405826125446959,Reject,1.920937066445333,Reject,Reject,Accept,0.6351852938668778
1.0010788963131432,0.8889580762955839,0.20314534789952152,0.10259616717643565,0.37489934877686065,Reject,"Z1, Z2, Z4",2.007263049943886,0.20314534789952152,0.0645892064212028,0.3353334500635714,Reject,1.879602149484107,Reject,Reject,Reject,1.25621463583709
1.016685745350732,0.8558116356131641,0.26713265500467026,0.16995852872988504,0.47513806573936473,Reject,"Z1, Z2, Z4",1.8096052007859422,0.26713265500467026,0.12552982429049492,0.40359118692679147,Reject,1.7964586437725785,Reject,Reject,Accept,0.6962686259340451
0.9330508800686924,0.8597803260024566,0.19243015372575242,0.08217980316227572,0.33546907398675063,Reject,"Z1, Z2, Z4",1.6807006982743884,0.19243015372575242,0.05733025379161249,0.32856866640736987,Reject,1.7138503460321528,Reject,Reject,Accept,0.61560159234508
1.1648919150828625,0.936406920028506,0.172785698506521,0.08582986927036107,0.3772406842513943,Reject,"Z1, Z2, Z4",1.9571948454682984,0.172785698506521,0.019186594295509153,0.31120328568486166,Reject,1.828752152412859,Reject,Reject,Reject,0.9462732931067387
0.8883746454577242,0.8331064185327994,0.282508740401916,0.17527697866706837,0.47001155469321504,Reject,"Z1, Z2, Z4",1.7953220701155892,0.282508740401916,0.1382809228826076,0.43024173436305213,Reject,1.6738753687834822,Reject,Reject,Reject,0.9932562545928926
1.002837514943191,0.8069610869306024,0.2683945350028036,0.16420430814133827,0.41646946146169156,Reject,"Z1, Z2, Z4",1.7150221727335815,0.2683945350028036,0.14067492849101074,0.39428399526743907,Reject,1.7378902100977012,Reject,Reject,Reject,0.8744761735273445
1.0012210529571812,0.752353492488928,0.32951556190304687,0.1332436347432343,0.41330618752793197,Reject,"Z1, Z2, Z4",1.916573047079184,0.32951556190304687,0.20483177362336807,0.46130511915391387,Reject,1.9491761720296297,Reject,Reject,Reject,1.2239900479147077
0.9806459048668874,0.838142227189044,0.20762615421575423,0.07721225011332582,0.3333208061361349,Reject,"Z1, Z2, Z4",1.8873952091367583,0.20762615421575423,0.07218703825674012,0.3440523184965107,Reject,1.8218410640400018,Reject,Reject,Accept,0.5973111988121469
1.1026259561499163,0.8375903230903449,0.2721844722327267,0.15021229236984784,0.4123291686967616,Reject,"Z1, Z2, Z4",1.9204627267687444,0.2721844722327267,0.14306380488661435,0.4037858721211762,Reject,1.907569861477046,Reject,Reject,Accept,0.7627403867865179
0.9824312816651953,0.9262557798725207,0.22615885782739076,0.14116733906294332,0.4266435515282023,Reject,"Z1, Z2, Z4",2.067578103638771,0.22615885782739076,0.077295782016702,0.3713691164127445,Reject,1.8566571652800143,Reject,Reject,Accept,0.5593785902703261
1.2438194248237873,0.917786543558729,0.07207012176725917,-0.07685890733675078,0.19641418008997932,Accept,"Z1, Z2, Z4",1.6546292368548725,0.07207012176725917,-0.0620363575980085,0.2136978889636685,Accept,1.7144611114790025,Reject,Reject,Accept,0.3199475489706875
0.9462170281030249,0.800596217775046,0.33114223185229014,0.19939955101248905,0.45898158378970166,Reject,"Z1, Z2, Z4",1.8618004124127407,0.33114223185229014,0.20087286723880307,0.47128786454740224,Reject,1.6583279450623354,Reject,Reject,Reject,1.1360892173816766
0.8026839526322106,0.8999786274813992,0.2971967751271858,0.19346078510519046,0.5279507674778917,Reject,"Z1, Z2, Z4",1.6571758573879989,0.2971967751271858,0.11568565650954862,0.4581845247508403,Reject,1.649675443018448,Reject,Reject,Accept,0.8209003528489834
1.0612283198026287,0.9101358826356526,0.19708372925273807,0.03291424636007699,0.37342971482959625,Reject,"Z2, Z4",2.1412079593672395,0.19708372925273807,0.050691750621866066,0.35447861702916056,Reject,1.8681245842597196,Reject,Reject,Accept,0.5488157912086377
0.9629143920862433,0.856339467819223,0.17656011128572435,0.11704080354661821,0.3919282289007007,Reject,"Z1, Z2, Z4",1.8608508069133527,0.17656011128572435,0.03700531464764751,0.31603656857502826,Reject,1.792909881888886,Reject,Reject,Accept,0.6213557064884697
1.0144657249434084,0.8848592798268445,0.24179146063207232,0.10621217886167537,0.3602839617410822,Reject,"Z1, Z2, Z4",1.7968716641176996,0.24179146063207232,0.11208013550153947,0.36593765729140837,Reject,1.6567470918783422,Reject,Reject,Reject,1.0330380817419564
0.9886326255936367,0.8298285085231769,0.1723130814191215,0.05768007722917578,0.3117626894036391,Reject,"Z1, Z2, Z4",1.559440015818616,0.1723130814191215,0.05213261497038803,0.3045942078676193,Reject,1.6224817162007898,Reject,Reject,Accept,0.7051191618466247
1.2450612795925922,0.9443322122884055,0.10892547710161085,0.037792087314787684,0.2965819429963629,Reject,"Z1, Z2, Z4",1.6061523133689957,0.10892547710161085,-0.026074635987323947,0.25023256456874643,Accept,1.6914719115171042,Reject,Reject,Accept,0.2990986914437275
0.8619842739978342,0.8019771024201088,0.2978223827246606,0.1907392471673428,0.4760993599263709,Reject,"Z1, Z2, Z4",1.8640160010660412,0.2978223827246606,0.14312189664888209,0.44441646089798276,Reject,1.7107184874034767,Reject,Reject,Reject,1.3363763413363865
0.7675108099243048,0.8342666092132889,0.2734867855065699,0.17616664850419272,0.45822314511549084,Reject,"Z1, Z2, Z4",2.2183056503400134,0.2734867855065699,0.12251687813039633,0.41398409064691655,Reject,1.961060131489476,Reject,Reject,Reject,1.1387179691496345
0.9449951369256894,0.9129304727714376,0.3123687925373094,0.1459161814124598,0.46004368434350457,Reject,"Z1, Z2, Z4",1.7514377594319748,0.3123687925373094,0.15514929315881448,0.4705057934671041,Reject,1.6626130590232528,Reject,Reject,Accept,0.5156331931430058
1.1409968505375083,0.9048050883718889,0.17214059151211694,0.0036466387479450156,0.3302773168433779,Reject,"Z1, Z2, Z4",1.8155520799738099,0.17214059151211694,0.011945292245952525,0.32846670543613965,Reject,1.8386459508542652,Reject,Reject,Accept,0.8399265721069841
0.8235242746846738,0.7436914091123914,0.31165317736014836,0.16538485890823515,0.4639284121008844,Reject,"Z1, Z2, Z4",1.538420421107858,0.31165317736014836,0.17156656130329623,0.45357108976137117,Reject,1.6252293344987387,Reject,Reject,Reject,1.1048025031678461
0.7817799678805551,0.7494231499770317,0.3743413542652329,0.2767346219080041,0.5342009723893302,Reject,"Z1, Z2, Z4",1.9753494113823464,0.3743413542652329,0.24064175987517655,0.5057670449220848,Reject,1.826831587911216,Reject,Reject,Reject,1.092680700801138
1.17746325706794,0.9085896239474963,0.12651328072109277,0.02260596079102941,0.28886816460086834,Reject,"Z1, Z2, Z4",1.8878441389742364,0.12651328072109277,-0.012413991550691672,0.2627463818637319,Accept,1.8166213003709162,Reject,Reject,Accept,0.7119009748377181
0.8755937538828381,0.8542247180691279,0.28843737174203127,0.16753483919810405,0.4707019341384288,Reject,"Z1, Z2, Z4",1.7312149942341108,0.28843737174203127,0.14293540470503083,0.43826750063326014,Reject,1.791132980249482,Reject,Reject,Reject,0.948213424778491
0.9138640276887491,0.8301592408990657,0.22169532184068103,0.1335222617024313,0.41769165789565493,Reject,"Z1, Z2, Z4",1.8152556062837193,0.22169532184068103,0.07609247509125278,0.35986749869529794,Reject,1.5666630951296896,Reject,Reject,Reject,0.9019106221468369
0.9841468508565546,0.860292458981053,0.22973515348961046,0.17525298116900176,0.4655045528750193,Reject,"Z1, Z2, Z4",1.8692093668522576,0.22973515348961046,0.08003876335603292,0.37211194568263145,Reject,1.9575578174064538,Reject,Reject,Accept,0.7198256288845071
0.8912861849561438,0.8597688074726546,0.32769998253531946,0.16890552027838576,0.47593891031727836,Reject,"Z1, Z2, Z4",1.8000509908158113,0.32769998253531946,0.16889969247502884,0.48652906077599456,Reject,1.794695557058669,Reject,Reject,Accept,0.439716374639823
1.1744328755911326,0.8433013631872586,0.19404742221206123,0.09896887218536313,0.37399344300678317,Reject,"Z1, Z2, Z4",1.9889933353815754,0.19404742221206123,0.05034792869823523,0.3335278640107282,Reject,1.9511309003325181,Reject,Reject,Accept,0.5079713486016406
1.084038861929494,0.8943331062922494,0.20836626343375383,0.045516195582115324,0.3216338867435898,Reject,"Z1, Z2, Z4",1.6354845361976578,0.20836626343375383,0.07532094220207014,0.34200187823651484,Reject,1.6514517050359914,Reject,Reject,Reject,1.0456437006924526
0.9348551606028799,0.8861048392616556,0.302340355444049,0.21185107057525338,0.5050291690215936,Reject,"Z1, Z2, Z4",1.8597324556535575,0.302340355444049,0.1634835863900286,0.4440040738421103,Reject,1.844314336857931,Reject,Reject,Accept,0.7865351280020466
0.9191568915752483,0.8021593245452834,0.2949708929263796,0.16753205065598933,0.44633394276213084,Reject,"Z1, Z2, Z4",1.9114153079579352,0.2949708929263796,0.14143641721014363,0.4369673257524532,Reject,1.8561510914165131,Reject,Reject,Reject,0.9814392737217669
1.045303112438546,0.856394439490667,0.20838145327463564,0.12599947626349228,0.38001290266287874,Reject,"Z1, Z2, Z4",1.9823880878858022,0.20838145327463564,0.07473291512113696,0.3513968519024087,Reject,1.7357188126892469,Reject,Reject,Reject,0.978171812555652
0.9716464765326651,0.8898779219914499,0.2708414659675492,0.17191655896348426,0.4556336611692966,Reject,"Z1, Z2, Z4",2.0726201933225252,0.2708414659675492,0.11375575642717553,0.4167778132705906,Reject,1.7763673428166586,Reject,Reject,Reject,0.8602945640997384
1.1840775171389974,0.9623059542910162,0.15807065667593678,0.058397110595800744,0.3464222437517111,Reject,"Z1, Z2, Z4",2.149811810275039,0.15807065667593678,0.016346701194974077,0.31109928349995536,Reject,1.9314206276846262,Reject,Reject,Accept,0.643872879835658
0.7713028595427188,0.8697298167915289,0.32351533786292097,0.19026948304797342,0.501201511305001,Reject,"Z1, Z2, Z4",1.8657310851255584,0.32351533786292097,0.18272982119415915,0.4855962269553029,Reject,1.861610616554166,Reject,Reject,Reject,1.1027152101431785
0.9490616221206692,0.7927179026189121,0.26746962056615387,0.18705946130225345,0.4372011266930731,Reject,"Z1, Z2, Z4",1.7050852812349526,0.26746962056615387,0.1411328678011293,0.40105240010206583,Reject,1.7212551547742003,Reject,Reject,Accept,0.9486599445833717
1.0640723944853108,0.7692856407025134,0.267669911448213,0.11011682781384252,0.40621095947970287,Reject,"Z1, Z2, Z4",2.1094269325291695,0.267669911448213,0.11754561661987885,0.4146141773962317,Reject,1.9373045787576157,Reject,Reject,Accept,0.49264874917844004
0.9608819331341741,0.7709749729291738,0.3067045122909278,0.15885697368974305,0.4450289137406205,Reject,"Z1, Z2, Z4",1.9123657635242302,0.3067045122909278,0.1500251083296482,0.46030734822503383,Reject,1.886244374180067,Reject,Reject,Accept,0.43129898275180367
0.9375758527189655,0.8174992983750122,0.22620868313798947,0.1542447530930074,0.4448099347079752,Reject,"Z1, Z2, Z4",1.980084877126861,0.22620868313798947,0.0819906018576025,0.37127264617076866,Reject,1.918371157305363,Reject,Reject,Reject,1.157131104943168
0.9164107430473191,0.7497904840791384,0.3189434581719332,0.21014239538330098,0.4935955040218142,Reject,"Z1, Z2, Z4",2.085807220327084,0.3189434581719332,0.17606112489179715,0.46592124081166575,Reject,1.9893578618273529,Reject,Reject,Accept,0.8703127148343407
1.0861347167143156,0.7936635549485672,0.24548903354765084,0.21373552765763176,0.47648876540043683,Reject,"Z1, Z2, Z4",2.0622838649400395,0.24548903354765084,0.1065258159035829,0.38157992364380805,Reject,1.9054312660851946,Reject,Reject,Accept,0.9250617654077212
1.1681108489834786,0.8705248676703226,0.21612455101552694,0.05304050298881273,0.3162612259518982,Reject,"Z1, Z2, Z4",1.9448798496256001,0.21612455101552694,0.08166640197121657,0.3502621139646036,Reject,1.8770916190270572,Reject,Reject,Accept,0.14221598236653815
0.9107875240657872,0.811210089846635,0.2976626489384522,0.11165119487297667,0.414528886793954,Reject,"Z1, Z2, Z4",1.8559514471422327,0.2976626489384522,0.16360424080494584,0.4343839758579429,Reject,1.801220627478039,Reject,Reject,Reject,0.8827723987897914
1.3081269678040977,0.9282091230934829,0.1502772285616162,0.03971950104700897,0.3452661038967693,Reject,"Z1, Z2, Z4",2.022947035976502,0.1502772285616162,-0.007655160426038508,0.30173178823654573,Accept,1.8826003189140028,Reject,Reject,Accept,0.7250743825121836
0.933945543682684,0.86747337017147,0.22248915426279586,0.09376682900049291,0.3568339402549022,Reject,"Z1, Z2, Z4",1.9911206734155598,0.22248915426279586,0.08457985674179319,0.3573328127191949,Reject,1.9454472452034464,Reject,Reject,Accept,0.8756184509054079
1.0602134001149985,0.8068538897465829,0.2510438444280125,0.1775096833137982,0.45516499851632625,Reject,"Z1, Z2, Z4",2.2709125097864007,0.2510438444280125,0.11730243687716815,0.3940839793605575,Reject,2.0088767530788263,Reject,Reject,Reject,1.346917224203883
0.807700217158535,0.8417097254216199,0.3347780125034618,0.17928291460331497,0.48454093035984835,Reject,"Z1, Z2, Z4",1.7421438066374337,0.3347780125034618,0.18444027653353293,0.4734933454492133,Reject,1.799700801702932,Reject,Reject,Reject,1.209515141746722
1.0781183072907654,0.9175971349873796,0.19190836105493117,0.08505661233633634,0.40357328309705137,Reject,"Z1, Z2, Z4",1.7915803538335058,0.19190836105493117,0.04020634104070361,0.3518500038689001,Reject,1.785556017821363,Reject,Reject,Reject,1.1168654872153156
1.1211663291202205,0.8458913636728881,0.30993660924266,0.1486949167438138,0.43989252505679066,Reject,"Z1, Z2, Z4",1.8067449208796507,0.30993660924266,0.15816116653269763,0.4445436372711057,Reject,1.883309585311248,Reject,Reject,Accept,0.8011705777930181
1.0824640311212412,0.9266291491691279,0.1790517881744398,0.03458522889653966,0.340018418734192,Reject,"Z1, Z2, Z4",1.7730770150284834,0.1790517881744398,0.01976849666826859,0.3184660474804354,Reject,1.8657201842980786,Reject,Reject,Accept,0.7843799196780283
0.8035611890079016,0.7545127912025352,0.3224141456158355,0.21073057428633363,0.4703669262571634,Reject,"Z1, Z2, Z4",1.9089488865938855,0.3224141456158355,0.19165556961398963,0.44830011365815237,Reject,1.8833833923727559,Reject,Reject,Reject,0.9978658747024786
0.8778867636811409,0.8043233216722901,0.3528914037546273,0.2789729425976911,0.5437788956642287,Reject,"Z1, Z2, Z4",1.8787011301220091,0.3528914037546273,0.20143160050852346,0.49859294001753823,Reject,2.046447997144118,Reject,Reject,Accept,0.8743203617295796
0.9167953115751258,0.8119247909627034,0.2955428969427453,0.15040159624431831,0.4215449795445578,Reject,"Z1, Z2, Z4",1.8121637368785344,0.2955428969427453,0.16451321022903745,0.42988192531703323,Reject,1.6124947569007182,Reject,Reject,Reject,1.132279881253618
1.0825145570831591,0.9405688754369739,0.24267233364700272,0.06666784093431549,0.37364789621184985,Reject,"Z1, Z2, Z4",1.791222249562326,0.24267233364700272,0.08564212459095746,0.40135141386626505,Reject,1.7006548117285067,Reject,Reject,Accept,0.7202295146466554
1.1563087886481158,0.944248615953424,0.23287651002270143,0.13009158450942881,0.42476814155578124,Reject,"Z1, Z2, Z4",2.0647449814013705,0.23287651002270143,0.07742014636990738,0.37838406204108577,Reject,1.986520672397945,Reject,Reject,Reject,1.2422195990172125
0.9243667347543894,0.7640278558044087,0.35656852235603437,0.1836241685824393,0.4658298217070255,Reject,"Z1, Z2, Z4",2.1014366085533354,0.35656852235603437,0.22200377576812552,0.5077791924132318,Reject,1.8628250767934886,Reject,Reject,Reject,0.9558002975159733
0.813011263096997,0.8058682405184996,0.39782118635049085,0.24568607764657022,0.5033442082424334,Reject,"Z1, Z2, Z4",1.8020319011557817,0.39782118635049085,0.264709282976743,0.5320351919760352,Reject,1.8870294157243783,Reject,Reject,Accept,0.22695086746541457
1.2369807844109135,0.869895168545124,0.14928117650802705,0.02437667348591427,0.2822465867307243,Reject,"Z1, Z2, Z4",1.9394725672736057,0.14928117650802705,0.01826608667253564,0.2753509294453477,Reject,1.905002506376237,Reject,Reject,Reject,0.9648631323341686
0.8200576716572986,0.8829364118616296,0.3061410677626928,0.20153572039474382,0.48419384423432116,Reject,"Z1, Z2, Z4",1.7351292784573473,0.3061410677626928,0.178318173482113,0.44767088859485166,Reject,1.8392863152668082,Reject,Reject,Accept,0.6363436237508101
0.9130220341049802,0.8017923036717921,0.326317277011105,0.1714921973012494,0.46268702603871814,Reject,"Z1, Z2, Z4",1.979415438762535,0.326317277011105,0.17702585105785745,0.4664739728588733,Reject,1.9267684132224623,Reject,Reject,Accept,0.8717432425946705
0.9576510593769493,0.7570467017251831,0.34002416420570514,0.22240867654085894,0.48969035848514486,Reject,"Z1, Z2, Z4",2.160198367961381,0.34002416420570514,0.20319028244517756,0.4768806944079049,Reject,1.982507093452797,Reject,Reject,Reject,1.1391804512229422
0.8990712941805564,0.72928415853875,0.3429404755014616,0.20701934003103792,0.5036153212092297,Reject,"Z1, Z2, Z4",1.5617029329406507,0.3429404755014616,0.19677661300778715,0.5028294310795123,Reject,1.7965267019592526,Reject,Reject,Accept,0.6313988968417773
0.9530096087867527,0.8388437773600967,0.3243584679144008,0.17251302629142404,0.4604322544466311,Reject,"Z1, Z2, Z4",2.265124849945436,0.3243584679144008,0.17162324144375757,0.4864884769798051,Reject,2.2056146729985096,Reject,Reject,Reject,1.0908490939237137
0.9481141652369719,0.8118562189849798,0.3398639314603215,0.2283681892271492,0.5096900260453326,Reject,"Z1, Z2, Z4",2.1729445894286035,0.3398639314603215,0.19744616190031697,0.4756891301233865,Reject,1.9415913453215796,Reject,Reject,Reject,1.1218001112994564
0.9922461051534348,0.8519303330133431,0.21475475492631188,0.07276957267351979,0.3844687987837743,Reject,"Z1, Z2, Z4",2.0209959534560555,0.21475475492631188,0.05986179990309578,0.3796838711174543,Reject,1.9759755237947372,Reject,Reject,Accept,0.3563237865877148
0.9314580241906437,0.8817908502439392,0.2817113505068065,0.10800095652935962,0.43537770201829584,Reject,"Z1, Z2, Z4",2.1141876946871196,0.2817113505068065,0.12417739708586203,0.4388922238586317,Reject,1.9211809300558935,Reject,Reject,Accept,0.5533247837531469
0.9096211669270287,0.8082435291037602,0.3567893314484753,0.21404980484784264,0.4979755774781481,Reject,"Z1, Z2, Z4",2.0123273072923804,0.3567893314484753,0.22073590597165832,0.5030070832869098,Reject,1.9239929962869993,Reject,Reject,Reject,1.0279271641609538
0.8920847752271669,0.8208594317444242,0.2507731522246075,0.13591268820418873,0.42788097704065114,Reject,"Z1, Z2, Z4",2.1571509729785734,0.2507731522246075,0.1042238189264866,0.3992766012615938,Reject,1.8078848531434195,Reject,Reject,Accept,0.826856151806448
0.6697671443848169,0.7738156306835956,0.44956277931796074,0.29137738391514145,0.6118722471238706,Reject,"Z1, Z2, Z4",1.7376588654744303,0.44956277931796074,0.2804410516168568,0.6090821444204674,Reject,1.7533055635537007,Reject,Reject,Reject,1.1296953755591514
0.775942540547222,0.8007573049814862,0.3225581288666112,0.217209893562775,0.5291540674165301,Reject,"Z1, Z2, Z4",1.6909517893534391,0.3225581288666112,0.173543870992308,0.46720096699272223,Reject,1.654568344682128,Reject,Reject,Reject,0.8430481115117737
1.0308752544693585,0.8026713057998516,0.3010870925091203,0.18212109110820318,0.43770805942793906,Reject,"Z1, Z2, Z4",1.9980681065712613,0.3010870925091203,0.17242056358315017,0.4278011837622775,Reject,1.8780290420120644,Reject,Reject,Accept,0.5428372221370638
1.1467607840302236,0.8083822299641413,0.22617762501885033,0.13499423812663575,0.3812952830247713,Reject,"Z1, Z2, Z4",1.7785118469152865,0.22617762501885033,0.08716526051662685,0.35795706239846287,Reject,1.8107464587116708,Reject,Reject,Reject,1.1501787158870433
0.822995460396211,0.7312011466990689,0.35727301282897655,0.26367155664328595,0.5199212468449537,Reject,"Z1, Z2, Z4",2.2660546707230944,0.35727301282897655,0.2328108679633848,0.47352915030626375,Reject,1.879089930661995,Reject,Reject,Reject,1.0227430881947517
0.7606348450443448,0.7939442053154775,0.3228418596620157,0.23653896041035713,0.5065588867641019,Reject,"Z1, Z2, Z4",1.4591104950597034,0.3228418596620157,0.1953967613598578,0.464879547609263,Reject,1.6826475950511481,Reject,Reject,Accept,0.7896770892767561
0.9212646833162956,0.896908040420213,0.2906490333807368,0.12755447007710002,0.4255881541241986,Reject,"Z1, Z2, Z4",1.707615158793258,0.2906490333807368,0.1346960624350548,0.4348521544433602,Reject,1.7624297222387306,Reject,Reject,Accept,0.2659909119734894
1.0647842928869486,0.8903748784116979,0.22941372941756108,0.0954297368689537,0.381101022669464,Reject,"Z1, Z2, Z4",1.9206424260761907,0.22941372941756108,0.08432976484488736,0.3690535047863811,Reject,1.687127481765276,Reject,Reject,Accept,0.47575068905101714
0.9396871796605674,1.0225803730695253,0.33945870866209144,0.19881090615477506,0.5152005653167258,Reject,"Z1, Z2, Z4",1.6431808987852592,0.33945870866209144,0.16987948025654162,0.5142050500935605,Reject,1.8617843024116445,Reject,Reject,Accept,0.7923535415516306
1.0824164039447746,0.9315301976995725,0.16396887016590603,0.1300395569231282,0.4184106786087846,Reject,"Z1, Z2, Z4",2.175554023643839,0.16396887016590603,0.017284201657553257,0.3088906618617735,Reject,1.988964413725338,Reject,Reject,Accept,0.6471247783606429
0.7762967425022227,0.7761527574245111,0.43077056962284577,0.33059790602526407,0.5878626984377261,Reject,"Z1, Z2, Z4",1.7193398254851642,0.43077056962284577,0.2946830962889237,0.5730521180914754,Reject,1.8058220555183584,Reject,Reject,Reject,1.3153533612829802
1.099606709392833,0.8086699156760128,0.1693295298033961,0.07494826738087723,0.33062208496478185,Reject,"Z1, Z2, Z4",1.6697317121044457,0.1693295298033961,0.05073256034825125,0.2930540872357708,Reject,1.626929200514407,Reject,Reject,Accept,0.6616206917154269
0.9304477019682295,0.8489725563016225,0.23212032336035823,0.1715038428839809,0.4926850964404123,Reject,"Z1, Z2, Z4",2.110496100115174,0.23212032336035823,0.07012902354341843,0.3808813470832187,Reject,1.8257032097396533,Reject,Reject,Accept,0.48671119895627907
0.9283612537540032,0.8386312263735065,0.1770746348489191,0.09348427358247643,0.3701611426713299,Reject,"Z1, Z2, Z4",1.6021863799363079,0.1770746348489191,0.03928577361697455,0.3068924153668373,Reject,1.606012272973134,Reject,Reject,Accept,0.6994961526099608
1.10811944042924,0.8776660662714754,0.17081521491321858,0.04647083667757211,0.32578698239467063,Reject,"Z1, Z2, Z4",1.6953062715052467,0.17081521491321858,0.031996257955767646,0.31877880094080724,Reject,1.680909434183098,Reject,Reject,Accept,0.49028091512753136
0.8492608102080366,0.89396570188885,0.35423414447426604,0.23858718275377233,0.5343974845769227,Reject,"Z1, Z2, Z4",2.136126875695851,0.35423414447426604,0.20397376305165246,0.5108197861205774,Reject,1.920802420330392,Reject,Reject,Accept,0.8956444797848095
1.1294536348146524,0.8898102339007762,0.2349665509357121,0.14240998245766018,0.40545231069535415,Reject,"Z1, Z2, Z4",1.8272293743101025,0.2349665509357121,0.10536942872972027,0.3668590147816202,Reject,1.9156815993843948,Reject,Reject,Accept,0.500711636886941
0.9458199689511129,0.8048350108358614,0.33840807948471746,0.2076046170066164,0.5049539167617578,Reject,"Z1, Z2, Z4",1.7625360896088489,0.33840807948471746,0.19070100386947314,0.4824828582865448,Reject,1.8029728841755561,Reject,Reject,Reject,0.8327171572468707
0.9721715407935865,0.883928642061116,0.26620469471538843,0.13707777873001376,0.4070143316207388,Reject,"Z1, Z2, Z4",1.9917272039636011,0.26620469471538843,0.11409472773483637,0.3967630532823248,Reject,1.8015221400844044,Reject,Reject,Accept,0.47866767242485897
0.872086723686759,0.8495145176026443,0.2860494794605298,0.18694172881398227,0.46350081686545147,Reject,"Z1, Z2, Z4",2.1123899861813715,0.2860494794605298,0.15578284895532166,0.4268110792822598,Reject,1.811860864977919,Reject,Reject,Reject,0.9536848408783789
