Beta_Trt,Beta_Risk,Beta_intx,Lower.CI,Upper.CI,rejection.Risk,SSVS_results,Prediction_Error,Beta_intx_Noise,Lower.CI_Noise,Upper.CI_Noise,rejection.Risk_Noise,Prediction_Error_Noise,rejection.interaction,rejection.interaction_adj,rejection.SDIR,SDIR
-0.144385099411915,0.629246302690516,0.422033013857656,0.0927691506708589,1.04712359011879,Reject,"Z2, Z4",2.01944053032023,0.422033013857656,0.0366979447448901,0.836994202044082,Reject,1.62467472665923,Reject,Accept,Reject,1.54013076795905
0.63416747306281,0.643888057627979,0.382093460498423,-0.112129357403702,0.943895366465509,Accept,"Z2, Z4",2.42224663516006,0.382093460498423,-0.11350287683401,0.865972975510798,Accept,2.24733116812093,Reject,Accept,Accept,1.18815636255144
2.05634817147259,0.9793696454143,0.187998145877738,-0.916852846550539,0.339817371120709,Accept,Z2,2.63795249099772,0.187998145877738,-0.254781692526403,0.629929941247427,Accept,2.44462212782181,Accept,Accept,Accept,0.670189333881477
N/A,N/A,N/A,N/A,N/A,N/A,N/A,N/A,N/A,N/A,N/A,N/A,N/A,N/A,N/A,N/A,N/A
N/A,N/A,N/A,N/A,N/A,N/A,N/A,N/A,N/A,N/A,N/A,N/A,N/A,N/A,N/A,N/A,N/A
N/A,N/A,N/A,N/A,N/A,N/A,N/A,N/A,N/A,N/A,N/A,N/A,N/A,N/A,N/A,N/A,N/A
1.49070614298609,1.04704463336429,-0.00898739885692952,-0.889625588165641,0.491007484530903,Accept,Z2,3.66403539082816,-0.00898739885692952,-0.403630403600273,0.42134732247847,Accept,2.03877727843652,Accept,Accept,Accept,0.789836014757805
0.457499666227284,0.726867455713849,0.0944541251620503,-0.136291865413917,0.88496910299289,Accept,"Z4, X10",2.73269871801287,0.0944541251620503,-0.36474071580067,0.551582966949438,Accept,2.08712919417369,Accept,Accept,Accept,0.501078023632361
N/A,N/A,N/A,N/A,N/A,N/A,N/A,N/A,N/A,N/A,N/A,N/A,N/A,N/A,N/A,N/A,N/A
0.704848816245333,0.603774991557408,0.322051138187221,0.0750993422380445,1.0472970191857,Reject,Z2,2.47098485997364,0.322051138187221,0.0102195742290489,0.633236118807648,Reject,1.74149309475482,Accept,Accept,Reject,1.48672147035493
1.35286044697606,1.00324890441828,0.0296118696200575,-0.320011426703662,0.566573862320304,Accept,"Z2, Z4",2.48340990905218,0.0296118696200575,-0.313820513679285,0.346738228820619,Accept,1.87588434537405,Accept,Accept,Reject,1.63193529002128
0.148108551368348,0.443281427222864,0.153944898078555,0.0492461463950023,1.23981680961848,Reject,"Z4, X1",2.97122550182687,0.153944898078555,-0.338579274440775,0.648063485030049,Accept,2.13115066824257,Reject,Accept,Accept,0.182857139175324
1.61081078300485,0.871802785000341,0.282951549428043,-0.404048491255697,0.507051411467663,Accept,"Z2, Z4",2.39080750882617,0.282951549428043,-0.0139091792600664,0.584183329587066,Accept,1.94902511660667,Accept,Accept,Accept,0.582348276667037
1.80637778726205,1.05521478375319,-0.152367814387582,-0.715018601450033,0.352854410464227,Accept,"Z2, Z4",2.32397534400718,-0.152367814387582,-0.604118719771347,0.271193843277204,Accept,2.02311772281624,Accept,Accept,Accept,1.59047116962389
0.659251033113773,0.771966624441533,0.270956822120829,-0.110917477986022,0.910467285359064,Accept,"Z2, Z4",2.30266472994482,0.270956822120829,-0.117958062415256,0.665355502594969,Accept,1.98910295697024,Accept,Accept,Accept,0.688984542405457
1.30709994895432,0.661927621655249,0.0904451728141319,-0.230895637828733,0.657624049572197,Accept,"Z2, Z4",3.04231017781058,0.0904451728141319,-0.26533327179876,0.418153964294778,Accept,1.99743277004237,Reject,Accept,Accept,0.206039563777062
N/A,N/A,N/A,N/A,N/A,N/A,N/A,N/A,N/A,N/A,N/A,N/A,N/A,N/A,N/A,N/A,N/A
N/A,N/A,N/A,N/A,N/A,N/A,N/A,N/A,N/A,N/A,N/A,N/A,N/A,N/A,N/A,N/A,N/A
0.325114175051265,0.780202674396027,0.390488329375199,-0.0535617131095583,1.21175693235394,Accept,"Z2, Z4",3.23245409675604,0.390488329375199,-0.0678959863773143,0.897558358215516,Accept,2.25626264494814,Reject,Accept,Accept,1.11804464547499
N/A,N/A,N/A,N/A,N/A,N/A,N/A,N/A,N/A,N/A,N/A,N/A,N/A,N/A,N/A,N/A,N/A
1.54499448903795,0.900822326010943,0.0725519387325538,-0.450278424347277,0.5490200522504,Accept,"Z2, Z4",2.95901001619935,0.0725519387325538,-0.262305330825418,0.413928798141677,Accept,2.28173186540871,Accept,Accept,Accept,1.27243345559469
1.37506419058048,0.980705924896043,0.102649268010826,-0.617036768252625,0.689834714336474,Accept,Z4,2.8826298477712,0.102649268010826,-0.340102969219497,0.528483631771381,Accept,2.0202068060403,Accept,Accept,Accept,0.665328215453069
0.258740039120174,0.928336987335534,-0.102774524131027,-0.593206076544475,1.37920637175083,Accept,Z2,2.74155662059312,-0.102774524131027,-0.687236804675947,0.484696856104377,Accept,2.34258711822291,Accept,Accept,Accept,0.646345512265941
N/A,N/A,N/A,N/A,N/A,N/A,N/A,N/A,N/A,N/A,N/A,N/A,N/A,N/A,N/A,N/A,N/A
-1.63819365427408,0.115062649422933,0.227279688653701,0.84677618648824,2.57104514727533,Reject,Z4,3.41681944507598,0.227279688653701,-0.321104719880459,0.693317041128387,Accept,2.44947517953079,Reject,Reject,Accept,1.04573967822576
N/A,N/A,N/A,N/A,N/A,N/A,N/A,N/A,N/A,N/A,N/A,N/A,N/A,N/A,N/A,N/A,N/A
N/A,N/A,N/A,N/A,N/A,N/A,N/A,N/A,N/A,N/A,N/A,N/A,N/A,N/A,N/A,N/A,N/A
1.14727041182946,0.623196780620192,0.365780770799098,-0.0128842413409866,0.802071839681967,Accept,"Z2, Z4",1.88395969407055,0.365780770799098,-0.00448109539104491,0.752723467075109,Accept,2.15172866751357,Reject,Accept,Accept,0.412256896525544
N/A,N/A,N/A,N/A,N/A,N/A,N/A,N/A,N/A,N/A,N/A,N/A,N/A,N/A,N/A,N/A,N/A
1.1147603666484,1.01788143808272,0.293652559794367,-0.306094665160655,0.646523361804122,Accept,"Z1, Z2, Z4",2.75586577322875,0.293652559794367,-0.120009242482909,0.698499236091584,Accept,2.03173783711657,Reject,Accept,Accept,0.559127381738789
N/A,N/A,N/A,N/A,N/A,N/A,N/A,N/A,N/A,N/A,N/A,N/A,N/A,N/A,N/A,N/A,N/A
1.14726953850677,0.919399589617179,0.268880623372387,-0.595921330393805,0.545958402091663,Accept,"Z2, Z4",3.11309374102272,0.268880623372387,-0.102733326825058,0.659422621548056,Accept,2.18469558393982,Reject,Reject,Reject,1.77998306836508
-0.615631381885465,0.808198436251344,0.820193951296008,0.34757934009247,2.08911715316882,Reject,Z2,2.55612876049083,0.820193951296008,0.250581986646713,1.40559436413718,Reject,2.05134063671738,Reject,Accept,Reject,1.50357481658543
0.754091692297855,0.7384495314796,0.18455394142443,-0.448556221658827,1.03006672596767,Accept,X7,2.66532293745294,0.18455394142443,-0.288797030345313,0.677136200481108,Accept,1.89851615163668,Accept,Accept,Accept,0.458844400668984
1.14311010098968,0.991261618181798,0.271584742571858,-0.719854008312302,0.761579792184661,Accept,Z2,2.02561826951916,0.271584742571858,-0.121312705436836,0.665967492767198,Accept,1.97427169857988,Reject,Reject,Accept,1.1282118176486
0.630107396772616,0.974276688104309,0.0241089812314489,-0.266167965449315,1.0268337260448,Accept,"Z2, Z4",2.80324628563559,0.0241089812314489,-0.472157877427594,0.536441778001504,Accept,2.10813885069901,Accept,Accept,Accept,1.12601628251078
1.14164328116524,0.927790678534086,0.0277232576757252,-0.556543530249533,0.549142738584468,Accept,"Z2, Z4",2.72372845745157,0.0277232576757252,-0.357068924932281,0.42375397270464,Accept,2.68728257213333,Accept,Accept,Accept,0.502809296706761
0.495567200006187,0.894471868583019,0.208421846662394,-0.349339320692518,1.20169016554503,Accept,Z1,3.03661782572842,0.208421846662394,-0.181336099841377,0.591204479968309,Accept,1.9561137919432,Accept,Accept,Accept,0.818798803744278
N/A,N/A,N/A,N/A,N/A,N/A,N/A,N/A,N/A,N/A,N/A,N/A,N/A,N/A,N/A,N/A,N/A
N/A,N/A,N/A,N/A,N/A,N/A,N/A,N/A,N/A,N/A,N/A,N/A,N/A,N/A,N/A,N/A,N/A
N/A,N/A,N/A,N/A,N/A,N/A,N/A,N/A,N/A,N/A,N/A,N/A,N/A,N/A,N/A,N/A,N/A
N/A,N/A,N/A,N/A,N/A,N/A,N/A,N/A,N/A,N/A,N/A,N/A,N/A,N/A,N/A,N/A,N/A
1.5246763735207,1.09127575385097,0.0835894410602016,-0.750220255101957,0.586277929014601,Accept,Z2,2.73559196742706,0.0835894410602016,-0.31440457311611,0.524555734953615,Accept,2.05439367090884,Accept,Accept,Accept,0.997294292786885
0.366666542183368,0.68772058220474,0.218605117690983,0.047405400201915,0.890900227646974,Reject,"Z2, Z4",2.58988593404889,0.218605117690983,-0.156759947842508,0.622449279416179,Accept,2.4062010200259,Accept,Accept,Accept,1.23459799636274
0.915373363204825,0.932245630680293,0.0208595629986581,-0.520933616882283,0.780745012804424,Accept,Z4,2.26956195417309,0.0208595629986581,-0.34268171514198,0.352029897396472,Accept,1.48154661047262,Accept,Accept,Accept,0.636955032432145
1.41040806377683,0.90853530991684,0.054649908724023,-0.444015618675052,0.60291880130431,Accept,"Z2, Z4",2.88137801140354,0.054649908724023,-0.363011922653313,0.494785930129014,Accept,2.42261072450104,Accept,Accept,Accept,1.0550745554953
N/A,N/A,N/A,N/A,N/A,N/A,N/A,N/A,N/A,N/A,N/A,N/A,N/A,N/A,N/A,N/A,N/A
N/A,N/A,N/A,N/A,N/A,N/A,N/A,N/A,N/A,N/A,N/A,N/A,N/A,N/A,N/A,N/A,N/A
0.590638029658961,0.820658037961195,0.224510503008991,-0.15763808817234,0.894505566035054,Accept,"Z4, X7",3.51819874638669,0.224510503008991,-0.142709032086685,0.581255689664546,Accept,2.17261986322377,Accept,Accept,Accept,1.1270167694872
N/A,N/A,N/A,N/A,N/A,N/A,N/A,N/A,N/A,N/A,N/A,N/A,N/A,N/A,N/A,N/A,N/A
0.749814460468513,0.936049017287128,0.041403325195757,-0.31739861729417,0.612603480122576,Accept,"Z2, Z4",2.55721432319085,0.041403325195757,-0.389052295845114,0.477666526798804,Accept,2.1891750292811,Accept,Accept,Reject,1.70172396464609
1.27507082677346,0.663386598930404,0.249051072772114,-0.0360620680597708,0.984365323776575,Accept,"Z4, X7",3.51209800051533,0.249051072772114,-0.135991700511939,0.619410125140167,Accept,2.34254605805939,Accept,Accept,Reject,1.8036457819882
1.19166868773859,1.07795050214078,-0.134589984997739,-1.30411134359762,0.585736821638787,Accept,Z1,2.48142688554048,-0.134589984997739,-0.592142900371007,0.345091415242545,Accept,2.06971652430721,Accept,Accept,Accept,1.16885425528729
1.38762781883028,1.01554328924577,-0.0896920847680256,-0.926731921519512,0.724437060785252,Accept,Z4,3.12398560233654,-0.0896920847680256,-0.466198149662097,0.267165951171943,Accept,1.90050652409209,Accept,Accept,Accept,0.717562535531277
1.22897490903104,0.937141712011019,-0.247172004494841,-0.67882635652457,0.544152160883874,Accept,"Z2, Z4",2.60548174694697,-0.247172004494841,-0.686888056448985,0.192302615189097,Accept,1.80549794569069,Accept,Accept,Accept,0.977816462544182
0.53837786016927,0.784395158549565,0.179449408607075,0.0386275411959433,0.837826732574577,Reject,"Z2, Z4",2.01550312547807,0.179449408607075,-0.170194848806731,0.503393970531671,Accept,1.79975353279817,Accept,Accept,Accept,1.1067172864956
N/A,N/A,N/A,N/A,N/A,N/A,N/A,N/A,N/A,N/A,N/A,N/A,N/A,N/A,N/A,N/A,N/A
N/A,N/A,N/A,N/A,N/A,N/A,N/A,N/A,N/A,N/A,N/A,N/A,N/A,N/A,N/A,N/A,N/A
0.645149618289892,0.841503776691251,0.362719027815259,-0.114523285489209,0.941245618217759,Accept,"Z2, Z4",2.94723330491799,0.362719027815259,-0.0639901256690339,0.793942859927702,Accept,2.74326307075958,Reject,Reject,Accept,0.755344771526039
0.807037913113603,0.628628948182776,0.204791751104132,-0.218113638276499,1.24936431287767,Accept,Z2,2.97332687321737,0.204791751104132,-0.158192755141887,0.560108364081432,Accept,1.90166586866246,Accept,Accept,Accept,0.878958554829953
-0.216680390845342,0.00197653232911493,0.0239874717978371,0.686789838389,2.27733359385553,Reject,Z1,4.40204740734618,0.0239874717978371,-0.407289507572844,0.455672806476193,Accept,2.56927885538403,Accept,Accept,Accept,0.520005274618187
N/A,N/A,N/A,N/A,N/A,N/A,N/A,N/A,N/A,N/A,N/A,N/A,N/A,N/A,N/A,N/A,N/A
1.07341714230683,0.835165033474217,0.0763834212998156,-0.277495604662153,0.860590830638387,Accept,"Z4, X5",3.60413981959173,0.0763834212998156,-0.409961870205357,0.529166296828683,Accept,2.86044300102591,Accept,Accept,Accept,0.719294468047176
N/A,N/A,N/A,N/A,N/A,N/A,N/A,N/A,N/A,N/A,N/A,N/A,N/A,N/A,N/A,N/A,N/A
0.459225777508855,0.79065751977478,0.484006845577407,-0.150389117090137,0.933484496512115,Accept,"Z2, Z4",3.13889551065459,0.484006845577407,0.0870315617661906,0.89111243585817,Reject,2.5101063543452,Reject,Accept,Accept,1.66356349165664
0.739400124740536,0.650992123619358,0.40713649744898,-0.304168558317899,1.28343843141507,Accept,Z2,4.04126113170558,0.40713649744898,-0.10032533908666,0.91362535027276,Accept,2.47509109067653,Reject,Reject,Accept,0.559693282047824
1.44952003540805,1.09043657373529,0.130641812326854,-0.639515582766248,0.596742361447539,Accept,"Z1, X10",2.57674235270467,0.130641812326854,-0.301193812517482,0.572915368187497,Accept,2.02985844090896,Accept,Accept,Accept,1.13965507566813
1.80661308724724,1.47115517419599,0.164707899681417,-1.6606855887831,0.158158306380197,Accept,Z2,2.67152380197108,0.164707899681417,-0.355775649603124,0.703610376976932,Accept,1.77972728852941,Accept,Accept,Accept,0.624894160831212
2.72288960513551,1.09053214989277,-0.0425609253394183,-1.0950728590287,0.191868856673013,Accept,Z2,3.19669738077302,-0.0425609253394183,-0.41344623473817,0.311832538698548,Accept,2.50516841100452,Accept,Accept,Accept,1.35507159113355
N/A,N/A,N/A,N/A,N/A,N/A,N/A,N/A,N/A,N/A,N/A,N/A,N/A,N/A,N/A,N/A,N/A
N/A,N/A,N/A,N/A,N/A,N/A,N/A,N/A,N/A,N/A,N/A,N/A,N/A,N/A,N/A,N/A,N/A
1.68696680473659,1.0358410292234,0.341708750804791,-0.779559060051695,0.762718391013356,Accept,Z2,3.26920058841543,0.341708750804791,-0.177755387606293,0.831650041106558,Accept,2.62696808788819,Reject,Reject,Reject,1.56859265422803
N/A,N/A,N/A,N/A,N/A,N/A,N/A,N/A,N/A,N/A,N/A,N/A,N/A,N/A,N/A,N/A,N/A
N/A,N/A,N/A,N/A,N/A,N/A,N/A,N/A,N/A,N/A,N/A,N/A,N/A,N/A,N/A,N/A,N/A
N/A,N/A,N/A,N/A,N/A,N/A,N/A,N/A,N/A,N/A,N/A,N/A,N/A,N/A,N/A,N/A,N/A
1.89979443614035,1.11159069402385,0.0808759567276752,-1.17210422828436,0.492716799328521,Accept,Z2,3.67265261772852,0.0808759567276752,-0.382055259115228,0.564049398125384,Accept,2.88177880824748,Reject,Accept,Accept,0.362805003074152
0.349825015208928,0.775531770242181,0.166578115197045,-0.00228248561013318,0.974447244652477,Accept,"Z2, Z4",2.28138917866652,0.166578115197045,-0.222476231185085,0.573872896425752,Accept,1.90626265017451,Accept,Accept,Accept,1.35401490569861
N/A,N/A,N/A,N/A,N/A,N/A,N/A,N/A,N/A,N/A,N/A,N/A,N/A,N/A,N/A,N/A,N/A
N/A,N/A,N/A,N/A,N/A,N/A,N/A,N/A,N/A,N/A,N/A,N/A,N/A,N/A,N/A,N/A,N/A
0.460778036553198,0.640974540006757,0.219847638661427,-0.468875294671997,1.33091712282879,Accept,Z2,3.18346083719154,0.219847638661427,-0.238898099578388,0.732750082437671,Accept,2.52358829042361,Accept,Accept,Accept,1.26017203287059
0.212150688592843,0.560019542816942,0.294250354785823,0.0254196216974107,1.62317423414405,Reject,Z4,4.26364554464499,0.294250354785823,-0.155611275182675,0.74904981155158,Accept,2.38099380020374,Reject,Accept,Accept,1.1936195643216
1.67072337550752,1.04187187992215,0.338881625727324,-0.782608381758819,0.921765830017737,Accept,Z2,3.74705644322063,0.338881625727324,-0.031479791550156,0.736162761797769,Accept,2.1948479620394,Reject,Accept,Accept,1.39988438032109
1.41532210869458,0.8865751343606,0.187977941939516,-0.755172664302758,0.500587751897137,Accept,"Z1, Z2",2.79116600105523,0.187977941939516,-0.227268623747836,0.591620787795818,Accept,2.28598266381015,Accept,Accept,Reject,1.80635850254811
1.58207853230742,0.801977881104221,0.289997158218425,-0.647237917362876,0.810328276449436,Accept,Z2,2.60123102884424,0.289997158218425,-0.137487672160232,0.703294726696894,Accept,2.13729047717357,Accept,Accept,Accept,0.108376581348529
0.871471532194941,0.936606248671662,0.0575927702711551,-0.692331375768939,0.722937816187325,Accept,"Z2, Z4",2.16067800655417,0.0575927702711551,-0.428843472384486,0.536074467423908,Accept,2.16899556200864,Accept,Accept,Accept,1.09739397493421
0.711815546787015,0.669649748143485,0.0278704834883138,-0.574394578064148,1.15150187777442,Accept,Z2,3.23053614129953,0.0278704834883138,-0.404260338081443,0.442936697848596,Accept,1.97745278222091,Accept,Accept,Accept,0.901815304493409
N/A,N/A,N/A,N/A,N/A,N/A,N/A,N/A,N/A,N/A,N/A,N/A,N/A,N/A,N/A,N/A,N/A
N/A,N/A,N/A,N/A,N/A,N/A,N/A,N/A,N/A,N/A,N/A,N/A,N/A,N/A,N/A,N/A,N/A
N/A,N/A,N/A,N/A,N/A,N/A,N/A,N/A,N/A,N/A,N/A,N/A,N/A,N/A,N/A,N/A,N/A
0.66042130562578,0.561108053163967,0.217753079232856,-0.30476009516243,1.39127778759678,Accept,Z2,3.17083670987838,0.217753079232856,-0.21104874647734,0.683571706571642,Accept,2.48909478377011,Accept,Accept,Accept,0.866177900017172
N/A,N/A,N/A,N/A,N/A,N/A,N/A,N/A,N/A,N/A,N/A,N/A,N/A,N/A,N/A,N/A,N/A
N/A,N/A,N/A,N/A,N/A,N/A,N/A,N/A,N/A,N/A,N/A,N/A,N/A,N/A,N/A,N/A,N/A
0.606280004462532,0.811212799625293,0.16161057431354,0.00788440605855668,0.748842855192465,Reject,"Z1, Z2, Z4, X5",2.11424056408371,0.16161057431354,-0.17936921689105,0.520689750934746,Accept,2.00136617265931,Reject,Accept,Accept,0.50276359586417
N/A,N/A,N/A,N/A,N/A,N/A,N/A,N/A,N/A,N/A,N/A,N/A,N/A,N/A,N/A,N/A,N/A
0.961885668245102,0.711064668267972,0.20260731899249,-0.150349979494403,0.727635011365275,Accept,"Z2, Z4",2.78863635231788,0.20260731899249,-0.134952570775848,0.537874638614667,Accept,2.09090397470654,Reject,Reject,Accept,1.30815470420319
2.06689882513487,1.22290885610205,0.390652105632176,-1.26583542516088,0.614877751814367,Accept,Z2,3.25242767366293,0.390652105632176,-0.271037364390354,0.958435156010205,Accept,2.55661252872261,Reject,Reject,Reject,1.56215011694835
1.52585563409797,0.872580077704655,0.244148032070432,-0.492453394944748,0.57816855606507,Accept,"Z1, Z2",2.72663501461988,0.244148032070432,-0.0954579508381447,0.571900238403114,Accept,2.25294207319752,Reject,Accept,Accept,1.37352203721996
N/A,N/A,N/A,N/A,N/A,N/A,N/A,N/A,N/A,N/A,N/A,N/A,N/A,N/A,N/A,N/A,N/A
N/A,N/A,N/A,N/A,N/A,N/A,N/A,N/A,N/A,N/A,N/A,N/A,N/A,N/A,N/A,N/A,N/A
0.719090381840335,0.780243847421025,0.457330270942404,-0.0185388263513394,0.774386011671193,Accept,"Z2, Z4",2.84137940471098,0.457330270942404,0.134812897876193,0.779851740695694,Reject,2.03309369223633,Reject,Reject,Accept,0.849396287398556
1.04271205931703,0.607989918285079,0.310676908149281,-0.351510500150874,0.993683153027372,Accept,Z2,2.22310371151284,0.310676908149281,-0.139342795451047,0.759118705376323,Accept,1.77561118712424,Reject,Accept,Accept,0.217394482664779
N/A,N/A,N/A,N/A,N/A,N/A,N/A,N/A,N/A,N/A,N/A,N/A,N/A,N/A,N/A,N/A,N/A
N/A,N/A,N/A,N/A,N/A,N/A,N/A,N/A,N/A,N/A,N/A,N/A,N/A,N/A,N/A,N/A,N/A
N/A,N/A,N/A,N/A,N/A,N/A,N/A,N/A,N/A,N/A,N/A,N/A,N/A,N/A,N/A,N/A,N/A
1.0177301550467,0.903065565534604,0.0551292177090232,-0.268101279536254,0.820404696339846,Accept,Z2,3.08340823300498,0.0551292177090232,-0.357569658024204,0.471015696227598,Accept,2.08785001419722,Reject,Accept,Accept,0.528798468036869
0.633166357352268,0.874373185198559,-0.0588894915559807,-0.398381256434562,0.90431955965851,Accept,"Z1, Z4",2.39342260599312,-0.0588894915559807,-0.545054341255824,0.398871870557101,Accept,1.99682604587503,Accept,Accept,Accept,1.03815672519453
N/A,N/A,N/A,N/A,N/A,N/A,N/A,N/A,N/A,N/A,N/A,N/A,N/A,N/A,N/A,N/A,N/A
0.356222755861965,0.905676073370459,0.101243655408059,-0.619075237849644,1.53889046698097,Accept,Z4,2.92289066972462,0.101243655408059,-0.279181383336656,0.459604304456999,Accept,1.59268136328606,Accept,Accept,Accept,1.33447885483933
2.66797302606267,1.28832728795728,0.12142327512966,-1.16806020055365,0.514095893926359,Accept,Z2,3.6218257439929,0.12142327512966,-0.288173384887438,0.57253621058186,Accept,2.43450156568664,Accept,Accept,Accept,0.980770900759161
0.456143257852776,0.838694038669532,0.253434957387163,-0.196111347485075,1.2217705193873,Accept,Z2,3.0154006451849,0.253434957387163,-0.144802334217712,0.649564501394521,Accept,1.84059250792053,Accept,Accept,Accept,1.50316762471222
0.340452518333142,0.899630709797146,0.138011884746573,-0.785261336810738,1.16556788671836,Accept,Z2,2.36575511154991,0.138011884746573,-0.400957765865975,0.682933540143424,Accept,1.76093374132224,Accept,Accept,Accept,1.22802018548266
2.79540381415905,1.24269469753901,-0.0465369958996763,-1.44451170365972,-0.0911214230653397,Reject,Z2,2.55332683634648,-0.0465369958996763,-0.502488631793344,0.420026585350517,Accept,2.02562363211173,Reject,Accept,Accept,0.583049951556666
0.760839072759919,0.958187602812501,0.114098139272544,-0.609331771572485,1.07900605428611,Accept,Z2,2.57437728864307,0.114098139272544,-0.461991338703053,0.658760377778457,Accept,2.4153945769012,Accept,Accept,Accept,1.36318419014101
N/A,N/A,N/A,N/A,N/A,N/A,N/A,N/A,N/A,N/A,N/A,N/A,N/A,N/A,N/A,N/A,N/A
N/A,N/A,N/A,N/A,N/A,N/A,N/A,N/A,N/A,N/A,N/A,N/A,N/A,N/A,N/A,N/A,N/A
N/A,N/A,N/A,N/A,N/A,N/A,N/A,N/A,N/A,N/A,N/A,N/A,N/A,N/A,N/A,N/A,N/A
1.04408914104565,0.718154887522311,0.430798603393274,0.0705524489050259,0.865116450967724,Reject,"Z2, Z4",2.82256871125289,0.430798603393274,0.0737235906298495,0.805003014927201,Reject,2.04232330049874,Accept,Accept,Accept,0.417543593966983
0.935051862171291,0.916405999141134,0.235346136706108,-0.413543788843843,0.983114299083912,Accept,Z2,2.82454825332366,0.235346136706108,-0.163768732942582,0.646276430537857,Accept,2.02957974832242,Accept,Accept,Accept,0.376328347874876
-0.500073928006386,0.420989493715342,0.289988176490392,-0.166582944096466,1.88970070243706,Accept,Z4,2.43623088658718,0.289988176490392,-0.121103989688219,0.694874316007214,Accept,1.58347356649912,Reject,Reject,Accept,0.496157237887637
1.02557038277684,0.59441884489229,0.157579153860334,-0.239094905724201,0.905738506825265,Accept,"Z2, Z4",2.93732109156857,0.157579153860334,-0.336127638692871,0.662471767346225,Accept,2.41581719093342,Accept,Accept,Accept,1.38796546131376
0.311376526237677,0.393262883283841,0.347955302318703,-0.00187223614064977,1.31006260946126,Accept,"Z4, X7",3.75754818532037,0.347955302318703,-0.126181737345301,0.839511094839084,Accept,1.99579998538704,Accept,Accept,Reject,1.78724621375953
N/A,N/A,N/A,N/A,N/A,N/A,N/A,N/A,N/A,N/A,N/A,N/A,N/A,N/A,N/A,N/A,N/A
-0.547690916392235,0.448578374460285,0.123913447973321,0.267859810621775,1.87986780291194,Reject,Z4,2.63662651367729,0.123913447973321,-0.274211472378469,0.503429928130985,Accept,1.80346114519968,Reject,Reject,Accept,1.30534816460584
N/A,N/A,N/A,N/A,N/A,N/A,N/A,N/A,N/A,N/A,N/A,N/A,N/A,N/A,N/A,N/A,N/A
1.84242657840864,0.915324905555023,-0.101883991601692,-0.692408631078644,0.618323947026543,Accept,X1,3.17850942479557,-0.101883991601692,-0.547218093294032,0.356351935746905,Accept,1.91846101679397,Reject,Reject,Accept,0.382708427669266
1.06469094028894,0.68295142832916,-0.0145036539277868,-0.401158391242109,0.842473157180775,Accept,"Z2, Z4",2.3091603842505,-0.0145036539277868,-0.426168570301046,0.372957246347003,Accept,1.51716015063909,Accept,Accept,Accept,0.904503599318371
1.37012611874509,1.03356282044991,0.233793433101101,-0.941303830259461,0.768517286160095,Accept,Z4,2.09831224471774,0.233793433101101,-0.14026671516386,0.613545485762932,Accept,1.56263170621778,Accept,Accept,Accept,0.332203877701668
0.672124489758513,0.81526846250373,0.451216287873434,-0.63288014875673,1.26428207431488,Accept,Z2,3.68718933121598,0.451216287873434,0.0178185115784598,0.878644276957191,Reject,1.96888851333947,Reject,Accept,Accept,0.756730882618771
0.34582887112948,0.730907261430307,0.0427712023236925,-0.115856205715909,1.06284849072783,Accept,"Z4, X1",2.81522029528897,0.0427712023236925,-0.419414395771583,0.455076659734818,Accept,1.609063401016,Accept,Accept,Accept,1.11454013794021
N/A,N/A,N/A,N/A,N/A,N/A,N/A,N/A,N/A,N/A,N/A,N/A,N/A,N/A,N/A,N/A,N/A
N/A,N/A,N/A,N/A,N/A,N/A,N/A,N/A,N/A,N/A,N/A,N/A,N/A,N/A,N/A,N/A,N/A
1.20051193219018,1.01310769932117,0.361256673472796,-0.62047860465659,0.675941874854593,Accept,"Z1, Z4",2.36143071420684,0.361256673472796,-0.132316391911418,0.825744834586507,Accept,1.93086759961387,Reject,Accept,Accept,0.79655278005878
0.774614685848612,0.720287014800257,0.26969014632693,-0.310567377067716,0.912712206908672,Accept,Z2,2.66421849488593,0.26969014632693,-0.0908079824070762,0.610651534570545,Accept,2.18929362815832,Accept,Accept,Accept,1.28494809976931
N/A,N/A,N/A,N/A,N/A,N/A,N/A,N/A,N/A,N/A,N/A,N/A,N/A,N/A,N/A,N/A,N/A
1.56914012300866,1.03159626729391,0.123748934180759,-0.987183149221515,0.472432134760089,Accept,"Z1, X4",3.52245618532655,0.123748934180759,-0.31923708923099,0.561101527730549,Accept,2.4315215278007,Reject,Accept,Accept,1.36007533932603
0.931162351198572,0.958278007212418,-0.0579949955405772,-0.221636785040707,0.610380052639972,Accept,"Z2, Z4",2.18096483932572,-0.0579949955405772,-0.462208500417438,0.34617963623861,Accept,2.04865949692533,Accept,Accept,Accept,1.10760582193632
-0.0654418830039842,0.60059791196881,0.381125867413858,0.306102362292478,1.29489489596122,Reject,"Z2, Z4",2.68306142240179,0.381125867413858,0.057614274822107,0.719005887468024,Reject,2.08160031498,Accept,Accept,Accept,1.33544055425903
1.6877764514239,0.863509248775641,0.0236290314508821,-0.670546468255747,0.550256071347306,Accept,Z2,3.51577100021685,0.0236290314508821,-0.395173648781975,0.447365542035796,Accept,2.03405194900447,Reject,Accept,Accept,1.52752927756603
1.82667912257889,1.00072293883886,-0.0592043759836434,-1.04557792438143,0.520172039772356,Accept,X5,2.46999489644409,-0.0592043759836434,-0.500053084996222,0.403979332064772,Accept,1.98383368258148,Reject,Reject,Accept,0.573418926332443
1.88174059196103,1.2185734568436,-0.0714902710147407,-0.816423170673534,0.386803869156184,Accept,Z2,2.51323053466029,-0.0714902710147407,-0.466548112554923,0.313237179218163,Accept,1.85018736868612,Accept,Accept,Accept,1.62345941614285
-0.810434260275148,0.544579872126362,0.489884142161846,0.0816987126309339,1.44552171942206,Reject,Z4,1.87975279374051,0.489884142161846,0.0356467847910383,0.969611874118989,Reject,1.87770459381041,Reject,Reject,Accept,0.911062161802847
0.814008193055295,0.925432701799968,0.14894053682753,-0.653352553641269,1.19439930679749,Accept,Z2,3.12074018166734,0.14894053682753,-0.379012388660441,0.708723848970419,Accept,2.32845642034938,Reject,Accept,Accept,0.841162296936368
0.864750313240284,0.765795155904752,-0.0478355160031083,-0.643310355319307,0.730963360127991,Accept,"Z4, X3",2.8704769820455,-0.0478355160031083,-0.488581281144775,0.374390881609778,Accept,1.845578325351,Accept,Accept,Accept,0.581050357539289
1.68224431862782,1.10026802016066,0.0448732340421152,-0.894276504641964,0.352133475077716,Accept,Z2,2.41181456391217,0.0448732340421152,-0.2775465167611,0.421364537655728,Accept,1.56653423598654,Reject,Accept,Accept,0.552145957969025
N/A,N/A,N/A,N/A,N/A,N/A,N/A,N/A,N/A,N/A,N/A,N/A,N/A,N/A,N/A,N/A,N/A
N/A,N/A,N/A,N/A,N/A,N/A,N/A,N/A,N/A,N/A,N/A,N/A,N/A,N/A,N/A,N/A,N/A
N/A,N/A,N/A,N/A,N/A,N/A,N/A,N/A,N/A,N/A,N/A,N/A,N/A,N/A,N/A,N/A,N/A
1.04904543287874,0.895065753230819,0.207759692953894,-0.408274520603661,0.679827024674761,Accept,"Z2, Z4",1.76381502210044,0.207759692953894,-0.213782234026312,0.608865590239565,Accept,1.92535133333205,Accept,Accept,Accept,0.921183884648942
0.912162244966972,0.793063881870434,-0.138746776347315,-0.218891344476799,0.631846789793845,Accept,"Z1, Z2, Z4",2.75051440761058,-0.138746776347315,-0.479064392837837,0.216556165558474,Accept,2.01076237569596,Accept,Accept,Accept,0.7567738280637
0.950047776100936,1.02735747073858,0.155914661267926,-0.284776179501565,0.666537404976777,Accept,"Z2, Z4",1.97228805784288,0.155914661267926,-0.202752766884653,0.525210759376721,Accept,1.95890263327669,Accept,Accept,Accept,1.00486859524226
2.61215828822582,1.23761160504543,-0.194076077536414,-1.33828676325309,-0.12813728603442,Reject,Z2,2.89736173015059,-0.194076077536414,-0.7231188403831,0.389998161094683,Accept,2.61374878190278,Reject,Accept,Accept,1.42943315594354
N/A,N/A,N/A,N/A,N/A,N/A,N/A,N/A,N/A,N/A,N/A,N/A,N/A,N/A,N/A,N/A,N/A
N/A,N/A,N/A,N/A,N/A,N/A,N/A,N/A,N/A,N/A,N/A,N/A,N/A,N/A,N/A,N/A,N/A
0.814321104706841,0.758042738341932,0.215728011615524,-0.360433446225575,0.813012323204406,Accept,"Z2, Z4",2.36855379596002,0.215728011615524,-0.187840154416527,0.620611365420595,Accept,2.0110171623796,Accept,Accept,Accept,0.746109130477194
1.2391183933295,1.05763882378661,0.192748014640074,-0.733476357536809,0.873846024351286,Accept,Z2,2.68467426900445,0.192748014640074,-0.24649308237992,0.608500134673479,Accept,1.99978664443263,Accept,Accept,Accept,1.30905675177325
N/A,N/A,N/A,N/A,N/A,N/A,N/A,N/A,N/A,N/A,N/A,N/A,N/A,N/A,N/A,N/A,N/A
0.626756270291109,0.815201861893465,0.337931545685655,-0.00496883698879466,0.734775086441642,Accept,"Z1, Z2, Z4",2.49328993770315,0.337931545685655,-0.011666208174356,0.69360227677202,Accept,2.2080286574542,Accept,Accept,Accept,0.319586539974511
1.44650687114346,0.97893165317178,0.024479489812666,-0.646259303498589,0.555610795413196,Accept,Z2,2.15656354916888,0.024479489812666,-0.349348601897477,0.358248499572395,Accept,1.45761698078362,Accept,Accept,Accept,0.873576628247468
N/A,N/A,N/A,N/A,N/A,N/A,N/A,N/A,N/A,N/A,N/A,N/A,N/A,N/A,N/A,N/A,N/A
2.00906216401408,1.11459700010674,0.0812404805949507,-1.05170862978576,0.647289789741238,Accept,Z2,3.84441320658621,0.0812404805949507,-0.381072981053808,0.548793482774921,Accept,2.49564998388089,Accept,Accept,Accept,0.977440274916845
N/A,N/A,N/A,N/A,N/A,N/A,N/A,N/A,N/A,N/A,N/A,N/A,N/A,N/A,N/A,N/A,N/A
-0.377393313924529,0.677114690006861,0.338145098612281,-0.361050518891316,1.60256782183214,Accept,X7,2.61652866919649,0.338145098612281,-0.134020696259681,0.796632117649221,Accept,1.66034740380913,Reject,Accept,Accept,0.922854663293067
N/A,N/A,N/A,N/A,N/A,N/A,N/A,N/A,N/A,N/A,N/A,N/A,N/A,N/A,N/A,N/A,N/A
0.586194778053647,0.756912446864754,0.32022725755595,-0.157475229184081,0.852871705406593,Accept,"Z2, Z4",2.12139740182577,0.32022725755595,-0.139569005609477,0.723162538434516,Accept,1.98403420000145,Accept,Accept,Accept,1.28329174387883
1.60827116660701,1.11538437694711,0.0864098531410379,-0.816798798421804,0.668327118559391,Accept,Z2,3.7584635820497,0.0864098531410379,-0.359435307969586,0.52378565168228,Accept,2.48465043065886,Accept,Accept,Accept,1.32467733851466
N/A,N/A,N/A,N/A,N/A,N/A,N/A,N/A,N/A,N/A,N/A,N/A,N/A,N/A,N/A,N/A,N/A
1.47006653429445,0.866891400054545,-0.0442792669623281,-0.532578328554697,1.28177577325959,Accept,Z4,3.95440333438315,-0.0442792669623281,-0.491806309545412,0.429955345448157,Accept,2.87496102314336,Accept,Accept,Accept,1.28585460641124
1.29258099600624,0.776535806907793,0.102853222447761,-0.269164107852775,0.480733054684115,Accept,"Z1, Z4, X9",2.87792413689375,0.102853222447761,-0.184435799127349,0.378127396688838,Accept,1.80669146471482,Accept,Accept,Reject,1.34593407410418
0.513146302030337,0.639939961384132,0.570918357229091,-0.0605422918211461,1.13207927831055,Accept,"Z2, Z4",2.19574664977264,0.570918357229091,0.152689447414618,0.998621287235186,Reject,2.15710958903379,Reject,Reject,Reject,1.87007345391846
N/A,N/A,N/A,N/A,N/A,N/A,N/A,N/A,N/A,N/A,N/A,N/A,N/A,N/A,N/A,N/A,N/A
0.9575327722381,0.855058070374441,-0.0120748323307715,-0.548007931338757,0.722408558188551,Accept,Z2,2.46242290540725,-0.0120748323307715,-0.359478908068824,0.345336084100069,Accept,2.37968867793602,Accept,Accept,Accept,0.368273994869012
N/A,N/A,N/A,N/A,N/A,N/A,N/A,N/A,N/A,N/A,N/A,N/A,N/A,N/A,N/A,N/A,N/A
0.707650204000049,0.807826710845895,0.0636410349174205,-0.39766213860977,0.60748380981199,Accept,"Z2, Z4",1.89614781604286,0.0636410349174205,-0.297006413844506,0.478893952241753,Accept,1.6226738770522,Accept,Accept,Reject,1.41083480511312
1.68876135040213,1.13092156759144,-0.0550749461077277,-1.40912095817068,0.460116509725908,Accept,Z2,2.51730599510316,-0.0550749461077277,-0.617724442608335,0.543371181375011,Accept,2.20974887670938,Reject,Accept,Accept,1.17299361431636
N/A,N/A,N/A,N/A,N/A,N/A,N/A,N/A,N/A,N/A,N/A,N/A,N/A,N/A,N/A,N/A,N/A
N/A,N/A,N/A,N/A,N/A,N/A,N/A,N/A,N/A,N/A,N/A,N/A,N/A,N/A,N/A,N/A,N/A
0.367709833111348,0.829549525288995,0.131461844788459,-0.25532457922686,0.888142750512892,Accept,"Z2, Z4",3.00913718046101,0.131461844788459,-0.280031489706356,0.553295484664459,Accept,1.88975261859627,Reject,Accept,Accept,0.397798156549963
0.699673059528582,0.65817691467915,0.220379439512128,0.031367663915249,0.745762901941638,Reject,"Z1, Z4, X10",2.51571307233523,0.220379439512128,-0.0733989399285389,0.555030401941794,Accept,1.80375481627142,Reject,Reject,Accept,0.794558441159212
1.22123911566362,1.06409923829256,0.12251045501432,-1.15771040810908,0.644085770442385,Accept,Z1,2.68940262053406,0.12251045501432,-0.239608680257004,0.504618895237862,Accept,1.68504379536325,Reject,Accept,Accept,0.785439729278257
1.16794470071206,0.965630551051625,0.22983102107047,-0.186755027010063,0.732694351303861,Accept,"Z2, Z4",2.41622836580184,0.22983102107047,-0.124143425528401,0.600217072598803,Accept,2.08103872296465,Accept,Accept,Accept,0.622795548485972
1.09676426132473,0.591434246465373,0.40657364703259,0.015121234782567,0.917785034445808,Reject,"Z2, Z4",3.83309728429385,0.40657364703259,0.0574025161161798,0.774526184832626,Reject,2.65362366450974,Reject,Accept,Accept,1.28744832196902
-0.397077583628639,0.470663028903415,0.558845571383565,0.0748831444722763,1.14523130640251,Reject,"Z1, Z2, Z4",2.14284923429903,0.558845571383565,0.0365805130637389,1.0360967589028,Reject,1.95463227705472,Accept,Accept,Reject,1.59950843707404
N/A,N/A,N/A,N/A,N/A,N/A,N/A,N/A,N/A,N/A,N/A,N/A,N/A,N/A,N/A,N/A,N/A
0.479784528031687,0.723805467004484,0.289691158656467,-0.136454203126433,1.01409262002543,Accept,"Z2, Z4",2.46940523253211,0.289691158656467,-0.152476966912358,0.73160040981005,Accept,1.93701023001279,Accept,Accept,Accept,0.753080617756627
1.60009376035455,0.846157852907952,0.423060797481852,-0.759977297178766,1.00109708531009,Accept,Z2,3.3862689110805,0.423060797481852,-0.0824843261238067,0.945755485696047,Accept,2.58547453945726,Accept,Accept,Accept,0.858691812111642
1.62320679640773,1.06891052357457,0.264914045622884,-0.640223046332784,0.440814634328599,Accept,Z2,1.9735670256613,0.264914045622884,-0.144407503046204,0.6661501752371,Accept,1.88508777339152,Accept,Accept,Accept,0.31606923287968
1.91668316701216,0.900550297105748,0.0849427358678376,-0.611444409290207,0.563862288909311,Accept,"Z2, Z4",3.0638242795017,0.0849427358678376,-0.364430014692404,0.54992368666442,Accept,2.41547114876959,Accept,Accept,Accept,0.345290182399686
N/A,N/A,N/A,N/A,N/A,N/A,N/A,N/A,N/A,N/A,N/A,N/A,N/A,N/A,N/A,N/A,N/A
N/A,N/A,N/A,N/A,N/A,N/A,N/A,N/A,N/A,N/A,N/A,N/A,N/A,N/A,N/A,N/A,N/A
N/A,N/A,N/A,N/A,N/A,N/A,N/A,N/A,N/A,N/A,N/A,N/A,N/A,N/A,N/A,N/A,N/A
1.40837370787227,0.86455867491121,0.0212663512879746,-0.427617376838933,0.488268404186939,Accept,Z2,2.34115575316886,0.0212663512879746,-0.278668619221618,0.294139881555434,Accept,1.56697809030919,Reject,Accept,Accept,0.683079613729166
1.30569600038019,1.0389481106729,0.123406749822673,-0.880694381401181,0.878312261566082,Accept,Z4,2.2456078575378,0.123406749822673,-0.543801478287607,0.752692896159362,Accept,2.1256042437587,Accept,Accept,Accept,0.672005369795151
0.808859730949508,0.870516788317101,0.0225572176119878,-0.412954078495222,0.514322849039142,Accept,"Z1, Z2, Z4",2.43470097583875,0.0225572176119878,-0.338671658179454,0.447990473437169,Accept,1.7383189491877,Reject,Accept,Accept,1.22796005928627
2.35164014816891,1.16905493083032,-0.237949774697125,-1.35053409343705,0.110915868414455,Accept,Z2,2.33519519591819,-0.237949774697125,-0.690826708296177,0.236768659449097,Accept,1.54125990067988,Reject,Accept,Accept,0.151120931634385
1.25607442485714,0.826404364248009,0.229668289885021,-0.139902096815882,0.574988097952163,Accept,"Z2, Z4",2.53676508991428,0.229668289885021,-0.0575638702791184,0.496745005249924,Accept,2.02009596698893,Accept,Accept,Accept,0.811487712902222
1.29537457727103,0.87655332279449,0.35686899340819,-0.888407457682252,0.879920937775654,Accept,Z2,2.08735059812314,0.35686899340819,-0.137251943064605,0.811203130807164,Accept,1.7068799280366,Accept,Accept,Accept,0.666176494801811
1.16876525348138,0.765008913476794,0.147470233105842,-0.166621451431945,0.652564575823608,Accept,"Z2, Z4",2.84131788931501,0.147470233105842,-0.143184014868993,0.440337516193411,Accept,1.98880279243524,Reject,Accept,Accept,1.07822317985199
N/A,N/A,N/A,N/A,N/A,N/A,N/A,N/A,N/A,N/A,N/A,N/A,N/A,N/A,N/A,N/A,N/A
N/A,N/A,N/A,N/A,N/A,N/A,N/A,N/A,N/A,N/A,N/A,N/A,N/A,N/A,N/A,N/A,N/A
N/A,N/A,N/A,N/A,N/A,N/A,N/A,N/A,N/A,N/A,N/A,N/A,N/A,N/A,N/A,N/A,N/A
2.63135560912688,1.10287508611443,-0.0101424252828997,-0.95989584573967,0.237815058119408,Accept,Z2,3.22489517733873,-0.0101424252828997,-0.490594553118989,0.459808390744852,Accept,2.30858972504745,Accept,Accept,Accept,0.966143908430548
N/A,N/A,N/A,N/A,N/A,N/A,N/A,N/A,N/A,N/A,N/A,N/A,N/A,N/A,N/A,N/A,N/A
1.01150087878101,0.966898942827073,0.0202800129510982,-0.410902698469015,0.54631273222413,Accept,"Z2, Z4",1.96186014785732,0.0202800129510982,-0.379722690715234,0.427445988169507,Accept,1.87895289256562,Accept,Accept,Accept,0.796225936287092
N/A,N/A,N/A,N/A,N/A,N/A,N/A,N/A,N/A,N/A,N/A,N/A,N/A,N/A,N/A,N/A,N/A
N/A,N/A,N/A,N/A,N/A,N/A,N/A,N/A,N/A,N/A,N/A,N/A,N/A,N/A,N/A,N/A,N/A
N/A,N/A,N/A,N/A,N/A,N/A,N/A,N/A,N/A,N/A,N/A,N/A,N/A,N/A,N/A,N/A,N/A
0.736969751064198,0.865620671354157,0.175850614309106,-0.324124260452602,0.533541664814528,Accept,"Z1, Z2, Z4",1.9633038287432,0.175850614309106,-0.213906644143921,0.557066514337155,Accept,1.7414205221587,Reject,Accept,Accept,0.836668879299923
N/A,N/A,N/A,N/A,N/A,N/A,N/A,N/A,N/A,N/A,N/A,N/A,N/A,N/A,N/A,N/A,N/A
0.753966291456111,0.780093902812925,0.166042482457768,-0.060029398239817,0.712197475097908,Accept,"Z1, Z2, Z4",2.06563967324812,0.166042482457768,-0.212526944405468,0.540889170600733,Accept,1.71316120845041,Reject,Accept,Reject,1.57833441567032
0.951535989358765,0.909850274899175,0.0818372679590616,-0.398716035411533,0.348981449539822,Accept,"Z1, Z2, Z4",1.23294969957687,0.0818372679590616,-0.257859559524351,0.407782394085299,Accept,1.33826336336194,Accept,Accept,Accept,1.02144966753241
N/A,N/A,N/A,N/A,N/A,N/A,N/A,N/A,N/A,N/A,N/A,N/A,N/A,N/A,N/A,N/A,N/A
N/A,N/A,N/A,N/A,N/A,N/A,N/A,N/A,N/A,N/A,N/A,N/A,N/A,N/A,N/A,N/A,N/A
0.859813435355256,0.810214029019688,0.0180220471931754,-0.733404464536342,0.991186769431201,Accept,Z4,3.011618847559,0.0180220471931754,-0.359574003374334,0.395181565545813,Accept,1.65794591034488,Accept,Accept,Accept,0.805385370534254
N/A,N/A,N/A,N/A,N/A,N/A,N/A,N/A,N/A,N/A,N/A,N/A,N/A,N/A,N/A,N/A,N/A
0.925381254389406,0.823798295753668,0.299799917383099,-0.245863210617022,0.858415464580189,Accept,"Z2, Z4",2.80236391611599,0.299799917383099,-0.17039983954356,0.73940380246491,Accept,2.42507803586642,Accept,Accept,Accept,1.15657127102343
N/A,N/A,N/A,N/A,N/A,N/A,N/A,N/A,N/A,N/A,N/A,N/A,N/A,N/A,N/A,N/A,N/A
0.277852922054323,0.72751112917086,0.186966513038254,-0.0284821936943323,0.936033374800462,Accept,"Z2, Z4",1.55600196926198,0.186966513038254,-0.153325926992386,0.535831288215713,Accept,1.65031107351195,Accept,Accept,Accept,1.43869544310298
N/A,N/A,N/A,N/A,N/A,N/A,N/A,N/A,N/A,N/A,N/A,N/A,N/A,N/A,N/A,N/A,N/A
1.00436016325063,0.616717665091596,0.329484609157341,-0.176932988105123,0.930738939768262,Accept,"Z2, Z4",2.88382147468312,0.329484609157341,-0.0587491481015424,0.697943511293261,Accept,1.95379875093451,Accept,Accept,Accept,0.945144498704703
2.02905859227247,1.21142057911598,-0.0707333963658527,-1.14315571066593,0.305462069820611,Accept,Z2,3.48555617300016,-0.0707333963658527,-0.568197486942947,0.421655026940458,Accept,2.47479587174197,Accept,Accept,Accept,0.676538068854971
1.00311647636309,0.891472342263651,-0.0225555652475918,-0.39250911245615,0.413583755294019,Accept,"Z1, Z4, X6",2.19328831405278,-0.0225555652475918,-0.382773048659538,0.318187119544388,Accept,1.6015663250863,Accept,Accept,Accept,0.553615046246004
1.28868564976162,0.852349445931304,0.214131493613319,-0.648751326869301,0.78809078433617,Accept,Z4,2.58265707676807,0.214131493613319,-0.195584779520183,0.625030018598397,Accept,1.56867845585089,Accept,Accept,Accept,0.887372191582619
0.964896892664261,0.790768007862517,0.161639622495413,-0.289856268530225,0.788037952266483,Accept,"Z1, Z4, X7",2.46361365002526,0.161639622495413,-0.334669706137196,0.615896653888877,Accept,1.95474432623674,Accept,Accept,Reject,1.44833229295295
N/A,N/A,N/A,N/A,N/A,N/A,N/A,N/A,N/A,N/A,N/A,N/A,N/A,N/A,N/A,N/A,N/A
1.34160726678146,0.932734979000125,0.101391513982403,-0.437849849936389,0.576864923845391,Accept,"Z1, Z4",2.36399709358815,0.101391513982403,-0.346903585025855,0.556283495825024,Accept,2.47700189914945,Reject,Accept,Reject,1.68449597068858
N/A,N/A,N/A,N/A,N/A,N/A,N/A,N/A,N/A,N/A,N/A,N/A,N/A,N/A,N/A,N/A,N/A
N/A,N/A,N/A,N/A,N/A,N/A,N/A,N/A,N/A,N/A,N/A,N/A,N/A,N/A,N/A,N/A,N/A
-0.443581908824359,0.526111768673232,0.280698447903377,0.240298506556503,1.2534876801818,Reject,"Z2, Z4",2.41438369641408,0.280698447903377,-0.119098564756928,0.673471854204583,Accept,2.06331624269618,Reject,Accept,Accept,1.53019546450454
0.320155186847418,0.656162953135618,0.473009633467336,0.286969708211332,1.25688777070279,Reject,"Z2, Z4",2.43778418841377,0.473009633467336,0.101204805006772,0.829852711461175,Reject,1.82128709566102,Accept,Accept,Reject,1.68357585996076
-1.50556580157378,0.501243178498959,0.355651679766967,0.207675203380061,1.97690734749758,Reject,Z4,2.75791432035892,0.355651679766967,-0.176164101054972,0.8932272909075,Accept,2.03938606589146,Accept,Accept,Accept,1.11503642189016
N/A,N/A,N/A,N/A,N/A,N/A,N/A,N/A,N/A,N/A,N/A,N/A,N/A,N/A,N/A,N/A,N/A
N/A,N/A,N/A,N/A,N/A,N/A,N/A,N/A,N/A,N/A,N/A,N/A,N/A,N/A,N/A,N/A,N/A
N/A,N/A,N/A,N/A,N/A,N/A,N/A,N/A,N/A,N/A,N/A,N/A,N/A,N/A,N/A,N/A,N/A
1.98895778069095,1.18137684388823,-0.28817506574933,-0.944608952048476,0.152419055807144,Accept,"Z2, Z4",2.00563213909037,-0.28817506574933,-0.640239594147827,0.0613731044789778,Accept,1.47384706042376,Accept,Accept,Accept,1.32179128687261
0.221830832098488,0.805399547023797,0.329981224307869,-0.245187106611386,0.980127849037109,Accept,"Z2, Z4",2.30447433002312,0.329981224307869,-0.125379652548793,0.798760440195434,Accept,2.18589650709719,Accept,Accept,Accept,0.737845352063557
0.240775178076239,0.618109565779363,0.496960783272827,0.123592146102075,0.980266578947194,Reject,"Z1, Z4, X7",2.54226767309925,0.496960783272827,0.137336301346016,0.871372192812981,Reject,1.81035106366205,Accept,Accept,Accept,1.24389492567917
1.6862193184953,0.928412704436623,-0.0838175227616293,-0.351779853978213,0.664395415821441,Accept,"Z2, Z4",3.19150957743541,-0.0838175227616293,-0.499877453816016,0.350447465187356,Accept,2.60546375352831,Reject,Accept,Accept,0.462153556001893
2.02654409567879,1.18524388746896,-0.224704154163868,-0.96811016254961,0.486259784696713,Accept,Z2,2.60094334391033,-0.224704154163868,-0.726483609693364,0.271436692251996,Accept,2.37924042905066,Accept,Accept,Accept,0.784239979297135
N/A,N/A,N/A,N/A,N/A,N/A,N/A,N/A,N/A,N/A,N/A,N/A,N/A,N/A,N/A,N/A,N/A
0.265798273738333,0.604584175349717,0.146219775540333,-0.098070141793184,1.09883538016491,Accept,"Z4, X5",2.49978969219325,0.146219775540333,-0.403160069513134,0.726555150714575,Accept,2.15571342492386,Accept,Accept,Accept,0.543740997077729
0.388221353792541,0.756824902642781,0.448079585572278,0.097042005603544,1.05466915776856,Reject,"Z2, Z4",3.15434703893725,0.448079585572278,0.0266088496918634,0.852115813593941,Reject,2.50968577674248,Reject,Reject,Reject,2.11111110886028
0.73812172560066,0.715518243852297,0.386951460584704,-0.331427936144697,0.992377972035197,Accept,Z2,2.15084306883039,0.386951460584704,-0.0630063085732177,0.833177457069883,Accept,1.80101964506653,Reject,Accept,Accept,0.869831551042449
0.754980983583583,0.764630542463962,0.153950915119451,-0.0893593522152237,0.590929698295063,Accept,"Z1, Z2, Z4",1.84538011079163,0.153950915119451,-0.172364876162917,0.471638795305492,Accept,1.43649464274478,Accept,Accept,Accept,1.01803596579824
0.435154783411978,0.647507214298012,0.265375824844595,-0.260428294305227,1.26434502341093,Accept,Z4,3.2074797298959,0.265375824844595,-0.0981842962061974,0.671587355194378,Accept,2.08907781159787,Accept,Accept,Accept,1.05529903611258
N/A,N/A,N/A,N/A,N/A,N/A,N/A,N/A,N/A,N/A,N/A,N/A,N/A,N/A,N/A,N/A,N/A
1.22171376169759,0.920855499999921,0.0840949288166391,-0.69246406913106,0.512759031038555,Accept,Z2,2.15976359378578,0.0840949288166391,-0.299339854244318,0.491184282754597,Accept,1.64638195878609,Reject,Reject,Accept,0.523085728230568
N/A,N/A,N/A,N/A,N/A,N/A,N/A,N/A,N/A,N/A,N/A,N/A,N/A,N/A,N/A,N/A,N/A
N/A,N/A,N/A,N/A,N/A,N/A,N/A,N/A,N/A,N/A,N/A,N/A,N/A,N/A,N/A,N/A,N/A
N/A,N/A,N/A,N/A,N/A,N/A,N/A,N/A,N/A,N/A,N/A,N/A,N/A,N/A,N/A,N/A,N/A
1.08480379112866,1.05420364726966,0.0763831026229896,-0.857964611807119,0.678784084530366,Accept,Z2,2.12205710803128,0.0763831026229896,-0.390289391613329,0.555447517485056,Accept,1.78496171946011,Accept,Accept,Accept,0.531863409672709
1.84241053489315,1.14279424034806,-0.199929225880322,-0.870623339945884,0.466960723706742,Accept,Z2,2.56318646881053,-0.199929225880322,-0.622250026594176,0.206614081769498,Accept,2.06140678731354,Accept,Accept,Accept,0.1669663582528
0.245221201319774,0.556577296642705,0.42816879674947,0.147090782719032,1.17988014885776,Reject,"Z2, Z4",3.05782862951612,0.42816879674947,0.0292203730157609,0.812041603373845,Reject,2.36033637390735,Reject,Reject,Reject,1.78237384873416
0.65960355367025,0.738102247827044,0.142163501656998,-0.284380050202572,0.90827404260841,Accept,"Z2, Z4",2.38532005037284,0.142163501656998,-0.330152459806605,0.609436286017289,Accept,2.28921376010286,Accept,Accept,Accept,0.231779644980136
0.598229002362248,0.874871552347082,-0.0212107675415398,-0.144047976678625,0.678851536847466,Accept,"Z2, Z4",2.64647157851264,-0.0212107675415398,-0.365823321687629,0.35659372754985,Accept,1.75549039312471,Accept,Accept,Accept,1.16068641832029
2.04429571005369,1.09979474420501,0.609968064122712,-1.0926304770944,0.774581977732895,Accept,Z2,3.19354642324633,0.609968064122712,0.125217284338328,1.10759973620945,Reject,2.4841761294121,Reject,Accept,Accept,0.467411973133479
N/A,N/A,N/A,N/A,N/A,N/A,N/A,N/A,N/A,N/A,N/A,N/A,N/A,N/A,N/A,N/A,N/A
1.02542375781508,0.885288208929302,0.351594394202784,-0.35317759106844,0.517422716761873,Accept,"Z2, Z4",2.11993761455683,0.351594394202784,-0.0133821661300781,0.663563889759794,Accept,1.71947766664541,Reject,Accept,Accept,0.87331080752873
0.89526004825341,0.827635289855296,-0.0385296745201893,-0.397422216610908,0.960696920077458,Accept,Z2,2.68169845020221,-0.0385296745201893,-0.418503782161032,0.35493854417217,Accept,2.09459412035126,Accept,Accept,Accept,1.5238049148561
N/A,N/A,N/A,N/A,N/A,N/A,N/A,N/A,N/A,N/A,N/A,N/A,N/A,N/A,N/A,N/A,N/A
N/A,N/A,N/A,N/A,N/A,N/A,N/A,N/A,N/A,N/A,N/A,N/A,N/A,N/A,N/A,N/A,N/A
0.659050685514876,0.841445164562772,0.523821018595139,-0.364171778308054,0.913059866766016,Accept,"Z2, Z4",2.99239271073574,0.523821018595139,0.0583743414913572,0.989344822332732,Reject,2.35634987906268,Accept,Accept,Accept,0.113302321743285
0.93089728189334,0.75003083590214,0.322540324020439,-0.483719686704702,0.9983775923121,Accept,Z2,2.65426158620946,0.322540324020439,-0.147755694808943,0.764189052619002,Accept,2.06814858409221,Accept,Accept,Reject,1.42419611636152
1.11652280207275,0.699309944900799,0.314901333193318,-0.50719353714997,1.00560500407296,Accept,X1,4.12290418095105,0.314901333193318,-0.0861546669444533,0.684141019495774,Accept,2.33694140367352,Reject,Accept,Accept,1.28129375806747
N/A,N/A,N/A,N/A,N/A,N/A,N/A,N/A,N/A,N/A,N/A,N/A,N/A,N/A,N/A,N/A,N/A
0.938128743532097,0.514050427730706,0.303356574660696,-0.162976618952904,1.21279379690166,Accept,Z2,2.8325260790967,0.303356574660696,-0.178856233567457,0.784898755151602,Accept,2.31510711787649,Accept,Accept,Accept,1.27238594383119
N/A,N/A,N/A,N/A,N/A,N/A,N/A,N/A,N/A,N/A,N/A,N/A,N/A,N/A,N/A,N/A,N/A
N/A,N/A,N/A,N/A,N/A,N/A,N/A,N/A,N/A,N/A,N/A,N/A,N/A,N/A,N/A,N/A,N/A
1.3460691779653,0.778545936617107,0.347454575983603,-0.225704626529715,0.727626206299434,Accept,"Z2, Z4",2.79934362108843,0.347454575983603,-0.0560216730596947,0.74916254668589,Accept,2.19345479276304,Accept,Accept,Accept,0.60227297954873
N/A,N/A,N/A,N/A,N/A,N/A,N/A,N/A,N/A,N/A,N/A,N/A,N/A,N/A,N/A,N/A,N/A
N/A,N/A,N/A,N/A,N/A,N/A,N/A,N/A,N/A,N/A,N/A,N/A,N/A,N/A,N/A,N/A,N/A
N/A,N/A,N/A,N/A,N/A,N/A,N/A,N/A,N/A,N/A,N/A,N/A,N/A,N/A,N/A,N/A,N/A
N/A,N/A,N/A,N/A,N/A,N/A,N/A,N/A,N/A,N/A,N/A,N/A,N/A,N/A,N/A,N/A,N/A
N/A,N/A,N/A,N/A,N/A,N/A,N/A,N/A,N/A,N/A,N/A,N/A,N/A,N/A,N/A,N/A,N/A
1.19911391234719,1.02212662424821,0.148708754051234,-0.508544428210941,0.588350381979263,Accept,Z2,3.1560076558432,0.148708754051234,-0.191120043799074,0.479536532564609,Accept,2.27836536486986,Accept,Accept,Accept,1.30530723962318
1.49899579621801,0.967127968810528,0.107390311603729,-0.863470350067126,0.779347724681069,Accept,Z2,3.69107781727135,0.107390311603729,-0.305461928192435,0.524827514595226,Accept,2.23704254051862,Reject,Accept,Accept,1.23699959856275
1.68791123604408,0.78763479797674,0.165407562201611,-0.63386128206877,0.589806759152279,Accept,Z4,2.90267133904849,0.165407562201611,-0.282725432369057,0.595159645998797,Accept,1.99159987335379,Accept,Accept,Accept,1.0056184418842
0.733042938827201,0.569493633483039,0.354033490546549,-0.169805740460104,1.34951091516346,Accept,Z2,4.31441995850309,0.354033490546549,-0.0902268790819836,0.779785375964011,Accept,2.36365825903844,Accept,Accept,Accept,1.26401387875619
1.30735005379396,1.01222277918313,-0.0163986166673003,-0.993021701290127,0.640492556945784,Accept,Z2,3.01975767306547,-0.0163986166673003,-0.443839142383197,0.416167445439773,Accept,1.97049689827424,Accept,Accept,Accept,0.850483918815666
1.42689537840413,1.01461440553074,0.116073983505571,-0.657341950003131,0.883420583519691,Accept,Z2,3.08360664262147,0.116073983505571,-0.311184756688846,0.539903701263083,Accept,2.26643919971672,Accept,Accept,Accept,0.581294102678713
N/A,N/A,N/A,N/A,N/A,N/A,N/A,N/A,N/A,N/A,N/A,N/A,N/A,N/A,N/A,N/A,N/A
N/A,N/A,N/A,N/A,N/A,N/A,N/A,N/A,N/A,N/A,N/A,N/A,N/A,N/A,N/A,N/A,N/A
1.42994567452378,0.842185809630865,0.0398153232963448,-0.414420440207134,0.416328029677404,Accept,"Z1, Z2, Z4",2.91479180715891,0.0398153232963448,-0.280127639321333,0.358322708808296,Accept,1.88375784607972,Accept,Accept,Reject,1.65090723424079
N/A,N/A,N/A,N/A,N/A,N/A,N/A,N/A,N/A,N/A,N/A,N/A,N/A,N/A,N/A,N/A,N/A
N/A,N/A,N/A,N/A,N/A,N/A,N/A,N/A,N/A,N/A,N/A,N/A,N/A,N/A,N/A,N/A,N/A
1.38518830713164,0.949533339372136,0.0178315560579086,-0.550687477107358,0.658795775474087,Accept,"Z2, Z4",3.09479004240734,0.0178315560579086,-0.364930934106166,0.460265012433523,Accept,2.40750039269631,Accept,Accept,Accept,0.986485158520762
0.871828503485234,0.834839864543644,0.128416200808131,-0.237169972273991,0.836268397155477,Accept,"Z2, Z4",2.44042362968683,0.128416200808131,-0.346124362115291,0.640587913881386,Accept,2.55840879814591,Reject,Accept,Accept,0.982275846716493
-0.0804717150976448,0.577828762592654,-0.185294770159801,-0.292831931901531,1.49532572594652,Accept,Z4,3.52017861048894,-0.185294770159801,-0.763329361704808,0.353369217673602,Accept,2.6046134386631,Accept,Accept,Accept,0.795863972734356
0.719951858666807,0.866404395271544,0.526776832682113,-0.283578577258163,0.824949772626174,Accept,"Z1, Z2, Z4",2.29281501342038,0.526776832682113,0.0905209260521148,0.9612097136371,Reject,1.92142085482954,Reject,Accept,Accept,0.379812956639272
N/A,N/A,N/A,N/A,N/A,N/A,N/A,N/A,N/A,N/A,N/A,N/A,N/A,N/A,N/A,N/A,N/A
1.26071283605527,0.509775228201857,0.27339755529181,-0.264388566790518,1.20557466096529,Accept,Z4,3.43596519292419,0.27339755529181,-0.0924819891675408,0.623596203667422,Accept,1.89895321798935,Accept,Accept,Accept,0.549500952847269
0.318751051314756,0.741742444959048,0.690501737883295,-0.285815482470949,1.38251065273998,Accept,Z2,3.4907348551736,0.690501737883295,0.256959418211644,1.07407321829825,Reject,2.31858465182952,Reject,Accept,Reject,1.62979046536654
N/A,N/A,N/A,N/A,N/A,N/A,N/A,N/A,N/A,N/A,N/A,N/A,N/A,N/A,N/A,N/A,N/A
0.314896330389097,0.668331445664593,0.2824403387754,-0.0951365644701202,1.56943011148819,Accept,Z4,2.98039193295758,0.2824403387754,-0.199660064189336,0.824095014462388,Accept,2.70708356993584,Accept,Accept,Accept,1.4515016604689
1.54466722830172,0.875635760798702,-0.307966298671111,-0.764109253972402,0.340272159873106,Accept,"Z3, Z4, X3",2.19676250894095,-0.307966298671111,-0.845703564196086,0.275726404851106,Accept,1.86921506246888,Accept,Accept,Accept,1.14444989900099
N/A,N/A,N/A,N/A,N/A,N/A,N/A,N/A,N/A,N/A,N/A,N/A,N/A,N/A,N/A,N/A,N/A
0.590875781561093,0.744066840950146,0.156028878867838,0.00567187066910994,0.775126588955993,Reject,"Z1, Z2, Z4",2.27041245696607,0.156028878867838,-0.142301536610963,0.433789101066796,Accept,1.81184386275535,Accept,Accept,Accept,0.27902954431306
0.207207264783161,0.873712517503615,0.00684322545370797,-0.274801567899803,0.765759494504677,Accept,"Z2, Z4",2.12428807350489,0.00684322545370797,-0.287707473043434,0.27518791966507,Accept,1.49116987038773,Accept,Accept,Accept,0.932381445416381
-0.859483745711659,0.30250320783073,0.715255303938009,0.733440452354565,2.154169679568,Reject,Z4,3.82323723157113,0.715255303938009,0.197669248339465,1.18961643967913,Reject,2.72351264030485,Reject,Reject,Accept,1.53970146980658
N/A,N/A,N/A,N/A,N/A,N/A,N/A,N/A,N/A,N/A,N/A,N/A,N/A,N/A,N/A,N/A,N/A
0.898493207753299,0.906592098893804,0.504445778233268,-0.904479770866549,0.976179005728309,Accept,Z2,2.3535397329183,0.504445778233268,0.0420272802297982,0.981931774738734,Reject,1.65567939594768,Accept,Accept,Accept,1.14303156172385
0.990579229711313,0.936982299512512,0.12139896440039,-0.296011403062109,0.535653539313431,Accept,"Z1, Z2, Z4",2.10776195209506,0.12139896440039,-0.265368703049633,0.47066706752763,Accept,1.6693058383853,Accept,Accept,Accept,1.25504964756865
0.840158240800382,0.967470110590079,0.386377785165164,-0.41280967202837,1.05819130789092,Accept,Z4,2.96248203015148,0.386377785165164,-0.0630118664452677,0.828986715474385,Accept,2.07495338236312,Reject,Accept,Accept,1.05537547403402
-0.14627669919194,0.365146357871965,0.262186174672358,0.224323364257251,1.41426519966907,Reject,"Z2, Z4",2.26339786547658,0.262186174672358,-0.201435312920371,0.74144560011998,Accept,2.28970897575186,Accept,Accept,Accept,1.0413383930882
N/A,N/A,N/A,N/A,N/A,N/A,N/A,N/A,N/A,N/A,N/A,N/A,N/A,N/A,N/A,N/A,N/A
-0.119111499029605,0.683813478485343,0.465672877473063,0.0342444598882336,0.897674141196286,Reject,"Z1, Z2, Z4",1.46726216904353,0.465672877473063,0.105345589075969,0.867438590317103,Reject,1.5001583747356,Accept,Accept,Reject,1.51555204714537
0.0802749214492166,0.420818781105674,0.18802449631407,0.015607343416149,1.70516443494679,Reject,Z4,3.04115808425234,0.18802449631407,-0.321517375452759,0.746475676477049,Accept,2.26631480268224,Reject,Accept,Accept,0.662690043236696
-0.915898406502787,0.554701526431359,0.512810877313825,0.351997231208976,1.59937277739535,Reject,"Z2, Z4",2.2477677309682,0.512810877313825,0.10725264608084,0.951621550936439,Reject,1.69515567070976,Accept,Accept,Accept,1.15421950981451
1.09490236166422,0.740987235139277,-0.0356796272003258,-0.432517038576366,1.18064128696696,Accept,Z1,4.07151229777186,-0.0356796272003258,-0.483028804543668,0.399949699805573,Accept,2.11222987404252,Accept,Accept,Accept,1.78906140462632
N/A,N/A,N/A,N/A,N/A,N/A,N/A,N/A,N/A,N/A,N/A,N/A,N/A,N/A,N/A,N/A,N/A
0.782635194196047,0.703694964610316,0.324434540291184,0.000243826384142679,1.07057732546449,Reject,"Z2, Z4",2.88274856597238,0.324434540291184,-0.0310076502964568,0.68396105003668,Accept,2.61671855357801,Reject,Accept,Accept,0.723204474102379
0.978765050294749,0.866733204880458,-0.0335479105161183,-0.531968398994911,0.826515221879637,Accept,"Z2, Z4",3.12419307544573,-0.0335479105161183,-0.542854009229764,0.415066872010378,Accept,2.41695829285002,Accept,Accept,Accept,1.04548080842648
1.56784479197282,0.979623653258445,0.243250154799604,-0.666955065913996,0.482555817181787,Accept,"Z2, Z4",2.87448084574151,0.243250154799604,-0.278476837169487,0.715116918600316,Accept,2.22304691104965,Accept,Accept,Accept,0.7099539942213
N/A,N/A,N/A,N/A,N/A,N/A,N/A,N/A,N/A,N/A,N/A,N/A,N/A,N/A,N/A,N/A,N/A
2.37369075584063,1.22230957202813,-0.0347571913116198,-1.40254492814774,0.477836785136975,Accept,Z4,4.37871146219684,-0.0347571913116198,-0.445642697364088,0.387437718420088,Accept,2.37325867805243,Accept,Accept,Accept,1.50363814218384
N/A,N/A,N/A,N/A,N/A,N/A,N/A,N/A,N/A,N/A,N/A,N/A,N/A,N/A,N/A,N/A,N/A
0.94321860153806,0.80879541255885,0.431901444348552,-0.379832621220397,0.816901850766901,Accept,"Z2, Z4",3.03650386528873,0.431901444348552,-0.109248634918794,0.952086545139657,Accept,2.81152423166354,Accept,Accept,Accept,1.43495535468477
N/A,N/A,N/A,N/A,N/A,N/A,N/A,N/A,N/A,N/A,N/A,N/A,N/A,N/A,N/A,N/A,N/A
0.338420936010646,0.713573587170408,0.186129445254518,-0.0965361425056664,1.32414027225902,Accept,Z2,2.72985502539945,0.186129445254518,-0.255018972695642,0.635520087291018,Accept,1.72352303021415,Reject,Accept,Accept,1.19831559405887
0.759688085946488,0.800809393480899,-0.315061949973685,-0.739627643831597,1.2903515537692,Accept,Z1,2.77356765974417,-0.315061949973685,-0.847403156777168,0.184800386305211,Accept,2.25495133956483,Accept,Accept,Accept,0.331700031999906
N/A,N/A,N/A,N/A,N/A,N/A,N/A,N/A,N/A,N/A,N/A,N/A,N/A,N/A,N/A,N/A,N/A
1.11515431139987,0.941586612473558,0.0932879782953227,-0.730496191698146,0.708947998780864,Accept,Z4,2.06953419487214,0.0932879782953227,-0.255837199323655,0.438691797388772,Accept,1.48661427986894,Accept,Accept,Accept,0.458580168345051
1.09860254343852,0.854130125924978,0.263693763513124,-0.0136244907859141,0.867318257008466,Accept,"Z2, Z4",2.74167986439285,0.263693763513124,-0.102926536340065,0.644554084872894,Accept,2.63473490842262,Reject,Accept,Reject,1.91527931910789
N/A,N/A,N/A,N/A,N/A,N/A,N/A,N/A,N/A,N/A,N/A,N/A,N/A,N/A,N/A,N/A,N/A
0.865989027699559,0.866545539197324,0.273298931259701,-0.283008381874768,0.826870087790493,Accept,"Z2, Z4",1.92034387653087,0.273298931259701,-0.197836240481838,0.75556046543903,Accept,2.11806528168992,Accept,Accept,Accept,1.31597229550139
0.792475638896861,0.731336748185377,0.182865459510855,-0.0103739734484695,0.932841609513193,Accept,"Z1, Z2, Z4",3.15055927399074,0.182865459510855,-0.265206234369099,0.652958717217273,Accept,3.03060976508121,Reject,Reject,Accept,1.23334164930289
N/A,N/A,N/A,N/A,N/A,N/A,N/A,N/A,N/A,N/A,N/A,N/A,N/A,N/A,N/A,N/A,N/A
N/A,N/A,N/A,N/A,N/A,N/A,N/A,N/A,N/A,N/A,N/A,N/A,N/A,N/A,N/A,N/A,N/A
-0.448907996492908,0.638059074400858,0.332025951300684,-0.0163893619928095,1.72428680823902,Accept,Z2,2.58302904948983,0.332025951300684,-0.206601229773355,0.882938168015155,Accept,2.101418623336,Reject,Accept,Accept,0.857930070860589
1.42473278940129,1.09125415235082,-0.0704452846731229,-0.855188682511047,0.775314228812559,Accept,Z2,2.71130889508262,-0.0704452846731229,-0.541753803905665,0.425531352112815,Accept,2.04456923338514,Reject,Accept,Accept,0.943645601727564
2.34193645684653,1.02397773631017,-0.0930759395462426,-1.21032036941296,0.35573374550333,Accept,Z2,3.1536452996613,-0.0930759395462426,-0.474243598672683,0.258547400853305,Accept,2.0562333933599,Accept,Accept,Accept,0.540725558506601
2.7956247868634,1.20312979586597,-0.102334212245454,-1.5301791242002,-0.0574592752036721,Reject,Z2,3.01964082640885,-0.102334212245454,-0.486033940608656,0.293491915528726,Accept,2.4867851879489,Accept,Accept,Accept,1.3895301655672
N/A,N/A,N/A,N/A,N/A,N/A,N/A,N/A,N/A,N/A,N/A,N/A,N/A,N/A,N/A,N/A,N/A
1.26293687093472,0.559765121377837,0.553049198699332,0.0871887531855862,0.987753597364858,Reject,"Z2, Z4",2.63780292010647,0.553049198699332,0.176930115586738,0.89540886675848,Reject,2.42590730989239,Reject,Accept,Reject,1.55800716047542
1.19789852188064,0.804483270582912,0.0907877826521866,-0.334090104726615,0.723803420842908,Accept,"Z2, Z4",3.09777830266308,0.0907877826521866,-0.410299560287812,0.589615604871085,Accept,2.49739134262237,Accept,Accept,Reject,1.99518451310491
1.75648725594401,1.08898532974695,-0.331914989214429,-1.11362940256522,0.435364342507274,Accept,X4,2.96426791014804,-0.331914989214429,-0.712806842862127,0.0694301028604134,Accept,1.89375571437788,Accept,Accept,Accept,1.17849952941506
1.57579939399639,0.90495709074107,0.0386994131303362,-1.09377494719862,0.546502604989893,Accept,X8,3.24592642968973,0.0386994131303362,-0.381839523687923,0.43296715740415,Accept,1.83287173872354,Accept,Accept,Accept,0.791751596300381
N/A,N/A,N/A,N/A,N/A,N/A,N/A,N/A,N/A,N/A,N/A,N/A,N/A,N/A,N/A,N/A,N/A
N/A,N/A,N/A,N/A,N/A,N/A,N/A,N/A,N/A,N/A,N/A,N/A,N/A,N/A,N/A,N/A,N/A
1.28956375218659,0.694083465731328,0.130625494672237,-0.421984400174605,1.0150933755522,Accept,Z4,3.24221797651761,0.130625494672237,-0.248908979763942,0.50311569445552,Accept,2.25729083857978,Accept,Accept,Accept,1.14936532048636
0.0663623490480518,0.437621211708635,0.623284079751459,0.355579206394235,1.92514853862768,Reject,Z4,2.34945126328835,0.623284079751459,0.213461409288042,1.01583330573516,Reject,2.03821296328976,Reject,Reject,Reject,1.52616294990674
1.0663957601785,0.893376158168004,0.148961437848072,-0.387550727956128,0.543629836591905,Accept,"Z1, Z2, Z4",2.72546488684643,0.148961437848072,-0.28463217380097,0.562661206498964,Accept,2.33933977689993,Reject,Accept,Accept,1.18627929205099
1.96781803621654,1.14087656290395,0.328089695930655,-1.02071023426437,0.594561198147871,Accept,Z2,2.98246358676219,0.328089695930655,-0.101026339053531,0.76774166819864,Accept,2.41598290207512,Accept,Accept,Accept,0.767757927537091
N/A,N/A,N/A,N/A,N/A,N/A,N/A,N/A,N/A,N/A,N/A,N/A,N/A,N/A,N/A,N/A,N/A
0.394123025297602,0.907598119467253,0.244954608413965,-0.365190940324305,0.642765557799873,Accept,"Z4, X4",2.39292174103291,0.244954608413965,-0.125923257518679,0.576602821082377,Accept,1.94544104747345,Accept,Accept,Reject,1.30977453751089
1.10910462260452,0.911588896706525,0.145684862510013,-0.387021821811872,0.591741698561496,Accept,"Z2, Z4",2.5938058500532,0.145684862510013,-0.148426567270821,0.439728600085023,Accept,1.97822697845064,Accept,Accept,Accept,1.44106573809794
N/A,N/A,N/A,N/A,N/A,N/A,N/A,N/A,N/A,N/A,N/A,N/A,N/A,N/A,N/A,N/A,N/A
0.947288459461634,0.8350719610346,0.240169381246236,-0.231396898185585,0.667823121100158,Accept,"Z1, Z2, Z4",2.17980987281818,0.240169381246236,-0.143964983662629,0.685156506887888,Accept,1.73139179364063,Accept,Accept,Accept,0.967641550371242
N/A,N/A,N/A,N/A,N/A,N/A,N/A,N/A,N/A,N/A,N/A,N/A,N/A,N/A,N/A,N/A,N/A
0.462716837616904,0.760034091131252,0.293901640943988,-0.120927140211538,0.912850493456871,Accept,"Z1, Z4",2.00375040389582,0.293901640943988,-0.026068201171056,0.633130414176642,Accept,1.83844316720106,Accept,Accept,Accept,1.12184935158586
N/A,N/A,N/A,N/A,N/A,N/A,N/A,N/A,N/A,N/A,N/A,N/A,N/A,N/A,N/A,N/A,N/A
N/A,N/A,N/A,N/A,N/A,N/A,N/A,N/A,N/A,N/A,N/A,N/A,N/A,N/A,N/A,N/A,N/A
N/A,N/A,N/A,N/A,N/A,N/A,N/A,N/A,N/A,N/A,N/A,N/A,N/A,N/A,N/A,N/A,N/A
1.6093971972229,0.97788051658138,0.0364903602836869,-0.745182442760293,0.996474245354962,Accept,Z4,4.04657956607792,0.0364903602836869,-0.504487563393973,0.598410294384121,Accept,2.72015546599671,Accept,Accept,Accept,1.01967013401125
N/A,N/A,N/A,N/A,N/A,N/A,N/A,N/A,N/A,N/A,N/A,N/A,N/A,N/A,N/A,N/A,N/A
1.44728836453451,0.832961039382457,0.0309808583945783,-0.400071408306042,0.653449748307047,Accept,"Z2, Z4",1.96450037441861,0.0309808583945783,-0.396404235718734,0.455742253847147,Accept,1.87208936341545,Accept,Accept,Accept,0.0686060006633321
1.16602371981997,0.560754976431107,0.476582987721347,0.0720003640786053,0.81377546046802,Reject,"Z2, Z4",3.46062489377976,0.476582987721347,0.154486174582426,0.786449516977099,Reject,2.29208392216192,Accept,Accept,Accept,0.787517598701822
N/A,N/A,N/A,N/A,N/A,N/A,N/A,N/A,N/A,N/A,N/A,N/A,N/A,N/A,N/A,N/A,N/A
N/A,N/A,N/A,N/A,N/A,N/A,N/A,N/A,N/A,N/A,N/A,N/A,N/A,N/A,N/A,N/A,N/A
N/A,N/A,N/A,N/A,N/A,N/A,N/A,N/A,N/A,N/A,N/A,N/A,N/A,N/A,N/A,N/A,N/A
N/A,N/A,N/A,N/A,N/A,N/A,N/A,N/A,N/A,N/A,N/A,N/A,N/A,N/A,N/A,N/A,N/A
0.880072816889443,0.893457241148213,0.0171211045736508,-0.2249621679173,0.60727097847986,Accept,"Z2, Z4",2.66210551804811,0.0171211045736508,-0.338893956635269,0.390764420752414,Accept,2.00705975288688,Accept,Accept,Accept,0.356520916792807
N/A,N/A,N/A,N/A,N/A,N/A,N/A,N/A,N/A,N/A,N/A,N/A,N/A,N/A,N/A,N/A,N/A
N/A,N/A,N/A,N/A,N/A,N/A,N/A,N/A,N/A,N/A,N/A,N/A,N/A,N/A,N/A,N/A,N/A
N/A,N/A,N/A,N/A,N/A,N/A,N/A,N/A,N/A,N/A,N/A,N/A,N/A,N/A,N/A,N/A,N/A
N/A,N/A,N/A,N/A,N/A,N/A,N/A,N/A,N/A,N/A,N/A,N/A,N/A,N/A,N/A,N/A,N/A
2.28712882906726,1.26667657531863,0.0446186263177217,-1.41062484544655,0.0455631860303264,Accept,Z2,2.55439611717034,0.0446186263177217,-0.417673389655608,0.53108579059476,Accept,2.18494661944448,Accept,Accept,Accept,0.50968134765126
1.14300521257135,0.697256404053798,0.0601743672398957,-0.232983591285278,0.861732291944601,Accept,"Z2, Z4",3.37517412619956,0.0601743672398957,-0.377621489947515,0.490087413340441,Accept,2.4764296119776,Accept,Accept,Accept,1.42706508521716
N/A,N/A,N/A,N/A,N/A,N/A,N/A,N/A,N/A,N/A,N/A,N/A,N/A,N/A,N/A,N/A,N/A
N/A,N/A,N/A,N/A,N/A,N/A,N/A,N/A,N/A,N/A,N/A,N/A,N/A,N/A,N/A,N/A,N/A
0.70245497558095,0.7764971491321,0.318492180057045,-0.0776856751576827,0.802297893036317,Accept,"Z3, Z4, X5",2.14913806135495,0.318492180057045,-0.0582119538995968,0.708061126903445,Accept,1.78828772599394,Accept,Accept,Accept,1.42429665081902
N/A,N/A,N/A,N/A,N/A,N/A,N/A,N/A,N/A,N/A,N/A,N/A,N/A,N/A,N/A,N/A,N/A
N/A,N/A,N/A,N/A,N/A,N/A,N/A,N/A,N/A,N/A,N/A,N/A,N/A,N/A,N/A,N/A,N/A
N/A,N/A,N/A,N/A,N/A,N/A,N/A,N/A,N/A,N/A,N/A,N/A,N/A,N/A,N/A,N/A,N/A
0.682438717302044,0.848788590990352,-0.390092795557694,-0.403308250176564,0.646058203063471,Accept,Z2,2.97217800009504,-0.390092795557694,-0.739575161293681,-0.00231467652967592,Reject,2.36789900399421,Accept,Accept,Accept,1.68798145193946
0.720964922286638,0.766574855395003,0.109927630427562,-0.030746392560232,0.874975383766708,Accept,"Z2, Z4",2.7324847731457,0.109927630427562,-0.293384422848218,0.503257560096879,Accept,1.93638354196381,Accept,Accept,Accept,1.56071865491989
N/A,N/A,N/A,N/A,N/A,N/A,N/A,N/A,N/A,N/A,N/A,N/A,N/A,N/A,N/A,N/A,N/A
N/A,N/A,N/A,N/A,N/A,N/A,N/A,N/A,N/A,N/A,N/A,N/A,N/A,N/A,N/A,N/A,N/A
0.241290758102499,0.58961334529072,0.261349725994093,-0.130264838357486,1.0796348761165,Accept,"Z2, Z4",2.11150461341166,0.261349725994093,-0.182217749641102,0.719670305136103,Accept,1.627826019791,Reject,Accept,Accept,0.997267950561804
N/A,N/A,N/A,N/A,N/A,N/A,N/A,N/A,N/A,N/A,N/A,N/A,N/A,N/A,N/A,N/A,N/A
2.36440917705816,0.843968390657426,0.304113510709223,-0.940863680590438,0.528543480732173,Accept,Z4,4.86173756913158,0.304113510709223,-0.117596701201834,0.747712237297244,Accept,2.71900763785084,Accept,Accept,Accept,0.34431324314811
1.88896841967687,1.22305168505446,0.525412884140552,-1.17376976654434,0.515243966729155,Accept,Z2,2.70750389643667,0.525412884140552,0.157593182778424,0.88708378541811,Reject,2.14897579066939,Reject,Accept,Reject,1.47545821345128
N/A,N/A,N/A,N/A,N/A,N/A,N/A,N/A,N/A,N/A,N/A,N/A,N/A,N/A,N/A,N/A,N/A
1.49417521992853,1.04694635723762,0.0952389952836989,-0.506712547951885,0.59432117678382,Accept,"Z2, Z4",2.29440810595348,0.0952389952836989,-0.283206755630887,0.452499417976812,Accept,1.47842003399956,Accept,Accept,Accept,0.842612719768078
1.73889700479306,0.845354716503426,0.201898646403829,-0.708024628533884,0.760996632247377,Accept,Z2,3.27050310246698,0.201898646403829,-0.311753257832211,0.753525858151596,Accept,2.98897573240963,Accept,Accept,Accept,1.24367711218289
N/A,N/A,N/A,N/A,N/A,N/A,N/A,N/A,N/A,N/A,N/A,N/A,N/A,N/A,N/A,N/A,N/A
1.75340843799578,1.05698631473966,-0.0686782670111481,-0.643241966285641,0.356199836593481,Accept,"Z2, Z4",3.13340401818367,-0.0686782670111481,-0.385346872869534,0.22456552132738,Accept,2.04262657581277,Accept,Accept,Accept,1.41826366371953
0.868761740996491,0.888967409000837,0.115984264626096,-0.112750352620299,0.646799675071415,Accept,"Z2, Z4",3.06478941946914,0.115984264626096,-0.18795178726075,0.466156266281289,Accept,1.9115594255676,Accept,Accept,Accept,1.05154450679433
N/A,N/A,N/A,N/A,N/A,N/A,N/A,N/A,N/A,N/A,N/A,N/A,N/A,N/A,N/A,N/A,N/A
2.51151792453499,1.02080321799703,-0.181893197236238,-0.923750597271132,0.525157977533338,Accept,Z2,3.66445357069694,-0.181893197236238,-0.626527664851573,0.259691192834201,Accept,2.48284752555003,Reject,Accept,Accept,1.18864605943977
N/A,N/A,N/A,N/A,N/A,N/A,N/A,N/A,N/A,N/A,N/A,N/A,N/A,N/A,N/A,N/A,N/A
0.693989611400351,0.897069746859439,0.235849762911198,-0.360672677027295,0.617769892275661,Accept,"Z2, Z4",1.95057931014432,0.235849762911198,-0.1533855015092,0.625905098445213,Accept,1.70711381068484,Reject,Accept,Accept,0.805085434764726
1.15827865711895,1.02993574483974,-0.0379154402700285,-0.673633861872623,0.543286713668145,Accept,Z2,3.23380144579805,-0.0379154402700285,-0.361027432857463,0.262209790979835,Accept,1.89764178639807,Accept,Accept,Accept,0.399672852317533
N/A,N/A,N/A,N/A,N/A,N/A,N/A,N/A,N/A,N/A,N/A,N/A,N/A,N/A,N/A,N/A,N/A
1.72725384791388,1.00195067330967,-0.202738012040822,-0.654859292944651,0.213785803967164,Accept,"Z4, X4",2.08335470202213,-0.202738012040822,-0.592102964601745,0.182418727256619,Accept,1.9264230579885,Accept,Accept,Accept,1.02100545476044
1.52845460089195,1.18044796218721,0.0760311547966026,-0.992896378931194,0.652539774184821,Accept,Z2,3.27534973532263,0.0760311547966026,-0.334507273341618,0.520073334939359,Accept,2.01872440940538,Reject,Accept,Accept,1.1647716398431
0.867511723170195,0.74407813430633,0.326985295171715,-0.203509432136958,1.01311394814269,Accept,"Z2, Z4",2.27906066651843,0.326985295171715,-0.0939008176929196,0.762647441929955,Accept,1.93999418957513,Reject,Accept,Accept,0.648577575171813
0.654109639752354,0.918443856885389,-0.0926519220978655,-0.370567138654784,0.503099025904929,Accept,"Z3, Z4, X3",1.98837096759954,-0.0926519220978655,-0.395468147073549,0.212664135826337,Accept,1.62987963444356,Accept,Accept,Accept,2.14945263843795
0.759142902549723,0.913208966500956,-0.138309978491255,-0.332549219946973,0.676601908324315,Accept,"Z2, Z4",2.60138851551943,-0.138309978491255,-0.583495073616514,0.321957625747791,Accept,1.9240041297377,Accept,Accept,Accept,0.663315410129817
0.822755070682215,0.643042674128067,0.0249584439000029,-0.190345726592864,1.01677189896075,Accept,"Z2, Z4",2.82650291676277,0.0249584439000029,-0.411698243920551,0.447185057634924,Accept,2.61797896568847,Accept,Accept,Accept,0.880930978289016
1.2584116853629,1.12023903474516,-0.179445659978061,-0.876511301405401,1.02058225467353,Accept,Z4,2.59338251246927,-0.179445659978061,-0.620103294518508,0.241456539726236,Accept,1.97220656302421,Accept,Accept,Accept,1.2700472237293
-0.430269667348635,0.386387017271552,0.251888422581559,0.0996052918136048,1.91286990043496,Reject,Z4,3.5397919566028,0.251888422581559,-0.17485074623629,0.695339436760566,Accept,2.13229045859788,Accept,Accept,Accept,1.36148110080227
0.956905600540887,0.93292930355206,0.18533604083044,-0.983878255544672,0.929204261492897,Accept,X2,2.5578281558504,0.18533604083044,-0.35159593763808,0.707002215234949,Accept,1.88339932259122,Accept,Accept,Accept,1.12183735974622
2.06783054962929,0.976278037204613,0.0345974688924254,-0.916518918391244,0.430802756480937,Accept,Z2,2.37069233233223,0.0345974688924254,-0.458858544848209,0.535556181088112,Accept,2.27903917027157,Accept,Accept,Accept,0.283646684597564
1.25548717127233,0.835290249212128,0.0621996653360232,-0.229783085796288,0.674556952588946,Accept,"Z2, Z4",2.22883433176992,0.0621996653360232,-0.3079316363461,0.41141733418666,Accept,2.11464743377152,Accept,Accept,Accept,0.200190323565429
N/A,N/A,N/A,N/A,N/A,N/A,N/A,N/A,N/A,N/A,N/A,N/A,N/A,N/A,N/A,N/A,N/A
1.31852138534322,1.09047259875237,-0.163583849241075,-0.640703227966754,0.315156153485181,Accept,"Z2, Z4",2.33135421453525,-0.163583849241075,-0.522971831503933,0.166875699353656,Accept,1.76954389668549,Accept,Accept,Accept,0.842593230139267
1.48124698735514,0.95931549560487,-0.0331703371882584,-0.404886304662574,0.514916574925816,Accept,"Z2, Z4",2.37610158664257,-0.0331703371882584,-0.349393797398463,0.281970093679025,Accept,2.06057862643307,Accept,Accept,Accept,1.38007687323758
0.0390468023214776,0.605566048678556,0.424829755831435,0.138903658248262,1.1358036102627,Reject,"Z4, X5",2.90015597026009,0.424829755831435,0.0175404741227245,0.830456595623518,Reject,1.99333060832462,Reject,Reject,Reject,1.56270866160631
0.665308091372853,0.833243313204689,0.194963337872967,-0.194579185969285,0.906288207753699,Accept,Z2,2.29975305722365,0.194963337872967,-0.235470495789101,0.631410265928023,Accept,1.90839797227124,Accept,Accept,Accept,0.286064012279572
N/A,N/A,N/A,N/A,N/A,N/A,N/A,N/A,N/A,N/A,N/A,N/A,N/A,N/A,N/A,N/A,N/A
0.227731129221926,0.670647836465879,0.372334377989713,0.257334406711496,1.15258332436072,Reject,"Z2, Z4",3.089414189893,0.372334377989713,0.0139549673455428,0.747943449722052,Reject,2.33390436065012,Reject,Reject,Reject,1.96582650778503
0.264344026483901,0.693672731048772,0.31886329380991,-0.262985449641206,1.25629546785172,Accept,Z2,2.45547334665394,0.31886329380991,-0.205052960923473,0.853812254379006,Accept,2.20757214350663,Accept,Accept,Accept,0.670507799527011
N/A,N/A,N/A,N/A,N/A,N/A,N/A,N/A,N/A,N/A,N/A,N/A,N/A,N/A,N/A,N/A,N/A
-0.557014936032451,0.363610078284125,0.326920144694003,0.185002191393494,1.74107169407479,Reject,Z4,2.75751434579929,0.326920144694003,-0.0794969846838484,0.748276024419346,Accept,2.0863714825799,Accept,Accept,Reject,1.49810600193889
N/A,N/A,N/A,N/A,N/A,N/A,N/A,N/A,N/A,N/A,N/A,N/A,N/A,N/A,N/A,N/A,N/A
1.28672071495322,0.956581828331427,0.0817118456287989,-0.353700184667791,0.694333822164979,Accept,"Z2, Z4",2.65639380168686,0.0817118456287989,-0.339938275841652,0.445443048120727,Accept,1.95321160208545,Reject,Accept,Accept,0.592812349888955
1.75264246754496,0.926166278982612,0.117098524602007,-0.637645426652873,0.756707541646752,Accept,Z2,3.49560294584456,0.117098524602007,-0.36154058370815,0.586178194333512,Accept,2.52955745241125,Reject,Accept,Reject,1.51493674420173
0.227326767000797,0.625431947776229,0.174710695136792,-0.279609335437606,1.55699676761877,Accept,Z4,3.05108296024537,0.174710695136792,-0.233148992853572,0.567448929903275,Accept,1.73885717203803,Accept,Accept,Accept,0.592408506695298
1.33007513729385,1.06975762380252,-0.154495135128472,-0.585774728264792,0.306159241054118,Accept,"Z2, Z4",2.25580536401154,-0.154495135128472,-0.471523367411417,0.137196786076104,Accept,1.62724071265188,Accept,Accept,Accept,1.00947757202081
1.00570038819215,0.83936499957998,0.0623400391884747,-0.161742178421277,0.822454938606574,Accept,Z2,2.50455180319863,0.0623400391884747,-0.274561760532721,0.384340611611437,Accept,1.90359290418078,Accept,Accept,Accept,1.27889483299521
N/A,N/A,N/A,N/A,N/A,N/A,N/A,N/A,N/A,N/A,N/A,N/A,N/A,N/A,N/A,N/A,N/A
2.14467873389854,1.32889731013899,-0.0167057977937999,-1.3236926315806,0.480239404246094,Accept,Z2,3.07454015914149,-0.0167057977937999,-0.492681364727754,0.446844281125955,Accept,2.35890763817932,Accept,Accept,Accept,1.34192839758353
2.16607922499529,1.19506167334079,0.24829214183908,-1.53336763718495,0.353814217755334,Accept,Z1,2.78324292478234,0.24829214183908,-0.260171315743316,0.767439937177775,Accept,2.11385463083189,Accept,Accept,Accept,0.359867995888208
N/A,N/A,N/A,N/A,N/A,N/A,N/A,N/A,N/A,N/A,N/A,N/A,N/A,N/A,N/A,N/A,N/A
N/A,N/A,N/A,N/A,N/A,N/A,N/A,N/A,N/A,N/A,N/A,N/A,N/A,N/A,N/A,N/A,N/A
-0.479504786917554,0.346181117199889,0.513362719750801,0.127776008511777,1.74214824579091,Reject,Z4,2.99383046951505,0.513362719750801,-0.0379416685655602,1.0650070034993,Accept,2.39554282338299,Reject,Accept,Accept,0.894857085212662
0.840267099647166,0.70654725338478,0.321822634797727,-0.178700686900442,0.880943167142768,Accept,"Z2, Z4",2.15392212430067,0.321822634797727,-0.1599636147752,0.74044037662021,Accept,1.98375520023958,Accept,Accept,Accept,1.16118798668951
1.14334293664605,0.790830418210992,0.238719866766627,-0.0513219545637753,0.843191008772388,Accept,"Z2, Z4",3.37169355800133,0.238719866766627,-0.171736338635145,0.601961285120945,Accept,2.68182903896589,Accept,Accept,Accept,0.26027304001181
1.21178607179372,1.01915724696029,-0.0251861564276892,-0.906919196982607,0.636146148124162,Accept,Z2,3.12797367360917,-0.0251861564276892,-0.522516953177565,0.491351624809743,Accept,1.91641648325521,Accept,Accept,Accept,1.49507070932059
-0.131576401664794,0.617451290635949,0.118835199090903,0.263285072713817,1.36460882688613,Reject,"Z2, Z4",2.64036627260365,0.118835199090903,-0.274268091668177,0.528371208955581,Accept,1.86789195784089,Accept,Accept,Accept,0.815921737392252
N/A,N/A,N/A,N/A,N/A,N/A,N/A,N/A,N/A,N/A,N/A,N/A,N/A,N/A,N/A,N/A,N/A
1.13053121900362,0.940012442837778,0.157352362176052,-0.307317015793921,0.593818419966792,Accept,"Z2, Z4",2.4774409984212,0.157352362176052,-0.216742870449442,0.547187617728309,Accept,2.19242983789874,Accept,Accept,Accept,1.67930920455211
1.35730074625743,1.09869864027706,0.0464770696986016,-0.71004765233481,0.630339276350599,Accept,"Z2, Z4",2.25729560863094,0.0464770696986016,-0.504802544255063,0.570120028982351,Accept,2.14072074933523,Accept,Accept,Accept,1.05983975953712
1.0944833025845,0.39088175105694,0.664684783039826,-0.209970625617165,1.57399366981037,Accept,Z4,4.04731035974871,0.664684783039826,0.164917325616404,1.20837280199379,Reject,3.30473417830007,Reject,Accept,Accept,0.84015348863607
2.08770672421177,1.33493372385877,-0.347624127067198,-1.32971669779261,0.0217598818405466,Accept,X2,3.07241022921353,-0.347624127067198,-0.782954150585859,0.0958846256079805,Accept,2.10592818415849,Reject,Accept,Accept,1.16468581348481
1.0367222784796,0.918334960002095,0.239167143288866,-0.381007297976204,0.664915636105709,Accept,"Z2, Z4",2.8023631762258,0.239167143288866,-0.109110825731461,0.581871664846928,Accept,2.07852367954573,Reject,Accept,Accept,0.746041271916944
1.27317074964877,0.79823563172939,0.208123266771278,-0.220314131300403,0.511446124016198,Accept,"Z1, Z2, Z4",1.97355088692363,0.208123266771278,-0.12807886232602,0.528043598575113,Accept,1.94080016513151,Accept,Accept,Accept,1.40559056095329
N/A,N/A,N/A,N/A,N/A,N/A,N/A,N/A,N/A,N/A,N/A,N/A,N/A,N/A,N/A,N/A,N/A
N/A,N/A,N/A,N/A,N/A,N/A,N/A,N/A,N/A,N/A,N/A,N/A,N/A,N/A,N/A,N/A,N/A
2.50541584219251,1.27047158277925,0.232353655256693,-1.34758755679311,0.254133940822586,Accept,Z2,3.6336322662483,0.232353655256693,-0.232263130374656,0.696201426277869,Accept,2.57287566270098,Reject,Accept,Accept,0.74654812227945
N/A,N/A,N/A,N/A,N/A,N/A,N/A,N/A,N/A,N/A,N/A,N/A,N/A,N/A,N/A,N/A,N/A
0.161669023380303,0.619526609552542,0.543502315386512,0.113873617494905,1.24703856878753,Reject,"Z2, Z4",2.56450912994232,0.543502315386512,0.0667695252991183,0.997782335994729,Reject,1.88638348230814,Accept,Accept,Accept,1.35454982745975
1.122550516449,0.837243996016173,0.0968949136911857,-0.37100305691498,0.806496143126829,Accept,"Z2, Z4",2.69458377163554,0.0968949136911857,-0.327270586176739,0.525559141912932,Accept,2.24263464650536,Accept,Accept,Accept,0.383843787686595
N/A,N/A,N/A,N/A,N/A,N/A,N/A,N/A,N/A,N/A,N/A,N/A,N/A,N/A,N/A,N/A,N/A
2.03435618101107,0.998277993215086,-0.06188437426007,-0.47128649230975,0.211584739240443,Accept,"Z2, Z4",2.28154111160476,-0.06188437426007,-0.354998886744037,0.244616357691798,Accept,2.23683591751089,Accept,Accept,Accept,1.4454013627035
1.44512431360239,0.978309909780688,0.00668281338475658,-0.695184857526185,0.292143848387506,Accept,"Z1, Z2",1.99692810407241,0.00668281338475658,-0.343003199579963,0.345275920159511,Accept,1.56523589659202,Reject,Accept,Accept,1.3846833183253
N/A,N/A,N/A,N/A,N/A,N/A,N/A,N/A,N/A,N/A,N/A,N/A,N/A,N/A,N/A,N/A,N/A
0.893856784758576,0.942440284051229,-0.08769943492724,-0.353611690537981,0.465426862554101,Accept,"Z1, Z2, Z4",2.28743688550535,-0.08769943492724,-0.414170932739592,0.226728075289955,Accept,1.65122830717158,Accept,Accept,Accept,0.726508116358954
0.884309533194615,0.821602738295892,-0.110883001236355,-0.411167408276516,0.691775009675848,Accept,"Z2, Z4",3.4756542733031,-0.110883001236355,-0.4724874848896,0.259834031794488,Accept,2.19148050541111,Accept,Accept,Accept,0.94175750854816
N/A,N/A,N/A,N/A,N/A,N/A,N/A,N/A,N/A,N/A,N/A,N/A,N/A,N/A,N/A,N/A,N/A
N/A,N/A,N/A,N/A,N/A,N/A,N/A,N/A,N/A,N/A,N/A,N/A,N/A,N/A,N/A,N/A,N/A
N/A,N/A,N/A,N/A,N/A,N/A,N/A,N/A,N/A,N/A,N/A,N/A,N/A,N/A,N/A,N/A,N/A
N/A,N/A,N/A,N/A,N/A,N/A,N/A,N/A,N/A,N/A,N/A,N/A,N/A,N/A,N/A,N/A,N/A
0.99609065912621,0.51644450822409,0.120848902890326,-0.101036254479261,1.36203727724096,Accept,Z4,3.35574362365866,0.120848902890326,-0.357681177440335,0.609245713019817,Accept,2.50940927727271,Accept,Accept,Accept,0.972920860132512
1.98226321324301,1.22169284798218,-0.197485681123961,-1.15037066239633,0.57034478889108,Accept,Z2,2.76685277891833,-0.197485681123961,-0.722188639420224,0.277539211258036,Accept,2.44732861537658,Accept,Accept,Accept,1.69831869873475
N/A,N/A,N/A,N/A,N/A,N/A,N/A,N/A,N/A,N/A,N/A,N/A,N/A,N/A,N/A,N/A,N/A
1.01501497666042,0.220548945947601,0.546676043617986,0.208450471016271,1.34690209576854,Reject,"Z2, Z4",3.16213808245211,0.546676043617986,0.0449494113676434,1.07017376391868,Reject,2.47582338326449,Reject,Reject,Reject,1.47648876079758
N/A,N/A,N/A,N/A,N/A,N/A,N/A,N/A,N/A,N/A,N/A,N/A,N/A,N/A,N/A,N/A,N/A
1.24901626188739,1.025113483512,-0.156654277307648,-0.800616425717759,0.770217498011959,Accept,Z2,3.11443041420644,-0.156654277307648,-0.528839527394474,0.264257422720673,Accept,1.71856007377127,Accept,Accept,Accept,0.93882564240797
1.25672551462816,0.900373724614996,0.322019905658848,-0.790445245643542,0.809429004367093,Accept,Z2,3.73100719304635,0.322019905658848,-0.125788049599318,0.782332399527151,Accept,2.54377064590428,Reject,Accept,Accept,0.586206429434315
1.53861274867266,0.874370261667574,-0.00858280448632207,-0.577790979817115,0.937900086250702,Accept,Z4,3.2409257842415,-0.00858280448632207,-0.417905374678538,0.397788708846445,Accept,2.10177041981546,Accept,Accept,Accept,0.695370461476318
0.989647178576151,0.959889966609207,0.0644961422754302,-0.725683492748476,0.879856098072471,Accept,Z2,2.19896025372511,0.0644961422754302,-0.34456842751024,0.475072054177163,Accept,1.85711391704689,Accept,Accept,Accept,0.641506214769055
2.2349232520122,0.979726277828291,-0.112473626948583,-1.24521002713598,0.280807510941159,Accept,Z2,2.60377144601237,-0.112473626948583,-0.516888247661591,0.290088043624932,Accept,1.8400793483478,Accept,Accept,Accept,0.846460810344938
1.09918134990321,0.894427872422958,-0.234862365531843,-0.404374451385761,0.600891691405937,Accept,"Z1, Z2",3.19881298548256,-0.234862365531843,-0.576083200058591,0.0747880542183801,Accept,1.88792313893431,Accept,Accept,Accept,0.911106451078444
N/A,N/A,N/A,N/A,N/A,N/A,N/A,N/A,N/A,N/A,N/A,N/A,N/A,N/A,N/A,N/A,N/A
1.91354858568908,0.879145372853789,0.0181709001731068,-0.854196213685078,0.703825341824946,Accept,X10,2.646048492805,0.0181709001731068,-0.462073016162279,0.497358209151932,Accept,1.81980643226528,Reject,Reject,Accept,0.641609931747052
0.542048073965817,0.821290962698765,0.259281466142272,-0.0579874673601643,0.958946701923227,Accept,"Z2, Z4",2.61848395837977,0.259281466142272,-0.108474954140922,0.608539331317437,Accept,1.91070885716966,Reject,Accept,Accept,1.47663173156034
N/A,N/A,N/A,N/A,N/A,N/A,N/A,N/A,N/A,N/A,N/A,N/A,N/A,N/A,N/A,N/A,N/A
N/A,N/A,N/A,N/A,N/A,N/A,N/A,N/A,N/A,N/A,N/A,N/A,N/A,N/A,N/A,N/A,N/A
1.35219214801457,1.04728275567987,0.164811153135899,-0.791122014450034,1.05051804437135,Accept,Z2,3.65084646484267,0.164811153135899,-0.246168933605156,0.530663830642634,Accept,2.36225662171826,Accept,Accept,Accept,0.478920511090683
0.869263432277231,0.773098702415768,0.348574658311764,-0.134846533767657,0.63394659794658,Accept,"Z1, Z2, Z4",2.35013028612394,0.348574658311764,0.0333998599502269,0.703914899249473,Reject,2.18496905215418,Accept,Accept,Accept,0.510402703114467
N/A,N/A,N/A,N/A,N/A,N/A,N/A,N/A,N/A,N/A,N/A,N/A,N/A,N/A,N/A,N/A,N/A
N/A,N/A,N/A,N/A,N/A,N/A,N/A,N/A,N/A,N/A,N/A,N/A,N/A,N/A,N/A,N/A,N/A
N/A,N/A,N/A,N/A,N/A,N/A,N/A,N/A,N/A,N/A,N/A,N/A,N/A,N/A,N/A,N/A,N/A
0.541049788158077,0.656059827653348,0.0966978531916035,-0.178007521882429,0.91075409154001,Accept,"Z2, Z4",2.24734018175762,0.0966978531916035,-0.323723808061324,0.513449411420316,Accept,1.6562818295357,Accept,Accept,Reject,1.57383293213859
N/A,N/A,N/A,N/A,N/A,N/A,N/A,N/A,N/A,N/A,N/A,N/A,N/A,N/A,N/A,N/A,N/A
0.213401900075405,0.618233174411895,0.154244200121495,-0.0357924036598182,1.23884657903552,Accept,"Z2, Z4",2.33973565571148,0.154244200121495,-0.321129398706955,0.594050302928763,Accept,2.05327332412714,Accept,Accept,Accept,0.563996556377382
1.26144236139566,0.919276558258079,0.154069185043781,-0.723732956732202,0.578898622076186,Accept,"Z3, X2",2.81879835329483,0.154069185043781,-0.325548123809048,0.631906886309489,Accept,2.41408983351489,Reject,Accept,Accept,0.787192493215082
1.24063644600342,0.68748258538132,0.48043116204212,-0.419855902830029,0.929602208270528,Accept,Z2,2.76723921680459,0.48043116204212,0.0828553739747106,0.866389404640988,Reject,2.48710142784281,Reject,Accept,Reject,1.95020480275525
1.37576929317829,0.705503287333962,0.326633037222129,-0.593359263336723,1.03670897252919,Accept,Z4,2.94634287758044,0.326633037222129,0.0217848057309471,0.61696229809983,Reject,1.76773508638251,Accept,Accept,Accept,1.24291497530582
0.602555934565224,0.931792745606928,0.178670635222197,-0.256850158051076,0.527709390553639,Accept,"Z1, Z2, Z4",1.52981754951016,0.178670635222197,-0.127055316593054,0.540360198768693,Accept,1.42550655975474,Accept,Accept,Accept,0.879100275513189
N/A,N/A,N/A,N/A,N/A,N/A,N/A,N/A,N/A,N/A,N/A,N/A,N/A,N/A,N/A,N/A,N/A
1.716568104745,1.03350595769386,0.0553992292365675,-0.661395651537253,0.6014305901815,Accept,Z2,3.37559939929658,0.0553992292365675,-0.271584187426988,0.403240767109764,Accept,2.07188133017295,Accept,Accept,Accept,1.47405966777759
N/A,N/A,N/A,N/A,N/A,N/A,N/A,N/A,N/A,N/A,N/A,N/A,N/A,N/A,N/A,N/A,N/A
N/A,N/A,N/A,N/A,N/A,N/A,N/A,N/A,N/A,N/A,N/A,N/A,N/A,N/A,N/A,N/A,N/A
0.56564050392452,0.688002590489659,0.340956953930848,-0.0326845224944464,0.810703141437763,Accept,"Z2, Z4",2.96050704987406,0.340956953930848,0.00322553989083556,0.683514337135492,Reject,1.91028737350177,Reject,Accept,Accept,0.591121343448926
1.67059460483981,0.869685065204046,0.0730889762874467,-0.941267561556573,0.72925961246939,Accept,Z2,3.05047558199097,0.0730889762874467,-0.315310825167421,0.431147750886504,Accept,1.91108240397086,Reject,Accept,Accept,1.40998931561007
N/A,N/A,N/A,N/A,N/A,N/A,N/A,N/A,N/A,N/A,N/A,N/A,N/A,N/A,N/A,N/A,N/A
N/A,N/A,N/A,N/A,N/A,N/A,N/A,N/A,N/A,N/A,N/A,N/A,N/A,N/A,N/A,N/A,N/A
N/A,N/A,N/A,N/A,N/A,N/A,N/A,N/A,N/A,N/A,N/A,N/A,N/A,N/A,N/A,N/A,N/A
0.336958049052254,0.658916196658842,0.300359661652676,-0.113462278843865,1.31756854990439,Accept,Z2,2.83631896082426,0.300359661652676,-0.0190920760199066,0.636412730193439,Accept,1.62508273559727,Accept,Accept,Accept,1.12593964384361
0.963361417914707,0.919459476498871,0.198681408089394,-0.298030271103866,0.46203741674441,Accept,"Z1, Z2, Z4",2.341851474135,0.198681408089394,-0.132668103584241,0.529782164353454,Accept,1.83681129788684,Reject,Reject,Accept,0.161127063656893
N/A,N/A,N/A,N/A,N/A,N/A,N/A,N/A,N/A,N/A,N/A,N/A,N/A,N/A,N/A,N/A,N/A
N/A,N/A,N/A,N/A,N/A,N/A,N/A,N/A,N/A,N/A,N/A,N/A,N/A,N/A,N/A,N/A,N/A
N/A,N/A,N/A,N/A,N/A,N/A,N/A,N/A,N/A,N/A,N/A,N/A,N/A,N/A,N/A,N/A,N/A
N/A,N/A,N/A,N/A,N/A,N/A,N/A,N/A,N/A,N/A,N/A,N/A,N/A,N/A,N/A,N/A,N/A
0.521190748155647,0.792425909504558,0.473485214507878,-0.204445768230561,0.978380822332741,Accept,"Z2, Z4",2.48185722810805,0.473485214507878,-0.0703150186422123,1.03604300775771,Accept,2.50566022184658,Accept,Accept,Accept,1.41522785364589
N/A,N/A,N/A,N/A,N/A,N/A,N/A,N/A,N/A,N/A,N/A,N/A,N/A,N/A,N/A,N/A,N/A
N/A,N/A,N/A,N/A,N/A,N/A,N/A,N/A,N/A,N/A,N/A,N/A,N/A,N/A,N/A,N/A,N/A
0.870663733493531,0.869253972784526,0.0455935403164382,-0.353847858378731,0.586183658065199,Accept,"Z2, Z4",2.22890487484728,0.0455935403164382,-0.378130989104371,0.447912216072033,Accept,1.80507739640368,Accept,Accept,Accept,0.258981778031713
-0.430321106645897,0.430468235800902,0.530877437882582,0.24873400922042,1.80425555334453,Reject,Z4,2.54148692567159,0.530877437882582,0.100988851209538,0.953406432869865,Reject,2.06779755569474,Reject,Reject,Accept,1.19809842293254
0.498549446796441,0.608889468917999,0.460221186764089,-0.023950809361184,1.23535424484091,Accept,Z4,3.14469168315551,0.460221186764089,-0.0462242517655814,0.922496136082196,Accept,2.93183431486597,Reject,Accept,Accept,1.47736074895855
1.99914240945612,1.06568354106492,0.0143187610870575,-0.591294734041693,0.538059156530605,Accept,Z2,3.23139940149459,0.0143187610870575,-0.476554678665631,0.480167081065335,Accept,2.79775528164516,Reject,Accept,Accept,0.410533239951234
N/A,N/A,N/A,N/A,N/A,N/A,N/A,N/A,N/A,N/A,N/A,N/A,N/A,N/A,N/A,N/A,N/A
N/A,N/A,N/A,N/A,N/A,N/A,N/A,N/A,N/A,N/A,N/A,N/A,N/A,N/A,N/A,N/A,N/A
0.689668302058939,0.737011763495663,0.164813011053472,-0.273109966013296,0.777622271784484,Accept,"Z1, Z2, Z4",2.52185298905418,0.164813011053472,-0.260754913149145,0.543236104663151,Accept,1.99853469884482,Accept,Accept,Reject,1.55625246609321
N/A,N/A,N/A,N/A,N/A,N/A,N/A,N/A,N/A,N/A,N/A,N/A,N/A,N/A,N/A,N/A,N/A
-0.0620889592765734,0.59091461655997,0.673024016920138,0.274105320742109,1.18722552411579,Reject,Z2,2.82007767461461,0.673024016920138,0.342659128910074,0.97355944661028,Reject,2.10656702995736,Reject,Accept,Reject,1.91000672841075
0.711507011196638,0.718910492833801,0.0747653961788147,-0.0170057967752467,0.960446434087864,Accept,"Z2, Z4",2.68043429717849,0.0747653961788147,-0.290214801249542,0.457123732579751,Accept,1.89577787717874,Accept,Accept,Accept,1.49272842850949
N/A,N/A,N/A,N/A,N/A,N/A,N/A,N/A,N/A,N/A,N/A,N/A,N/A,N/A,N/A,N/A,N/A
0.874214001423188,0.854671039586781,0.0120669493542849,-0.30348477973805,0.766119466559154,Accept,"Z2, Z4",3.01291048616177,0.0120669493542849,-0.421736409935124,0.428201391488714,Accept,2.38513766210988,Accept,Accept,Accept,0.773610238117286
1.23361108256358,0.868445505613005,0.0500565120428233,-0.311071238361975,0.611635353239128,Accept,"Z2, Z4",2.21448346396114,0.0500565120428233,-0.265476859011593,0.362472682725455,Accept,1.5370601713995,Accept,Accept,Accept,0.796171934841858
N/A,N/A,N/A,N/A,N/A,N/A,N/A,N/A,N/A,N/A,N/A,N/A,N/A,N/A,N/A,N/A,N/A
N/A,N/A,N/A,N/A,N/A,N/A,N/A,N/A,N/A,N/A,N/A,N/A,N/A,N/A,N/A,N/A,N/A
N/A,N/A,N/A,N/A,N/A,N/A,N/A,N/A,N/A,N/A,N/A,N/A,N/A,N/A,N/A,N/A,N/A
1.03295714992516,0.866681716614634,0.120291655879424,-0.255571203540882,0.801846550325965,Accept,"Z2, Z4",2.73356693618472,0.120291655879424,-0.294435651620502,0.532212870552181,Accept,2.16818336905438,Accept,Accept,Accept,0.627214712840126
0.365199383333292,0.487498754242497,0.326518109525359,0.265582608447309,1.33634904047249,Reject,Z4,2.66868355414464,0.326518109525359,-0.0143870414856831,0.697893751977775,Accept,2.06620149140413,Reject,Accept,Reject,1.44075995222669
0.786857318126156,0.773905073000803,0.236387945458617,-0.341730726745566,0.943747481839144,Accept,Z2,2.89930105688504,0.236387945458617,-0.106785060087528,0.580800401194452,Accept,1.89471647405971,Accept,Accept,Accept,0.710587463203701
1.56431913671257,0.810667097987447,0.198408153889196,-0.273650223902781,0.621531193549934,Accept,"Z2, Z4",2.84276975044262,0.198408153889196,-0.162072249735979,0.608935276556278,Accept,2.2713027932845,Accept,Accept,Accept,1.04875465275485
2.17786220632018,1.20203889392858,0.114751305204457,-1.56689403205208,0.300800547701402,Accept,Z2,2.89000236986618,0.114751305204457,-0.40701082891275,0.604547332083331,Accept,1.82002951937238,Reject,Accept,Accept,0.813882936623545
2.22130924364862,0.928398640786198,0.349302633863456,-0.942034624623234,0.263646712514051,Accept,Z2,2.92446376878159,0.349302633863456,-0.0135841482422042,0.706195559200807,Accept,2.06199387332945,Reject,Accept,Accept,1.16025774515962
N/A,N/A,N/A,N/A,N/A,N/A,N/A,N/A,N/A,N/A,N/A,N/A,N/A,N/A,N/A,N/A,N/A
N/A,N/A,N/A,N/A,N/A,N/A,N/A,N/A,N/A,N/A,N/A,N/A,N/A,N/A,N/A,N/A,N/A
1.04775289076277,0.971765130403874,-0.225663465632289,-0.514451349963471,0.390643597533694,Accept,"Z2, Z4",2.40287162846288,-0.225663465632289,-0.600792937803303,0.163036867888388,Accept,1.92536222006226,Accept,Accept,Accept,1.04962467634518
1.80649767887401,1.50681043137502,0.393116758956124,-1.56469717485819,0.491704300705425,Accept,Z2,1.82806013073143,0.393116758956124,-0.279422127343549,1.05008852838032,Accept,1.86777132513401,Reject,Accept,Accept,0.839631082172502
1.51629727456062,1.00358057536481,0.0507752660849655,-0.485871635891739,0.430473015748463,Accept,"Z1, Z2, Z4",2.59874509654816,0.0507752660849655,-0.259979012395134,0.371045764491939,Accept,1.92460683721771,Accept,Accept,Accept,0.909821749005645
-0.235542321455832,0.550188067412935,0.522040170559233,0.225687173684598,1.24963731886422,Reject,"Z2, Z4",1.9975686719104,0.522040170559233,0.0611108715498955,0.926144303509482,Reject,1.76490900107167,Reject,Reject,Accept,1.13799727025159
1.1220225419558,0.874007313266536,0.174747801648341,-0.334400178974833,1.1307906800513,Accept,Z2,3.08853079384839,0.174747801648341,-0.263292387279573,0.62931844555438,Accept,2.43445953577215,Accept,Accept,Accept,0.858176149136323
2.46301478278434,1.27697233939573,0.304346945124649,-1.06790133386393,0.339530186619195,Accept,Z2,2.67877824036738,0.304346945124649,-0.111183054523506,0.742974948497621,Accept,2.30173833588406,Accept,Accept,Accept,0.777293278518236
N/A,N/A,N/A,N/A,N/A,N/A,N/A,N/A,N/A,N/A,N/A,N/A,N/A,N/A,N/A,N/A,N/A
N/A,N/A,N/A,N/A,N/A,N/A,N/A,N/A,N/A,N/A,N/A,N/A,N/A,N/A,N/A,N/A,N/A
0.41037050985619,0.699793281134078,0.650130423011854,0.0884219332652412,1.56177157874126,Reject,Z4,2.72445885647001,0.650130423011854,0.234348592332456,1.09375382686876,Reject,1.96247258396351,Reject,Reject,Reject,1.63275243512306
1.80155376294547,0.99915593198221,0.0709750223117227,-0.573180462796074,0.764429647335221,Accept,Z2,3.06492566150481,0.0709750223117227,-0.254012851141454,0.386392961593929,Accept,1.69877152004698,Accept,Accept,Accept,0.39157651774804
1.82163658501587,1.08068295518791,0.149584391435843,-0.71862123922696,0.485396488084099,Accept,"Z2, Z4",2.97281504289431,0.149584391435843,-0.257683213766647,0.564554817940854,Accept,2.0798286335294,Reject,Accept,Accept,1.54231170011389
0.523226465948115,0.682328343496711,0.0450582724912032,-0.114470643716583,0.773496109885536,Accept,"Z2, Z4",2.70118725582094,0.0450582724912032,-0.328048535483751,0.43278481725857,Accept,2.27120782896466,Accept,Accept,Accept,1.47833773518908
1.40103268660868,0.942600010173519,-0.0356293442995196,-0.437671814459909,0.377324791684746,Accept,"Z1, Z2",2.46547803038128,-0.0356293442995196,-0.413569638066792,0.347836330426379,Accept,2.15510843019298,Accept,Accept,Accept,0.76540887337687
0.716688301843346,0.96366563120592,-0.0127886608004418,-0.57223797235321,0.671856010812388,Accept,Z2,2.38425513058142,-0.0127886608004418,-0.408810669413143,0.399522054668047,Accept,1.89691877813496,Accept,Accept,Accept,0.506924171841687
N/A,N/A,N/A,N/A,N/A,N/A,N/A,N/A,N/A,N/A,N/A,N/A,N/A,N/A,N/A,N/A,N/A
N/A,N/A,N/A,N/A,N/A,N/A,N/A,N/A,N/A,N/A,N/A,N/A,N/A,N/A,N/A,N/A,N/A
1.63369063516682,1.02442127128335,-0.0493380714334674,-0.663835163847141,0.341273614928914,Accept,Z2,2.04702579527591,-0.0493380714334674,-0.398882250651668,0.287004157601099,Accept,2.08184305730808,Accept,Accept,Accept,0.607087282509454
0.902129965325197,0.923908109205729,0.169148357124894,-0.754214134391019,1.11050121656075,Accept,Z2,2.20000557619571,0.169148357124894,-0.297181725622988,0.627881439973099,Accept,1.92087963432883,Reject,Accept,Accept,1.13752220837901
1.42334633331753,0.924338392525055,0.262960334516627,-0.369971021931916,0.423314147048336,Accept,"Z2, Z4",2.81428793777395,0.262960334516627,-0.00611599140638964,0.509500494760624,Accept,1.85994775873265,Accept,Accept,Accept,1.48470299292979
2.34170619325421,1.07904447390788,0.0694511851345774,-1.45677855631116,0.450501329679684,Accept,Z2,2.75718417303334,0.0694511851345774,-0.382396472792645,0.51073168364203,Accept,2.16992006748342,Accept,Accept,Accept,0.723686233012481
N/A,N/A,N/A,N/A,N/A,N/A,N/A,N/A,N/A,N/A,N/A,N/A,N/A,N/A,N/A,N/A,N/A
0.890972337869651,0.71331585374741,0.343174558998666,-0.29538124169879,1.19590370301906,Accept,Z2,2.87103813448277,0.343174558998666,-0.125899739551333,0.824041003489623,Accept,2.14067266724216,Reject,Accept,Accept,1.26256443524752
1.22322282475012,1.06745897105038,0.284398665902971,-0.341486453203708,0.713375514732951,Accept,"Z2, Z4",2.29987698690384,0.284398665902971,-0.166429708126415,0.750318101625109,Accept,2.01885449750887,Accept,Accept,Accept,0.324892715638729
1.64856441661831,0.968530318537921,-0.230125073347835,-0.947194966730991,0.324747656902927,Accept,X8,2.43411216495285,-0.230125073347835,-0.707127330953315,0.264855847257343,Accept,1.92112495721942,Accept,Accept,Accept,0.601460628560481
1.32883242891833,0.762476551235053,0.118128192441715,-0.383028506541564,0.685848293764118,Accept,Z2,2.88702414004742,0.118128192441715,-0.245004511237585,0.503073580128195,Accept,2.25698731702148,Accept,Accept,Accept,1.4609117740103
1.94797605701818,1.0180450192693,-0.0761751270082075,-1.02889141469316,0.346073482925924,Accept,Z2,2.99054345400511,-0.0761751270082075,-0.413480767230906,0.271927501627699,Accept,1.87594297938834,Reject,Reject,Accept,1.28622109804917
1.033273803076,0.710199369186779,0.300220230782311,0.000614341667211096,0.943920416002168,Reject,"Z2, Z4",2.71156281245631,0.300220230782311,-0.0606046888406641,0.675569375674512,Accept,1.77065008281933,Accept,Accept,Accept,0.971730088321044
1.27437233959128,1.08558415599943,0.216766101543109,-0.709360493596543,0.756912567578164,Accept,Z2,2.67874204124874,0.216766101543109,-0.235841294356019,0.711423681511238,Accept,2.11785130068868,Accept,Accept,Accept,0.308962230212591
0.944195094139036,0.804661467481221,0.20387253415029,-0.137032466095285,0.758440815432681,Accept,"Z4, X5",2.84728733342544,0.20387253415029,-0.173785922017306,0.578182270665289,Accept,2.12614795500366,Accept,Accept,Accept,0.295465071786557
N/A,N/A,N/A,N/A,N/A,N/A,N/A,N/A,N/A,N/A,N/A,N/A,N/A,N/A,N/A,N/A,N/A
N/A,N/A,N/A,N/A,N/A,N/A,N/A,N/A,N/A,N/A,N/A,N/A,N/A,N/A,N/A,N/A,N/A
N/A,N/A,N/A,N/A,N/A,N/A,N/A,N/A,N/A,N/A,N/A,N/A,N/A,N/A,N/A,N/A,N/A
N/A,N/A,N/A,N/A,N/A,N/A,N/A,N/A,N/A,N/A,N/A,N/A,N/A,N/A,N/A,N/A,N/A
N/A,N/A,N/A,N/A,N/A,N/A,N/A,N/A,N/A,N/A,N/A,N/A,N/A,N/A,N/A,N/A,N/A
-0.445404040873633,0.570725309663507,0.332329658586054,0.444145699086599,1.41947128225192,Reject,"Z2, Z4",2.3884033975598,0.332329658586054,-0.0676961333194752,0.734857955420832,Accept,1.92453773797597,Reject,Reject,Reject,1.83654632041972
1.11417413375074,0.728651324123728,0.269842637233867,-0.106560328299982,0.891599555481585,Accept,"Z2, Z4",3.6566379626132,0.269842637233867,-0.0631219076317706,0.59766653138195,Accept,2.34463740326556,Accept,Accept,Accept,0.63838798638337
1.1847072280681,1.17958219185725,-0.298990380859702,-0.998350463748726,0.942461559669312,Accept,Z2,3.20374586829107,-0.298990380859702,-0.929509256289156,0.354578148357889,Accept,2.1233607762353,Accept,Accept,Accept,0.536420147295308
N/A,N/A,N/A,N/A,N/A,N/A,N/A,N/A,N/A,N/A,N/A,N/A,N/A,N/A,N/A,N/A,N/A
N/A,N/A,N/A,N/A,N/A,N/A,N/A,N/A,N/A,N/A,N/A,N/A,N/A,N/A,N/A,N/A,N/A
N/A,N/A,N/A,N/A,N/A,N/A,N/A,N/A,N/A,N/A,N/A,N/A,N/A,N/A,N/A,N/A,N/A
N/A,N/A,N/A,N/A,N/A,N/A,N/A,N/A,N/A,N/A,N/A,N/A,N/A,N/A,N/A,N/A,N/A
N/A,N/A,N/A,N/A,N/A,N/A,N/A,N/A,N/A,N/A,N/A,N/A,N/A,N/A,N/A,N/A,N/A
N/A,N/A,N/A,N/A,N/A,N/A,N/A,N/A,N/A,N/A,N/A,N/A,N/A,N/A,N/A,N/A,N/A
1.02166430002335,0.772541004484984,-0.110731427948524,-0.296863042535923,0.727040214620562,Accept,"Z2, Z4",3.04221432014648,-0.110731427948524,-0.518126125823597,0.31746369061588,Accept,2.32727740369404,Accept,Accept,Accept,0.464873307707977
1.58587138274372,0.768391187122316,-0.44005447911185,-0.740245651213141,0.795122034664651,Accept,Z2,2.98544536185309,-0.44005447911185,-1.03546676662641,0.148681692481558,Accept,2.55092841605947,Accept,Accept,Accept,0.819206455276173
2.18698805700006,0.718131512483385,-0.00878414338095182,-0.999840847433627,0.587402661838235,Accept,Z2,3.33069774022658,-0.00878414338095182,-0.38250228098055,0.417138413183498,Accept,1.94189468190305,Accept,Accept,Accept,1.31528517314564
1.20567072123872,0.924905225512394,-0.0225978717185988,-0.430320717817091,0.672537230239222,Accept,"Z2, Z4",2.39509659433769,-0.0225978717185988,-0.488382491977257,0.443035658458556,Accept,2.33991688021953,Accept,Accept,Accept,0.515796805102713
2.86237061867605,1.02003848812414,-0.0531656078707146,-1.54840694276984,0.147514947029108,Accept,X3,2.9748886545155,-0.0531656078707146,-0.484064056810853,0.395860679935524,Accept,1.87993910931063,Accept,Accept,Accept,0.856429997612809
1.01363790746682,0.77714163465315,0.0445409637428323,-0.46935489358188,0.965722305426166,Accept,X8,2.93027067411256,0.0445409637428323,-0.338219170227961,0.431975627166392,Accept,1.88075116537394,Accept,Accept,Accept,0.814024794015917
1.39155723779215,0.761786863570428,0.473930974081753,-0.613717434915695,0.898715544229893,Accept,Z4,2.87276482648949,0.473930974081753,0.0983788796239457,0.850541101537637,Reject,2.24116470196897,Accept,Accept,Accept,0.981550737894019
1.37813624000035,1.02823337489664,-0.177572514328616,-0.706169236871857,0.436157245155923,Accept,"Z1, Z2",2.61262702256915,-0.177572514328616,-0.540478207449216,0.197319746728301,Accept,1.84512631310408,Accept,Accept,Accept,0.576427941237746
0.261238295186216,0.931866655331223,0.177137712427549,-0.059815462480748,0.785491151592753,Accept,"Z1, Z2, Z4",1.89527092880852,0.177137712427549,-0.159716126701432,0.510906460656172,Accept,1.91460278508577,Accept,Accept,Accept,1.3489313841256
1.92931029369503,0.853946872958604,0.282134819399252,-0.816709864846848,0.83015891605984,Accept,X4,3.3997279272686,0.282134819399252,-0.129621810089104,0.674907067236092,Accept,2.33779259521052,Reject,Accept,Reject,1.47111158053023
0.121981925624835,0.694740496849294,0.312124643404686,0.176235018982239,1.34979194546103,Reject,"Z2, Z4",2.97130424155286,0.312124643404686,-0.0744527714392029,0.695970817654885,Accept,2.28980911194282,Accept,Accept,Accept,1.35924132375243
0.871180418213099,0.975549422320445,0.0636106780311933,-0.526067691167884,0.501443218133407,Accept,"Z2, Z4",2.0255840728716,0.0636106780311933,-0.322682139357044,0.447799846282614,Accept,1.73490406732108,Reject,Accept,Accept,0.568420838028649
1.48529007205126,1.0993597012272,0.0443656864178331,-0.61636856751766,0.399425348563923,Accept,"Z2, Z4",2.66395979733241,0.0443656864178331,-0.354881282077923,0.454919222805613,Accept,2.03322195243152,Accept,Accept,Accept,0.747006495647905
2.12088333660524,1.22731500588063,-0.0698009786192246,-1.27397294032826,0.249904083157412,Accept,Z2,3.69731488632491,-0.0698009786192246,-0.500107328536714,0.362327114476895,Accept,2.19939613753302,Accept,Accept,Accept,1.2768810442415
N/A,N/A,N/A,N/A,N/A,N/A,N/A,N/A,N/A,N/A,N/A,N/A,N/A,N/A,N/A,N/A,N/A
1.2694138423724,0.998865670219985,-0.00908061312650239,-0.76807338228515,0.407001501285259,Accept,"Z4, X1",2.92457102134875,-0.00908061312650239,-0.481207304425314,0.481224868546309,Accept,2.24358270751412,Accept,Accept,Accept,0.732911710917652
-0.896409297351787,0.696747821022955,0.408853299459803,0.06962590900055,1.30554580634764,Reject,"Z2, Z4",2.22031304280223,0.408853299459803,0.00455603714856642,0.798380750172647,Reject,1.85940478984793,Reject,Accept,Accept,1.40603021530251
N/A,N/A,N/A,N/A,N/A,N/A,N/A,N/A,N/A,N/A,N/A,N/A,N/A,N/A,N/A,N/A,N/A
0.264711536509284,0.628970137903065,0.204991689692326,0.167995496019924,0.885385433329677,Reject,"Z2, Z4, X6",1.91196005171462,0.204991689692326,-0.0632517512074623,0.46183902332049,Accept,1.71019209220471,Reject,Accept,Reject,1.5772305102101
1.10323994865393,0.93430160700965,0.505686647533047,-0.630268479838191,1.12947081752309,Accept,Z2,3.409047404094,0.505686647533047,-0.0217187761307043,1.05129848760228,Accept,2.20494419999588,Reject,Accept,Accept,0.884095136490088
1.66498748583912,1.17887887715127,-0.0385436282423977,-1.09201699184064,0.779310900665776,Accept,Z2,2.63326894490793,-0.0385436282423977,-0.54733555681499,0.457081825313469,Accept,2.00169834788034,Reject,Accept,Accept,1.00321474765532
N/A,N/A,N/A,N/A,N/A,N/A,N/A,N/A,N/A,N/A,N/A,N/A,N/A,N/A,N/A,N/A,N/A
N/A,N/A,N/A,N/A,N/A,N/A,N/A,N/A,N/A,N/A,N/A,N/A,N/A,N/A,N/A,N/A,N/A
N/A,N/A,N/A,N/A,N/A,N/A,N/A,N/A,N/A,N/A,N/A,N/A,N/A,N/A,N/A,N/A,N/A
0.863169393334285,0.829241126862533,0.288200008479068,-0.571346860604315,0.825089459109089,Accept,Z2,2.10112199415616,0.288200008479068,-0.217382362390678,0.791061215718325,Accept,1.95631660460404,Accept,Accept,Accept,1.0428186132197
0.413987363249423,0.990359075004793,-0.153936609884986,-0.864995896703406,0.879154477293141,Accept,Z2,2.75508463804774,-0.153936609884986,-0.612319555103953,0.313864784158669,Accept,2.25752798811239,Accept,Accept,Accept,1.02496466549524
N/A,N/A,N/A,N/A,N/A,N/A,N/A,N/A,N/A,N/A,N/A,N/A,N/A,N/A,N/A,N/A,N/A
0.545901430997944,0.908210057522945,-0.113489529907658,-0.61279193832975,0.836666726068963,Accept,Z2,2.18544367817949,-0.113489529907658,-0.452473947306825,0.247893684932152,Accept,1.75872017766691,Accept,Accept,Accept,1.23283045025718
1.92385902017277,1.21580451052363,0.313678802862588,-0.928523797922193,0.377869838124872,Accept,"Z1, Z2",3.19941133726904,0.313678802862588,-0.110925709606337,0.727664068712729,Accept,2.77545951678031,Reject,Accept,Accept,1.18323260590133
1.39313360202212,0.631898622386825,0.313034876032093,-0.447464564534406,0.895962352677342,Accept,Z2,2.25895046492057,0.313034876032093,-0.0660480106778253,0.723942766133613,Accept,1.76799073950778,Accept,Accept,Reject,1.2299556168762
N/A,N/A,N/A,N/A,N/A,N/A,N/A,N/A,N/A,N/A,N/A,N/A,N/A,N/A,N/A,N/A,N/A
N/A,N/A,N/A,N/A,N/A,N/A,N/A,N/A,N/A,N/A,N/A,N/A,N/A,N/A,N/A,N/A,N/A
1.08954950968644,0.599594950035402,0.142955091607345,-0.61986268217386,0.982771753107452,Accept,Z2,2.13061510397499,0.142955091607345,-0.3403613027788,0.651082220561698,Accept,1.75426625562798,Accept,Accept,Accept,0.420111391128659
N/A,N/A,N/A,N/A,N/A,N/A,N/A,N/A,N/A,N/A,N/A,N/A,N/A,N/A,N/A,N/A,N/A
1.7009178087581,1.1219346312761,-0.230730483029759,-1.35927129918024,0.642164644661015,Accept,Z2,3.43949935502994,-0.230730483029759,-0.589319065156292,0.142968210833587,Accept,2.2143924707861,Accept,Accept,Accept,1.01397179155142
N/A,N/A,N/A,N/A,N/A,N/A,N/A,N/A,N/A,N/A,N/A,N/A,N/A,N/A,N/A,N/A,N/A
1.52177942987091,0.999480936241615,0.0367486575350434,-0.868369892080744,0.282616155934511,Accept,Z2,2.17682433306074,0.0367486575350434,-0.362785412957667,0.396195438275809,Accept,1.93058578308272,Accept,Accept,Accept,0.995672842566279
1.15888129493389,0.783056538022511,0.157127825521625,-0.283639103240813,0.827647820503459,Accept,Z2,2.93684909419957,0.157127825521625,-0.279343330287104,0.604582488750882,Accept,2.05050969074673,Accept,Accept,Accept,1.11146875101016
N/A,N/A,N/A,N/A,N/A,N/A,N/A,N/A,N/A,N/A,N/A,N/A,N/A,N/A,N/A,N/A,N/A
0.860367214135093,0.66748851466542,0.254231419382935,-0.22742013634142,0.886602939708942,Accept,"Z2, Z4",3.36773842253538,0.254231419382935,-0.145540821504094,0.628930080833458,Accept,2.42846969883416,Accept,Accept,Reject,1.76641194634987
N/A,N/A,N/A,N/A,N/A,N/A,N/A,N/A,N/A,N/A,N/A,N/A,N/A,N/A,N/A,N/A,N/A
-1.07900114855542,0.492075014955137,0.0811905039521986,0.218328384653272,1.93868395012625,Reject,Z4,2.0887678510932,0.0811905039521986,-0.451746565078984,0.562782030844642,Accept,1.82331935939918,Accept,Accept,Accept,1.16312247119926
N/A,N/A,N/A,N/A,N/A,N/A,N/A,N/A,N/A,N/A,N/A,N/A,N/A,N/A,N/A,N/A,N/A
1.10374315909365,0.788648878056377,0.293077598192096,-0.253901220103331,0.911193686164044,Accept,"Z2, Z4",2.88643918430411,0.293077598192096,-0.136837934761984,0.767998370268485,Accept,2.67148921886826,Accept,Accept,Accept,1.0361994782293
0.867085099691515,0.942000222506837,0.250046843904904,-0.256549437680889,0.646822858218051,Accept,"Z2, Z4",2.6639417764748,0.250046843904904,-0.14539487788628,0.640571266451882,Accept,2.0103156267552,Accept,Accept,Accept,1.2446685640635
2.24778744057576,1.06947121176679,0.590893928885346,-1.04590669835464,0.805272501525408,Accept,Z2,3.8942017308817,0.590893928885346,0.159816500330724,1.06122975735755,Reject,2.45149710708863,Reject,Reject,Accept,1.11479397024958
N/A,N/A,N/A,N/A,N/A,N/A,N/A,N/A,N/A,N/A,N/A,N/A,N/A,N/A,N/A,N/A,N/A
1.09460410415242,0.889350698983353,-0.0079862253057674,-0.289579130409137,0.417932323834883,Accept,"Z1, Z2, Z4",2.91990762481816,-0.0079862253057674,-0.319076288253114,0.295764540803062,Accept,2.05195651820509,Accept,Accept,Accept,1.34054807910956
0.372786533658967,0.799801076670958,0.179921364847881,-0.373354642559702,0.939345790570277,Accept,Z2,2.18974852379809,0.179921364847881,-0.260170520306527,0.601874632245008,Accept,1.73233385625266,Reject,Accept,Reject,1.52777627973839
0.557349235646902,0.637200527609229,0.423130007823635,-0.0108187508326744,0.893301941323605,Accept,"Z2, Z4",3.03290192554502,0.423130007823635,0.10109064043274,0.736003578154595,Reject,1.95415835937164,Reject,Accept,Accept,0.58979329362623
N/A,N/A,N/A,N/A,N/A,N/A,N/A,N/A,N/A,N/A,N/A,N/A,N/A,N/A,N/A,N/A,N/A
-0.706874769093142,0.601442582873047,0.377821175747073,0.00861760605354062,1.781210753796,Reject,Z4,2.7210429315762,0.377821175747073,-0.0375870788423371,0.819119395287995,Accept,2.10510701427848,Reject,Accept,Accept,1.36255034003515
1.96526846494384,1.34016593132843,0.190970534275503,-1.80258843926248,0.116975672843992,Accept,Z2,2.35512379372529,0.190970534275503,-0.275048231271432,0.663105576387713,Accept,1.94822288308431,Reject,Accept,Accept,0.810481459767446
1.12439538329954,0.717692839764039,-0.0239124294609373,-0.365767076210514,1.17588244024315,Accept,Z4,2.5954916853036,-0.0239124294609373,-0.559474274354431,0.503668997403808,Accept,2.50096449625268,Accept,Accept,Accept,1.03968660469429
N/A,N/A,N/A,N/A,N/A,N/A,N/A,N/A,N/A,N/A,N/A,N/A,N/A,N/A,N/A,N/A,N/A
N/A,N/A,N/A,N/A,N/A,N/A,N/A,N/A,N/A,N/A,N/A,N/A,N/A,N/A,N/A,N/A,N/A
-0.000945090594456844,0.674327849397738,0.520093806198294,0.0598476810135516,0.975124288305926,Reject,"Z2, Z4",2.12932499581694,0.520093806198294,0.151410580802752,0.867617960797233,Reject,1.81359725772968,Accept,Accept,Reject,1.6694782787359
0.299139436445433,0.736262756009342,0.220187214276558,-0.115541448701328,0.960056719504352,Accept,"Z2, Z4",3.09854945354831,0.220187214276558,-0.2172764014282,0.634443775745641,Accept,1.927140582019,Accept,Accept,Accept,0.356363927642399
1.06364012218256,0.756872641256006,0.617134507241858,-0.0227383482254085,1.16835394248408,Accept,Z2,3.06081087101792,0.617134507241858,0.219035418812949,1.00933225331137,Reject,2.65519533843928,Reject,Accept,Reject,1.43580210818117
1.1125980836313,0.891644780840149,0.18202362397454,-0.24078280510211,0.580466730152906,Accept,"Z4, X5",2.45224165758658,0.18202362397454,-0.162578472863111,0.525706347692463,Accept,1.74564273939184,Accept,Accept,Accept,0.894668616395487
2.06313999067724,1.09355722946805,-0.14933487622908,-1.17859691852225,0.115898416625444,Accept,Z2,2.1528854694682,-0.14933487622908,-0.64425172233215,0.33455007821632,Accept,2.2421288131569,Accept,Accept,Accept,0.625119081770256
N/A,N/A,N/A,N/A,N/A,N/A,N/A,N/A,N/A,N/A,N/A,N/A,N/A,N/A,N/A,N/A,N/A
1.79057453293456,1.24176691894953,-0.0431544307862758,-1.13381380478147,0.256518318803807,Accept,Z2,2.24182682711375,-0.0431544307862758,-0.40507811847153,0.343930861393728,Accept,1.84791535018885,Reject,Accept,Accept,0.56132908789371
0.743364299173555,0.749282785558089,0.12976043781393,-0.0809304706167801,0.858463663795176,Accept,"Z2, Z4",2.55637956825912,0.12976043781393,-0.195407319276725,0.473965358112558,Accept,1.94302708729322,Accept,Accept,Accept,1.49376412159662
-0.706658430755269,0.587268397045714,0.105319932564139,-0.12587311307614,1.80787315787801,Accept,Z4,2.92063272909573,0.105319932564139,-0.387769885810656,0.601658091012778,Accept,2.23783168217602,Accept,Accept,Accept,0.894161531764836
0.863934373177257,0.717708435410456,0.0614851967464877,-0.178513044435018,0.746143103771035,Accept,"Z1, Z2, Z4",2.70611549041351,0.0614851967464877,-0.28830749207707,0.442446325606381,Accept,1.80759374758793,Accept,Accept,Accept,0.737436209417523
N/A,N/A,N/A,N/A,N/A,N/A,N/A,N/A,N/A,N/A,N/A,N/A,N/A,N/A,N/A,N/A,N/A
N/A,N/A,N/A,N/A,N/A,N/A,N/A,N/A,N/A,N/A,N/A,N/A,N/A,N/A,N/A,N/A,N/A
0.92858603587162,1.0484877419645,0.0679230071879749,-0.288862691754483,0.599430029402299,Accept,"Z4, X9",2.127749451547,0.0679230071879749,-0.239236734990412,0.38594516729431,Accept,1.28937716153525,Accept,Accept,Accept,0.959688463298265
0.110997491168972,0.661081946539726,0.484498339806544,0.0260624227661748,1.05124512202782,Reject,"Z4, X9",2.71737407423841,0.484498339806544,0.0619783100875912,0.882173070731516,Reject,2.19750327815816,Reject,Accept,Reject,1.30494806071684
N/A,N/A,N/A,N/A,N/A,N/A,N/A,N/A,N/A,N/A,N/A,N/A,N/A,N/A,N/A,N/A,N/A
1.37442075272469,0.981843869793509,-0.126405151305256,-0.495805787597507,0.228377005836193,Accept,"Z1, Z2",1.87257792485013,-0.126405151305256,-0.375700107722678,0.152922971604755,Accept,1.4008799550727,Accept,Accept,Accept,1.41283685498803
1.57367579761845,0.893833703421562,-0.0441748636178648,-0.488296900790043,0.424948872883278,Accept,"Z2, Z4",3.06895540501962,-0.0441748636178648,-0.38449499497063,0.277826843248388,Accept,1.87216809625791,Accept,Accept,Accept,0.57290401252596
N/A,N/A,N/A,N/A,N/A,N/A,N/A,N/A,N/A,N/A,N/A,N/A,N/A,N/A,N/A,N/A,N/A
N/A,N/A,N/A,N/A,N/A,N/A,N/A,N/A,N/A,N/A,N/A,N/A,N/A,N/A,N/A,N/A,N/A
0.978185424481217,0.909187472677301,0.208678048604639,-0.540755711752411,0.659604260604708,Accept,Z2,3.40726442647904,0.208678048604639,-0.12936511850031,0.600783541839904,Accept,2.09169776788473,Accept,Accept,Accept,1.42617571833313
N/A,N/A,N/A,N/A,N/A,N/A,N/A,N/A,N/A,N/A,N/A,N/A,N/A,N/A,N/A,N/A,N/A
1.48484177913819,0.941532642115673,-0.119392252802547,-0.372966809872865,0.400192137355599,Accept,"Z2, Z4",2.52542592772278,-0.119392252802547,-0.401224767064107,0.141788803375387,Accept,1.76217991392646,Accept,Accept,Accept,1.27159697101959
N/A,N/A,N/A,N/A,N/A,N/A,N/A,N/A,N/A,N/A,N/A,N/A,N/A,N/A,N/A,N/A,N/A
N/A,N/A,N/A,N/A,N/A,N/A,N/A,N/A,N/A,N/A,N/A,N/A,N/A,N/A,N/A,N/A,N/A
N/A,N/A,N/A,N/A,N/A,N/A,N/A,N/A,N/A,N/A,N/A,N/A,N/A,N/A,N/A,N/A,N/A
0.885594657365544,0.800896574752225,0.0295854629831752,-0.165971558945783,0.876964426470723,Accept,"Z2, Z4",2.84474792457702,0.0295854629831752,-0.371588693461053,0.447142631498824,Accept,2.19551757038363,Accept,Accept,Accept,0.595595534020795
N/A,N/A,N/A,N/A,N/A,N/A,N/A,N/A,N/A,N/A,N/A,N/A,N/A,N/A,N/A,N/A,N/A
N/A,N/A,N/A,N/A,N/A,N/A,N/A,N/A,N/A,N/A,N/A,N/A,N/A,N/A,N/A,N/A,N/A
1.76420281640295,0.87894502649715,0.0506143127917866,-0.991619693605812,0.775538594550568,Accept,X8,3.10120871403934,0.0506143127917866,-0.446367830925384,0.562500497041821,Accept,2.36050153160479,Accept,Accept,Accept,0.476950084189104
1.66628033946872,0.940715448307659,0.201364872029896,-0.518806137188078,0.562290328176458,Accept,"Z2, Z4",3.2420458421337,0.201364872029896,-0.184004555529428,0.55037528270197,Accept,2.33897402179987,Accept,Accept,Accept,1.24388016159149
N/A,N/A,N/A,N/A,N/A,N/A,N/A,N/A,N/A,N/A,N/A,N/A,N/A,N/A,N/A,N/A,N/A
N/A,N/A,N/A,N/A,N/A,N/A,N/A,N/A,N/A,N/A,N/A,N/A,N/A,N/A,N/A,N/A,N/A
0.845360563530491,0.668997201759518,0.307321254767417,-0.0401851119928853,0.938994667849717,Accept,"Z2, Z4",2.44047718071238,0.307321254767417,-0.0735029121739386,0.696077942122461,Accept,2.12261555912612,Reject,Accept,Accept,0.528173545366887
1.31236368846565,0.822351892035085,0.132265547035831,-0.309041992131145,0.580264763999524,Accept,"Z2, Z4",2.07977887536285,0.132265547035831,-0.286944743782541,0.530533408601221,Accept,2.07186211613967,Accept,Accept,Accept,0.630258820025695
1.32851572203948,0.867741416338529,0.246359550443979,-0.590104973799617,0.915936889987209,Accept,Z2,3.30576264169638,0.246359550443979,-0.140552879742738,0.633032958148097,Accept,2.28245957855627,Reject,Accept,Accept,0.47422920944461
N/A,N/A,N/A,N/A,N/A,N/A,N/A,N/A,N/A,N/A,N/A,N/A,N/A,N/A,N/A,N/A,N/A
N/A,N/A,N/A,N/A,N/A,N/A,N/A,N/A,N/A,N/A,N/A,N/A,N/A,N/A,N/A,N/A,N/A
2.15361071761363,1.30487694912585,-0.0304146749600721,-1.39975697534702,0.0947833651659757,Accept,Z2,3.20062322617958,-0.0304146749600721,-0.420249339412645,0.365786908518891,Accept,2.22935331249586,Accept,Accept,Accept,1.28210947548784
2.20376902297167,0.987290385219994,-0.0451537095390699,-0.576800712161684,0.301321234985239,Accept,"Z2, Z4",2.90325642781599,-0.0451537095390699,-0.447261763984395,0.362127286985931,Accept,2.30108878676171,Accept,Accept,Accept,0.861931304201939
-0.238410811623177,0.594491816782621,0.196559592424639,-0.0562845936427551,1.62367801933655,Accept,Z4,2.83715074597412,0.196559592424639,-0.246874123308581,0.603361362735181,Accept,2.14013807486367,Reject,Accept,Accept,0.473009779705646
N/A,N/A,N/A,N/A,N/A,N/A,N/A,N/A,N/A,N/A,N/A,N/A,N/A,N/A,N/A,N/A,N/A
0.412166371869105,0.819831957564977,0.345634818585376,-0.26779788880264,1.03184143607208,Accept,"Z3, X1",2.4556440008006,0.345634818585376,-0.106723781870249,0.783992794088249,Accept,2.07254370073144,Accept,Accept,Accept,0.486689830993754
N/A,N/A,N/A,N/A,N/A,N/A,N/A,N/A,N/A,N/A,N/A,N/A,N/A,N/A,N/A,N/A,N/A
-0.247959378062073,0.621372660789854,0.244847029441418,0.0225634755122079,1.2340163303563,Reject,"Z2, Z4",1.83592936169202,0.244847029441418,-0.181433440573956,0.663785837359983,Accept,1.89056745853207,Accept,Accept,Accept,0.333458202916669
N/A,N/A,N/A,N/A,N/A,N/A,N/A,N/A,N/A,N/A,N/A,N/A,N/A,N/A,N/A,N/A,N/A
1.20373104892397,0.985445691636015,-0.102029621742285,-0.802245039879423,0.847827507826959,Accept,Z2,2.55344869625447,-0.102029621742285,-0.487371905849161,0.283021353538429,Accept,1.82795520934523,Accept,Accept,Accept,1.09362487284176
0.145658572717234,0.678568884437185,0.121064998439743,0.104599472411673,1.2763778159364,Reject,"Z2, Z4",2.53669971623529,0.121064998439743,-0.278115988797776,0.48759162892153,Accept,2.06682782412553,Reject,Accept,Reject,1.61308790488053
0.182941468745734,0.567807158502765,0.518303682673185,0.130914574354416,1.08249978923587,Reject,"Z1, Z2, Z4",1.68143650437233,0.518303682673185,0.107588998328849,0.937651024449371,Reject,1.70023540430631,Reject,Accept,Reject,1.75656059135419
N/A,N/A,N/A,N/A,N/A,N/A,N/A,N/A,N/A,N/A,N/A,N/A,N/A,N/A,N/A,N/A,N/A
0.915776957463255,0.667886435318146,0.291120589186139,-0.158234923312484,0.763219852609859,Accept,"Z1, Z2, Z4",2.38190532918525,0.291120589186139,-0.131684827803242,0.734262884645301,Accept,2.10098696930154,Accept,Accept,Accept,0.518467801485853
-0.290162658580188,0.5745139059995,0.423014354437362,-0.0218487822525024,1.63215337214526,Accept,Z4,3.07687219710563,0.423014354437362,-0.124332389999508,0.899409735960494,Accept,2.28509242648568,Reject,Accept,Accept,0.43540294307552
0.927925827019485,0.984387665407247,-0.134193325659565,-0.614732294235504,0.47580872829205,Accept,"Z4, X10",2.06542504044244,-0.134193325659565,-0.51604003746945,0.255854116962879,Accept,1.30227936283512,Accept,Accept,Accept,0.905958145163573
1.25389104060806,0.957619592341379,0.179343902011272,-0.570750865901888,1.11731400099682,Accept,Z2,3.41833762205809,0.179343902011272,-0.32447918665578,0.647516191570019,Accept,2.60286030040726,Accept,Accept,Accept,1.50136978966266
N/A,N/A,N/A,N/A,N/A,N/A,N/A,N/A,N/A,N/A,N/A,N/A,N/A,N/A,N/A,N/A,N/A
N/A,N/A,N/A,N/A,N/A,N/A,N/A,N/A,N/A,N/A,N/A,N/A,N/A,N/A,N/A,N/A,N/A
1.11592458039593,0.980777748308174,0.267755250248261,-0.527549779843669,0.581230980546667,Accept,"Z2, Z4",3.11324384757587,0.267755250248261,-0.250923751792525,0.761194821085213,Accept,2.5228805026592,Reject,Accept,Accept,0.530664220909552
2.32796918368264,1.17537714229289,-0.194418316691599,-1.2456600201557,0.394520130115638,Accept,Z2,2.61519330543837,-0.194418316691599,-0.738065657649029,0.418904482181404,Accept,2.55689037918403,Reject,Accept,Accept,0.693209889741071
1.5671349222747,0.964101473238488,0.22247137271669,-0.568182073188895,0.362184090632758,Accept,"Z2, Z4",2.96279216567759,0.22247137271669,-0.115178678052576,0.56381158195964,Accept,2.00191661964055,Accept,Accept,Accept,1.21470877881216
1.58247374125227,1.16765023680136,-0.0918464950841021,-0.407669138518528,0.565834576704271,Accept,"Z2, Z4",3.08333757231573,-0.0918464950841021,-0.46834759438132,0.298496846540145,Accept,2.24875610005512,Accept,Accept,Accept,0.0180511546688699
0.875564885960054,0.826018205697849,0.201962263698669,-0.146001805511736,0.642597616715739,Accept,"Z1, Z2, Z4",2.40949823840127,0.201962263698669,-0.153597743981718,0.563035419563014,Accept,2.07113355574756,Accept,Accept,Accept,0.779007655484637
N/A,N/A,N/A,N/A,N/A,N/A,N/A,N/A,N/A,N/A,N/A,N/A,N/A,N/A,N/A,N/A,N/A
0.151962469472566,0.786935632081267,0.239911707410544,-0.0865880290033531,0.872346266734374,Accept,"Z1, X2",1.94453708353836,0.239911707410544,-0.0786432978241252,0.537415910768021,Accept,1.51355441280824,Accept,Accept,Accept,0.744365321174447
2.15838562312043,1.16336157885893,0.117746912792437,-1.00189917270306,0.333437172970085,Accept,X4,2.42251138160007,0.117746912792437,-0.330867451761158,0.545626174129125,Accept,1.47474409364554,Accept,Accept,Accept,0.489046774524279
0.964664886474295,0.77185536799466,-0.0754009979483294,-0.371954763303844,1.03004713497625,Accept,Z2,3.04394952596982,-0.0754009979483294,-0.469495550806256,0.328852869517943,Accept,2.04923993862067,Accept,Accept,Accept,0.340608994001759
1.21953105090701,0.949263681012849,0.314752526302082,-0.239007253100406,0.734548086840751,Accept,"Z2, Z4",3.09826160899213,0.314752526302082,-0.0513129162888311,0.676259947405375,Accept,2.08769631380704,Reject,Accept,Accept,0.296587345184714
-2.07028131650775,0.240056677831463,0.746892013005968,0.732208479129527,2.36771157919037,Reject,Z4,2.73374464747928,0.746892013005968,0.24246613249102,1.21706601448423,Reject,2.31647459016674,Reject,Accept,Accept,1.28326260646274
0.00286432523575028,0.722173232696791,0.407887274019132,-0.206067676851224,1.10817866467861,Accept,Z2,3.12903599731536,0.407887274019132,0.0774580834650037,0.761040555574826,Reject,1.8097427320933,Reject,Accept,Reject,1.78801956269324
2.55904489533441,1.42804416973194,-0.173919086654582,-1.44494656725058,0.208465393705798,Accept,Z2,2.51152071382864,-0.173919086654582,-0.808613096202422,0.4008427630027,Accept,2.40837787118174,Reject,Accept,Accept,1.11140816426774
N/A,N/A,N/A,N/A,N/A,N/A,N/A,N/A,N/A,N/A,N/A,N/A,N/A,N/A,N/A,N/A,N/A
0.0533735386690275,0.809124570546833,0.214405363461762,-0.145045403618051,0.921553148181865,Accept,"Z2, Z4",2.34563335460358,0.214405363461762,-0.246902818902745,0.678395072657838,Accept,2.26189862326725,Reject,Accept,Accept,0.86648609830928
-0.188573710717544,0.576513705180712,0.397927542877609,-0.171207043007065,1.47090610954463,Accept,X5,3.04829378242476,0.397927542877609,-0.169779527894898,0.984843779213621,Accept,2.3173790442166,Reject,Accept,Accept,1.25597772220425
1.84019668015081,0.866701567255656,-0.0649110856487752,-0.780562191423544,0.742371801727686,Accept,Z2,3.06696243344323,-0.0649110856487752,-0.420948827495176,0.319673732270933,Accept,1.94081789710368,Accept,Accept,Accept,0.565227050070621
N/A,N/A,N/A,N/A,N/A,N/A,N/A,N/A,N/A,N/A,N/A,N/A,N/A,N/A,N/A,N/A,N/A
0.532920398410823,0.784519325086842,0.239075190896401,0.00301161214333745,0.774763765787855,Reject,"Z1, Z2, Z4",1.92021617405455,0.239075190896401,-0.0772736642328342,0.562281011701042,Accept,1.88355240748489,Accept,Accept,Accept,0.702096675075535
-0.373323397387557,0.539118382554095,0.604190878737866,-0.1202086908023,1.75574777746735,Accept,Z1,3.08745408704487,0.604190878737866,0.241546888182545,0.998953669184068,Reject,1.6771667110267,Accept,Accept,Accept,1.3573446273264
0.54063114742911,0.769028907744835,0.283093592061197,-0.235340741295077,0.873701976748846,Accept,"Z2, Z4",1.9086123999749,0.283093592061197,-0.241180626553185,0.773430366082314,Accept,2.03174139111479,Accept,Accept,Accept,1.02983792960078
1.1619142472152,0.951115991266913,0.176604982421864,-0.330842325876869,0.557482595454921,Accept,"Z1, Z2, Z4",2.08730956764842,0.176604982421864,-0.230575445118529,0.58934926641857,Accept,2.08708559222455,Reject,Accept,Accept,0.718042323499085
1.05749339559177,0.74969150924672,0.369549021784072,-0.705031260839552,0.928736846373182,Accept,X10,2.96444094754512,0.369549021784072,-0.180901864222774,0.843077157779247,Accept,2.01701692213945,Accept,Accept,Accept,1.11354207327689
N/A,N/A,N/A,N/A,N/A,N/A,N/A,N/A,N/A,N/A,N/A,N/A,N/A,N/A,N/A,N/A,N/A
1.49980210248569,0.920224778399843,-0.0255049913685856,-0.497583276432181,0.77991886434367,Accept,Z2,2.94937317505876,-0.0255049913685856,-0.425677393415087,0.400721821444025,Accept,2.19238994938397,Accept,Accept,Accept,1.43566755655586
1.22437372542897,0.917822351885503,0.217495627086964,-0.00750978243176378,0.802217462080182,Accept,"Z2, Z4",2.24010189545969,0.217495627086964,-0.150858557072954,0.577144016550727,Accept,1.98692984586683,Reject,Accept,Accept,1.00373399309877
N/A,N/A,N/A,N/A,N/A,N/A,N/A,N/A,N/A,N/A,N/A,N/A,N/A,N/A,N/A,N/A,N/A
0.55805125156259,0.766905329356148,0.22224816038333,-0.345054587444759,0.991985794286397,Accept,Z2,2.35675542608892,0.22224816038333,-0.204633226377946,0.6513342818903,Accept,1.69177212709502,Accept,Accept,Accept,0.710171866679824
N/A,N/A,N/A,N/A,N/A,N/A,N/A,N/A,N/A,N/A,N/A,N/A,N/A,N/A,N/A,N/A,N/A
2.95155358492416,1.49677433603494,-0.290849160264218,-1.49934759332098,-0.4728289515171,Reject,Z2,2.44254318457834,-0.290849160264218,-0.588465307444712,0.0128754020669097,Accept,2.00845280367975,Accept,Accept,Accept,1.62533312712977
N/A,N/A,N/A,N/A,N/A,N/A,N/A,N/A,N/A,N/A,N/A,N/A,N/A,N/A,N/A,N/A,N/A
N/A,N/A,N/A,N/A,N/A,N/A,N/A,N/A,N/A,N/A,N/A,N/A,N/A,N/A,N/A,N/A,N/A
2.3097213229628,0.827234741274255,0.0198877846573416,-1.03725927215011,0.417231653031485,Accept,Z2,3.12105440660658,0.0198877846573416,-0.453423407308144,0.510823646377795,Accept,2.54119183283738,Accept,Accept,Accept,0.518738277524367
N/A,N/A,N/A,N/A,N/A,N/A,N/A,N/A,N/A,N/A,N/A,N/A,N/A,N/A,N/A,N/A,N/A
N/A,N/A,N/A,N/A,N/A,N/A,N/A,N/A,N/A,N/A,N/A,N/A,N/A,N/A,N/A,N/A,N/A
1.73216472078115,1.3204243163716,0.0469986494525824,-1.58243702257548,0.264122760035258,Accept,Z2,2.41270986352264,0.0469986494525824,-0.429565705500245,0.495478276750423,Accept,1.59762873572404,Accept,Accept,Accept,0.760017816624032
N/A,N/A,N/A,N/A,N/A,N/A,N/A,N/A,N/A,N/A,N/A,N/A,N/A,N/A,N/A,N/A,N/A
N/A,N/A,N/A,N/A,N/A,N/A,N/A,N/A,N/A,N/A,N/A,N/A,N/A,N/A,N/A,N/A,N/A
0.754430137693803,0.675764558407002,0.167700895715229,-0.202126380276062,1.14435721475423,Accept,Z2,2.76063625233908,0.167700895715229,-0.27298322788788,0.592072855193434,Accept,1.95445258526286,Reject,Accept,Accept,0.812074911352091
N/A,N/A,N/A,N/A,N/A,N/A,N/A,N/A,N/A,N/A,N/A,N/A,N/A,N/A,N/A,N/A,N/A
N/A,N/A,N/A,N/A,N/A,N/A,N/A,N/A,N/A,N/A,N/A,N/A,N/A,N/A,N/A,N/A,N/A
0.201138518928884,0.606672904223365,-0.0255011205177309,-0.322983557402844,1.38217429996808,Accept,Z2,4.09988401108077,-0.0255011205177309,-0.427265797575922,0.354584661332871,Accept,2.42779692499828,Accept,Accept,Accept,0.623120613298297
0.108397286695712,0.766303732079047,0.32110029458311,-0.031707525133911,1.0382681103174,Accept,"Z2, Z4",2.15089340401981,0.32110029458311,-0.147014140852396,0.800711906401347,Accept,2.01791304101823,Accept,Accept,Accept,0.180462811021874
1.78855517914019,1.02066779564228,0.0413648050214371,-0.623757435772911,0.461537321461069,Accept,"Z2, Z4",3.0808981700427,0.0413648050214371,-0.420368611732589,0.447931285673531,Accept,2.30948498066781,Accept,Accept,Accept,0.685040630452332
N/A,N/A,N/A,N/A,N/A,N/A,N/A,N/A,N/A,N/A,N/A,N/A,N/A,N/A,N/A,N/A,N/A
0.556878271552789,0.563519151727275,-0.091075948583458,-0.217068000160681,1.56173038565093,Accept,Z4,3.57792990019081,-0.091075948583458,-0.592803153487779,0.422439149357789,Accept,2.15267151152782,Accept,Accept,Reject,1.64649901996222
1.35270784576606,1.17826581373568,0.367463697494627,-1.15794881516878,0.46235581583051,Accept,Z2,2.76857036888843,0.367463697494627,-0.0048668690694682,0.748896413137642,Accept,1.48409552727059,Reject,Reject,Accept,1.00644020123089
0.519697639582978,0.982448247145173,0.197192828752907,-0.448807773736408,1.42434932404521,Accept,Z4,2.794555644689,0.197192828752907,-0.26484196179296,0.67068757950219,Accept,2.01947523439918,Accept,Accept,Accept,1.16463441494032
0.774894739173391,0.724726143541232,0.118176722611873,-0.599644117361525,0.854221384163113,Accept,"Z4, X4",2.9125572825903,0.118176722611873,-0.286983290304015,0.547928101345909,Accept,1.84644624552346,Accept,Accept,Accept,0.697526507482516
N/A,N/A,N/A,N/A,N/A,N/A,N/A,N/A,N/A,N/A,N/A,N/A,N/A,N/A,N/A,N/A,N/A
0.415295944827831,0.920767116570634,0.160047761956147,-0.42314703919004,0.934318667196882,Accept,"Z2, Z4",1.74737842758087,0.160047761956147,-0.262148677281335,0.569283877072314,Accept,1.67338854535144,Accept,Accept,Accept,1.26901033430614
0.937767687829749,0.764657403622055,0.417962356261488,-0.471058306697514,0.914631391658068,Accept,Z2,2.15812371977531,0.417962356261488,0.0170634513867868,0.78259376289921,Reject,1.98514744495275,Reject,Reject,Accept,1.15396662375248
N/A,N/A,N/A,N/A,N/A,N/A,N/A,N/A,N/A,N/A,N/A,N/A,N/A,N/A,N/A,N/A,N/A
0.495756611949597,0.872132184424359,0.136711334729529,-0.427682642368232,0.809282167589138,Accept,Z2,2.70512907650258,0.136711334729529,-0.263435577826296,0.558140916948064,Accept,1.88266757390165,Accept,Accept,Accept,0.796083353538974
1.23859425355293,0.973581356117149,-0.0162690563511403,-0.619263174151281,0.519968478254887,Accept,"Z2, Z4",1.82523268813153,-0.0162690563511403,-0.405107250223914,0.371607846867174,Accept,1.95487364335928,Accept,Accept,Accept,0.576501137495078
N/A,N/A,N/A,N/A,N/A,N/A,N/A,N/A,N/A,N/A,N/A,N/A,N/A,N/A,N/A,N/A,N/A
N/A,N/A,N/A,N/A,N/A,N/A,N/A,N/A,N/A,N/A,N/A,N/A,N/A,N/A,N/A,N/A,N/A
N/A,N/A,N/A,N/A,N/A,N/A,N/A,N/A,N/A,N/A,N/A,N/A,N/A,N/A,N/A,N/A,N/A
1.28121047729779,1.05987912418298,-0.204983209130095,-0.581264829360578,0.732360255601157,Accept,Z2,2.48962434914907,-0.204983209130095,-0.677322980974069,0.264108104016238,Accept,1.75985412759965,Accept,Accept,Accept,0.845118852579363
N/A,N/A,N/A,N/A,N/A,N/A,N/A,N/A,N/A,N/A,N/A,N/A,N/A,N/A,N/A,N/A,N/A
1.70182807141719,1.07334798027702,0.204392650889798,-0.778324661015469,0.738364600034648,Accept,Z2,2.36374235713041,0.204392650889798,-0.331712684849744,0.724682225945874,Accept,2.25285340509672,Accept,Accept,Accept,0.582123317802786
N/A,N/A,N/A,N/A,N/A,N/A,N/A,N/A,N/A,N/A,N/A,N/A,N/A,N/A,N/A,N/A,N/A
0.267494142488785,0.814650282835135,0.503677706036631,-0.195895941094984,1.68179069910452,Accept,Z4,2.85878955615446,0.503677706036631,0.0539247376671984,0.943666397354696,Reject,2.13717455169261,Reject,Accept,Accept,1.27799569014177
N/A,N/A,N/A,N/A,N/A,N/A,N/A,N/A,N/A,N/A,N/A,N/A,N/A,N/A,N/A,N/A,N/A
N/A,N/A,N/A,N/A,N/A,N/A,N/A,N/A,N/A,N/A,N/A,N/A,N/A,N/A,N/A,N/A,N/A
1.383117128234,0.883319722633287,0.186023943044101,-0.559503649421969,0.863814919293529,Accept,Z2,2.99683528823085,0.186023943044101,-0.205330190189107,0.587929983502434,Accept,2.29173903889685,Reject,Reject,Reject,1.54536836976939
N/A,N/A,N/A,N/A,N/A,N/A,N/A,N/A,N/A,N/A,N/A,N/A,N/A,N/A,N/A,N/A,N/A
N/A,N/A,N/A,N/A,N/A,N/A,N/A,N/A,N/A,N/A,N/A,N/A,N/A,N/A,N/A,N/A,N/A
N/A,N/A,N/A,N/A,N/A,N/A,N/A,N/A,N/A,N/A,N/A,N/A,N/A,N/A,N/A,N/A,N/A
N/A,N/A,N/A,N/A,N/A,N/A,N/A,N/A,N/A,N/A,N/A,N/A,N/A,N/A,N/A,N/A,N/A
N/A,N/A,N/A,N/A,N/A,N/A,N/A,N/A,N/A,N/A,N/A,N/A,N/A,N/A,N/A,N/A,N/A
1.40637856961529,1.02511439581191,0.203954463295439,-1.01009731514115,0.863870198270256,Accept,Z4,3.03052135245334,0.203954463295439,-0.270880904528864,0.634552386589634,Accept,2.11222004583059,Accept,Accept,Accept,0.377887256556516
1.44181640555785,0.741423080003731,-0.112308353965889,-0.352830112405733,0.386006938985423,Accept,"Z2, Z4",2.04134848538806,-0.112308353965889,-0.492362584597264,0.241380581225887,Accept,1.89063816031983,Accept,Accept,Accept,0.438230157270936
0.903519586317752,0.593121518594947,0.229184530110968,-0.5357830244375,1.29083169917045,Accept,Z2,2.96735463426471,0.229184530110968,-0.227150372947878,0.70562980537568,Accept,1.94359265711946,Accept,Accept,Accept,0.902995389220475
1.82903462546892,1.17696377124939,-0.0150890613717179,-1.3075174287146,0.674112425344055,Accept,Z4,2.26154912172518,-0.0150890613717179,-0.550797248100733,0.510711445245499,Accept,1.85343703319435,Accept,Accept,Accept,0.627797429748131
N/A,N/A,N/A,N/A,N/A,N/A,N/A,N/A,N/A,N/A,N/A,N/A,N/A,N/A,N/A,N/A,N/A
2.98995334848235,1.29559942956256,-0.160901653856031,-1.55359385944819,-0.178297378744941,Reject,Z2,2.95466780660073,-0.160901653856031,-0.604939289193224,0.242927950999995,Accept,1.9927570401346,Reject,Accept,Accept,1.58855028147057
-0.336561005264672,0.483354262980941,0.855464567469442,0.15004416820093,1.70822392385104,Reject,Z4,2.90201040645845,0.855464567469442,0.229014170794943,1.46554770128222,Reject,2.68863706807043,Reject,Accept,Accept,1.34584413130769
0.554748841375238,0.881400897245217,0.300358227404442,-0.379389551721755,0.910211828949245,Accept,"Z2, Z4",2.22784164269653,0.300358227404442,-0.0971780636340543,0.715290729140096,Accept,1.80886242246583,Accept,Accept,Accept,1.16329967523866
N/A,N/A,N/A,N/A,N/A,N/A,N/A,N/A,N/A,N/A,N/A,N/A,N/A,N/A,N/A,N/A,N/A
0.106643221287852,0.796274905235747,0.0130318915992544,-0.456953733158122,1.20155514693589,Accept,X3,2.62042487948123,0.0130318915992544,-0.454890480304506,0.467326605315781,Accept,1.68851056475742,Accept,Accept,Accept,0.929004261460617
1.5895706521105,0.963040314022471,0.0996757507886224,-0.456744541993327,0.513291543367737,Accept,"Z1, Z2, Z4",3.09475708927547,0.0996757507886224,-0.3199801283169,0.526837951296059,Accept,2.59690842935406,Accept,Accept,Accept,0.761413156910517
2.05343652757792,1.18241943814413,-0.142900341741069,-1.17203056833294,0.362171798971381,Accept,Z2,2.7278208408464,-0.142900341741069,-0.527480013255285,0.221690285677911,Accept,2.27075904667895,Accept,Accept,Accept,0.0519201358301487
N/A,N/A,N/A,N/A,N/A,N/A,N/A,N/A,N/A,N/A,N/A,N/A,N/A,N/A,N/A,N/A,N/A
0.581798567987424,0.782472354221237,0.292048924817685,-0.351829287062516,0.905680765682379,Accept,Z2,3.47379266839971,0.292048924817685,-0.0834783256590219,0.676498449280947,Accept,2.23373247593867,Accept,Accept,Accept,1.70312517928003
1.47737455051562,1.03324773198785,-0.0421026137020967,-0.513890800497123,0.340866798684355,Accept,"Z1, Z2, Z4",2.12358072705273,-0.0421026137020967,-0.460030452168186,0.36335558394071,Accept,1.96557240441735,Accept,Accept,Accept,1.06173311071705
N/A,N/A,N/A,N/A,N/A,N/A,N/A,N/A,N/A,N/A,N/A,N/A,N/A,N/A,N/A,N/A,N/A
N/A,N/A,N/A,N/A,N/A,N/A,N/A,N/A,N/A,N/A,N/A,N/A,N/A,N/A,N/A,N/A,N/A
N/A,N/A,N/A,N/A,N/A,N/A,N/A,N/A,N/A,N/A,N/A,N/A,N/A,N/A,N/A,N/A,N/A
N/A,N/A,N/A,N/A,N/A,N/A,N/A,N/A,N/A,N/A,N/A,N/A,N/A,N/A,N/A,N/A,N/A
1.26747584699343,0.918408905760304,-0.0773160995153605,-0.417155569372731,0.589726839491601,Accept,"Z2, Z4",1.73378605805829,-0.0773160995153605,-0.415039117753552,0.269579379328377,Accept,1.83090755127579,Accept,Accept,Accept,0.659418859508449
N/A,N/A,N/A,N/A,N/A,N/A,N/A,N/A,N/A,N/A,N/A,N/A,N/A,N/A,N/A,N/A,N/A
0.359900606056591,0.88264501182331,0.233285825189212,-0.184916410460943,1.03021487333111,Accept,"Z2, Z4",3.85615846217426,0.233285825189212,-0.178310613173414,0.649635154087264,Accept,2.49803305074896,Accept,Accept,Accept,0.738281765261924
1.58482438772216,1.19088390334335,0.188658708941197,-1.06551063375526,0.286584098501471,Accept,Z2,2.5851140357388,0.188658708941197,-0.261210778706998,0.608279241023395,Accept,2.11587549741894,Reject,Accept,Accept,0.996350319888951
N/A,N/A,N/A,N/A,N/A,N/A,N/A,N/A,N/A,N/A,N/A,N/A,N/A,N/A,N/A,N/A,N/A
N/A,N/A,N/A,N/A,N/A,N/A,N/A,N/A,N/A,N/A,N/A,N/A,N/A,N/A,N/A,N/A,N/A
0.704092471912942,0.79059886161596,0.224662608858494,-0.190306243099688,1.02774862601715,Accept,Z4,3.05985459465152,0.224662608858494,-0.118744570467117,0.568419194048583,Accept,2.35908177247118,Accept,Accept,Accept,0.508824269232874
1.26550816050878,0.950599719957669,0.165520817757431,-0.557426986121479,0.808907090647743,Accept,"Z2, Z4",2.87560233291354,0.165520817757431,-0.33669070462119,0.679507046987283,Accept,2.37461537623988,Accept,Accept,Accept,1.29612543914766
0.282959194015594,0.70735011136429,0.0919896029190828,-0.0204161066964798,1.12643583169851,Accept,"Z2, Z4",2.80976964395466,0.0919896029190828,-0.335140586148512,0.522773239646586,Accept,2.32573678914442,Accept,Accept,Accept,1.18964676756841
0.116112404569062,0.848077442377855,0.2223772206866,-0.531473265476884,1.13619620793806,Accept,Z2,2.17326587888518,0.2223772206866,-0.246136165875017,0.70776715191317,Accept,1.76316917049162,Accept,Accept,Accept,0.391787756763199
1.0197231029853,0.741242041670483,0.309961381033252,-0.301507980321681,0.990613826219364,Accept,Z2,2.6553644706619,0.309961381033252,-0.197412845485998,0.792263591752798,Accept,2.65182029728841,Accept,Accept,Accept,1.04460329078299
N/A,N/A,N/A,N/A,N/A,N/A,N/A,N/A,N/A,N/A,N/A,N/A,N/A,N/A,N/A,N/A,N/A
1.66195257590994,1.17555124089867,0.214117277269311,-0.757747103434694,0.794467903374131,Accept,Z2,3.55249182576323,0.214117277269311,-0.150521910580201,0.600228054928719,Accept,2.16324207698631,Accept,Accept,Accept,0.63837075483279
-1.05772760442539,0.446918393041466,0.0859948670367968,0.26280862581268,2.13010209541856,Reject,Z4,2.6557598115285,0.0859948670367968,-0.29246573513404,0.461163405742506,Accept,1.75252840578004,Accept,Accept,Accept,1.30496829132375
N/A,N/A,N/A,N/A,N/A,N/A,N/A,N/A,N/A,N/A,N/A,N/A,N/A,N/A,N/A,N/A,N/A
2.26117910354753,0.933738061358353,0.137402137404885,-1.02915818894594,0.605138556366961,Accept,Z2,4.58903817718828,0.137402137404885,-0.330585742183942,0.597733300118937,Accept,2.58210515090835,Accept,Accept,Accept,1.06442618027629
-0.940847774936998,0.185414714695531,0.00674495558299945,-0.147940716490676,2.24169762968507,Accept,X1,2.71748799678451,0.00674495558299945,-0.371374326208424,0.346460145420039,Accept,1.38614807877445,Accept,Accept,Accept,0.623207202178642
N/A,N/A,N/A,N/A,N/A,N/A,N/A,N/A,N/A,N/A,N/A,N/A,N/A,N/A,N/A,N/A,N/A
N/A,N/A,N/A,N/A,N/A,N/A,N/A,N/A,N/A,N/A,N/A,N/A,N/A,N/A,N/A,N/A,N/A
0.479795296289461,0.940407012419723,0.22239792708699,-0.223276075715101,1.38501923924219,Accept,Z2,2.76075460314698,0.22239792708699,-0.205224400716525,0.6390176572238,Accept,2.14193967462057,Reject,Accept,Accept,1.39876485141794
N/A,N/A,N/A,N/A,N/A,N/A,N/A,N/A,N/A,N/A,N/A,N/A,N/A,N/A,N/A,N/A,N/A
2.37321046849515,1.18901065889923,-0.508940491220711,-1.25760882196548,-0.0189239100483975,Reject,"Z2, Z4",2.55854913441748,-0.508940491220711,-0.987442091963507,-0.0390193447859015,Reject,2.0529686866448,Accept,Accept,Accept,1.28507084930786
1.14367340214732,0.933260844303096,0.735151060922932,-0.943999674614992,0.964722957548082,Accept,Z2,2.65505835457514,0.735151060922932,0.268138222536733,1.1761529440713,Reject,2.22461406183565,Reject,Reject,Accept,0.723204411815179
N/A,N/A,N/A,N/A,N/A,N/A,N/A,N/A,N/A,N/A,N/A,N/A,N/A,N/A,N/A,N/A,N/A
1.42811283802229,1.0535832492668,0.0521824601548584,-1.08136451340421,0.848360442306108,Accept,Z2,2.95423815825706,0.0521824601548584,-0.628396897625087,0.695906753339014,Accept,2.45974524946769,Accept,Accept,Accept,1.4440067576215
2.0523614126447,1.10331794395388,0.00195294520481941,-1.10202246939128,0.523652120101583,Accept,X4,2.78908404882264,0.00195294520481941,-0.506057255756759,0.510335057669691,Accept,1.97040961205522,Accept,Accept,Accept,0.819093677749334
1.01131679613556,0.812937309099975,-0.0143410909003741,-0.62189888876583,0.822648428790681,Accept,"Z1, X8",2.45111573972747,-0.0143410909003741,-0.496759451341365,0.47218769418506,Accept,2.02964875306762,Accept,Accept,Accept,0.334460401276594
1.36700203795712,1.03511605876125,0.359166057539316,-0.85095650478904,0.695941190678515,Accept,Z2,3.110149039869,0.359166057539316,-0.136283712430983,0.817691622799304,Accept,2.58073865067279,Accept,Accept,Accept,0.77631705922972
0.981954552272651,0.894679597829079,0.172801317474391,-0.342657449589507,0.672136795305269,Accept,"Z1, Z2, Z4",2.14353637431485,0.172801317474391,-0.314612733691316,0.669125714778884,Accept,2.22059429337337,Reject,Accept,Accept,1.31005590585955
N/A,N/A,N/A,N/A,N/A,N/A,N/A,N/A,N/A,N/A,N/A,N/A,N/A,N/A,N/A,N/A,N/A
0.546099915379884,0.718558154053603,0.249211855150035,-0.072846952349733,0.793027155440578,Accept,"Z1, Z4, X3",2.4934089311054,0.249211855150035,-0.169742858076769,0.646582882544744,Accept,2.24554387782635,Reject,Reject,Accept,1.50489230232234
N/A,N/A,N/A,N/A,N/A,N/A,N/A,N/A,N/A,N/A,N/A,N/A,N/A,N/A,N/A,N/A,N/A
0.613648713830413,0.917928894110129,0.0195439601310384,-0.512146482437594,0.506918816416829,Accept,"Z2, Z4",1.33492261838152,0.0195439601310384,-0.374659781408892,0.428201864500438,Accept,1.5056243798719,Accept,Accept,Accept,0.772686853592785
-0.166505063232051,0.709769826026469,0.0964895687340255,-0.449847831368511,1.37397162311504,Accept,Z4,3.17964235069096,0.0964895687340255,-0.352196442691037,0.552229267524388,Accept,2.22106864472237,Accept,Accept,Accept,0.38601468880202
N/A,N/A,N/A,N/A,N/A,N/A,N/A,N/A,N/A,N/A,N/A,N/A,N/A,N/A,N/A,N/A,N/A
1.00593900722158,0.887401812881085,0.0337715053302451,-0.465017168929008,1.00165004748907,Accept,Z2,3.94072021598447,0.0337715053302451,-0.357380692605865,0.467170900765269,Accept,2.26129970836667,Reject,Accept,Accept,1.22668309026241
0.106914782731579,0.695394328956854,0.1384823888635,0.103383855119259,1.02085551785649,Reject,"Z1, Z2, Z4",1.98054345788809,0.1384823888635,-0.232330627170387,0.495303592248272,Accept,1.52096250433719,Accept,Accept,Reject,1.85085993324253
0.669503262387556,0.610074921485997,0.365831600136644,-0.281313834225754,1.31603757392781,Accept,Z4,3.63564015943309,0.365831600136644,-0.0733101563317633,0.779915712180467,Accept,2.25545446652326,Accept,Accept,Reject,1.78273889779612
0.978362173868907,0.957072922976454,0.25987568434795,-0.328008958372114,0.793470342668393,Accept,"Z2, Z4",2.54797450611568,0.25987568434795,-0.18120972942013,0.713681327806616,Accept,2.08448952947193,Accept,Accept,Accept,0.678593517047275
-0.0486651426390739,0.700061008581947,0.479524885612452,-0.0164574893391241,1.79682089185086,Accept,Z4,3.38204772649045,0.479524885612452,0.0266080829621324,0.912085189877663,Reject,2.26841545607398,Reject,Accept,Accept,1.63814923891173
N/A,N/A,N/A,N/A,N/A,N/A,N/A,N/A,N/A,N/A,N/A,N/A,N/A,N/A,N/A,N/A,N/A
0.259345629202141,0.743828215588906,0.141094112172317,-0.0567429997727937,0.920655125295197,Accept,"Z1, Z2",2.29953687361969,0.141094112172317,-0.221132468364742,0.527691992833478,Accept,1.90429088667157,Accept,Accept,Accept,1.15642120098904
1.72192697237386,0.888549558520873,0.178612186368656,-0.675178198430559,0.46270266193124,Accept,"Z4, X8",2.82022485322896,0.178612186368656,-0.249419356033194,0.557591354400869,Accept,1.90208102422557,Accept,Accept,Accept,0.997444755477176
N/A,N/A,N/A,N/A,N/A,N/A,N/A,N/A,N/A,N/A,N/A,N/A,N/A,N/A,N/A,N/A,N/A
N/A,N/A,N/A,N/A,N/A,N/A,N/A,N/A,N/A,N/A,N/A,N/A,N/A,N/A,N/A,N/A,N/A
0.423876447333858,0.665229982556341,0.256415712875756,0.0553770632304443,1.00735776981374,Reject,"Z4, X2",2.10471476443221,0.256415712875756,-0.177096473426954,0.669345942873244,Accept,1.79578402636007,Accept,Accept,Reject,1.43497859857834
1.25444096632448,0.991036522938385,-0.14586859078025,-0.446128025424965,0.476084609577975,Accept,"Z2, Z4",1.99325032923852,-0.14586859078025,-0.488864002444743,0.204678098172985,Accept,1.75411820882583,Accept,Accept,Accept,1.25221254075064
1.04362295197671,0.761526627959605,0.0791202266983018,-0.183949967022276,0.806103200668307,Accept,"Z2, Z4",2.65829161408106,0.0791202266983018,-0.269843967280036,0.425272235174108,Accept,2.04909876237772,Reject,Accept,Accept,0.710296672186512
N/A,N/A,N/A,N/A,N/A,N/A,N/A,N/A,N/A,N/A,N/A,N/A,N/A,N/A,N/A,N/A,N/A
0.650280162662684,0.828396732786989,0.0609289404484422,-0.258951467802104,0.689369230321249,Accept,"Z1, Z2, Z4",2.10000391144203,0.0609289404484422,-0.298731663371015,0.427295377582132,Accept,1.69869152450138,Reject,Accept,Accept,0.413321712269542
1.59631262307872,0.9667074009813,0.0740808993754937,-0.437778705793001,0.569834656772356,Accept,"Z2, Z4",2.48406404350971,0.0740808993754937,-0.323388912165409,0.467078918807268,Accept,2.57330112826625,Accept,Accept,Accept,1.00782780123444
0.536833635541134,0.765027160009103,0.294570659719246,-0.00409133814667362,0.815424434641866,Accept,"Z2, Z4",2.3540722343704,0.294570659719246,-0.0929370234471411,0.70851262829064,Accept,2.26232455396691,Reject,Accept,Accept,1.36073828349741
N/A,N/A,N/A,N/A,N/A,N/A,N/A,N/A,N/A,N/A,N/A,N/A,N/A,N/A,N/A,N/A,N/A
0.881300201832513,0.804176952905532,0.287478185350353,-0.184012928427666,1.11380002777869,Accept,Z2,3.79210691215781,0.287478185350353,-0.226784009603741,0.820813063201717,Accept,2.91986449786561,Accept,Accept,Accept,0.866729318814037
1.77646861174427,0.771963131660626,0.220143106285268,-0.387708429704301,0.69889719800951,Accept,Z2,2.75891410254272,0.220143106285268,-0.192330469520418,0.634232919051582,Accept,2.15116251233776,Accept,Accept,Accept,0.25953260757531
0.899738347762148,0.715525808295191,0.427517319458811,-0.251417999151482,1.10564567867068,Accept,Z4,3.43567498108904,0.427517319458811,0.00923712040484133,0.841716368730269,Reject,2.274178001527,Accept,Accept,Accept,0.46270569172698
0.102006029626694,0.848968690658026,0.29466854752952,-0.134723465984179,1.50057077042285,Accept,Z4,2.75701326920713,0.29466854752952,-0.171333196177596,0.778439776968064,Accept,2.01690658761937,Reject,Accept,Reject,1.69889403001055
0.94543632383451,0.707999155963903,0.0942100873875953,-0.245313148187228,1.49152494140593,Accept,Z4,4.36035984642488,0.0942100873875953,-0.292792579816066,0.4689803327066,Accept,2.14546048612564,Accept,Accept,Accept,0.388514446190499
N/A,N/A,N/A,N/A,N/A,N/A,N/A,N/A,N/A,N/A,N/A,N/A,N/A,N/A,N/A,N/A,N/A
1.97766159334238,1.22043635156774,0.0641009043869981,-1.11347239073246,0.33540796902811,Accept,Z2,2.24992733631283,0.0641009043869981,-0.331512850184226,0.485257222588794,Accept,1.70175905136015,Accept,Accept,Accept,0.361941428400472
N/A,N/A,N/A,N/A,N/A,N/A,N/A,N/A,N/A,N/A,N/A,N/A,N/A,N/A,N/A,N/A,N/A
1.0957585970624,0.980851740237364,0.0135562579938041,-0.586293197244455,0.851352233696226,Accept,Z2,2.39996311856988,0.0135562579938041,-0.492180472405461,0.517852563054895,Accept,1.82596429126355,Reject,Accept,Accept,0.696281869798031
N/A,N/A,N/A,N/A,N/A,N/A,N/A,N/A,N/A,N/A,N/A,N/A,N/A,N/A,N/A,N/A,N/A
0.316711888886058,0.637946222453525,0.454160497459509,-0.103638867139117,0.942813556233051,Accept,"Z2, Z4",1.77381088224413,0.454160497459509,-0.00680748514891414,0.891458394739503,Accept,1.50214200264272,Reject,Accept,Accept,1.11190396336894
1.89229530831962,1.01908058999721,0.0116726589218354,-1.00195995330371,0.442011454669776,Accept,Z2,3.01246906446081,0.0116726589218354,-0.420285968825903,0.443528495459946,Accept,2.28386861267914,Accept,Accept,Accept,0.952218468725072
0.96598541627133,0.93366031610771,0.281535606268004,-0.598364836570575,1.06099809331823,Accept,Z1,2.45028075371287,0.281535606268004,-0.133444053388545,0.689763112756083,Accept,1.88805692099836,Reject,Accept,Accept,1.34415614150644
N/A,N/A,N/A,N/A,N/A,N/A,N/A,N/A,N/A,N/A,N/A,N/A,N/A,N/A,N/A,N/A,N/A
N/A,N/A,N/A,N/A,N/A,N/A,N/A,N/A,N/A,N/A,N/A,N/A,N/A,N/A,N/A,N/A,N/A
2.79973288957796,0.648310167125901,0.078139940175081,-0.878627679237536,0.551434760433513,Accept,Z2,3.74807210288758,0.078139940175081,-0.324534578887239,0.492151648549868,Accept,2.83921227389894,Accept,Accept,Accept,0.776803097819162
0.726615560671652,0.860826467960568,-0.0293758536231881,-0.459720526717326,1.04679934595906,Accept,Z4,3.07557882854795,-0.0293758536231881,-0.397231414541933,0.317495456634944,Accept,1.98698071210415,Accept,Accept,Accept,1.15006312243035
-0.480724046362489,0.737764878710201,0.259477736359231,-0.142344055155123,1.3815823764706,Accept,Z2,2.17830068316858,0.259477736359231,-0.240026244490943,0.838397894663012,Accept,2.27866748070359,Accept,Accept,Accept,1.13833463212935
N/A,N/A,N/A,N/A,N/A,N/A,N/A,N/A,N/A,N/A,N/A,N/A,N/A,N/A,N/A,N/A,N/A
1.58903180086305,1.07750275806911,-0.186788854837325,-0.815896789916374,0.132594756581542,Accept,"Z2, Z4",2.46419206861244,-0.186788854837325,-0.561387480273771,0.209370660624289,Accept,2.13188597881084,Accept,Accept,Accept,1.32242315822488
1.33887398963539,0.870889135170612,0.183803743936094,-0.321399606621881,0.706616470253199,Accept,Z4,3.20933455992503,0.183803743936094,-0.176576370196421,0.554913935395516,Accept,2.29206120732911,Accept,Accept,Accept,0.833605624728716
0.699501887295046,0.935136829932357,0.155258353106917,-0.392178279256311,0.798374763504501,Accept,"Z2, Z4",2.35463300865176,0.155258353106917,-0.201402492455316,0.552065226028031,Accept,1.49735133532331,Accept,Accept,Accept,0.745844582614249
0.992456434097658,0.872639279249502,0.118141184488798,-0.241718130299887,0.718915739024667,Accept,"Z2, Z4",3.84028905985055,0.118141184488798,-0.205346681306957,0.443227440230324,Accept,2.54684315701957,Accept,Accept,Accept,1.25780021166031
-1.09063793749283,0.229130918588132,0.369147987748127,0.739958236314763,2.19337993787702,Reject,Z4,3.49596838406951,0.369147987748127,-0.084287809737428,0.811582004858186,Accept,2.27309414386289,Reject,Accept,Accept,1.04620955808633
1.00008783413406,0.779727269049126,0.0938603131018013,-0.473761070132692,1.18795391901545,Accept,Z4,2.68039306414459,0.0938603131018013,-0.422131302488602,0.633925243944936,Accept,2.16618445832917,Accept,Accept,Accept,1.26740410874678
0.721150909050544,0.547724860940589,0.0969590931549583,-0.0868025025927662,0.928530387952021,Accept,"Z1, Z2, Z4",3.02184297043762,0.0969590931549583,-0.388155862015042,0.580636260761763,Accept,2.34764918085242,Reject,Accept,Accept,1.07839768520819
N/A,N/A,N/A,N/A,N/A,N/A,N/A,N/A,N/A,N/A,N/A,N/A,N/A,N/A,N/A,N/A,N/A
-0.447777860444343,0.656497270814516,0.443275854131851,-0.18373684838846,1.14317767508537,Accept,"Z2, Z4",1.75004704020489,0.443275854131851,-0.0478937324431922,0.927876681962966,Accept,1.57010452147928,Reject,Reject,Accept,0.90128986708569
N/A,N/A,N/A,N/A,N/A,N/A,N/A,N/A,N/A,N/A,N/A,N/A,N/A,N/A,N/A,N/A,N/A
0.671314005842045,0.826234330050738,0.302582547763652,-0.0933220013887379,1.01920970940808,Accept,"Z2, Z4",2.69520171308322,0.302582547763652,-0.0893052328097998,0.690376768985245,Accept,2.0646315629625,Reject,Accept,Accept,0.960566550896237
2.27348469669635,0.83585522301698,0.0976474182229774,-0.896833449662645,0.666718697871925,Accept,Z2,3.07797384049479,0.0976474182229774,-0.286563301718677,0.486844813887489,Accept,1.90696161562367,Accept,Accept,Accept,0.415074060490419
N/A,N/A,N/A,N/A,N/A,N/A,N/A,N/A,N/A,N/A,N/A,N/A,N/A,N/A,N/A,N/A,N/A
1.19120934280704,1.02333113437104,0.0187684072892766,-0.406832406778568,0.53983686152377,Accept,"Z1, Z2, Z4",2.53260841939945,0.0187684072892766,-0.385848994826973,0.398959383384563,Accept,1.82856449158665,Accept,Accept,Accept,1.43204840924926
0.0410213821652127,0.452944347186025,0.190113200609262,0.138232259943044,1.09716109806908,Reject,"Z2, Z4",2.18535090177004,0.190113200609262,-0.26722863379806,0.645758612377514,Accept,2.06968239244714,Accept,Accept,Reject,1.65211434832246
1.87678261956521,1.16213718788356,-0.130875476061548,-1.18557081288356,0.592682643408151,Accept,Z2,2.56096280044728,-0.130875476061548,-0.632254592797847,0.408418456250735,Accept,2.42032083922759,Accept,Accept,Accept,0.891330643055805
-0.153718735398003,0.356068092101009,0.352026909459437,0.0394049724810476,1.79120858844879,Reject,Z2,2.89875702755988,0.352026909459437,-0.144478284610424,0.867635714721289,Accept,2.56204163377365,Reject,Accept,Reject,1.75909772705375
N/A,N/A,N/A,N/A,N/A,N/A,N/A,N/A,N/A,N/A,N/A,N/A,N/A,N/A,N/A,N/A,N/A
N/A,N/A,N/A,N/A,N/A,N/A,N/A,N/A,N/A,N/A,N/A,N/A,N/A,N/A,N/A,N/A,N/A
0.393572649231086,0.872869839528699,0.176800703793754,-0.024661598418163,1.04693901179163,Accept,"Z2, Z4",2.75611628559312,0.176800703793754,-0.239637753376639,0.631303774455229,Accept,1.74531184953534,Accept,Accept,Accept,0.71000023882658
0.0646438806020999,0.64611828248449,0.117145086321857,-0.0716648184871626,1.22328322569855,Accept,Z2,2.70379236079559,0.117145086321857,-0.299911449901858,0.493316675901961,Accept,2.21679970228563,Accept,Accept,Accept,1.10138326661878
2.21054444451629,0.96885878128408,-0.313608648774887,-0.855907844886031,0.456447603010049,Accept,Z2,2.5280596678039,-0.313608648774887,-0.814108501089111,0.272671225392913,Accept,2.31088500414013,Reject,Accept,Accept,0.818625358490454
N/A,N/A,N/A,N/A,N/A,N/A,N/A,N/A,N/A,N/A,N/A,N/A,N/A,N/A,N/A,N/A,N/A
0.830899322933651,0.993210262684434,-0.077359280012167,-0.550099605487118,0.414250480057047,Accept,"Z4, X2",2.23566217628727,-0.077359280012167,-0.456460245335682,0.334605829357254,Accept,1.61506736094561,Accept,Accept,Accept,0.985619148061827
N/A,N/A,N/A,N/A,N/A,N/A,N/A,N/A,N/A,N/A,N/A,N/A,N/A,N/A,N/A,N/A,N/A
N/A,N/A,N/A,N/A,N/A,N/A,N/A,N/A,N/A,N/A,N/A,N/A,N/A,N/A,N/A,N/A,N/A
N/A,N/A,N/A,N/A,N/A,N/A,N/A,N/A,N/A,N/A,N/A,N/A,N/A,N/A,N/A,N/A,N/A
N/A,N/A,N/A,N/A,N/A,N/A,N/A,N/A,N/A,N/A,N/A,N/A,N/A,N/A,N/A,N/A,N/A
-0.223843874481475,0.43073939093992,0.265744201582519,-0.0500953015613792,1.67877851750177,Accept,Z4,2.45721487792269,0.265744201582519,-0.286102011650307,0.801594527111865,Accept,2.0960925802983,Accept,Accept,Accept,0.369201685371956
0.750761897996225,0.684931875000612,0.292606040419739,0.0491361011093692,0.964375511158387,Reject,"Z2, Z4",3.50405887554468,0.292606040419739,-0.0445969043370686,0.618497125091824,Accept,2.10797103691134,Reject,Reject,Reject,1.72592782086774
-0.0577804618217955,0.382338659314658,0.418222368382297,0.0721746350464783,1.60138188152409,Reject,Z4,4.01762205470783,0.418222368382297,0.00898278904797881,0.821773521858795,Reject,2.72842959532587,Reject,Accept,Accept,1.21706008772635
N/A,N/A,N/A,N/A,N/A,N/A,N/A,N/A,N/A,N/A,N/A,N/A,N/A,N/A,N/A,N/A,N/A
0.856592970396722,0.739818843273699,0.271684755161234,-0.327628193804289,0.937565900424639,Accept,"Z2, Z4",2.28618192129869,0.271684755161234,-0.207442540280342,0.764574581657696,Accept,2.11249452944124,Accept,Accept,Accept,0.447146626392924
1.31936897088233,0.82259887059901,0.275406354660175,-0.448146867773655,0.570225597976118,Accept,Z2,2.83637551120508,0.275406354660175,-0.0266086713893049,0.603556632035509,Accept,2.03783151812198,Accept,Accept,Accept,0.680306108719301
N/A,N/A,N/A,N/A,N/A,N/A,N/A,N/A,N/A,N/A,N/A,N/A,N/A,N/A,N/A,N/A,N/A
1.79263351297623,0.931822288184811,0.0968138362448514,-0.690397741665045,0.327962186863197,Accept,Z2,3.07346752257743,0.0968138362448514,-0.227499982078893,0.419007422327116,Accept,1.87721359966429,Reject,Accept,Accept,0.510256452711611
1.20960899310042,0.780015945678037,0.459204249819369,-0.68316572605094,0.913315924352334,Accept,Z2,2.64115009000956,0.459204249819369,-0.0273574851982344,0.962253283396434,Accept,2.29521171392938,Reject,Accept,Reject,1.19633337715015
2.14247458145359,1.15592886956866,-0.430472249120602,-0.882259569385529,0.0474395853579924,Accept,"Z1, Z2, Z4",2.32339709192629,-0.430472249120602,-0.796147838677467,-0.0568358650863647,Reject,1.73964346879104,Accept,Accept,Accept,0.929615417131761
-0.388330460668347,0.457480213132011,0.022290054338594,0.0932641619780564,1.32338830572201,Reject,"Z2, Z4",2.1494709571405,0.022290054338594,-0.371090564136771,0.389719263034952,Accept,1.61301937187207,Accept,Accept,Reject,1.61205967443347
0.974695876145474,0.654816425643035,0.206275182415212,-0.22782254097059,1.10920561848008,Accept,Z4,2.75091512747782,0.206275182415212,-0.189961803389178,0.599301324195657,Accept,1.79653223811567,Accept,Accept,Accept,1.28259431398102
1.4129793163656,0.969431709769351,0.266304340072795,-0.239872533606492,0.690565823776256,Accept,"Z2, Z4",3.1941809449824,0.266304340072795,-0.0632575316064898,0.618166892040673,Accept,2.05111204240491,Reject,Accept,Accept,0.654210488332965
0.888635806941444,0.874917955214476,0.279254135082626,-0.275178013609532,0.786102062641164,Accept,"Z2, Z4",2.17942810061635,0.279254135082626,-0.123355644180435,0.665058919675753,Accept,1.78348271551007,Accept,Accept,Accept,0.588188901295364
0.947800173930352,0.896109930066152,-0.0721456176100006,-0.35162873346104,0.385329272626361,Accept,"Z1, Z4, X3",2.14519021926772,-0.0721456176100006,-0.385820965376859,0.238095955912024,Accept,1.54181265635382,Accept,Accept,Accept,1.16114575769676
0.324331771903837,0.804684572422408,0.227540224506661,-0.233493914863834,0.705908996910856,Accept,"Z4, X7",1.83813512247875,0.227540224506661,-0.152508099461917,0.630005770787238,Accept,1.37693481326226,Reject,Accept,Accept,0.782372562975436
N/A,N/A,N/A,N/A,N/A,N/A,N/A,N/A,N/A,N/A,N/A,N/A,N/A,N/A,N/A,N/A,N/A
1.26549364848291,0.788724658931003,0.272359556304145,-0.405513519679065,0.86296367902704,Accept,Z2,3.65170359130064,0.272359556304145,-0.0959395456079021,0.630111489362374,Accept,2.50070604585723,Accept,Accept,Accept,1.22984341116598
0.860831072954056,0.722110037015108,0.257084883930348,-0.281606245290543,0.772658423089867,Accept,"Z2, Z4",2.14460459583326,0.257084883930348,-0.170039576972671,0.632069627568369,Accept,1.73001401513372,Accept,Accept,Accept,1.29144423505295
-0.0454407729784354,0.490755756575528,0.382360236190927,0.0443829709573762,1.77593225175763,Reject,Z4,3.20239180474152,0.382360236190927,-0.0309384103473426,0.793161189371232,Accept,2.13369847190952,Reject,Accept,Reject,1.60675939966424
N/A,N/A,N/A,N/A,N/A,N/A,N/A,N/A,N/A,N/A,N/A,N/A,N/A,N/A,N/A,N/A,N/A
1.46869363541147,1.04909184761999,0.355425090467338,-1.11098880560487,0.650085594863781,Accept,Z1,2.26239911618985,0.355425090467338,-0.0779863917266941,0.737148665630375,Accept,1.57030029915739,Reject,Accept,Accept,0.867808480466637
N/A,N/A,N/A,N/A,N/A,N/A,N/A,N/A,N/A,N/A,N/A,N/A,N/A,N/A,N/A,N/A,N/A
1.96541299131987,1.05300156208429,-0.0628750478670358,-1.0722001477535,0.257088366333588,Accept,Z2,2.76452150686705,-0.0628750478670358,-0.531213025108959,0.417537610460626,Accept,2.54610760897184,Accept,Accept,Accept,1.35672453798379
1.0379729983267,0.87500544307169,0.481926744117553,-0.606785721117382,1.23137251695189,Accept,Z4,2.77050727194166,0.481926744117553,0.0652761430546351,0.894588288639382,Reject,2.08723043049783,Accept,Accept,Accept,0.974464006070827
0.969042797020558,0.652226866870825,0.109204262569838,-0.208677166223233,0.723955637355009,Accept,"Z1, Z2, Z4",2.118498744858,0.109204262569838,-0.342005719237933,0.550654211239681,Accept,2.13670722637432,Accept,Accept,Accept,0.721661683727814
2.52940751593823,1.06008114735734,0.0133166484209989,-0.926693077196419,0.197721689872612,Accept,Z2,2.8346376572197,0.0133166484209989,-0.317038377337353,0.347397670727717,Accept,1.94395483862127,Accept,Accept,Accept,0.918399296251665
1.58264974851339,0.869901343527505,0.290594711935694,-0.666580151625169,0.71542888974861,Accept,Z2,2.76626981856245,0.290594711935694,-0.138614137938193,0.716352769685379,Accept,2.0568180546871,Reject,Accept,Accept,0.862365824465639
N/A,N/A,N/A,N/A,N/A,N/A,N/A,N/A,N/A,N/A,N/A,N/A,N/A,N/A,N/A,N/A,N/A
N/A,N/A,N/A,N/A,N/A,N/A,N/A,N/A,N/A,N/A,N/A,N/A,N/A,N/A,N/A,N/A,N/A
0.964516454117295,0.64761549297374,0.380545739442383,-0.18111805548931,1.05749615436216,Accept,Z2,3.16171189032513,0.380545739442383,0.0353410275476257,0.713090909495854,Reject,2.68982784678779,Reject,Reject,Accept,1.06661403650229
N/A,N/A,N/A,N/A,N/A,N/A,N/A,N/A,N/A,N/A,N/A,N/A,N/A,N/A,N/A,N/A,N/A
N/A,N/A,N/A,N/A,N/A,N/A,N/A,N/A,N/A,N/A,N/A,N/A,N/A,N/A,N/A,N/A,N/A
N/A,N/A,N/A,N/A,N/A,N/A,N/A,N/A,N/A,N/A,N/A,N/A,N/A,N/A,N/A,N/A,N/A
N/A,N/A,N/A,N/A,N/A,N/A,N/A,N/A,N/A,N/A,N/A,N/A,N/A,N/A,N/A,N/A,N/A
0.507812330449369,0.664278575575004,0.0500924507841038,-0.404702580463921,1.00606392319381,Accept,Z2,1.93261791166267,0.0500924507841038,-0.383460170692614,0.439089544374153,Accept,1.58494340852347,Accept,Accept,Accept,0.661776113711965
0.269112424375426,0.577480044600881,0.643845057491684,-0.0038654154927268,1.19304622186121,Accept,"Z2, Z4",2.25313541351583,0.643845057491684,0.155466895190515,1.10220906932831,Reject,2.16693164834792,Accept,Accept,Accept,0.987899975054366
N/A,N/A,N/A,N/A,N/A,N/A,N/A,N/A,N/A,N/A,N/A,N/A,N/A,N/A,N/A,N/A,N/A
N/A,N/A,N/A,N/A,N/A,N/A,N/A,N/A,N/A,N/A,N/A,N/A,N/A,N/A,N/A,N/A,N/A
0.912929729581556,0.713550201482634,0.410946489073929,-0.1573260874875,1.00628209302485,Accept,Z4,2.37877690144435,0.410946489073929,0.032621090321501,0.772034676644101,Reject,2.12690558005114,Reject,Accept,Accept,0.37034784819973
1.21619299368761,0.726501202135999,0.0111703476903029,-0.272551971370448,0.685122076491903,Accept,"Z1, Z2, Z4",2.96263125133028,0.0111703476903029,-0.381758752423613,0.406578590245903,Accept,2.03055237698877,Accept,Accept,Accept,0.541888833038751
N/A,N/A,N/A,N/A,N/A,N/A,N/A,N/A,N/A,N/A,N/A,N/A,N/A,N/A,N/A,N/A,N/A
0.846829488357858,0.77921892300775,0.0988998616961724,-0.363286587580762,0.620560054490926,Accept,"Z1, Z2, Z4",1.49557200139869,0.0988998616961724,-0.374466253390218,0.592984524205526,Accept,1.77614882293221,Accept,Accept,Accept,1.10603323993112
1.20918242672376,0.832919430275532,0.0972037548065911,-0.344736507814748,0.696014442854714,Accept,"Z2, Z4",3.12506912098753,0.0972037548065911,-0.273114679394987,0.485992726363833,Accept,2.13735833764766,Accept,Accept,Accept,1.35391772672227
1.21980120680081,0.987600509310406,-0.165597976507599,-1.11786885382163,0.593000286471689,Accept,Z2,2.7921428404834,-0.165597976507599,-0.622838376265483,0.30110810178261,Accept,2.1479887163352,Reject,Accept,Accept,1.43950175430964
N/A,N/A,N/A,N/A,N/A,N/A,N/A,N/A,N/A,N/A,N/A,N/A,N/A,N/A,N/A,N/A,N/A
2.18395838825134,1.37824615782473,-0.0692835465222395,-1.40092750283236,0.275440253155895,Accept,Z2,1.79354135690015,-0.0692835465222395,-0.547244927233559,0.399584920680911,Accept,1.55946136804806,Accept,Accept,Accept,0.690487387548199
0.502755351061892,0.92594212711697,0.387644894461897,-0.355817478102158,0.988807754174905,Accept,"Z1, Z2",2.4728677143175,0.387644894461897,-0.0379393324343706,0.859187050323229,Accept,2.0352931838555,Reject,Accept,Accept,0.885542644464459
1.36970496761487,0.876176292978294,-0.125521098526972,-0.607451125249838,0.597398039450308,Accept,"Z2, Z4",2.19772123093588,-0.125521098526972,-0.541436408443048,0.286194263647045,Accept,2.16462462777481,Accept,Accept,Accept,0.406790399698428
N/A,N/A,N/A,N/A,N/A,N/A,N/A,N/A,N/A,N/A,N/A,N/A,N/A,N/A,N/A,N/A,N/A
N/A,N/A,N/A,N/A,N/A,N/A,N/A,N/A,N/A,N/A,N/A,N/A,N/A,N/A,N/A,N/A,N/A
1.63541317699879,0.866188448742367,0.0226294315642028,-0.65774565978947,0.704364601762968,Accept,X4,3.12025308127971,0.0226294315642028,-0.415997013313227,0.454629656553633,Accept,2.23897902148786,Accept,Accept,Accept,0.81182118065362
2.0683050723267,1.10568066489481,0.120717958853378,-0.999645311956677,0.441651464612423,Accept,Z2,3.3197360400421,0.120717958853378,-0.242966289352453,0.499618771385259,Accept,2.22226212004055,Reject,Accept,Reject,1.81734189677475
1.13736811302923,0.983411908581361,-0.0271228315194371,-0.243300434135518,0.534679520160482,Accept,"Z1, Z2, Z4",1.90031405749731,-0.0271228315194371,-0.358279913015277,0.330534600079617,Accept,1.89525517479271,Accept,Accept,Accept,1.08784097260179
1.2333312440524,0.81837211677007,-0.00783119684903157,-0.214424720870557,0.847043413304939,Accept,"Z2, Z4",2.62576588767205,-0.00783119684903157,-0.419992715319538,0.416835785927884,Accept,1.97376963770649,Accept,Accept,Accept,0.858351136044933
N/A,N/A,N/A,N/A,N/A,N/A,N/A,N/A,N/A,N/A,N/A,N/A,N/A,N/A,N/A,N/A,N/A
1.15236351025915,0.803478205659845,0.305062079239639,-0.291121970413459,0.615675040365861,Accept,Z2,2.3089929560675,0.305062079239639,0.00974795419038251,0.61740128377408,Reject,1.6327906332737,Reject,Accept,Accept,1.00418776823052
0.602947792578191,0.858735450577415,-0.0411532698916535,-0.37498369239339,1.04142994704945,Accept,"Z2, Z4",2.30685264769449,-0.0411532698916535,-0.467387644264596,0.396303020686629,Accept,1.93601618744839,Accept,Accept,Accept,0.948673026459817
N/A,N/A,N/A,N/A,N/A,N/A,N/A,N/A,N/A,N/A,N/A,N/A,N/A,N/A,N/A,N/A,N/A
0.95024782272285,0.742069536475154,0.219816457663456,-0.295509942967987,0.843306951444094,Accept,"Z2, Z4",2.08912104608871,0.219816457663456,-0.19560472990758,0.631833401858345,Accept,1.62755219871274,Accept,Accept,Accept,0.897994716943285
1.34377590331021,0.727548397972779,0.095715495346085,-0.668921219277464,1.12844507959642,Accept,X4,4.23551509562071,0.095715495346085,-0.383291148709293,0.57810170645808,Accept,2.46330784514317,Accept,Accept,Accept,1.03209320831241
0.205268979460631,0.511295766615676,0.511426213880694,0.12129171789559,1.44764229856683,Reject,Z4,2.01450209911348,0.511426213880694,0.106934436277822,0.883194554383201,Reject,1.64405901295447,Accept,Accept,Reject,1.33026602718989
0.719251356545159,1.06063021776127,0.444589215587509,-1.02471234159353,0.93913096008157,Accept,Z2,2.22320641981738,0.444589215587509,-0.186551981869129,1.11936542829858,Accept,2.11946853604871,Accept,Accept,Accept,0.814784434415838
N/A,N/A,N/A,N/A,N/A,N/A,N/A,N/A,N/A,N/A,N/A,N/A,N/A,N/A,N/A,N/A,N/A
N/A,N/A,N/A,N/A,N/A,N/A,N/A,N/A,N/A,N/A,N/A,N/A,N/A,N/A,N/A,N/A,N/A
N/A,N/A,N/A,N/A,N/A,N/A,N/A,N/A,N/A,N/A,N/A,N/A,N/A,N/A,N/A,N/A,N/A
0.831961565835466,0.806638811999418,0.0771258501596731,-0.404762433344883,0.669605949583486,Accept,"Z2, Z4",3.13913925105049,0.0771258501596731,-0.350764800947375,0.460940370615004,Accept,2.76658352237575,Accept,Accept,Accept,1.00524246159556
N/A,N/A,N/A,N/A,N/A,N/A,N/A,N/A,N/A,N/A,N/A,N/A,N/A,N/A,N/A,N/A,N/A
0.338653014814341,0.695900161832136,0.262091226169591,-0.0354833789207338,0.923823390300042,Accept,"Z2, Z4",2.54416173333668,0.262091226169591,-0.0731162018117829,0.615467281177863,Accept,1.61439513021254,Reject,Reject,Accept,1.31183436474961
1.76700299737568,1.21113366053815,-0.115731424972636,-1.27401729307549,0.276430683494236,Accept,Z2,2.44387814280778,-0.115731424972636,-0.604330021271873,0.344920367007045,Accept,1.85163473847604,Accept,Accept,Accept,1.24305703168721
0.394271938925032,0.732099212372747,0.269988118117418,-0.0604769736209673,0.994062117654485,Accept,"Z2, Z4",2.09169435541927,0.269988118117418,-0.203186944826853,0.74860790378789,Accept,2.14394646505307,Reject,Accept,Accept,1.17578042725037
1.84865833963746,0.793114450968608,0.137292649004462,-0.52496177612725,0.567315398246936,Accept,"Z2, Z4",3.29797889226445,0.137292649004462,-0.230979283843488,0.530286526258229,Accept,2.57971882818795,Reject,Accept,Accept,0.752784216187251
N/A,N/A,N/A,N/A,N/A,N/A,N/A,N/A,N/A,N/A,N/A,N/A,N/A,N/A,N/A,N/A,N/A
0.688425822502721,0.82806431425952,0.294224565718646,-0.525480204208733,1.44107131015806,Accept,Z4,2.7981023539328,0.294224565718646,-0.293538320214186,0.900950843286533,Accept,2.58968169117335,Reject,Accept,Accept,1.48006338357009
1.73495602783651,1.10585151013309,0.00297088260039565,-0.70709444940407,0.784541269355076,Accept,Z2,3.23244410791879,0.00297088260039565,-0.501864848271388,0.50706941107375,Accept,2.4182056651887,Accept,Accept,Accept,1.11075850757296
N/A,N/A,N/A,N/A,N/A,N/A,N/A,N/A,N/A,N/A,N/A,N/A,N/A,N/A,N/A,N/A,N/A
N/A,N/A,N/A,N/A,N/A,N/A,N/A,N/A,N/A,N/A,N/A,N/A,N/A,N/A,N/A,N/A,N/A
0.585777081770001,0.851194451224589,0.231822454039552,-0.588949039505074,1.02243425505675,Accept,X5,3.37244204842955,0.231822454039552,-0.227006609293841,0.698858944812147,Accept,2.26663760845601,Accept,Accept,Accept,0.542208938899657
0.485194938896462,0.953104325355223,0.0799330561092128,-0.527975257365724,0.836786481111986,Accept,"Z1, Z2",2.4822886917272,0.0799330561092128,-0.475435206722275,0.608009491944199,Accept,2.08417581524463,Accept,Accept,Accept,1.42549584983576
0.59503496598051,0.893296378380851,0.109572232103541,-0.497621752730993,0.899975181266706,Accept,"Z2, Z4",3.13147257439115,0.109572232103541,-0.401731654201084,0.655294501423589,Accept,2.30509003052885,Accept,Accept,Accept,0.541436242292622
1.12913531626948,1.04895410723974,0.234733776120356,-0.686927326877628,0.866208512487312,Accept,X4,3.10272926173136,0.234733776120356,-0.336944128696787,0.811169880931706,Accept,2.37955236470233,Accept,Accept,Accept,1.29725985100962
0.430557034934074,0.862095509859697,0.222241374003398,-0.256161111597262,1.07520279415796,Accept,"Z2, Z4",2.39607180104593,0.222241374003398,-0.245212590538727,0.696781236396639,Accept,1.61401876145344,Accept,Accept,Accept,0.383218981764227
1.10275035370292,0.938847166552937,0.10701377146995,-0.475461910072344,0.636585326807802,Accept,"Z2, Z4",2.52991162663942,0.10701377146995,-0.363573842816115,0.533612447438161,Accept,2.33712665788495,Accept,Accept,Accept,1.63134900455069
N/A,N/A,N/A,N/A,N/A,N/A,N/A,N/A,N/A,N/A,N/A,N/A,N/A,N/A,N/A,N/A,N/A
0.73778532543151,1.02184602630405,0.36067249116842,-1.13045688868957,0.680603485562452,Accept,X2,2.8735219393326,0.36067249116842,-0.218859904361834,0.982468311258602,Accept,2.06437652646261,Accept,Accept,Accept,0.942490793390194
N/A,N/A,N/A,N/A,N/A,N/A,N/A,N/A,N/A,N/A,N/A,N/A,N/A,N/A,N/A,N/A,N/A
1.02096908168531,1.05557276574247,0.447710129440327,-1.32389101132158,0.558682223934026,Accept,Z2,2.51396911177244,0.447710129440327,-0.141582107049969,1.00322350926669,Accept,1.6281239411422,Reject,Accept,Reject,1.44332214151244
0.962105415353148,0.846697344217135,0.443500577212282,-0.343463597935186,0.71496775382052,Accept,"Z1, Z2",2.64689188797252,0.443500577212282,0.0651130242901169,0.873185394188239,Reject,1.99766949258602,Reject,Accept,Accept,0.558895704794309
0.798695392528414,0.917501019063641,0.328302755967019,-0.314097153972504,1.11021633545673,Accept,Z2,2.03901086488215,0.328302755967019,-0.0785063694861077,0.762150831956545,Accept,1.74425037309466,Accept,Accept,Accept,1.03175790477942
0.494070020487576,0.747378147137612,0.350977129472023,-0.158298029462101,0.908479923440743,Accept,"Z4, X2",2.30447133711262,0.350977129472023,-0.0380698548849062,0.749349739112373,Accept,1.81428559672321,Accept,Accept,Reject,1.55198027605224
0.492407414957761,0.721121474080496,0.348967756552349,-0.422958059881603,1.46170046925008,Accept,Z1,3.45174887677983,0.348967756552349,-0.132771660577662,0.846048352513947,Accept,2.46332695909667,Accept,Accept,Accept,1.23497364860413
1.65796526139888,0.848969339599866,-0.050866090885787,-0.502543016076101,0.363093836179587,Accept,"Z2, Z4",2.26941258474183,-0.050866090885787,-0.480808877718796,0.376870564900261,Accept,1.9782017068417,Accept,Accept,Accept,0.480969884030828
1.16640059741817,0.729401462103902,0.234689312305853,-0.528712534507718,0.722887781060227,Accept,Z1,3.51669116524059,0.234689312305853,-0.195066316709947,0.634909226031049,Accept,2.3349323296762,Accept,Accept,Accept,0.944149039924718
N/A,N/A,N/A,N/A,N/A,N/A,N/A,N/A,N/A,N/A,N/A,N/A,N/A,N/A,N/A,N/A,N/A
0.0143681668092437,0.551003620526877,0.482025575196761,-0.20233338917303,1.72623333285428,Accept,Z2,3.74945274416986,0.482025575196761,0.0513906013270372,0.902723736854079,Reject,2.24921560727112,Reject,Accept,Reject,1.9103325723383
N/A,N/A,N/A,N/A,N/A,N/A,N/A,N/A,N/A,N/A,N/A,N/A,N/A,N/A,N/A,N/A,N/A
0.91845474069542,0.704817993695268,0.3581099168667,-0.277647952665767,1.34909603580568,Accept,Z2,2.77621630045081,0.3581099168667,-0.0653778412230194,0.793546938144109,Accept,2.35305539621486,Accept,Accept,Reject,1.76417778497911
N/A,N/A,N/A,N/A,N/A,N/A,N/A,N/A,N/A,N/A,N/A,N/A,N/A,N/A,N/A,N/A,N/A
N/A,N/A,N/A,N/A,N/A,N/A,N/A,N/A,N/A,N/A,N/A,N/A,N/A,N/A,N/A,N/A,N/A
0.816372841582704,0.7231752260474,0.227970469646108,-0.0320561609659878,0.988311636357044,Accept,"Z2, Z4",3.30305162683921,0.227970469646108,-0.0892494863266531,0.546542149045825,Accept,2.20084234250217,Accept,Accept,Accept,0.726768105109288
0.350261611377004,0.598229806925986,0.252455176896392,-0.211184999211598,1.2876544457252,Accept,Z1,3.04471428168317,0.252455176896392,-0.201332487158166,0.672716606842962,Accept,2.36905380006118,Accept,Accept,Reject,1.61211883869461
0.873109115231144,0.690924563964464,0.258115620562667,-0.47022864800479,1.03455707632489,Accept,Z4,1.79173678616216,0.258115620562667,-0.217911522948036,0.714098321123476,Accept,2.06680468823178,Accept,Accept,Accept,1.11933946898961
N/A,N/A,N/A,N/A,N/A,N/A,N/A,N/A,N/A,N/A,N/A,N/A,N/A,N/A,N/A,N/A,N/A
1.40985401859459,0.931091634332152,0.116102087973652,-0.702979453001216,0.419115434310758,Accept,"Z1, Z2",2.51020031755201,0.116102087973652,-0.299703071588686,0.535336569653236,Accept,2.10922922352177,Accept,Accept,Accept,0.461281461671648
N/A,N/A,N/A,N/A,N/A,N/A,N/A,N/A,N/A,N/A,N/A,N/A,N/A,N/A,N/A,N/A,N/A
0.662511440719233,0.660374388157539,0.211926251731976,-0.435727343084535,1.04359176834137,Accept,Z2,2.96685488880615,0.211926251731976,-0.205913866212884,0.64893954699477,Accept,2.15503649287268,Accept,Accept,Accept,0.979110973160084
N/A,N/A,N/A,N/A,N/A,N/A,N/A,N/A,N/A,N/A,N/A,N/A,N/A,N/A,N/A,N/A,N/A
1.18799743297885,0.86229223809689,-0.0127309323896045,-0.658500487907152,1.11596184705329,Accept,Z2,3.80127574646262,-0.0127309323896045,-0.312916865237119,0.302635082150874,Accept,2.0006379149988,Accept,Accept,Accept,0.816019491181852
0.79939390747246,0.521386259041801,0.330175713625382,-0.0335980901605165,0.974447267297583,Accept,"Z2, Z4",3.57991637498598,0.330175713625382,-0.102897400724689,0.771007964355736,Accept,2.73333088873112,Reject,Accept,Accept,0.878156988231603
0.793981447709263,0.85948508646722,0.437873393675885,-0.293074326112892,0.704427959470891,Accept,"Z1, Z4",3.36437253757448,0.437873393675885,0.0941025831198119,0.761778306239596,Reject,1.89438346070734,Reject,Accept,Accept,0.492405790396596
N/A,N/A,N/A,N/A,N/A,N/A,N/A,N/A,N/A,N/A,N/A,N/A,N/A,N/A,N/A,N/A,N/A
N/A,N/A,N/A,N/A,N/A,N/A,N/A,N/A,N/A,N/A,N/A,N/A,N/A,N/A,N/A,N/A,N/A
N/A,N/A,N/A,N/A,N/A,N/A,N/A,N/A,N/A,N/A,N/A,N/A,N/A,N/A,N/A,N/A,N/A
1.10762091181802,0.818623938255029,0.186351454031781,-0.224296710151363,0.618031735857486,Accept,"Z1, Z2, Z4",2.67904930412326,0.186351454031781,-0.191610765949517,0.538592927838705,Accept,2.40668045719566,Reject,Accept,Reject,1.80128475286892
0.778283566318465,0.639611195586313,0.275619860679185,-0.0711287004320307,1.42702192519115,Accept,Z4,3.66565937286391,0.275619860679185,-0.191875740520538,0.759832947619607,Accept,3.04428660167499,Accept,Accept,Accept,1.12162784707431
1.98759473105364,1.36040256674945,-0.104773814100511,-1.16178560285415,0.0828820188584299,Accept,"Z1, Z2",2.24548149928622,-0.104773814100511,-0.476160303030402,0.274379681948382,Accept,1.68476470165626,Accept,Accept,Accept,1.2553306378435
1.00904269328826,0.627206575816852,0.0955527372508767,-0.179726768551715,0.755877297435129,Accept,"Z1, Z2, Z4",2.13193290975139,0.0955527372508767,-0.351958359344035,0.540658165944311,Accept,1.77004988385082,Accept,Accept,Accept,0.879960491038164
N/A,N/A,N/A,N/A,N/A,N/A,N/A,N/A,N/A,N/A,N/A,N/A,N/A,N/A,N/A,N/A,N/A
0.820816501796179,0.892529467110871,0.132463193919915,-0.342790352456383,0.787545514286173,Accept,"Z2, Z4",2.77834228329352,0.132463193919915,-0.267633161810588,0.519793596431599,Accept,1.78030335095254,Accept,Accept,Accept,1.31846800395095
0.994410832853507,0.880570494975639,0.168356407673652,-0.182357258108991,0.689412616659184,Accept,"Z2, Z4",2.53603530237809,0.168356407673652,-0.190755063136197,0.52586806928961,Accept,2.57205048960201,Accept,Accept,Accept,0.654705509417435
N/A,N/A,N/A,N/A,N/A,N/A,N/A,N/A,N/A,N/A,N/A,N/A,N/A,N/A,N/A,N/A,N/A
0.287572380605991,0.71037245002633,0.353683231220592,-0.21877413884668,1.06720386122592,Accept,Z2,3.61084852064807,0.353683231220592,-0.058298130340872,0.725776484388596,Accept,2.42716953114454,Accept,Accept,Reject,1.95086918244445
1.0272059091713,0.412913858451323,0.448025436022133,-0.0169014923101662,1.28320147035151,Accept,Z2,3.49578782188141,0.448025436022133,0.0173594482901763,0.87407818640689,Reject,2.42373964394466,Reject,Reject,Accept,1.4310840316097
N/A,N/A,N/A,N/A,N/A,N/A,N/A,N/A,N/A,N/A,N/A,N/A,N/A,N/A,N/A,N/A,N/A
N/A,N/A,N/A,N/A,N/A,N/A,N/A,N/A,N/A,N/A,N/A,N/A,N/A,N/A,N/A,N/A,N/A
N/A,N/A,N/A,N/A,N/A,N/A,N/A,N/A,N/A,N/A,N/A,N/A,N/A,N/A,N/A,N/A,N/A
0.89444423357112,0.87266362307221,-0.00757014741230567,-0.684898850520467,0.791599944928013,Accept,Z4,2.72224233696848,-0.00757014741230567,-0.41993210565054,0.353592995685756,Accept,1.69977393685192,Accept,Accept,Accept,0.62534050198142
0.901481563241953,0.711401111559129,0.165800515916665,-0.0276318263148877,0.862279885545121,Accept,"Z2, Z4",3.04024151839025,0.165800515916665,-0.180118678823025,0.495311119703013,Accept,1.8284253121264,Accept,Accept,Accept,1.38200604264837
1.45613874271287,0.982902625894035,-0.0238841995191549,-0.3542967694548,0.535732324569276,Accept,"Z2, Z4",2.28503128817595,-0.0238841995191549,-0.424759742878087,0.3777038072452,Accept,2.1330877040385,Accept,Accept,Accept,0.704335949191267
N/A,N/A,N/A,N/A,N/A,N/A,N/A,N/A,N/A,N/A,N/A,N/A,N/A,N/A,N/A,N/A,N/A
N/A,N/A,N/A,N/A,N/A,N/A,N/A,N/A,N/A,N/A,N/A,N/A,N/A,N/A,N/A,N/A,N/A
1.5236305822117,1.16544475427604,-0.0809675429337049,-1.03887159935956,0.682943483928638,Accept,Z2,2.48962624171872,-0.0809675429337049,-0.510421485110244,0.338232032294726,Accept,2.08063924596804,Accept,Accept,Accept,1.20479263351864
1.58013754084386,0.923140529242682,0.0216516176390916,-0.775327753256818,0.48968224740749,Accept,"Z2, Z4",2.18517468864414,0.0216516176390916,-0.488234805340408,0.543304370410314,Accept,1.9887364946905,Accept,Accept,Accept,1.22955992816344
