Beta_Trt,Beta_Risk,Beta_intx,Lower.CI,Upper.CI,rejection.Risk,SSVS_results,Y,Y_hat,Bias,abs_Bias,MSE,waic,Beta_intx_Noise,Lower.CI_Noise,Upper.CI_Noise,rejection.Risk_Noise,Y_hat_noise,Bias_noise,abs_Bias_noise,MSE_noise,waic_noise,rejection.Opt_MultInt,rejection.interaction,rejection.interaction_adj,rejection.SDIR,SDIR
0.528947000506642,0.931951557301898,-0.0968537487071107,-0.359696795047541,0.36444560086176,Accept,"Z2, Z4",1.38616695802173,1.51305718361361,0.126890225591875,0.930160412460969,1.21150475268002,58.9391549784486,-0.0968537487071107,-0.39056063083006,0.208967097531052,Accept,1.51410719828305,0.127940240261315,0.907992959142972,1.11415698625356,73.9989764866912,Accept,Accept,Accept,Accept,0.595243548964406
0.245645952333712,0.971539482785397,-0.0821741861945158,-0.609307922205436,0.734918196282298,Accept,"Z1, Z2",1.0756680901649,1.4350281072752,0.359360017110296,0.879950555636929,1.04830289920196,54.3510684372097,-0.0821741861945158,-0.468632181361136,0.320171010081814,Accept,1.43543043089375,0.359762340728843,0.778277733895515,0.881309680397915,62.7543240076581,Accept,Accept,Accept,Accept,0.649037208278001
0.956085916922938,0.91582375579794,0.0843579069643974,-0.499241370611248,0.456726231044427,Accept,Z2,1.44561805047743,1.46840251601888,0.0227844655414517,0.988267455573636,1.52782989310337,74.8561317272881,0.0843579069643974,-0.0658575072069272,0.249654322940798,Accept,1.46860122772703,0.0229831772496015,0.807432243413133,0.973609921897335,60.7393686993497,Accept,Accept,Accept,Accept,0.857957966474784
0.420745254661755,0.91385059591809,0.286062431283175,-0.118583363365532,1.05937680373854,Accept,Z2,1.43254268512729,1.22463670616534,-0.207905978961946,1.08571602791023,1.88551017052036,74.6476004983105,0.286062431283175,-0.0323868113017771,0.586605485315697,Accept,1.2247194225608,-0.207823262566491,0.80600419639228,1.17501546866141,67.7919614605625,Accept,Accept,Accept,Accept,1.30154858828847
0.545052393616916,0.955426336420618,-0.178615100211204,-0.637140469901548,0.412627967009549,Accept,"Z2, Z4",0.904490146867322,0.926587734439138,0.0220975875718162,1.01442420893744,1.54594539543864,52.2040260121428,-0.178615100211204,-0.488779232558436,0.17281486624917,Accept,0.928433606373864,0.0239434595065421,1.00244849681501,1.50759904981971,67.8686680088203,Accept,Accept,Accept,Accept,0.871927002780289
0.159737287451612,0.930080476325272,-0.0595103114270727,-0.325823424272813,0.596086948195819,Accept,"Z1, Z2",1.50718064411494,1.17082098141646,-0.336359662698483,0.86313367339538,1.07306719396787,52.0699869863128,-0.0595103114270727,-0.43025359526623,0.289682723185817,Accept,1.17265629064016,-0.334524353474785,0.915457027817371,1.25315327454167,67.2727005699913,Accept,Accept,Accept,Accept,0.259468859925625
0.318825811365748,0.865392176116309,0.155762064611842,-0.0857043558962145,0.554730038936834,Accept,"Z1, Z2, Z4",0.985047526115129,1.15531225540174,0.170264729286607,1.01466852219996,1.58179374778071,49.4773923591957,0.155762064611842,-0.0614127769725778,0.376962333100683,Accept,1.15718180426316,0.172134278148028,0.941923261407112,1.44049079523123,50.308165003688,Accept,Accept,Accept,Accept,1.27512900647995
N/A,N/A,N/A,N/A,N/A,N/A,N/A,N/A,N/A,N/A,N/A,N/A,N/A,N/A,N/A,N/A,N/A,N/A,N/A,N/A,N/A,N/A,N/A,N/A,N/A,N/A,N/A
0.541391538535813,1.03871621525826,0.0430961171030475,-0.490088412074055,0.222652651743665,Accept,"Z1, Z2, Z4",1.27105249478851,1.11974969500255,-0.151302799785965,0.828486522323583,0.877143560114246,52.4407015597203,0.0430961171030475,-0.255715384924504,0.331110986387362,Accept,1.11773739575058,-0.153315099037936,0.737576295248429,0.693467558077482,70.1221591018716,Accept,Accept,Accept,Accept,0.774586799603822
0.579774716379014,1.03261094227721,-0.0467322963175034,-0.676956924993852,0.709980826898428,Accept,Z2,1.4297449355719,1.33388286036961,-0.0958620752022882,1.25695727706679,2.43609782224539,81.3101335936216,-0.0467322963175034,-0.307077409346502,0.222285551795717,Accept,1.33307676070896,-0.0966681748629458,1.05411578885911,1.55336959562071,72.4326219351594,Accept,Accept,Accept,Accept,1.1375968662977
-0.102850636369792,0.712962349407504,0.39435940847083,-0.0474180277771453,0.932723230896933,Accept,"Z4, X10",1.10816691797152,1.14853827946622,0.0403713614947033,1.12370626080539,1.96941338695357,63.1480641550448,0.39435940847083,0.118704540100946,0.680826093928742,Reject,1.14717062416344,0.0390037061919185,0.955556210373516,1.44161228587478,74.427924173682,Reject,Accept,Accept,Accept,0.529678447467835
N/A,N/A,N/A,N/A,N/A,N/A,N/A,N/A,N/A,N/A,N/A,N/A,N/A,N/A,N/A,N/A,N/A,N/A,N/A,N/A,N/A,N/A,N/A,N/A,N/A,N/A,N/A
N/A,N/A,N/A,N/A,N/A,N/A,N/A,N/A,N/A,N/A,N/A,N/A,N/A,N/A,N/A,N/A,N/A,N/A,N/A,N/A,N/A,N/A,N/A,N/A,N/A,N/A,N/A
0.512411190269866,0.938451938500003,0.157865381498008,-0.654558533613449,0.677662938497004,Accept,Z2,1.38292507532414,1.5361270001761,0.153201924851957,0.974834952663952,1.46735144166013,65.7518202436349,0.157865381498008,-0.193387885728557,0.520561166888121,Accept,1.53768344881867,0.15475837349453,0.965861920840792,1.32904405803455,70.1732121521735,Accept,Accept,Accept,Accept,1.06673460504659
0.532222463262929,1.10029771801107,-0.123762237748703,-0.807568217212928,0.902694133821773,Accept,Z2,1.65087199210159,1.6916757237807,0.0408037316791128,1.15468652036198,2.28688750179596,81.9147074690112,-0.123762237748703,-0.38685522273034,0.164292643069838,Accept,1.69512754695728,0.0442555548556952,0.77308352974082,1.05991757063577,70.8417063262558,Accept,Accept,Accept,Accept,0.902487969432804
N/A,N/A,N/A,N/A,N/A,N/A,N/A,N/A,N/A,N/A,N/A,N/A,N/A,N/A,N/A,N/A,N/A,N/A,N/A,N/A,N/A,N/A,N/A,N/A,N/A,N/A,N/A
1.033086037011,1.13880530417817,0.0106396848601817,-1.02887343096583,0.641908227704114,Accept,Z2,1.36950801845754,1.58684021892122,0.217332200463683,1.02187314219139,1.6249227578729,80.6858299086787,0.0106396848601817,-0.349263082619506,0.361169777295874,Accept,1.58683145156605,0.217323433108514,0.801047112409272,1.10689014437861,78.176868560922,Accept,Accept,Accept,Accept,1.05312887882792
-0.580730933504401,0.786431461111385,0.117246554003662,-0.184623285653996,1.78173225660533,Accept,Z2,1.1634153479211,1.38341994149334,0.220004593572239,1.10820279531205,1.91339430431098,80.9724077122285,0.117246554003662,-0.171760000587528,0.406139933230771,Accept,1.38453864516418,0.221123297243076,0.829055550260051,1.01416441079958,69.1651602456308,Accept,Accept,Accept,Accept,0.768672486615934
0.0885135365317373,0.933203132898424,0.471257790283786,-0.12739980704715,0.728281514678268,Accept,"Z1, Z2, Z4",1.50075130973257,1.40666190673134,-0.094089403001234,1.09116169506579,1.82686374675329,54.6406215166326,0.471257790283786,0.157070638919102,0.787002077876884,Reject,1.4066322993938,-0.0941190103387737,1.02073569622279,1.62488446724227,68.6068906159564,Reject,Reject,Accept,Accept,1.0105463796822
1.46548710545127,1.50753268841187,-0.204111259965931,-1.5812895612534,0.0941063324410948,Accept,Z2,1.22778162275776,1.45620076351074,0.228419140752976,1.22125332634507,2.33750501361108,67.8865333783889,-0.204111259965931,-0.515780376506905,0.11310151764506,Accept,1.45675234124142,0.228970718483656,1.05041458053725,1.49734036579505,58.0823312747062,Accept,Accept,Accept,Accept,0.868114639067756
N/A,N/A,N/A,N/A,N/A,N/A,N/A,N/A,N/A,N/A,N/A,N/A,N/A,N/A,N/A,N/A,N/A,N/A,N/A,N/A,N/A,N/A,N/A,N/A,N/A,N/A,N/A
0.431374926190039,0.749623906310166,0.0872243643018856,-0.488095795935886,0.900116046067066,Accept,X2,1.64673514398135,1.54344801754663,-0.103287126434722,1.09128180414257,1.74754680194608,70.8772824086868,0.0872243643018856,-0.238208470141763,0.431576182255362,Accept,1.5427785705615,-0.103956573419846,0.85485670676161,1.13588772962714,73.6931256242463,Reject,Accept,Accept,Accept,0.598543529272766
0.561711561983327,0.900572100409873,0.169075865277512,-0.70643844860894,0.822744586039598,Accept,Z2,1.34480861852512,1.27886566086973,-0.0659429576553867,0.972548236581528,1.4279329798485,73.8972554052881,0.169075865277512,-0.25165157829522,0.582220633627604,Accept,1.27891811010538,-0.0658905084197424,0.914681310810512,1.22910280986093,80.8654911181732,Accept,Accept,Accept,Accept,0.776891155771949
-0.218416191750494,0.755570538091536,0.123731598556145,0.272295868315188,0.926665950519138,Reject,"Z1, Z2, Z4",1.44548633747203,1.25406432739176,-0.191422010080271,0.870309300578231,1.06721163411668,59.898494774902,0.123731598556145,-0.148389314677065,0.372227055249806,Accept,1.25643560642331,-0.189050731048721,0.865980462113729,1.00988793967753,62.6329202814602,Reject,Accept,Accept,Accept,0.986839116847434
0.946612478766571,0.849089277890687,-0.19759493811085,-1.06936575933643,0.782954930232469,Accept,Z2,1.19649446724163,1.31325210264918,0.116757635407555,0.853873705439723,1.11064859047544,73.170176306894,-0.19759493811085,-0.47320450634082,0.0736219557116308,Accept,1.31591315168114,0.119418684439514,0.83341593580781,1.12981380814314,67.8725571286672,Accept,Accept,Accept,Accept,0.905953963759928
0.528420452191994,1.04613358540576,0.0129647888356742,-0.430496907881686,0.274485980474184,Accept,"Z1, Z2, Z4",1.46364860630029,1.41801101076363,-0.0456375955366613,0.842437985109918,1.00883930224043,53.4813840957974,0.0129647888356742,-0.27190036745714,0.283213164955993,Accept,1.41839199189578,-0.0452566144045093,0.806982011195317,0.803404040396349,63.3313567362156,Accept,Accept,Accept,Accept,0.803363495641466
0.247400488434512,0.880115234883701,0.0840733342701118,-0.275203439708794,0.795098841606894,Accept,"Z2, Z4",1.05960789665305,1.1766004788259,0.11699258217285,0.958829670862369,1.43720486507505,61.7088435450802,0.0840733342701118,-0.276372021959435,0.476872169148658,Accept,1.17473332678538,0.115125430132335,0.945841228041331,1.36284519819843,73.0226911281562,Accept,Reject,Accept,Accept,0.979640993011015
0.157502738530392,0.789088184079866,0.230547100034157,-0.340286011092983,0.92542998511699,Accept,Z2,0.94513404196656,1.21250172759614,0.267367685629575,1.00623698854833,1.68800915246605,65.5992546489834,0.230547100034157,-0.0505048315152644,0.527443647929318,Accept,1.2128859033963,0.267751861429736,0.874029122706428,1.36609196353552,71.5333298142086,Accept,Accept,Accept,Accept,0.765052022043455
0.213961214181864,0.94970947778953,0.0204063743730909,-0.24746640716344,0.734711749349394,Accept,"Z2, Z4",1.01190225998566,1.12182070688922,0.109918446903555,0.893251916038345,1.2476322705199,68.136677514761,0.0204063743730909,-0.312736965724129,0.361578828868359,Accept,1.12364875620683,0.111746496221169,0.897982594148386,1.18369691861888,79.8889365401299,Accept,Accept,Accept,Accept,0.194583749928759
0.215924742165819,1.0315745971356,-0.0251053545933651,-0.526308720947603,0.670695448643477,Accept,"Z2, Z4",1.39164569070607,1.36971591383266,-0.0219297768734158,0.960411095249168,1.46460573244376,50.1543598818391,-0.0251053545933651,-0.450292534896468,0.375377006977287,Accept,1.36817781028676,-0.0234678804193107,0.888002654530636,1.35742987653432,67.1980061905426,Accept,Accept,Accept,Accept,1.19546563356311
0.456762850739129,1.00086871061596,0.124497374226265,-0.576277247816315,0.287178087546333,Accept,"Z1, Z2",0.841925343030661,1.00086583261616,0.158940489585503,0.828523441777342,1.35771543167423,59.5457718306166,0.124497374226265,-0.148681735174337,0.400067024349007,Accept,1.00074623533381,0.158820892303153,0.898294997163475,1.3780860907065,63.0022728530462,Accept,Accept,Accept,Accept,1.00048752301657
-0.0361997600206053,0.832229088876171,0.134011312588666,-0.21343005983352,0.714342084083401,Accept,Z2,1.43578322872404,1.25891243294334,-0.176870795780699,0.848297829588724,1.14343457746481,50.9885887431294,0.134011312588666,-0.140513691174401,0.419570063677196,Accept,1.25814050731887,-0.17764272140517,0.710765463145718,0.856996674004444,56.9345416398619,Accept,Accept,Accept,Accept,0.26458441995434
0.177275913810867,0.86789549488614,-0.190137772053287,-0.536618624488812,0.978377479863843,Accept,Z2,1.28921499160883,1.28341700628678,-0.00579798532204746,0.997917405406827,1.42851669913759,73.3222937097553,-0.190137772053287,-0.560636916489542,0.161423093636023,Accept,1.28148692131236,-0.00772807029646611,0.749186429845598,0.768693563991382,75.6492482914588,Accept,Accept,Accept,Accept,0.954516226671536
0.708988120059645,1.03712227533335,-0.139173762556954,-0.561688456486844,0.427266451595327,Accept,"Z1, Z2, Z4",1.23410753602528,1.15957033681793,-0.0745371992073521,0.978651350946523,1.639779072034,61.0045665987336,-0.139173762556954,-0.388479921118163,0.100304044185853,Accept,1.16103837324021,-0.0730691627850688,0.841397409350641,1.1568689654459,62.0667663410057,Accept,Accept,Accept,Accept,0.561019443340084
N/A,N/A,N/A,N/A,N/A,N/A,N/A,N/A,N/A,N/A,N/A,N/A,N/A,N/A,N/A,N/A,N/A,N/A,N/A,N/A,N/A,N/A,N/A,N/A,N/A,N/A,N/A
0.704930653333364,1.07009606584561,0.0580217468623223,-0.350847803486305,0.381401571031678,Accept,"Z1, Z2, Z4",1.59542465394118,1.59645921974792,0.00103456580673628,1.03015986942645,1.55596453539996,60.8923890415324,0.0580217468623223,-0.261606844129039,0.366668466373587,Accept,1.59680653137467,0.00138187743348778,0.939325384243188,1.26556467729008,81.2376148656198,Accept,Accept,Accept,Accept,0.649362507567013
-0.00200312141739881,0.716946064794703,0.274806348928171,0.155217818092363,0.774356480894599,Reject,"Z2, Z4",0.772123297128383,0.993930721033046,0.221807423904663,0.851157132813896,1.11414456347655,66.5204107963654,0.274806348928171,0.0521990430720724,0.516290018473004,Reject,0.996402917932259,0.224279620803877,0.822039055292223,1.07276147755422,74.7141434889491,Reject,Accept,Accept,Accept,0.838742506302442
0.587284958032756,0.775068001661975,0.0492847830037465,-0.600786765472997,0.766730267452767,Accept,"Z4, X3",1.25282996101778,1.20501899501219,-0.0478109660055874,0.92599503341507,1.79142827255702,70.1460066012714,0.0492847830037465,-0.327849726812272,0.422780394360008,Accept,1.20243103972057,-0.0503989212972119,0.84611684108704,1.2803354723823,75.8405696546868,Reject,Accept,Accept,Accept,1.1052846239072
0.750428484479276,1.09313220459341,0.0327151455699374,-0.828851093003265,0.339338071610669,Accept,"Z1, Z2",1.32272444174364,1.23121577217198,-0.0915086695716506,1.00828862215925,1.74040261238734,68.2296836423608,0.0327151455699374,-0.304669733505281,0.36406453496534,Accept,1.23428441639575,-0.0884400253478846,0.790439457723418,1.11437767097505,67.3126940714367,Accept,Accept,Accept,Accept,0.532954618140104
0.511853294199018,1.07040251221346,0.201572555275821,-0.581371925851873,0.366902610560853,Accept,"Z2, Z4",0.800109515637678,1.16787563296049,0.367766117322807,1.06949562135334,1.75986638741285,59.7287214463827,0.201572555275821,-0.0379360527402156,0.446101356810087,Accept,1.17095215309609,0.370842637458407,0.986346873263904,1.36508471794835,54.8624392339194,Accept,Accept,Accept,Accept,1.03117398118256
N/A,N/A,N/A,N/A,N/A,N/A,N/A,N/A,N/A,N/A,N/A,N/A,N/A,N/A,N/A,N/A,N/A,N/A,N/A,N/A,N/A,N/A,N/A,N/A,N/A,N/A,N/A
N/A,N/A,N/A,N/A,N/A,N/A,N/A,N/A,N/A,N/A,N/A,N/A,N/A,N/A,N/A,N/A,N/A,N/A,N/A,N/A,N/A,N/A,N/A,N/A,N/A,N/A,N/A
0.70406785443297,0.823980990357016,-0.0498012787678031,-0.229578447895921,0.438337022290724,Accept,"Z1, Z2, Z4",0.847903589980742,1.24473476019276,0.396831170212018,1.07512367763396,2.03637264713934,58.3128816954575,-0.0498012787678031,-0.368909808928614,0.272758367304677,Accept,1.24550466224176,0.397601072261018,0.986858884287894,1.84203960073809,66.7035545739808,Accept,Accept,Accept,Accept,1.06979201158469
1.06747458761299,1.26719686963973,-0.106370169227144,-0.904640627834503,-0.0368947899005761,Reject,"Z2, Z4",1.43675725294208,1.15565074016745,-0.281106512774628,1.02252698263577,1.51819882173795,61.4672563740667,-0.106370169227144,-0.402772942531364,0.201258902093699,Accept,1.15486062157777,-0.281896631364313,0.744889782795988,0.982755858319661,63.684958661846,Accept,Accept,Accept,Accept,0.192596286304258
2.14450970088794,1.61912436909006,-0.12703912486263,-1.56637974983349,0.0011237140639134,Accept,Z2,1.65658214992278,1.79970898175975,0.143126831836973,0.941953202947763,1.59452860501959,76.5302214101375,-0.12703912486263,-0.437756777877272,0.185665494821616,Accept,1.80310306101219,0.14652091108941,1.01443365308823,1.66701947272755,80.1626410993414,Reject,Accept,Accept,Accept,0.862678288035064
0.0230151364710174,0.900415984085383,-0.00879431859445526,-0.255192058819347,0.704084138202047,Accept,"Z1, Z2",1.59515753026296,1.31276070164708,-0.282396828615881,0.989596583292019,1.3530893985888,62.2517481452381,-0.00879431859445526,-0.278959119730466,0.259724173581905,Accept,1.31193335822921,-0.283224172033755,0.817948148560115,1.00450327056167,69.0032821014483,Accept,Accept,Accept,Accept,1.42615987735
0.732106609065203,1.00050661231977,0.105479133862679,-1.09143727549748,0.896169698780158,Accept,Z2,1.24926307238351,1.27284089001704,0.0235778176335296,1.15037608888592,2.09338173143714,74.9750166796044,0.105479133862679,-0.340838893770286,0.546754835073143,Accept,1.2709684881362,0.0217054157526909,0.978161108570275,1.56012991203279,78.6438792854443,Accept,Accept,Accept,Accept,1.12157318826352
0.733521064709946,0.859956223259143,0.0770378789742702,-0.625457368324813,0.79725208256354,Accept,Z2,1.38426669185477,1.36872041488057,-0.0155462769742078,0.9021892528463,1.19631331000519,79.3980939999098,0.0770378789742702,-0.209146016027245,0.365667891561682,Accept,1.36782213789985,-0.0164445539549206,0.921032716176511,1.11077983134184,69.7501977968022,Accept,Accept,Accept,Accept,0.399267021787384
0.244644522126194,0.77306628702249,0.196948146687884,0.0080031533824457,0.805028729944655,Reject,"Z2, Z4",0.863389390845863,1.12153014112394,0.258140750278072,1.09723125574274,1.72900684857067,59.2597070856338,0.196948146687884,-0.000686053433518033,0.392296954022797,Accept,1.12208408874776,0.258694697901896,1.05252257433162,1.40311502181179,60.8560189529187,Accept,Accept,Accept,Accept,1.24023872718238
0.777866200237202,1.11746625152625,-0.0586822288611341,-0.919971071756278,0.304851218506393,Accept,Z2,1.37948164465875,1.35997474138696,-0.0195069032717929,0.768886656731415,0.937359653984181,66.4673311454373,-0.0586822288611341,-0.349221158880054,0.230910876387908,Accept,1.35977082773197,-0.0197108169267831,0.760418770972428,0.880655667144544,66.1785831425482,Accept,Reject,Accept,Accept,0.623786149040175
0.488492721670412,1.0791623138286,-0.102777585114428,-0.617159067089549,0.338799650814391,Accept,"Z1, Z2",1.68824307882224,1.49518536563267,-0.193057713189566,0.918978813517858,1.34784640429214,63.211623758441,-0.102777585114428,-0.332929604208734,0.143143891392909,Accept,1.49549581733269,-0.192747261489543,0.79662309006074,1.05098843625543,59.9679307457244,Accept,Accept,Accept,Accept,1.22485488513224
0.180728166092088,0.939485968388324,0.012009037315004,-0.292223415236035,0.545125857262878,Accept,"Z1, Z2, Z4",1.42993318756757,1.25067156620123,-0.179261621366336,0.835628985904079,1.08014607161711,55.7258629163559,0.012009037315004,-0.339833896855713,0.376486264947415,Accept,1.25162984407082,-0.178303343496749,0.82778779834983,1.05263280734582,76.0890268140203,Reject,Accept,Accept,Accept,0.668079784601485
0.332335756317068,0.95616048832991,0.181715807004694,-0.263569401737399,0.455571510391898,Accept,"Z1, Z2, Z4",1.30477005017031,1.31948727379536,0.0147172236250453,0.887888157582173,1.05600611421172,59.9797242674771,0.181715807004694,-0.0479067717624146,0.41589273591312,Accept,1.31894445272714,0.0141744025568251,0.803025694690973,1.01077843477016,63.9936675665678,Accept,Accept,Accept,Accept,0.582438757601661
0.853605155320069,1.08280672817055,-0.0666813948914257,-0.722245366899333,0.567357019995206,Accept,Z2,1.2343797363456,1.36007406858635,0.125694332240744,0.941914727104839,1.42439385621525,73.8444250630701,-0.0666813948914257,-0.344460342117075,0.222134745521216,Accept,1.35910469092283,0.124724954577224,0.789338557957076,0.985422442735577,81.5603235561652,Accept,Accept,Accept,Accept,0.804545722120437
0.16419487428592,0.945380773569727,-0.00490765323314572,-0.35717884560933,0.484182819597115,Accept,"Z1, Z2, Z4",1.21890996191786,1.40117958064194,0.182269618724084,0.883044704820606,1.20600913352525,56.0792792027453,-0.00490765323314572,-0.281925101874158,0.255846762423948,Accept,1.40292218506713,0.184012223149271,0.868900275843243,1.22550194816179,60.5030991591539,Accept,Accept,Accept,Accept,0.228766000396882
N/A,N/A,N/A,N/A,N/A,N/A,N/A,N/A,N/A,N/A,N/A,N/A,N/A,N/A,N/A,N/A,N/A,N/A,N/A,N/A,N/A,N/A,N/A,N/A,N/A,N/A,N/A
-0.000716591533303411,0.886903919259181,0.16638462471317,-0.510152405693555,0.991273533185327,Accept,Z2,1.3307785435016,1.47772400598758,0.146945462485974,0.950488046005422,1.40524559075608,58.1811715225761,0.16638462471317,-0.174398549133152,0.491956116375029,Accept,1.47705918875694,0.146280645255333,0.93864838365786,1.28396434125539,58.4598504043373,Accept,Accept,Accept,Accept,1.02379891795147
0.920326534300919,1.08483508778961,-0.19401136187297,-0.540923117996914,-0.0161299144497279,Reject,"Z1, Z2, Z4",1.39297148929433,1.31468667329713,-0.0782848159972093,0.765682532955241,0.861345741490859,40.0675284514226,-0.19401136187297,-0.476478230741967,0.0862818602989134,Accept,1.31489419794469,-0.0780772913496453,0.760214612012725,0.828033235431086,57.9324286123761,Reject,Accept,Accept,Accept,1.03501573947844
0.0902147779978306,0.875581485711885,0.0762897514217511,-0.257691260823918,0.718442575280064,Accept,"Z2, Z4",1.11530816389127,1.53298549154103,0.417677327649762,0.948848054053469,1.36364569619302,67.048081743859,0.0762897514217511,-0.229156076704026,0.367049019698021,Accept,1.53175943447169,0.416451270580419,0.874467745340244,1.12955052461188,76.9382425178323,Reject,Accept,Accept,Accept,0.960070008590675
-0.0189346863270778,0.997429409064909,-0.191022797274278,-0.470960398924395,0.511241775472305,Accept,Z2,1.4023616868895,1.38503785988324,-0.01732382700626,0.876361537009429,1.07142455277419,61.915103719024,-0.191022797274278,-0.390254364334073,0.0226760522618511,Accept,1.38461555639209,-0.0177461304974158,0.831302499056299,0.97244115073953,53.1079680607666,Accept,Accept,Accept,Accept,0.94281577118838
0.585014225398666,1.16500132889813,0.0769488237389842,-0.540033961241247,0.920933074522136,Accept,Z2,1.31021293755434,1.30070157183816,-0.00951136571617873,0.993845662267687,1.81890981308,67.745484198546,0.0769488237389842,-0.191757915287285,0.366428175257398,Accept,1.2967578570006,-0.0134550805537397,0.874071769317261,1.33516697463169,57.0665985372385,Accept,Accept,Accept,Accept,1.29661477333331
0.0578307260389341,0.844219043020184,0.104325755182326,-0.274854854471124,0.684853908303887,Accept,"Z2, Z4",1.5747982902788,1.6148682150872,0.0400699248083985,0.561999042156017,0.581735745507548,51.5130362585226,0.104325755182326,-0.313293038897941,0.495331763443757,Accept,1.61521730446499,0.0404190141861901,0.581324262700405,0.651723532703159,65.8977631798931,Reject,Accept,Accept,Accept,0.7153952018231
-0.126680250843436,0.81434143165734,0.170735324852521,-0.115425914654672,0.711966754724725,Accept,"Z2, Z4",1.3777667810371,1.35680534060998,-0.0209614404271201,1.00601212469803,1.47768814710402,57.7354764460095,0.170735324852521,-0.0711160427064949,0.412770288423079,Accept,1.35957847909811,-0.0181883019389861,0.809125622830903,0.914113168291391,60.8739854612511,Accept,Accept,Accept,Accept,0.657011917281236
0.890151458639637,0.911737432233524,0.115548037235055,-0.374732747117598,0.300136679647091,Accept,"Z2, Z4",1.21928870999375,1.22091736041938,0.00162865042563083,0.815839404725822,1.07279950815299,64.486217996618,0.115548037235055,-0.137567320893128,0.347517749480572,Accept,1.22260465766233,0.00331594766858403,0.722021622888316,0.830927457410462,70.5745904190668,Reject,Reject,Accept,Accept,0.985348859724983
0.310574742509981,0.959380122218425,0.051136217152978,-0.251541230425908,0.353647968616346,Accept,"Z1, Z2, Z4",1.74566804001305,1.52261677258122,-0.223051267431831,0.747084913690401,0.883552976925582,46.0165838245645,0.051136217152978,-0.22727244113405,0.332414597036827,Accept,1.52255975185222,-0.223108288160832,0.653298468276289,0.701220147791822,66.0800278886416,Accept,Accept,Accept,Accept,0.825277738832408
0.21520870352736,0.888295074511876,0.0151443496282084,-0.228193962231323,0.738065903838468,Accept,"Z1, Z2, Z4",1.80944459775542,1.66147346661962,-0.147971131135801,0.947435053339674,1.40402537040669,62.9525032069774,0.0151443496282084,-0.36584033330867,0.373691850986615,Accept,1.66082462816202,-0.148619969593396,0.893592823580712,1.36918439697341,76.3255466870385,Accept,Accept,Accept,Accept,1.54163720247301
0.660621510928999,0.98695305620295,0.109220642200977,-0.635517192923197,0.463440696601868,Accept,"Z2, Z4",0.850018262056156,1.04442612223614,0.194407860179981,0.748908178652662,0.908632676398724,66.5141954139417,0.109220642200977,-0.341008507866299,0.562439632932927,Accept,1.04452354929674,0.194505287240584,0.71768278111626,0.807590294320767,78.6364116199016,Accept,Accept,Accept,Accept,0.850645494100519
0.585194986223673,0.906199124747871,-0.0607352974317509,-0.257040376090097,0.444543391631872,Accept,"Z1, Z2, Z4",1.3476430768215,1.29914803487292,-0.048495041948584,0.94700641863641,1.36305147108288,59.653157266312,-0.0607352974317509,-0.367922208852458,0.259559966253059,Accept,1.29920388938815,-0.0484391874333566,0.935589652104795,1.35942201687007,76.2254045248233,Accept,Accept,Accept,Accept,0.485028941488851
-0.207888037894766,0.927684800433567,0.340791619963753,-0.220022970261336,1.2748995350487,Accept,"Z2, Z4",1.53249650698979,1.52825360589935,-0.00424290109043557,0.975204723662059,1.426527253823,72.1764577270725,0.340791619963753,0.00772025042136981,0.667497326661577,Reject,1.53039670680114,-0.00209980018864998,0.858118278431778,1.0179046326467,77.1960145065364,Accept,Accept,Accept,Accept,0.519040411456121
0.784966239052931,1.01083838659849,-0.207287449349579,-0.403343360957977,0.267371073452871,Accept,"Z1, Z2, Z4",1.58410290418785,1.40759516115263,-0.176507743035216,0.768798966624435,0.996159371570291,58.7412016348998,-0.207287449349579,-0.486797976048991,0.0749422535656445,Accept,1.40687191392578,-0.177230990262065,0.838604905294776,1.11550620603057,74.6238506717141,Accept,Accept,Accept,Accept,1.12223621042649
0.162108433839153,0.820978651892017,0.104750693697201,-0.179327899628664,0.646746267469718,Accept,"Z1, Z2, Z4",1.38143490812469,1.176189061157,-0.205245846967687,0.902757268068124,1.23478692008316,59.2836624705951,0.104750693697201,-0.177776827573674,0.368590730205188,Accept,1.17704665826752,-0.204388249857162,0.831984367391941,1.00447972797976,68.7757809446311,Accept,Accept,Accept,Accept,0.466505620755417
0.229694227534669,1.0164552906879,-0.100164673652912,-0.702883722372369,0.766611612661728,Accept,"Z1, Z4",1.42998608474143,1.6390018176927,0.209015732951275,0.710566021254316,0.956444243295863,61.6384314373775,-0.100164673652912,-0.488512255709014,0.251453939490341,Accept,1.63968722070815,0.209701135966726,0.849139685521481,1.14276746530356,66.2759921534451,Accept,Accept,Accept,Accept,1.07316038894702
0.998079884449524,0.93106072992269,-0.0530024292801983,-0.620943363340047,0.508265956940041,Accept,X2,1.35224371691222,1.33414641541277,-0.0180973014994489,0.897868794345385,1.25599566437832,70.1260614393537,-0.0530024292801983,-0.375182057088748,0.251798263784472,Accept,1.3343294734868,-0.0179142434254184,0.771024461595981,0.903178108465963,80.3793761284957,Reject,Accept,Accept,Accept,0.90099785556529
-0.421173651030678,0.52982939329153,0.114229534017509,-0.224331931094789,1.7867184845182,Accept,Z1,1.58059547379894,1.33569168686923,-0.244903786929705,1.29243814343233,2.38882771358238,73.7127613927351,0.114229534017509,-0.325904884828208,0.556662110042759,Accept,1.33630208013298,-0.244293393665952,1.00841828747951,1.68728935408602,74.1949261175102,Accept,Accept,Accept,Accept,1.23991658595352
N/A,N/A,N/A,N/A,N/A,N/A,N/A,N/A,N/A,N/A,N/A,N/A,N/A,N/A,N/A,N/A,N/A,N/A,N/A,N/A,N/A,N/A,N/A,N/A,N/A,N/A,N/A
N/A,N/A,N/A,N/A,N/A,N/A,N/A,N/A,N/A,N/A,N/A,N/A,N/A,N/A,N/A,N/A,N/A,N/A,N/A,N/A,N/A,N/A,N/A,N/A,N/A,N/A,N/A
0.113450531761072,0.949300160191297,-0.0334231468964629,-0.225381607797536,0.547855596135905,Accept,"Z1, Z2, Z4",2.05179201808507,1.63864586599689,-0.413146152088179,1.06695614891543,1.58338291829932,47.8205249402352,-0.0334231468964629,-0.307266067582926,0.241117423180091,Accept,1.63803938367203,-0.41375263441304,1.03739631975259,1.48327526045746,61.1822705244501,Accept,Accept,Accept,Accept,1.75553509860973
0.494932021018597,1.03217419442712,-0.0809548678261448,-0.351311661681961,0.305484262273226,Accept,"Z1, Z2, Z4",1.86445912839645,1.63046423791595,-0.233994890480502,1.05941013005443,1.59909674581141,48.6666951358626,-0.0809548678261448,-0.325028455146653,0.166458593361156,Accept,1.62893399437216,-0.235525134024287,0.932801937343699,1.23015821178293,60.0781113092434,Accept,Accept,Accept,Accept,0.602486932181934
1.07689093989144,1.48669334519017,-0.211351609242168,-1.65852330515136,0.118978048682429,Accept,Z2,1.14676683258875,1.16032223677375,0.0135554041849935,0.744587227582925,1.06626120284045,62.6774005091343,-0.211351609242168,-0.564458852657302,0.143643832888734,Accept,1.16354535926192,0.0167785266731651,0.696383379110745,0.812965897042564,54.487535547892,Accept,Accept,Accept,Accept,1.03978494081497
0.824388188611403,1.24348873351804,-0.151783223568782,-1.33678310599376,0.202314713842797,Accept,Z2,1.37853049831996,1.49083885403079,0.11230835571083,1.00430973375568,1.5392915733317,68.0417331612645,-0.151783223568782,-0.491968801039007,0.183044037401532,Accept,1.49106960043018,0.112539102110223,0.895546480680707,1.24515041509333,64.419789005813,Accept,Accept,Accept,Accept,1.0344634325991
N/A,N/A,N/A,N/A,N/A,N/A,N/A,N/A,N/A,N/A,N/A,N/A,N/A,N/A,N/A,N/A,N/A,N/A,N/A,N/A,N/A,N/A,N/A,N/A,N/A,N/A,N/A
0.747932495425911,0.931604210089118,0.0559857474610431,-0.2935103888447,0.490341625285828,Accept,"Z2, Z4",0.751872498717337,0.999183765318292,0.247311266600955,0.892041657912504,1.31104998733813,68.506828704941,0.0559857474610431,-0.217878281139631,0.33776205925765,Accept,0.99759077934727,0.245718280629933,0.760637543361374,1.01194925790209,68.6775223668146,Accept,Accept,Accept,Accept,0.722690294237284
N/A,N/A,N/A,N/A,N/A,N/A,N/A,N/A,N/A,N/A,N/A,N/A,N/A,N/A,N/A,N/A,N/A,N/A,N/A,N/A,N/A,N/A,N/A,N/A,N/A,N/A,N/A
-0.492672254169312,0.649651658272466,0.0956013736596251,-0.330110024870142,1.54343275735156,Accept,Z2,0.846322900229018,1.14484629067851,0.298523390449495,1.04253818263923,1.67969373736289,65.0730198544572,0.0956013736596251,-0.402534038743982,0.58021435986825,Accept,1.14453914171656,0.298216241487546,0.951346967791242,1.49765736054124,69.2777563392089,Accept,Accept,Accept,Reject,1.41234918851592
0.362108485091817,0.990932965940988,-0.0495690225210269,-0.498343829404924,0.340607561753087,Accept,"Z1, Z2, Z4",1.57458241754356,1.27186230593959,-0.302720111603968,0.799225965510797,1.20017461420394,37.9275791743687,-0.0495690225210269,-0.407441965440356,0.315313468307392,Accept,1.27214343508791,-0.302438982455648,0.768974935512368,1.04399557718187,57.5275528424357,Accept,Accept,Accept,Accept,1.04932136192131
0.917965532386614,1.02612554275663,0.0356251861763485,-1.15875286837369,0.6387067933864,Accept,Z2,1.33310692711102,1.16381619379076,-0.169290733320259,0.847965124417538,1.24803747607558,77.0796301598454,0.0356251861763485,-0.311678615428447,0.382649041612385,Accept,1.16280934263244,-0.170297584478582,0.860991006230976,1.07356233906814,65.3221878019328,Accept,Reject,Accept,Accept,1.22763650855327
0.751492244297111,1.07626482010518,-0.0648780423067241,-0.467428529292904,0.323758528056173,Accept,"Z1, Z2, Z4",1.63446002586332,1.42851303497752,-0.205946990885797,1.07634207583853,1.77239623970734,60.5332447666168,-0.0648780423067241,-0.319238085524483,0.192933126029229,Accept,1.42728637480042,-0.207173651062906,0.865203502074135,1.24361611371702,60.482046572398,Accept,Accept,Accept,Accept,0.883530303797353
0.796682010205655,0.807817156872542,0.27590014239725,-0.543258106887294,0.824426818291431,Accept,X4,1.8626478847774,1.56218987553962,-0.300458009237772,1.20000792310538,2.07629419880823,79.542226115309,0.27590014239725,-0.111446841044447,0.672856518785114,Accept,1.56264890283451,-0.299998981942883,0.965452409649518,1.33493005928459,84.7066588838519,Reject,Accept,Accept,Accept,0.229802403236942
0.233810337584394,0.832198701511976,-0.0204499014324134,-0.393140332557212,0.740779830550695,Accept,"Z1, Z2",1.32179893824604,1.33238139306618,0.0105824548201375,1.02038367946624,1.44153715184929,62.3680378032124,-0.0204499014324134,-0.41226946966781,0.390974876199386,Accept,1.33079183228028,0.00899289403424038,0.979839204744587,1.33824700117474,77.6468630405725,Accept,Accept,Accept,Accept,0.89761792644932
-0.291868274353193,0.67694814927628,0.375773161090143,0.186100507871065,0.776865970376405,Reject,"Z3, Z4, X1",1.6739698226035,1.48376351182896,-0.190206310774536,0.795611845008419,1.21237784162594,57.6404760913999,0.375773161090143,0.113487215325482,0.616704560076889,Reject,1.48366424297009,-0.190305579633402,0.797723726177632,1.12726366602911,73.8251907118741,Reject,Accept,Accept,Accept,1.59867245546847
0.401388120797123,0.953421315936399,0.0782670918773137,-0.0569594569424868,0.532339542632504,Accept,"Z1, Z2, Z4",1.21486180105542,1.18171844888771,-0.0331433521677047,0.908629631655276,1.22233515723383,49.5674846042149,0.0782670918773137,-0.23163624495392,0.375266647186541,Accept,1.17988053154805,-0.034981269507369,0.849466515457926,1.0525454400688,69.2980051950001,Reject,Reject,Reject,Accept,0.514958037515632
0.55454255854999,1.05854510067821,0.230866747102997,-0.720394669276962,0.475966483079121,Accept,"Z1, Z2",1.61286301136836,1.51940834196939,-0.0934546693989647,1.17129350329747,2.23683942743679,63.9915500813867,0.230866747102997,-0.0525943742528788,0.488801117276944,Accept,1.52083391419527,-0.0920290971730913,1.01412876580205,1.58584774188256,67.0801250219242,Accept,Accept,Accept,Accept,0.654400123296761
N/A,N/A,N/A,N/A,N/A,N/A,N/A,N/A,N/A,N/A,N/A,N/A,N/A,N/A,N/A,N/A,N/A,N/A,N/A,N/A,N/A,N/A,N/A,N/A,N/A,N/A,N/A
0.688384415471692,1.03435597470905,-0.05748131694984,-0.4955125866619,0.202418462988052,Accept,"Z1, Z2, Z4",1.38265529612655,1.31514466296633,-0.067510633160221,0.958249085646205,1.41326540464748,51.669478870307,-0.05748131694984,-0.350737206789424,0.242439606589033,Accept,1.31660165145889,-0.0660536446676623,0.895897892999064,1.30033620910389,66.0971235158038,Accept,Accept,Accept,Accept,1.10877492115424
-0.00970784005546582,0.962305685130901,0.0224890373003562,-0.326515544652596,0.743030941473398,Accept,"Z2, Z4",1.36257811840886,1.27682452461114,-0.0857535937977274,0.979407914366336,1.35656590058215,59.0063454723566,0.0224890373003562,-0.31873191799144,0.395114028030745,Accept,1.27773634361309,-0.0848417747957728,1.02352012278677,1.50876034759898,70.2484888671055,Accept,Accept,Accept,Accept,0.784736994968998
N/A,N/A,N/A,N/A,N/A,N/A,N/A,N/A,N/A,N/A,N/A,N/A,N/A,N/A,N/A,N/A,N/A,N/A,N/A,N/A,N/A,N/A,N/A,N/A,N/A,N/A,N/A
N/A,N/A,N/A,N/A,N/A,N/A,N/A,N/A,N/A,N/A,N/A,N/A,N/A,N/A,N/A,N/A,N/A,N/A,N/A,N/A,N/A,N/A,N/A,N/A,N/A,N/A,N/A
1.09119690153526,1.1620938561577,-0.0216041103015051,-0.871907618266863,-0.105107682817294,Reject,Z2,1.08722563921857,1.15563905461376,0.0684134153951909,0.971271409906282,1.48244661543463,60.5514503019268,-0.0216041103015051,-0.255740856995604,0.233239218294645,Accept,1.15603428140222,0.0688086421836428,0.819553980659259,1.0169035322874,52.2427868588756,Reject,Accept,Accept,Accept,0.978418228779928
0.783900601380359,0.968577405805111,0.183016110440875,-0.806400619048814,0.752071482521638,Accept,Z1,1.26620727339188,1.22683495377326,-0.0393723196186126,1.03066684234725,1.50011336353272,76.4117539470757,0.183016110440875,-0.075948851133441,0.435768890428291,Accept,1.22867124691771,-0.0375360264741697,0.787513819286376,0.911752664740545,55.0042994417627,Accept,Accept,Accept,Accept,0.914871016687376
1.13440446845181,1.14949860604243,-0.232903594860462,-1.27105860630787,0.664851652712918,Accept,X5,1.42276779032546,1.65700971368025,0.234241923354781,1.04090021160207,1.61786151991413,84.6484977028833,-0.232903594860462,-0.597605898440553,0.152538215504519,Accept,1.65747344028336,0.234705649957893,0.874045454966033,0.97210824690648,85.1400441397193,Reject,Reject,Accept,Accept,0.812630685970249
-0.281447838377008,0.673477604090659,0.171080926088165,-0.202990287509668,1.09209220379894,Accept,"Z1, Z2",0.925585376777795,1.34876941026244,0.423184033484646,0.921896819834025,1.36304949654184,61.261801240044,0.171080926088165,-0.256905990829578,0.622925361829014,Accept,1.3494546225337,0.423869245755909,0.822726410117776,1.02924141174795,69.8367117785187,Accept,Accept,Accept,Accept,0.895484282848205
-0.194992559085969,0.615994854398025,-0.119379002626479,-0.345025392594126,1.43272994491421,Accept,Z2,1.40089675426685,1.40967826140554,0.00878150713868222,1.08017795691134,1.79145264002466,83.2746892341812,-0.119379002626479,-0.66291360486464,0.468358899066784,Accept,1.4092557073256,0.00835895305874739,0.962161083214473,1.54476665037602,87.1963183961468,Accept,Reject,Accept,Reject,1.74398111191387
0.428622588613957,0.882866274569625,0.0280641854952825,-0.194852429725944,0.480119208904532,Accept,"Z2, Z4",1.02548271739137,1.29609752466889,0.270614807277523,0.952201742942144,1.16783754020601,62.6799314105105,0.0280641854952825,-0.184921777515587,0.229033837442125,Accept,1.29471039240592,0.269227675014551,0.887841558477978,1.08154144786854,67.0120809385442,Accept,Accept,Accept,Accept,0.558912675324247
0.795570542200065,1.27615272382323,-0.0528407991543295,-0.946799921793889,0.0317587361938662,Accept,"Z1, Z2",1.1240848660935,1.02259558308126,-0.101489283012239,0.923652954498969,1.18105935213075,55.9260611623428,-0.0528407991543295,-0.371141214639032,0.258857546012407,Accept,1.02333434428995,-0.100750521803551,0.770211595191043,0.869527874878641,65.6093519694544,Reject,Reject,Accept,Accept,1.20047920836788
1.63177199992965,1.66316524606728,0.0911839798675859,-1.6505352276818,0.117659502821577,Accept,Z2,0.90109155528421,0.984139676463008,0.0830481211787976,1.09154443181914,1.68047353255098,80.521746968809,0.0911839798675859,-0.236586849439396,0.396138414593006,Accept,0.986119760281714,0.085028204997504,0.776543154358177,1.10083456998634,70.3722308542037,Accept,Accept,Accept,Accept,0.584638796564716
0.63880339601575,1.0140246717456,-0.0611896170123415,-0.357364599906833,0.390294930445483,Accept,"Z1, Z2, Z4",1.02629721583678,1.18368151707898,0.157384301242198,0.853363049844147,1.46877127629002,55.4832862494051,-0.0611896170123415,-0.379192474935773,0.245150842297998,Accept,1.18495542734955,0.158658211512766,0.845443799483163,1.26775051851218,68.5275679706715,Accept,Accept,Accept,Accept,1.0884921868788
-0.114736354775351,0.928105658436432,0.0652753882827433,-0.648847391716756,1.0536156707921,Accept,Z2,1.4146836976161,1.21914599376136,-0.195537703854738,0.944366674462237,1.38629223666397,70.4066673442414,0.0652753882827433,-0.306871410415279,0.421583495596111,Accept,1.21859600880227,-0.196087688813827,0.753180015567228,0.94967476730681,70.1910054551105,Accept,Accept,Accept,Accept,0.913852340509064
N/A,N/A,N/A,N/A,N/A,N/A,N/A,N/A,N/A,N/A,N/A,N/A,N/A,N/A,N/A,N/A,N/A,N/A,N/A,N/A,N/A,N/A,N/A,N/A,N/A,N/A,N/A
0.194101246093855,0.987206881694349,0.072217255043478,-0.615512998424036,0.844282555442243,Accept,Z2,1.62280117620875,1.50727045232629,-0.115530723882461,0.793320736414805,0.919811504833819,73.1682742705617,0.072217255043478,-0.248169754187561,0.389174579271796,Accept,1.5064393809225,-0.116361795286249,0.780188042695798,0.969789327108307,71.6559547486268,Accept,Accept,Accept,Accept,0.653180655025664
0.29127325913096,0.837850520732535,0.202046158313788,-0.157936983511518,0.771687375155714,Accept,"Z2, Z4",1.36030697399104,1.34184363547925,-0.0184633385117925,0.749809301342438,0.929052871527343,65.7076259046481,0.202046158313788,-0.0951022393009646,0.510694674337777,Accept,1.34295945602549,-0.0173475179655461,0.676375667171784,0.795327934260901,68.0632924583745,Accept,Accept,Accept,Accept,0.514405171680098
0.0185052657171891,0.919706070274538,0.0398580093213996,-0.28871408337231,0.676863107637423,Accept,"Z2, Z4",1.61503554050808,1.5569958068433,-0.0580397336647801,0.812887555820252,1.1037843724501,61.7241554348817,0.0398580093213996,-0.195684711411955,0.282581707343075,Accept,1.55794923142421,-0.0570863090838756,0.784988809498058,0.959310079261032,56.3663144255463,Accept,Accept,Accept,Accept,0.451495427684025
0.198679670953578,1.06775128400512,-0.153130878035199,-0.682908610394817,0.253033549543531,Accept,"Z4, X1",1.54270077039979,1.39341855925045,-0.149282211149341,0.893421589405841,1.11547162416704,50.4792858840829,-0.153130878035199,-0.391368327233462,0.0880240113225708,Accept,1.3908817499111,-0.151819020488698,0.8374899594265,0.939431734377342,45.9916829127862,Accept,Accept,Accept,Accept,0.45575550834751
1.12147972755572,0.979647204162843,0.127513868712173,-0.755521500835,0.745088197082635,Accept,Z2,1.17333379286542,1.35581087542473,0.182477082559309,1.10742830809482,1.83435292792303,82.924286935945,0.127513868712173,-0.297751085084111,0.545845228108832,Accept,1.35628434653113,0.182950553665708,0.939239942563453,1.23784866467676,82.2324361749839,Accept,Accept,Accept,Accept,0.812298872162
0.57954902962865,0.948040478521069,0.0298460505374994,-0.312996117313517,0.457127457993238,Accept,"Z1, Z2, Z4",1.23017441328297,1.33923915555039,0.109064742267417,0.807215931321296,0.982740070095082,59.8225037716766,0.0298460505374994,-0.268535184771281,0.340254344586463,Accept,1.33771212369327,0.107537710410302,0.911066614290309,1.15030938926919,74.54175082203,Accept,Accept,Accept,Accept,1.02483791984996
0.787253999430801,1.11293634733962,-0.0193810661743633,-0.599259818007967,0.160331766741588,Accept,"Z2, Z4",1.31341895832766,1.22628652387681,-0.0871324344508434,0.81023271520643,1.16876874970696,47.3464594959209,-0.0193810661743633,-0.34926546480569,0.325255296604396,Accept,1.22495038308823,-0.0884685752394291,0.858262780182329,1.2271803107953,68.1757074486975,Accept,Accept,Accept,Accept,0.671090596218398
N/A,N/A,N/A,N/A,N/A,N/A,N/A,N/A,N/A,N/A,N/A,N/A,N/A,N/A,N/A,N/A,N/A,N/A,N/A,N/A,N/A,N/A,N/A,N/A,N/A,N/A,N/A
0.779896388316408,1.01150677965985,0.0226370306964701,-0.625968047136152,0.335270430176666,Accept,Z2,0.856585231393822,1.14408746120286,0.287502229809038,0.929288257875022,1.54460631865528,67.8782862192394,0.0226370306964701,-0.230533420409954,0.281626708699593,Accept,1.14304694116445,0.286461709770626,0.962071991325674,1.44992592848014,67.3672775631936,Accept,Accept,Accept,Accept,1.3328980021744
N/A,N/A,N/A,N/A,N/A,N/A,N/A,N/A,N/A,N/A,N/A,N/A,N/A,N/A,N/A,N/A,N/A,N/A,N/A,N/A,N/A,N/A,N/A,N/A,N/A,N/A,N/A
0.174694778131654,0.765185562391318,0.0852090056593679,-0.192159438525174,0.770949711090605,Accept,"Z2, Z4",1.48655735335319,1.34000440166722,-0.146552951685962,0.975493564855888,1.53814228319809,68.0754730614268,0.0852090056593679,-0.206360392033799,0.363348543807518,Accept,1.34067486429254,-0.145882489060647,0.818030112566404,1.1093853258626,64.4696271813539,Accept,Accept,Accept,Accept,1.1267918709245
N/A,N/A,N/A,N/A,N/A,N/A,N/A,N/A,N/A,N/A,N/A,N/A,N/A,N/A,N/A,N/A,N/A,N/A,N/A,N/A,N/A,N/A,N/A,N/A,N/A,N/A,N/A
0.665250592586001,1.0647260097339,0.0257256657273437,-0.734158326354936,0.39739281057811,Accept,"Z2, Z4",1.98012701900364,1.65736823701402,-0.322758781989615,0.89194511204219,1.25897514352278,59.2262132465982,0.0257256657273437,-0.399732770473383,0.460162320049948,Accept,1.65596711033251,-0.324159908671131,0.83458729220223,1.02813035941262,76.2561218335545,Accept,Accept,Accept,Accept,0.136404951790076
N/A,N/A,N/A,N/A,N/A,N/A,N/A,N/A,N/A,N/A,N/A,N/A,N/A,N/A,N/A,N/A,N/A,N/A,N/A,N/A,N/A,N/A,N/A,N/A,N/A,N/A,N/A
0.521427337644374,0.842316849334867,0.216231601431596,-0.513644770187036,0.797168227447566,Accept,Z2,1.69752186879954,1.57836424899549,-0.11915761980405,1.17823271797184,2.06504926907662,78.6660301424023,0.216231601431596,-0.0479693157384806,0.474931781304847,Accept,1.57594144327591,-0.121580425523627,0.927775918604965,1.51171105456569,67.2923922810909,Accept,Accept,Accept,Accept,0.506198202284812
0.816687956959496,1.048091131124,-0.108078191241996,-0.466615666639146,0.244064792373506,Accept,"Z2, Z4",1.28005272989071,1.28029590327553,0.000243173384812475,0.873045749718199,1.30793998927507,62.787170741669,-0.108078191241996,-0.31066365623938,0.105194638898971,Accept,1.27906921163243,-0.000983518258285729,0.747700389433282,0.875539027721597,60.7105546703138,Accept,Accept,Accept,Accept,0.233631914447591
N/A,N/A,N/A,N/A,N/A,N/A,N/A,N/A,N/A,N/A,N/A,N/A,N/A,N/A,N/A,N/A,N/A,N/A,N/A,N/A,N/A,N/A,N/A,N/A,N/A,N/A,N/A
0.792375149773899,1.1181287480839,-0.190607319065597,-1.1375197354294,0.677704266760071,Accept,Z2,1.2206992335349,1.1340651208128,-0.0866341127220978,0.868021214601622,1.15769208642748,78.3824499134979,-0.190607319065597,-0.655134508386423,0.228722731481018,Accept,1.13310875696164,-0.087590476573258,0.750589824399451,0.934513982786057,87.4715875028387,Accept,Accept,Accept,Reject,1.09994110522987
0.435452054301531,1.04689182044575,0.0983348126696355,-1.05561412705549,0.88627480126932,Accept,Z2,1.38801932089895,1.26477436042252,-0.123244960476425,0.990659444749446,1.50991929959029,72.3659988834567,0.0983348126696355,-0.240758680582226,0.450422251992784,Accept,1.2642508559921,-0.123768464906851,1.03797155569909,1.45549660072387,71.7620851523604,Accept,Accept,Accept,Accept,1.10846892683225
0.495697545930258,0.97002866855757,-0.0472227873773847,-0.35306570925017,0.302965384020534,Accept,"Z1, Z2, Z4",1.60307946923505,1.33860203668106,-0.264477432553984,0.934389172236913,1.37553074564756,52.8670583102558,-0.0472227873773847,-0.24207314632691,0.150723859292475,Accept,1.3384780409967,-0.264601428238351,0.927088672179716,1.3344778590409,45.4038331998135,Accept,Accept,Accept,Accept,0.308118282211293
N/A,N/A,N/A,N/A,N/A,N/A,N/A,N/A,N/A,N/A,N/A,N/A,N/A,N/A,N/A,N/A,N/A,N/A,N/A,N/A,N/A,N/A,N/A,N/A,N/A,N/A,N/A
N/A,N/A,N/A,N/A,N/A,N/A,N/A,N/A,N/A,N/A,N/A,N/A,N/A,N/A,N/A,N/A,N/A,N/A,N/A,N/A,N/A,N/A,N/A,N/A,N/A,N/A,N/A
0.139457891654597,0.873446474324322,0.109365855519437,-0.352299516432466,0.798916245754252,Accept,"Z2, Z4",1.21354280439357,1.4231655031056,0.209622698712026,0.96291699309548,1.39926969902994,64.2591267009163,0.109365855519437,-0.247009700419794,0.435494354819359,Accept,1.42255881951735,0.209016015123782,0.788753648421833,1.05736445474384,65.5903639046003,Accept,Accept,Accept,Accept,1.33965304310454
1.08416867882786,1.18264960190154,0.182424189176307,-1.12701947266265,0.0665653207847408,Accept,Z2,0.81094961680814,1.21699207237337,0.406042455565226,1.26701879691619,2.23566533605929,68.9868869864493,0.182424189176307,-0.171519554900028,0.494581983919009,Accept,1.21681992821725,0.405870311409114,0.905937009232214,1.37558455232185,67.1999520780196,Accept,Accept,Accept,Accept,1.26998681461633
-0.214936456780847,0.689969879171123,0.268434023213431,0.251523545221912,1.17371200976243,Reject,"Z2, Z4",0.659708993064633,0.866635646758468,0.206926653693835,1.04437053279459,1.62922241658189,67.9178966477725,0.268434023213431,0.0135100635504472,0.52992172442325,Reject,0.869134086081525,0.209425093016892,0.84155243480575,1.02495667793482,67.5598195453401,Reject,Reject,Accept,Reject,1.55051002371358
0.053560481140612,0.825549964550917,0.01929228399139,-0.0925113458331289,0.791756896226819,Accept,"Z1, Z2",1.58171732357201,1.42959450106868,-0.152122822503331,0.924956584731475,1.34574979447267,59.7251216207515,0.01929228399139,-0.261386139618963,0.296196053175164,Accept,1.42986701248864,-0.151850311083372,0.858826380896973,1.1458283094616,67.539738612951,Accept,Accept,Accept,Accept,1.0802134508668
0.0874774070551368,0.891259323581876,0.165965497850196,-0.278000998493275,1.03863234186352,Accept,Z2,1.22102445110645,1.08777183671258,-0.13325261439387,0.860405803311888,1.19725084201625,67.4056493507323,0.165965497850196,-0.132492979893233,0.47078645518245,Accept,1.08712831873793,-0.13389613236852,0.836150420747402,1.13544189481376,66.0150116114179,Accept,Accept,Accept,Accept,0.296019098192403
0.0526722633770501,0.779488765956643,-0.0805206165025245,0.0254503842158272,0.838381510662126,Reject,"Z2, Z4",1.03109108352035,1.20184973596473,0.170758652444376,1.10915284391873,1.72847635440396,63.0318701249396,-0.0805206165025245,-0.312381009695532,0.153195905069318,Accept,1.20200402843035,0.170912944909995,0.934108933421392,1.15953485679902,51.6620676704742,Accept,Accept,Accept,Reject,1.88604274153473
0.289717657560123,0.828550223224082,0.0139374433541368,-0.184543758972029,0.729762235183304,Accept,"Z2, Z4",0.914694706995331,1.27908448211268,0.364389775117353,1.16100270845143,1.80355372975528,75.6844905056553,0.0139374433541368,-0.243373733105235,0.256134297071593,Accept,1.28024005377754,0.365545346782213,0.979415558926567,1.3329999946591,60.880073329785,Accept,Accept,Accept,Accept,0.928696817094936
0.352263753908573,0.916080606640741,0.328931141257199,-0.507514944544755,0.986211229739251,Accept,Z2,0.958229306285188,1.04498303687128,0.0867537305860966,0.928218937993944,1.47893131476437,66.7616738349775,0.328931141257199,0.0175333726517048,0.637362216166352,Reject,1.0454304561677,0.0872011498825166,0.86206236799726,1.30050098409963,63.583987578477,Accept,Accept,Accept,Accept,0.666729524791864
0.493450337329913,1.01828524207057,-0.0884886902067245,-0.858813147809131,0.565582436678218,Accept,"Z2, Z4",1.30329248855957,1.23084726313645,-0.0724452254231173,0.767653326806629,0.991173231892355,64.0522295757776,-0.0884886902067245,-0.399098851342301,0.214761988240725,Accept,1.23069687006331,-0.0725956184962655,0.756125501743706,0.844129869737003,67.5136764556724,Accept,Accept,Accept,Accept,0.937428954608376
0.793980181196293,1.09540654171615,-0.0901278944590787,-0.531370267491978,0.189629998849177,Accept,"Z1, Z2, Z4",1.6370275678637,1.36345027285331,-0.273577295010382,0.826150820894717,1.07688628248952,56.9202235709611,-0.0901278944590787,-0.35789207783362,0.158405194935829,Accept,1.36487408086006,-0.272153487003632,0.647109768454437,0.787948014427007,60.4306182543924,Accept,Accept,Accept,Accept,1.18368634878457
-0.332727144237221,0.781415801447005,-0.130911648571662,-0.148155402805883,1.00546686374532,Accept,Z2,1.10920898255404,1.05409201101526,-0.0551169715387788,0.836460654484148,1.14042929107899,65.7557657171263,-0.130911648571662,-0.476136061717631,0.209140122435889,Accept,1.05434901578014,-0.0548599667738979,0.833199473412299,1.1477958327806,60.0748623547229,Accept,Accept,Accept,Accept,0.711307825369936
N/A,N/A,N/A,N/A,N/A,N/A,N/A,N/A,N/A,N/A,N/A,N/A,N/A,N/A,N/A,N/A,N/A,N/A,N/A,N/A,N/A,N/A,N/A,N/A,N/A,N/A,N/A
0.667125745085636,0.858497459965799,0.110940951138887,-0.132189832688506,0.4810818959325,Accept,"Z1, Z2, Z4",0.775278840870618,1.01304630814486,0.237767467274242,0.985469016159902,1.41604000013629,63.3326565860486,0.110940951138887,-0.146437000269961,0.356464619808346,Accept,1.01256997725829,0.237291136387669,0.904166975380523,1.12599992730563,70.4487977439633,Accept,Accept,Accept,Accept,0.656879743492787
0.186228953669533,0.882966059225168,-0.115989703005352,-0.239294053910366,0.681189294203461,Accept,"Z1, Z2, Z4",1.81406381656859,1.47993695133068,-0.334126865237915,0.768551450483591,1.07168583558989,60.5740385372639,-0.115989703005352,-0.463775035325715,0.229619011635558,Accept,1.47963631577645,-0.334427500792144,0.766616654968818,1.0664450635097,71.7229385592029,Accept,Accept,Accept,Accept,0.599894478783242
0.472550880089666,1.04491820989034,-0.263017202838434,-1.03821006729535,0.719535872081726,Accept,Z2,1.61194296944276,1.51009652631115,-0.101846443131612,1.02180963380092,1.49329357287657,76.0823530293726,-0.263017202838434,-0.548295376287478,0.0130514372789508,Accept,1.51189254922992,-0.100050420212845,0.817235299845896,1.15457781969272,70.4458848431453,Accept,Accept,Accept,Accept,1.45357958454158
0.792377799294395,1.11698286871249,-0.0604985152765218,-0.756982562370621,0.275205655905472,Accept,"Z2, Z4",1.4373861844307,1.43944218698863,0.00205600255792324,0.939584618615093,1.31588172665754,52.3882017432336,-0.0604985152765218,-0.516241318766914,0.370937534991332,Accept,1.44167074545821,0.00428456102750867,0.978268133573086,1.50454503734624,66.3092408757054,Accept,Accept,Accept,Accept,0.501351142525594
N/A,N/A,N/A,N/A,N/A,N/A,N/A,N/A,N/A,N/A,N/A,N/A,N/A,N/A,N/A,N/A,N/A,N/A,N/A,N/A,N/A,N/A,N/A,N/A,N/A,N/A,N/A
0.298531871022514,0.96575912853428,0.142678687317967,-0.149068180659738,0.566513812931977,Accept,"Z1, Z2, Z4",1.50408254270766,1.26916303278329,-0.234919509924369,0.844196903929282,1.10154331173928,48.1396145053249,0.142678687317967,-0.13067465121871,0.426820534894337,Accept,1.26781323857336,-0.2362693041343,0.761655998842557,0.868024824604639,60.2266917393124,Accept,Accept,Accept,Accept,1.31101188931211
0.523668240095517,0.870324728181494,0.0690685359001044,-0.10640244175696,0.550186282869882,Accept,"Z1, Z2, Z4",0.921749990854011,0.96269893967392,0.040948948819909,0.882055897941021,1.28746766745536,61.8145599978719,0.0690685359001044,-0.172164204537699,0.319551590120291,Accept,0.963349296733937,0.0415993058799267,0.88437842463058,1.32788241608728,79.796146344916,Accept,Accept,Accept,Reject,1.66983832281145
0.823025271488475,0.83368205632003,0.013557151726489,-0.394648532892389,0.470350014357145,Accept,"Z2, Z4",1.18000962646019,1.32933051787344,0.149320891413254,1.00956388974396,1.70223063080889,69.3867062637364,0.013557151726489,-0.217949397153095,0.25181998919246,Accept,1.3306743277654,0.150664701305211,1.07998891423015,1.59709891002241,59.4630796576094,Accept,Accept,Accept,Accept,0.616035245445172
1.05689974834787,1.17194622082236,-0.206898170948037,-0.940653003177075,0.162813008856325,Accept,"Z2, Z4",1.34351015834446,1.35552035308838,0.0120101947439202,0.815475760628214,1.14449174902554,69.6562378270366,-0.206898170948037,-0.590606194595964,0.19290048486922,Accept,1.35671438027127,0.0132042219268082,0.748016748047378,0.974116924768334,87.7729809279679,Accept,Accept,Accept,Accept,0.332323435036817
0.477196944807717,1.02661752694302,-0.535482595550343,-0.674086693658568,0.415072429423156,Accept,"Z1, Z2, Z4",1.17330203883229,1.00563308607595,-0.167668952756343,0.857826878288642,1.23110051550841,57.5041084564369,-0.535482595550343,-0.922435459532591,-0.133657779243297,Reject,1.00659982860815,-0.16670221022414,0.858003266971115,1.12618756011886,70.654486559883,Accept,Accept,Accept,Accept,0.533855446330425
0.543787639730568,1.0169184458288,0.246264258887076,-0.324920640467684,0.450722182067313,Accept,Z2,1.13219941599716,1.47447537899996,0.342275963002792,1.04037181772076,1.50085225369269,56.6356351899913,0.246264258887076,-0.0479661733819814,0.554310233872445,Accept,1.47501636269628,0.342816946699116,0.895458188214414,1.21285221183017,73.1830185286135,Accept,Accept,Accept,Accept,0.799253828455334
0.0101689314893203,0.809263299489222,0.117272717844194,-0.115576513833451,0.897143236714138,Accept,"Z1, Z2",1.36246676580609,1.46724179269496,0.104775026888875,1.06954049446995,1.72333623742193,63.8235158012294,0.117272717844194,-0.241471368502935,0.464873258578311,Accept,1.46688561865934,0.104418852853252,1.04511083358784,1.5468655004703,72.7416911562145,Accept,Accept,Accept,Accept,0.264810466750681
0.0996738900465112,0.825579343246028,0.180897173425142,-0.147233070254891,0.608851648994716,Accept,"Z1, Z2, Z4",1.85613224723125,1.4981393592185,-0.357992888012758,0.871365319769583,1.2212016098239,51.6369779684156,0.180897173425142,-0.0877088496399449,0.481731303749313,Accept,1.49620725543206,-0.359924991799196,0.848452870429369,1.10786480061808,58.1709437923105,Accept,Accept,Accept,Accept,0.262460100378907
-0.30648534677785,0.79551585185233,-0.169181028396655,-0.115308580042476,0.996294433893844,Accept,"Z2, Z4",1.9656798413279,1.73745243994272,-0.228227401385177,0.971316462211283,1.45332050216303,61.1131621611916,-0.169181028396655,-0.626411864925371,0.271192786076442,Accept,1.74073256808775,-0.224947273240147,0.941440534551575,1.5261120548575,71.3023316662532,Accept,Accept,Accept,Accept,0.267194453670002
0.123148435544076,0.912598384563758,0.102744977488393,-0.294423856388216,0.57090711763064,Accept,"Z1, Z2, Z4",0.939320574044973,1.10348406196106,0.164163487916084,0.955238769461058,1.21348912054449,60.0683243054077,0.102744977488393,-0.266330118238036,0.458453147881747,Accept,1.1016640808435,0.162343506798531,0.97367760744843,1.36741411987777,80.8900946013191,Accept,Accept,Accept,Accept,0.935392587101312
N/A,N/A,N/A,N/A,N/A,N/A,N/A,N/A,N/A,N/A,N/A,N/A,N/A,N/A,N/A,N/A,N/A,N/A,N/A,N/A,N/A,N/A,N/A,N/A,N/A,N/A,N/A
0.0406118056338021,0.696411122724991,0.267763962013875,-0.0317093681559295,0.807997232084927,Accept,"Z2, Z4",1.17487945181012,1.33328466317804,0.158405211367916,1.09366981986141,1.64128128569303,73.9826808649734,0.267763962013875,0.00794501259730441,0.515865397862016,Reject,1.3310679495595,0.156188497749376,0.932278869765929,1.4006670387834,81.1482830685986,Accept,Accept,Accept,Accept,0.828000110060971
1.68847665643679,1.468269645255,-0.158677129733821,-1.55975765882307,-0.174532293233779,Reject,Z2,1.21182699042482,1.01459356621425,-0.197233424210571,1.23069644772147,2.19467925811572,87.8427888259538,-0.158677129733821,-0.579729105977646,0.268274365177198,Accept,1.01811871405073,-0.19370827637409,0.859663833041022,1.18263135033689,90.5000037822027,Reject,Accept,Accept,Accept,1.33546768018256
N/A,N/A,N/A,N/A,N/A,N/A,N/A,N/A,N/A,N/A,N/A,N/A,N/A,N/A,N/A,N/A,N/A,N/A,N/A,N/A,N/A,N/A,N/A,N/A,N/A,N/A,N/A
0.662374004065739,1.06730703112571,0.0436528039586687,-0.803516081985205,0.69189437141546,Accept,"Z1, Z2",1.51330445788368,1.45432498183176,-0.0589794760519222,1.1420235443049,1.7928783196114,74.4567455703359,0.0436528039586687,-0.218207967623046,0.289411503856401,Accept,1.45355663215927,-0.0597478257244154,0.889338929655229,1.14229701008062,53.5893670943057,Accept,Accept,Accept,Accept,1.35175872478029
0.481509883457308,0.881472702727181,-0.0504958952609973,-0.480283269069158,0.711680744481938,Accept,Z2,1.73430206495685,1.2946030189512,-0.439699046005646,0.916575194555865,1.38723593720368,66.5913461973152,-0.0504958952609973,-0.477725389375478,0.398168013217211,Accept,1.29519351481974,-0.43910855013711,0.815756476014723,1.17833915707295,80.2324237745734,Accept,Accept,Accept,Accept,0.601497393125682
0.303268745181967,0.987697210271827,0.151120163865183,-0.29788795449665,0.510550217968822,Accept,"Z2, Z4",1.02411620686583,1.37345277096645,0.349336564100615,0.859322792202571,1.19627735671474,50.43039406962,0.151120163865183,-0.106527870537933,0.389173318658784,Accept,1.37475905169249,0.350642844826661,0.786086740034859,1.02723126320754,53.277271526771,Accept,Accept,Accept,Accept,0.343545130363132
-0.592925416623102,0.76592465165547,0.366532925393486,0.137536560059884,0.942905820733023,Reject,"Z1, Z2, Z4",1.54572077600815,1.36337095922149,-0.182349816786664,0.956944557843528,1.41154676663084,53.5627564547208,0.366532925393486,0.0164470210745141,0.683631482830613,Reject,1.36171226240259,-0.184008513605558,0.969052622129384,1.37737001913589,68.4798421090772,Reject,Accept,Accept,Accept,0.697345907460291
N/A,N/A,N/A,N/A,N/A,N/A,N/A,N/A,N/A,N/A,N/A,N/A,N/A,N/A,N/A,N/A,N/A,N/A,N/A,N/A,N/A,N/A,N/A,N/A,N/A,N/A,N/A
1.09790347489387,1.14122174979045,-0.152502888980511,-1.18186292425936,0.732965285499821,Accept,Z2,1.23016112023627,1.42473219456008,0.194571074323808,0.948832744001253,1.45193835231202,80.6921700759571,-0.152502888980511,-0.531537003629593,0.232202133002189,Accept,1.42243250939694,0.192271389160667,0.87832253731883,1.16615951459276,79.0616817305741,Accept,Reject,Reject,Accept,0.698976110067606
0.226624830943614,0.803770421971066,0.184284260157512,-0.430322614822818,1.13421603648738,Accept,X7,1.28490421794647,1.35930803223772,0.0744038142912525,1.14503977532622,2.32411971360439,75.1071221444426,0.184284260157512,-0.132181573635654,0.505573855604725,Accept,1.35941660003796,0.0745123820914949,0.875611292838168,1.39698456026921,72.5375510891005,Reject,Accept,Accept,Accept,0.925583345250914
0.212800322285061,0.945890196694795,0.065601978463496,-0.25678759112657,0.483856971301779,Accept,"Z1, Z2, Z4",0.885904085088526,1.14024148380068,0.254337398712157,0.921626258502494,1.25773221541545,61.366554231836,0.065601978463496,-0.211318709089897,0.351614130336335,Accept,1.14126440107859,0.255360315990062,0.80412278783422,1.01824442208389,68.2553353532674,Accept,Accept,Accept,Accept,1.04094093014853
0.727219235708622,0.946841571453276,0.124625351954801,-0.38434462121735,0.414811615135481,Accept,"Z2, Z4",1.38134621493637,1.57598466668269,0.194638451746322,1.02547052714297,1.64114295803778,65.0617794722682,0.124625351954801,-0.183397010964211,0.418989842036977,Accept,1.57693062936905,0.195584414432676,0.872146023567856,1.19355891462865,77.1830668570025,Accept,Accept,Accept,Accept,0.446141020282069
0.0428811818747832,0.904769921252597,0.0419571752615779,-0.199224101095309,0.967217565181918,Accept,"Z2, Z4",1.35409157088968,1.50730565685178,0.153214085962095,1.12498738483859,1.85438806259704,71.8657750782486,0.0419571752615779,-0.327391716240384,0.419908907389048,Accept,1.50313123756453,0.149039666674851,1.0369751251655,1.51245867237262,77.4589022056721,Accept,Accept,Accept,Accept,0.891734114164809
0.50296767818995,0.984774021345472,-0.05069366293082,-0.778830656924492,0.83055898402411,Accept,Z2,0.88899129395418,1.18032273926683,0.291331445312646,1.26250586567035,2.09294277112373,80.8301837661533,-0.05069366293082,-0.499787257600583,0.424395916008588,Accept,1.17620120201096,0.287209908056779,1.08258028102538,1.56106512835896,82.0678670084492,Accept,Accept,Accept,Reject,1.93566896418483
0.212090846870277,0.981102335728205,-0.0454636821224159,-0.62446281742401,0.945068476851583,Accept,Z2,1.06357455207428,1.07328612281801,0.00971157074372639,1.11093130519585,1.91930579711145,59.6227323572182,-0.0454636821224159,-0.384593686581334,0.265793314324942,Accept,1.07536775664519,0.0117932045709055,0.969043751810547,1.49999207270935,47.1748709625708,Accept,Accept,Accept,Accept,1.0725246056073
0.10191894503737,0.859091112170218,0.415809958463697,-0.182608781765056,0.780892930018659,Accept,"Z1, Z4",1.17734005319762,1.25346658963877,0.0761265364411455,1.13060176448312,1.9952944771767,63.5309820707337,0.415809958463697,0.10956483135477,0.721190859859089,Reject,1.25391451409479,0.0765744608971701,1.02301516171291,1.65816900000284,78.3048416396334,Accept,Reject,Accept,Accept,1.43211476892317
1.22344600597004,0.821099255573086,-0.156530295944093,-0.706678895237847,0.48107041157662,Accept,Z4,1.45611953043189,1.43880748788549,-0.0173120425464077,1.00993643883961,1.77648437391573,80.5451287813083,-0.156530295944093,-0.43948944064027,0.144020966953415,Accept,1.43684573231518,-0.0192737981167133,0.849340604446597,1.0533663622534,69.3182610929427,Accept,Accept,Accept,Accept,0.458935630708858
0.589455699043806,1.22559621810786,-0.0457887236457246,-1.19994461825611,0.597893143188138,Accept,Z2,0.933343078252911,1.2393380431272,0.305994964874286,1.21739878737649,1.93522276182605,64.3916046988294,-0.0457887236457246,-0.490777629173468,0.400835107840217,Accept,1.24033721331544,0.306994135062529,1.07002309107382,1.69273797571943,75.3637651906882,Accept,Accept,Accept,Accept,1.11859332050276
0.310504107041306,0.767268024487966,0.0622509745292995,-0.31874359212614,1.0704059794281,Accept,Z2,0.777877213097586,1.14912616397727,0.371248950879686,1.06213321888338,1.87716277322088,89.7052053466004,0.0622509745292995,-0.248379137768753,0.405389632333294,Accept,1.14874661897852,0.370869405880937,0.882626170865145,1.25317128439098,90.3378305247179,Accept,Accept,Accept,Accept,0.735879398387085
0.231477956996872,0.83000488496597,0.0392916301444921,-0.162498892285992,0.752980274126556,Accept,"Z2, Z4",1.58442168906369,1.68143034618973,0.0970086571260449,0.885570720655415,1.2332817168749,71.4508132055458,0.0392916301444921,-0.239925011453067,0.314422265214591,Accept,1.67658352835604,0.0921618392923542,0.671954947696789,0.737861765520017,68.9987405078052,Accept,Accept,Accept,Accept,1.00182106913912
-0.250002363597752,0.841182447378218,-0.16001654929575,-0.422722028958674,0.846181840853838,Accept,Z2,1.65094166027529,1.6645164590371,0.0135747987618077,0.915377091943355,1.28623191766403,61.0087833207779,-0.16001654929575,-0.501492390650199,0.196388305981794,Accept,1.66415259969159,0.0132109394162978,0.772473763323078,0.921838005768525,68.8915408288145,Accept,Accept,Accept,Accept,0.0196738352489383
0.653740524536372,0.801535383666484,0.328242506913358,-0.421272911921259,0.906138768114795,Accept,Z2,1.41117549569278,1.32092562207497,-0.0902498736178143,0.983336433148514,1.7711362868506,86.6642266386858,0.328242506913358,0.00340084318146808,0.665995039854486,Reject,1.32080180515432,-0.0903736905384645,0.94714560982134,1.43265329968852,102.516916771245,Accept,Accept,Accept,Reject,1.07302196127075
0.164709422107546,0.915252523351818,0.0269953499035521,-0.249024315595407,0.561105900382971,Accept,"Z1, Z2, Z4",1.69221388117324,1.5359708094007,-0.156243071772538,1.01715632841204,1.4567926548421,52.8412751533295,0.0269953499035521,-0.315432020731472,0.383535302017568,Accept,1.5369228945641,-0.155290986609141,0.931925398925556,1.151824137211,69.2790869991287,Reject,Accept,Accept,Accept,1.07869554414691
0.506437001269147,0.964958042961268,-0.00946371623527683,-0.317634688604227,0.479327621904377,Accept,"Z2, Z4",1.36831390292171,1.3443929920008,-0.0239209109209113,0.949653571026937,1.3204680946942,62.480656302991,-0.00946371623527683,-0.298500963692964,0.293354544646785,Accept,1.3447088911682,-0.0236050117535132,0.889036704450865,1.26377199211736,73.3509279388146,Accept,Accept,Accept,Accept,1.3594918979121
1.17540148362612,0.919222652456433,0.341536969547261,-1.17333685864199,0.535871909564671,Accept,Z2,1.71941580388664,1.59476644784394,-0.124649356042705,1.2698355365412,2.54477552741155,80.9867223049039,0.341536969547261,0.0177120770965971,0.654866943970024,Reject,1.59866397939431,-0.120751824492336,1.03155138478659,1.63744254864173,83.9163517039066,Accept,Accept,Accept,Accept,0.572786765882554
0.261663077119829,1.05990842272278,-0.230816696895392,-0.849367418295556,0.59778824180399,Accept,X4,1.45775053270974,1.41524776946284,-0.0425027632468937,0.819898692609409,1.07337004233438,67.3419611086582,-0.230816696895392,-0.539834844265419,0.0535679508917041,Accept,1.41185540781342,-0.045895124896316,0.533475576548893,0.473140870483575,61.6369268116354,Reject,Accept,Accept,Accept,0.691667002226609
0.665715698736997,0.98919245893242,0.082465473169659,-0.499371500407653,0.51648960681747,Accept,Z2,0.680396613702667,0.781746092276681,0.101349478574015,1.20762169244213,2.15311177362288,72.2390163365502,0.082465473169659,-0.208569121281377,0.364325580581781,Accept,0.780976300496302,0.100579686793635,1.08641484940329,1.78982356532051,78.0941736105363,Accept,Accept,Accept,Accept,1.16262916700592
0.397217859708337,0.870837889411636,0.105005626307679,-0.342682489387106,0.501819528298891,Accept,Z2,1.69431687020081,1.27175007699277,-0.422566793208044,0.95307936911275,1.35276979799149,54.3688100902224,0.105005626307679,-0.124545125043657,0.349250976294902,Accept,1.27105083285334,-0.423266037347477,0.89990011335376,1.16671953530272,51.1185617374608,Accept,Accept,Accept,Accept,0.638147110169599
0.824959322053389,1.02628152377677,0.144899154823234,-0.949011258109164,0.564329565240225,Accept,Z2,1.07737728722774,1.20399321249907,0.126615925271334,0.886245439706391,1.2404899007111,72.2037485179252,0.144899154823234,-0.161709330817788,0.439563017859561,Accept,1.20381410319611,0.126436815968374,0.825174903027359,1.04108482153518,72.2813798914329,Accept,Accept,Accept,Accept,0.751978222447442
0.645805848373263,0.925359232852693,0.0810972768898542,-0.262996965988265,0.507408881703627,Accept,"Z1, Z2, Z4",1.24434116095957,1.38746519233734,0.143124031377768,0.968177904552189,1.45325414305676,71.6287761546611,0.0810972768898542,-0.230268323056463,0.415950242689048,Accept,1.38882641475601,0.144485253796435,0.972935000142158,1.23997847979391,80.746388510314,Accept,Accept,Accept,Accept,0.433607641050612
0.863877579577518,1.0563623188273,0.056318814673162,-0.432335358132145,0.194472870006112,Accept,"Z1, Z2, Z4",1.47611649859738,1.41686533576639,-0.0592511628309848,0.929434659284131,1.45885407108781,56.2706969359379,0.056318814673162,-0.233571859392372,0.359873474403136,Accept,1.41970612903717,-0.0564103695602102,0.833107644714171,1.03956232291081,68.0824563376323,Accept,Accept,Accept,Accept,0.531589077867377
-0.62052075322814,0.653484577800031,-0.0214173088147594,-0.0861249055400285,1.36146257363041,Accept,Z2,1.69767099534109,1.65922309247121,-0.0384479028698881,1.17547128693506,2.18346288486855,69.8767281393174,-0.0214173088147594,-0.365416595196749,0.303018111721564,Accept,1.65959215245646,-0.0380788428846325,1.0405540567565,1.60805406236414,68.7175966397885,Accept,Accept,Accept,Accept,1.49284505775446
0.852305789592903,1.07845782269777,-0.00975001464366604,-0.881861109110715,0.68523315179646,Accept,Z2,1.65764214171865,1.62429223913987,-0.0333499025787745,1.17350882306287,1.9326658656951,82.6892210631633,-0.00975001464366604,-0.372358998118998,0.375758501677124,Accept,1.62310183198655,-0.0345403097321003,0.964404176441742,1.60770046348009,86.563931048696,Accept,Accept,Accept,Accept,1.31133718239886
N/A,N/A,N/A,N/A,N/A,N/A,N/A,N/A,N/A,N/A,N/A,N/A,N/A,N/A,N/A,N/A,N/A,N/A,N/A,N/A,N/A,N/A,N/A,N/A,N/A,N/A,N/A
0.581532318811407,1.03534025398196,-0.0103946655560193,-0.792708180399144,0.49844067455958,Accept,Z2,1.40993718161134,1.3554127422106,-0.0545244394007382,0.883724400669303,0.926483966901078,72.6900169494037,-0.0103946655560193,-0.300295659726265,0.272190434822482,Accept,1.35722210036266,-0.0527150812486843,0.809912057881383,1.00136831838694,71.5829161397184,Accept,Accept,Accept,Accept,0.574734239429142
0.564732713131341,0.983891512342835,0.0309697864770477,-0.460086932228895,0.438834536999175,Accept,"Z2, Z4",0.962313895250836,1.08539357775639,0.123079682505559,0.870205138172206,1.14411476824437,65.8696245585151,0.0309697864770477,-0.278441860082176,0.324875814098093,Accept,1.08610209757097,0.123788202320138,0.985505358840023,1.31652817783904,79.0772555589043,Accept,Accept,Accept,Reject,1.52475359128212
0.876699276835134,1.08342772758228,-0.0185387573973265,-0.794238571190693,0.543345637262779,Accept,Z2,0.997422070568726,1.05271402919125,0.0552919586225278,1.04579906956286,1.65669087730644,80.5564643568068,-0.0185387573973265,-0.298957378573651,0.286363817813727,Accept,1.05456448370502,0.0571424131362917,0.855587927937313,0.984106941715775,81.8341779661414,Accept,Accept,Accept,Accept,1.52945850336413
1.09169521234519,1.19021347309044,-0.115659763454083,-0.788653399771934,0.239328850024272,Accept,"Z2, Z4",1.29443044130216,1.44063012802551,0.146199686723354,1.00587659974981,1.50550582329179,69.500935732494,-0.115659763454083,-0.422194646891539,0.182629999691872,Accept,1.44007075316947,0.145640311867313,0.948201334755515,1.24343657895533,72.6808933833217,Accept,Accept,Accept,Accept,1.31264518983011
0.540654880140122,0.95541703162221,0.107800231080313,-0.279255297038132,0.318719600570855,Accept,"Z1, Z2, Z4",1.41983461633146,1.4488724740142,0.0290378576827392,0.842975713431632,0.996864193162378,52.2694292388183,0.107800231080313,-0.150829545107832,0.381789188107847,Accept,1.44713000529368,0.0272953889622133,0.796134398247753,0.827417901025659,64.0331080932951,Accept,Accept,Accept,Accept,0.548487294462903
0.496060547215405,0.9865125129103,0.0506069354738862,-0.354017106454082,0.580198059479742,Accept,"Z2, Z4",1.37147654115138,1.3946719606856,0.0231954195342191,0.950823891414579,1.44268614698778,65.9859376550883,0.0506069354738862,-0.225656872225719,0.320092865488498,Accept,1.39508929054356,0.023612749392187,0.851979639236435,1.14934827252734,64.6965714045535,Accept,Accept,Accept,Accept,1.16518472272651
0.76203536365329,1.12927930081245,-0.297979874632304,-0.802418251011243,0.515828852743557,Accept,Z2,1.10532535259296,1.11829055476264,0.0129652021696827,0.922330579710149,1.37715460602346,69.3962881116482,-0.297979874632304,-0.671726214401898,0.0815534158071737,Accept,1.11894712995679,0.0136217773638327,0.881490563281876,1.15277889742273,80.7640727473508,Accept,Accept,Accept,Accept,0.949709737478101
0.260878026620366,0.96985032684591,0.230084803699636,-0.465470824071629,0.580995349844215,Accept,Z2,1.14580089868778,0.867866534162512,-0.277934364525272,1.17027300257241,2.24696051398721,61.105814518559,0.230084803699636,-0.0813793227618622,0.522102860409757,Accept,0.869279186336733,-0.276521712351051,0.962904239621708,1.4278660989396,70.7525815272841,Accept,Reject,Accept,Accept,0.299879690439233
0.31364694069041,0.837392885870656,0.240375532570261,-0.303334773412807,0.718941833312413,Accept,"Z2, Z4",1.50920450794544,1.56574355558929,0.0565390476438452,1.02226665843098,1.52987383049871,69.3331128085702,0.240375532570261,-0.036745192354986,0.541842193188526,Accept,1.56832357569244,0.0591190677469964,0.800759201880011,1.0473926566743,74.2573225060637,Accept,Accept,Accept,Accept,1.27831017143176
0.2925534203242,1.00798636722294,0.0675413918491789,-0.417590959392899,0.390881105541878,Accept,"Z1, Z2, Z4",1.03343988787374,1.3478222889548,0.314382401081068,0.929525633712815,1.27308975959186,54.4803703537507,0.0675413918491789,-0.199512951188534,0.334743787483206,Accept,1.34665438468618,0.313214496812449,0.852443186613608,1.17290440370972,60.3446495689867,Accept,Accept,Accept,Accept,1.01007751570121
0.325080943906781,0.914646957279127,0.134412596593854,-0.378283745302326,0.591923620680634,Accept,"Z2, Z4",1.02271808894674,0.91758024052329,-0.10513784842345,0.697963057592839,0.797180610431489,58.5266082483374,0.134412596593854,-0.121531956008443,0.393671448617514,Accept,0.917120562315468,-0.105597526631272,0.745533391526518,0.854499969893379,53.8449730080631,Accept,Reject,Accept,Accept,0.998699895314144
-0.0146985273154786,0.952074999868425,0.296561384173097,-0.187271357549651,0.948970352614568,Accept,"Z1, Z2",1.34258917416977,1.43934903708095,0.0967598629111886,0.934833628592027,1.42786315460277,64.5418400139017,0.296561384173097,-0.0547805829316154,0.648515224219024,Accept,1.43549380406698,0.0929046298972121,0.914839439376682,1.24402507105729,75.3589212329612,Reject,Accept,Accept,Accept,0.0590789734979594
N/A,N/A,N/A,N/A,N/A,N/A,N/A,N/A,N/A,N/A,N/A,N/A,N/A,N/A,N/A,N/A,N/A,N/A,N/A,N/A,N/A,N/A,N/A,N/A,N/A,N/A,N/A
0.171672481467463,0.893046830962755,0.164105813492435,-0.11258080433057,0.410100308015968,Accept,"Z1, Z2, Z4",1.05419382910389,1.12914826597675,0.0749544368728663,0.831563195381834,1.10150031908569,52.4623087259396,0.164105813492435,-0.00289062203337177,0.315642131201444,Accept,1.12981467059969,0.0756208414958052,0.703286828692311,0.713301978095709,54.0680722862723,Reject,Reject,Accept,Accept,1.23011459224049
1.61024782782878,1.12114913378975,0.0693759397141688,-1.15620353905129,0.066370442081749,Accept,Z2,1.27186612880971,1.25184078869097,-0.0200253401187395,0.861799290769546,1.38248427261642,72.7499805391805,0.0693759397141688,-0.410047758350919,0.538513492836265,Accept,1.24998298513209,-0.0218831436776241,0.813742697331768,1.19863126000506,68.3475311856087,Accept,Accept,Accept,Accept,1.00600225745931
0.812805848131879,1.00175647739651,-0.0257060266073873,-0.493939068185599,0.473395636457123,Accept,"Z1, Z2",1.68055705648451,1.3643277985985,-0.316229257886003,0.865377878319724,1.21169777763308,73.180063620717,-0.0257060266073873,-0.255286641780316,0.20275154117025,Accept,1.36215306938053,-0.318403987103977,0.701012821658956,0.860733492059953,60.0865254484208,Accept,Accept,Accept,Accept,0.222128214674951
0.624930343250751,1.00409763132128,0.0796033084455583,-0.260246758099312,0.408104343247599,Accept,"Z2, Z4",1.30331887002999,1.33102719197605,0.0277083219460518,0.774891396830395,0.876886613781784,61.3273400502613,0.0796033084455583,-0.152909923037887,0.309269424239263,Accept,1.33162783793181,0.0283089679018118,0.685301607913356,0.747989140024229,68.2836071746608,Accept,Accept,Accept,Accept,0.954189614486595
0.361687839041469,1.06619771659841,0.0143316863187524,-0.575535967186368,0.332360140863413,Accept,"Z1, Z4, X8",1.13362522094138,0.962099784468515,-0.171525436472869,0.824604490252829,1.210962679732,43.8854983855723,0.0143316863187524,-0.220842949751488,0.243675579343013,Accept,0.964125430368947,-0.169499790572437,0.684082016455842,0.901761609238781,43.695757387761,Reject,Accept,Accept,Accept,0.653752458874264
-0.35005292053718,0.906725232043122,-0.0351546107292086,-0.676819902262404,1.00706023552492,Accept,X4,1.24386341762244,1.30035405638322,0.0564906387607816,1.13063647092582,1.7376933134793,73.0572516346376,-0.0351546107292086,-0.403701470058706,0.323386273885184,Accept,1.29942342451278,0.0555600068903425,0.880710095769269,1.02305386509788,70.9761353875997,Reject,Accept,Accept,Accept,0.881136752789527
0.252933877154699,0.851062080239901,0.0108827939751246,-0.340310760833612,0.549112294000952,Accept,"Z2, Z4",1.03228413316755,1.14793723698226,0.115653103814711,0.852972336206563,1.25267553686113,52.7517361289594,0.0108827939751246,-0.241716752994911,0.279854733916357,Accept,1.14711440426275,0.114830271095198,0.798073804273612,0.983407402264707,56.2132266919542,Accept,Accept,Accept,Accept,0.593953413862994
0.74904849519216,0.886345603100325,0.0135510216860064,-0.453530535944646,0.829031534024365,Accept,Z2,1.33494114975862,1.24202543348206,-0.0929157162765624,0.957854705851845,1.34410284667745,84.1324019137567,0.0135510216860064,-0.281614316598251,0.317368707457098,Accept,1.24078065063379,-0.0941604991248323,0.85252863797095,0.919519998842041,75.5178821311002,Accept,Accept,Accept,Accept,0.309870525545054
0.213505060658754,0.681010188356739,0.230817115711686,-0.140067669860587,0.75517340942617,Accept,"Z1, X10",1.2142727976968,1.31652559800317,0.102252800306369,0.844503080423541,1.15246434923816,59.1373416999102,0.230817115711686,-0.0819115403510156,0.546812601761423,Accept,1.31677496573423,0.102502168037424,0.80153262960469,0.978479451780332,67.5153656394295,Reject,Accept,Accept,Accept,0.372835532093337
0.224035295842341,0.846606028705137,0.158832194105998,-0.379656808979522,0.760749433284893,Accept,"Z1, Z2",1.55857656399102,1.16868417257728,-0.389892391413742,1.06297446456503,1.76346808857607,68.7896427337356,0.158832194105998,-0.0485388492168948,0.377090371849157,Accept,1.17075289134935,-0.387823672641672,1.04662646430862,1.57403438787668,52.078560278817,Accept,Accept,Accept,Accept,0.809875949772493
0.13056471859305,0.929992143827502,0.227641258883872,-0.350731983195367,0.648601875555616,Accept,"Z1, Z2, Z4",1.6461247373309,1.59451747410481,-0.0516072632260877,0.955674363098459,1.45567124276052,61.4410461002651,0.227641258883872,-0.138575646375079,0.60810968304571,Accept,1.5964017612709,-0.0497229760599969,0.974231611280353,1.71491115891445,75.6303561855857,Accept,Accept,Accept,Accept,1.19446937670762
0.424659090108749,0.849988670222713,-0.0265506998448226,-0.262901027146233,0.515723572054759,Accept,"Z1, Z2, Z4",1.4801009250885,1.4385620406708,-0.0415388844176954,0.943328345704488,1.35810109221554,59.1313676561761,-0.0265506998448226,-0.369216708839888,0.336284666513425,Accept,1.43469725212912,-0.0454036729593844,0.902697455144414,1.13639025928046,81.0502384738686,Reject,Accept,Accept,Accept,0.860055156273122
0.893427782191014,1.34309404744902,-0.0505282382962968,-1.26637058287413,0.27046339005437,Accept,Z2,1.56986760493124,1.46490950185663,-0.104958103074617,1.08612129533748,1.58737981376506,73.6744278498384,-0.0505282382962968,-0.382424532098317,0.276651620172521,Accept,1.46504707822665,-0.104820526704596,0.970804063657707,1.29111556940321,69.7315564243501,Accept,Accept,Accept,Accept,0.769275980580702
0.268872886065989,1.14912871247772,-0.136565513697307,-0.774813938810102,0.102067507025908,Accept,"Z1, Z2",1.00997855175469,0.894423065354412,-0.115555486400282,0.928971915276234,1.52860229610176,55.6915165452487,-0.136565513697307,-0.504095123528797,0.227657988519971,Accept,0.89302017593297,-0.116958375821724,0.894751088529183,1.36987419229435,74.6040694248455,Accept,Accept,Accept,Accept,1.15716722887636
0.643820897383669,0.99848394635483,0.0439167994997037,-0.83830051164506,0.688297203967408,Accept,Z2,1.04116732833901,1.17751058701664,0.136343258677628,1.1660109442429,1.87613482223006,78.985441075365,0.0439167994997037,-0.223829422378039,0.313547364298287,Accept,1.17703587436075,0.135868546021736,1.10355838840657,1.69670319113019,60.1823438193698,Accept,Accept,Accept,Accept,0.253689342188664
-0.0358688369217583,0.97001538108383,-0.0460935046980073,-0.276761366703126,0.365076871199121,Accept,"Z1, Z3, Z4, X4",1.61494150775059,1.3286938248899,-0.286247682860686,0.849479208370398,1.00462293951602,49.4113865807635,-0.0460935046980073,-0.235037361917237,0.146047921622181,Accept,1.32894469540878,-0.285996812341807,0.804991995554533,0.881725589721317,48.3903754955185,Reject,Accept,Accept,Accept,0.619527199072806
N/A,N/A,N/A,N/A,N/A,N/A,N/A,N/A,N/A,N/A,N/A,N/A,N/A,N/A,N/A,N/A,N/A,N/A,N/A,N/A,N/A,N/A,N/A,N/A,N/A,N/A,N/A
0.356144810411146,0.965588197544958,-0.204245296667598,-0.391610217577491,0.620471219509898,Accept,"Z1, Z2",1.12111308261421,1.14006648035547,0.01895339774126,0.820616236568698,0.941359881892443,67.9986011276634,-0.204245296667598,-0.509314679950037,0.101772663933944,Accept,1.14255597000463,0.0214428873904157,0.712765271812565,0.765985881122174,73.2291498509856,Accept,Accept,Accept,Accept,0.670147032641074
0.922687797955397,0.952865819332972,0.268415654873315,-0.659136624446595,0.466765460382369,Accept,Z2,1.35668648875026,1.42805414811454,0.0713676593642781,0.942242810361284,1.24773303767083,75.0809423771809,0.268415654873315,-0.021051862479701,0.575801067549813,Accept,1.42799006449329,0.071303575743032,1.00988972055552,1.4578546563013,70.9839090227174,Accept,Reject,Accept,Accept,0.982746455301428
0.717759966566477,0.994489400732502,-0.164448624389364,-0.623339398888305,0.324438136959453,Accept,"Z1, Z2",1.19778914145324,1.26762238229242,0.0698332408391741,0.824550508245894,1.13725969195845,58.2604937808566,-0.164448624389364,-0.515630042242303,0.18374735965909,Accept,1.26839661695192,0.0706074754986737,0.87418721961143,1.3330217129714,73.6155646452553,Accept,Accept,Accept,Accept,0.767147345312173
0.215938965026114,0.845683202416487,-0.0701069966980436,-0.318969354649472,0.680542220576102,Accept,"Z4, X4",1.66666838659802,1.38784937173422,-0.278819014863795,1.1054284040317,2.02231572310895,60.8186495736873,-0.0701069966980436,-0.251711451893499,0.133969537480799,Accept,1.38800573930538,-0.278662647292638,0.87265053913958,1.33351803980833,28.0240090008433,Reject,Accept,Accept,Accept,0.138356855467224
N/A,N/A,N/A,N/A,N/A,N/A,N/A,N/A,N/A,N/A,N/A,N/A,N/A,N/A,N/A,N/A,N/A,N/A,N/A,N/A,N/A,N/A,N/A,N/A,N/A,N/A,N/A
0.838338702887802,0.928438369150382,0.0901465655793776,-1.14195206950448,0.860700769912967,Accept,Z2,1.373594494684,1.34309165149056,-0.030502843193441,1.08380601118671,1.5135643248784,74.078001951363,0.0901465655793776,-0.28228774442277,0.458683401710537,Accept,1.34007780788176,-0.0335166868022348,0.793485997624051,0.977252151251101,73.6065468165871,Accept,Accept,Accept,Accept,0.920572214489195
N/A,N/A,N/A,N/A,N/A,N/A,N/A,N/A,N/A,N/A,N/A,N/A,N/A,N/A,N/A,N/A,N/A,N/A,N/A,N/A,N/A,N/A,N/A,N/A,N/A,N/A,N/A
N/A,N/A,N/A,N/A,N/A,N/A,N/A,N/A,N/A,N/A,N/A,N/A,N/A,N/A,N/A,N/A,N/A,N/A,N/A,N/A,N/A,N/A,N/A,N/A,N/A,N/A,N/A
1.92873757995898,1.15234672273045,-0.173812141751638,-1.56374416215782,0.0702265238355274,Accept,Z4,1.15786811639093,1.39038617102433,0.232518054633404,0.933816054778187,1.43756097345688,72.0517067360976,-0.173812141751638,-0.57992789939428,0.212642110051291,Accept,1.39362350449407,0.235755388103146,0.823128775588844,1.08937761079323,61.2597785234919,Accept,Accept,Accept,Accept,0.924773039307778
0.309300248045138,0.942392148760068,-0.170019492356334,-0.540459317227348,0.613394978564825,Accept,Z2,1.19983082429494,1.28274236374294,0.0829115394480039,0.7872063430987,1.05202646235312,61.6160093956143,-0.170019492356334,-0.531413858396226,0.206897260636471,Accept,1.28072590729905,0.0808950830041089,0.745531398770576,0.89356107009659,77.7332639349152,Accept,Accept,Accept,Accept,1.32574057330375
0.295209721983033,0.744629257310985,0.195183439726314,-0.332823783819757,0.918376648471426,Accept,"Z2, Z4",1.31380804010561,1.4368284843987,0.12302044429309,0.956104742016114,1.24333527843024,67.4228854653461,0.195183439726314,-0.242460557707801,0.588391558738094,Accept,1.43561262888526,0.121804588779651,0.929781985589021,1.18359889771112,75.6560602339326,Accept,Accept,Accept,Accept,0.768368234213325
0.333115631708966,0.766030174974471,0.0914566108395732,-0.26936180450196,0.637711841166046,Accept,"Z2, Z4",1.53630051330921,1.50243899416899,-0.0338615191402256,1.06246338143545,1.68162558290541,63.0858785610081,0.0914566108395732,-0.113894486951562,0.306860467378925,Accept,1.50062194199042,-0.0356785713187968,0.880768368132659,1.03260601337864,50.5171356891138,Accept,Accept,Accept,Accept,0.607212127375875
N/A,N/A,N/A,N/A,N/A,N/A,N/A,N/A,N/A,N/A,N/A,N/A,N/A,N/A,N/A,N/A,N/A,N/A,N/A,N/A,N/A,N/A,N/A,N/A,N/A,N/A,N/A
N/A,N/A,N/A,N/A,N/A,N/A,N/A,N/A,N/A,N/A,N/A,N/A,N/A,N/A,N/A,N/A,N/A,N/A,N/A,N/A,N/A,N/A,N/A,N/A,N/A,N/A,N/A
-0.0987144867596223,0.869291105708774,0.216647369032389,-0.129126881232913,0.589796792783943,Accept,"Z2, Z4",1.14222486561379,1.12360749855035,-0.0186173670634395,0.904888428689357,1.16797500476628,54.6206888054733,0.216647369032389,-0.0175328920291721,0.442441166395596,Accept,1.12367047786215,-0.0185543877516365,0.811015276154355,1.0118709462208,59.5405327697807,Accept,Accept,Accept,Reject,1.33585991244996
0.391947861353267,1.07197424562796,-0.155428888887738,-0.795222486537133,0.301085969467386,Accept,"Z1, Z2",0.837238876103779,0.855781170088051,0.0185422939842722,0.843961571448501,1.09407263929231,50.3656526309972,-0.155428888887738,-0.574181677929506,0.235886877763282,Accept,0.855031432152586,0.0177925560488071,0.803167229767089,0.933597702726158,67.6401097921855,Accept,Accept,Accept,Accept,0.947510947639218
0.969891183580361,1.04238820835212,0.0262518821101257,-0.662151784460035,0.301514466366833,Accept,"Z2, Z4",1.68179071231364,1.6038710451912,-0.0779196671224437,0.728844321014737,0.880163109758391,61.3705222139899,0.0262518821101257,-0.302253135061062,0.349408403485482,Accept,1.60535785811473,-0.0764328541989067,0.760359430807301,0.994200762972976,74.024928917093,Accept,Accept,Accept,Accept,1.05894715857866
0.612227783933871,1.0742574540942,0.0751623368424855,-0.73724634475345,0.40047966056393,Accept,"Z1, Z2",1.55983567267624,1.51991046956378,-0.039925203112458,1.09283595786685,1.7715710752812,59.8231019377954,0.0751623368424855,-0.254449693762218,0.422878719468855,Accept,1.51948526926806,-0.0403504034081842,0.861542119327227,1.23397788219851,71.2043917460225,Accept,Accept,Accept,Accept,1.12700585428576
0.150013636466678,0.945656019950891,0.113666612098762,-0.316416932276617,0.64308858639609,Accept,"Z2, Z4",1.24112610949286,1.17655583409929,-0.0645702753935714,0.997308175859275,1.58611991531792,60.8064100420353,0.113666612098762,-0.211977010975756,0.44459634100358,Accept,1.17678110134927,-0.0643450081435932,0.843998297569983,1.18729479828497,73.9246375453912,Accept,Accept,Accept,Accept,1.1984551149189
0.887283121426276,0.971011984524224,-0.034474389007614,-0.534926884066896,0.527882529003496,Accept,"Z2, Z4",1.23400217709181,1.27277132535467,0.0387691482628574,1.06635137812402,1.45610099418559,83.036929307409,-0.034474389007614,-0.357217481796085,0.308113317113668,Accept,1.2715053481156,0.0375031710237901,0.896290896680028,1.08165703915042,90.2062854250064,Accept,Accept,Accept,Accept,0.983766630621218
0.55860174607439,0.97810227655811,0.0225666498736089,-0.537156554406812,0.486774075645139,Accept,"Z2, Z4",0.973917150161969,1.11991003108902,0.145992880927055,0.884161874456709,1.11290027251508,69.22080168905,0.0225666498736089,-0.260612689168209,0.332411952855425,Accept,1.1183145302998,0.144397380137829,0.823591753706378,1.01545238148555,71.8660383843143,Accept,Accept,Accept,Accept,0.072087584931556
1.16882440095155,1.18578841326724,0.310356890845501,-0.90990703463759,0.406654340111753,Accept,Z2,1.2899585885035,1.3283244922943,0.0383659037907964,1.08545234743225,1.74310131741997,74.0391753450347,0.310356890845501,-0.0886183802254056,0.699743739769026,Accept,1.32671256831042,0.0367539798069109,0.811574072050565,1.13183010199017,79.8718939759036,Accept,Accept,Accept,Accept,0.301047436252314
N/A,N/A,N/A,N/A,N/A,N/A,N/A,N/A,N/A,N/A,N/A,N/A,N/A,N/A,N/A,N/A,N/A,N/A,N/A,N/A,N/A,N/A,N/A,N/A,N/A,N/A,N/A
0.907193505213094,1.20201470165908,-0.0531432276271691,-1.05152396391133,0.359097382157616,Accept,X3,1.50269195111544,1.41020990450227,-0.0924820466131747,1.01630544526564,1.47831741139436,74.6131390568323,-0.0531432276271691,-0.277390622743573,0.169691578033418,Accept,1.41071110711916,-0.0919808439962819,0.666239275208555,0.746866159091541,51.2461959402113,Reject,Accept,Accept,Accept,0.48287276987008
0.359178000667028,1.05038810047254,0.0830138908532761,-0.538756352618951,0.519025956784488,Accept,"Z1, Z2",1.57754321069509,1.4557800320753,-0.121763178619792,0.85231158513887,1.07836390000519,58.1595358174057,0.0830138908532761,-0.217714228586406,0.371526263241969,Accept,1.45739595615833,-0.120147254536761,0.829833979527556,1.03138876944247,60.6084305015973,Accept,Accept,Accept,Accept,0.816442490994353
-0.166979154997929,0.670481216229597,0.0819198524269101,0.121242160014813,0.794892241026567,Reject,"Z1, Z2, Z4",1.4023684052233,1.2545429143494,-0.147825490873899,0.80114053383817,0.983618639426897,60.3547011204131,0.0819198524269101,-0.140077907781065,0.320509555706509,Accept,1.25496150132139,-0.147406903901904,0.659361245310995,0.722447993555925,51.3192199340782,Reject,Accept,Accept,Accept,1.27938205599854
-0.131059843308097,0.674442823559082,0.309071298185857,0.139243866144522,0.853515290653749,Reject,"Z2, Z4",1.38329257814103,1.3282476404943,-0.0550449376467354,0.926937227480988,1.26537417434429,53.1865394355646,0.309071298185857,0.0307526172205895,0.569692861424448,Reject,1.32732741031382,-0.0559651678272166,0.933721578063221,1.16216046133874,58.5168338579549,Reject,Accept,Accept,Reject,1.26201854536667
N/A,N/A,N/A,N/A,N/A,N/A,N/A,N/A,N/A,N/A,N/A,N/A,N/A,N/A,N/A,N/A,N/A,N/A,N/A,N/A,N/A,N/A,N/A,N/A,N/A,N/A,N/A
0.321597939679162,0.986739254312296,0.171875006805585,-0.463770261249362,0.469888690514508,Accept,"Z1, Z2, Z4",1.46647584361103,1.43179529955546,-0.0346805440555724,1.11987142043134,1.78195180148198,53.2920048082241,0.171875006805585,-0.160208716442342,0.48807323722712,Accept,1.43275246320962,-0.0337233804014109,1.05587789648743,1.52625371060219,67.7407744064364,Accept,Accept,Accept,Accept,1.48699508233967
0.807563027430193,0.976150646329602,-0.00840283163437158,-0.353379395990666,0.502493254019782,Accept,Z2,1.09323444899142,1.27763926242319,0.184404813431767,0.691764743448696,1.03848890426226,72.4243441635669,-0.00840283163437158,-0.294972506242385,0.280803930250945,Accept,1.27398034409258,0.180745895101155,0.729577600709937,0.895595619450527,83.3734243115698,Accept,Accept,Accept,Accept,0.658814550429883
0.414154900279545,0.953484879777033,0.0114136981612841,-0.424746407619283,0.43871823579827,Accept,"Z1, Z2",0.893111291275108,1.20956519764965,0.316453906374537,1.096914793084,1.67437199413131,62.4816295000551,0.0114136981612841,-0.22301877140803,0.252795293210869,Accept,1.21067461099596,0.317563319720855,0.998123635840508,1.45788070601391,58.6744583752149,Accept,Accept,Accept,Accept,0.772492597220268
0.738879387283705,1.25810427661724,0.0070990835782938,-1.53392277692478,0.496566180021893,Accept,X3,1.31801536491014,1.12896068825644,-0.189054676653703,1.22106886332016,2.27421006879031,77.8034704561044,0.0070990835782938,-0.363139451905115,0.359920268664589,Accept,1.12950443886959,-0.188510926040548,0.945278188614529,1.44741843177688,74.5585034011686,Reject,Accept,Accept,Accept,0.632708394764258
0.643907819064934,1.0598491433498,-0.0406675291990221,-0.873065189514284,0.417840477843058,Accept,Z2,1.07439987473468,1.25650376479915,0.182103890064464,1.11936507192001,1.67252668727048,63.3646724559596,-0.0406675291990221,-0.321862846236897,0.242240895818604,Accept,1.25535982980816,0.180959955073476,0.83603026985998,1.06003319797958,50.8897369162902,Accept,Accept,Accept,Accept,0.154456984471676
N/A,N/A,N/A,N/A,N/A,N/A,N/A,N/A,N/A,N/A,N/A,N/A,N/A,N/A,N/A,N/A,N/A,N/A,N/A,N/A,N/A,N/A,N/A,N/A,N/A,N/A,N/A
0.286366855910796,1.01212377411708,-0.12058356408777,-0.855504992651256,0.909244043453978,Accept,Z2,1.31609783635416,1.42745850998428,0.111360673630125,1.13898385086943,1.72195010438295,70.0280059798081,-0.12058356408777,-0.566833325120945,0.323359355093556,Accept,1.42739707619183,0.111299239837667,0.99230711630612,1.48318990446468,84.1773698543323,Accept,Accept,Accept,Accept,0.376547373549337
0.60641843237092,0.875891996311286,0.200969924783699,-0.42904268193993,0.566910066401467,Accept,"Z2, Z4",1.57305762158043,1.41387536376121,-0.159182257819217,0.973158699196372,1.38990380312672,67.6596764746261,0.200969924783699,-0.101238627382306,0.514375979645316,Accept,1.41310516377883,-0.159952457801603,0.841946367077963,0.991855311718159,71.0793816738299,Accept,Accept,Accept,Accept,1.61220720109611
0.811059038413096,1.04412915102613,0.0579498861769025,-0.423733606712352,0.165387913582254,Accept,"Z2, Z4",1.80622789030551,1.78606842277596,-0.0201594675295517,1.07041429377268,1.65084664838741,50.0705030608756,0.0579498861769025,-0.185937644499228,0.305771896486628,Accept,1.78439471818434,-0.0218331721211671,1.04931115845007,1.6287614282015,60.700314134789,Accept,Accept,Accept,Accept,0.742876393855199
-0.280359726215639,0.509091906705661,0.264328550462649,0.0920314966882065,1.24290655346014,Reject,"Z2, Z4",1.38282721314547,1.58038373712669,0.197556523981222,1.12689274028279,2.18436574869387,72.865982584842,0.264328550462649,-0.109135799579625,0.624488849861891,Accept,1.57589732243582,0.193070109290352,1.01664663850914,1.7367581357101,65.1774906185699,Reject,Accept,Accept,Accept,1.09981032027553
0.457005548970138,1.0951309619289,-0.0193971147945304,-0.58404288792693,0.171752421651078,Accept,"Z1, Z2, Z4",1.71037977787811,1.47583456797439,-0.23454520990372,0.999470901680373,1.22386663370686,47.5010492443852,-0.0193971147945304,-0.274258020362133,0.236577689444086,Accept,1.47490926241,-0.235470515468116,0.853017211290298,0.977967776717352,55.6181380622404,Accept,Accept,Accept,Accept,1.11278354146798
-0.0794400175052817,0.730834168990363,0.520793831976563,0.12735731770915,0.796701265824611,Reject,"Z1, Z2, Z4",1.05531481571715,1.2907084563694,0.235393640652249,0.901077543397092,1.25398750469438,58.9805899297184,0.520793831976563,0.236483382619658,0.794676312099666,Reject,1.29165445174084,0.236339636023693,0.83979669227084,1.14684451674413,74.3725003093367,Accept,Reject,Accept,Accept,0.553257345332436
1.03727022858462,1.05563383107518,0.0404498706327629,-1.27358120047421,0.416737740649877,Accept,X4,1.26200645169398,1.37944793904131,0.117441487347325,0.854168578779673,1.33117073104851,75.9091668627758,0.0404498706327629,-0.219578557297469,0.307488725339386,Accept,1.37814792807782,0.116141476383832,0.602233496879757,0.669148957083401,62.3603986042809,Accept,Accept,Accept,Accept,0.614335281210058
0.700941193922878,1.01731316443673,-0.0115930733013769,-0.369646950897863,0.296161542734013,Accept,"Z1, Z2, Z4",1.254894474622,1.46212231700735,0.20722784238535,1.17712182669838,1.93794639139541,55.49628483436,-0.0115930733013769,-0.279577571117692,0.284369528235657,Accept,1.46070225692143,0.205807782299425,1.07288731473212,1.62824688530525,78.8107743165725,Accept,Accept,Accept,Accept,1.21224936625536
0.249380456655492,0.624944534114073,-0.26243918075818,-0.110638859002293,1.36191672879624,Accept,Z2,1.41370061834307,1.19296931127376,-0.220731307069308,0.830011973097048,1.1619050708723,80.7146193602801,-0.26243918075818,-0.623214748233347,0.116803944494087,Accept,1.19280404138741,-0.220896576955659,0.711270089308579,0.842677600436646,68.2666793091556,Accept,Accept,Accept,Accept,0.993422748939365
0.187585606908826,0.932405198579267,0.066275776385596,-0.102090161478675,0.445777681393987,Accept,"Z1, Z2, Z4",1.10316205402238,1.06859780827378,-0.0345642457486033,0.843652805120872,1.08688065176617,30.9592302210254,0.066275776385596,-0.133230554143914,0.253952983014345,Accept,1.06930532798816,-0.0338567260342235,0.818173121507769,1.09710044016869,37.1730157269385,Accept,Accept,Accept,Accept,1.05405079110883
0.636612690340296,0.952747948155639,0.00266290239430243,-0.215234732615602,0.440350763931697,Accept,"Z1, Z2, Z4",0.94916663328476,1.09741740926649,0.148250775981727,0.801812289475216,0.982035706919127,60.9570024451905,0.00266290239430243,-0.251640008322707,0.246415047309972,Accept,1.09854248857265,0.149375855287885,0.731295917097767,0.873220161738223,61.3730936198478,Accept,Accept,Accept,Accept,0.460876503816385
0.700856376785143,1.15370369360623,-0.189611767649418,-1.00188584691831,0.25327715273927,Accept,"Z1, Z2",1.22817038914884,1.03817786364183,-0.189992525507003,0.992297701664153,1.44757418236179,63.9084896809974,-0.189611767649418,-0.552539449249283,0.153747243317095,Accept,1.03843213938594,-0.189738249762902,0.86526642271243,1.33173769650065,73.233884772431,Accept,Accept,Accept,Accept,0.621110232586871
N/A,N/A,N/A,N/A,N/A,N/A,N/A,N/A,N/A,N/A,N/A,N/A,N/A,N/A,N/A,N/A,N/A,N/A,N/A,N/A,N/A,N/A,N/A,N/A,N/A,N/A,N/A
0.129629901360138,0.793192635063327,0.1567218686639,-0.0643090614679102,0.805770787018519,Accept,"Z2, Z4",1.24554022636098,1.42758938868092,0.182049162319933,0.832167782555282,1.37194738258318,62.1595775683229,0.1567218686639,-0.0925526156985257,0.396834487390939,Accept,1.42778213373371,0.182241907372722,0.840073177337147,1.03677784562385,58.1218464968052,Accept,Accept,Accept,Accept,0.813148544975182
0.301104711875344,0.806148311601068,0.207120338997953,-0.268344740973092,0.533821502603894,Accept,"Z1, Z2, Z4",1.27492558731499,1.4091164453725,0.134190858057503,1.01925294541251,1.64541931642548,53.400626374571,0.207120338997953,-0.0243932380084504,0.435701412769219,Accept,1.40729207415823,0.132366486843235,0.946878996052652,1.35075079651911,55.7732222566111,Accept,Accept,Accept,Accept,0.256505602964988
1.51390747291034,1.31229391710176,0.0917903004556984,-0.874055703570684,0.327333678962239,Accept,Z2,1.17844629477394,1.19661140204157,0.0181651072676292,1.08480027434715,1.98077622509248,82.8841931959511,0.0917903004556984,-0.21765168002971,0.398876072076603,Accept,1.19820880428729,0.0197625095133514,0.936489714706791,1.33454981693048,85.0772809009681,Accept,Accept,Accept,Accept,0.790678900226799
0.630913286024206,0.985564126401744,0.123929513207775,-0.453442246021839,0.386432599580795,Accept,"Z1, Z2, Z4",1.35225034188147,1.31144030532694,-0.0408100365545341,0.546886517036065,0.551145095055632,61.1753122835646,0.123929513207775,-0.160739941452003,0.415017464777183,Accept,1.31068236263307,-0.0415679792484019,0.679183606505235,0.735623280321856,68.2620155369916,Reject,Accept,Accept,Accept,0.820590139157671
1.42652406461618,0.905882902755531,-0.0528464862626759,-0.700132618394321,0.290136381766163,Accept,Z2,1.60514985119821,1.72267406301756,0.11752421181935,0.880665856698105,1.1110115395488,71.8446288525885,-0.0528464862626759,-0.375646853593006,0.248744975086835,Accept,1.72231065564634,0.117160804448129,0.915630352237283,1.23310398704995,75.1857992312073,Accept,Accept,Accept,Accept,1.36874017695062
0.529628660222693,1.09719635581742,0.0715583540473442,-0.689945561654184,0.278933880565231,Accept,"Z2, Z4",1.37743251494458,1.63737019848194,0.259937683537358,0.946639514988639,1.53877550046389,53.9647651651902,0.0715583540473442,-0.362602813674568,0.492931330709774,Accept,1.63745414324019,0.260021628295609,0.983537446302173,1.50852737837275,73.0360269718592,Accept,Reject,Accept,Accept,1.19441890578882
0.10195004033363,0.884101483934989,0.21026229558113,-0.613016931697519,1.24674961331531,Accept,Z2,0.956758464431976,1.14376063047189,0.187002166039911,1.04273642641948,1.74806546589922,69.5545153640558,0.21026229558113,-0.223255965461911,0.681480998332921,Accept,1.14566324934915,0.18890478491717,0.924173521569299,1.56559733341059,69.6016130197521,Accept,Accept,Accept,Accept,0.788873248210138
0.363345716404629,0.920830146447963,0.0310381061134738,-0.112211670130551,0.384302315140208,Accept,"Z2, Z4, X6",1.05965222260292,1.22228306489798,0.162630842295065,0.836422149886435,1.20271892935448,48.2790748645109,0.0310381061134738,-0.213432080779695,0.278641434807763,Accept,1.22131484182753,0.161662619224614,0.800294317858408,1.17628029251405,70.6649850748428,Reject,Accept,Accept,Accept,0.841973564278443
-0.0391339263631117,0.735604838284436,0.213465623980401,-0.139192659694205,1.15421736758253,Accept,Z2,1.37703561122627,1.23834395683292,-0.138691654393348,0.677574859979269,0.850495310170343,60.6432751220067,0.213465623980401,-0.139969259443598,0.559007823575654,Accept,1.24095906851073,-0.136076542715533,0.784392595291718,0.941439851127229,63.6802365900098,Accept,Accept,Accept,Accept,0.660105034589646
0.231743202313091,0.951532546104097,-0.0019215803497616,-0.524362150934078,0.717101688365513,Accept,"Z2, Z4",1.50091245236968,1.13326418526951,-0.367648267100178,0.851780606645164,1.08131577759555,66.6476241969985,-0.0019215803497616,-0.315970144477446,0.300986654853376,Accept,1.13027544110881,-0.370637011260874,0.758182094404582,0.935623294731254,64.7503236255373,Accept,Accept,Accept,Accept,0.81869037032396
0.452907467159034,0.96878313997181,0.0843720410089363,-0.381431462777393,0.554537421161016,Accept,"Z2, Z4",1.1654695184601,1.27608070704991,0.110611188589818,0.879660631385605,1.18229057779021,63.7892209647647,0.0843720410089363,-0.274418271153103,0.452770073877846,Accept,1.2778096228496,0.1123401043895,0.858934885778046,1.19022753565313,83.3638771488041,Accept,Accept,Accept,Accept,0.709942612208258
0.4146839532892,1.42881139026128,-0.283520059557625,-1.61618082039347,0.336863668748485,Accept,Z4,1.16896164626705,1.16846170496951,-0.000499941297540659,0.950420416177505,1.45725496746812,73.5780165776236,-0.283520059557625,-0.552918573179562,-0.00954517143781154,Reject,1.17171802744083,0.00275638117377831,0.738889722332772,0.912477751868019,55.8334568559784,Accept,Reject,Accept,Accept,0.403396990757861
N/A,N/A,N/A,N/A,N/A,N/A,N/A,N/A,N/A,N/A,N/A,N/A,N/A,N/A,N/A,N/A,N/A,N/A,N/A,N/A,N/A,N/A,N/A,N/A,N/A,N/A,N/A
0.407688682890251,1.04080815270542,0.266167558139062,-0.654261818168293,0.411390796008506,Accept,Z2,0.924880231458114,1.09494542375677,0.170065192298656,1.03652043021551,1.83892047140511,69.3321802298926,0.266167558139062,-0.0265647373920941,0.554942425881122,Accept,1.09627630020063,0.171396068742511,0.92759399452008,1.51628636461938,76.0962499991021,Accept,Accept,Accept,Accept,0.806403218754664
-0.167701912528112,0.795619369331397,0.0123473591456764,-0.157653398349599,0.773381139382813,Accept,"Z1, Z2",1.53486243769825,1.41616757210197,-0.118694865596279,0.799376729118119,1.12940192108062,59.1029509814409,0.0123473591456764,-0.266663879888358,0.281409326905745,Accept,1.41663659777768,-0.118225839920563,0.696408425823257,0.808658293816329,53.982728649129,Accept,Accept,Accept,Accept,0.126249733710403
0.654509654840723,1.02057600283815,-0.0014048680764277,-0.785266602970478,0.771193588249802,Accept,Z2,1.63691591485077,1.39784328989902,-0.239072624951757,0.910033279684324,1.31759832685068,65.8137571485223,-0.0014048680764277,-0.328669220414681,0.328492614831499,Accept,1.40058998931343,-0.236325925537344,0.709374070890171,0.733287044077677,51.4729351124216,Accept,Accept,Accept,Accept,0.863738501463791
0.750110019163283,1.08271360248934,-0.145456212050847,-0.699716078859572,0.346766919146772,Accept,"Z2, Z4",1.25490710088569,1.22392692658132,-0.0309801743043767,0.97416541759555,1.41747322422632,61.8960171427655,-0.145456212050847,-0.418071265093214,0.145579332324558,Accept,1.22504405743414,-0.0298630434515569,0.890541830229038,1.12509734444278,63.4854142358468,Accept,Accept,Accept,Accept,0.97057086868177
0.0374762102075908,0.927692448685482,0.0827508891735651,-0.175120209125561,0.693002625852981,Accept,"Z1, Z2, Z4",1.48574629850181,1.49407370514678,0.00832740664496505,0.822656198989372,1.06033186643652,59.5885475635187,0.0827508891735651,-0.222058670945747,0.385289544660337,Accept,1.49282254190908,0.00707624340726469,0.872249273018662,1.09419176461063,71.1364302146141,Accept,Accept,Accept,Accept,0.88184540784264
0.739644597196319,0.931528429438102,0.174383398616417,-0.809080852241574,0.770821376588298,Accept,Z2,1.55559909169013,1.43144926441494,-0.124149827275192,0.881747222154657,1.20004293888905,73.2733699390701,0.174383398616417,-0.14933026012161,0.506406328570399,Accept,1.43274610329001,-0.122852988400119,1.00049273418944,1.42483538005357,69.0834752543986,Accept,Accept,Accept,Accept,0.478373248289417
0.248521712441456,0.96161788577232,0.0837560581079198,-0.697529699049863,0.733306479300884,Accept,Z2,1.11268827510211,1.24498512253203,0.132296847429918,0.882392763989321,1.01754432686653,55.3545902945427,0.0837560581079198,-0.31074050741362,0.484759856437507,Accept,1.24489406501862,0.132205789916511,0.788751752719536,0.880285489342239,57.6731007866476,Accept,Accept,Accept,Accept,0.729445469790851
-0.694038666955678,0.861551598910786,0.271419147878442,0.252914843094007,1.29637321603392,Reject,"Z1, Z2",1.41354994489804,1.36023500835162,-0.0533149365464191,0.991327724323066,1.60111313545386,50.669469722741,0.271419147878442,-0.0342383938388127,0.585993865377133,Accept,1.35821436045448,-0.0553355844435605,0.913929076347363,1.29046925920445,54.7439200453592,Reject,Accept,Accept,Accept,1.21059206797482
0.635373587883759,1.00635752867479,-0.219096295909536,-0.529116751292142,0.810480879913031,Accept,Z2,1.48599285713082,1.50182471091964,0.01583185378882,0.884981795461007,1.22520218038376,76.1657656271973,-0.219096295909536,-0.556763686449465,0.119970596741621,Accept,1.5031419451728,0.0171490880419877,0.733898956844172,0.780981358226534,75.2739935065465,Accept,Reject,Accept,Accept,1.17857793702759
0.622299807316833,1.21391419887041,-0.306604941165203,-1.19893716117337,0.407907535746777,Accept,Z2,1.18564244478553,1.31183763180472,0.12619518701919,0.934573188745971,1.37864791061712,78.7773262643567,-0.306604941165203,-0.603426795669752,0.0258858263995114,Accept,1.31088542417746,0.125242979391932,0.802892318815284,1.05563812443388,75.7133778722093,Accept,Accept,Accept,Accept,0.67817956833616
0.414111785296481,1.12170547476077,-0.062106072110888,-0.54166481386786,0.365765641127181,Accept,"Z1, Z2, Z4",1.08549883257814,0.978492837637794,-0.107005994940345,0.881581569029763,1.31977546562677,47.7374907730535,-0.062106072110888,-0.432912914308461,0.297911423629377,Accept,0.980626384849312,-0.104872447728827,0.874515865718728,1.2505661827557,61.2083524795365,Accept,Accept,Accept,Accept,1.08061795635938
N/A,N/A,N/A,N/A,N/A,N/A,N/A,N/A,N/A,N/A,N/A,N/A,N/A,N/A,N/A,N/A,N/A,N/A,N/A,N/A,N/A,N/A,N/A,N/A,N/A,N/A,N/A
1.36988072797984,1.14707367664142,-0.0140149352362438,-1.17930928215504,0.210045137534475,Accept,Z2,1.61671983136959,1.20385296776166,-0.412866863607931,1.27155794681189,2.18914067920225,78.4118080249412,-0.0140149352362438,-0.382898923257562,0.360636794452411,Accept,1.20265173379241,-0.414068097577185,1.07306022420757,1.52641108031,75.7321727588329,Accept,Accept,Accept,Accept,1.55641144009048
0.833404451538431,1.06768447158042,-0.325154068671077,-0.788265776776227,0.521742094242731,Accept,Z2,1.07642749774989,1.15346014192517,0.0770326441752862,0.955361858719034,1.42508689623765,76.4371690918015,-0.325154068671077,-0.719001312129494,0.0688559322366169,Accept,1.15168669424322,0.075259196493337,0.904251176831346,1.38798614209468,91.5199151378563,Accept,Accept,Accept,Accept,1.3035873787959
0.469631019902097,0.891898369518595,-0.0358415600743927,-0.436172834565731,0.759516742322046,Accept,Z2,0.701905302007087,0.725605274422407,0.0236999724153201,0.935225745262276,1.31439356319007,50.0814251885566,-0.0358415600743927,-0.364857751301655,0.296844525598973,Accept,0.726764813835158,0.0248595118280716,0.858932728559665,0.96697831946495,56.511953039941,Accept,Reject,Accept,Accept,0.61609746948733
0.519163594250412,0.989170559842125,-0.111328319277724,-0.396996237972072,0.250206969951076,Accept,"Z1, Z2, Z4",1.06758285291192,1.09358632767107,0.0260034747591496,0.711644195989083,0.757698438066691,41.0560147342356,-0.111328319277724,-0.347355189530859,0.121447357753114,Accept,1.09501331531081,0.0274304623988878,0.605285333543016,0.606892302760336,44.4800522128788,Accept,Accept,Accept,Accept,0.884448963286654
1.07481686054344,1.09618460542602,-0.143000826243124,-1.01438862390394,0.476090197158085,Accept,Z2,1.77250815779251,1.73007308554964,-0.0424350722428702,0.979416158076202,1.2685160262171,79.7111229500418,-0.143000826243124,-0.480818728644406,0.199845819259515,Accept,1.72820007111795,-0.044308086674564,0.890585961293738,1.2253291880613,85.470584583017,Accept,Accept,Accept,Accept,0.416650100347466
0.727658915238835,1.03257958938177,-0.14062763729634,-0.405618039167817,0.250165120780675,Accept,"Z1, Z2, Z4",1.70461034473514,1.48395504088681,-0.220655303848334,1.08212635333918,1.83452673703155,57.6802455348991,-0.14062763729634,-0.46049057502229,0.194926859014526,Accept,1.48415286596272,-0.220457478772419,0.964910367867811,1.53105185972808,77.8006575657926,Accept,Accept,Accept,Accept,1.1147899074264
-0.444830052952277,0.681418061657413,0.188341785823502,-0.656035137410205,1.52893213094971,Accept,X8,0.932808212753735,1.09641006455981,0.163601851806073,1.1080110822778,1.91943078778402,78.9309153430657,0.188341785823502,-0.293000540800804,0.673454405242681,Accept,1.09582385407481,0.163015641321074,0.84023157381392,1.16295331312439,79.3985148889962,Reject,Accept,Accept,Accept,0.376033216484182
-0.489687962679579,0.250943530225919,0.472695161081203,0.131875677787279,1.34781758292426,Reject,"Z1, Z2, Z4",1.57235364646304,1.53253612753028,-0.0398175189327593,0.96788391974588,1.57896497774754,53.9585303995507,0.472695161081203,-0.106258084908621,1.00022083475748,Accept,1.52959357214261,-0.0427600743204222,0.904062152672051,1.38710201153837,72.677201677252,Reject,Accept,Accept,Reject,1.71507854132452
0.0983258291946569,0.713885396035997,0.484514397707996,-0.554544724086028,1.21997328507159,Accept,Z2,0.800793606741974,1.18286868031426,0.382075073572282,1.44902029297833,2.78871531008697,82.839288868659,0.484514397707996,0.161625024770954,0.794839468597113,Reject,1.17952147659326,0.378727869851285,1.14772283132176,1.96529180572736,89.1167340631766,Accept,Reject,Accept,Reject,1.79432262602998
0.247178656903941,0.896625729383496,0.122084923647725,-0.171375645574492,0.685887148683378,Accept,"Z1, Z2, Z4",1.23498109983509,1.19561158257009,-0.039369517264997,0.911013073478252,1.22981223825797,66.1409419828455,0.122084923647725,-0.25907276752393,0.511250620660219,Accept,1.19687987715015,-0.0381012226849397,0.951017114434144,1.30614084550279,84.4632298137095,Reject,Accept,Accept,Accept,1.02658464270945
N/A,N/A,N/A,N/A,N/A,N/A,N/A,N/A,N/A,N/A,N/A,N/A,N/A,N/A,N/A,N/A,N/A,N/A,N/A,N/A,N/A,N/A,N/A,N/A,N/A,N/A,N/A
N/A,N/A,N/A,N/A,N/A,N/A,N/A,N/A,N/A,N/A,N/A,N/A,N/A,N/A,N/A,N/A,N/A,N/A,N/A,N/A,N/A,N/A,N/A,N/A,N/A,N/A,N/A
N/A,N/A,N/A,N/A,N/A,N/A,N/A,N/A,N/A,N/A,N/A,N/A,N/A,N/A,N/A,N/A,N/A,N/A,N/A,N/A,N/A,N/A,N/A,N/A,N/A,N/A,N/A
N/A,N/A,N/A,N/A,N/A,N/A,N/A,N/A,N/A,N/A,N/A,N/A,N/A,N/A,N/A,N/A,N/A,N/A,N/A,N/A,N/A,N/A,N/A,N/A,N/A,N/A,N/A
0.322835520561693,0.775414914507079,-0.264683251847072,-0.598130985617188,1.03957907886699,Accept,Z2,1.40817856734859,1.4062473626562,-0.00193120469239251,0.86912686507962,1.29272937841086,76.7008608969245,-0.264683251847072,-0.697500970113396,0.121035679112986,Accept,1.40566928217742,-0.0025092851711693,0.745368666379503,0.946361487866764,84.6563263696533,Accept,Accept,Accept,Accept,0.230258479989522
0.478822790865455,0.988228578737317,0.236086592782954,-0.873535537270646,0.965540503941478,Accept,Z1,1.19085527212397,1.38286487192977,0.192009599805802,0.890980261383625,1.12274569564342,83.3693013325271,0.236086592782954,-0.130927126030533,0.618616400338942,Accept,1.38148497727004,0.190629705146067,0.87662069222051,1.19734247229523,88.7030891658061,Accept,Accept,Accept,Accept,0.931207795663892
0.33480917475314,0.919269844417477,0.0519037514387652,-0.420916351326284,0.646152295372012,Accept,"Z2, Z4",1.02850337486461,1.18349095168829,0.154987576823679,0.842316730674292,1.21354130230323,69.8145866157748,0.0519037514387652,-0.21795635451526,0.322302934340808,Accept,1.18395952186408,0.155456146999468,0.827976537661973,1.07890809134527,62.3845130013589,Accept,Accept,Accept,Reject,1.45880814847234
0.205726896730607,0.874771377968521,0.19291487738605,-0.0649906231575187,0.546634361580838,Accept,"Z2, Z4",1.12654877581215,1.16169229100257,0.035143515190419,0.870605090102381,1.11743751478099,56.5029511404273,0.19291487738605,-0.0408659136752779,0.43134848106567,Accept,1.16083927829809,0.0342905024859368,0.786783617495271,0.959089024759161,68.208948791905,Accept,Reject,Accept,Accept,0.52681113169759
0.67401075324642,0.827531734974073,0.220960270234243,-0.569123401242435,0.902950697928639,Accept,Z2,1.61953934401882,1.52146003720968,-0.0980793068091473,1.20419079363712,2.23528548745738,83.0352382088964,0.220960270234243,-0.117665300156956,0.544571035732911,Accept,1.52179845836455,-0.0977408856542685,0.897418438642759,1.27857265549495,92.9081014576322,Accept,Accept,Accept,Accept,0.764293935280673
0.441053198114165,0.990993594794353,-0.151795771724939,-0.513641625514103,0.427442688600795,Accept,"Z1, Z2, Z4",1.04499591061803,1.17222590165664,0.127229991038605,0.793320906307804,0.914818725153547,62.2577048527509,-0.151795771724939,-0.451599243939607,0.164336349271773,Accept,1.1723060022284,0.127310091610361,0.778641199452951,0.802430954653329,68.8931084400779,Accept,Accept,Accept,Accept,1.23647545902386
-0.240231184039804,0.728613104847801,0.296152854517463,-0.393105521959333,1.43326534489994,Accept,Z2,1.40630404643432,1.3264126502167,-0.0798913962176196,0.900586965946927,1.28840624391499,67.7369411879523,0.296152854517463,-0.0703968285880447,0.678669612436193,Accept,1.32596750572812,-0.080336540706204,0.865669759312678,1.16249639499287,67.5715162993343,Accept,Accept,Accept,Accept,0.93300024565601
1.53087824508703,1.39682752827294,0.0243422834019777,-1.50639107583193,0.160005744783455,Accept,Z2,1.46660508283302,1.56779823495198,0.101193152118959,0.936836738082004,1.41103202632686,73.5518748236918,0.0243422834019777,-0.328364614559938,0.388115445273878,Accept,1.56806796373948,0.101462880906454,0.778106797842669,1.02196221803399,75.1812039706121,Accept,Accept,Accept,Accept,0.946814669544938
1.61548341482462,1.42903528779704,-0.0339260791504632,-1.64914370769426,0.11257767572296,Accept,Z2,1.13520464208427,1.25150106608972,0.116296424005443,1.16987215576618,2.04163695118051,83.8849050402889,-0.0339260791504632,-0.431686735188418,0.379629872309337,Accept,1.25407120781627,0.118866565731992,0.945473873861472,1.27155348861629,81.4200704349027,Accept,Accept,Accept,Accept,1.14990553079133
0.99034790840822,1.06637149302832,-0.126236455272121,-0.487532276318873,0.0360497785801678,Accept,"Z1, Z2, Z4",1.54098047533873,1.37335182190537,-0.167628653433364,0.766500098892829,0.831052615990931,52.0256345701003,-0.126236455272121,-0.38445107801355,0.114441660179652,Accept,1.37292885133295,-0.16805162400578,0.765831087716659,0.867712251310943,62.0595761095535,Accept,Accept,Accept,Accept,0.271472434581457
0.0196736968836605,0.956330660139142,-0.0305427399942648,-0.763605862893596,0.831176935062922,Accept,Z2,1.41687784819662,1.40811604477986,-0.00876180341675869,0.851440208732995,1.11680647441213,72.8429047251955,-0.0305427399942648,-0.476093721463701,0.396145661040736,Accept,1.4094014404197,-0.0074764077769113,0.842743938850108,0.976006887729858,82.6027627971055,Accept,Accept,Accept,Accept,0.670801436330437
0.609834181741938,1.08392117669147,-0.0751094222018112,-0.806246893820082,0.293161125879327,Accept,"Z2, Z4",1.45764469178456,1.34478170731385,-0.112862984470711,0.764841488246382,0.974022162769176,58.1849713204534,-0.0751094222018112,-0.304226991087017,0.166864163642939,Accept,1.34368571954921,-0.113958972235348,0.851314267920622,1.04621029987087,42.1675683928228,Accept,Accept,Accept,Accept,1.47363467481616
-0.836598441311586,0.166109110341994,0.416751702175136,0.350530185541548,1.76198853589265,Reject,Z2,0.527246724462838,0.997347920521176,0.470101196058338,1.01812678837812,1.69472998950575,74.3895136127413,0.416751702175136,-0.0492107166946066,0.867600269465661,Accept,0.997274230271771,0.470027505808933,0.931220517522337,1.39158847808249,80.5624128162972,Reject,Accept,Accept,Accept,1.1605421916877
1.16170547711732,1.10826739606822,-0.165585221274519,-0.648147511412331,0.0949769895384591,Accept,"Z2, Z4",1.57355084969755,1.54456652573778,-0.0289843239597735,0.956512095363492,1.39341425770294,57.3324547435874,-0.165585221274519,-0.438656841123902,0.115382855355224,Accept,1.54372512205644,-0.0298257276411135,0.921173536594795,1.25260923051453,63.4245390020776,Accept,Accept,Accept,Accept,0.85337058477335
N/A,N/A,N/A,N/A,N/A,N/A,N/A,N/A,N/A,N/A,N/A,N/A,N/A,N/A,N/A,N/A,N/A,N/A,N/A,N/A,N/A,N/A,N/A,N/A,N/A,N/A,N/A
N/A,N/A,N/A,N/A,N/A,N/A,N/A,N/A,N/A,N/A,N/A,N/A,N/A,N/A,N/A,N/A,N/A,N/A,N/A,N/A,N/A,N/A,N/A,N/A,N/A,N/A,N/A
0.864401773112277,1.01021402911774,-0.0063487760988537,-0.564465428248335,0.0764921011068797,Accept,"Z1, Z2, Z4",1.2421597757184,1.10890009939614,-0.133259676322262,0.860708092775675,1.46205950746387,58.3051814127352,-0.0063487760988537,-0.267475313737688,0.252072539983708,Accept,1.1072667358032,-0.134893039915196,0.848333113669594,1.19880885796435,59.6978321329209,Accept,Accept,Accept,Accept,1.13089832567704
0.0345433057014934,0.948272670068679,0.0782651188855728,-0.175178319106108,0.361435008098901,Accept,"Z1, Z2, Z4",0.729710003362506,1.196024503977,0.466314500614492,0.863405885153952,1.13924082617435,42.4589206547571,0.0782651188855728,-0.138656658429865,0.298113741347855,Accept,1.1956557578489,0.465945754486396,0.847687111533629,1.10020005954347,54.6045693031929,Reject,Accept,Accept,Accept,0.822098581068324
0.365359252177722,0.971365895848902,0.171500045386296,-0.690385103042409,0.758026547470971,Accept,Z2,1.34374130805309,1.29558726927061,-0.0481540387824793,0.831444220960375,0.880950615718438,68.5008664968885,0.171500045386296,-0.148364208765656,0.509441951264625,Accept,1.29712099111114,-0.0466203169419498,0.66014252469288,0.65789844265503,64.286513075847,Accept,Reject,Accept,Accept,0.460725694889119
1.07691447124722,1.1120355981316,0.105049796423249,-0.688414670472729,0.171974706870017,Accept,"Z2, Z4",1.34673573037986,1.34733457712668,0.000598846746828433,1.00620236103702,1.58073827417783,63.0758100267248,0.105049796423249,-0.243992819209621,0.472213029485746,Accept,1.34825836663006,0.00152263625020272,0.870184524014162,1.2597310620402,80.7939307573153,Accept,Accept,Accept,Accept,0.762772525910641
0.277687150357029,0.93583688628641,0.132175734630214,-0.290506008045103,0.383364133111841,Accept,"Z2, Z4",1.24247287707635,1.33703916665573,0.0945662895793853,0.950214673092443,1.47551957834506,47.2472251886345,0.132175734630214,-0.0495134561339887,0.334090722407623,Accept,1.33667634108044,0.0942034640040935,0.928272671801518,1.34308377620435,50.5592482103939,Accept,Accept,Accept,Accept,0.131386207434708
0.0569160261096902,0.78207192740755,0.143905021336292,0.118725247208263,0.871158629858104,Reject,"Z2, Z4",1.27918044180022,1.20096588545011,-0.0782145563501123,1.07287868989638,1.59351107679962,70.2443588335847,0.143905021336292,-0.0982751878797999,0.389177352838356,Accept,1.20332231618404,-0.0758581256161823,0.99047746701517,1.25648711412984,80.9113347448208,Reject,Accept,Accept,Accept,1.01714712905012
0.333611552744835,1.0588259530672,-0.317326178181371,-0.602347355007131,0.505208001320265,Accept,"Z2, Z4",1.61641505939721,1.36362660110413,-0.252788458293075,0.848500021536549,1.05577282164074,58.9278205506766,-0.317326178181371,-0.71527834243139,0.0745915490756808,Accept,1.36169735429146,-0.254717705105748,0.846976054505301,0.987864498382308,74.2112700838153,Accept,Accept,Accept,Accept,0.619714297565325
0.46449797933859,0.879398925244178,0.065257018897469,-0.17175320730182,0.324157673725326,Accept,"Z1, Z2, Z4",1.07788065332192,1.29629055184825,0.218409898526328,0.783849328920028,0.999770078531622,43.4856507846613,0.065257018897469,-0.148415541562101,0.278315380299548,Accept,1.29584968110995,0.217969027788025,0.766392505126474,0.946710839266159,62.5679770334601,Accept,Accept,Accept,Accept,0.52755913912205
0.289745611808909,0.82826716974514,0.170929234407056,-0.184439617711215,0.650356553638748,Accept,"Z1, Z2, Z4",1.01053217697366,1.00760974151337,-0.00292243546028768,0.897554111204881,1.24434241625602,59.9202236829947,0.170929234407056,-0.181644493521565,0.531292602847401,Accept,1.00860398375185,-0.00192819322181113,0.830358348715639,1.12034830173334,69.5959083555392,Accept,Accept,Accept,Accept,1.2704556194286
0.445824421680737,0.963637009988494,0.100401241324191,-0.83816493153754,1.0056780750669,Accept,Z2,0.701584763356919,0.719071827162966,0.0174870638060476,0.949606023524072,1.33904700379,68.8304146379666,0.100401241324191,-0.211519832766633,0.40818731313779,Accept,0.719635067851511,0.0180503044945926,0.720735458453717,0.786776082570838,58.6999818429789,Accept,Accept,Accept,Accept,1.04118162386241
-0.135759792752332,0.807529416815741,0.270460804305909,-0.86304519113306,1.370873390502,Accept,Z1,1.24706291541516,1.38906659996135,0.142003684546187,1.06549068587178,1.72298614636785,80.9926603120355,0.270460804305909,-0.0169761786046041,0.559039512007549,Accept,1.3891503507803,0.142087435365141,0.842196561123488,1.07842363213805,63.8987258838738,Accept,Accept,Accept,Accept,1.08656315413857
0.533529880017785,0.889657865665559,-0.0285812387858836,-0.257825120370368,0.488165055449092,Accept,"Z1, Z2, Z4",1.34398548892324,1.51782147679209,0.17383598786885,0.816114205979205,1.06261766121113,62.2473642364967,-0.0285812387858836,-0.275623401083731,0.238019082884193,Accept,1.51669983944184,0.172714350518599,0.837627725637037,1.27447043618694,57.2030885667102,Accept,Accept,Accept,Accept,1.17047566961769
-0.355255083685433,0.870490094576515,-0.0992357210735187,-0.0629954759345753,0.870862674964339,Accept,"Z1, Z2, Z4",1.45142493404037,1.47073711381121,0.0193121797708385,0.89593664885102,1.20629964804502,61.9551763218566,-0.0992357210735187,-0.4526686746309,0.233553591810666,Accept,1.47147479505944,0.0200498610190626,0.80476300776571,0.954043703110785,71.1447293846458,Accept,Accept,Accept,Accept,0.37477917486808
0.519045690805556,0.918350879645324,0.143568816462697,-0.52313099936374,0.754947872344576,Accept,Z2,1.65212024804666,1.28236884475269,-0.369751403293967,1.1509337530907,1.84259641241546,70.6017246486301,0.143568816462697,-0.102484214498276,0.399985948262933,Accept,1.28119290849246,-0.370927339554205,0.877479100288873,1.18066554503905,59.7004874227121,Accept,Accept,Accept,Accept,0.477834692610602
0.241582528050595,0.968130757443631,-0.0344918300532153,-0.27018464906513,0.342888852998228,Accept,"Z1, Z2, Z4",2.00503971816369,1.63478778129669,-0.370251936866996,1.01046662301315,1.40799709579961,49.2732730939493,-0.0344918300532153,-0.24032415657036,0.163705481321562,Accept,1.63641220919663,-0.368627508967059,0.817268966920024,0.967492108536837,46.863622077926,Accept,Accept,Accept,Accept,1.14557341052365
N/A,N/A,N/A,N/A,N/A,N/A,N/A,N/A,N/A,N/A,N/A,N/A,N/A,N/A,N/A,N/A,N/A,N/A,N/A,N/A,N/A,N/A,N/A,N/A,N/A,N/A,N/A
0.0824486624340564,0.870577986586403,0.282284305213535,-0.109614488590575,0.826486301637365,Accept,"Z1, Z2",1.16129732979987,1.22904272347776,0.0677453936778892,1.03560317630337,1.58060972552095,64.113658647839,0.282284305213535,-0.0175945916405595,0.552797988179023,Accept,1.23432431457309,0.073026984773214,0.888185824359673,1.17757802731678,71.2005239407446,Accept,Accept,Accept,Accept,0.88987997612336
0.444747360310138,1.1091960598835,0.261867105570021,-0.95576199266633,0.588456738570619,Accept,X2,1.39144282304162,1.41579608333132,0.024353260289693,0.904069463566079,1.38352185279364,59.6575198995006,0.261867105570021,-0.151207663510343,0.684730723012459,Accept,1.4148719355284,0.023429112486777,0.751817168799196,0.900779385354627,67.6897807758673,Reject,Accept,Accept,Reject,1.28039298385622
0.297990905789594,0.919852786947524,0.0118100586096194,-0.631571719594387,1.14223834280123,Accept,Z2,1.21831849734547,1.45445568655908,0.236137189213605,0.968431552068064,1.37170826902018,70.7436853205505,0.0118100586096194,-0.404303597849895,0.446371556523238,Accept,1.45749329646052,0.239174799115045,0.994549713886974,1.48724604522856,75.4706361629988,Accept,Accept,Accept,Accept,1.14397459313857
N/A,N/A,N/A,N/A,N/A,N/A,N/A,N/A,N/A,N/A,N/A,N/A,N/A,N/A,N/A,N/A,N/A,N/A,N/A,N/A,N/A,N/A,N/A,N/A,N/A,N/A,N/A
0.211875103901746,0.795534089570721,-0.0657021876532838,-0.649370606019692,1.14914162584632,Accept,X8,0.923121684586353,0.803559919354144,-0.11956176523221,1.03660475140246,1.52400316724453,74.6650423181572,-0.0657021876532838,-0.473845184889206,0.320482519954437,Accept,0.806141474461888,-0.116980210124465,0.825185906909682,0.940049744214493,73.6407167649248,Reject,Accept,Accept,Accept,0.920630353116461
0.640027803985684,1.00026609566682,-0.03057737720904,-0.371185764920759,0.220657250008976,Accept,"Z1, Z2, Z4",1.20904565744272,1.51275166869314,0.303706011250427,1.12822024126957,1.76565609091902,55.8457059386829,-0.03057737720904,-0.245477705108507,0.185433741962679,Accept,1.51453444347284,0.305488786030124,0.984523255596473,1.30129766352465,55.3896511046536,Accept,Accept,Accept,Accept,1.10906162122904
0.354445376522477,0.950509660883306,0.0765361106796415,-0.368493477409628,0.571051496277812,Accept,"Z2, Z4",1.56719352398757,1.26540062817206,-0.301792895815512,0.949066354914518,1.3246519936515,60.4532901670982,0.0765361106796415,-0.269016098202427,0.413729445629041,Accept,1.26612098615632,-0.301072537831251,0.928225772317887,1.21997182248625,73.7110888971687,Reject,Reject,Accept,Accept,0.641057225633777
0.390751239382971,0.927177887475984,0.0669417837207437,-0.205217723294427,0.410282247149616,Accept,"Z2, Z4",1.20152558763679,1.21820094097361,0.0166753533368183,0.772844648461795,0.944578413992055,47.2245947195295,0.0669417837207437,-0.159982562260426,0.318918675893052,Accept,1.21722942165304,0.0157038340162515,0.629982831944985,0.70465434246713,62.7956757069501,Accept,Accept,Accept,Accept,0.807277874494184
0.203686798296611,0.919242842112306,0.0802389926355393,-0.347517570594352,0.575608767762303,Accept,"Z1, Z2, Z4",1.37596469288595,1.36293846603671,-0.0130262268492409,0.845594410315755,1.15605867138129,48.0934122845454,0.0802389926355393,-0.258919464844561,0.439090473082334,Accept,1.36384662400691,-0.0121180688790355,0.806643182938604,1.05484554852133,59.3650985602994,Accept,Accept,Accept,Accept,1.07585706623187
1.07195418207351,1.06299959711136,-0.092817955321901,-0.730884498637611,0.185844674173738,Accept,Z2,1.30602955384756,1.29737892753774,-0.00865062630981657,0.852343604029774,1.09491921069556,63.5716044125934,-0.092817955321901,-0.326551528463306,0.151664941789066,Accept,1.2970252415405,-0.00900431230706452,0.853359097963847,1.13319695865746,52.8017150140234,Accept,Accept,Accept,Accept,0.810134015971921
0.483876441200624,0.949775393289644,0.0236441836857087,-0.225631856254237,0.487733384321714,Accept,"Z1, Z2, Z4",1.25440459316658,1.19275696467798,-0.0616476284885943,0.622133474605389,0.725569360783201,55.4401938646793,0.0236441836857087,-0.254258250553803,0.294135669113278,Accept,1.19330408035758,-0.0611005128089993,0.611482352965279,0.593351670563126,72.442232314721,Accept,Accept,Accept,Accept,0.943921300689502
0.530945843394231,1.16229209650438,-0.131705841656405,-0.608762436927702,-0.00108519815811084,Reject,"Z1, Z2, Z4",0.818793352722449,0.781954838811396,-0.036838513911053,0.894432513871415,1.11965690322582,48.9845910409843,-0.131705841656405,-0.360728671857927,0.0931029651881461,Accept,0.78244503188154,-0.0363483208409085,0.810990892477657,1.01980829470033,62.6039388399456,Reject,Accept,Accept,Accept,1.22336119545184
-0.386899409116209,0.831155066017291,0.277210794424144,-0.545568877197421,1.36771088717396,Accept,Z2,1.26275860832241,1.37152376037181,0.108765152049396,0.947936398518301,1.43709977005577,71.0228829138642,0.277210794424144,-0.124507642860702,0.687494127383449,Accept,1.37306437861552,0.110305770293111,0.851317566756002,1.11630763391444,74.4326603382879,Accept,Accept,Accept,Accept,0.583653811235401
0.583523833645838,0.719562727164115,0.0629628587733648,-0.768306443740345,1.01776254739895,Accept,Z2,1.30903513168519,1.28200241106609,-0.0270327206191022,0.989515007414921,1.58850057805824,78.6941360575226,0.0629628587733648,-0.341910723577634,0.44766076963827,Accept,1.28227781559458,-0.0267573160906105,0.85328029220535,1.03596644207951,78.2974001131502,Accept,Accept,Accept,Accept,0.790993048285254
N/A,N/A,N/A,N/A,N/A,N/A,N/A,N/A,N/A,N/A,N/A,N/A,N/A,N/A,N/A,N/A,N/A,N/A,N/A,N/A,N/A,N/A,N/A,N/A,N/A,N/A,N/A
0.122941556708348,0.982834066538295,-0.131650404701054,-0.701272000156032,0.839265628808873,Accept,Z2,1.56533649953336,1.10837101697074,-0.456965482562628,1.11788256328626,1.86956750217436,66.1924840762654,-0.131650404701054,-0.468945471485143,0.223294823839978,Accept,1.11108795806215,-0.454248541471215,0.929513017563364,1.44651995980218,63.1218817778337,Accept,Accept,Accept,Accept,0.945367005775892
0.811389769997979,1.13779889696966,-0.0573241548485503,-0.802847544051124,0.274881904017142,Accept,"Z2, Z4",0.970667384331709,1.01416676025121,0.0434993759195054,0.852534145802401,1.21124291711428,65.6899937944716,-0.0573241548485503,-0.462487806057762,0.335660814621123,Accept,1.0124939453971,0.0418265610653901,0.832086184831912,1.14640309700223,77.9125179812018,Accept,Accept,Accept,Accept,1.07930032704134
0.698152376528972,1.00877000355416,0.171818215689419,-0.352666190700094,0.379162206666556,Accept,"Z2, Z4",1.06145149962329,1.22992954520558,0.168478045582294,0.896258829853029,1.2586114191669,60.9093897637868,0.171818215689419,-0.071749773180253,0.41457897653017,Accept,1.23004486338849,0.168593363765202,0.765717258016812,0.912689380340019,69.107245128798,Accept,Accept,Accept,Accept,1.40753338482504
0.605634874988857,0.842846874328923,0.0642928882419614,-0.318415129518121,0.624575008431431,Accept,Z2,1.54102338089108,1.56207385894083,0.0210504780497532,0.906935595516128,1.27540149555304,71.9226353469005,0.0642928882419614,-0.189939809894246,0.32485235072855,Accept,1.5628224184716,0.0217990375805237,0.741309550162337,0.822100184782443,66.1851310286106,Accept,Accept,Accept,Accept,0.659430593765718
0.657893977296619,1.02626217774693,0.314609468885318,-1.11496520397147,0.605082553946375,Accept,Z2,1.47631848293713,1.41607893161596,-0.0602395513211707,0.949887358749364,1.460386547281,76.3605320890204,0.314609468885318,-0.0408944609525693,0.674983621927538,Accept,1.41894597789926,-0.0573725050378708,0.864865867087462,1.1702841458196,75.4521859664256,Accept,Accept,Accept,Accept,0.88637312163693
N/A,N/A,N/A,N/A,N/A,N/A,N/A,N/A,N/A,N/A,N/A,N/A,N/A,N/A,N/A,N/A,N/A,N/A,N/A,N/A,N/A,N/A,N/A,N/A,N/A,N/A,N/A
N/A,N/A,N/A,N/A,N/A,N/A,N/A,N/A,N/A,N/A,N/A,N/A,N/A,N/A,N/A,N/A,N/A,N/A,N/A,N/A,N/A,N/A,N/A,N/A,N/A,N/A,N/A
1.32974361952787,1.24989520102021,-0.128913578768263,-1.12511864009033,-0.152928499481453,Reject,"Z1, X10",1.02664563067392,1.25172869299427,0.225083062320344,1.19094410663193,2.13261000349432,69.7642370524064,-0.128913578768263,-0.410355070333455,0.162301825547505,Accept,1.25135490100328,0.22470927032936,0.951587823022445,1.3224289065604,61.8538814431661,Reject,Accept,Accept,Accept,0.862733476574453
N/A,N/A,N/A,N/A,N/A,N/A,N/A,N/A,N/A,N/A,N/A,N/A,N/A,N/A,N/A,N/A,N/A,N/A,N/A,N/A,N/A,N/A,N/A,N/A,N/A,N/A,N/A
-0.572378279395202,0.792315513197746,0.189504686225912,-0.161661650766334,1.45924043851747,Accept,Z2,1.16857670234486,1.26423221809381,0.0956555157489467,0.987108308986904,1.42515272564361,81.2465921170392,0.189504686225912,-0.158631803090751,0.511114191213347,Accept,1.26244243797679,0.093865735631929,0.712056299063725,0.750027503662032,81.0705879662563,Accept,Accept,Accept,Accept,0.982121217503279
-0.115802360036295,0.81344760708563,0.024517918309419,-0.253041065161987,0.975909427599368,Accept,Z2,1.55389625141985,1.4968151510087,-0.0570811004111544,1.12945115840342,1.9391569005378,77.609082267164,0.024517918309419,-0.268536301311366,0.320073821871774,Accept,1.49341508781994,-0.0604811635999052,0.978885446762055,1.30818571932371,69.455149904494,Accept,Accept,Accept,Accept,0.574243863745163
0.866285398283013,0.965391401517303,-0.226854411000227,-0.500474579091278,0.36378229987973,Accept,"Z2, Z4",1.21073192304696,1.46638882068307,0.255656897636104,0.841020319347523,1.14936374046723,60.3925017548642,-0.226854411000227,-0.513153122117361,0.0268334247579232,Accept,1.46607979599293,0.255347872945962,0.791837201561463,0.955761289268626,69.5922909357179,Accept,Accept,Accept,Accept,0.626817201757228
0.310129618492816,0.844964556656161,-0.030902336979783,-0.511988772042077,0.810003501422646,Accept,Z2,1.20527802862318,1.24258530056645,0.0373072719432733,1.04247819201063,1.42704857629008,71.184427458602,-0.030902336979783,-0.380129304586226,0.28897593469173,Accept,1.24349343933908,0.0382154107159052,0.971461088348233,1.2628608986025,70.6677213631513,Accept,Reject,Accept,Accept,0.268024507300916
0.212229044990868,0.964022411863368,0.0883662252449453,-0.141084686996859,0.558244052803644,Accept,"Z1, Z2, Z4",1.09671862483206,1.26541711429301,0.168698489460944,0.833753156824909,1.08009573322618,51.2872736300763,0.0883662252449453,-0.166916096687346,0.350707656732241,Accept,1.2662558424257,0.169537217593639,0.893864404891981,1.28170599673472,56.8557413074861,Reject,Reject,Accept,Accept,0.243903638059417
0.360484659901813,0.906586906765707,0.125692988958025,-0.319451197429161,0.637921386049962,Accept,"Z1, Z2",1.55964197302582,1.56740906997627,0.00776709695045045,0.935978896659549,1.26028981731313,64.3238780079556,0.125692988958025,-0.0938667380171549,0.354260319284897,Accept,1.56680595659552,0.00716398356970772,0.930889421402472,1.19303762632498,52.351907699892,Accept,Accept,Accept,Accept,0.854895131128457
0.630182771030178,1.03082012943561,0.131749226146494,-0.423058258193021,0.323975540653765,Accept,"Z1, Z2, Z4",1.52935094654618,1.40322324161091,-0.12612770493527,0.84303004272322,1.15257348772029,61.5806470303063,0.131749226146494,-0.13849762867624,0.367878651002254,Accept,1.40207120037152,-0.127279746174661,0.853424939909021,1.07573998650482,66.5794128397316,Reject,Reject,Accept,Accept,1.36682158684787
0.584265674887333,1.10329474053473,0.16891718376989,-0.556493190022208,0.217500842672761,Accept,"Z2, Z4",1.29934696055665,1.36323800770747,0.0638910471508215,1.07935120870965,1.63750150075456,55.9138681879792,0.16891718376989,-0.0900170499526422,0.425743615817364,Accept,1.3618466595929,0.0624996990362556,0.999317746968562,1.4515467933798,63.3143863377309,Accept,Accept,Accept,Accept,1.34648345820601
0.538197966601601,1.02332854644229,-0.115387885421609,-0.41512423177039,0.277214056915182,Accept,"Z1, Z2, Z4",1.5587837615719,1.5568453727392,-0.00193838883269606,1.00802725475787,1.37299834357134,53.7709491666086,-0.115387885421609,-0.378467515224681,0.15021467879267,Accept,1.55686641899702,-0.00191734257487332,0.963920227170654,1.3356165834934,67.9069962537223,Reject,Accept,Accept,Accept,0.68488693333883
0.196906844809001,0.918702395924627,0.0128429510556371,-0.451059747926603,0.689218159265025,Accept,Z2,1.45745650333218,1.30421684612576,-0.153239657206418,1.01329952036542,1.5050361293722,72.2542142693875,0.0128429510556371,-0.24403664847002,0.289367737681737,Accept,1.30450134551085,-0.152955157821326,0.953516647884173,1.23796074431232,65.5468600599877,Accept,Accept,Accept,Reject,1.56140362293601
-0.390296244242979,0.718641170669743,-0.0115477658827141,-0.0870481213968026,1.2615116310271,Accept,Z2,1.17169716099161,1.33779969807931,0.166102537087704,1.02182387326848,1.82064561103069,75.3402715167759,-0.0115477658827141,-0.195596031566476,0.164610298762462,Accept,1.34004645227848,0.168349291286871,0.87616533795825,1.29340509216182,35.175654030719,Accept,Accept,Accept,Accept,0.932513230265153
0.461299337433857,0.857582535017554,-0.0334219071226759,-0.578541932319423,0.838016492683731,Accept,Z2,1.5344461392924,1.51072692409821,-0.0237192151941959,0.888085542371501,1.14037040702092,78.2092122794373,-0.0334219071226759,-0.392695737530423,0.345599298794307,Accept,1.50912622502061,-0.0253199142717914,0.906397901872829,1.1134410195868,77.4979890483514,Accept,Accept,Accept,Accept,0.920868609762997
1.75193367443707,1.49426021168304,-0.0167239552711519,-1.21969353714946,0.146944645773079,Accept,Z2,1.24752599372133,1.37096440139785,0.12343840767652,1.1306230745391,1.93359865688272,81.2535483031298,-0.0167239552711519,-0.329936221280325,0.277843154147127,Accept,1.3690624279259,0.121536434204575,0.866690759688781,1.05512932107279,75.7273410608612,Accept,Accept,Accept,Accept,1.45431638548006
0.949570146902189,1.12613674694299,-0.295061726153831,-0.785989624810613,0.0750611258091993,Accept,"Z2, Z4",1.24822320026295,1.36367606380721,0.115452863544264,0.965515110891438,1.22924550829553,68.1636891349561,-0.295061726153831,-0.569450480219557,-0.0392934461383973,Reject,1.36147922728728,0.113256027024333,0.960954206940882,1.35545549901695,78.1440073937236,Accept,Accept,Accept,Accept,0.669520922994623
0.166573925380346,0.911589323853661,-0.0250287443749795,-0.365779625993454,0.51455097886963,Accept,"Z1, Z2",1.14187933967416,1.2802722506269,0.138392910952739,0.917421831287699,1.40229377279046,54.4153462943042,-0.0250287443749795,-0.327733909709422,0.308606984708773,Accept,1.2792772682017,0.137397928527538,0.842823353462803,1.10400670158086,70.313332280312,Accept,Accept,Accept,Accept,0.278233825607326
0.564818901890053,1.09722933958655,0.0539489739294288,-0.583426788870566,0.415264951221356,Accept,"Z1, Z2, Z4",1.01255866309477,0.952737797732043,-0.0598208653627237,1.10000623297323,1.86094767805988,54.1614555232767,0.0539489739294288,-0.305362768800674,0.393739156787376,Accept,0.954570083874103,-0.0579885792206637,1.06825962310972,1.55437508606421,68.7620620465361,Accept,Reject,Reject,Accept,1.29447636568177
N/A,N/A,N/A,N/A,N/A,N/A,N/A,N/A,N/A,N/A,N/A,N/A,N/A,N/A,N/A,N/A,N/A,N/A,N/A,N/A,N/A,N/A,N/A,N/A,N/A,N/A,N/A
0.515765311580933,0.980439574719814,0.162214289642106,-0.560439100621357,0.44875519211266,Accept,"Z1, Z2",0.922057083590503,1.24319649128666,0.321139407696155,1.00685460998517,1.45214108641432,68.6042309509854,0.162214289642106,-0.103279266145436,0.430280561101262,Accept,1.2424258308485,0.320368747257998,0.991816291623637,1.46436561127702,66.7573667719317,Accept,Accept,Accept,Accept,0.308355230841287
0.505665734082072,0.971018454405291,-0.0376733970783178,-0.363216134852122,0.522017904853436,Accept,"Z1, Z2",0.957072510930449,1.07688690550281,0.11981439457236,1.01004843868178,1.48186340233029,69.1646008043664,-0.0376733970783178,-0.282182948085418,0.222151104666033,Accept,1.07804719353634,0.12097468260589,0.939580306626411,1.25161742105497,65.0408555748415,Accept,Accept,Accept,Accept,0.735903070657732
-0.155045754134162,0.827700024577891,0.0737143934335394,0.146567408695481,0.810990697708369,Reject,"Z1, Z2, Z4",1.53435945866432,1.39685666280806,-0.137502795856262,0.88660245314226,1.15429079984009,60.7734516352078,0.0737143934335394,-0.201183801993321,0.351581646013241,Accept,1.39725779729929,-0.13710166136503,0.835341593504521,1.16605386586156,72.1938744019628,Reject,Accept,Accept,Accept,0.944712478381594
0.997801396581438,1.23513539836576,-0.0395827403964965,-1.33540122068619,0.583177140707552,Accept,Z2,1.1253295288251,1.49267336336587,0.367343834540775,0.894848099736016,1.39400234831639,84.4938297771922,-0.0395827403964965,-0.386369181974699,0.292370456542508,Accept,1.49404210948012,0.36871258065502,0.830796805456567,1.00797336786567,81.5029307162372,Accept,Accept,Accept,Accept,0.313789477728396
-0.0959831854881562,0.749313173449556,0.379169559755918,0.0880987433527119,0.710574916486209,Reject,"Z1, Z2, Z4",1.52640146889462,1.3891967678455,-0.137204701049126,0.698035417656997,0.774878060281832,48.1044983818227,0.379169559755918,0.106778455269057,0.661767646882439,Reject,1.392182890331,-0.134218578563623,0.755150898743943,0.864978445216563,63.0043513270855,Reject,Accept,Accept,Accept,0.471665700838673
1.18273241850365,1.25743290520615,-0.351904318511505,-1.37587929109699,0.279735513018655,Accept,Z2,1.26831636501328,1.11164852366831,-0.15666784134497,0.859530098471979,1.43732162412263,72.7907804055585,-0.351904318511505,-0.740899524023514,0.039687210469837,Accept,1.11224358686917,-0.15607277814411,0.897703952206141,1.32773810550104,81.5083224440038,Accept,Accept,Accept,Accept,1.39814046775361
0.504706300193181,0.802744356827367,0.191826273816552,-0.351354391437305,0.589950816665384,Accept,Z2,1.26628374642063,1.39181108069293,0.125527334272301,0.816580665678137,1.09434855860668,65.3011061744488,0.191826273816552,-0.116946742877692,0.494497127849292,Accept,1.39131497826583,0.125031231845202,0.791062127724355,0.98580250842382,66.1923696102589,Accept,Accept,Accept,Reject,1.35786747131934
0.86099898471853,0.977586470301835,-0.0430105776266909,-0.3402226442134,0.438164624310478,Accept,Z2,1.04926726075875,0.879770843810469,-0.169496416948277,0.846903728029808,0.997027472408311,63.7479732247604,-0.0430105776266909,-0.341962291285395,0.243421323835775,Accept,0.883075062988861,-0.166192197769885,0.800356365282679,0.849085655257317,76.2142704108764,Accept,Accept,Accept,Accept,0.757297752110811
0.0515860625168213,0.76536545563222,0.133540250263356,-0.45421379121658,0.883732905787103,Accept,"Z1, Z2",1.34044440769858,1.5279781774378,0.187533769739216,0.699800163065838,0.751345686126077,68.5117502762637,0.133540250263356,-0.317814919027492,0.582986493045745,Accept,1.52882968522359,0.188385277525008,0.744235190144155,0.78789076388985,72.6881708763496,Accept,Reject,Accept,Reject,1.46740378073544
-0.0914215988026734,0.748278101405317,0.114376193781304,-0.40313886901842,1.06972946309857,Accept,Z2,1.17072190213527,1.30613415198236,0.135412249847091,0.918148340791441,1.23957135347242,80.419384231394,0.114376193781304,-0.150962083044243,0.40391570374112,Accept,1.30754365553848,0.136821753403208,0.801677986274708,1.04494683607051,70.3767362820982,Accept,Accept,Accept,Accept,1.31424219725874
0.660633992445648,1.14091663723945,-0.0288763620229462,-0.603494942399642,0.160482954319026,Accept,"Z1, Z2, Z4",1.54837639030709,1.44516616101186,-0.103210229295225,1.10001486949917,1.60488306175784,47.5684888507629,-0.0288763620229462,-0.324191115882948,0.255687130659281,Accept,1.44728374711676,-0.101092643190329,1.07122249647758,1.52515181989641,58.8117397036231,Reject,Reject,Accept,Accept,0.905527303481199
N/A,N/A,N/A,N/A,N/A,N/A,N/A,N/A,N/A,N/A,N/A,N/A,N/A,N/A,N/A,N/A,N/A,N/A,N/A,N/A,N/A,N/A,N/A,N/A,N/A,N/A,N/A
-0.0439077335450233,0.811570362031556,0.0460289314554043,-0.388205595041556,1.088936065857,Accept,Z2,1.41434851855269,1.2725075440997,-0.141840974452986,0.988182666609102,1.47784952685475,65.3325245279109,0.0460289314554043,-0.276295324105844,0.366077849677498,Accept,1.2729857664665,-0.141362752086191,0.876585281957445,1.21108813217016,57.8495834205916,Accept,Reject,Accept,Accept,0.732420892711615
0.433326081944109,1.01940561184072,-0.186879409108242,-0.337354098220009,0.486477047724086,Accept,"Z1, Z2, Z4",0.719229249902937,0.855560204182318,0.136330954279381,0.821106822440902,0.941691058800026,55.3313772074809,-0.186879409108242,-0.476036617704658,0.0892446370919765,Accept,0.853638896870562,0.134409646967625,0.807552756538591,0.924111150324835,69.9435678992024,Accept,Accept,Accept,Accept,0.962467714654119
-0.553994204945398,0.675956404160138,0.260789439044361,-0.220131095882115,1.56659290827335,Accept,Z2,1.97942031654262,1.57198302290166,-0.407437293640961,1.01624451222543,1.4694728570956,60.3975797491901,0.260789439044361,-0.0100493324708981,0.565378408658101,Accept,1.57194180536907,-0.407478511173549,0.818565770408859,1.00941363752308,54.8531190623988,Accept,Reject,Accept,Accept,0.924629368092823
0.74246603826924,0.987645008840144,-0.115815780202842,-0.50142544092702,0.22168525089545,Accept,"Z1, Z2, Z4",1.36691193473114,1.48122607084239,0.11431413611125,1.10893853602451,1.89212028972869,58.2608534962734,-0.115815780202842,-0.316346041681199,0.113507285470452,Accept,1.48233748964124,0.115425554910099,0.887717528323164,1.35460122741649,67.9256448901579,Accept,Accept,Accept,Accept,1.45181164478069
1.03228760654398,1.01777462691264,0.0157806779418255,-0.605346381663148,0.376924395687784,Accept,Z2,1.12107331552788,1.28381403660215,0.162740721074268,1.03652699144706,1.53741595776015,72.3658886802381,0.0157806779418255,-0.246767381594921,0.27900414329231,Accept,1.28275607033081,0.161682754802935,0.753079020682811,0.871629458836112,71.5329675231804,Accept,Accept,Accept,Accept,0.901692367768656
0.348459770394247,0.865461978600671,0.160745317698412,-0.440718442024504,0.77485440982412,Accept,Z2,1.06114029817757,1.29440254159952,0.233262243421954,0.832300529661546,0.988889768393393,70.4443798379452,0.160745317698412,-0.119504265156113,0.436110106547096,Accept,1.29277516072482,0.231634862547254,0.788987156921942,0.917300812689105,65.5952537562347,Accept,Accept,Accept,Accept,1.059629115455
0.344987396270108,0.896025293030952,0.179268101110033,-0.791133634465606,0.935258665774644,Accept,Z2,1.51994856405435,1.49207017217844,-0.0278783918759147,1.11850837273248,1.87749569140588,65.8654253388203,0.179268101110033,-0.16310565809523,0.529605021303984,Accept,1.49225861256609,-0.0276899514882611,0.926510782932444,1.33869649557269,55.383161410267,Accept,Accept,Accept,Accept,0.968328080637376
0.225087734365909,0.951003649561936,0.0835264741194837,-0.465433164193237,0.702693244419758,Accept,"Z2, Z4",1.25771544436215,1.138441143214,-0.119274301148153,0.755631080182194,0.925727132581543,51.4720143491814,0.0835264741194837,-0.296501295999672,0.449263090964946,Accept,1.13858731839816,-0.119128125963992,0.757268146475976,0.834451790122334,63.3505451929544,Accept,Accept,Accept,Accept,0.291984784093291
0.306742698826059,0.825289695092609,0.196284144026693,-0.128980199889209,0.639574054331884,Accept,"Z2, Z4",1.43916424004617,1.46268490787579,0.023520667829624,1.14196920895931,2.28689150003815,69.61399861917,0.196284144026693,-0.110359700561779,0.511514852913443,Accept,1.46680292602694,0.0276386859807736,0.9722209007274,1.72942412593194,84.8266625040637,Accept,Accept,Accept,Accept,1.00539059232825
-0.0819511713650438,0.876068296997674,0.321979722967527,-0.444913890179679,0.72818944610244,Accept,"Z2, Z4",1.54335619799202,1.46168572869295,-0.0816704692990678,0.889365930021283,1.13753134579558,58.1848194381733,0.321979722967527,0.0777638052319953,0.589436565464684,Reject,1.46199085391982,-0.0813653440721949,0.799632370823416,1.0117291673217,57.3686865666517,Accept,Accept,Accept,Accept,0.562197679965023
0.604748345225397,0.861519997086506,0.0619497795474136,-0.490255964332387,0.59189008946924,Accept,Z2,1.50405057462729,1.1683791945973,-0.335671380029995,1.10760015249754,1.94085014189533,78.0748004880146,0.0619497795474136,-0.186030050130749,0.320472102084392,Accept,1.16700433494217,-0.337046239685118,0.904545432471118,1.20776092786297,76.4559201639117,Accept,Accept,Accept,Reject,1.70691630245353
0.478219224671469,0.992689067514314,0.146403834668324,-0.713859636027744,0.812565944378749,Accept,Z2,1.19724140053803,1.45117588558131,0.253934485043285,1.29843620104695,2.5719644042873,80.5292675953474,0.146403834668324,-0.169997510615142,0.455976341070908,Accept,1.44934201081432,0.252100610276291,1.06876784713636,1.57597837434458,71.4148522682354,Accept,Accept,Accept,Accept,1.18360387598216
0.420237951763916,1.04342613900019,-0.123023886924081,-0.425611043211861,0.315921962208094,Accept,"Z1, Z2, Z4",1.18125244385042,1.33596219703375,0.154709753183326,0.738612008083692,0.985173971425465,56.8098277154704,-0.123023886924081,-0.401236541040191,0.174927253058423,Accept,1.3361791107477,0.154926666897278,0.767651756575048,1.16745938421936,70.5184783926081,Accept,Accept,Accept,Accept,1.27128072063466
0.350574725319185,0.953213914497946,0.402879629961212,-1.00575060514278,1.04403216509536,Accept,Z2,1.29661091356721,1.32900872704478,0.0323978134775682,0.94066266625299,1.49790175860606,75.2001583383826,0.402879629961212,0.0145221323850299,0.832010562519429,Reject,1.32972843345538,0.033117519888169,0.909141487655111,1.23930417204346,81.3178352186531,Accept,Accept,Accept,Accept,1.2428464772177
N/A,N/A,N/A,N/A,N/A,N/A,N/A,N/A,N/A,N/A,N/A,N/A,N/A,N/A,N/A,N/A,N/A,N/A,N/A,N/A,N/A,N/A,N/A,N/A,N/A,N/A,N/A
N/A,N/A,N/A,N/A,N/A,N/A,N/A,N/A,N/A,N/A,N/A,N/A,N/A,N/A,N/A,N/A,N/A,N/A,N/A,N/A,N/A,N/A,N/A,N/A,N/A,N/A,N/A
0.34372805165763,0.81690703393248,-0.048906310550887,-0.507003607238841,0.711774123991977,Accept,"Z2, Z4",1.32426998737885,1.19874829870654,-0.125521688672314,1.02847286238133,1.62984031384912,62.9501405700281,-0.048906310550887,-0.445867743314532,0.346284620666468,Accept,1.19833291308828,-0.125937074290574,0.833270590960419,1.16683669482401,70.3732595473135,Accept,Accept,Accept,Accept,0.568490551037202
0.449034280407222,0.976002742080144,0.0854115478821086,-0.264391547965396,0.406506791811967,Accept,"Z1, Z2, Z4",1.74514853338183,1.23172702818091,-0.513421505200916,0.954363954543511,1.28954628316832,57.6333265209687,0.0854115478821086,-0.192307211211523,0.371534039175335,Accept,1.23242665265338,-0.512721880728449,0.914959359983886,1.14535193656509,71.2098609784679,Accept,Accept,Accept,Accept,0.612471243039637
0.633564992765255,1.00976535520281,0.0860665170362383,-0.298334364606763,0.465241500849698,Accept,"Z1, Z2, Z4",1.1674110358991,1.17099845528738,0.00358741938827995,0.883056774158839,1.24322501183768,65.3027928191692,0.0860665170362383,-0.241158877302327,0.407047689413537,Accept,1.17123521449656,0.00382417859745679,0.846426951548438,1.11079679037598,80.7291252094902,Accept,Accept,Accept,Accept,0.502728500667258
0.70297890702821,0.927008980152171,0.123508473038993,-0.416659797215789,0.355997510395696,Accept,"Z1, Z2, Z4",1.18981915950979,1.3340783189803,0.144259159470512,0.852321008020215,1.16235079290118,56.1138803498422,0.123508473038993,-0.183083741684054,0.413047468034387,Accept,1.3332053666983,0.143386207188512,0.628997684019846,0.800564966542196,53.7416984249917,Accept,Accept,Accept,Accept,0.534437548569215
0.799071399753948,0.818784058579136,-0.0114874951141556,-0.750085689310144,0.785081161413488,Accept,Z2,1.30779780278842,1.32545180344165,0.0176540006532351,0.733311651919492,0.85960403459964,75.4468880827699,-0.0114874951141556,-0.351427000163387,0.334325639672004,Accept,1.32618156810985,0.0183837653214321,0.808851733121623,0.965345911862783,85.6112401823745,Accept,Accept,Accept,Accept,1.0249582702544
N/A,N/A,N/A,N/A,N/A,N/A,N/A,N/A,N/A,N/A,N/A,N/A,N/A,N/A,N/A,N/A,N/A,N/A,N/A,N/A,N/A,N/A,N/A,N/A,N/A,N/A,N/A
0.38118842162531,0.867525155344745,-0.045057181246858,-0.206093342941255,0.400323799526791,Accept,"Z1, Z2, Z4",1.65243862772116,1.47854083851308,-0.173897789208084,0.79179272400834,0.996318000481812,54.9685180759297,-0.045057181246858,-0.252232978754042,0.144888317930332,Accept,1.47837027550177,-0.174068352219384,0.730156521811404,0.899144792725918,52.5041355280858,Accept,Accept,Accept,Accept,0.700978536412033
0.744914285284729,1.06292728413038,0.0577232732058354,-0.563432577469656,0.124273081251198,Accept,"Z1, Z2, Z4",1.55696437935601,1.26965862992239,-0.287305749433613,1.03051571772965,1.49563932699871,50.3841237531214,0.0577232732058354,-0.234917064721092,0.353663961521415,Accept,1.27038815501917,-0.286576224336837,0.893108577686083,1.27661392893929,54.799485153383,Accept,Accept,Accept,Accept,0.53660222171502
0.603364129249607,1.01942539257104,-0.0296212471710383,-0.615411656520632,0.26408063534522,Accept,"Z1, X4",0.883502453853054,0.93023778043922,0.0467353265861664,1.0220153431027,1.78893844126465,54.0516337866726,-0.0296212471710383,-0.337683922422321,0.29411562366019,Accept,0.928292485428162,0.0447900315751078,0.93126716629844,1.51542449843694,67.8110051940824,Accept,Accept,Accept,Accept,0.606308859191552
0.291931443300046,0.831961330337454,0.179658779140828,-0.034056473024876,0.782692995007438,Accept,Z2,0.959036135551259,0.903675789631862,-0.0553603459193976,0.822822203371837,1.25229438888778,64.2858007160525,0.179658779140828,-0.0504159833616236,0.401165730876354,Accept,0.904084173490923,-0.0549519620603365,0.860315211092361,1.30333290364788,67.5812405818883,Accept,Reject,Accept,Accept,1.04095332980866
0.657323498389307,0.885330022456537,-0.0843085644267818,-0.214034339975591,0.369581369272976,Accept,"Z1, Z2, Z4",1.22515454656263,1.24554999131082,0.0203954447481883,0.922574863997758,1.20789880961555,52.4490271703151,-0.0843085644267818,-0.313656806797083,0.159995110593961,Accept,1.24610865964662,0.0209541130839839,0.726089611394087,0.785371937117958,45.544918679701,Accept,Accept,Accept,Accept,0.983322129939936
0.333995647664174,0.851602715083156,0.0452863504453288,-0.237719702451751,0.471309119721395,Accept,"Z1, Z2, Z4",1.6140504455336,1.4906287863012,-0.123421659232395,0.690015466102266,1.01046591803086,53.0386735408892,0.0452863504453288,-0.228965613180486,0.297840865176252,Accept,1.48983467637073,-0.124215769162869,0.794709288083795,1.23053226275186,66.207592484025,Accept,Accept,Accept,Accept,0.455640963682408
0.747439255377828,1.02586126247497,-0.197718010973428,-0.798085630491389,0.44639350349159,Accept,"Z1, Z2",1.15108585327794,1.36888995598949,0.217804102711543,0.85541137196207,1.23033787261567,68.6082127294336,-0.197718010973428,-0.570403919035161,0.131949546856893,Accept,1.36827327742359,0.217187424145646,0.847201662957321,1.15328512855389,72.6257892929372,Accept,Accept,Accept,Accept,1.04106831895216
-0.201593188618606,0.861695139911029,0.190932457680968,-0.337965510130874,0.734530370341938,Accept,"Z2, Z4",1.13597610135431,1.24654423967963,0.110568138325319,0.917668929434854,1.25606266259735,53.8770083664856,0.190932457680968,-0.166943808428399,0.523137751832281,Accept,1.24404275253474,0.10806665118043,0.937239715357798,1.30802697341114,65.8253546844772,Accept,Accept,Accept,Accept,0.670285394092209
0.602580318741468,0.961405511020379,-0.124519409431022,-0.195393135500729,0.267275608132971,Accept,"Z1, Z2, Z4",1.44278441238975,1.25988308939223,-0.182901322997521,0.99105830697329,1.4491035260606,50.3130093499063,-0.124519409431022,-0.32206483821272,0.0671318910995956,Accept,1.26036526700943,-0.182419145380314,0.956407187294392,1.31711856563848,62.3552008270788,Accept,Accept,Accept,Accept,0.821988176225402
0.101537300637426,0.728514777001628,-0.119294278105665,-0.389257628138718,0.913862549679334,Accept,"Z4, X4",1.27310121797278,1.23672325059486,-0.0363779673779224,0.938157515025977,1.2965569395575,69.3170445017573,-0.119294278105665,-0.543458337752338,0.288222149963218,Accept,1.23592795703056,-0.0371732609422239,0.723482743102367,0.832336903501852,76.7887266153683,Reject,Accept,Accept,Accept,0.416796126805025
0.283803413029853,0.967749808403072,-0.189409318616623,-0.4653133465069,0.520304158115489,Accept,"Z2, Z4",1.67399389405578,1.35256110547418,-0.321432788581601,1.07778903723275,1.75004315532356,64.7218705293847,-0.189409318616623,-0.467098543974913,0.0753899761249563,Accept,1.35111103210082,-0.322882861954967,0.940387020103039,1.40109194892866,63.9518923223442,Accept,Accept,Accept,Accept,1.12481811677418
0.0126287592050173,0.704696973708115,0.205177578301458,0.0460301593060997,0.707899522388083,Reject,"Z1, Z2, Z4",1.20321554766099,1.25683633934763,0.053620791686637,0.746599592705095,1.1236787290282,50.018734473582,0.205177578301458,-0.129871080401945,0.556379791763742,Accept,1.25594127456486,0.0527257269038667,0.834595477361304,1.25705580089779,62.7687236649116,Accept,Accept,Accept,Accept,0.29344550364676
0.254850497274481,1.09186709345397,0.121122922601478,-0.842295372478622,1.06989752540716,Accept,Z2,1.69244748773422,1.32736155668301,-0.365085931051211,0.932724174926963,1.4764821749551,68.6219003939752,0.121122922601478,-0.206355738965402,0.446982358912245,Accept,1.32676553126047,-0.365681956473751,0.829979814157094,1.08273449701754,61.6879482826972,Accept,Accept,Accept,Accept,0.331900475696652
0.137898118330261,0.941320447061502,0.0743948989059585,-0.240136116314883,0.463350227730163,Accept,"Z1, Z2, Z4",1.16270793269898,1.2351448110058,0.0724368783068237,0.762843773481441,1.10107206080065,56.2440631816941,0.0743948989059585,-0.203302881920935,0.372902749938292,Accept,1.23675099781229,0.0740430651133104,0.746247087764995,1.02170636324197,70.7907346571394,Reject,Accept,Accept,Accept,0.502561400463921
0.623917855791134,1.09522116106294,0.0702825734887504,-0.662200829240704,0.290027306080757,Accept,Z2,0.626365095977537,0.820810957736394,0.194445861758857,1.37561724098729,2.43436662945119,72.9644272047641,0.0702825734887504,-0.174307319554294,0.315471150744997,Accept,0.821980043480948,0.195614947503412,1.06607578798203,1.5838053067958,71.3983966004147,Accept,Accept,Accept,Accept,0.905785459095582
N/A,N/A,N/A,N/A,N/A,N/A,N/A,N/A,N/A,N/A,N/A,N/A,N/A,N/A,N/A,N/A,N/A,N/A,N/A,N/A,N/A,N/A,N/A,N/A,N/A,N/A,N/A
0.179910011833563,0.76602835758479,0.373487739753733,-0.0810473619689527,0.829821201354639,Accept,"Z2, Z4",1.12478106537784,1.10300746236491,-0.0217736030129257,0.995739543947911,1.45085840220543,72.1139251028084,0.373487739753733,0.0469778762322562,0.708202400103858,Reject,1.09732823239158,-0.0274528329862542,0.906631350283149,1.21622621909035,85.8575002857123,Reject,Reject,Accept,Accept,1.10212664438169
0.7146976208154,1.01911622296056,0.0786773078197224,-0.316532012628928,0.272608316705649,Accept,"Z1, Z2, Z4",1.57723027506574,1.39188663568093,-0.185343639384808,0.89124854504411,1.12955263180585,55.3706945139699,0.0786773078197224,-0.177453858681641,0.32346976694462,Accept,1.39315095850922,-0.184079316556514,0.815980810521309,0.980392660028474,67.7156659784794,Accept,Accept,Accept,Accept,1.09057909722488
N/A,N/A,N/A,N/A,N/A,N/A,N/A,N/A,N/A,N/A,N/A,N/A,N/A,N/A,N/A,N/A,N/A,N/A,N/A,N/A,N/A,N/A,N/A,N/A,N/A,N/A,N/A
0.650453351884241,1.00397453301781,0.119845569032361,-0.622266716496206,0.478067481544587,Accept,Z2,1.7744033400046,1.57264965590935,-0.201753684095252,1.02979763672557,1.60949811748112,70.0205712882737,0.119845569032361,-0.177025512666596,0.408974702766029,Accept,1.57160880674711,-0.202794533257495,0.866647324158939,1.10352870594962,69.6980506553902,Accept,Accept,Accept,Accept,0.391620334565574
N/A,N/A,N/A,N/A,N/A,N/A,N/A,N/A,N/A,N/A,N/A,N/A,N/A,N/A,N/A,N/A,N/A,N/A,N/A,N/A,N/A,N/A,N/A,N/A,N/A,N/A,N/A
0.612220095659558,1.0901400033823,-0.0589390598847029,-0.995450522882075,0.491219626126507,Accept,Z2,1.23843850894241,1.30355846323506,0.0651199542926522,0.870682204817459,1.36859019189197,75.7546606619403,-0.0589390598847029,-0.401449715382658,0.26711343066286,Accept,1.30273942983552,0.0643009208931127,0.836524568869109,1.16059430595012,74.1276896835382,Accept,Accept,Accept,Accept,0.811435592643495
N/A,N/A,N/A,N/A,N/A,N/A,N/A,N/A,N/A,N/A,N/A,N/A,N/A,N/A,N/A,N/A,N/A,N/A,N/A,N/A,N/A,N/A,N/A,N/A,N/A,N/A,N/A
-0.0480227786826862,0.8293993591285,0.198157523306895,0.0135462816996494,0.547981883074405,Reject,"Z1, Z2, Z4",1.39391327359507,1.51191137209764,0.117998098502567,0.729934500883322,0.792617218737378,39.7093147913325,0.198157523306895,-0.0080327602062035,0.416309947367178,Accept,1.51358038556729,0.119667111972226,0.713721226469374,0.875237613190707,52.2321912405148,Accept,Accept,Accept,Reject,1.4438369650026
1.06602952675327,1.1546152054568,0.396734745068046,-0.984663146984456,0.70292934386155,Accept,Z2,0.981831847449667,1.15619789013279,0.17436604268312,0.859745712995596,1.30492665059407,75.9996669370151,0.396734745068046,0.0336064412647354,0.756910065284408,Reject,1.15525643996769,0.173424592518025,0.862295595545863,1.17283789738481,78.6496676913511,Accept,Accept,Accept,Accept,0.411177798953513
0.670487427999541,1.05421511836888,0.0386547907867898,-0.53066125984877,0.256649419431666,Accept,"Z2, Z4",1.36786232533955,1.36444791920464,-0.00341440613491444,1.07712030632999,1.70945411387582,53.9043431668256,0.0386547907867898,-0.196752630064668,0.274339344820164,Accept,1.3646010435232,-0.00326128181634885,0.95845137253257,1.49080244764298,66.1748506255199,Accept,Accept,Accept,Accept,1.10185213665149
0.156309438857837,0.955399974833261,-0.0265367413325319,-0.218179555938632,0.398487759737091,Accept,"Z1, Z2, Z4",1.32050141768252,1.30875055608272,-0.0117508615997963,1.04250940223955,1.47647546475908,33.6563686448767,-0.0265367413325319,-0.2453817826149,0.182233034419356,Accept,1.31055991766054,-0.00994150002197957,1.01408536044705,1.41038905265751,38.6905707927349,Accept,Accept,Accept,Accept,0.402104916701936
0.554456566260992,0.93773562473336,0.0401500156240916,-0.339333148997369,0.529749310754072,Accept,"Z2, Z4",1.27276359885535,1.33850558408704,0.0657419852316934,0.9362939969067,1.24648185771824,64.1716456296622,0.0401500156240916,-0.310346123458278,0.376244994338732,Accept,1.33900973383315,0.066246134977799,0.90749384585661,1.25455828162743,76.1318254350611,Accept,Accept,Accept,Accept,0.376195688842541
0.691807806249527,0.908807492312531,0.190031406317776,-0.443829101688343,0.480909872539214,Accept,"Z2, Z4",0.967064405988441,1.32564416799114,0.358579762002703,1.0602453946524,1.78168166049961,63.0110300070085,0.190031406317776,-0.0966475717524065,0.474710150507387,Accept,1.32720051819529,0.360136112206849,0.938227817298312,1.35767017448087,63.8212370482921,Accept,Accept,Accept,Accept,1.2923992246964
0.175358423197714,0.958060018815603,-0.167475865347781,-0.929948795683076,0.865538439442145,Accept,X1,1.4513701902044,1.59107332225832,0.139703132053918,1.20874552101721,2.19554109453393,71.0717739971678,-0.167475865347781,-0.543909402644445,0.183959571596804,Accept,1.58904509978185,0.137674909577448,1.00597538258636,1.47088260594457,75.3370719146329,Reject,Accept,Accept,Accept,1.35955991392577
0.273855227213422,0.916738316965774,0.171881520097329,-0.420174080010668,1.04356426458949,Accept,Z2,0.696161827404819,1.06372476154153,0.367562934136707,1.01844627661151,1.31141026096717,76.9517114163289,0.171881520097329,-0.194400377675828,0.526516176626628,Accept,1.06165375346653,0.365491926061707,0.941462286085951,1.26086400267148,82.8122015887326,Accept,Accept,Accept,Accept,0.69239868993327
0.466720075654,0.968242977757885,-0.00228635677911934,-0.282739778965566,0.295366081662289,Accept,"Z1, Z2, Z4",1.53649462073062,1.37435827774183,-0.162136342988794,0.898454248922175,1.2448694217671,44.7048599839007,-0.00228635677911934,-0.222099447204416,0.23780510410738,Accept,1.37278591830551,-0.163708702425113,0.90923866779511,1.25113586110329,50.1893050671556,Accept,Accept,Accept,Accept,1.4263895451435
0.231152573535566,0.98224436766042,0.173792488843206,-0.550920206613332,0.424350961150123,Accept,"Z1, Z2",1.27036947013555,1.44217540250379,0.171805932368239,0.916203357153124,1.42387145370806,48.854402502474,0.173792488843206,-0.13486772885593,0.496959780768267,Accept,1.44488229208376,0.174512821948209,0.890417960049447,1.28981852814635,55.7757662808214,Accept,Accept,Accept,Accept,1.06496671699007
0.151127645641004,0.977756543861039,0.134820628921817,-0.959025248468649,1.04360812985167,Accept,Z2,1.44847370621269,1.36810078612961,-0.0803729200830777,0.85689031839034,1.16978619114164,64.9001311064969,0.134820628921817,-0.13970159899571,0.42235900573693,Accept,1.36800435493246,-0.0804693512802304,0.867656383719448,1.14531941148447,50.4203274374649,Accept,Accept,Accept,Accept,0.508723784919939
N/A,N/A,N/A,N/A,N/A,N/A,N/A,N/A,N/A,N/A,N/A,N/A,N/A,N/A,N/A,N/A,N/A,N/A,N/A,N/A,N/A,N/A,N/A,N/A,N/A,N/A,N/A
N/A,N/A,N/A,N/A,N/A,N/A,N/A,N/A,N/A,N/A,N/A,N/A,N/A,N/A,N/A,N/A,N/A,N/A,N/A,N/A,N/A,N/A,N/A,N/A,N/A,N/A,N/A
0.424380508803939,1.08498729529106,-0.0770055519052868,-0.602471327719805,0.30894424855566,Accept,"Z2, Z4",0.748048725871606,1.02610747800742,0.278058752135812,0.895913105299146,1.24477184222709,58.3781362779044,-0.0770055519052868,-0.401409506023945,0.237902035474927,Accept,1.0263940751711,0.278345349299499,0.875637461540756,1.09793637314145,66.7132567667723,Accept,Accept,Accept,Reject,1.70505530555412
0.227783718180409,0.844920695249389,0.400747256980643,-0.406587022939042,1.52530814300796,Accept,Z2,0.607138449267177,0.993480580236427,0.38634213096925,1.01313396289665,1.51303774874195,78.8412605446341,0.400747256980643,-0.0288662359168042,0.819685343256798,Accept,0.995247412987268,0.388108963720092,0.858346231120035,1.25784289227993,85.6603512258136,Accept,Accept,Accept,Accept,0.408128170880521
0.508636121813417,0.98652453767022,-0.00222507456888496,-0.366831622592147,0.357928201400148,Accept,"Z1, Z2, Z4",1.3949227262705,1.46256588176411,0.0676431554936122,0.830697311677865,1.12254881486766,51.4216660973446,-0.00222507456888496,-0.248211635775333,0.229485567395399,Accept,1.46326624330288,0.0683435170323804,0.874542195414923,1.22482752828032,56.2282632501747,Reject,Accept,Accept,Reject,1.52651988343812
1.15656903149419,0.556284503730156,0.091742593056895,-0.241810549687181,0.786723858602226,Accept,Z2,1.37692125115943,1.16809244502414,-0.208828806135282,0.983575317806158,1.33474262535547,82.423944137186,0.091742593056895,-0.264780630227086,0.440177057736097,Accept,1.16540558718555,-0.211515663973875,0.781275129979028,0.878759061063398,94.0377725054437,Accept,Accept,Accept,Accept,0.347499111012016
0.551582705881035,1.02610271713512,-0.0632366860977489,-0.451398483732367,0.335820863030874,Accept,"Z2, Z4",1.3992116370555,1.56908592792664,0.169874290871141,0.780262274094074,1.05651128897157,63.1766889136203,-0.0632366860977489,-0.2440990918115,0.12340086208115,Accept,1.56895251866251,0.169740881607011,0.777782047161749,0.797568967241707,47.9074755559199,Accept,Accept,Accept,Accept,0.185655012125414
0.190459451954755,0.92433052990196,-0.0349597089505533,-0.197571498375726,0.40993238101473,Accept,"Z1, Z2, Z4",1.26997754693047,1.38903719226048,0.119059645330009,0.863416309522739,1.07443466231277,48.1987005197418,-0.0349597089505533,-0.254366556581043,0.192658797176429,Accept,1.38917268786202,0.119195140931549,0.775461265513497,0.87852557029524,56.2278935346395,Accept,Accept,Accept,Reject,1.77718906851381
0.930202458375142,1.0986943076593,0.0179556954105966,-0.727140619085502,0.237003899767516,Accept,"Z2, Z4",0.952726936987097,1.15898174402423,0.206254807037134,0.952470952372943,1.45640554301461,67.4519082098281,0.0179556954105966,-0.269006654323244,0.316727180503424,Accept,1.15937967300455,0.20665273601745,0.741289845103142,1.0564212534256,69.1241942436882,Reject,Accept,Accept,Accept,0.657705268436566
1.16299968920364,1.23388547242644,-0.00377157793008042,-1.19319173248526,0.42644393165019,Accept,Z2,1.27306883802138,1.18746187186906,-0.0856069661523255,0.943399903831654,1.72191055417597,75.5324518168929,-0.00377157793008042,-0.345245065304977,0.341556616878789,Accept,1.18358252770422,-0.0894863103171657,0.721461547853531,0.918566627002993,64.8882698145902,Accept,Accept,Accept,Accept,1.20314836503095
0.581905548107893,0.868065715976833,-0.232607538526855,-0.255954236675723,0.511452631445778,Accept,"Z2, Z4",1.22889033988924,1.32072974411356,0.0918394042243113,0.839851177741835,1.14659097505092,57.7278588753264,-0.232607538526855,-0.457298713261859,-0.0151728902920944,Reject,1.32335221742092,0.0944618775316736,0.76779041627187,0.922288887051104,66.5596339194156,Accept,Accept,Accept,Accept,1.03689563151849
-0.140216401489985,0.792857207544124,0.271110298132444,0.0515864971963132,0.828531629677959,Reject,"Z1, Z2, Z4",1.2026833948752,1.31061578782582,0.107932392950619,0.814592331912106,1.12619099483483,56.1578765528204,0.271110298132444,0.0111684541654853,0.522746385891226,Reject,1.3101243675856,0.107440972710398,0.811747421105566,1.04104221115458,61.187944604527,Accept,Accept,Accept,Accept,0.803118116643739
1.06494678072376,0.975466117102319,-0.10325509025768,-0.470489640386718,0.184511655893516,Accept,"Z1, Z2, Z4",1.21374551679541,1.20515637724045,-0.00858913955496034,0.934300265629395,1.35563889822861,64.7808421023025,-0.10325509025768,-0.39997412725871,0.172228276494455,Accept,1.20601772089274,-0.0077277959026683,0.906712295490875,1.24625233592139,76.0223836718745,Reject,Accept,Accept,Accept,1.19069865850309
0.0266360340319541,0.93247270641281,-0.0690650970418153,-0.424310914847058,0.675629066009139,Accept,Z2,1.23318816163071,1.35499709711685,0.121808935486144,0.90029811151084,1.27039817286999,52.465801934718,-0.0690650970418153,-0.435066672328432,0.304657181345659,Accept,1.35541733615043,0.12222917451972,0.802012707370504,0.939524514051102,65.6972539336376,Accept,Accept,Accept,Accept,0.882605337846796
N/A,N/A,N/A,N/A,N/A,N/A,N/A,N/A,N/A,N/A,N/A,N/A,N/A,N/A,N/A,N/A,N/A,N/A,N/A,N/A,N/A,N/A,N/A,N/A,N/A,N/A,N/A
N/A,N/A,N/A,N/A,N/A,N/A,N/A,N/A,N/A,N/A,N/A,N/A,N/A,N/A,N/A,N/A,N/A,N/A,N/A,N/A,N/A,N/A,N/A,N/A,N/A,N/A,N/A
1.2013198844142,1.40156809418486,0.285865799462028,-1.22072438399457,0.534997863418248,Accept,Z2,1.25430285857842,1.22260160530727,-0.0317012532711563,1.07091579212843,1.88254654068144,76.0588176754201,0.285865799462028,-0.131914397573541,0.738556006757644,Accept,1.22526079745276,-0.0290420611256623,1.01230268454855,1.61694525818377,81.2351647515267,Accept,Accept,Accept,Accept,1.01201272503846
0.582585485584037,1.12365353072258,-0.0993165641448107,-0.778800973956517,0.388066219005491,Accept,"Z2, Z4",1.63789689684161,1.48379723062501,-0.154099666216594,0.769944643193793,0.918852764743971,59.0425846894188,-0.0993165641448107,-0.434882580236171,0.235887200826669,Accept,1.48051992473031,-0.157376972111301,0.635692963666229,0.715338127641153,62.8466213361043,Accept,Accept,Accept,Accept,0.759503604021415
0.62619576712579,1.08461612374558,-0.0529750756999955,-0.555455853997998,0.352260686877216,Accept,"Z2, Z4",1.00875008099425,1.06499908758958,0.0562490065953235,0.848597973293902,1.17635371278005,55.5928085216032,-0.0529750756999955,-0.377847032336672,0.257714277842622,Accept,1.06366841360496,0.0549183326107065,0.905700177180704,1.23358321947058,67.6633664142269,Accept,Accept,Accept,Accept,0.481957933730798
0.251565213839396,0.795053644461595,-0.111729548851341,-0.256568937746666,0.939889210302304,Accept,"Z2, Z4",0.946362281173834,1.239559046465,0.293196765291166,1.00677904967504,1.60478880981424,79.5567640507795,-0.111729548851341,-0.429892076600218,0.214031248218354,Accept,1.24125990183632,0.294897620662488,0.921584544508607,1.30128570799934,77.2192716956255,Accept,Accept,Accept,Accept,1.08426855597094
0.345999632074556,0.984138702110765,0.0362267783871073,-0.371204307891315,0.374185018533398,Accept,"Z1, Z2, Z4",1.19681733794021,1.10775881005201,-0.089058527888199,0.775372454726538,0.934261982406263,49.3625512542197,0.0362267783871073,-0.264312420184433,0.328021431393193,Accept,1.10704272076131,-0.0897746171788927,0.724163966300652,0.795878543774177,63.5118883832171,Accept,Accept,Accept,Accept,0.574299746505745
0.447683836969455,0.985706252801133,-0.0516544616473148,-0.243547344095434,0.317630315437326,Accept,"Z1, Z2, Z4",1.23300054226184,1.40613607386365,0.17313553160181,0.821181229571204,1.02033153073883,48.7201899578936,-0.0516544616473148,-0.278908554423352,0.177532975513153,Accept,1.40645539158137,0.173454849319532,0.86919805097696,1.11076049413595,63.8472857322442,Accept,Accept,Accept,Accept,1.38454131632145
0.822833032441841,1.01231487679433,0.0247674564961915,-0.631302900813738,0.330292249299997,Accept,Z2,1.61236335428767,1.39133176964178,-0.221031584645894,0.712176309247852,0.732095157019774,62.5637764030349,0.0247674564961915,-0.229208363294031,0.275258169251458,Accept,1.38934028584664,-0.223023068441034,0.71538965788101,0.705616299110007,50.2264329733116,Accept,Accept,Accept,Accept,0.228563183546455
0.433236913932244,0.941069148588392,0.154775105502627,-0.160739782801374,0.674011779861018,Accept,"Z2, Z4",0.715875515878377,0.84879118908919,0.132915673210813,0.846171414396745,1.29435007653704,60.0055299779857,0.154775105502627,-0.109908749242687,0.413430703372233,Accept,0.849576545240315,0.133701029361938,0.788006656802874,1.14866317715406,63.1074284879855,Accept,Accept,Accept,Accept,1.09438767169099
0.66487079038839,1.01876858803541,-0.0033012185504759,-1.13739740676826,0.752723963324184,Accept,Z2,1.25899306793435,1.45755187725938,0.198558809325033,1.11394672072326,1.78713265970017,73.636488323564,-0.0033012185504759,-0.265730364453261,0.27418649066812,Accept,1.4578170853172,0.198824017382846,0.962924588361309,1.25958689423405,53.8824283484266,Accept,Accept,Accept,Accept,1.10384490703411
-0.0632181336446099,0.569224930913171,0.239328511586305,0.154342443123954,1.08168676734838,Reject,"Z1, Z2",0.874155524851178,1.04641286983154,0.17225734498036,0.822944100509883,1.19216411501897,72.2760213512144,0.239328511586305,-0.0179709784314915,0.515322921417205,Accept,1.04435538956116,0.170199864709979,0.831997890541397,1.26778700096704,76.0126064662585,Reject,Reject,Accept,Accept,0.855996177232234
-0.370901635408801,0.852062757759788,0.15528603170072,-0.324667212353416,0.84731440638977,Accept,Z2,1.36096755369271,1.47169918668096,0.110731632988251,1.16887405757918,2.16164983980071,64.4652884738625,0.15528603170072,-0.115891084096016,0.419433007593413,Accept,1.47164691934316,0.110679365650448,0.970700717145014,1.70481003251406,56.1307429358213,Accept,Reject,Accept,Accept,1.33030440534097
0.580125720806813,0.905583146332464,-0.063762397565385,-0.210479449865974,0.344508269404778,Accept,"Z1, Z2, Z4",1.42252267227609,1.39497663087991,-0.0275460413961793,1.0833548174522,1.6490483441472,57.6830770006181,-0.063762397565385,-0.311655637005705,0.196372172402997,Accept,1.39372475900078,-0.0287979132753112,0.928578045505018,1.32977053769727,71.9695371851466,Accept,Accept,Accept,Accept,0.777559378137735
N/A,N/A,N/A,N/A,N/A,N/A,N/A,N/A,N/A,N/A,N/A,N/A,N/A,N/A,N/A,N/A,N/A,N/A,N/A,N/A,N/A,N/A,N/A,N/A,N/A,N/A,N/A
N/A,N/A,N/A,N/A,N/A,N/A,N/A,N/A,N/A,N/A,N/A,N/A,N/A,N/A,N/A,N/A,N/A,N/A,N/A,N/A,N/A,N/A,N/A,N/A,N/A,N/A,N/A
N/A,N/A,N/A,N/A,N/A,N/A,N/A,N/A,N/A,N/A,N/A,N/A,N/A,N/A,N/A,N/A,N/A,N/A,N/A,N/A,N/A,N/A,N/A,N/A,N/A,N/A,N/A
N/A,N/A,N/A,N/A,N/A,N/A,N/A,N/A,N/A,N/A,N/A,N/A,N/A,N/A,N/A,N/A,N/A,N/A,N/A,N/A,N/A,N/A,N/A,N/A,N/A,N/A,N/A
1.23022582937174,1.15286286847379,-0.260059036912465,-1.26062848401465,0.494244138805254,Accept,Z2,1.20423267436893,1.20745508712846,0.00322241275952689,1.2084439482901,2.09533498096336,86.4591638182175,-0.260059036912465,-0.647294919296743,0.107001552497042,Accept,1.20840362037691,0.00417094600797985,0.971377377062392,1.32492445670921,87.4686575997815,Accept,Accept,Accept,Accept,1.42166083946368
0.745363597975304,0.877832726637973,0.176186604882097,-0.368421935608362,0.50035993556313,Accept,"Z2, Z4",1.33397537910102,1.2499881950503,-0.0839871840507165,0.951022072046552,1.47551198032825,64.1019001495272,0.176186604882097,-0.156325453217725,0.517324383454625,Accept,1.25247102868171,-0.0815043504193097,0.827740622120879,1.07995504951246,76.8263732363137,Reject,Accept,Accept,Accept,0.703165765345967
0.162380603778872,0.992745919371696,0.0603013420600392,-0.273345723171057,0.488646583535667,Accept,"Z1, Z2, Z4",1.52414019664971,1.09393080574717,-0.430209390902546,0.754869737426726,0.880187944853354,45.4354428710014,0.0603013420600392,-0.160711842935311,0.2962809805847,Accept,1.09348393870019,-0.430656257949524,0.764920613685814,0.883929782300122,48.8454419855734,Accept,Accept,Accept,Accept,0.88624420768779
0.994409447571153,1.07830746762118,-0.193856555788173,-0.634128159714825,0.397368294591989,Accept,"Z2, Z4",1.21274164420789,1.21307952535751,0.000337881149619205,1.10018117647807,1.99172672407111,61.8376768289837,-0.193856555788173,-0.663914207844978,0.24351176873662,Accept,1.21289306034238,0.000151416134483429,1.07312098913613,1.89616482862377,71.8248627597536,Accept,Accept,Accept,Accept,0.352073562566275
0.511713149998732,1.05097417569235,-0.0585538074004687,-0.690920339816727,0.848558102333745,Accept,Z2,1.55342549292801,1.59138505112821,0.0379595582002003,1.35292236976298,2.82228396101976,75.5562039201273,-0.0585538074004687,-0.414010720948635,0.273976890173445,Accept,1.59045525001024,0.0370297570822311,1.06555666822907,1.79951510343179,78.5943344701241,Accept,Accept,Accept,Accept,0.584971057469991
0.541384222075415,0.812232882447921,0.0303692914035826,-0.241093812180182,0.55014531931092,Accept,"Z1, Z2",1.11163355829128,1.07891583446467,-0.0327177238266056,0.79263597794425,1.12854250655091,63.4281616697088,0.0303692914035826,-0.266004780259202,0.331535053887678,Accept,1.0782025742128,-0.0334309840784798,0.731772980899569,1.10551877587589,70.9948260025463,Accept,Accept,Accept,Reject,1.44620059781956
-0.108618326112801,0.650613623728607,0.195888826596647,-0.187099281995013,1.02042597691936,Accept,"Z2, Z4",0.981450380494737,1.16994255188677,0.188492171392028,0.735525661964474,1.1973361066311,56.9308003977978,0.195888826596647,-0.223427686497906,0.628383416124431,Accept,1.1713278200495,0.189877439554766,0.739446535489506,0.955139416454754,74.0540436816829,Accept,Accept,Accept,Accept,0.852437949661124
1.31113278556824,1.04227518239512,0.241842492741195,-1.09824190833731,0.250045510196604,Accept,Z2,1.08427866910606,1.35757923663797,0.273300567531907,1.05629381066176,1.594316190882,73.9597191904317,0.241842492741195,-0.216864424386146,0.686859621349877,Accept,1.3606620725447,0.276383403438645,0.979498877034291,1.49457588970496,89.2652684348432,Accept,Accept,Accept,Accept,0.315913317660293
0.798936933051273,0.97470226918085,-0.105210479091096,-0.403406670833401,0.288346675063584,Accept,"Z1, Z2",1.19404477314808,1.17197645285377,-0.0220683202943134,0.750682181968499,0.978372295773759,64.6256796783549,-0.105210479091096,-0.370970506230356,0.16656683209727,Accept,1.17193419986798,-0.0221105732801009,0.869408502218004,1.18374001273319,80.1087852226056,Accept,Accept,Accept,Accept,0.945954972575214
0.4226337858942,0.70041325134525,0.180107353838611,-0.231549300083434,0.974460375088619,Accept,Z2,1.17925966677667,1.40713589391785,0.227876227141171,0.935441749100519,1.451610597716,74.544318319803,0.180107353838611,-0.142720938535174,0.498472726697665,Accept,1.41073920750097,0.231479540724293,0.772563026550177,0.948058278282685,74.4275685434949,Accept,Accept,Accept,Reject,1.54578821861225
0.326386362857555,0.88276434248953,0.0385947114495339,-0.365296753417274,0.774659287007183,Accept,"Z2, Z4",1.69445662919525,1.30455919126849,-0.389897437926756,1.16623867213301,1.94479551841922,74.5102084530356,0.0385947114495339,-0.312440879251833,0.416375990485064,Accept,1.30613827692786,-0.388318352267386,0.942461456794571,1.40112446709815,86.2197584599271,Accept,Accept,Accept,Accept,0.425077822303256
0.506291906924191,0.653809569544016,0.351272882215017,-0.225674964833004,1.16823194403779,Accept,Z2,1.64511127065228,1.45908516714866,-0.186026103503613,1.05331572628315,1.70485483200528,79.828313496314,0.351272882215017,-0.0483335255781441,0.796229669627835,Accept,1.46073770157384,-0.184373569078442,0.828432223215475,1.10041411359027,86.4401159879008,Accept,Accept,Accept,Reject,1.2297483119608
-0.489584196446955,0.702533002224854,0.055595715441075,-0.0771488908608866,1.67977926831352,Accept,Z2,1.46545642182966,1.33204979538358,-0.133406626446078,1.06128327144014,1.60256068376606,83.5197501100468,0.055595715441075,-0.270991999094355,0.390938055409635,Accept,1.32935905128091,-0.136097370548747,0.786838020779791,0.872550717542714,69.5663896625477,Accept,Accept,Accept,Reject,1.48281451770742
0.411423664167515,0.972300269687593,0.130478745491178,-0.363489115401166,0.459041783849316,Accept,"Z1, Z2, Z4",1.51309862100154,1.70793898827717,0.194840367275629,0.908983210139251,1.31012877489615,56.5986056934807,0.130478745491178,-0.197357198391512,0.440545297444566,Accept,1.70601434446757,0.192915723466025,0.943920512090123,1.43202807160691,73.7655897789095,Reject,Accept,Accept,Accept,1.36949239691104
0.112287209292476,0.95717292592759,-0.0213688137085447,-0.292337964557634,0.573125500498735,Accept,Z2,1.32874829539436,1.38624202588893,0.0574937304945703,0.95592264080363,1.28279782462205,62.5266025689912,-0.0213688137085447,-0.204802636564666,0.155623050891103,Accept,1.38676013948572,0.0580118440913621,0.743221731431414,0.780775800297278,48.9066065205084,Accept,Accept,Accept,Accept,0.820438016510278
N/A,N/A,N/A,N/A,N/A,N/A,N/A,N/A,N/A,N/A,N/A,N/A,N/A,N/A,N/A,N/A,N/A,N/A,N/A,N/A,N/A,N/A,N/A,N/A,N/A,N/A,N/A
0.0957075133686082,0.847647412751982,0.249223239878821,-0.428506352525944,0.836792010984795,Accept,"Z1, Z4",1.29184499381998,1.29524103740825,0.00339604358827338,0.932389023716254,1.3840876887973,76.7988760041539,0.249223239878821,-0.0230420070095329,0.517692187545571,Accept,1.29454078926796,0.00269579544797576,0.768649729368116,1.06791472411297,71.9065035268884,Accept,Accept,Accept,Accept,0.539424412606051
N/A,N/A,N/A,N/A,N/A,N/A,N/A,N/A,N/A,N/A,N/A,N/A,N/A,N/A,N/A,N/A,N/A,N/A,N/A,N/A,N/A,N/A,N/A,N/A,N/A,N/A,N/A
0.889293672219128,0.980016444061409,-0.139445767155357,-0.659325224409312,0.433154185993867,Accept,Z2,1.21255381508943,1.007334996715,-0.205218818374429,0.959402763747796,1.40797478133485,68.681088994297,-0.139445767155357,-0.528351194103025,0.258266842276329,Accept,1.00743017558289,-0.205123639506547,0.830909792649799,0.914471273517669,84.7378234923937,Accept,Accept,Accept,Accept,0.618724072305915
0.818840806604814,1.06505484005783,0.0587244136072639,-0.382216789068008,0.238994080814689,Accept,"Z1, Z2, Z4",1.46940300173035,1.27379079476232,-0.195612206968027,0.919512030470628,1.60265833757126,60.2527645758479,0.0587244136072639,-0.196638614329923,0.311217191014405,Accept,1.27429837081904,-0.195104630911311,0.856052710451833,1.24089883850735,68.8420931024099,Accept,Accept,Accept,Accept,1.23745940750839
0.406094129419621,1.07413556763901,0.0678746274634265,-0.618259727161998,0.51315014296822,Accept,"Z2, Z4",1.17660748567391,0.990622058073138,-0.185985427600773,0.926618013068552,1.30935829781298,61.2452772303407,0.0678746274634265,-0.204920222259696,0.347454981699428,Accept,0.990089666754086,-0.186517818919825,0.906609147732202,1.3505776801633,61.5665815688649,Accept,Accept,Accept,Accept,0.783341552680204
-0.404518586354706,0.781737146461818,0.277299208066822,0.088457004176333,0.7401374121185,Reject,"Z2, Z4",1.582398304783,1.52945634887142,-0.052941955911584,1.12232020092652,1.7913715879849,53.6451814950077,0.277299208066822,0.040107008794874,0.507788225256804,Reject,1.53097684237882,-0.0514214624041786,0.94593768290056,1.32547688863919,61.6237356293902,Reject,Accept,Accept,Accept,0.209238107450458
0.32955192606421,0.944645464967172,-0.0358417124879029,-0.396616876227629,0.461828617545849,Accept,Z2,1.07284120569805,1.17701390869832,0.104172703000266,0.887366706085823,1.37030567527404,55.5506634678457,-0.0358417124879029,-0.255654590299672,0.175799134096467,Accept,1.17535108681751,0.102509881119459,0.772706258397048,1.04361822015938,50.5184129435308,Accept,Accept,Accept,Accept,1.07846621985817
0.849871996135568,1.05437905565316,-0.0542034265673526,-0.954407957183018,0.456695153007398,Accept,Z2,0.801794741447437,1.16907374353924,0.367279002091802,1.33704060624038,2.45437497505775,79.0671127865072,-0.0542034265673526,-0.362445421592259,0.250759378218675,Accept,1.16867361256327,0.366878871115832,0.959643499734324,1.34290301759506,69.6702962006969,Accept,Accept,Accept,Accept,1.06411091123109
0.510492676579771,0.982238598972216,0.152931092526835,-0.428321607385785,0.6404759281305,Accept,"Z2, Z4",1.09159162485095,1.08306539135841,-0.0085262334925394,1.03094161872202,1.63748995064021,69.5755333774498,0.152931092526835,-0.108538244070819,0.41680389676594,Accept,1.08017845958696,-0.0114131652639954,0.805812147281105,1.0794171104044,65.4684607971955,Accept,Accept,Accept,Accept,0.651746870403526
-0.824768049959494,0.692270475939213,0.205011397107648,-0.109846046566863,1.71999214412922,Accept,X4,1.37738235917014,1.45043236703743,0.0730500078672867,1.05880205345753,1.80830166159465,74.5971492562613,0.205011397107648,-0.0887221483459915,0.502327872797795,Accept,1.44898748918935,0.0716051300192092,0.778344946185577,1.06621829044801,61.0527885513048,Reject,Reject,Accept,Accept,0.0235982981956184
0.519889547735407,0.944449711764185,0.111631595074791,-0.309835741066089,0.256571935754148,Accept,"Z1, Z2, Z4",1.27319515080256,1.51654139341219,0.243346242609633,0.940009577172626,1.33944415645913,40.0711332628518,0.111631595074791,-0.140084574157799,0.355720405741763,Accept,1.51689888956181,0.243703738759258,0.865899888644195,1.11420955446126,52.6043300891653,Accept,Accept,Accept,Accept,0.733523404649372
0.286647123364161,1.03671727458987,-0.0628501650028976,-0.434536823631986,0.346526343084757,Accept,"Z2, Z4",1.05191707752722,1.14233073779209,0.0904136602648701,0.868590406849979,1.17472543819802,50.229534702734,-0.0628501650028976,-0.249465622285541,0.13347587195075,Accept,1.14107552781372,0.0891584502864923,0.800599171026292,0.968718029933622,39.4224669292195,Accept,Accept,Accept,Accept,0.706427917745512
0.395822199589319,0.929535493312762,-0.0352550460990591,-0.680663407513909,0.771300106816604,Accept,X7,1.30459697817719,1.10263828262304,-0.20195869555415,1.32263611796774,2.36444860668551,79.3081402778091,-0.0352550460990591,-0.345429496239915,0.281818336033043,Accept,1.10162196254093,-0.20297501563626,1.04058935083162,1.54166106909694,77.8551207375614,Reject,Accept,Accept,Accept,1.16400118928387
-0.0322342874556465,0.948676387757615,0.249581857839647,-0.388285859051788,0.553638429812613,Accept,"Z4, X4",1.19762230758696,1.46988933613141,0.272267028544448,0.819478242256258,1.00302532293951,55.8914236104723,0.249581857839647,-0.0855948499215705,0.565623028143252,Accept,1.47090784991256,0.273285542325602,0.790340465471218,0.8650852627036,69.4595741135262,Reject,Accept,Accept,Accept,0.912666970833699
0.999716996141213,1.29614402771514,-0.0781430760487465,-1.10225859492147,-0.0532325154512404,Reject,"Z1, Z2",1.30223660378432,1.1916970282889,-0.110539575495422,0.975193445480352,1.50771352188173,68.7704368361245,-0.0781430760487465,-0.366659748218422,0.207203694169047,Accept,1.1926591838755,-0.109577419908823,0.790562710914283,1.08077065598165,73.5851580064783,Reject,Accept,Accept,Accept,1.31948548691567
0.587573390711703,1.10990627073759,-0.0577555651028519,-0.596512559427956,0.167547415326262,Accept,"Z1, Z2, Z4",0.781844703118601,1.1697768275192,0.387932124400604,0.868548536225179,1.2741807160353,51.3313612268471,-0.0577555651028519,-0.346540495925211,0.222425362136086,Accept,1.16843139600998,0.386586692891376,0.777012444465229,1.00487937047747,60.9473247001283,Accept,Accept,Accept,Accept,1.12890530343461
N/A,N/A,N/A,N/A,N/A,N/A,N/A,N/A,N/A,N/A,N/A,N/A,N/A,N/A,N/A,N/A,N/A,N/A,N/A,N/A,N/A,N/A,N/A,N/A,N/A,N/A,N/A
0.458650719236745,0.979610456581702,0.0242985580356094,-0.63037737164114,0.773692557692871,Accept,X4,1.82336143606374,1.60070973342547,-0.222651702638271,1.03024144776145,1.60865480879079,69.2444352178844,0.0242985580356094,-0.280284939565763,0.340967024397613,Accept,1.60328211084004,-0.220079325223705,0.792139436702091,1.0235917860262,63.1761532455134,Reject,Accept,Accept,Accept,1.07042566957408
0.534937416523828,0.955736881845402,0.246456461049487,-0.328835866796247,0.561217999232035,Accept,"Z1, Z2",1.37525758139569,1.24759588420064,-0.127661697195046,1.21419308063702,2.15290242519481,72.3863892886463,0.246456461049487,-0.0147500420005273,0.525437273040299,Accept,1.24907780602201,-0.126179775373676,0.965541479724088,1.36303784421551,76.0000289878021,Accept,Accept,Accept,Accept,1.0963664211302
0.483904498800467,0.997900072033263,-0.0401881498583159,-0.242432468369873,0.324256846038302,Accept,"Z1, Z2, Z4",1.58256987228264,1.21415088218635,-0.36841899009629,0.79734467527814,1.08039838376177,55.6860916979469,-0.0401881498583159,-0.288909041732174,0.192465273271521,Accept,1.21389401771615,-0.368675854566489,0.799267755543941,1.04745649803658,75.3373329220974,Accept,Accept,Accept,Accept,1.43477640364877
N/A,N/A,N/A,N/A,N/A,N/A,N/A,N/A,N/A,N/A,N/A,N/A,N/A,N/A,N/A,N/A,N/A,N/A,N/A,N/A,N/A,N/A,N/A,N/A,N/A,N/A,N/A
0.935803252735621,1.02515756154329,0.214965292116127,-0.705742952516463,0.680533234929354,Accept,Z2,1.00422800696056,1.0699642075155,0.0657362005549358,1.01675828940012,1.93704843370602,79.9331559817797,0.214965292116127,-0.153681508792899,0.585056625122801,Accept,1.06913992612304,0.0649119191624754,0.922708260258316,1.36329385375757,85.6382231485062,Accept,Accept,Accept,Accept,1.79053470034049
-0.479707230535067,0.737860012547559,0.347745127138706,-0.0758282616056158,0.832620127275313,Accept,"Z2, Z4",1.37699801609468,1.46040922029553,0.0834112042008486,1.13485982586835,1.85994138900027,48.3140296056179,0.347745127138706,0.0783225408249759,0.640934557278289,Reject,1.45993982575491,0.0829418096602353,1.03032032249681,1.63921268835495,54.4543294638829,Accept,Accept,Accept,Accept,0.933400456754188
1.10022595026204,0.965424838785342,-0.239485921543876,-0.561158534761908,0.18853756637998,Accept,"Z1, Z2, Z4",1.42272097543777,1.32225784017891,-0.100463135258867,0.877698792086295,1.24329173481362,69.4756602080141,-0.239485921543876,-0.55908904939342,0.0863945997140479,Accept,1.32059421397951,-0.102126761458267,0.868185376299902,1.18752775224969,78.5657614768739,Accept,Accept,Accept,Accept,1.15993455852622
N/A,N/A,N/A,N/A,N/A,N/A,N/A,N/A,N/A,N/A,N/A,N/A,N/A,N/A,N/A,N/A,N/A,N/A,N/A,N/A,N/A,N/A,N/A,N/A,N/A,N/A,N/A
0.35633098153041,0.771688072249702,0.0481913183278755,-0.145241312399101,0.702777723002938,Accept,"Z1, Z2, Z4",1.26081476780443,1.10309378893558,-0.157720978868849,1.17304361017829,1.74461994775519,64.4874766677548,0.0481913183278755,-0.344662385154307,0.417942554497846,Accept,1.10401310039074,-0.156801667413684,1.03590733490758,1.45250111550348,77.6988390199066,Accept,Accept,Accept,Accept,0.995174975712072
1.0618301491727,1.07441613157902,0.0288500294387993,-0.87355903518239,0.429987752760555,Accept,Z2,1.09144862643511,1.38732488246017,0.295876256025055,1.00876922228709,1.56439436919586,79.6980982183104,0.0288500294387993,-0.297048240692542,0.365941860595652,Accept,1.38988242255176,0.298433796116645,0.88447359281299,1.14691207977505,84.4244778306049,Accept,Accept,Accept,Accept,0.38412584079528
N/A,N/A,N/A,N/A,N/A,N/A,N/A,N/A,N/A,N/A,N/A,N/A,N/A,N/A,N/A,N/A,N/A,N/A,N/A,N/A,N/A,N/A,N/A,N/A,N/A,N/A,N/A
0.421629938563231,0.9845407914785,0.153395228892753,-0.288781439150732,0.385076626065005,Accept,"Z1, Z2, Z4",1.2082605469166,1.39982779182363,0.191567244907031,1.18207377363856,2.04677564401107,52.447046619739,0.153395228892753,-0.165971893013088,0.47406617281894,Accept,1.39937229550075,0.191111748584156,1.05703368759312,1.64097927221052,68.3734967756427,Accept,Accept,Accept,Accept,0.80005489705677
0.253704536684796,0.599554371082408,0.179465952622743,-0.214782496981586,1.02650802844892,Accept,Z2,0.990293941852277,1.16961211537499,0.179318173522714,0.680406189159412,0.761943060539266,64.5336779726471,0.179465952622743,-0.116719854164796,0.456100983042973,Accept,1.1695931375383,0.179299195686025,0.601795090773908,0.619790171730699,62.8866001307592,Accept,Accept,Accept,Accept,0.485938954557791
0.358607869404848,0.926067177809608,-0.0671823323845669,-0.387827908855861,0.517188977649321,Accept,"Z1, Z2",1.46815946122015,1.28877477085613,-0.179384690364017,0.953359601030829,1.20666032724412,61.4678317888933,-0.0671823323845669,-0.339859106202709,0.201011873153186,Accept,1.2898469286427,-0.178312532577446,0.985553679245598,1.40180444368425,62.6744915594604,Accept,Accept,Accept,Accept,0.888433927722806
0.212919869058313,0.894936284689979,0.125674267886446,-0.196511051337328,0.576828273887186,Accept,"Z1, Z2, Z4",1.84288285121466,1.67563198229865,-0.167250868916008,0.797504528107283,0.995079922810665,66.8541897967691,0.125674267886446,-0.190431322143436,0.444921367148802,Accept,1.67527294894077,-0.167609902273895,0.831029792165637,1.03359868466657,79.5999356044827,Accept,Accept,Accept,Accept,0.516427194262523
0.635328682963727,1.13876501738264,0.18150752509119,-0.889519538839257,0.67428639890661,Accept,Z2,1.41705270974316,1.179571373343,-0.237481336400161,1.2092689681955,2.05824166183666,78.3503309942086,0.18150752509119,-0.097624256134321,0.45839132121721,Accept,1.18424667819963,-0.232806031543524,1.11956024377595,1.77684011276129,64.3496251672641,Accept,Accept,Accept,Accept,0.942137573700183
1.04882959576075,1.09846798037088,0.0346273967971632,-0.91608992034052,0.268660249794673,Accept,Z2,1.36386295630212,1.18939984047491,-0.174463115827212,1.08828631872471,1.76506687106458,72.2214996801146,0.0346273967971632,-0.224122670178041,0.287876592079502,Accept,1.18866898255349,-0.175193973748629,1.00999824326667,1.41993357064918,51.9513596518887,Accept,Accept,Accept,Accept,1.07017493764582
0.0313596553608837,0.887670712184321,0.131297781823551,-0.578077410032726,0.83345207475793,Accept,Z2,1.27461641900792,1.27739527316985,0.00277885416193477,0.909613500687377,1.18454226588175,59.5558483166219,0.131297781823551,-0.185651258795124,0.451916099263324,Accept,1.27791012548201,0.00329370647409025,0.711992761573312,0.71326657695786,54.1054930747615,Accept,Accept,Accept,Accept,1.07357948710397
N/A,N/A,N/A,N/A,N/A,N/A,N/A,N/A,N/A,N/A,N/A,N/A,N/A,N/A,N/A,N/A,N/A,N/A,N/A,N/A,N/A,N/A,N/A,N/A,N/A,N/A,N/A
0.359344738084546,0.944429498519491,0.018487942388047,-0.314145501385769,0.390320676711469,Accept,"Z2, Z4",1.3144014127519,1.37384166237146,0.0594402496195548,0.845442978943163,1.07618493937539,51.4506951559963,0.018487942388047,-0.189155164577764,0.228843831629979,Accept,1.37067019954333,0.0562687867914299,0.82078192292553,1.04816995024653,59.670603426899,Accept,Accept,Accept,Accept,1.06217308076435
0.471467289803644,0.949543955313146,0.0179125677800746,-0.202941733999856,0.350722322080616,Accept,"Z1, Z2, Z4",1.40494312242055,1.26323091220228,-0.141712210218276,0.997587747210253,1.55781219570671,46.9026598837051,0.0179125677800746,-0.181079031883244,0.222263107135459,Accept,1.26421284694383,-0.140730275476719,0.959296794835584,1.4270862951221,60.8877903318876,Accept,Accept,Accept,Accept,0.677017343959816
-0.00299969020765679,0.763937381702019,0.154847965757684,-0.450280835995624,1.14336090651838,Accept,X8,0.796673383765242,0.955472868707737,0.158799484942495,1.21926202053331,2.15256942159835,75.8729461373486,0.154847965757684,-0.307145344071587,0.607551508697652,Accept,0.957794860687174,0.161121476921932,1.05606441272348,1.64169345108787,86.0752854133398,Reject,Accept,Accept,Accept,0.156356640503585
0.0708899463635949,0.992260433788431,0.23551171783964,-0.186876710346428,0.608431339699866,Accept,"Z1, Z2, Z4",1.43729551917186,1.31927385276531,-0.118021666406552,0.889797512994066,1.20737256289677,46.497832921534,0.23551171783964,-0.0836459915307819,0.588210059730514,Accept,1.32130814273163,-0.115987376440237,0.981522412423098,1.34867706780764,66.5979334483879,Reject,Reject,Accept,Accept,1.12107765849801
0.116226809532519,0.759485915031915,0.037119413905745,-0.400401367759878,1.19157765346838,Accept,Z2,1.26494086870971,1.24300584002081,-0.0219350286889035,1.02876397060188,1.52839120030555,84.7508782306519,0.037119413905745,-0.238542163493837,0.300708767337088,Accept,1.24383881038821,-0.0211020583215079,0.800519182259862,0.917881376246714,73.1480411436802,Accept,Accept,Accept,Accept,0.935819187030114
N/A,N/A,N/A,N/A,N/A,N/A,N/A,N/A,N/A,N/A,N/A,N/A,N/A,N/A,N/A,N/A,N/A,N/A,N/A,N/A,N/A,N/A,N/A,N/A,N/A,N/A,N/A
0.853176036921786,1.07702145975381,0.0897598882833176,-0.783145753963088,0.484431806581565,Accept,Z2,1.35569575313511,1.43063805910755,0.07494230597244,0.947509358223127,1.47377219038242,67.8156136146148,0.0897598882833176,-0.138605944818182,0.312694246504501,Accept,1.43007920238789,0.0743834492527789,0.798817427255,1.07159397791396,58.1788029731629,Accept,Accept,Accept,Accept,0.927167883849189
N/A,N/A,N/A,N/A,N/A,N/A,N/A,N/A,N/A,N/A,N/A,N/A,N/A,N/A,N/A,N/A,N/A,N/A,N/A,N/A,N/A,N/A,N/A,N/A,N/A,N/A,N/A
0.352239107418651,0.786825763387649,0.0798111162829142,-0.108574646328481,1.05038867121113,Accept,Z2,1.69125774775914,1.66184807564704,-0.0294096721121014,0.994540856835851,1.63639278801734,81.789306486509,0.0798111162829142,-0.283535804993366,0.418545519632194,Accept,1.659557498257,-0.0317002495021439,0.965220049633916,1.29721739884001,91.2352964290344,Accept,Accept,Accept,Reject,1.42527712930397
-0.0553252613935598,0.703585181230192,0.195699049030181,-0.168344493057243,1.32037740786952,Accept,Z2,1.8473578347351,1.61963459401576,-0.227723240719343,0.960497087500796,1.46457699918162,72.7566440712488,0.195699049030181,-0.232020709468848,0.636609207910912,Accept,1.6169819531479,-0.2303758815872,0.955241118265741,1.56855814047395,88.1332717082382,Accept,Accept,Accept,Accept,0.597252340963999
0.863792026973978,1.07950009378939,0.0751912006492658,-0.690802843736909,0.331055536477174,Accept,"Z1, Z2",1.63124995014228,1.29573120114256,-0.335518748999722,1.14502602404174,1.84674969363153,70.9187397014035,0.0751912006492658,-0.195479722534553,0.348964330128394,Accept,1.29877669565489,-0.332473254487391,1.0647654403383,1.6146474683707,81.3393904293558,Accept,Accept,Accept,Accept,1.15408963436165
0.921845439866272,1.18596166566077,-0.0919278534160162,-1.35596661140177,0.358897997318551,Accept,X4,1.46281907991252,1.27703795553969,-0.185781124372837,0.905622737920595,1.66193510109252,70.975290924272,-0.0919278534160162,-0.452748740019866,0.249798189958489,Accept,1.27631892575999,-0.186500154152531,0.696680348741268,0.842284496030218,66.9522535525068,Accept,Accept,Accept,Accept,0.817694372828381
0.338928157481881,0.966178877947672,-0.0532143288278507,-0.541090924409468,0.453212452327637,Accept,"Z2, Z4",1.41526832620521,1.31920766075571,-0.0960606654495052,1.18275002409841,1.83982365667296,56.6702453774251,-0.0532143288278507,-0.283950274719075,0.179487041045798,Accept,1.31869200755383,-0.0965763186513776,0.944370899969525,1.177823103992,49.7708351006286,Accept,Accept,Accept,Accept,0.973626544644678
N/A,N/A,N/A,N/A,N/A,N/A,N/A,N/A,N/A,N/A,N/A,N/A,N/A,N/A,N/A,N/A,N/A,N/A,N/A,N/A,N/A,N/A,N/A,N/A,N/A,N/A,N/A
0.654386173597166,1.03394636766553,-0.159573001210151,-0.579557591107126,0.205444587176356,Accept,"Z1, Z2, Z4",1.17051799005288,1.29341905810027,0.122901068047393,0.861978016307118,1.09765064326523,47.578216535811,-0.159573001210151,-0.49040004680044,0.138877144723207,Accept,1.29223811770468,0.121720127651798,0.829526679548821,1.03547858878114,59.6982012368568,Accept,Accept,Accept,Accept,1.22322512833454
0.405893525874906,0.731017031624237,0.449755574233433,-0.474025627732338,1.19085060398162,Accept,Z2,1.24318903847558,1.23961170064191,-0.00357733783367096,1.03513433772682,1.51141411151096,82.3947840795902,0.449755574233433,0.0551464896252049,0.860077077383614,Reject,1.23852834133306,-0.00466069714251708,0.856867882235761,1.03982897540841,92.1302208112697,Accept,Accept,Accept,Accept,0.699928213572111
N/A,N/A,N/A,N/A,N/A,N/A,N/A,N/A,N/A,N/A,N/A,N/A,N/A,N/A,N/A,N/A,N/A,N/A,N/A,N/A,N/A,N/A,N/A,N/A,N/A,N/A,N/A
N/A,N/A,N/A,N/A,N/A,N/A,N/A,N/A,N/A,N/A,N/A,N/A,N/A,N/A,N/A,N/A,N/A,N/A,N/A,N/A,N/A,N/A,N/A,N/A,N/A,N/A,N/A
0.417928339945132,1.04372157561851,0.17877736165543,-0.49270612598283,0.487544980530262,Accept,"Z1, Z2",0.92317975766736,1.27472263489336,0.351542877225997,1.08679446489225,1.86582040815318,66.5140578040484,0.17877736165543,-0.127828918358491,0.495323727996532,Accept,1.27517522094583,0.351995463278475,0.999871404454114,1.69816801942753,74.7991401633495,Accept,Accept,Accept,Accept,1.25884559884046
0.253006559180794,0.854286871054,0.195404323113412,-0.110817624560579,0.407088900517391,Accept,"Z1, Z2, Z4",1.36265858510422,1.30571438216884,-0.0569442029353826,0.951851002832741,1.21188279080029,47.9099745595018,0.195404323113412,-0.041155561235939,0.419638383685291,Accept,1.30527676427639,-0.0573818208278347,0.866747452714868,1.01138535271744,66.9706196223448,Accept,Accept,Accept,Accept,1.2843951581112
0.431926339496814,1.04806300671703,-0.203334532742044,-0.56515263987494,0.22647667772729,Accept,"Z1, Z2, Z4",0.937072199177647,1.11754641535703,0.180474216179382,0.760601096824704,0.879081957018486,42.4026467095153,-0.203334532742044,-0.523313024805841,0.117323116158953,Accept,1.11620425965965,0.179132060481999,0.773575417735651,0.858380551339327,62.1803294193071,Accept,Accept,Accept,Accept,0.310714412728248
0.621327030462696,0.98203792044227,-0.0963426728211988,-0.887730672505674,0.82273590383789,Accept,Z2,1.25105359564914,1.13294171008562,-0.118111885563521,0.896913537169642,1.34232305980339,77.2523988977722,-0.0963426728211988,-0.361722043484246,0.170606122333728,Accept,1.13234529667038,-0.118708298978766,0.677139161178288,0.761090166928856,59.1734676959549,Accept,Accept,Accept,Accept,0.576486128970854
1.62948446328019,1.31506182422217,-0.170323084991504,-1.06606362568281,-0.0601277579189848,Reject,Z2,1.18560337763931,1.09029708918311,-0.0953062884562027,0.908830819028981,1.28781358763916,73.3369304481216,-0.170323084991504,-0.54264748941153,0.216267513670917,Accept,1.09274056868572,-0.0928628089535937,0.827075209498225,1.06075432458702,75.3263005168972,Reject,Accept,Accept,Accept,0.840402370755424
0.702123922414162,1.0113094528516,-0.0966470984202071,-0.472777875472734,0.158711148308608,Accept,"Z1, Z2, Z4",1.22901492745837,1.27694433314423,0.0479294056858669,0.723020107213648,0.799508997607215,49.2411751794539,-0.0966470984202071,-0.303422499829069,0.111910596809009,Accept,1.27872325013105,0.0497083226726833,0.762944067614647,0.860090602746978,51.2937957278233,Reject,Accept,Accept,Accept,0.924376363631363
0.226905667761027,0.903198862051446,0.24103163065626,-0.0299735810104996,0.394066252909285,Accept,"Z1, Z2, Z4",1.19273318551762,0.954428881831918,-0.238304303685702,0.723665129851721,0.708159615205508,29.624614576018,0.24103163065626,0.0585866060109565,0.416579322309275,Reject,0.956300626656462,-0.236432558861158,0.764988827120131,0.824427986328587,46.8256574195328,Reject,Reject,Reject,Reject,1.43579062804255
0.149912780421687,0.882395889749024,-0.0916473560873452,-0.424329520911684,1.11082696769942,Accept,Z2,1.16516909464852,1.20577674961477,0.0406076549662473,0.86678089480832,1.14402148578155,71.730425152818,-0.0916473560873452,-0.39544944257008,0.204426687681289,Accept,1.2037090264044,0.0385399317558795,0.827837102809016,1.13466366975507,57.4876653437752,Accept,Accept,Accept,Accept,1.04661789927109
0.568326523310998,1.0543744733588,0.169106200923189,-0.544950150441818,0.519744308338428,Accept,Z2,1.48737961796864,1.28687935215671,-0.200500265811927,1.01020340864761,1.55413068897679,65.8825746010943,0.169106200923189,-0.0785125336058637,0.399207118337459,Accept,1.28572478692125,-0.20165483104739,0.982576327767055,1.51881708014969,55.5212155970306,Accept,Reject,Accept,Accept,0.723646222433835
0.278629900986367,0.894006874366755,-0.0385973717410998,-0.563304204844927,0.75547066138211,Accept,Z2,1.46886833069864,1.4372494468053,-0.0316188838933366,0.848620107043294,1.11481968208332,74.4713721955487,-0.0385973717410998,-0.315638099676242,0.239567001060626,Accept,1.43758582660606,-0.0312825040925798,0.759919793111978,0.79756395068328,67.4896081546465,Accept,Accept,Accept,Accept,0.8127072268385
0.633933144594656,1.1564744298027,-0.28443862917791,-0.722042117054218,0.392720061785485,Accept,"Z1, Z2",1.22970359205979,1.09262981182811,-0.137073780231681,1.04313314911884,1.5702318897722,61.5979185083498,-0.28443862917791,-0.621311625925514,0.0788761063153057,Accept,1.09275476700354,-0.136948825056252,0.934710412859076,1.28390496216175,73.1869616740727,Accept,Accept,Accept,Accept,1.10555047941842
1.23336848019951,1.39353568599799,-0.14470094818356,-1.36865814215382,-0.225076967590888,Reject,"Z1, Z2",1.36022679650796,1.2571111138178,-0.103115682690156,0.970333503956215,1.59436644725715,73.6900412561102,-0.14470094818356,-0.536207540500216,0.270006850986551,Accept,1.25705707088343,-0.103169725624529,0.830227711847694,1.1421059450798,82.246588448286,Reject,Accept,Accept,Accept,1.8105060740053
1.32668428233454,1.31788013347196,-0.377627327724865,-0.865982326288244,0.142268038465487,Accept,"Z2, Z4",1.37469132073088,1.37041845638716,-0.00427286434372731,0.859175129922533,1.32794915172073,73.9080613145848,-0.377627327724865,-0.684163045101369,-0.0829854995679142,Reject,1.37330662977285,-0.00138469095803223,0.67774000696403,0.866440132432935,84.4465810586593,Accept,Accept,Accept,Accept,1.08493128411532
0.627991481057539,1.01194404071925,0.26837199474152,-0.613717350495648,0.779482683410144,Accept,Z2,1.55154526697814,1.51605921684294,-0.0354860501352007,1.06575230592117,1.88165569613057,82.7076945351608,0.26837199474152,-0.0797791177616786,0.633048182989194,Accept,1.51519546619374,-0.036349800784394,0.86553476523637,1.21180332057882,82.3077426549246,Accept,Accept,Accept,Reject,1.34388602357473
1.20413040738732,1.46965629414264,-0.375146949780444,-1.01244201560116,0.357152875972127,Accept,"Z2, Z4",1.65684402220645,1.54778638078807,-0.109057641418384,0.887236819878225,1.18973616593672,61.0924203509136,-0.375146949780444,-0.759540522175547,0.041809203756633,Accept,1.54826752160116,-0.108576500605293,0.834843023495762,1.09043105649164,71.7167235236612,Accept,Accept,Accept,Accept,0.639912397299796
0.222290788424935,0.89798035526622,0.0782904816167421,-0.310926571756456,0.51963622770567,Accept,"Z1, Z2, Z4",1.03220626337722,0.983137962366318,-0.0490683010108982,0.877487576139933,1.14981596860396,46.536127910558,0.0782904816167421,-0.19202780347317,0.341457005902045,Accept,0.984193523504357,-0.0480127398728595,0.769381929187017,0.861928893094168,52.3883620584023,Accept,Accept,Accept,Accept,0.615440184106886
N/A,N/A,N/A,N/A,N/A,N/A,N/A,N/A,N/A,N/A,N/A,N/A,N/A,N/A,N/A,N/A,N/A,N/A,N/A,N/A,N/A,N/A,N/A,N/A,N/A,N/A,N/A
1.03326707407528,1.20165287330286,-0.296507454448545,-0.547364759490171,0.0527849357860767,Accept,"Z1, Z2, Z4",0.422610342355081,0.88831635384306,0.465706011487979,1.07224818804643,1.62948708425065,61.7507581434673,-0.296507454448545,-0.58440963610214,-0.0157139996050692,Reject,0.888102007847415,0.465491665492334,0.971566900003232,1.34660750494483,80.0812739226262,Accept,Accept,Accept,Accept,0.661139619217073
0.166046738290075,0.845220318807435,-0.112886019367911,-0.182903879804581,0.588497231325722,Accept,"Z1, Z2, Z4",1.64595004116079,1.63124516425996,-0.0147048769008294,0.94367300459867,1.46968087856203,61.1106889867817,-0.112886019367911,-0.379862227508399,0.1390580972347,Accept,1.63073822271353,-0.0152118184472609,0.912338425539755,1.33687219489518,67.0581752533011,Accept,Accept,Accept,Accept,0.81440602247335
0.336907058178405,0.874918384829061,0.123929648718337,-0.0915237939063701,0.688724469000719,Accept,"Z2, Z4",1.38692055007493,1.4671810567314,0.0802605066564666,1.02748828043491,1.48404932750122,62.2873233810937,0.123929648718337,-0.176492350818071,0.441348572370871,Accept,1.46307077800887,0.0761502279339317,1.04387931628045,1.47981687238948,69.4763141350216,Accept,Accept,Accept,Accept,1.01681689745881
0.661362417901465,1.0421608346751,-0.0951665108604371,-0.471526961514549,0.24111978477864,Accept,"Z1, Z2, Z4",1.30762268231984,1.41417625174309,0.106553569423254,0.999790126893212,1.57288051301595,57.3562272013842,-0.0951665108604371,-0.433711697428917,0.246915671281128,Accept,1.41317175559826,0.105549073278415,0.918660956908406,1.37343212421081,74.1333222468262,Accept,Accept,Accept,Accept,0.992910501823543
0.177323757621216,0.770485989973197,0.0580956086460059,-0.205811385602215,1.12242723182979,Accept,Z2,1.29598119407289,1.19991906166759,-0.0960621324053013,1.09638976980804,2.19973766242544,82.1905427312906,0.0580956086460059,-0.330965108420532,0.459609378524177,Accept,1.19839795985591,-0.0975832342169852,0.821132365879037,1.29121376060245,86.8277375448044,Accept,Accept,Accept,Accept,0.88860518618717
0.383626246130821,0.86773574558196,0.0723611085996836,-0.234984056385542,0.587220050517236,Accept,"Z1, Z2, Z4",1.02824754715001,0.994293292565355,-0.0339542545846567,1.00550733370852,1.59629140386607,58.0668267884322,0.0723611085996836,-0.257156409409756,0.397027566739709,Accept,0.997661685430469,-0.0305858617195429,0.896386141258228,1.27199652446851,76.0383498202634,Accept,Accept,Accept,Accept,0.146200042075219
0.111781035070839,0.756030216337809,0.259447233142449,-0.233533327771162,0.923508365027133,Accept,Z2,1.68086623397222,1.648778715818,-0.0320875181542236,1.02483788579962,1.54951439884997,67.2139419283335,0.259447233142449,-0.073535583765701,0.583184421203118,Accept,1.64982824599808,-0.0310379879741415,0.964563516365152,1.36256536290511,71.4446569389338,Accept,Accept,Accept,Accept,0.789393125176003
N/A,N/A,N/A,N/A,N/A,N/A,N/A,N/A,N/A,N/A,N/A,N/A,N/A,N/A,N/A,N/A,N/A,N/A,N/A,N/A,N/A,N/A,N/A,N/A,N/A,N/A,N/A
0.837140885004691,1.0970718084524,-0.148354401426137,-0.515601437586499,0.161977366342624,Accept,"Z1, Z2, Z4",1.34629915429376,1.33054381823341,-0.0157553360603477,1.21021306375015,1.97255606960492,54.9786047768406,-0.148354401426137,-0.429374023084242,0.13153212344233,Accept,1.33156316135975,-0.0147359929340136,0.999589193531511,1.43182207849046,67.3922243062264,Accept,Accept,Accept,Accept,1.23013569832874
0.489318010740013,1.07330088055177,-0.185072440235294,-0.75345928787811,0.289548870163748,Accept,"Z1, Z2",1.23248807658787,1.39518109712834,0.162693020540469,0.715050739149903,0.723708814769159,60.6409091288191,-0.185072440235294,-0.522195219092198,0.110579982566355,Accept,1.39752924020983,0.165041163621967,0.800083780570181,0.961856137735476,68.3432431932464,Accept,Accept,Accept,Accept,0.566808628049381
0.377127691536853,0.854873923064961,0.285955781853379,-0.63124546753696,1.03361716567206,Accept,Z2,0.910833484952311,1.18278146966608,0.271947984713774,1.15889602273122,1.92494521865249,70.8906456728132,0.285955781853379,-0.0514878504995982,0.606894370496047,Accept,1.18226105937514,0.271427574422825,0.879147929454699,1.18045996806056,75.4540229890108,Accept,Reject,Accept,Accept,1.51713943644693
0.710578838103268,0.886583002442511,0.229634424441335,-0.806418561180729,0.702161890303552,Accept,Z2,0.936065506061345,1.08313429523287,0.147068789171524,1.04411194124951,1.58621441352806,72.6141997799291,0.229634424441335,-0.205377112673375,0.678142331586311,Accept,1.08152863753128,0.145463131469936,0.930647189157388,1.31142992862754,86.9194542856883,Accept,Accept,Accept,Accept,0.589695646300571
-0.1888252189395,0.707409065717388,0.0722687333429743,-0.0644236452020908,1.05168774375795,Accept,Z2,0.846295068910113,1.10117955199324,0.25488448308313,0.923306332262278,1.41378591820647,66.6030845712368,0.0722687333429743,-0.182111101100937,0.347883049158539,Accept,1.10332793844632,0.257032869536203,0.692467505252189,0.752771715237877,60.2907140042153,Accept,Reject,Accept,Accept,1.30386782716561
N/A,N/A,N/A,N/A,N/A,N/A,N/A,N/A,N/A,N/A,N/A,N/A,N/A,N/A,N/A,N/A,N/A,N/A,N/A,N/A,N/A,N/A,N/A,N/A,N/A,N/A,N/A
N/A,N/A,N/A,N/A,N/A,N/A,N/A,N/A,N/A,N/A,N/A,N/A,N/A,N/A,N/A,N/A,N/A,N/A,N/A,N/A,N/A,N/A,N/A,N/A,N/A,N/A,N/A
N/A,N/A,N/A,N/A,N/A,N/A,N/A,N/A,N/A,N/A,N/A,N/A,N/A,N/A,N/A,N/A,N/A,N/A,N/A,N/A,N/A,N/A,N/A,N/A,N/A,N/A,N/A
0.196111436202766,1.02243379953351,0.139113165136425,-0.919081541006462,0.741880858655471,Accept,Z2,1.46656930785094,1.20896957643192,-0.25759973141902,1.04346555594669,1.41022577814996,65.739315243748,0.139113165136425,-0.0637469239248286,0.365648724506378,Accept,1.2082631828938,-0.258306124957145,0.906912652472092,1.27085169670306,37.2858143401021,Accept,Accept,Accept,Accept,0.357526659599173
0.761649540364565,1.01134110354465,-0.162835495273921,-0.620881430126486,0.375699406288604,Accept,"Z2, Z4",1.6793104565994,1.4697804951827,-0.2095299614167,0.919312341276637,1.50268427600009,76.0501653811568,-0.162835495273921,-0.42952444717094,0.0995292630713372,Accept,1.46897332692182,-0.210337129677572,0.763367417012855,0.956043105923014,73.9675004067019,Accept,Accept,Accept,Accept,1.13899673866511
0.480553803702671,0.962624043124479,0.10470002153675,-0.401152592257946,0.427368485566414,Accept,"Z1, Z2",1.41411999234225,1.40430854658356,-0.00981144575868939,0.866708884796689,1.11001430969971,61.5166439400322,0.10470002153675,-0.130058440032043,0.339575089998627,Accept,1.40580384926128,-0.00831614308097088,0.703392245178182,0.802024962231709,58.1951813199321,Accept,Accept,Accept,Accept,1.14425577301756
0.788160615183438,1.06967489976472,-0.0986079980299038,-0.404583034804297,0.261018096062255,Accept,"Z1, Z2, Z4",1.57390327389411,1.3375374278224,-0.23636584607172,1.10775047977933,1.79037633979183,58.652730781391,-0.0986079980299038,-0.286208430802237,0.0741903408925532,Accept,1.3367585272919,-0.237144746602215,0.950949276960897,1.26322449689546,47.5210940263559,Accept,Accept,Accept,Accept,1.32577943618641
0.358607316823835,1.01320949699487,0.0631079621220759,-0.736585223978257,0.570466721895457,Accept,Z2,1.22120936072409,1.43303460636228,0.211825245638189,1.13744742939184,1.74814522774173,67.6489170680902,0.0631079621220759,-0.224083918480113,0.346441423350288,Accept,1.43202717162633,0.210817810902236,0.886692357291472,1.20653987920625,63.9117227502765,Accept,Accept,Accept,Accept,0.664727419842227
0.199441915973884,0.913559071629085,0.326404089350751,-0.282049588465429,0.635840427018727,Accept,Z2,1.47970353181994,1.4977930154409,0.0180894836209604,0.946737184961842,1.31585851482127,60.008838539876,0.326404089350751,0.0604568197570596,0.586501345003694,Reject,1.49694524646833,0.017241714648389,0.88348437881396,1.31667604879021,73.920666625097,Accept,Accept,Accept,Accept,0.376120931065254
0.48886359862746,0.989015901038623,0.00218042698661563,-0.839840407593651,1.00039657017362,Accept,Z2,1.12765041223119,1.57780400923557,0.450153597004377,1.03130440211856,1.61539235415821,73.0180814921643,0.00218042698661563,-0.484958583230464,0.49526767347987,Accept,1.57740755971898,0.449757147487789,0.921449486270113,1.37957520532697,83.8126630392844,Accept,Accept,Accept,Accept,0.980171938762459
0.0590500338746993,0.968236183941186,0.0876634521242041,-0.34570607880624,0.559775358752143,Accept,"Z1, Z2, Z4",1.47687716051303,1.30792157859883,-0.168955581914199,0.871377022471413,1.15190656565324,56.1910335183139,0.0876634521242041,-0.272527668287611,0.454019364244346,Accept,1.30633471108665,-0.170542449426382,0.812550487199336,1.05498803979516,72.4392713858037,Accept,Accept,Accept,Accept,0.777637664478
0.817582812975943,1.07461298878761,0.159296724603282,-0.645257397649791,0.617733499802604,Accept,Z2,1.72314155401182,1.51528755420494,-0.207853999806881,1.06346971055976,1.89121250586356,70.5667527848487,0.159296724603282,-0.177743713133928,0.513657454723271,Accept,1.51530233094236,-0.207839223069461,0.908682456248546,1.22336526337549,70.6621016536062,Accept,Accept,Accept,Accept,0.796062209065803
-0.051850196209985,0.963364305388681,0.0105026206248293,-0.279406330446601,0.431211424100741,Accept,"Z2, Z4",1.18293309344583,1.1850868779421,0.00215378449626685,0.785732661364657,0.945656187345398,43.0839214640682,0.0105026206248293,-0.225035020026436,0.229149691717259,Accept,1.18303283191293,9.97384670989754e-05,0.861981621318988,1.17038745143225,54.3091982888749,Accept,Accept,Accept,Accept,1.07390655126567
0.0361156008975521,0.863778880873356,-0.226300853653397,-0.429875626681911,1.49506995779524,Accept,Z2,1.06605588975887,1.19005262496422,0.12399673520535,0.888979155868267,1.14827206398944,81.216087260197,-0.226300853653397,-0.481246131900343,0.0416009481059141,Accept,1.19226593184992,0.126210042091048,0.747357667190174,0.81974953116203,62.8846544170342,Accept,Accept,Accept,Accept,0.647310167233414
N/A,N/A,N/A,N/A,N/A,N/A,N/A,N/A,N/A,N/A,N/A,N/A,N/A,N/A,N/A,N/A,N/A,N/A,N/A,N/A,N/A,N/A,N/A,N/A,N/A,N/A,N/A
0.272999909329086,0.882956973516696,-0.0767709652198007,-0.232085536325954,0.56500241179489,Accept,"Z1, Z2",1.12504980654965,1.24342840057622,0.118378594026571,1.04192817049617,1.80232532458423,68.4574905445881,-0.0767709652198007,-0.3404893791918,0.172070680393863,Accept,1.24595373315872,0.120903926609072,0.885426591655013,1.3713758797987,77.9859846439513,Accept,Accept,Accept,Accept,1.28847472849184
0.303415391029884,0.928956065658287,0.109073860630175,-0.284120841456624,0.618972711905287,Accept,"Z2, Z4",0.721401676672203,1.2191258663787,0.497724189706493,1.05184558228946,1.78714237754157,56.8380389428557,0.109073860630175,-0.169755619992536,0.413007858416904,Accept,1.22155903226341,0.50015735559121,0.938726227507666,1.60624481087999,64.5750946230942,Reject,Accept,Accept,Accept,1.34412763575109
0.482452750946569,1.01818187307959,-0.089570412421078,-0.503748070894289,0.319042450184153,Accept,"Z2, Z4",1.34463612475798,1.53321587483954,0.18857975008156,0.955695780336092,1.40424539433004,61.1821185508372,-0.089570412421078,-0.293191602145304,0.108879955653244,Accept,1.53452968712056,0.189893562362577,0.804216284147557,1.12025594327821,48.0640082625407,Accept,Accept,Accept,Accept,1.47007326559141
N/A,N/A,N/A,N/A,N/A,N/A,N/A,N/A,N/A,N/A,N/A,N/A,N/A,N/A,N/A,N/A,N/A,N/A,N/A,N/A,N/A,N/A,N/A,N/A,N/A,N/A,N/A
1.9280224779221,1.54064061884267,-0.45786719897378,-1.6179300694792,-0.00951629261831013,Reject,Z2,1.50931265081874,1.45040323158918,-0.0589094192295623,1.046241089184,1.66159746332964,75.3216244263943,-0.45786719897378,-0.734391303657723,-0.173662347338294,Reject,1.45171261490761,-0.0576000359111349,0.973504188622186,1.41044984577769,77.3802459042759,Reject,Reject,Accept,Accept,0.484271935412767
N/A,N/A,N/A,N/A,N/A,N/A,N/A,N/A,N/A,N/A,N/A,N/A,N/A,N/A,N/A,N/A,N/A,N/A,N/A,N/A,N/A,N/A,N/A,N/A,N/A,N/A,N/A
1.30752861463602,1.4458773645533,-0.151324302467215,-1.76492217393708,0.0259358346662896,Accept,X5,1.27078891419393,1.19367416425442,-0.0771147499395188,0.931604521303859,1.37121747930717,69.4785412976723,-0.151324302467215,-0.630939366327048,0.347397110939111,Accept,1.19401782614595,-0.0767710880479893,0.714630028770798,0.824818322741188,73.772922238036,Accept,Accept,Accept,Accept,0.576732825361795
0.52836975839527,0.885218166691412,-0.0695610544066552,-0.154751903575906,0.453277809616733,Accept,"Z1, Z2, Z4",1.58322734351806,1.44798038328038,-0.135246960237681,1.15290015126561,1.80009653086342,61.1915032195397,-0.0695610544066552,-0.335045411989862,0.179735840806247,Accept,1.45092971654314,-0.132297626974927,1.04950122456231,1.52223180497162,63.0989642164559,Accept,Accept,Accept,Accept,0.78115723565741
0.60920611731372,1.15597728171766,-0.0282333802079317,-0.585032996730393,0.226419533321676,Accept,"Z1, Z2, Z4",1.29624703733845,1.37593244700961,0.0796854096711583,0.764518609037143,0.922801151957577,48.942237278797,-0.0282333802079317,-0.32758876124602,0.274922371583534,Accept,1.37465438477364,0.0784073474351883,0.713078412936558,0.862056443720789,61.9438661983372,Accept,Accept,Accept,Accept,0.0803887875141831
-0.25913401505234,0.832024903743853,0.29019837333644,0.0307285671146437,0.839590696476644,Reject,"Z1, Z2, Z4",1.58336052693066,1.29474293043236,-0.288617596498307,0.90820194443212,1.22029114163964,48.932271951733,0.29019837333644,-0.0689641585113712,0.6577625676449,Accept,1.29498492586228,-0.288375601068378,0.862644083563399,1.11896268765223,67.4502843167086,Reject,Accept,Accept,Accept,0.791002549967512
0.386078215212232,1.00855578720418,-0.274024841347362,-0.570576925119403,0.375909587184745,Accept,"Z1, Z2, Z4",1.13055886711263,1.19055412622643,0.0599952591137923,1.11839304712821,1.86636518532349,47.3800270302702,-0.274024841347362,-0.539478753355437,-0.00054374561694133,Reject,1.19048043581997,0.0599215687073342,0.938112816274284,1.32300238025798,50.5393849112817,Accept,Accept,Accept,Accept,0.939252533237042
N/A,N/A,N/A,N/A,N/A,N/A,N/A,N/A,N/A,N/A,N/A,N/A,N/A,N/A,N/A,N/A,N/A,N/A,N/A,N/A,N/A,N/A,N/A,N/A,N/A,N/A,N/A
-0.289015680062512,0.726799021525102,0.0873482501323763,-0.22397618008784,1.36154868945292,Accept,Z2,1.06331425091418,1.12341919945087,0.060104948536689,0.839200449171562,1.18979698184056,78.0405281386588,0.0873482501323763,-0.165395732874464,0.337522815558278,Accept,1.12313952353866,0.0598252726244767,0.773045416792514,1.02607672773043,56.525459866743,Accept,Accept,Accept,Accept,1.07593509609755
0.195846753610753,0.861027059216988,-0.00101196346887788,-0.181417292897626,0.784689200572653,Accept,"Z2, Z4",1.34841220024363,1.26675677098946,-0.0816554292541737,0.948921573254107,1.39028362654123,64.7949263236056,-0.00101196346887788,-0.295275843089559,0.276081117229965,Accept,1.26477531916978,-0.0836368810738453,0.846674163377253,1.08724081643359,63.7621945979115,Accept,Accept,Accept,Accept,0.849637148087721
0.688820588955937,0.979405973225866,-0.260847484140277,-1.03667786495329,0.67486719064019,Accept,X7,1.35565757349905,1.42498299802732,0.0693254245282695,1.03434127191065,1.72221174354146,65.4697823455486,-0.260847484140277,-0.601237804356444,0.103385357905965,Accept,1.42280077230895,0.0671431988099045,0.915239451392016,1.24728878190656,68.8090385470326,Reject,Reject,Accept,Accept,1.35610239172243
0.235070703662033,0.902868853748929,-0.0706658059504893,-0.0744906570160201,0.376069120955415,Accept,"Z1, Z2, Z4",1.46732735797425,1.63529434289806,0.167966984923804,1.15069257921523,1.81670295416795,47.2964744000286,-0.0706658059504893,-0.247783537993334,0.0997751320504994,Accept,1.63808279198546,0.170755434011211,1.06854176874243,1.5383856158943,63.9087026217053,Accept,Accept,Accept,Accept,0.677163310135975
0.0837111898902781,1.0158121860631,0.117820458985725,-0.559031390514014,0.523874477192793,Accept,"Z2, Z4",0.732810183554056,0.888269243614512,0.155459060060456,1.00820824034235,1.81647591923215,57.0058480611553,0.117820458985725,-0.148976035343138,0.378506807908565,Accept,0.887281286243212,0.154471102689155,0.791554067060705,1.14597262879628,53.2183490771484,Accept,Accept,Accept,Accept,0.583613858354554
0.233649735841507,1.00651989959572,-0.145861277859984,-0.369393214606534,0.368404610936545,Accept,"Z2, Z4",1.19148042461602,1.36979751874111,0.178317094125094,1.12577039028536,1.76733527196223,47.6035952704977,-0.145861277859984,-0.359739411186233,0.0662278530961668,Accept,1.36965786020209,0.17817743558607,0.938446642695903,1.24446373147102,52.736559176382,Accept,Accept,Accept,Accept,1.23538362107513
0.554207762487612,1.13125348423002,0.220573112670025,-0.490845432737699,0.438982186879251,Accept,"Z1, Z2, Z4",1.16546551679554,1.13335405119209,-0.0321114656034518,0.97462276235912,1.33075421213985,58.2007230540049,0.220573112670025,-0.0441769932013021,0.501428132020734,Accept,1.13360614726009,-0.0318593695354505,0.844372931082006,0.941145223004735,59.7686007490587,Accept,Accept,Accept,Accept,0.789421600233859
-0.0367541975561527,0.893142662491977,0.0186197552733926,-0.406934744342109,0.862547576633952,Accept,Z2,1.11417648458294,1.18711882056624,0.0729423359832996,1.11679150888148,1.63548117022066,70.7825695340762,0.0186197552733926,-0.277333630125097,0.340537874152868,Accept,1.1878909395462,0.0737144549632515,0.850525319728493,1.00903206604823,74.7456716038325,Accept,Reject,Accept,Accept,1.51791461073195
0.360024047864761,1.06312033851022,-0.0219771380500496,-0.627175313168676,0.353092544176676,Accept,"Z2, Z4",1.32034918508129,0.992181206099717,-0.328167978981572,0.723207126285172,0.86959173672367,56.865523388649,-0.0219771380500496,-0.338063381317825,0.283143382138019,Accept,0.993056241317066,-0.327292943764223,0.762134126868385,0.777796500088609,69.0655302961001,Accept,Accept,Accept,Reject,1.33904742082443
0.617750250306676,0.911384983511562,-0.0143474545996602,-0.445961853731297,0.332005952133698,Accept,"Z1, Z2, Z4",1.79049811670523,1.45259885607927,-0.337899260625959,0.840955539887151,1.16462551708286,54.6986126182496,-0.0143474545996602,-0.277852889935272,0.224690912736381,Accept,1.4510047309305,-0.339493385774731,0.824923656157266,1.29980190243195,57.2557592009925,Accept,Accept,Accept,Accept,0.659240556790353
0.474926717867123,0.95137149529446,0.0512109655008623,-0.260739933347689,0.535431757222361,Accept,"Z2, Z4",1.46397796961192,1.30381148011052,-0.160166489501406,1.022734969291,1.82603659691054,58.7950540141872,0.0512109655008623,-0.235960649863374,0.349189388407417,Accept,1.30555239152663,-0.158425578085296,0.827706395123102,1.46231864638585,66.9220669146677,Accept,Accept,Accept,Accept,1.11166412633021
-0.0381940140783733,0.959735832856218,0.226963919356496,-0.606576249259159,0.945216221524392,Accept,Z2,1.15517892471271,1.26160318562989,0.106424260917177,0.868108852000582,1.0115421330872,69.0047282806748,0.226963919356496,-0.111757718929663,0.554119932780617,Accept,1.26287385871243,0.107694933999717,0.883231698135529,1.15045635441796,63.8197514956974,Accept,Accept,Accept,Accept,0.394104986835111
0.107343363242983,0.706041299733965,0.0319505256223125,-0.16104405417212,0.964137641625197,Accept,"Z2, Z4",1.56694549024501,1.44057282422186,-0.126372666023151,1.07195872790872,1.70945743158443,71.3853611659046,0.0319505256223125,-0.244357564928466,0.302728943873218,Accept,1.44246844609825,-0.124477044146759,0.936873358049214,1.32637972858638,61.84989077464,Accept,Accept,Accept,Accept,0.574287693084468
0.242406866105731,0.974293116884177,0.132234007567948,-0.295992121579041,0.443805461322273,Accept,"Z1, Z2, Z4",0.874859361048993,0.848790525901551,-0.026068835147442,0.97870134503012,1.33100298810294,51.3830337001438,0.132234007567948,-0.174361979853875,0.436056678197083,Accept,0.849341525599859,-0.0255178354491336,0.906383232553907,1.14941133965827,71.0746009623191,Accept,Accept,Accept,Accept,0.878681235591846
0.366822865977446,0.767391597183175,0.231147790717842,0.0369287548273729,0.822152846423589,Reject,"Z1, Z2",1.24784471852513,1.01906790658051,-0.228776811944619,0.765686946565836,0.899075323711928,67.0470207831319,0.231147790717842,0.0296065467414117,0.420019523966322,Reject,1.01911528612028,-0.228729432404849,0.679680054410787,0.739830174848499,46.8243760370634,Accept,Accept,Accept,Accept,0.982097245360281
0.471608536786814,0.849224547495596,-0.0338770299847132,-0.280369415095384,0.740796981756501,Accept,Z2,1.27303195946,1.19529880296992,-0.0777331564900815,0.843365650102046,1.16282674070623,68.8774051530125,-0.0338770299847132,-0.305682300965909,0.223572841815308,Accept,1.19388438506017,-0.0791475743998285,0.619866231366741,0.649606306999514,57.1100163144245,Accept,Accept,Accept,Accept,0.77920599360783
N/A,N/A,N/A,N/A,N/A,N/A,N/A,N/A,N/A,N/A,N/A,N/A,N/A,N/A,N/A,N/A,N/A,N/A,N/A,N/A,N/A,N/A,N/A,N/A,N/A,N/A,N/A
N/A,N/A,N/A,N/A,N/A,N/A,N/A,N/A,N/A,N/A,N/A,N/A,N/A,N/A,N/A,N/A,N/A,N/A,N/A,N/A,N/A,N/A,N/A,N/A,N/A,N/A,N/A
0.183184194849484,0.832275463484277,-0.0167515553587973,-0.0821848848392821,0.666769251051932,Accept,"Z1, Z2, Z4",1.44337460351355,1.44614862035163,0.00277401683808118,0.919465745653581,1.35549140556422,58.491822235106,-0.0167515553587973,-0.39430112678608,0.349083900187192,Accept,1.44625030980422,0.0028757062906705,0.907728726175049,1.34338790946865,71.3044680686829,Accept,Accept,Accept,Accept,1.17943649408534
N/A,N/A,N/A,N/A,N/A,N/A,N/A,N/A,N/A,N/A,N/A,N/A,N/A,N/A,N/A,N/A,N/A,N/A,N/A,N/A,N/A,N/A,N/A,N/A,N/A,N/A,N/A
0.000536387752896833,0.965725474168007,-0.0559627017899054,-0.708424263697718,0.79084957748769,Accept,X9,1.57900196457338,1.46797528813574,-0.111026676437637,1.0459410896573,2.00002506287367,82.6458688553707,-0.0559627017899054,-0.373509151286721,0.259600422579129,Accept,1.46894221828733,-0.110059746286045,0.777998054714715,0.993827859276475,78.0828762914395,Reject,Accept,Accept,Accept,0.396767170868869
0.163003299344096,0.824597998408577,0.226815413540064,-0.327996920516382,0.995191816859238,Accept,Z2,1.5002757706352,1.41460008906144,-0.0856756815737665,0.948051584599166,1.4645710557796,70.8808967611844,0.226815413540064,-0.0362756545961487,0.487655486881177,Accept,1.41406425567567,-0.086211514959529,0.697481651404704,0.750759919580265,59.7301573395084,Accept,Accept,Accept,Reject,1.25162867114326
0.988623221590766,1.13561567447284,-0.204835836665512,-0.914763179980852,0.74222635293698,Accept,Z2,1.77176726322842,1.5104477010976,-0.261319562130817,1.17138043548456,2.12806063631473,75.7165019795449,-0.204835836665512,-0.600156752773463,0.204690084491676,Accept,1.51258315671474,-0.259184106513681,1.03174205087706,1.51681422143555,78.4900118083701,Accept,Accept,Accept,Accept,0.686280446049323
N/A,N/A,N/A,N/A,N/A,N/A,N/A,N/A,N/A,N/A,N/A,N/A,N/A,N/A,N/A,N/A,N/A,N/A,N/A,N/A,N/A,N/A,N/A,N/A,N/A,N/A,N/A
0.154146189119073,1.05157714764884,0.128894642477097,-0.716075686502061,0.482673737992188,Accept,Z2,1.22918577387155,1.15612407012388,-0.0730617037476782,0.960008874905228,1.40414204532149,66.2234036662729,0.128894642477097,-0.111188337586565,0.375974104077473,Accept,1.1565920278711,-0.0725937460004541,0.843135904092244,1.03112102188676,55.7433948820863,Accept,Accept,Accept,Accept,0.968076672191292
-0.603046680977827,0.719757742785484,0.284348242834412,0.00656605393797755,0.9483707394587,Reject,"Z1, Z2",1.86012742300605,1.79672066128075,-0.0634067617253057,0.936832966183591,1.59933252255002,62.2516190487837,0.284348242834412,0.0196248198185008,0.571304240913252,Reject,1.79655036720409,-0.0635770558019622,0.89035827512165,1.44134029174372,67.4594882187977,Accept,Accept,Accept,Accept,0.434336467059068
1.15263061325972,0.919256583902377,0.035495939515998,-0.812589638286753,0.600057912617494,Accept,Z2,1.0729142353154,1.04921344901043,-0.023700786304966,1.05072146411486,1.61545761533157,84.1475581958782,0.035495939515998,-0.367110482355872,0.428022292532656,Accept,1.04866595856104,-0.0242482767543551,0.879863636025689,1.34411037681261,84.9533625665622,Accept,Accept,Accept,Accept,0.791361412241703
0.793971379456756,1.08623799746382,0.0768117573963903,-0.502240161241662,0.367291833818052,Accept,"Z2, Z4",1.39084336034341,1.50510851205826,0.114265151714848,0.866988297446595,1.30505211766471,66.5190472872719,0.0768117573963903,-0.229644787158388,0.371288219761447,Accept,1.50662655042782,0.115783190084412,0.747631967223864,1.01826503843151,79.2566277973989,Accept,Accept,Accept,Accept,0.522628159808949
N/A,N/A,N/A,N/A,N/A,N/A,N/A,N/A,N/A,N/A,N/A,N/A,N/A,N/A,N/A,N/A,N/A,N/A,N/A,N/A,N/A,N/A,N/A,N/A,N/A,N/A,N/A
0.509157403133029,0.983951414747535,0.220586686526874,-0.337352262099816,0.689002657059992,Accept,"Z2, Z4",1.4064865571227,1.43604682921771,0.0295602720950068,0.900992378060341,1.07365814508267,72.8782164709639,0.220586686526874,-0.109351792329313,0.556604273429759,Accept,1.43184839544439,0.0253618383216866,0.865929150909275,1.10993537135461,85.0503589046726,Accept,Accept,Accept,Accept,0.729488383768517
-0.34007286597491,0.685701906941328,0.230644117982496,-0.250046040198202,1.36179538313626,Accept,Z2,1.64392796498518,1.59256490040098,-0.0513630645841936,1.09739368387827,2.03918951849769,82.2096755706636,0.230644117982496,-0.114297624694368,0.542386878581603,Accept,1.59308892632297,-0.0508390386622043,0.921334944525816,1.28394103857514,80.5521533255411,Accept,Accept,Accept,Accept,0.256812804645599
0.906771006263439,1.00213277173691,0.146698298845906,-0.553792120687436,0.442831887020787,Accept,"Z1, Z2",1.42366142467175,1.33222092693107,-0.0914404977406842,0.982249244609711,1.35502560836772,74.1674887562923,0.146698298845906,-0.15999163092075,0.453847040650406,Accept,1.33479295369271,-0.0888684709790465,0.856414891776796,1.16375985226606,85.8444241114012,Accept,Accept,Accept,Accept,1.08800553381583
0.402722477014588,1.05450297944159,-0.160651433972746,-0.421675054230123,0.232387884768635,Accept,"Z1, Z2, Z4",0.928949451999059,1.02944396554464,0.100494513545578,0.900429641069037,1.17238565649068,40.4739299141688,-0.160651433972746,-0.377410079820632,0.0565939109320177,Accept,1.02969382809139,0.100744376092335,0.835319025706718,0.945226170849476,42.9123831620579,Accept,Accept,Accept,Accept,0.394317521655606
N/A,N/A,N/A,N/A,N/A,N/A,N/A,N/A,N/A,N/A,N/A,N/A,N/A,N/A,N/A,N/A,N/A,N/A,N/A,N/A,N/A,N/A,N/A,N/A,N/A,N/A,N/A
0.296733454498844,0.983885224079362,0.0313288991841992,-0.457196169455713,0.481448480094273,Accept,Z2,1.8286090610909,1.57183292439605,-0.256776136694851,0.892204379694804,1.2085157045561,60.5351821074722,0.0313288991841992,-0.216304028075113,0.280881673545911,Accept,1.57164967673818,-0.256959384352721,0.828122370790222,1.01344802000222,58.6039001802883,Accept,Accept,Accept,Accept,0.608088844656447
0.715065070795265,1.13506393027095,0.0148606983468368,-0.485468639287925,0.101379027675414,Accept,"Z1, Z2, Z4",1.17325057426297,1.34401078487434,0.17076021061137,0.777572637439518,0.952836210919262,40.7809522594586,0.0148606983468368,-0.209603592281398,0.253098741205573,Accept,1.34504551959808,0.171794945335114,0.691251070652602,0.83252814971069,47.6709844212498,Reject,Accept,Accept,Accept,0.44953269515421
0.917343380356351,1.07496168831352,0.036829959033837,-1.13970990950323,0.692468128727458,Accept,Z2,1.4559318367319,1.65933145307485,0.203399616342947,1.17313468471111,1.85426875151049,83.9242357497255,0.036829959033837,-0.376548610179321,0.452522394935116,Accept,1.66187083056114,0.205938993829238,0.899126580112395,1.13543183188293,92.0095575035501,Accept,Accept,Accept,Accept,0.727411060682874
1.60826427599073,1.37096708176305,-0.133967474221798,-1.44907196504595,-0.362535712313937,Reject,"Z1, Z2",1.24124488481908,1.44430999429271,0.203065109473627,0.794135876497854,1.18772120019982,74.439355942991,-0.133967474221798,-0.615615727422691,0.328377303962596,Accept,1.44218837732201,0.200943492502923,0.766191529857171,0.973484718630397,81.3599708033668,Reject,Accept,Accept,Accept,1.66177489576579
-0.109621554583749,0.426290924337978,0.307539747829847,-0.151959600996872,1.37023941112455,Accept,Z2,1.67829366790552,1.56207476851469,-0.116218899390831,0.958390934199157,1.23687066943909,67.3675870134533,0.307539747829847,-0.0516656360906802,0.648234071526232,Accept,1.56042801284529,-0.117865655060225,0.906305589850003,1.21234741973646,71.5838839466442,Accept,Accept,Accept,Accept,0.503131129941769
0.320244774259415,1.07961129147795,-0.167075051831607,-0.911654869421612,0.617408250380526,Accept,Z2,1.27000118724517,1.2009808057135,-0.0690203815316706,1.07234273230635,1.70573383512697,81.97756815574,-0.167075051831607,-0.502172522559691,0.180527966609338,Accept,1.20097602969688,-0.0690251575482882,1.0404082788856,1.43786444520529,82.0179181497663,Accept,Accept,Accept,Accept,0.623585917253794
0.559180818468566,1.05521631971488,-0.0731530992125659,-0.613901350875988,0.419460615203841,Accept,Z2,1.37982484388668,1.28162445254958,-0.0982003913370988,0.883488100049523,1.19364271513552,68.5835301442279,-0.0731530992125659,-0.327994763226314,0.201364671180948,Accept,1.2819801885578,-0.0978446553288785,0.860956330816192,1.02177750191086,72.9937187971945,Accept,Accept,Accept,Accept,0.794581920473649
0.0444621232682051,0.91765458996113,0.100055306948484,-0.640688370480012,1.08547959688852,Accept,Z2,1.58835392496346,1.41856465734928,-0.169789267614181,1.16299341864733,2.22313537013846,79.9823148481318,0.100055306948484,-0.184047697570001,0.380654859636175,Accept,1.41575374080933,-0.172600184154133,0.878312143924313,1.21019534650295,65.5307715800207,Accept,Accept,Accept,Accept,1.14729939189127
0.834107787031369,1.07928613431163,0.117031904304897,-0.586416058242088,0.339850183058611,Accept,"Z2, Z4",1.16264328640199,1.14883310367805,-0.0138101827239374,0.955610589637089,1.38505633734582,54.4830211728284,0.117031904304897,-0.161748927101917,0.40887187856854,Accept,1.14972509788985,-0.0129181885121378,0.828295491641096,0.967870748545566,49.0564175705085,Accept,Accept,Accept,Accept,0.792947249658557
-1.01868071703597,0.618115342912356,0.179195173407246,-0.176257288357107,1.56112218071798,Accept,Z2,1.65308255187948,1.52420180313858,-0.128880748740891,0.908395967404541,1.2122958778534,58.9826442025974,0.179195173407246,-0.334083200798252,0.684679827793864,Accept,1.5214578801056,-0.131624671773872,0.813879727826211,1.03747375311038,71.9380550384317,Accept,Accept,Accept,Accept,0.76256184167291
1.69604686944723,1.18548577740361,-0.267764209448354,-1.35925463399968,0.0164706362610441,Accept,Z2,1.56106029476463,1.53931287846062,-0.0217474163040016,0.989029111974866,1.37642024031066,75.1707608776852,-0.267764209448354,-0.697270282249227,0.169697932306139,Accept,1.54363957314117,-0.0174207216234576,0.756419444262448,0.876541203472657,85.1155927779042,Reject,Accept,Accept,Accept,1.41520774662277
1.68839734186451,1.06176484931412,-0.180302026846916,-1.21122275439732,0.0669802094888581,Accept,Z2,1.33320012220983,1.39606060998693,0.0628604877771052,0.9817446412683,1.45323200792357,75.2408968380628,-0.180302026846916,-0.491200104766281,0.112828058062542,Accept,1.39622856803484,0.0630284458250114,0.777860863571925,1.0040135737934,74.317545966764,Accept,Accept,Accept,Accept,0.969117546255654
0.243624017725615,0.918002181375361,0.0175626418246959,-0.036840383335125,0.448575165761209,Accept,"Z1, Z2, Z4",1.50119269049854,1.53962457823288,0.0384318877343429,0.840626177664332,1.1343812131189,51.0622679098434,0.0175626418246959,-0.194715720987773,0.241760370376519,Accept,1.53936145581651,0.0381687653179762,0.782027776016244,1.05623943547195,58.7572944668703,Accept,Accept,Accept,Accept,1.15635964632772
1.01310392110778,1.17016486623078,0.063087943154926,-1.39608031498431,0.32337860367313,Accept,Z2,0.82371782280426,0.831644146464807,0.00792632366054691,0.87615118035969,1.24599537312312,63.9920627578466,0.063087943154926,-0.531795787984608,0.651207024221659,Accept,0.829769879012816,0.00605205620855587,0.957497368682806,1.33753021503237,83.6658306171388,Accept,Accept,Accept,Accept,0.700560688456606
-0.00667099680131336,0.774186815406307,0.302838563250027,-0.118883166365807,0.97569282499195,Accept,Z2,1.15511965378165,1.46430062853587,0.309180974754214,0.901797114810981,1.07581758251656,70.7088244938868,0.302838563250027,0.0322630523889085,0.598604485856265,Reject,1.46384705431539,0.308727400533739,0.804735247850968,0.995786459433719,68.9413769209326,Accept,Accept,Accept,Accept,0.394247661879534
0.554060234250579,1.06098200188397,-0.166544230217214,-0.46486277471869,0.165519775260359,Accept,"Z1, Z2, Z4",1.46747518580332,1.31496475200564,-0.152510433797677,0.866759804200499,1.1653838811282,48.5016682706071,-0.166544230217214,-0.440579041745732,0.104781252275551,Accept,1.31556859087779,-0.151906594925531,0.883652157373268,1.20516517566782,69.3555992193715,Accept,Accept,Accept,Accept,0.757631178016893
1.13514911560077,1.30539497963974,-0.104994234223569,-0.830871273492409,0.245820402169686,Accept,"Z2, Z4",0.916171055233697,1.14357541209771,0.227404356864014,1.09693740270217,1.75627151783378,70.2200210153534,-0.104994234223569,-0.483295215075229,0.269424857268677,Accept,1.14466533734934,0.228494282115638,0.989136092708269,1.43683485905825,86.5342099694857,Accept,Accept,Accept,Accept,0.804916571214327
N/A,N/A,N/A,N/A,N/A,N/A,N/A,N/A,N/A,N/A,N/A,N/A,N/A,N/A,N/A,N/A,N/A,N/A,N/A,N/A,N/A,N/A,N/A,N/A,N/A,N/A,N/A
N/A,N/A,N/A,N/A,N/A,N/A,N/A,N/A,N/A,N/A,N/A,N/A,N/A,N/A,N/A,N/A,N/A,N/A,N/A,N/A,N/A,N/A,N/A,N/A,N/A,N/A,N/A
0.00155058548008771,0.621221616697674,0.212289994760188,0.085572011973651,1.02529166188282,Reject,"Z2, Z4",1.48888498467464,1.45047462640027,-0.0384103582743698,0.807020674752385,1.08346428355323,70.1194880634106,0.212289994760188,-0.11013326838619,0.499064700469077,Accept,1.45247002851127,-0.036414956163372,0.774465297922474,0.919869404570994,71.5278246246227,Accept,Accept,Accept,Accept,1.20924226880055
0.393004857804305,0.947130739247003,0.0119380581022282,-0.455766936395217,0.740260710793478,Accept,"Z2, Z4",1.02440714552498,1.00388773627886,-0.0205194092461206,0.951104946615883,1.29046974950261,63.4437486126798,0.0119380581022282,-0.414393259849463,0.452030745811776,Accept,1.0038247269296,-0.0205824185953849,0.844801943532104,1.03718332389851,78.9066444391866,Accept,Accept,Accept,Accept,0.593654078677722
0.179417857624558,0.903890593755053,0.0349250192165021,-0.442361153968348,0.8608269979817,Accept,Z2,1.60615515415068,1.35498875863206,-0.251166395518615,0.925360425921339,1.48691992091298,69.7938168322229,0.0349250192165021,-0.35479186729349,0.429804595615949,Accept,1.3548085624451,-0.251346591705579,0.905520149208913,1.2683461146116,76.2536045676679,Accept,Accept,Accept,Reject,1.54454927857534
1.1894582596088,1.48083905281915,-0.212333976344022,-1.55377582669383,0.0895855498987454,Accept,Z2,1.18215864724969,1.14823954757698,-0.0339190996727118,0.751415922593185,0.838686425870731,66.1352182318199,-0.212333976344022,-0.533522796729646,0.121806912626596,Accept,1.1477533174852,-0.0344053297644923,0.555357810365451,0.503974732867046,59.6992067597529,Accept,Accept,Accept,Accept,0.207711673660377
0.561331332974471,0.984043949885568,0.106436362243866,-0.496714258960938,0.71504491477532,Accept,"Z2, Z4",1.36766208492526,1.26036297674048,-0.107299108184783,0.93710653360862,1.56484172927058,75.2463446378235,0.106436362243866,-0.202359661144665,0.409739362735778,Accept,1.26014271136981,-0.107519373555449,0.886704115459777,1.3308328451496,69.8233533426421,Accept,Accept,Accept,Accept,0.948512537881381
1.0041953106495,1.09032062479108,-0.192191514296864,-0.720554441382261,0.200631771527211,Accept,"Z1, Z2",1.27793677499147,1.30724972394615,0.0293129489546802,1.1198914970272,2.00415116892264,66.8825086649817,-0.192191514296864,-0.524628647290447,0.161424671941341,Accept,1.30877665136106,0.0308398763695877,0.909954501951291,1.29384434650371,77.4030792684087,Accept,Accept,Accept,Accept,1.26181689495012
0.540504373241434,0.91063482527303,0.00751587886364369,-0.629155166412805,1.13573703883717,Accept,Z4,1.32988222853837,1.21486471856866,-0.115017509969712,1.02625298984782,1.6498049244136,77.6673334000527,0.00751587886364369,-0.285612971373003,0.30488033704589,Accept,1.21548049656263,-0.114401731975742,0.946544039820143,1.40905985482354,65.011708445159,Accept,Accept,Accept,Accept,0.622134626409415
1.21281916204965,1.0256542154567,-0.153807626119497,-0.750286211759893,0.0587249594173035,Accept,"Z1, Z2, Z4",1.73170852132957,1.56320927759529,-0.16849924373428,1.04052786637438,1.66602541113255,60.0102577842638,-0.153807626119497,-0.519691113083627,0.239184028817929,Accept,1.56056232203578,-0.171146199293791,1.04712781737368,1.70300513729374,76.591435743549,Accept,Accept,Accept,Accept,1.84704202155707
1.39528190112871,1.37159923705226,-0.173949444452685,-1.18095899654007,0.558045114189072,Accept,Z2,1.18784570800406,1.17610981947637,-0.0117358885276862,1.04684283705459,1.92062242089209,86.9161316215566,-0.173949444452685,-0.447993522888185,0.0853137280624289,Accept,1.172567847542,-0.0152778604620599,0.777373814015762,1.03010730085942,71.3078291067074,Accept,Reject,Accept,Accept,1.09710022275848
0.546282655437996,0.917106010338545,-0.00914165063970744,-0.323990898223648,0.405141376308095,Accept,"Z2, Z4",1.07012666584388,1.25725943462749,0.187132768783613,0.593442804384587,0.693219136200767,54.840169319672,-0.00914165063970744,-0.24325933487157,0.2268106204469,Accept,1.260546575633,0.190419909789118,0.665727652660648,0.851603971570684,65.8120529991137,Accept,Accept,Accept,Accept,0.739787992271218
0.16273321793057,0.967635414281963,-0.0887287335874067,-0.436341883656509,0.469174498944009,Accept,"Z2, Z4",0.829136951390725,1.03652671681479,0.207389765424063,0.893535881265841,1.23176502013077,56.3519794674974,-0.0887287335874067,-0.431289114984475,0.259853264273147,Accept,1.03605400989703,0.206917058506302,0.88284995487367,1.15471626851981,71.4572438957561,Accept,Accept,Accept,Accept,0.650970672971482
0.0464810534782213,0.689445446660109,0.0925759536498727,-0.361956903350773,1.45304471271614,Accept,Z2,0.958036653197281,1.00041415220383,0.0423774990065442,0.906686169978089,1.13555721569643,79.039757989716,0.0925759536498727,-0.224149960437515,0.397569338420589,Accept,1.00120812609033,0.0431714728930475,0.798891734390229,0.885917006902754,72.3883363711552,Accept,Accept,Accept,Accept,0.92580581148689
-0.784245926387185,0.694875735441587,0.00165892307568055,-0.0434304398128609,1.57250523419313,Accept,Z2,1.73324632598149,1.37132328152324,-0.361923044458254,1.03155569831127,1.53775621845641,75.6289144712429,0.00165892307568055,-0.420037429168392,0.409957844239081,Accept,1.37105693362701,-0.362189392354483,0.777058970861802,1.05153712634113,71.2220740972308,Accept,Accept,Accept,Accept,1.05301811787033
0.802379596429826,1.09998034065001,-0.143153022964485,-0.608262864683043,0.0908218133851672,Accept,"Z1, Z2, Z4",1.34260076102076,1.4154930786639,0.0728923176431384,0.773183779987856,0.91626242482836,57.5635971131536,-0.143153022964485,-0.450499030157833,0.146379866660264,Accept,1.4140331277824,0.0714323667616308,0.708020035432623,0.753645916768183,72.2960627266054,Accept,Accept,Accept,Accept,1.0485538385649
0.53505708011949,1.01155986989514,-0.122665027611775,-0.800036355557988,0.491722263788446,Accept,"Z2, Z4",1.26048145267925,1.11511508703131,-0.145366365647947,1.11629468738906,2.12902535511836,72.2787198765433,-0.122665027611775,-0.435979318124985,0.187540714657603,Accept,1.11904857580099,-0.141432876878258,0.972290547315536,1.72758517408859,73.0707368740389,Accept,Accept,Accept,Accept,0.457314994072837
-0.235073775131668,0.721958261734234,-0.0697407628992696,0.019155104865735,1.3421303963362,Reject,Z2,1.13296829736691,1.21676105329651,0.0837927559296048,1.28930822818912,3.28083084791037,76.9062861023771,-0.0697407628992696,-0.412496866926523,0.272916066782763,Accept,1.21113546248415,0.0781671651172424,1.11006860490363,2.10383563351621,79.5610165592439,Reject,Accept,Accept,Accept,1.01282789225578
0.581205877985098,1.13223055533006,-0.0749601817400581,-0.888372735034939,0.360889037463881,Accept,X7,1.66646108918815,1.37471871950393,-0.29174236968422,0.919416352959428,1.43829583614403,74.6937629126335,-0.0749601817400581,-0.248014248317303,0.105750540665175,Accept,1.37427533604442,-0.29218575314373,0.626518874374418,0.684149319040976,54.3852603747697,Reject,Accept,Accept,Accept,0.893121768647158
0.812299182446114,0.948113566167131,0.0724745475082355,-0.692979944796206,0.40564892790147,Accept,Z2,1.46185649734408,1.33549721624188,-0.126359281102192,0.872100354822114,1.11983388697771,65.7951555753063,0.0724745475082355,-0.231480419324706,0.363074063539275,Accept,1.33520013231417,-0.126656365029909,0.791733999470492,0.882884767454013,71.471248155081,Accept,Accept,Accept,Accept,0.609881848878823
0.847217093677735,1.02208836682962,-0.145226330059916,-0.617536068484616,0.654858630721392,Accept,Z2,1.83460929198346,1.77537461330948,-0.0592346786739728,0.8770962242626,1.1374552654,73.1179642347816,-0.145226330059916,-0.411379578302734,0.141856533505012,Accept,1.77742970996495,-0.0571795820185094,0.657767672242949,0.81437631137036,56.7260757258096,Accept,Accept,Accept,Accept,0.795615947005356
1.18253513336709,1.0584410543786,0.0688471382425506,-1.02679341882103,0.658376073265664,Accept,Z2,1.81925829764354,1.63180697400041,-0.187451323643133,1.03976028262834,1.57384390287298,82.6097191359108,0.0688471382425506,-0.37394679475758,0.46989461911184,Accept,1.63408942536199,-0.185168872281559,0.759406611236147,0.899859723766738,77.910908355996,Accept,Accept,Accept,Accept,1.30617933411491
0.641959297939333,1.0035025584107,0.0016443453981439,-0.463481798546269,0.352449897906292,Accept,"Z1, Z2, Z4",1.41036670719123,1.31683805404053,-0.0935286531506981,0.994680169375984,1.4193895614949,56.0022215500879,0.0016443453981439,-0.332111607190951,0.351719594785345,Accept,1.31602535319699,-0.0943413539942378,0.898237229664409,1.14544044656173,69.1602324478293,Accept,Accept,Accept,Accept,1.46487197475086
0.717963309048752,1.02820826751664,-0.0331168550210808,-0.529123340678154,0.22338931096139,Accept,"Z2, Z4",0.861082072813005,0.973958907621698,0.112876834808693,0.956389568713826,1.24500006450106,60.8010428089009,-0.0331168550210808,-0.280076590651339,0.20102511457685,Accept,0.974420283235001,0.113338210421996,0.729386145256208,0.76516150434167,66.0190468003566,Accept,Accept,Accept,Accept,0.552512193758667
0.230483489161942,0.823000828030089,0.0512891990058569,-0.508065438740621,0.966470337601694,Accept,Z2,1.25983642737796,1.50817151662305,0.248335089245089,1.20970132285781,2.17489092285683,70.3149504040121,0.0512891990058569,-0.26871192865728,0.414591907522758,Accept,1.5088751045254,0.249038677147433,0.887906186268954,1.28973019190862,63.3243758371188,Accept,Accept,Accept,Accept,0.994985837427033
0.586903904302705,0.99668953600982,0.123119763142094,-0.909665702866685,0.560675619424316,Accept,Z2,1.06880370904405,1.00563865472639,-0.0631650543176545,1.12542697806265,1.87049489037061,71.2463388024346,0.123119763142094,-0.224237643029521,0.461408117834056,Accept,1.00805862943679,-0.0607450796072612,1.09995369780667,1.85879083981308,66.1846537898117,Accept,Accept,Accept,Accept,1.14795673336433
0.290931604014844,0.736717224734758,-0.229699590541941,-0.221529605110783,1.08051861408796,Accept,X1,1.57774976498533,1.43856902613012,-0.139180738855213,1.20858327826831,2.21574094711789,79.1238739414585,-0.229699590541941,-0.556578771141308,0.117403369237619,Accept,1.44047536672022,-0.137274398265116,1.13026206887783,1.70743955870154,70.5730820584798,Reject,Accept,Accept,Accept,0.822223331557854
0.632476181037645,1.00610185395457,0.00925506074590209,-0.510376081435608,0.510831036404874,Accept,Z2,1.11642833097983,1.19910245422743,0.0826741232476013,0.780158467502841,1.31103067772832,66.6163671249159,0.00925506074590209,-0.298535241369119,0.336782354130129,Accept,1.20123420526437,0.0848058742845478,0.820835474179922,1.33364739221012,76.2555836149498,Accept,Accept,Accept,Accept,1.66968055423391
0.500397421720531,0.912620059581518,0.027017116908112,-0.411087229463568,0.504979089463011,Accept,"Z2, Z4",1.40034107617015,1.69672578227084,0.296384706100694,0.953155335421924,1.29924120746447,63.1083952691016,0.027017116908112,-0.268131312170105,0.332570904680855,Accept,1.69713759146128,0.296796515291136,0.904890814002861,1.20364722637854,67.7841753916977,Accept,Accept,Accept,Accept,0.28243425047995
N/A,N/A,N/A,N/A,N/A,N/A,N/A,N/A,N/A,N/A,N/A,N/A,N/A,N/A,N/A,N/A,N/A,N/A,N/A,N/A,N/A,N/A,N/A,N/A,N/A,N/A,N/A
0.0622147861875502,0.900991489807421,0.128438962657406,-0.303110041238658,0.641518101872254,Accept,"Z2, Z4",1.27600108935306,1.34546512111844,0.0694640317653801,0.731040030756686,0.874356277281876,53.1492403165767,0.128438962657406,-0.168502003849187,0.373876399160262,Accept,1.34589793507296,0.0698968457198997,0.684416635472618,0.745299344987208,55.9339548682159,Accept,Accept,Accept,Accept,0.81972888511382
0.527569771784062,0.933991891646664,-0.054709678089575,-0.407280249856472,0.460029924727783,Accept,"Z1, Z2, Z4",1.20281030816674,1.21087199834674,0.00806169017999855,0.937206690713661,1.26945764994421,63.1975650582677,-0.054709678089575,-0.364380257188518,0.268539775539821,Accept,1.20952092903427,0.00671062086753405,0.743145942162455,0.794584976090903,65.2175227565938,Accept,Accept,Accept,Accept,0.527841353435584
0.525163280881581,1.07503548280275,-0.197217603346534,-0.27236797469173,0.18120372020383,Accept,"Z1, Z2, Z4",1.31949049000842,1.32264476773133,0.0031542777229115,0.837826052088516,1.03726245553351,38.1391734061919,-0.197217603346534,-0.343829771587775,-0.0529262850708199,Reject,1.32104931323217,0.00155882322375707,0.817306431389823,1.05659760181098,53.611941708937,Accept,Accept,Accept,Accept,0.727896921401058
0.0975354216423218,0.824315721592351,0.289572494528805,-0.259123365694658,0.829206567773332,Accept,"Z2, Z4",1.07791795724896,1.2856697695106,0.207751812261639,1.02003160412354,1.36790100065596,69.0149760910438,0.289572494528805,-0.0822102535123914,0.632011783560667,Accept,1.28419158936058,0.20627363211162,0.946376817753442,1.31456042605433,78.8482510383511,Accept,Reject,Accept,Reject,1.40833245990818
0.391157940913151,1.01506340631451,0.0667570848885036,-1.02372166879539,0.92544560476548,Accept,Z2,0.850693329141625,1.0440330153994,0.193339686257771,0.856894883575539,1.07350012211686,72.3890926396007,0.0667570848885036,-0.28707916562651,0.419782834292085,Accept,1.04574898247023,0.195055653328601,0.633773052161091,0.617860263424283,64.5305398770411,Accept,Accept,Accept,Accept,0.908951868812203
N/A,N/A,N/A,N/A,N/A,N/A,N/A,N/A,N/A,N/A,N/A,N/A,N/A,N/A,N/A,N/A,N/A,N/A,N/A,N/A,N/A,N/A,N/A,N/A,N/A,N/A,N/A
-0.544574116725734,0.738620642073332,0.0700863707434515,-0.379077289377086,1.5441755749959,Accept,X10,1.32313032899189,1.28317535915482,-0.0399549698370744,1.10797410949004,1.81452110919948,61.1701634394088,0.0700863707434515,-0.297020272100625,0.445507263886787,Accept,1.28217933666234,-0.0409509923295529,0.94433801241933,1.38982139147863,54.497825009065,Reject,Accept,Accept,Accept,0.770193886269994
0.670476810122236,1.0004856011207,-0.105485071873607,-0.577710305044701,0.262502494893352,Accept,"Z2, Z4",1.49918521779236,1.27790129161493,-0.221283926177429,0.829928362513617,0.971129392605446,55.7118700362524,-0.105485071873607,-0.459106745532171,0.272650413877555,Accept,1.27510120706298,-0.224084010729376,0.848495338370626,0.950529647908585,68.7549583073118,Accept,Accept,Accept,Accept,0.889015893238646
0.408392308854747,0.957840043143575,0.0296233976715495,-0.529391060387141,0.802234351400591,Accept,X9,1.31558090648398,1.27917623700871,-0.0364046694752692,0.963878756706167,1.35450631273088,61.7609196780381,0.0296233976715495,-0.261407002754272,0.315528609460377,Accept,1.27827274994244,-0.0373081565415392,0.782408764701947,0.947389468208258,65.2181981913541,Reject,Accept,Accept,Accept,0.878264980263583
0.619716378201677,1.02687492797299,0.0303160583834072,-0.541786992724434,0.588864555641218,Accept,"Z1, Z2",1.80092000906622,1.52497249445077,-0.275947514615452,0.876041985023447,1.50074094794992,62.9337593653319,0.0303160583834072,-0.403216266649307,0.464109306887073,Accept,1.52536677140165,-0.275553237664574,0.752121830930873,1.00663725719457,83.2476543772067,Accept,Accept,Accept,Accept,1.0035500687124
-0.00590525937035147,0.883049815703625,0.126345004948773,-0.51710841196902,1.07069029184441,Accept,Z1,1.52662676172428,1.64058291147073,0.113956149746448,1.03090125187103,1.84555581122618,79.014909561098,0.126345004948773,-0.222731312970501,0.493269694438834,Accept,1.6416512531819,0.115024491457613,0.928190909624674,1.12373032489264,78.951670407996,Accept,Reject,Accept,Accept,1.11773066778863
1.02561647340997,1.13428953049657,-0.0284462567470227,-0.602822712168177,0.0251136522482987,Accept,"Z1, Z2, Z4",1.61038003464209,1.5592206626169,-0.0511593720251945,0.791656683810961,0.962051327648973,53.6969094681759,-0.0284462567470227,-0.300818167373494,0.255593675007979,Accept,1.56120231604272,-0.0491777185993711,0.796932149178119,0.929309265074731,66.8827457156297,Accept,Accept,Accept,Accept,0.783531893865063
-0.00251827077972451,0.738862618089468,0.180575021802473,-0.41939464339416,1.04078738533836,Accept,Z2,1.34441710444229,1.28539511453397,-0.0590219899083173,1.15332215978765,1.99028323877082,73.8449833223646,0.180575021802473,-0.119885485909444,0.486419635293369,Accept,1.28429597584337,-0.0601211285989253,0.965431807374119,1.2559238486134,72.4922243307316,Accept,Accept,Accept,Accept,0.3164774290658
0.49366782471976,0.956918075512265,0.0186361443969626,-0.645186629949293,0.676423701728237,Accept,Z2,1.39556100012286,1.22405659203436,-0.171504408088504,1.10594378475247,1.88442264604612,62.7594606733527,0.0186361443969626,-0.397839163707035,0.427128269111534,Accept,1.22565203995743,-0.169908960165427,1.11932997094067,1.82568754885127,75.8029615151053,Accept,Accept,Accept,Accept,0.264159187559403
0.368852247553237,1.04368158765613,-0.00577223059849484,-0.403895621240271,0.330649878839829,Accept,"Z1, Z2, Z4",1.15656913535111,1.09120230717425,-0.0653668281768665,1.06949305923927,1.61356470094213,46.5332467862187,-0.00577223059849484,-0.289263974686185,0.27668022482742,Accept,1.09124840111143,-0.0653207342396778,0.94674166750974,1.33024277857411,58.5422361537692,Accept,Accept,Accept,Accept,1.0180557278371
0.222735135473684,0.849100958444692,0.144882779540865,-0.464640417210664,0.907194609372724,Accept,"Z1, Z2",0.91221412286548,1.28112790383228,0.368913780966796,1.0885508796252,1.7380134860936,75.7691904508829,0.144882779540865,-0.185345679469685,0.481721876215097,Accept,1.28259542215878,0.370381299293297,0.970986615976637,1.52348728363455,76.079718179331,Accept,Reject,Accept,Accept,1.33645792578236
0.819698477321335,1.15589206323848,-0.20151197302844,-0.798443574687699,0.139882372808017,Accept,"Z1, Z2",1.0754145986086,1.3105817165191,0.235167117910497,0.873247685525164,1.14266577885737,56.6833454889105,-0.20151197302844,-0.433488948245844,0.0390030609969402,Accept,1.31160796084554,0.236193362236931,0.795872159500501,0.870863561489648,48.6737541208539,Accept,Accept,Accept,Accept,1.26458245839972
0.00370500099732961,0.764870402853206,0.0899901988301431,-0.251164170718224,0.851454751457498,Accept,X3,1.51326820933019,1.26235626080344,-0.250911948526748,1.04254075370824,1.45548122544172,67.2592323132204,0.0899901988301431,-0.133036206515445,0.3065505069358,Accept,1.26145380755532,-0.251814401774866,0.792263339959443,0.917963587705468,57.8647960202759,Reject,Accept,Accept,Accept,0.816094853073562
0.286847549114819,0.998970929465031,0.0596952725132658,-0.307490897614628,0.393649375136309,Accept,"Z1, Z2, Z4",1.82457786480074,1.397980740508,-0.426597124292738,0.904676558032005,1.18648463122114,41.1952658937264,0.0596952725132658,-0.179470731807815,0.319038608497073,Accept,1.39786186314091,-0.426716001659825,0.856897720145297,1.07785811013256,46.4019896977409,Accept,Accept,Accept,Accept,1.02853571224357
0.506581454335989,1.08217745948051,0.114792781673126,-0.679654838884562,0.490572265475495,Accept,"Z1, Z2",1.20665752257571,1.22866222302178,0.0220047004460763,0.882341097713732,1.24208801864463,60.6744039459257,0.114792781673126,-0.282358177936473,0.489014576887836,Accept,1.22872625575821,0.022068733182503,0.820096605658325,0.924417586621369,67.3429580446218,Accept,Accept,Accept,Accept,1.28076259399746
0.621880125442929,1.18734056197757,-0.172602387398436,-0.795841832540932,0.302351570682983,Accept,"Z2, Z4",1.76561173153307,1.61293469232995,-0.152677039203119,0.823342049445875,1.19229691359532,54.2946543356559,-0.172602387398436,-0.466055947401451,0.129068664625435,Accept,1.6144348723772,-0.151176859155868,0.844775907791405,1.13225957529377,59.1146766993813,Accept,Accept,Accept,Accept,0.4137855755395
0.684965721583775,0.997439806619645,-0.203893542878429,-0.612334231801885,0.388602705024543,Accept,"Z2, Z4",1.38613603674945,1.32790223974014,-0.0582337970093141,0.880617804501266,1.12811689726602,72.3954256319624,-0.203893542878429,-0.551935828746638,0.121792915585732,Accept,1.32910024604365,-0.0570357907058003,0.854649175859277,1.08360736607066,86.5067773844568,Accept,Accept,Accept,Accept,0.97365792079729
0.459080007429761,0.933041181360018,-8.26755369010839e-05,-0.341449323338996,0.445878890113846,Accept,"Z1, Z2, Z4",1.11380047177344,1.05714033246028,-0.0566601393131512,0.837914495797115,1.08530804761503,53.4459713116945,-8.26755369010839e-05,-0.366461625171111,0.352553079454741,Accept,1.05866752128461,-0.0551329504888293,0.854357325994132,1.04482286600984,75.091308757577,Accept,Accept,Accept,Accept,0.185331946010762
0.23835004479846,1.03190262673964,0.0548857205415165,-0.478294043651338,1.27923371198042,Accept,Z2,1.4735196852364,1.35547439812535,-0.118045287111054,0.923172868969583,1.49728352575577,72.6255154479641,0.0548857205415165,-0.354624777999757,0.470347101786956,Accept,1.35487498371696,-0.118644701519444,0.922984537089893,1.15545767099004,72.7604754116151,Accept,Accept,Accept,Accept,0.443080941693892
0.754385736270009,0.989493185719362,-0.0248007419392142,-0.287827325279206,0.249994576849355,Accept,"Z1, Z2, Z4",1.23850248496685,1.23043728290912,-0.00806520205773154,0.72048991981222,0.725986275486668,51.4106385557055,-0.0248007419392142,-0.289015283103843,0.258291867028909,Accept,1.23080840803976,-0.00769407692709332,0.685441687446726,0.727889167700191,68.1416696081381,Accept,Accept,Accept,Accept,0.918471146349706
0.34182168190942,0.763076354975761,0.0470303652370981,-0.28851448362215,0.841714541549445,Accept,"Z2, Z4",1.28470654038325,1.53857132819754,0.253864787814292,0.789617830549602,0.979728204373539,75.2120045772507,0.0470303652370981,-0.339572159888299,0.438344332939365,Accept,1.53846123083326,0.253754690450013,0.772702559626173,0.928777929231059,82.5763694018338,Accept,Accept,Accept,Accept,1.02003494202757
1.44061247975863,1.09716455142395,0.133796096015477,-1.024906326772,0.182765396489528,Accept,Z2,1.09925532313731,1.18020601595835,0.0809506928210406,1.00524100627814,1.55240483224768,76.096123881891,0.133796096015477,-0.218147478142347,0.477211902063139,Accept,1.18168205964087,0.0824267365035643,0.773426963140754,0.889639472035247,74.724208049085,Accept,Accept,Accept,Accept,0.605468135730289
N/A,N/A,N/A,N/A,N/A,N/A,N/A,N/A,N/A,N/A,N/A,N/A,N/A,N/A,N/A,N/A,N/A,N/A,N/A,N/A,N/A,N/A,N/A,N/A,N/A,N/A,N/A
0.156398294128968,0.925646419402574,0.04992291748336,-0.568599353458954,0.749271993324622,Accept,X6,1.02598985408058,0.942618673294277,-0.0833711807863002,1.03043375606869,1.72146620194561,71.3645896294679,0.04992291748336,-0.283245070536647,0.36257896995061,Accept,0.945615643822409,-0.0803742102581683,0.727348588045291,0.901445769337557,67.5499802901332,Reject,Accept,Accept,Accept,1.19197109716074
1.17604049625088,1.14993110022554,-0.000753030564009911,-0.944453485547377,0.232476186547876,Accept,"Z1, Z2",1.78255223843703,1.64298630584823,-0.139565932588803,0.930150109251479,1.31843317838072,63.1036207152873,-0.000753030564009911,-0.391532820621919,0.413805295494575,Accept,1.6439878798857,-0.138564358551336,0.805981955254098,0.874204219147797,71.1018204788546,Accept,Accept,Accept,Accept,1.00369691712845
0.525214277015328,1.08651899417336,-0.129791075732872,-0.569944571726291,0.262530120811947,Accept,"Z2, Z4",1.4041247061899,1.30716853919234,-0.0969561669975619,0.815072546223849,0.846362318542641,54.766260615732,-0.129791075732872,-0.358468930914513,0.110754150805583,Accept,1.30709282117749,-0.097031885012415,0.791139251306049,0.819058396440004,59.2655337395983,Reject,Reject,Accept,Accept,0.194244546673185
0.164212396390816,0.770555135945982,0.280901583012107,-0.000409564495657988,0.721804834077706,Accept,"Z1, Z2, Z4",1.86056661620025,1.68429011707472,-0.176276499125534,0.925175366558883,1.3436211620334,60.3886237702971,0.280901583012107,-0.0115019165819253,0.588541069557853,Accept,1.68413596556951,-0.176430650630743,0.927905434755855,1.40362754861942,74.6929931314307,Accept,Accept,Accept,Accept,0.990932622463754
0.145374584898114,0.802770657966412,0.178779957799437,-0.803219263034199,1.22922010213757,Accept,Z4,1.48598401804224,1.31779249692711,-0.168191521115123,0.985559992883017,1.2239598366349,74.8493942470323,0.178779957799437,-0.165544235841537,0.523062583545403,Accept,1.31679660463423,-0.16918741340801,0.93483162910808,1.3795223798686,69.506164152587,Accept,Accept,Accept,Accept,0.863529960712987
-0.0404564726138564,0.681919009776098,-0.117565009419344,-0.118153367727932,1.15107173446932,Accept,Z2,1.21898123433654,1.33109563049104,0.112114396154494,1.06729792905138,1.72640528384042,76.7956063945073,-0.117565009419344,-0.553944893860979,0.295524947606154,Accept,1.33286101639292,0.113879782056376,0.877825492744523,1.33028963800129,88.0539058131153,Accept,Accept,Accept,Accept,0.974184909215062
0.955912025857927,0.925525023365484,-0.0439370265199752,-0.541021847042879,0.277975483482223,Accept,"Z1, Z2, Z4",1.57004508597147,1.50369301737271,-0.0663520685987592,0.954860194455475,1.23406758988463,61.4555471353871,-0.0439370265199752,-0.387240102663786,0.326204039861688,Accept,1.50484036397017,-0.0652047220012982,0.832855628845517,0.994317903984302,80.282879514351,Accept,Accept,Accept,Accept,1.15675746079309
0.25078976333729,0.774559787263527,0.0754073820794172,-0.65654822228169,1.20384512804313,Accept,Z2,1.23463548614141,1.1524126809319,-0.082222805209508,1.04090745358003,1.88880964826952,77.8978188851337,0.0754073820794172,-0.208834258050494,0.377915603739471,Accept,1.15506020631803,-0.0795752798233796,0.854888956156716,1.1574960424594,58.1989348297092,Accept,Accept,Accept,Reject,1.77836243762793
N/A,N/A,N/A,N/A,N/A,N/A,N/A,N/A,N/A,N/A,N/A,N/A,N/A,N/A,N/A,N/A,N/A,N/A,N/A,N/A,N/A,N/A,N/A,N/A,N/A,N/A,N/A
0.570326251167765,0.902220009891485,0.1940726208523,-0.380392431388833,0.478213597737522,Accept,"Z1, Z2, Z4",1.52640580222314,1.55227274433577,0.0258669421126368,0.948734055506777,1.30944394171644,60.4207821780508,0.1940726208523,-0.169861577976553,0.56047097871829,Accept,1.54963617878218,0.0232303765590422,0.80266701927006,1.02570058288984,75.8156123425192,Accept,Accept,Accept,Accept,0.874113922448222
0.586004967066542,1.13274637579735,-0.0539721159683754,-0.795370044581171,0.340677316931231,Accept,Z2,1.20466360231738,1.27325609881003,0.0685924964926487,0.84753035248578,1.18405679406857,65.2852243808423,-0.0539721159683754,-0.350790937929752,0.26255867351736,Accept,1.27367242906503,0.0690088267476444,0.812685816272974,1.01696989275545,68.9737971619984,Accept,Accept,Accept,Accept,0.532360684393877
0.470656760028945,0.995423072494845,0.0327206535534697,-0.330749604710434,0.310576924106732,Accept,"Z1, Z2, Z4",0.930205132771101,1.0527043816244,0.122499248853299,0.616907363468887,0.638085080564097,49.5109377311001,0.0327206535534697,-0.207745853671117,0.255608856747567,Accept,1.05340044178208,0.123195309010981,0.666276331178444,0.74368629208457,53.070760698752,Accept,Accept,Accept,Accept,1.07402856832247
0.100165253905517,0.805509304392501,0.184493136741502,-0.059012892043687,0.607403632934089,Accept,"Z1, Z2, Z4",0.982008813789891,0.895463480632504,-0.086545333157387,0.848459650326435,1.19263353313715,45.8817585919693,0.184493136741502,-0.0836028424737464,0.44879999859441,Accept,0.894891931300942,-0.0871168824889492,0.749922945398902,0.893748427097202,56.4121019880348,Accept,Accept,Accept,Accept,1.15039992687498
0.519716830719014,1.09463001252753,-0.0746029750162829,-1.09419870898196,0.957688030084417,Accept,Z2,0.987060452128576,1.26319349526349,0.27613304313491,0.780425809339963,1.15185620182567,62.5541701186916,-0.0746029750162829,-0.465308776031072,0.330027818771728,Accept,1.2613805522888,0.274320100160225,0.676950333758271,0.844981233307374,65.647995992218,Accept,Accept,Accept,Accept,0.45399373151408
0.71408881915529,1.00802529949816,0.0366269483781691,-0.662223337304341,0.67775842683634,Accept,Z2,0.982043327906796,1.0227865808098,0.0407432529029994,1.02561043692293,1.49862770200039,74.8427848890103,0.0366269483781691,-0.234471414863002,0.320554025170699,Accept,1.02100800484304,0.0389646769362411,0.807249761630659,1.08323161229684,70.1622798478889,Accept,Accept,Accept,Accept,0.801841730801317
0.909713994902195,1.00818325897272,0.0949496444227926,-0.903712008599173,0.571262376539191,Accept,Z2,1.3779694452193,1.35921900811822,-0.0187504371010748,0.820294121124608,1.00497745603135,71.4843562423411,0.0949496444227926,-0.277936322257941,0.464550701318924,Accept,1.35740360205848,-0.0205658431608126,0.661031513128288,0.892288152925992,76.4726880542371,Accept,Accept,Accept,Accept,0.815202847847799
0.535176535578014,1.01365267443922,-0.0819140827046496,-0.700047681838144,0.483877642701191,Accept,"Z2, Z4",0.959555945279205,1.1449706283966,0.185414683117391,1.12105093157935,1.7691925143742,68.7450044949034,-0.0819140827046496,-0.402962802244152,0.250423187460896,Accept,1.14525072965747,0.185694784378261,0.920172236204188,1.15321528001049,67.6195314629984,Accept,Accept,Accept,Accept,0.472743612982697
0.520951197277846,1.0091121213566,-0.056431767004435,-0.556062707800455,0.397392724183136,Accept,"Z2, Z4",1.23334467617585,1.13321363156688,-0.100131044608967,1.0093854480589,1.34782835537372,59.7042979507457,-0.056431767004435,-0.258280207968371,0.154729446629439,Accept,1.13273352118628,-0.100611154989568,0.82820829361206,0.973047103821598,39.9830708501946,Accept,Accept,Accept,Accept,1.01948666648667
0.860248996198158,0.977601469996493,-0.0269838044139727,-0.4993033175758,0.252538106624057,Accept,"Z2, Z4",1.16373891627551,1.20016241789751,0.0364235016220013,1.1054375918548,1.85646273996619,60.5326274681088,-0.0269838044139727,-0.270483071293011,0.226254224520166,Accept,1.19754052151598,0.0338016052404713,0.942867103222105,1.40435631486946,69.9092972575057,Accept,Accept,Accept,Accept,1.27688953932249
1.0921972204333,1.26197679165944,-0.0663026558822932,-0.823736435058829,0.587709409425083,Accept,Z2,0.740946219101292,0.944125055232528,0.203178836131236,1.07422305400844,1.6600778588886,76.0958075433206,-0.0663026558822932,-0.409433421364487,0.273188211084081,Accept,0.941837046209059,0.200890827107767,0.968808844060974,1.41088956094847,76.3509185696497,Accept,Accept,Accept,Accept,0.613457709283134
0.237108156014291,1.0113272478989,0.0895546298987601,-0.29133640413885,0.402222244073816,Accept,"Z1, Z2, Z4",1.50306770383405,1.38960545752581,-0.113462246308244,0.93465766551172,1.4568511703106,46.7367297782425,0.0895546298987601,-0.125246260248931,0.323759013812056,Accept,1.38941056917292,-0.113657134661138,0.867469722813693,1.23675202384326,50.2144045402315,Accept,Accept,Accept,Accept,0.528058750200169
0.196086108111648,0.814029217002381,0.199766467684275,-0.405851887770435,1.21764080093997,Accept,Z4,1.55274107352776,1.4390049691086,-0.113736104419166,1.14008492217314,2.27886510958169,80.2009251181418,0.199766467684275,-0.190210825576524,0.580086965938356,Accept,1.43859802219446,-0.114143051333302,0.921311803899403,1.4201868247943,78.7360403966637,Accept,Accept,Accept,Reject,1.84855272677251
1.91300159896257,1.26387405135382,-0.212493275132916,-1.37090029073774,0.013542303798837,Accept,Z2,1.60626454329354,1.66879110512361,0.0625265618300735,1.17406964969832,2.07904285746431,74.9681092547763,-0.212493275132916,-0.483382553674681,0.0616586481075205,Accept,1.66903648324139,0.0627719399478486,0.939140635939659,1.30332086763069,67.4285962197105,Accept,Accept,Accept,Accept,1.23382180781578
0.243304893280098,0.854590602876351,0.526836615516875,-0.188094490769396,0.905317768102887,Accept,"Z1, Z2",1.00127286723884,1.1278740227064,0.126601155467553,1.02738781991366,1.51144705538263,70.09749041915,0.526836615516875,0.309222176490185,0.731888984257077,Reject,1.12489322123011,0.123620353991267,0.948989144055908,1.23716243359967,75.2641857414406,Accept,Accept,Accept,Accept,1.34176168804152
0.386170239496672,0.869550880484186,-0.144139099436709,-0.341339290296448,0.675690702300609,Accept,"Z2, Z4",1.33700975776137,1.28724498415572,-0.0497647736056514,1.00698956185465,1.4108061691377,68.9959966327563,-0.144139099436709,-0.398858182727819,0.129478615676364,Accept,1.28743992139262,-0.0495698363687476,0.762944940332516,0.936172097754345,71.4556464439878,Accept,Accept,Accept,Accept,0.842678328424798
0.93482375818153,0.947003377531808,0.0491081755088471,-0.80379834325911,0.439467086620749,Accept,Z2,1.44856790615187,1.48638956728714,0.0378216611352695,0.816698128330609,1.24591924207316,65.9343629017699,0.0491081755088471,-0.366890330988015,0.479684038346512,Accept,1.48831256226643,0.0397446561145526,0.74148754817067,0.919355927162153,75.7747140952131,Accept,Accept,Accept,Accept,0.597799720369931
0.581465899480843,1.08047840300547,-0.0705665109325535,-0.416738001109647,0.107613334687842,Accept,"Z1, Z2, Z4",1.76772626003709,1.60574922720748,-0.161977032829615,0.646822499384575,0.713878285440277,48.4026529441823,-0.0705665109325535,-0.311648241263068,0.187988237358445,Accept,1.60505664729339,-0.162669612743698,0.601859416360719,0.60669609013585,68.6563223932983,Accept,Accept,Accept,Accept,0.386461625420138
0.436414326844072,0.952459741186576,-0.0250171702527591,-0.418626070516761,0.454695746039263,Accept,"Z1, Z2",1.24419369588679,1.00557665276504,-0.238617043121751,0.924541012387393,1.262159774993,69.0592852017952,-0.0250171702527591,-0.321037582574964,0.272333777559488,Accept,1.00683790773153,-0.237355788155257,0.837380485066914,0.901772731082587,77.6377457243842,Accept,Accept,Accept,Accept,0.865816157487837
1.14488525913868,1.26403255549679,-0.00500280463911912,-1.08689045773043,0.264018316093019,Accept,Z2,1.37281969308046,1.30855894559437,-0.0642607474860949,0.783825933329518,1.00436059266871,68.897762106327,-0.00500280463911912,-0.244740215418379,0.248114715776475,Accept,1.30820005755174,-0.0646196355287247,0.664034841750864,0.855170876900948,59.2888106853527,Accept,Accept,Accept,Accept,0.381343407827174
0.403518411208439,0.81046722723317,0.0357435267941236,-0.121171865945696,0.689275155447003,Accept,"Z2, Z4",1.63539098347538,1.54872063294958,-0.0866703505258008,0.888297136511581,1.22279548756185,66.7268735976018,0.0357435267941236,-0.224363221513154,0.300178272205557,Accept,1.54757806132877,-0.0878129221466093,0.78930105679491,0.94166215288519,65.2086058595559,Accept,Accept,Accept,Accept,1.03610841832348
0.855025509582862,0.986826202029884,0.0367042917305274,-0.353256983339987,0.184269651952946,Accept,"Z1, Z2, Z4",1.16803473096647,1.20990957332298,0.0418748423565079,1.04553356899034,1.52080446216189,56.8054834767896,0.0367042917305274,-0.172733750329515,0.245886677239288,Accept,1.20965854947277,0.0416238185063041,1.00424067285169,1.48578747323097,65.6667297059559,Accept,Accept,Accept,Accept,1.55062751267612
1.20403797359011,1.10721494817236,-0.0956242673316084,-0.861756036891059,0.507787333876488,Accept,Z2,1.46968365414994,1.30441600326574,-0.165267650884208,1.195546037814,2.08940687173562,80.9630904415084,-0.0956242673316084,-0.392969376182614,0.215905981263438,Accept,1.30073531963408,-0.168948334515862,0.78570832824538,0.969640898785889,68.440915619584,Accept,Accept,Accept,Accept,1.12419839809122
0.136360008889813,0.759094490533205,0.208517739485427,-0.235434616254512,1.4186301491626,Accept,Z2,1.12828504610152,1.03954985093783,-0.0887351951636905,0.703112635284374,0.844333725223713,61.4942277510281,0.208517739485427,-0.336958776427495,0.736215654220927,Accept,1.03707964797314,-0.0912053981283855,0.737294453017799,0.844051872363366,71.0629799229014,Accept,Reject,Accept,Reject,1.10674176316575
0.201544161251719,1.079108301186,0.0300074886630535,-0.624139708754469,0.307574866702924,Accept,"Z1, Z2",1.25114029028388,1.13621797745312,-0.114922312830764,1.00915522977831,1.46084896541317,64.8553888933447,0.0300074886630535,-0.297338697307882,0.351771481837922,Accept,1.13498583871016,-0.116154451573726,0.901681502463156,1.15695995828399,78.3106267239176,Accept,Accept,Accept,Accept,0.577376306738964
0.107798236667797,0.902628699738783,0.163839128254218,0.0432162396376446,0.689598203041025,Reject,"Z1, Z2, Z4",1.41352220060059,1.20225908193904,-0.211263118661552,0.910959444649538,1.35353902078712,46.3369737439003,0.163839128254218,-0.111468174187793,0.445812962074619,Accept,1.20420296047247,-0.209319240128121,0.878621491830777,1.25419867904463,62.8639790131106,Accept,Accept,Accept,Accept,1.07009320786307
0.926780529595404,1.11892603620733,-0.0720975929614916,-0.683929881331101,0.0450859852168514,Accept,"Z1, Z2, Z4",1.26247551070213,1.05857126857737,-0.203904242124765,0.935928009168383,1.27742236155903,57.6553279879008,-0.0720975929614916,-0.334758482942245,0.204936518491823,Accept,1.05896790173509,-0.203507608967045,0.86057533153596,1.06673161849077,61.6793373052773,Accept,Accept,Accept,Accept,1.12751471441596
-0.044960631232764,0.790806413409595,0.121031646019295,-0.0905245496461184,0.793962314581791,Accept,"Z2, Z4",1.57621393971698,1.52539218531421,-0.0508217544027701,0.878059576927354,1.23695764612671,62.201493611862,0.121031646019295,-0.0902495289355406,0.316916282713649,Accept,1.5257166173879,-0.0504973223290788,0.83414921027949,1.06274092366699,46.647428324291,Reject,Accept,Accept,Accept,0.780641864171491
0.033229028187218,0.795420815845882,0.0608044188849724,-0.349941364795002,1.21502452659633,Accept,Z2,0.705605468902044,0.964537097054299,0.258931628152255,1.08581784552541,1.65496007299409,71.7012191534122,0.0608044188849724,-0.315433408162246,0.447542251867764,Accept,0.965401123522979,0.259795654620935,1.01511511972592,1.45296469912993,74.1442587742446,Accept,Accept,Accept,Accept,1.05647059667368
0.503532688564487,0.938084511404761,-0.0695584452612781,-0.644723288638571,0.84621080088491,Accept,X6,1.30523258452667,1.16320703571931,-0.142025548807355,1.16994099204787,2.0771551942579,84.2914686051761,-0.0695584452612781,-0.369168279810379,0.231744537114993,Accept,1.16155673677976,-0.143675847746901,0.756268444191672,0.936084467420031,73.4597957568961,Reject,Accept,Accept,Accept,1.0572947173085
0.22911241116205,0.909841405497345,0.0653310283065163,-0.769665758793409,0.987193647960322,Accept,Z2,0.578239856335295,1.03203950188727,0.453799645551973,1.0646058316363,1.69051451528658,74.3726587140862,0.0653310283065163,-0.234104049118566,0.359297346966699,Accept,1.03549803779507,0.457258181459778,0.910206173306171,1.28736158569263,63.5536024345422,Accept,Accept,Accept,Accept,0.841660257416279
0.524164086619081,1.10484076160747,-0.243453884689649,-0.78158493355333,0.420603798355236,Accept,"Z1, Z2",1.41879087191282,1.29102548408375,-0.127765387829068,0.892072827410359,1.2550843838874,61.6272883343028,-0.243453884689649,-0.631284373378184,0.159474625518977,Accept,1.29127714086619,-0.127513731046627,0.867726897023727,1.05755297471975,74.708619694811,Reject,Accept,Accept,Accept,0.77275540532969
0.0154334980204664,0.846522056693041,0.00723727828241335,-0.10694324878336,0.611523879704228,Accept,"Z1, Z2, Z4",1.32177139101393,1.35563639183882,0.0338650008248938,0.90262088608883,1.10865586477942,55.3179523370949,0.00723727828241335,-0.294671136078764,0.293862537978769,Accept,1.35575736109685,0.0339859700829165,0.840874173927572,1.10214723330674,70.3264361773152,Accept,Accept,Accept,Accept,0.630542572237221
1.33869896361695,1.40087807539579,-0.24691176326678,-1.58346278184898,-0.0132903465419401,Reject,Z2,1.09512393396464,1.09271402476945,-0.00240990919519382,1.20616501437365,2.26497684364024,76.7059269441848,-0.24691176326678,-0.598231559864903,0.105300303165161,Accept,1.09140115248786,-0.00372278147677648,1.01694821079456,1.46304987019802,72.7053206286935,Accept,Accept,Accept,Accept,1.50028331928213
1.58039904494104,1.21731604638871,-0.181112348219603,-1.45432198713796,-0.0799130432664732,Reject,Z2,1.21099880794932,1.51750670519131,0.306507897241987,1.08691925879325,1.68859611013581,76.5223120178373,-0.181112348219603,-0.569691493059211,0.237924647149835,Accept,1.51849082043586,0.307492012486534,1.01469412641552,1.61972811715227,81.0556803468391,Reject,Accept,Accept,Accept,1.36509943346705
-0.90088375405355,0.534316839679194,0.111972966694816,0.372546682240194,1.26455889727745,Reject,Z2,1.24841144196848,1.33602747565939,0.0876160336909148,0.82419135301447,1.4384125179817,65.4517310944196,0.111972966694816,-0.1792652861303,0.406977211413573,Accept,1.33809449391133,0.0896830519428489,0.836073184508024,1.22412797238501,54.2728753582614,Reject,Accept,Accept,Reject,2.03958956186811
N/A,N/A,N/A,N/A,N/A,N/A,N/A,N/A,N/A,N/A,N/A,N/A,N/A,N/A,N/A,N/A,N/A,N/A,N/A,N/A,N/A,N/A,N/A,N/A,N/A,N/A,N/A
0.4601132711535,0.960659352260309,0.228398419974279,-0.683571734532255,0.762461866718295,Accept,Z2,0.880252056225975,0.928223709655056,0.0479716534290804,1.11980917913144,1.94278478099551,80.5696827010372,0.228398419974279,-0.156358175079702,0.615788090885229,Accept,0.932089055192149,0.0518369989661732,0.836238509357188,1.24533440814448,85.3377931981388,Accept,Accept,Accept,Accept,0.914541397347943
0.661038703765425,1.067065912726,-0.309326744658468,-0.623846128545383,0.200456197612134,Accept,"Z1, Z2, Z4",0.751574049235481,0.87311202730254,0.12153797806706,0.915033662516717,1.23821657211108,52.7670621681174,-0.309326744658468,-0.598875336297147,0.0156228448201435,Accept,0.872312055619611,0.12073800638413,0.840736972877887,1.01956190410184,66.5682394013091,Accept,Accept,Accept,Accept,0.479975276176146
0.376432877991045,0.970877550874638,0.108862517420173,-0.366689024050135,0.376673099050663,Accept,"Z1, Z2, Z4",1.55691417104904,1.44542045400568,-0.111493717043366,0.717997320112532,0.683995874460834,54.7640199429773,0.108862517420173,-0.108365586356895,0.326881245544312,Accept,1.44767285359203,-0.109241317457016,0.6831543614363,0.744519767621457,51.8211311229991,Accept,Accept,Accept,Accept,0.708001855957625
-0.161506557940778,0.86207218218416,0.207656617733708,-0.122768091910754,0.646645373917482,Accept,"Z1, Z2, Z4",1.59443380551952,1.64738433219686,0.0529505266773431,0.870778569794328,1.10298632829101,49.288825685621,0.207656617733708,-0.0396057521146616,0.451900953204905,Accept,1.6480603846883,0.0536265791687809,0.796263523362888,0.935737399194748,56.0270608084327,Reject,Accept,Accept,Accept,0.752821517988032
0.675129316378642,1.13210110050343,-0.051145154905165,-0.935098477789861,0.594914687946213,Accept,Z2,1.05624496433171,1.22430915134367,0.168064187011965,0.977807106409763,1.4572051282729,68.0073358052601,-0.051145154905165,-0.295857836703996,0.198882814972358,Accept,1.22324634302041,0.167001378688701,0.792989419404515,0.965468140675649,51.1179100755459,Accept,Accept,Accept,Accept,1.1568379243574
0.395131904077194,0.934647876930536,0.1938081901748,-0.173015870731822,0.519106358005613,Accept,"Z1, Z2, Z4",1.51033884892374,1.24324039417833,-0.267098454745405,0.914488303638958,1.28453389073968,60.5090827320869,0.1938081901748,-0.0906184756777327,0.480174326836883,Accept,1.24395001829551,-0.266388830628227,0.853654267985035,1.0525396618823,76.0050543641287,Reject,Reject,Accept,Accept,1.18916682651683
1.35029164159069,1.3528269107015,0.190541196187407,-0.868836358668927,0.605905628723073,Accept,Z2,1.3622371468073,1.44802119618312,0.0857840493758248,0.998573144159558,1.55376152534102,81.1478965486358,0.190541196187407,-0.0949890815845516,0.473977887316044,Accept,1.44919689956277,0.0869597527554758,0.647922636470146,0.707268834658565,70.902615901148,Accept,Accept,Accept,Accept,0.866727646110581
N/A,N/A,N/A,N/A,N/A,N/A,N/A,N/A,N/A,N/A,N/A,N/A,N/A,N/A,N/A,N/A,N/A,N/A,N/A,N/A,N/A,N/A,N/A,N/A,N/A,N/A,N/A
0.394628308416427,1.05570100727691,0.114327545777336,-0.862331936600234,0.477874982653308,Accept,"Z1, Z2",1.25098908592291,1.23375456636318,-0.0172345195597308,0.810185432412848,1.03980246848443,64.7567801487918,0.114327545777336,-0.150943118597269,0.372285558715249,Accept,1.23502516116325,-0.0159639247596635,0.783429177232393,0.905477254675096,47.2090728568102,Accept,Accept,Accept,Accept,0.938485945016735
0.522828811640205,1.11081506312465,0.063280654808604,-1.0879226864166,0.60827398373506,Accept,X9,1.36481564269429,1.42413882173807,0.059323179043772,1.18420331419843,1.89473437048067,81.8472276557715,0.063280654808604,-0.24590679445761,0.383136800609862,Accept,1.42985034095372,0.065034698259426,0.801682059275973,0.860828182793146,71.9591242774159,Reject,Accept,Accept,Accept,0.906310009572145
0.658136666364284,1.11466995498193,-0.143102554063729,-0.754334965568747,0.326564132294265,Accept,"Z2, Z4",1.02405346357771,1.16668281033287,0.142629346755158,1.08328605802188,1.94754878442892,70.7499683340385,-0.143102554063729,-0.442819865924849,0.143290838205682,Accept,1.16644667664157,0.142393213063863,0.8699020387117,1.33439808439023,75.8394700281781,Accept,Accept,Accept,Accept,1.10823409103927
N/A,N/A,N/A,N/A,N/A,N/A,N/A,N/A,N/A,N/A,N/A,N/A,N/A,N/A,N/A,N/A,N/A,N/A,N/A,N/A,N/A,N/A,N/A,N/A,N/A,N/A,N/A
0.428521032041393,0.806040305148154,0.0813140541889518,-0.164434654003392,0.712785644446248,Accept,"Z1, Z2",0.504074204507682,0.716017796926425,0.211943592418743,1.02099140660802,1.60776991834189,70.3142450212085,0.0813140541889518,-0.221053232688726,0.387284913644273,Accept,0.715002178579922,0.21092797407224,0.877618147259487,1.17502398197683,74.1979743310042,Accept,Accept,Accept,Accept,1.27879204565807
1.24448653310462,1.23541666064742,-0.207817901225364,-1.17676365800638,0.226411129358522,Accept,Z2,1.53672052441685,1.54938807771049,0.0126675532936353,0.96841503082945,1.59180826412119,75.202651151858,-0.207817901225364,-0.639518925843389,0.222987668119337,Accept,1.5535817368118,0.016861212394948,0.841673546822049,1.06837641736026,89.5439806834632,Accept,Accept,Accept,Accept,0.730357601650085
0.293674559847043,0.969715912694573,0.255599024029064,-0.44419035720936,0.717302074552417,Accept,"Z2, Z4",1.49822023967881,1.3959602966944,-0.102259942984413,1.02779215538197,1.5829469479483,64.2851737739376,0.255599024029064,-0.0749305217567097,0.585379548631911,Accept,1.39678089640203,-0.101439343276777,0.852634404542786,1.17681754878613,77.4811938516205,Accept,Accept,Accept,Accept,0.265508782129104
-0.324371640822918,0.827446250091921,0.0712781227865307,-0.48863650126761,1.0437198949094,Accept,Z2,1.86003186321899,1.71978002605388,-0.140251837165104,0.920608460334123,1.4445871033945,75.8438054506227,0.0712781227865307,-0.293342107918993,0.416064908626729,Accept,1.72018412445394,-0.13984773876505,0.843880743154055,1.18757544884287,81.1168616301285,Accept,Accept,Accept,Accept,0.206380079239885
N/A,N/A,N/A,N/A,N/A,N/A,N/A,N/A,N/A,N/A,N/A,N/A,N/A,N/A,N/A,N/A,N/A,N/A,N/A,N/A,N/A,N/A,N/A,N/A,N/A,N/A,N/A
0.633858577400655,0.983337028366003,0.296244491940229,-0.416619239551905,0.526586597638987,Accept,"Z1, Z2",1.39544371553052,1.45407269324488,0.0586289777143612,0.794598507700522,0.928576371523375,70.3021001398125,0.296244491940229,0.0701953067689776,0.518921935536268,Reject,1.45303080144213,0.0575870859116127,0.707450310375727,0.850769581136304,68.2631384564861,Accept,Reject,Accept,Accept,0.897406545113296
0.233112574126599,0.932724739736436,0.0524280764689475,-0.136715533664704,0.400190086289318,Accept,"Z1, Z2, Z4",1.65032600343985,1.59945528262105,-0.0508707208187958,0.893430296111102,1.30457536173184,40.8747538597936,0.0524280764689475,-0.149956413552566,0.25324336682591,Accept,1.60196670892452,-0.0483592945153337,0.774076142209297,0.902261434229326,51.1936908461786,Accept,Accept,Accept,Accept,1.20374711617467
1.14050364001416,1.19940856735279,-0.208808353986493,-1.05914639963614,0.0790888348226854,Accept,Z2,1.09973135774909,1.20068357629677,0.100952218547675,1.05703885444741,1.85558279033381,72.5303172264622,-0.208808353986493,-0.493840451531122,0.0768172746347498,Accept,1.1990060625811,0.0992747048320085,1.01036623948974,1.56867785977315,63.6177060967158,Accept,Accept,Accept,Accept,1.76923336482116
0.078992662175882,0.940441169796203,0.08055981579926,-0.20557672735049,0.545348485428104,Accept,"Z1, Z2, Z4",1.17905602546074,1.16108678872413,-0.0179692367366053,0.696438376741748,0.808723463101013,48.5165164391494,0.08055981579926,-0.201477533086706,0.336026004834537,Accept,1.16064428188937,-0.0184117435713696,0.72755262046828,0.887827537869426,54.7831671998498,Accept,Accept,Accept,Accept,0.636967661764693
-0.0819623312807279,0.917497561867526,0.031063826801759,-0.142916083073465,0.68162205851761,Accept,"Z2, Z4",1.42807289002439,1.34807980573328,-0.0799930842911154,0.808177277597246,0.996621542682543,60.3539501265137,0.031063826801759,-0.254131976124322,0.313145186235452,Accept,1.34704450955729,-0.0810283804671039,0.813172839214297,0.852776110688798,71.0432339733113,Accept,Accept,Accept,Accept,0.298653585486765
1.112409690355,0.962763063266953,0.0295947260280982,-0.442645605975923,0.134737689028459,Accept,"Z1, Z2, Z4",1.63402454211622,1.5713415433472,-0.0626829987690236,1.02793510135112,1.47540213892251,60.5693488976822,0.0295947260280982,-0.269123387689845,0.314967972560298,Accept,1.56870260955123,-0.0653219325649901,0.90243347614301,1.21384840180283,74.8788166426724,Accept,Accept,Accept,Accept,0.628381874381908
0.519808617918843,0.998918047982571,0.0352703179889782,-0.666963682239458,0.658897719191347,Accept,Z2,1.54190562324594,1.0968619461114,-0.445043677134538,0.95011833780731,1.40851265154085,70.3460574797354,0.0352703179889782,-0.199529050133579,0.266239079551232,Accept,1.09413724367666,-0.447768379569283,0.867722527577703,1.08549936813134,54.9454753507101,Accept,Accept,Accept,Accept,1.24219259969386
0.243124258071326,0.881241584096234,0.116081851916312,-0.104354640713414,0.460767615665164,Accept,"Z1, Z2, Z4",0.923379226659191,1.05916141652745,0.135782189868263,0.835645460465398,1.12528453289509,47.8420497300105,0.116081851916312,-0.10290419900056,0.333727999915047,Accept,1.06040695543734,0.137027728778149,0.758979023572119,0.912077218026617,54.274661387366,Reject,Reject,Accept,Reject,1.57220007652072
0.748128017320042,1.12660523685232,0.0356220320830826,-0.875729721628055,0.533880676260924,Accept,Z2,1.02815904393291,0.919201575466289,-0.108957468466617,1.1356626405859,1.88464686384454,71.0448551090349,0.0356220320830826,-0.271515073820931,0.351839505380653,Accept,0.917245277515056,-0.110913766417849,1.02041209839812,1.63978254365752,68.3706069126237,Accept,Accept,Accept,Accept,1.0142222164561
1.80793168776783,1.41557017285706,0.182354837700998,-1.51579728008795,-0.0109650703142097,Reject,Z2,1.18473197551259,1.34179085602037,0.15705888050778,0.915477228554093,1.39197226240597,77.7153285386937,0.182354837700998,-0.359070764341599,0.724725888050925,Accept,1.34417080502626,0.159438829513669,0.776483773032945,0.991416586417523,88.9441196631176,Accept,Accept,Accept,Accept,1.12797972410236
0.260971251581206,0.963088922926919,-0.00932925219864256,-0.465728688901731,0.539149463208755,Accept,"Z2, Z4",1.47498165679851,1.31659558132842,-0.15838607547009,1.18833432737611,2.10104133138205,54.6073457708293,-0.00932925219864256,-0.358703929379172,0.354679648365534,Accept,1.31579993065474,-0.159181726143777,1.05817279498527,1.85265178564307,69.0746641772458,Reject,Accept,Accept,Reject,1.71110684461025
0.333010927200882,0.854174488213174,0.258171702936653,-0.208473934758891,0.524007888181106,Accept,"Z1, Z2, Z4",1.42987279537918,1.29324975482811,-0.136623040551061,0.766404280785009,0.784395308063899,59.1847859468891,0.258171702936653,0.0182346516402418,0.487952427355458,Reject,1.29537285177518,-0.134499943603992,0.805807142127438,0.900364765117396,63.084309142794,Accept,Accept,Accept,Accept,0.871214482239883
0.531140913937693,0.9287694663315,0.114225050140098,-0.410172011000223,0.538502543432955,Accept,"Z1, Z2",1.12148233914451,1.24102840639589,0.119546067251382,0.910557497419703,1.21678978446995,71.3083396271745,0.114225050140098,-0.202000593001542,0.445706952048554,Accept,1.24222208375637,0.120739744611861,0.873284738723955,1.14111911732453,86.4884634460659,Accept,Accept,Accept,Accept,1.06736137714298
0.731406854041009,1.08503179747595,0.0912281734970464,-0.762476211206263,0.434882957691106,Accept,Z2,1.46955584618828,1.20943114325599,-0.260124702932291,0.909470754039847,1.18675389346267,65.1105194704255,0.0912281734970464,-0.227047973883909,0.406022759419861,Accept,1.20766534242397,-0.261890503764316,0.76170596470065,0.899373171461509,67.3568392962983,Accept,Accept,Accept,Accept,0.661440211338127
0.625831814833951,1.27583608422613,0.140472341245248,-1.02363438735422,0.279056982817724,Accept,Z2,1.24569705311882,1.15091925000433,-0.0947778031144875,0.96325559879774,1.49456441716455,55.5824617369308,0.140472341245248,-0.128229088272328,0.403966227123029,Accept,1.15148508946747,-0.0942119636513485,0.785142311199734,1.01295520068866,46.4435361554108,Accept,Accept,Accept,Reject,1.59445770628821
0.238637932816491,0.911899090187653,0.216655125833118,-0.518299245789537,1.0287256871492,Accept,Z2,1.25325673376669,1.32256960543541,0.0693128716687237,0.934550505262926,1.304862658866,76.0693443481979,0.216655125833118,-0.116878558699539,0.551750781917348,Accept,1.32533825664559,0.0720815228789068,0.861913107726284,1.17068741192487,78.0209835443182,Accept,Accept,Accept,Accept,0.916284114792979
0.391132260129787,0.911690455111048,0.224089698763103,-0.343805693113039,0.397062535946033,Accept,"Z2, Z4",1.6284160765515,1.40433617591202,-0.224079900639474,1.05003858203127,1.53106240941639,48.7702790947953,0.224089698763103,-0.0666889803418264,0.505986407088093,Accept,1.40533501068243,-0.223081065869065,0.974061727284532,1.29848308828193,65.4370382936766,Accept,Accept,Accept,Accept,0.365313067182418
0.69416305945811,0.976732329142654,-0.0781738213532065,-0.639578710396577,0.564457885559576,Accept,Z2,1.53461779078592,1.55659854944229,0.0219807586563704,1.00450855314215,1.66895104599829,63.7376023167988,-0.0781738213532065,-0.368347486899321,0.229741053285174,Accept,1.55501391299695,0.0203961222110302,0.834126408041163,1.03776729781584,63.4581836280347,Accept,Accept,Accept,Accept,0.801502786107936
N/A,N/A,N/A,N/A,N/A,N/A,N/A,N/A,N/A,N/A,N/A,N/A,N/A,N/A,N/A,N/A,N/A,N/A,N/A,N/A,N/A,N/A,N/A,N/A,N/A,N/A,N/A
0.692011382564712,1.06551021673063,-0.237160678389141,-0.708782960271355,0.328243597249126,Accept,"Z2, Z4",1.0968754878374,1.06807230697224,-0.0288031808651584,0.897733050296466,1.34437971019859,69.6163404741741,-0.237160678389141,-0.530926101100669,0.0475641475845159,Accept,1.06944404278337,-0.0274314450540285,0.696415216360356,0.795372310541853,74.0876230328627,Accept,Accept,Accept,Accept,0.446908199189663
0.580422334343433,1.01026050932711,-0.0371199044985594,-0.345770217633678,0.420651420112202,Accept,"Z1, Z2, Z4",1.46632808348509,1.27904526122702,-0.18728282225807,1.07794751243228,1.688564641251,55.6061046380354,-0.0371199044985594,-0.345554967168481,0.270671963895641,Accept,1.28230143876681,-0.184026644718275,0.885378899188865,1.15556283492413,61.2495162227173,Accept,Accept,Accept,Accept,1.30178231657184
0.168432607440432,0.837704858154827,-0.167541741064433,-0.435990790308442,0.993175395223978,Accept,Z2,1.29390228716357,1.23536477318553,-0.0585375139780448,0.870438908841853,1.10215770892562,68.3124291824072,-0.167541741064433,-0.547147074482868,0.229024674654794,Accept,1.23284545600491,-0.0610568311586607,0.856230926938626,1.11490638529909,79.1879803574619,Accept,Accept,Accept,Accept,0.832781086556244
-0.140986248824138,0.840870327527432,-0.0616384861399546,-0.13469295404726,0.644440354675324,Accept,"Z2, Z4",1.14630019859748,1.43362593721046,0.287325738612986,1.11894611204206,1.87349386979567,55.6285627764472,-0.0616384861399546,-0.365084047441045,0.224568214766571,Accept,1.43221913654136,0.285918937943885,1.13826159075362,1.82424565138268,72.5312613782193,Accept,Accept,Accept,Accept,0.176514065945346
-0.143936337638688,0.513448723287617,0.237262324521777,-0.198911622854304,1.44653475143835,Accept,Z2,1.55220913167308,1.35859024011285,-0.193618891560236,1.14889757946265,1.95599982880461,75.7928176179079,0.237262324521777,-0.216412326233262,0.690532061703926,Accept,1.35877845775973,-0.193430673913355,1.13767820665457,1.84837995697106,82.8472465496616,Accept,Accept,Accept,Accept,0.613211846802904
0.484831955953366,0.99392762968474,-0.133855616047752,-0.532324850870693,0.498718846533392,Accept,"Z3, X4",0.81134142447516,1.20895534252903,0.39761391805387,1.08103695370361,1.65362608038696,67.9792675824211,-0.133855616047752,-0.39197512080691,0.140474354106627,Accept,1.21362923633412,0.402287811858962,1.03032791066478,1.43323041476989,75.3212489302119,Reject,Reject,Accept,Accept,0.256620979819656
0.323809579601644,0.948275635589887,0.165590944677964,-0.305441360916555,0.674953548333863,Accept,Z2,1.05860189443991,1.15351166784379,0.0949097734038773,1.01855589017027,1.49847358872163,64.0579346260762,0.165590944677964,-0.0910069984157351,0.426074097973617,Accept,1.15443406698428,0.095832172544364,0.854900735278452,1.04255436554411,62.5107433640471,Accept,Accept,Accept,Accept,0.66471640094673
0.754860628758286,1.01592476090446,-0.0311591117543592,-0.616364127149676,0.590314773392102,Accept,"Z1, Z2",1.04062398111009,1.01149089341371,-0.0291330876963824,0.901460856994341,1.25949462357374,69.4631084397686,-0.0311591117543592,-0.374982917000501,0.334115474044453,Accept,1.0116097939437,-0.0290141871663937,0.71560328556983,0.918471576806759,75.9987981814329,Accept,Accept,Accept,Accept,0.888618671076679
0.596070945363552,1.07811114167097,0.130432190115557,-0.84960609207969,0.577160958461035,Accept,Z2,1.13944190745897,1.03158329813028,-0.107858609328687,1.01502912910159,1.49332055840018,73.2762371020439,0.130432190115557,-0.20743958486189,0.459763530129904,Accept,1.03154980268423,-0.107892104774736,0.835667010904915,1.08820390349184,77.4351013749593,Accept,Accept,Accept,Accept,1.30125981258734
-0.0156753307366529,0.863308705797124,0.123295524298412,-0.20860075508542,0.663176279275273,Accept,"Z1, Z2, Z4",1.59601106107549,1.56736333875082,-0.0286477223246747,0.918079054152338,1.20073699898365,46.6049013989222,0.123295524298412,-0.208340839882858,0.450387710363791,Accept,1.56883055770736,-0.0271805033681355,0.795389825615627,0.873195131799087,52.7327116587241,Accept,Accept,Accept,Accept,1.54855587711193
N/A,N/A,N/A,N/A,N/A,N/A,N/A,N/A,N/A,N/A,N/A,N/A,N/A,N/A,N/A,N/A,N/A,N/A,N/A,N/A,N/A,N/A,N/A,N/A,N/A,N/A,N/A
N/A,N/A,N/A,N/A,N/A,N/A,N/A,N/A,N/A,N/A,N/A,N/A,N/A,N/A,N/A,N/A,N/A,N/A,N/A,N/A,N/A,N/A,N/A,N/A,N/A,N/A,N/A
N/A,N/A,N/A,N/A,N/A,N/A,N/A,N/A,N/A,N/A,N/A,N/A,N/A,N/A,N/A,N/A,N/A,N/A,N/A,N/A,N/A,N/A,N/A,N/A,N/A,N/A,N/A
0.479665342979657,1.01871015145646,-0.0897340035663226,-0.885268215441978,1.06188306272225,Accept,Z2,1.77207301864863,1.48133914724615,-0.290733871402473,0.986105751208321,1.51800712507809,75.9170396358185,-0.0897340035663226,-0.448091873663362,0.287399828738847,Accept,1.47896240862199,-0.293110610026633,0.998203606115769,1.4611426802793,69.6436045149414,Accept,Accept,Accept,Accept,1.449961205728
N/A,N/A,N/A,N/A,N/A,N/A,N/A,N/A,N/A,N/A,N/A,N/A,N/A,N/A,N/A,N/A,N/A,N/A,N/A,N/A,N/A,N/A,N/A,N/A,N/A,N/A,N/A
0.812876046754457,0.995576057837948,-0.0264335145002948,-0.646651465478494,0.383793791299105,Accept,"Z2, Z4",0.946779081762868,1.03355941201859,0.0867803302557199,0.643036791482723,0.729436177568994,76.0342243342041,-0.0264335145002948,-0.393866916659402,0.362253859409518,Accept,1.03102742530573,0.084248343542859,0.720808461859962,0.816720229822839,88.006581036786,Accept,Accept,Accept,Accept,0.222228459236608
0.461372215528847,1.03429227133592,-0.173149589032719,-0.425406996396962,0.366638285768219,Accept,"Z1, Z2, Z4",1.37499070633438,1.17937493296139,-0.195615773372984,0.768951836332291,0.913722266357901,53.5651102107067,-0.173149589032719,-0.481646639927041,0.124823571535678,Accept,1.1794936421088,-0.19549706422558,0.863507471919519,1.02217492385554,68.9377356678404,Accept,Accept,Accept,Accept,0.126384503278767
0.323872095470457,1.07695697741259,-0.0691036225057166,-0.390072690726149,0.160263646252581,Accept,"Z1, Z4, X7",1.28227502432901,1.46776766461212,0.185492640283101,0.692813734468166,0.65769050305206,35.9317083207736,-0.0691036225057166,-0.250827838208401,0.106287136796298,Accept,1.46914405329501,0.186869028965993,0.601506880894322,0.529559018295188,39.0594683772984,Reject,Accept,Accept,Accept,1.0520578685427
N/A,N/A,N/A,N/A,N/A,N/A,N/A,N/A,N/A,N/A,N/A,N/A,N/A,N/A,N/A,N/A,N/A,N/A,N/A,N/A,N/A,N/A,N/A,N/A,N/A,N/A,N/A
0.43582228150654,0.954134029694562,0.0120843440165282,-0.758632953266351,0.918680238260326,Accept,Z4,0.997805591229921,1.19313239027247,0.195326799042553,1.15073963077365,1.91192545394147,81.6388592339883,0.0120843440165282,-0.302720822629014,0.308278441764722,Accept,1.19041226124851,0.192606670018593,0.863488162925785,1.17891409589878,69.9285356323641,Accept,Accept,Accept,Reject,1.58286310882892
0.770517036214316,1.04588939137421,-0.132688822850238,-0.509423204016686,0.404517175434194,Accept,"Z1, Z2",1.66968203114831,1.30615625174771,-0.363525779400602,1.07818555739202,1.81965534050918,73.4939638454189,-0.132688822850238,-0.43557412835046,0.197663344645894,Accept,1.30752818588916,-0.362153845259156,1.01419859283541,1.49656492573212,86.338625055938,Accept,Accept,Accept,Accept,0.681892627427245
-0.0565343824436632,0.942916822993801,-0.122673824690816,-0.922550609524152,1.16748050353715,Accept,Z2,0.863989709774043,1.36461191815606,0.500622208382021,1.14118771647031,1.88930384848917,67.196707208538,-0.122673824690816,-0.617292650798175,0.330515708892299,Accept,1.36471217968154,0.5007224699075,0.96651333534686,1.34836636002696,74.0549838005848,Accept,Accept,Accept,Accept,1.0841807270116
0.155300644783313,0.893736595160645,0.187025099303457,-0.188789196223206,0.56176616292216,Accept,"Z1, Z2, Z4",0.651896408687768,0.891736716338397,0.239840307650629,0.951434552501823,1.32702797115908,56.3121223987939,0.187025099303457,-0.0647362013867447,0.451279703026509,Accept,0.891400222636174,0.239503813948406,0.861142032456797,1.14228218427739,64.7688934908755,Reject,Accept,Accept,Accept,1.03581389408668
N/A,N/A,N/A,N/A,N/A,N/A,N/A,N/A,N/A,N/A,N/A,N/A,N/A,N/A,N/A,N/A,N/A,N/A,N/A,N/A,N/A,N/A,N/A,N/A,N/A,N/A,N/A
0.783958093712161,1.0446158270342,0.317576613676371,-0.553235124021064,0.375440532280966,Accept,"Z2, Z4",1.4296597358557,1.37915474298833,-0.0505049928673734,1.0356225133156,1.61743010281085,63.5711948984235,0.317576613676371,0.0193177388481392,0.622315300035422,Reject,1.37816760575251,-0.0514921301031912,0.90559609398584,1.15506558883582,69.1988455705579,Accept,Accept,Accept,Accept,0.981010200174369
0.71931812750148,0.561184125564475,-0.115011034743161,-0.300884602462581,0.791578835779628,Accept,"Z2, Z4",1.29661425400515,1.46135520058538,0.164740946580231,0.930768081264488,1.53661196804634,67.7345672091312,-0.115011034743161,-0.506233187317687,0.244724949322822,Accept,1.46254866951862,0.165934415513471,0.932466035856022,1.43568158377045,81.1323114236431,Accept,Accept,Accept,Accept,0.958018987966501
0.30328574728013,0.735552728800594,0.28617222835701,0.0510725924429194,0.877497592260904,Reject,"Z2, Z4",1.8214604231126,1.28523703323164,-0.536223389880961,1.09248460337712,1.78248713514021,76.2363833867884,0.28617222835701,-0.027688386445672,0.613173834458006,Accept,1.28499608937454,-0.536464333738062,0.954707654640044,1.31009848380507,81.477585617675,Reject,Accept,Accept,Accept,1.30624696842827
1.02545291403839,1.00247835095964,-0.127926215596426,-0.760124660919168,0.31075383765211,Accept,Z2,1.301110264067,1.26268738084463,-0.0384228832223718,1.04225236588166,1.78644354145867,65.97399393099,-0.127926215596426,-0.391265540539453,0.123556760531185,Accept,1.26436254978941,-0.0367477142775886,0.786548865250537,1.11409400637186,63.1099085759876,Accept,Accept,Accept,Accept,1.002545456478
-0.892988399534971,0.600544979293158,0.414437886073596,0.210323072955268,1.16529318854589,Reject,"Z1, Z2",1.53258261411892,1.56768082740797,0.0350982132890536,1.00693239405087,1.63572700940573,67.4133858687021,0.414437886073596,0.176937031524127,0.64085599974911,Reject,1.56713589528172,0.0345532811628013,0.889278554764144,1.39304755718835,62.3130784120997,Reject,Accept,Accept,Accept,1.50934077006061
N/A,N/A,N/A,N/A,N/A,N/A,N/A,N/A,N/A,N/A,N/A,N/A,N/A,N/A,N/A,N/A,N/A,N/A,N/A,N/A,N/A,N/A,N/A,N/A,N/A,N/A,N/A
0.223342629103284,0.885589066373177,0.170480294689316,-0.279786975014445,0.608486592934282,Accept,"Z2, Z4",1.35148099991391,1.48283864399331,0.131357644079407,0.949634629256623,1.26433347223354,51.8373952623835,0.170480294689316,-0.120212172453679,0.481564389927916,Accept,1.48167498562704,0.130193985713138,0.765647098415484,0.976157805246384,60.7025214086538,Accept,Accept,Accept,Accept,0.630870737159557
1.36553339336317,1.45389305442227,-0.437057156272135,-1.69610476859724,0.126306473532934,Accept,Z2,1.48514792141144,1.41815167325178,-0.0669962481596591,1.12607867626223,1.94938682683233,80.8095960296734,-0.437057156272135,-0.806784954377891,-0.0612515692675407,Reject,1.42095468950373,-0.0641932319077072,0.881491403757499,1.219996668696,85.4494143920037,Accept,Accept,Accept,Accept,0.103263095130569
0.361460000749149,0.906065886354604,0.0421954118834676,-0.59607261825277,0.809757088318941,Accept,Z2,0.972293747877069,1.13486820777403,0.162574459896959,0.912341563668231,1.55977293916668,71.8603527003648,0.0421954118834676,-0.214400797075583,0.293414090941741,Accept,1.13288702241338,0.160593274536312,0.8244273880483,1.41355901131331,71.1591521881577,Accept,Accept,Accept,Accept,1.08232586808831
-0.00866578341539917,0.755651660173264,0.154382152372679,-0.387030580587962,0.942962642124579,Accept,"Z2, Z4",1.30345114228613,1.28955201564255,-0.013899126643581,1.08935258362066,1.60368389183306,60.6775262302557,0.154382152372679,-0.172976794086303,0.463298089776064,Accept,1.28937817802718,-0.0140729642589562,1.01204921698313,1.33988747050238,60.5413152644217,Accept,Accept,Accept,Accept,1.36511573822452
-0.0299259183863424,0.702510505261556,-0.110950340608601,-0.10353281207837,1.24267625896232,Accept,Z2,1.42348062990794,1.48775701734004,0.0642763874320925,1.0045213915959,1.63859805771385,71.3035169294751,-0.110950340608601,-0.60209639900219,0.348310466601212,Accept,1.48916261764836,0.0656819877404177,1.02515139223795,1.70076815758723,69.9536086825486,Accept,Accept,Accept,Accept,0.724304821601838
0.772380429505934,1.14296930599514,0.204393080587267,-0.669494490875223,0.473732041909225,Accept,"Z1, Z2",1.20638849384073,1.38076910350481,0.174380609664086,1.14532414560631,2.07186693375881,69.3494866485403,0.204393080587267,-0.138002329657974,0.533707417200606,Accept,1.38080720750586,0.174418713665128,1.17305549157863,1.9614850402671,79.9455383601099,Accept,Reject,Accept,Accept,1.59811084213726
0.713416556296328,1.11349094640375,-0.0480958938111234,-1.03764114023791,0.784623047575716,Accept,Z2,1.7937436029425,1.38864671605049,-0.405096886892008,0.921371794283804,1.56813534760614,70.2624443414717,-0.0480958938111234,-0.419379741454789,0.367476530169538,Accept,1.38748007398557,-0.406263528956931,0.860247684352307,1.2561648932355,71.4992335949954,Accept,Accept,Accept,Accept,1.21845034327387
0.0286385581631932,0.896340228403095,-0.0600920865142325,-0.345385611625918,0.642364742300144,Accept,Z2,1.46126890382573,1.48352222599901,0.0222533221732794,0.957831337151866,1.44109091709235,57.7289419188042,-0.0600920865142325,-0.351611309144005,0.244563905956948,Accept,1.48540389153728,0.0241349877115573,0.977949981712961,1.47900251515483,65.7155224192475,Accept,Accept,Accept,Accept,0.788022625319671
0.971777705803046,1.21558640301987,-0.154239379202102,-0.716274506409844,0.0316131595397434,Accept,Z2,1.22658408499365,1.34742984952198,0.120845764528326,0.88539629120203,1.24618302008996,62.6846036665678,-0.154239379202102,-0.357696516987943,0.0270876582978734,Accept,1.34697215971924,0.120388074725588,0.946381196618689,1.51069977068022,57.4466337745161,Accept,Accept,Accept,Accept,0.341634759624409
0.361106146282535,1.05719723349059,0.0524586926383035,-0.798629745392771,0.409520505277478,Accept,"Z2, Z4",0.837038907452984,1.06071924235513,0.223680334902149,0.865727378858982,1.1117474619227,64.1245486232889,0.0524586926383035,-0.349493880630917,0.419671022361081,Accept,1.06164894557864,0.224610038125661,0.728968974533081,0.800444501446775,66.102980194477,Accept,Accept,Accept,Accept,0.701840915060348
0.826131010985229,0.994964943058837,-0.288519480875403,-0.477714523984339,0.468918799701833,Accept,"Z1, Z2",0.880452799236867,1.14240351059289,0.261950711356027,1.02886610104886,1.6521630398293,70.8151997527298,-0.288519480875403,-0.664977333119586,0.0544060597991035,Accept,1.14235429386824,0.261901494631372,0.986543033983687,1.38702245396936,84.3089694337031,Accept,Accept,Accept,Accept,0.976491024899557
0.54432222167592,0.926402889802294,0.173687878801693,-0.62982423540246,0.824854629823066,Accept,X3,1.32965459853412,1.46006833919292,0.130413740658797,1.03758064702944,1.58602587994468,70.0675801668512,0.173687878801693,-0.264561906577738,0.596667636118859,Accept,1.45877895508838,0.129124356554261,0.785646916779715,0.996194464325107,79.5272169933332,Reject,Accept,Accept,Accept,1.04735659119144
0.383063617252145,0.998304156793071,0.00464808962996598,-0.405457542269705,0.286750449486649,Accept,"Z1, Z2, Z4",1.5476462131058,1.4123820749733,-0.135264138132493,1.00052948692251,1.3431254870804,50.3964996037663,0.00464808962996598,-0.292626778021792,0.283275394098719,Accept,1.41342047807598,-0.134225735029819,0.874976680869556,1.09257983527348,64.6872666350877,Accept,Accept,Accept,Reject,1.71010817001705
0.729157344715546,1.02206238064863,0.0830172060740661,-0.441516725573548,0.375613577113437,Accept,"Z1, Z2, Z4",1.46049992496838,1.20228655306165,-0.258213371906732,0.767536543788808,0.977070315764881,60.8414450205668,0.0830172060740661,-0.255810090427908,0.379957506804426,Accept,1.20246041854558,-0.258039506422808,0.820181761607128,0.983893125369587,73.9710094162082,Accept,Accept,Accept,Accept,0.370467571537085
N/A,N/A,N/A,N/A,N/A,N/A,N/A,N/A,N/A,N/A,N/A,N/A,N/A,N/A,N/A,N/A,N/A,N/A,N/A,N/A,N/A,N/A,N/A,N/A,N/A,N/A,N/A
0.706211737449022,1.10452526519406,-0.172951364619012,-0.469997104106636,0.271084410912815,Accept,"Z1, Z2, Z4",0.901541418614627,1.03545115864603,0.133909740031407,0.900432807818495,1.13551452275127,52.9655055905855,-0.172951364619012,-0.349945036581845,0.0188800808468448,Accept,1.03802099977077,0.136479581156142,0.798113168336076,0.904247666316233,38.7025013366949,Accept,Accept,Accept,Accept,0.918907315714463
0.855526526500273,0.95530306024002,-0.0564506847848953,-0.506376650127091,0.409619088285511,Accept,"Z2, Z4",1.17640847192341,1.51686721379279,0.340458741869377,1.09550431026465,1.95556421885593,70.0433178299526,-0.0564506847848953,-0.333955708013006,0.207279804863842,Accept,1.51802391611633,0.341615444192916,0.897505737773245,1.21638145051892,62.1869790331043,Accept,Accept,Accept,Accept,0.861734622493115
1.76766687313939,1.28524552871345,-0.187917679609044,-1.53864398745038,0.0139647661670443,Accept,Z2,1.4092890349317,1.43526854880883,0.0259795138771239,0.944539444988968,1.39740573781607,63.3662383097178,-0.187917679609044,-0.603632084669675,0.21992807859565,Accept,1.43691735418499,0.0276283192532818,0.798632117476891,0.950085109346202,71.1225500889352,Accept,Accept,Accept,Accept,0.916633206239605
0.409470434216585,0.976445904889192,0.0121894087094871,-0.385865558127951,0.405260826189145,Accept,"Z1, Z2",1.71944812361246,1.61971797400811,-0.0997301496043455,1.07075982283701,1.65127425728741,58.18386513071,0.0121894087094871,-0.221134981738714,0.266466284923493,Accept,1.61986329593942,-0.0995848276730394,0.895716798429706,1.14905526445858,60.9405433969306,Accept,Accept,Accept,Accept,0.842843462574332
0.904181978775127,0.90573990336241,-0.274669497063609,-0.419021732074327,0.269053790135977,Accept,"Z1, Z2, Z4",1.52298491746845,1.58947816994555,0.0664932524770988,1.20497999680167,2.02791231140365,61.6712328537572,-0.274669497063609,-0.592685081132419,0.025976485613646,Accept,1.59240214770285,0.069417230234396,1.17158192677151,1.94297832740794,73.7352741215451,Accept,Accept,Accept,Accept,0.645148308127552
0.433942799631184,0.914042892820085,0.16418646122682,-0.344584066842879,0.767150279898623,Accept,"Z2, Z4",1.29127029838736,1.3508978948485,0.0596275964611429,0.935367132499189,1.2003165824219,63.4128314035397,0.16418646122682,-0.184933832729364,0.500887837177919,Accept,1.35193338217807,0.0606630837907134,0.904984199686083,1.16681179514912,74.510460664353,Accept,Accept,Accept,Accept,1.1888835871766
N/A,N/A,N/A,N/A,N/A,N/A,N/A,N/A,N/A,N/A,N/A,N/A,N/A,N/A,N/A,N/A,N/A,N/A,N/A,N/A,N/A,N/A,N/A,N/A,N/A,N/A,N/A
0.608261531271544,0.789556436634978,0.149518382777138,-0.0468422897436112,0.564192116281577,Accept,"Z1, Z2, Z4",1.2967516281885,1.37207009856346,0.0753184703749625,0.742246449895506,0.686797359527627,67.9196021955714,0.149518382777138,-0.135786649461398,0.418583129884206,Accept,1.37198303657968,0.0752314083911739,0.742896747867338,0.826570394814572,71.2321940115808,Accept,Accept,Accept,Accept,1.09501976324379
0.433440833651335,1.07150936427233,-0.00438626207687973,-0.341619904322073,0.232712190478319,Accept,"Z1, Z2, Z4",1.13431214422586,1.17705512171802,0.0427429774921637,0.894378458924286,1.38066442004003,32.302694033469,-0.00438626207687973,-0.226371435133205,0.208845457183776,Accept,1.17686242512789,0.042550280902039,0.836709451428084,1.16763735203667,41.143390827441,Accept,Accept,Accept,Accept,0.349839745816997
N/A,N/A,N/A,N/A,N/A,N/A,N/A,N/A,N/A,N/A,N/A,N/A,N/A,N/A,N/A,N/A,N/A,N/A,N/A,N/A,N/A,N/A,N/A,N/A,N/A,N/A,N/A
-0.612374123749376,0.664172355685567,0.244706385399029,0.170915828026309,1.74012314461923,Reject,Z2,1.03702282807231,1.30283720214846,0.265814374076147,1.12990730423703,1.97593493965649,88.8773002811688,0.244706385399029,-0.193298171043121,0.707848181463197,Accept,1.3041258099579,0.267102981885585,1.01521920719761,1.56691470786038,98.7523450854847,Reject,Accept,Accept,Accept,1.20116418703685
0.530738555001366,0.915132743818212,0.0669159587288335,-0.390496883615169,0.56566003458137,Accept,"Z1, Z2",1.24005588698822,1.35387523571294,0.11381934872472,1.15459780100971,2.05869565613473,75.8568241203528,0.0669159587288335,-0.198136330180054,0.328439912193085,Accept,1.35633615293056,0.116280265942333,0.870188791491043,1.14477238329557,68.7726838767228,Accept,Accept,Accept,Accept,1.31759500582984
0.621931995261945,1.08854519797799,0.0223379158029728,-0.817585737613792,0.826675951858756,Accept,Z2,1.43825833180418,1.32695214231833,-0.111306189485853,1.0349785227576,1.584860371689,77.0945922624985,0.0223379158029728,-0.325308168412389,0.369291136702706,Accept,1.32819373604228,-0.110064595761905,0.814591407709731,0.854151119346738,76.1136347319766,Accept,Accept,Accept,Accept,0.623609645876555
N/A,N/A,N/A,N/A,N/A,N/A,N/A,N/A,N/A,N/A,N/A,N/A,N/A,N/A,N/A,N/A,N/A,N/A,N/A,N/A,N/A,N/A,N/A,N/A,N/A,N/A,N/A
0.465608839888693,1.0034455803661,0.0692680295655268,-0.158751558642606,0.31332180913921,Accept,"Z1, Z2, Z4",1.47366818254408,1.40748952266101,-0.0661786598830749,0.76259000329648,0.877944926846812,43.8977203811219,0.0692680295655268,-0.15197462782154,0.27417547084026,Accept,1.40644327749594,-0.0672249050481381,0.818425774887936,1.03271940236731,58.3965496772827,Reject,Accept,Accept,Accept,0.944777045481182
-0.590739007126884,0.824201714544768,0.10926604148245,0.212356957392581,1.01570891829153,Reject,"Z1, Z2",1.43517085936388,1.38616648060642,-0.0490043787574547,1.06207242980067,1.48187478944053,54.1893010540611,0.10926604148245,-0.115511149656225,0.308148512028038,Accept,1.38608747352835,-0.0490833858355321,0.968486438171366,1.29584253674197,47.9139006949254,Reject,Accept,Accept,Reject,1.25568604046937
0.354750618313755,0.954108837430576,0.110416647133043,-0.545642750089215,0.544034585476296,Accept,Z2,1.02898543033945,1.10390819273615,0.0749227623967034,0.992235971447742,1.74843086177129,59.6364091537263,0.110416647133043,-0.202095825990431,0.452881808452559,Accept,1.10267613648484,0.0736907061453895,0.846824084159245,1.28178364405976,69.8190871688624,Accept,Accept,Accept,Accept,0.329060317135413
1.12264238795018,1.43168768488511,-0.439076549281141,-1.39525355795361,0.379415015070984,Accept,Z2,1.29948354630169,1.0503147475774,-0.249168798724288,0.865476171334344,1.30884745649544,64.2209291161676,-0.439076549281141,-0.852485657793861,-0.0438078843363108,Reject,1.04951258359353,-0.249970962708161,0.831136343951797,1.15503288437507,73.2563747571949,Accept,Accept,Accept,Accept,0.276335500640022
-0.224416469725946,0.61961212353061,0.0385548281845969,-0.104019435730474,1.40081381137395,Accept,Z2,1.49410193664322,1.82822450549919,0.334122568855969,0.896154529006089,1.40242856917349,74.1746054790227,0.0385548281845969,-0.293642159559081,0.346152562255804,Accept,1.82620216093113,0.332100224287913,0.876341370668158,1.16873542817417,64.0271923329449,Accept,Accept,Accept,Accept,0.248832160999033
0.508453216544646,1.01168606557001,0.103223959552873,-0.367491649277559,0.277886986831929,Accept,"Z1, Z2, Z4",1.45280232343859,1.43303728820521,-0.0197650352333796,0.67925690656181,0.802214803299712,45.6272140047719,0.103223959552873,-0.173336140657259,0.390825090915301,Accept,1.43297077017988,-0.0198315532587061,0.650157256516604,0.695934239009784,58.3868361252661,Accept,Accept,Accept,Accept,0.990537237621821
0.571601809649045,1.01459594596476,0.0589074163610267,-0.779662400500213,0.586701833659261,Accept,Z2,1.52709488236255,1.2102972557576,-0.31679762660495,0.958280236930446,1.45108200196211,62.8894154597074,0.0589074163610267,-0.186008079558675,0.3158848318196,Accept,1.21157566286899,-0.315519219493559,0.958731616583551,1.12211566927352,48.2282090311928,Accept,Accept,Accept,Accept,0.541081583055967
0.592870774101869,1.0298520769531,0.126368084360449,-0.585005179990732,0.501160344772789,Accept,"Z2, Z4",1.12898794564103,1.24115645603788,0.112168510396853,0.763906826876495,1.06031743946567,61.4363304187829,0.126368084360449,-0.183221070327902,0.432511592535063,Accept,1.24277468254394,0.113786736902914,0.689975712499711,0.872762366138858,69.2814410964403,Accept,Accept,Accept,Accept,0.401126467024205
-0.0026481110826545,0.839044027832259,0.121286174373281,-0.257484180519835,0.606854762484753,Accept,"Z1, Z4, X8",1.94584644751575,1.46174040947893,-0.48410603803683,1.16208442697717,2.01512889037867,48.4794843606229,0.121286174373281,-0.124087519708276,0.374425031612499,Accept,1.46151073524718,-0.484335712268579,1.01116547827772,1.50661784950005,48.2413596010222,Reject,Accept,Accept,Accept,1.09456699027333
N/A,N/A,N/A,N/A,N/A,N/A,N/A,N/A,N/A,N/A,N/A,N/A,N/A,N/A,N/A,N/A,N/A,N/A,N/A,N/A,N/A,N/A,N/A,N/A,N/A,N/A,N/A
0.759135043543668,1.15287830384793,0.341241771088214,-1.24151872041661,0.614492482966374,Accept,Z2,1.71887714508292,1.67939035049844,-0.0394867945844737,0.919613527616928,1.42934107891925,69.0983677015957,0.341241771088214,0.0277577864935742,0.682431783266767,Reject,1.68083418087716,-0.0380429642057618,0.860824031074883,1.17604604359413,66.2352371391748,Accept,Accept,Accept,Accept,0.96179897623341
0.257324347369008,0.912214425074117,0.375495706625002,-0.205136946240844,0.882730727971258,Accept,Z2,1.31797500848539,1.33236101137664,0.0143860028912463,1.038351068922,1.56338419794538,68.4327166332527,0.375495706625002,0.151642122882075,0.596740993045735,Reject,1.33207541960496,0.0141004111195643,0.918034596646119,1.15528533273819,73.9034889963593,Accept,Accept,Accept,Accept,0.389242939619064
-0.101643420611986,0.953366521508883,0.311417986983927,-0.30183556816956,0.808630890666572,Accept,"Z2, Z4",1.00703547443342,1.22477174242902,0.217736267995608,0.769105685166062,0.983911062801378,61.8529648554307,0.311417986983927,-0.113036939139273,0.712775041439767,Accept,1.2239089773715,0.216873502938083,0.677223564728517,0.69641671103911,78.6566680266848,Accept,Accept,Accept,Accept,0.775055030658893
0.138078460808707,0.985050225930245,-0.0176373298846184,-0.383979764735974,0.553116083402527,Accept,"Z1, Z2",1.44368528078926,1.35823983048213,-0.0854454503071264,0.725606771413237,0.73859808939364,49.7605907600405,-0.0176373298846184,-0.307224629445131,0.237200961008354,Accept,1.36110015864988,-0.0825851221393794,0.692487446817959,0.687452647816587,58.5486445084173,Accept,Accept,Accept,Accept,0.992634952720559
0.376940035535411,0.913167503257678,0.262477446023924,-0.164892695099874,0.508004425236383,Accept,"Z2, Z4, X3",1.47185797331945,1.25789414410446,-0.213963829214986,0.942357335286575,1.40389863724917,57.7593504755018,0.262477446023924,0.0546041249223425,0.481952564928161,Reject,1.25599867763158,-0.215859295687869,0.967870137402585,1.38700941649549,70.6136873133868,Accept,Accept,Accept,Accept,1.10467099419587
-0.712430454184366,0.569317347025553,-0.334476486559385,-0.203609782242468,1.65724559454791,Accept,Z2,1.26290150647434,1.12134281839172,-0.141558688082626,1.05186821119686,1.89293853994768,68.3857425331077,-0.334476486559385,-0.852934334617244,0.163422914321951,Accept,1.12133064997856,-0.141570856495784,0.826422320409994,1.17877370709047,77.635595399458,Accept,Accept,Accept,Accept,0.699078164976166
-0.578924127655749,0.419875163554725,0.36715808239405,0.212780151950364,1.74355862705045,Reject,Z2,1.20558778788086,1.44545145318085,0.239863665299997,1.1579425247451,1.88739537902249,82.8788532233003,0.36715808239405,0.0374546326696465,0.710173000264499,Reject,1.44591155505576,0.240323767174907,0.791515584464436,0.917096616271127,82.2394044455093,Reject,Accept,Accept,Reject,1.62754781423636
0.940896637084464,1.18111097886122,0.20668482997644,-0.901808771865038,0.711328180351009,Accept,Z2,1.26145008673059,1.34775892275675,0.0863088360261544,1.30482731257382,2.23056245845973,84.551633259272,0.20668482997644,-0.114496244259968,0.526336610178276,Accept,1.34599728140525,0.0845471946746565,0.904982491440641,1.24440752795998,78.1188017891671,Accept,Reject,Reject,Accept,0.253459994105424
1.04184142453382,1.13194436452939,0.0305605412422673,-0.828906875542334,0.44413826072401,Accept,X4,1.53153709991456,1.15624039997544,-0.375296699939125,1.03751798097747,1.66814871143047,65.2786775994307,0.0305605412422673,-0.219672965435312,0.29753347929493,Accept,1.15459152859074,-0.376945571323819,0.792972520930336,0.974708686753749,47.3126887438701,Reject,Accept,Accept,Accept,0.49738080962535
0.317746252491779,1.0112734478652,0.122566858512408,-0.778019994455963,0.917471474219266,Accept,Z2,1.14916383807538,1.16569765370956,0.0165338156341872,0.925109350838233,1.22291495764632,73.4217370857223,0.122566858512408,-0.230222666782692,0.504968383618672,Accept,1.16808173625955,0.0189178981841755,0.757418557927872,0.810635310174212,74.2176977477821,Accept,Accept,Accept,Accept,0.580080782901193
-0.0378962072270465,0.911103230351797,0.0293542126092777,-0.150406506571246,0.823335597217894,Accept,"Z1, Z2",1.49207743323867,1.52102936747777,0.0289519342391037,0.867347274488769,1.20784440012429,51.251704003319,0.0293542126092777,-0.343919857925409,0.365320681324568,Accept,1.52127761035222,0.0292001771135485,0.850300337424265,1.09592628176054,66.7361818476971,Accept,Reject,Accept,Accept,0.685226469204851
-0.4201228995371,0.572909132049613,0.329798773492453,0.139541623909131,1.47516713993858,Reject,Z4,1.11362520572161,1.13840423558977,0.024779029868153,0.920532347161593,1.46283249156551,58.3447459253385,0.329798773492453,-0.0408084250552592,0.705655134204139,Accept,1.13673570950484,0.0231105037832272,0.843514470021182,1.10594907253178,65.6857563344448,Reject,Accept,Accept,Accept,0.940156538182174
-0.558813728191461,0.81855667295469,0.210316218474348,-0.574889424446267,1.24231015282785,Accept,Z2,1.19809865165995,1.34212946923637,0.144030817576415,1.00407772160688,1.4580720663287,78.5412975581102,0.210316218474348,-0.151449581673443,0.5807093054511,Accept,1.34057637588974,0.142477724229788,0.912299696656353,1.252354276474,71.4115964127901,Accept,Accept,Accept,Accept,0.993473201284736
1.45788779001476,1.27295890728348,-0.0686075545843916,-1.20370725083383,0.528975374897449,Accept,Z2,1.09868792970068,1.31323209928589,0.214544169585205,1.11316875146937,1.9306103868052,80.6562003767676,-0.0686075545843916,-0.726815234842951,0.547552309851256,Accept,1.31424949015853,0.215561560457852,0.972802340229851,1.44767440144988,99.7929281240849,Accept,Accept,Accept,Accept,0.481138492458587
-0.0765529056234054,0.816317836647524,0.293408628098977,0.131501032229217,0.932540595356651,Reject,"Z1, Z2, Z4",1.614596885792,1.33067188339684,-0.28392500239516,0.975164307725996,1.53620943572526,63.6939758112579,0.293408628098977,0.0167289759942394,0.554523963808715,Reject,1.33087385336794,-0.283723032424051,0.913958459771124,1.22148513489993,68.8172498456586,Reject,Accept,Accept,Accept,0.76275051124412
0.112098716031937,0.877983712081579,-0.0338582231243,-0.205220541584792,0.551439155170217,Accept,"Z1, Z2, Z4",1.4227415558598,1.1656278481558,-0.257113707704006,0.792803119312362,0.95760703521227,49.8971988413806,-0.0338582231243,-0.313411454341505,0.251790088976597,Accept,1.16310282536942,-0.259638730490385,0.744218117238514,0.869121226940588,58.4085870486647,Accept,Accept,Accept,Accept,0.344516611531567
N/A,N/A,N/A,N/A,N/A,N/A,N/A,N/A,N/A,N/A,N/A,N/A,N/A,N/A,N/A,N/A,N/A,N/A,N/A,N/A,N/A,N/A,N/A,N/A,N/A,N/A,N/A
-0.19181437457812,0.658103953980397,0.244535876911251,0.0261588177252307,1.11174559113905,Reject,Z2,0.995275194164259,1.14026104771192,0.144985853547666,1.186084054245,2.03919780360032,74.6930767326581,0.244535876911251,0.018743705703067,0.473031671181695,Reject,1.14135917242772,0.146083978263456,0.940866062414089,1.48603937085363,63.5933977393022,Reject,Accept,Accept,Reject,2.34286052647225
0.606478764840011,0.984155954989799,0.222876953399199,-0.741530245527429,0.439829026045668,Accept,"Z1, Z2",1.5799744154352,1.33059628771103,-0.249378127724178,0.992689445140602,1.75807289261243,61.4816718734769,0.222876953399199,-0.192062091879804,0.614472551119805,Accept,1.33274193194925,-0.247232483485953,0.855015092939844,1.2527954111616,68.6118850182824,Accept,Accept,Accept,Accept,1.0535121174789
0.505795852663058,1.03318239933559,-0.0402611445354854,-0.423289250578541,0.308145452849204,Accept,"Z1, Z2, Z4",1.01776120881775,1.10841291836817,0.0906517095504136,0.986529745191048,1.38254567940327,46.2592283824655,-0.0402611445354854,-0.23795236502198,0.161089609691135,Accept,1.10806122823962,0.0903000194218706,0.778554221215192,1.01388751102156,46.3038828168399,Accept,Accept,Accept,Accept,0.654344104218151
0.306051389014949,0.967872210362257,0.0622813908184695,-0.432690398751154,0.630059282889164,Accept,"Z2, Z4",1.16404733793652,1.21333337947944,0.0492860415429279,1.12215304795682,1.83124341102198,52.3340245417106,0.0622813908184695,-0.183174324417664,0.318395477579462,Accept,1.21374962536036,0.0497022874238428,0.911761941666264,1.14218608098702,42.5066743357035,Accept,Accept,Accept,Accept,0.718127036314079
0.463909117051893,0.942674622447582,-0.11278344107073,-0.34546419491501,0.337366020614252,Accept,"Z1, Z2, Z4",1.22005334878486,0.919575477948771,-0.300477870836092,0.938666514049321,1.32066497304565,52.2111616447383,-0.11278344107073,-0.350835983527152,0.143340205450504,Accept,0.919593653325342,-0.300459695459521,0.92015889455838,1.27733796489898,63.1946497694919,Accept,Accept,Accept,Accept,0.545427287108683
0.394328383605729,0.999962895592655,-0.25153948086103,-0.721974322416005,0.510089415149446,Accept,"Z2, Z4",1.28020335771713,1.14231735715281,-0.137886000564321,0.870485141057388,1.3059941911422,61.4763996814517,-0.25153948086103,-0.60148706142826,0.0998370987204291,Accept,1.14371956731305,-0.136483790404083,0.825749919996349,1.12500939247396,70.5868591676048,Accept,Reject,Accept,Accept,0.642405529041162
0.316079783421187,0.967347361753512,-0.0810666077232757,-0.464082033374001,0.417858891308038,Accept,"Z2, Z4",1.36130443729927,1.47085637673958,0.109551939440302,0.908480741788511,1.19217782505418,48.8105697812625,-0.0810666077232757,-0.413756661447788,0.232910896473657,Accept,1.47124369929204,0.109939261992769,0.825762075487403,1.03907058004501,60.661617890442,Accept,Accept,Accept,Accept,0.533750972422306
0.126443851536233,0.958196343933191,0.217784252029728,-0.543172421516784,0.778804238958334,Accept,"Z1, Z2",1.43782552622105,1.48766252232528,0.0498369961042352,0.988676261767144,1.47890310038362,68.0341034868269,0.217784252029728,-0.167100355206305,0.584841441697099,Accept,1.49002748094103,0.0522019547199809,0.930585403410248,1.32546076496327,80.1247765586957,Accept,Accept,Accept,Accept,0.537196247789757
0.672391615617917,1.0854961762867,-0.127850884461887,-1.3659868307032,0.677773764229006,Accept,Z2,0.929979539186289,0.863609412979744,-0.0663701262065454,0.892904978380904,1.09679914425267,73.4183058539976,-0.127850884461887,-0.517979694744371,0.223456368142303,Accept,0.863102086486454,-0.0668774526998352,0.83310175787399,0.962399224147237,75.0561191035068,Accept,Accept,Accept,Accept,0.665490474474987
0.54300684471674,0.986597040143112,-0.188811840611681,-0.404804830972289,0.372462445606353,Accept,"Z1, Z2, Z4",1.53935971037237,1.47890951649817,-0.0604501938742009,0.77813718135979,0.828585354960016,54.6263030780203,-0.188811840611681,-0.439557300700293,0.0544909506233843,Accept,1.47757596334159,-0.0617837470307799,0.812762686965007,0.945052264245671,57.4788782645776,Accept,Accept,Accept,Accept,1.00343170210279
N/A,N/A,N/A,N/A,N/A,N/A,N/A,N/A,N/A,N/A,N/A,N/A,N/A,N/A,N/A,N/A,N/A,N/A,N/A,N/A,N/A,N/A,N/A,N/A,N/A,N/A,N/A
0.353138247966057,0.996644494143394,-0.11916446997621,-0.856755515427048,0.59515780205065,Accept,X7,0.732024660263767,0.92557781444936,0.193553154185593,0.92925339085239,1.5281889680391,73.4262327252724,-0.11916446997621,-0.433071383443843,0.202454717942638,Accept,0.926536464830081,0.194511804566314,0.737798247128564,1.01772217959887,73.5628851436607,Reject,Accept,Accept,Accept,0.2686524043148
1.06711935001916,1.35900165274198,-0.0520335953612659,-1.0470598782538,0.345881265975209,Accept,Z2,1.35503127631331,1.37366445570011,0.0186331793867917,0.982435666943277,1.48327999130006,60.8521144979677,-0.0520335953612659,-0.38542853456107,0.296209503375572,Accept,1.37433316302013,0.0193018867068172,0.948055413705076,1.32537308009585,62.912478358513,Accept,Accept,Accept,Reject,1.18874755746061
0.672968471559983,1.04542106621131,-0.1110534657975,-0.415309178404419,0.0966756952361537,Accept,"Z1, Z2, Z4",1.37490721907423,1.2191437659512,-0.15576345312303,0.756233582212715,0.82941112723585,46.867020128399,-0.1110534657975,-0.363526143726781,0.119614164077865,Accept,1.21912329237701,-0.155783926697221,0.7396494630031,0.745022237951625,66.4251915691647,Accept,Accept,Accept,Accept,1.03409794620368
1.84461457488833,1.2725414220003,0.0574044279340705,-1.00374525530973,0.224262821994097,Accept,Z2,1.71748559154271,1.69886048606562,-0.0186251054770907,0.96197283016687,1.44957300920184,84.2684437783166,0.0574044279340705,-0.239251978489534,0.341148914714054,Accept,1.69532495906704,-0.0221606324756697,0.792845386776343,0.949769051663208,82.5598716529631,Accept,Accept,Accept,Accept,0.797445954025358
0.161627595072908,0.846150165829038,0.327852271781546,-0.369311215806436,1.04595365383842,Accept,Z2,1.62968265671778,1.33240985113328,-0.297272805584499,0.96318282815626,1.44372344664895,66.3837138355448,0.327852271781546,0.0418446738387018,0.623925978941652,Reject,1.33167943592679,-0.29800322079099,0.997584058821414,1.23073067846676,60.5923966794093,Accept,Accept,Accept,Reject,1.28529249420546
-0.112174714639501,0.927881442678031,0.239333533892524,0.109215538595151,1.20278029516878,Reject,"Z2, Z4",1.50477661135323,1.40015536293197,-0.104621248421251,0.928705079768123,1.55277032750577,71.9897371378387,0.239333533892524,-0.0941707284904839,0.545661422701021,Accept,1.39933515037293,-0.105441460980296,0.814323459552668,1.26569170448772,83.2447350430479,Accept,Accept,Accept,Accept,0.984487147760356
0.730352853853758,1.07716126847216,-0.0728417407506654,-0.966611442711973,0.640137428994127,Accept,Z2,1.25477861361724,1.50965674941183,0.254878135794589,1.13350741561474,1.88538274905946,72.8544594938425,-0.0728417407506654,-0.368781698733699,0.223196362985536,Accept,1.5074116305258,0.252633016908558,0.986261941849139,1.4332643917871,71.4646789600595,Accept,Accept,Accept,Accept,1.25226531950159
1.19260239692323,1.14452572155697,-0.049788680777323,-1.10056951170036,0.0439232894896589,Accept,Z2,1.21097801520939,1.18101195102767,-0.0299660641817126,0.867624128187606,1.08181587549238,61.9150884434198,-0.049788680777323,-0.498640181291561,0.369078709853535,Accept,1.18029319221991,-0.0306848229894709,0.69543463010255,0.664349388271834,69.8674996880338,Accept,Accept,Accept,Accept,1.50716167959181
N/A,N/A,N/A,N/A,N/A,N/A,N/A,N/A,N/A,N/A,N/A,N/A,N/A,N/A,N/A,N/A,N/A,N/A,N/A,N/A,N/A,N/A,N/A,N/A,N/A,N/A,N/A
1.10593518795739,0.918654480184302,-0.112979470502821,-1.04918888853592,0.411648078326944,Accept,Z2,1.07803807659136,0.851832479766973,-0.226205596824389,1.09866536454923,1.62609338411814,71.652609902895,-0.112979470502821,-0.557328911883017,0.347918901034756,Accept,0.855100186666071,-0.222937889925291,1.04589108924099,1.45859714893811,81.0480670155447,Accept,Accept,Accept,Accept,0.388759705957242
0.40729897291115,1.09834986474714,0.0604859833533331,-0.586982593230685,0.130240645641903,Accept,"Z4, X7",1.31747625716263,1.48647713784382,0.169000880681185,0.857852775069708,1.11830642189301,60.1532756605967,0.0604859833533331,-0.14828778085721,0.274041215159895,Accept,1.48523222502408,0.167755967861452,0.65466118666211,0.744453578403917,56.4351232467988,Reject,Accept,Accept,Accept,0.766961346958928
-1.35625666955676,0.547760279129521,0.431324230855926,0.344233204375883,1.72128534309274,Reject,Z2,1.67595728347019,1.60284126752605,-0.0731160159441453,1.02659763502868,1.77372271273541,82.0067990660387,0.431324230855926,0.189748320719282,0.676393770562515,Reject,1.60463915712721,-0.0713181263429767,0.921362749820376,1.16481544764991,69.2432197407862,Reject,Accept,Accept,Accept,0.37436191687908
0.6598338620809,1.00315302986419,0.272858551857789,-0.812918265525661,0.955320133360072,Accept,Z2,1.02779526856438,1.16848673893366,0.140691470369286,1.00983650799847,1.64837502768606,82.4518029469577,0.272858551857789,-0.0153844845439246,0.594267872539998,Accept,1.1686637669902,0.140868498425822,0.856560331708962,1.10065392658267,79.6770025680107,Accept,Accept,Accept,Accept,0.650008460920293
0.673928571046782,0.966453926546743,0.0242428073737385,-0.683523079671841,0.519334073446119,Accept,Z2,1.54677759671692,1.42602256077977,-0.120755035937146,1.11238453216137,1.6854797699581,65.4343750843499,0.0242428073737385,-0.309006044978951,0.362201811431004,Accept,1.42713155919526,-0.11964603752166,0.918469653790103,1.25935110203208,62.5620522487848,Accept,Accept,Accept,Accept,0.542365765992645
-0.204102264037733,0.888664405853087,0.0551807670210734,-0.249890760663643,0.90463840710124,Accept,"Z1, Z2",1.10894130050002,1.03974538900724,-0.0691959114927788,0.977055736555576,1.54171077017341,63.5855880505405,0.0551807670210734,-0.257315663913604,0.35688523941493,Accept,1.04062573174544,-0.0683155687545825,0.9733634622799,1.28431448597062,68.1161633752497,Accept,Accept,Accept,Accept,1.22166950397449
0.165406299663744,0.715736668322852,0.141128024232849,-0.611212216332294,1.30433145111812,Accept,X7,1.068185632935,1.16413339122379,0.0959477582887922,1.18626433425319,1.98802015504154,75.3604801064522,0.141128024232849,-0.123787170838261,0.408529385836859,Accept,1.16190753233363,0.0937218993986344,0.844399011982603,1.15145453043506,53.780803063912,Reject,Accept,Accept,Accept,0.737631331054353
0.516356071931317,1.0273637346327,-0.140778027953903,-0.462559932408578,0.36817966067811,Accept,"Z1, Z2, Z4",1.2803063710615,1.24057433939327,-0.0397320316682333,1.01814800031726,1.5937452567133,62.698858413155,-0.140778027953903,-0.390067704603641,0.103168650070293,Accept,1.2374078234527,-0.0428985476088052,0.829538665540347,1.08347885740647,63.2617063805735,Accept,Accept,Accept,Accept,1.06983300623178
0.309641004480755,1.18156500190646,-0.0387797222105943,-1.25944590008247,0.571760968461893,Accept,X7,1.28786895708942,1.14607238070078,-0.141796576388635,0.999946403444725,1.64592363466035,75.3384370969589,-0.0387797222105943,-0.453700443572545,0.371475179456185,Accept,1.1470807620604,-0.140788195029016,0.74379831170736,0.945344813725679,75.1239627358506,Reject,Accept,Accept,Accept,0.654940848688214
N/A,N/A,N/A,N/A,N/A,N/A,N/A,N/A,N/A,N/A,N/A,N/A,N/A,N/A,N/A,N/A,N/A,N/A,N/A,N/A,N/A,N/A,N/A,N/A,N/A,N/A,N/A
0.419705712152429,1.00210895572313,-0.0176120528883373,-0.504491012636919,0.543069939144303,Accept,"Z2, Z4",1.05472972924065,1.02774689681709,-0.0269828324235693,1.16921336515939,1.84381671304643,63.4783599004634,-0.0176120528883373,-0.401218991636924,0.356882882064446,Accept,1.02787251361746,-0.0268572156231919,0.943441962362091,1.20808545608423,77.5361544715133,Accept,Accept,Accept,Accept,1.19367126302526
-0.123617160974722,0.780317388084481,0.10874491459252,-0.207388883838712,0.769630880588477,Accept,Z2,1.65112566794805,1.61098857867207,-0.0401370892759841,0.875837860179442,1.28479569978527,72.2165749498256,0.10874491459252,-0.117321866430944,0.323220850677885,Accept,1.61192693371068,-0.0391987342373663,0.81993487365583,0.95151047685519,57.928605559122,Accept,Accept,Accept,Accept,0.973114686969121
N/A,N/A,N/A,N/A,N/A,N/A,N/A,N/A,N/A,N/A,N/A,N/A,N/A,N/A,N/A,N/A,N/A,N/A,N/A,N/A,N/A,N/A,N/A,N/A,N/A,N/A,N/A
N/A,N/A,N/A,N/A,N/A,N/A,N/A,N/A,N/A,N/A,N/A,N/A,N/A,N/A,N/A,N/A,N/A,N/A,N/A,N/A,N/A,N/A,N/A,N/A,N/A,N/A,N/A
-0.0670377788029037,0.923322282293589,0.175313897177564,-0.957874821152697,1.16877011024915,Accept,Z2,1.21081830411368,1.43958855125229,0.228770247138617,1.03049681143339,1.90667045356969,70.9571826615246,0.175313897177564,-0.117414257154063,0.463447688331945,Accept,1.43915416342309,0.22833585930941,0.871382306792348,1.12152270557275,56.9803895648768,Accept,Accept,Accept,Accept,1.27594671962853
0.130704179030279,0.96917230681058,0.200295993352898,-0.41110401833716,0.561384221763299,Accept,"Z2, Z4",1.18226619508602,1.39894850289566,0.216682307809645,0.762244637739348,0.814812542686844,57.9384194630092,0.200295993352898,-0.0733463755248757,0.499495369809546,Accept,1.39691996250048,0.214653767414469,0.79173081310764,0.984876746292568,62.088844056798,Accept,Accept,Accept,Accept,0.280386495003242
0.546044894531885,1.11180047859354,0.140542945768304,-0.572890040199518,0.403293677102169,Accept,"Z2, Z4",1.35237668069536,1.29645429831897,-0.0559223823763895,0.81331932102399,0.950403351770338,53.4787614554826,0.140542945768304,-0.214134222730388,0.487633708786111,Accept,1.29337898477175,-0.0589976959236039,0.847084989809257,0.97958033093753,68.9688708063822,Accept,Accept,Accept,Accept,0.683271478986457
0.16200291797311,0.972664043182408,0.098486183579328,-0.493882606976191,0.656696517797413,Accept,"Z2, Z4",1.6346954901398,1.39256029085078,-0.242135199289025,0.896276827391627,1.24776791270746,58.2326956460738,0.098486183579328,-0.18027649043194,0.365291780469522,Accept,1.39312333942542,-0.241572150714386,0.818876490172338,1.11836248463056,55.844282108155,Accept,Accept,Accept,Accept,0.258490878126673
0.50130948829424,0.935917503481985,0.112074206857352,-0.290248141966179,0.422937588842282,Accept,"Z1, Z2, Z4",1.03583207883022,1.01803611704783,-0.0177959617823885,0.724637887370478,0.795690103160449,59.1760409869902,0.112074206857352,-0.14098095903499,0.356770364241689,Accept,1.01784679265751,-0.0179852861727042,0.757722823475876,0.903121869861733,67.2308677734755,Reject,Accept,Accept,Accept,0.858170100613924
0.98748858676817,1.36166145725954,0.0697593423726181,-1.32411465397297,0.395821649067691,Accept,Z2,1.11275046569921,1.11454634414531,0.00179587844610484,1.04126409488223,1.99334597829552,75.5286873434223,0.0697593423726181,-0.345829295636137,0.475765001114014,Accept,1.11355493028717,0.000804464587968621,0.991239355662728,1.63126020102506,78.3220239192689,Accept,Accept,Accept,Accept,1.24355955308937
0.0619073938738288,0.969740968064259,0.061066249004565,-0.364771905901466,0.616718648351201,Accept,"Z2, Z4",1.42932114145711,1.47082222352666,0.0415010820695458,0.901667705215688,1.47015784409208,50.2022374639097,0.061066249004565,-0.218319331645367,0.334368774614659,Accept,1.47247789450534,0.0431567530482267,0.747226346627935,1.01196929266167,52.7614017212436,Accept,Accept,Accept,Accept,0.688681822046738
-0.749923863971921,0.699714800509737,0.136933186870252,0.126538283015608,1.82372553329954,Reject,Z2,1.37615187508041,1.2680864382881,-0.108065436792302,0.847009378108919,1.1683204125292,71.2526309359339,0.136933186870252,-0.183318117767605,0.495278634251769,Accept,1.27039429139239,-0.105757583688017,0.686992689892713,0.954710865901091,63.9811621429565,Reject,Accept,Accept,Accept,0.690183357164054
N/A,N/A,N/A,N/A,N/A,N/A,N/A,N/A,N/A,N/A,N/A,N/A,N/A,N/A,N/A,N/A,N/A,N/A,N/A,N/A,N/A,N/A,N/A,N/A,N/A,N/A,N/A
1.0371567143477,0.982518427271425,-0.362212787860314,-0.828162489271271,0.367649250451321,Accept,"Z1, Z2",1.42369753923288,1.36752363587404,-0.056173903358835,0.923253695228915,1.4377719328132,72.4603933294089,-0.362212787860314,-0.760465412467714,0.0160502623367823,Accept,1.36886366854079,-0.0548338706920857,0.797698008991642,0.972148026152325,77.9120958000625,Accept,Accept,Accept,Accept,0.629282345832135
0.446989398692909,1.08822570172442,-0.10349652411572,-0.782989419926315,0.301477718260267,Accept,"Z4, X7",1.23156044463959,1.15769765367947,-0.0738627909601211,0.764214528617281,0.866142008159067,64.781508477457,-0.10349652411572,-0.40991918757687,0.223320080520892,Accept,1.15713794964242,-0.0744224949971714,0.62936594225131,0.681170880423208,68.1871597621026,Reject,Accept,Accept,Accept,0.984621295978591
0.367277278486172,0.96857986116058,0.135427825639634,-0.220816531638713,0.309761753449062,Accept,"Z1, Z2, Z4",1.18299283845874,1.26869961499479,0.0857067765360477,0.798893646216559,1.16191422591426,34.7259742674738,0.135427825639634,-0.0866368523790053,0.355942863456387,Accept,1.26715709683441,0.0841642583756679,0.821201192864724,1.18232898894377,42.2811758695496,Reject,Reject,Reject,Accept,1.18149069490957
0.356075251490032,1.01108149315526,0.110568694406332,-0.191976506505238,0.471954727076914,Accept,"Z1, Z2, Z4",1.20692615551996,1.34348620317805,0.136560047658089,0.885747431839543,1.20794110771887,54.1156780219503,0.110568694406332,-0.173630111014571,0.425053570261711,Accept,1.34377856778225,0.136852412262291,0.850826377848705,1.20098263359069,75.5928273051116,Accept,Accept,Accept,Reject,1.6677435064259
0.192542557578737,0.933246735875502,0.178438192481267,-0.567577346179344,1.12438801532411,Accept,Z2,1.11760588554945,1.25616033452464,0.138554448975188,1.01915564320904,1.62186177591123,76.9981549249756,0.178438192481267,-0.198576355138691,0.59269511723345,Accept,1.25450472630327,0.136898840753823,0.868228294198635,1.04670590826367,88.1055332166884,Accept,Accept,Accept,Accept,0.130876355666829
0.673337401379121,1.03567261878999,-0.105042479376557,-1.18480802671123,0.522243479102827,Accept,Z2,1.04957363708358,1.04087228067867,-0.00870135640490376,0.913646722693985,1.30410526154236,63.7681567162397,-0.105042479376557,-0.493353164972844,0.283995192750036,Accept,1.03978653392101,-0.00978710316256454,0.750587217501311,0.995443063866798,63.0782309352242,Accept,Accept,Accept,Accept,0.573823364975246
0.750217833982608,1.11367382124449,-0.189274582787987,-0.90685982979476,0.166466809157293,Accept,"Z2, Z4",1.13892604386136,1.08581698838219,-0.0531090554791655,1.04900658034223,1.76152708845835,71.4875760970706,-0.189274582787987,-0.542596276562852,0.177328674408802,Accept,1.08461071048335,-0.0543153333780018,0.969160304451443,1.38565773723664,76.6479712973175,Accept,Reject,Accept,Accept,1.46227500344668
0.1850421488117,0.845668853943202,0.181646563276067,-0.375213997747965,0.734180747553367,Accept,"Z1, Z2",1.62803461946198,1.59891394585231,-0.0291206736096704,0.97700309592332,1.48739893579529,68.8746830783429,0.181646563276067,-0.134247691696909,0.521098120992359,Accept,1.59871024324594,-0.0293243762160425,0.834201409208953,1.0438769523027,72.7444056760495,Accept,Accept,Accept,Accept,0.276901348479596
0.0882505755969489,0.949690436081789,0.364747196805969,-0.583296457182656,0.683521595345605,Accept,"Z1, Z4",1.45954474824443,1.67041263281562,0.210867884571194,1.03705724819829,1.75448708404185,63.7561429840728,0.364747196805969,-0.0744136120473911,0.794563580599925,Accept,1.66948494049385,0.209940192249421,0.926820882890574,1.39912927984905,73.9511641650503,Accept,Accept,Accept,Accept,1.12417443318314
0.282531897143208,0.866329592363468,-0.0540857001580984,-0.410721104249722,0.777867604556065,Accept,Z2,1.12817403598891,1.26724001113261,0.139065975143698,0.967683879497855,1.40218180982357,68.2407048618803,-0.0540857001580984,-0.342539025533731,0.251316642864985,Accept,1.2647499373889,0.136575901399988,0.824216766139851,1.06561909136515,68.9115986899265,Accept,Accept,Accept,Accept,0.637810907373477
0.246544491291474,1.10098857472878,-0.126689646779764,-0.815570035037606,0.511706645947095,Accept,"Z2, Z4",0.927172083351578,1.03299146951623,0.105819386164653,1.02931171547499,1.61629946354502,68.163896994159,-0.126689646779764,-0.520179670549434,0.262635843782597,Accept,1.03587896725617,0.108706883904593,0.89615200300038,1.4392479248172,75.889633625321,Accept,Accept,Accept,Accept,0.813743155557445
N/A,N/A,N/A,N/A,N/A,N/A,N/A,N/A,N/A,N/A,N/A,N/A,N/A,N/A,N/A,N/A,N/A,N/A,N/A,N/A,N/A,N/A,N/A,N/A,N/A,N/A,N/A
-0.233682813896792,0.890983337019675,0.242410014787473,-0.780365754956547,1.38842737328271,Accept,Z2,1.15672565568647,1.19589049853872,0.0391648428522487,0.840039651204449,1.07179258525622,63.2802932590568,0.242410014787473,-0.239315192046996,0.715321703822258,Accept,1.1959870448172,0.0392613891307246,0.684987657305155,0.791103058876995,74.7451686231426,Accept,Accept,Accept,Accept,1.02114830576149
0.098956625690672,1.01644267309753,-0.169001084284735,-0.45660452359361,0.398202313737277,Accept,"Z2, Z4",1.22716494804129,1.1528182616822,-0.0743466863590836,1.06673123388703,1.49349858458003,46.9983454560402,-0.169001084284735,-0.464268391656619,0.123912013281211,Accept,1.15230220334003,-0.0748627447012543,1.00763234753379,1.48625446419226,58.5604208836732,Accept,Accept,Accept,Accept,1.03770872107816
1.29861445432562,1.22106150991874,-0.227055254084987,-1.03527135831039,0.078191481673365,Accept,Z2,1.63826369084544,1.46117048868806,-0.177093202157381,1.17827031151692,2.17815040945378,72.8258584050155,-0.227055254084987,-0.516827454376437,0.0518454469862861,Accept,1.46160758615349,-0.176656104691954,0.929868392474605,1.4297844780994,77.8911817077443,Accept,Accept,Accept,Accept,1.46585976884753
0.474049899927181,0.882049736448107,0.0551708601843804,-0.245641728885495,0.332236474787635,Accept,"Z1, Z2, Z4",1.05790223390084,1.44232665547057,0.384424421569736,1.16971556907184,1.80324330020699,52.3084788998685,0.0551708601843804,-0.19150898533445,0.302952052804447,Accept,1.44313711210074,0.3852348781999,1.12649405864188,1.72181572501753,62.2901561864862,Accept,Accept,Accept,Accept,1.512947036715
-0.366067426035087,0.616091667403894,0.314624305501584,-0.0650242545633535,1.45332447427299,Accept,X9,1.14382164936279,1.36328107840623,0.219459429043435,1.22673517688255,2.1242330944213,81.4055297915558,0.314624305501584,-0.0832697041538455,0.709355675157877,Accept,1.36370366109323,0.219882011730437,0.866140595467545,1.06785766049409,86.4538989421033,Reject,Reject,Accept,Reject,1.48165618838049
N/A,N/A,N/A,N/A,N/A,N/A,N/A,N/A,N/A,N/A,N/A,N/A,N/A,N/A,N/A,N/A,N/A,N/A,N/A,N/A,N/A,N/A,N/A,N/A,N/A,N/A,N/A
0.167198794443004,1.12345185093188,0.158322024731094,-0.714785235685974,0.384752716092802,Accept,"Z2, Z4",1.6243062653628,1.33488862243366,-0.289417642929141,0.841240508419624,1.25420576439535,60.3033781051698,0.158322024731094,-0.109872805160109,0.409471843102695,Accept,1.33493388014629,-0.289372385216514,0.727289384796292,0.856210645964399,58.0756294172497,Accept,Accept,Accept,Accept,0.820666619282101
-0.0447872306549901,0.836875388642893,0.0516538225440345,-0.180542791654473,0.656949905886756,Accept,"Z2, Z4",1.62330069868099,1.5910941752955,-0.0322065233854855,0.873146777694691,1.14364540793656,46.7317070420262,0.0516538225440345,-0.219174298785059,0.317475794181886,Accept,1.5935984685517,-0.0297022301292916,0.917998712171185,1.17169430042675,52.083093637224,Accept,Accept,Accept,Accept,0.17256182329506
0.566879583826798,1.08697907434729,0.186808960929022,-0.46669686755488,0.748698388100875,Accept,"Z2, Z4",1.46705804895372,1.48878680235207,0.0217287533983576,0.99254116722098,1.38862671009207,67.0802275528957,0.186808960929022,-0.163996907772288,0.539910949409379,Accept,1.48651803571584,0.0194599867621193,0.879487324609833,1.13561083158134,66.4104469807735,Accept,Accept,Accept,Accept,1.16456217266101
0.914486091645629,1.1358095493011,-0.0658976391820621,-0.67250136779371,0.324407045910295,Accept,"Z1, Z2",1.376671106895,1.22269473549655,-0.153976371398452,0.629881415344265,0.723610758350856,66.5023241841133,-0.0658976391820621,-0.400763039257985,0.271335910652932,Accept,1.22289511749137,-0.153775989403629,0.697895095906017,0.814510558235169,73.1922321818952,Accept,Accept,Accept,Accept,0.497735128998141
0.239602213895773,0.804764567332469,0.0717510588732903,-0.314399824806784,0.705224036755627,Accept,"Z1, Z2",1.21558530268721,1.11804639094651,-0.0975389117407021,0.872680866864454,1.11583003235807,65.1421533099881,0.0717510588732903,-0.22707190285407,0.404300788631096,Accept,1.1179272282479,-0.0976580744393157,0.910616425999025,1.21760425106449,69.850957543501,Accept,Accept,Accept,Accept,0.734937873520706
N/A,N/A,N/A,N/A,N/A,N/A,N/A,N/A,N/A,N/A,N/A,N/A,N/A,N/A,N/A,N/A,N/A,N/A,N/A,N/A,N/A,N/A,N/A,N/A,N/A,N/A,N/A
0.430083525934718,0.906674893617966,-0.41119891208498,-0.484118348535455,0.591351706852084,Accept,"Z2, Z4",1.62286455211481,1.71135712535619,0.0884925732413764,0.785261216859576,1.16148211415932,60.0611356421277,-0.41119891208498,-0.854785645292897,0.088497932599708,Accept,1.70912766589511,0.0862631137802953,0.695343775409037,0.987955595980147,77.7226263966984,Accept,Accept,Accept,Accept,0.99393875528106
0.0466379588728476,0.857162097549466,0.138950384869597,-0.466751804439543,1.19136227912493,Accept,Z1,1.5734546696734,1.52700497911238,-0.0464496905610212,1.2677681841409,2.04302521148774,86.6012927545637,0.138950384869597,-0.216843230164393,0.484028208947528,Accept,1.52821812965305,-0.0452365400203537,0.803938142366557,1.00457276855675,84.8062544237195,Accept,Accept,Accept,Accept,0.953182052191621
0.989127295146274,1.1895196055934,-0.0364459158683532,-0.772797364134122,0.0725422141700786,Accept,"Z2, Z4",1.17274867035473,1.32356068021701,0.150812009862274,0.868974264857431,1.06676070413393,63.0675816546351,-0.0364459158683532,-0.224184904371841,0.165120393233021,Accept,1.3238165961332,0.151067925778466,0.896081311263917,1.06660482019906,39.5505627138554,Reject,Accept,Accept,Accept,1.12868683016416
-0.197977724955388,0.871569764910444,0.265266242790313,-0.191032373364064,1.01892436233055,Accept,"Z2, Z4",1.13597523458333,1.16105121234022,0.0250759777568908,0.974926692097206,1.45791586518387,60.2202520866052,0.265266242790313,-0.0560600802677462,0.586795439726863,Accept,1.15997653745239,0.0240013028690632,0.821393861417239,1.00128733720214,61.8366043286381,Accept,Accept,Accept,Reject,1.44685475629522
0.109900141108884,0.827784421573929,0.111735649163344,-0.0486900965240812,0.760705586651679,Accept,"Z1, Z2, Z4",1.5312040051927,1.28959303017267,-0.241610975020028,0.767137448617502,0.828981959656673,59.5725226377688,0.111735649163344,-0.280997547176321,0.468708131275219,Accept,1.29310891455681,-0.238095090635891,0.779761933223187,0.944372973596232,76.5842945600866,Accept,Accept,Accept,Accept,0.806371411345997
N/A,N/A,N/A,N/A,N/A,N/A,N/A,N/A,N/A,N/A,N/A,N/A,N/A,N/A,N/A,N/A,N/A,N/A,N/A,N/A,N/A,N/A,N/A,N/A,N/A,N/A,N/A
1.26101279775161,1.17214404628824,-0.257286777440034,-1.14229364232132,0.0497087303930322,Accept,"Z2, Z4",1.48334153992775,1.30881843746347,-0.174523102464282,1.14987707350599,1.92235879096895,69.4331455270398,-0.257286777440034,-0.706845401437025,0.18540417254267,Accept,1.30863322163735,-0.174708318290394,1.037335354812,1.47425349236244,80.5707812559365,Reject,Accept,Accept,Accept,1.4104704314942
0.425929803667473,0.931703532770081,-0.0712019817496438,-0.296894086734055,0.410576637160905,Accept,"Z1, Z2, Z4",1.79839838082047,1.56789236995937,-0.230506010861099,0.951318479498759,1.39333283889975,60.5241759654145,-0.0712019817496438,-0.345349535100527,0.19635297391073,Accept,1.56710921539076,-0.231289165429715,0.818209102659557,1.07557231224022,66.7236307256963,Accept,Accept,Accept,Accept,0.76509395192879
0.940053529755074,0.907407058928147,0.283742854878723,-0.535900910524348,0.560016534415475,Accept,Z2,1.18699954434894,1.36418913064477,0.177189586295834,0.982417940913644,1.77588444436681,81.854046453882,0.283742854878723,-0.0248906394226512,0.599505117110673,Accept,1.36402390645223,0.177024362103294,0.784716401064073,1.06831139013982,84.3689230025911,Accept,Accept,Accept,Accept,0.846193341097538
1.85848134804936,1.49939749193929,-0.151939404965285,-1.43222652517486,-0.222403832680846,Reject,Z2,1.41699241783185,1.35518576141374,-0.0618066564181072,0.9187590518955,1.29902439242909,73.1694083894722,-0.151939404965285,-0.492421957382388,0.185250431719372,Accept,1.35644045310722,-0.0605519647246337,0.837742203543518,1.10118795030508,73.0453904709769,Reject,Accept,Accept,Accept,0.839972440736617
0.30823776617824,1.04023528065537,0.109800367641404,-0.627775550512936,0.429589448263068,Accept,"Z1, Z2",1.2890235502414,1.1962531098019,-0.0927704404394961,1.02087536628033,1.61672052700821,60.1910289359763,0.109800367641404,-0.186349195062404,0.43961094356211,Accept,1.19649639604102,-0.0925271542003785,0.902845207371589,1.22963893145651,62.8799085328764,Accept,Accept,Accept,Accept,0.350175145544038
N/A,N/A,N/A,N/A,N/A,N/A,N/A,N/A,N/A,N/A,N/A,N/A,N/A,N/A,N/A,N/A,N/A,N/A,N/A,N/A,N/A,N/A,N/A,N/A,N/A,N/A,N/A
1.00706315304745,1.10012109060315,-0.163641589917096,-0.777535547447708,0.450745517719581,Accept,Z2,1.36745855768162,1.40888718899601,0.0414286313143893,0.724926752815344,0.857314952922535,64.1304093305416,-0.163641589917096,-0.455519510138091,0.101806255041644,Accept,1.40793701104308,0.0404784533614534,0.785128350373494,0.928454122430108,65.5190263448075,Accept,Accept,Accept,Accept,0.994106474801007
0.148602208127549,0.803250892821549,-0.022986613491106,-0.445904126131247,0.882977014271671,Accept,Z2,2.0118156202534,1.31398460543436,-0.697831014819041,1.28252686104365,2.13052854653743,69.6130868037227,-0.022986613491106,-0.348123423027853,0.298433527157263,Accept,1.31241498447508,-0.699400635778323,1.01268296410017,1.54380380675244,63.8017990631145,Accept,Accept,Accept,Accept,1.20300603010247
N/A,N/A,N/A,N/A,N/A,N/A,N/A,N/A,N/A,N/A,N/A,N/A,N/A,N/A,N/A,N/A,N/A,N/A,N/A,N/A,N/A,N/A,N/A,N/A,N/A,N/A,N/A
0.525827039292703,0.983810889667405,0.268191267082689,-0.442993748456662,0.927195777017201,Accept,Z2,1.37918382031696,1.3643480253109,-0.0148357950060662,0.844677610979219,0.997098192936157,75.3671246019332,0.268191267082689,-0.0204648889436202,0.557831761993088,Accept,1.36342679019216,-0.0157570301248032,0.737968366837093,0.869795870841084,63.2854612556568,Accept,Accept,Accept,Accept,0.377733526016176
0.994066015110649,0.909970197161674,-0.227754755235419,-0.515140408678928,0.382404398202833,Accept,"Z2, Z4",1.24726840597302,1.42558156515187,0.17831315917885,0.960015579676693,1.43749387135718,69.4746163131622,-0.227754755235419,-0.566876088273656,0.117069779446062,Accept,1.42156569912167,0.174297293148654,0.925500918292424,1.49370182146845,89.327019520413,Accept,Accept,Accept,Accept,1.06456490458279
N/A,N/A,N/A,N/A,N/A,N/A,N/A,N/A,N/A,N/A,N/A,N/A,N/A,N/A,N/A,N/A,N/A,N/A,N/A,N/A,N/A,N/A,N/A,N/A,N/A,N/A,N/A
N/A,N/A,N/A,N/A,N/A,N/A,N/A,N/A,N/A,N/A,N/A,N/A,N/A,N/A,N/A,N/A,N/A,N/A,N/A,N/A,N/A,N/A,N/A,N/A,N/A,N/A,N/A
0.387643040359823,1.03428835458086,0.280555511886385,-0.844108685800352,0.768649824980769,Accept,Z2,1.17558832868138,1.20996912746948,0.0343807987881044,0.747568627844708,0.884186566680934,67.1168261497019,0.280555511886385,-0.101183004316145,0.661621104123696,Accept,1.20918319006302,0.0335948613816434,0.850160598892559,1.01790629971615,71.2584983641657,Accept,Accept,Accept,Accept,0.176597742234417
N/A,N/A,N/A,N/A,N/A,N/A,N/A,N/A,N/A,N/A,N/A,N/A,N/A,N/A,N/A,N/A,N/A,N/A,N/A,N/A,N/A,N/A,N/A,N/A,N/A,N/A,N/A
N/A,N/A,N/A,N/A,N/A,N/A,N/A,N/A,N/A,N/A,N/A,N/A,N/A,N/A,N/A,N/A,N/A,N/A,N/A,N/A,N/A,N/A,N/A,N/A,N/A,N/A,N/A
0.8997642026916,1.16451002280331,-0.0488220315444084,-0.885595238952809,0.165828545535,Accept,"Z1, Z2",1.01347959340443,0.933554424218982,-0.0799251691854456,1.03819536529877,1.87199530410253,65.5051005681621,-0.0488220315444084,-0.404414651720559,0.28155523577083,Accept,0.934848709078533,-0.078630884325895,0.895959615058549,1.44054491871303,66.7354077851171,Accept,Accept,Accept,Accept,1.04957574342308
0.538174845973103,1.11672112359502,0.0545653297818519,-0.636052803968028,0.355922558740273,Accept,"Z1, Z2",1.39384426053093,1.2202638117829,-0.173580448748031,0.788854913993628,0.998235577603773,63.6307093149887,0.0545653297818519,-0.175582019554834,0.300450091082788,Accept,1.22150443872651,-0.172339821804418,0.578345787860038,0.619352914393552,56.9019177576005,Accept,Accept,Accept,Accept,0.887246027365839
N/A,N/A,N/A,N/A,N/A,N/A,N/A,N/A,N/A,N/A,N/A,N/A,N/A,N/A,N/A,N/A,N/A,N/A,N/A,N/A,N/A,N/A,N/A,N/A,N/A,N/A,N/A
-0.165265283708109,0.658564138057524,0.521386802985462,-0.29387370272079,1.34464421965037,Accept,"Z4, X7",1.44917731582611,1.34982422987724,-0.0993530859488655,1.128717202844,1.65086600958555,61.8698772991531,0.521386802985462,0.139869236150907,0.912756210613152,Reject,1.35206050265465,-0.0971168131714554,0.98927463363053,1.34419286899471,76.7708266633413,Reject,Reject,Accept,Accept,0.799450964325315
-1.34598925440627,0.514007869508558,0.106597802361844,0.186578534915291,1.81279054542795,Reject,Z2,1.65028737280966,1.52077865980251,-0.129508713007157,0.806148006196269,1.09767188351026,75.0016474085942,0.106597802361844,-0.365384105855819,0.533362831931799,Accept,1.52018600538836,-0.130101367421305,0.874574206118843,1.10533977715433,69.7537782375524,Reject,Accept,Accept,Accept,0.637474034943347
-0.0175125794128494,0.689566540423594,0.157090898703101,-0.11998018049704,1.19300706573634,Accept,X6,1.37997224670575,1.50357897252181,0.123606725816059,0.838231806532136,1.12834592133716,66.932003200947,0.157090898703101,-0.187164603266838,0.512706079084422,Accept,1.50204609203272,0.122073845326976,0.700407430037947,0.734691371015744,71.4894206546193,Reject,Accept,Accept,Accept,0.771109566057543
0.487133620086696,0.887485119037211,0.0195893424245183,-0.694729728930493,0.680555570783967,Accept,Z2,1.20458076832281,1.51156283257014,0.306982064247327,0.708345391252077,0.791736649402385,65.5693158627589,0.0195893424245183,-0.370781243532186,0.40967574215892,Accept,1.51236763217166,0.307786863848847,0.783503876061172,0.949284572462358,77.3094476558145,Accept,Accept,Accept,Accept,0.778099788919362
0.592719441131647,0.989441047280819,-0.00609783673922155,-0.417565293897052,0.313204309542448,Accept,"Z1, Z2, Z4",0.862616456038855,0.924001338158421,0.0613848821195658,0.835337453092171,1.10060824333374,61.1096398944412,-0.00609783673922155,-0.31460776237752,0.309862840349567,Accept,0.922168197266679,0.059551741227824,0.836428493789697,1.0698009916065,75.8668353098732,Accept,Accept,Accept,Accept,0.96452515976685
N/A,N/A,N/A,N/A,N/A,N/A,N/A,N/A,N/A,N/A,N/A,N/A,N/A,N/A,N/A,N/A,N/A,N/A,N/A,N/A,N/A,N/A,N/A,N/A,N/A,N/A,N/A
0.651846661774617,1.04694686758258,-0.176645060521569,-0.503973532989728,0.132556488577681,Accept,"Z2, Z4",1.34842869256758,1.33041131603294,-0.0180173765346403,0.94749523185327,1.19037114133512,49.6671950387421,-0.176645060521569,-0.449250044394593,0.0918731539881585,Accept,1.3308437650872,-0.0175849274803809,0.84582209236276,1.01142060472508,64.5825045987514,Accept,Accept,Accept,Accept,0.480520578909052
0.267940802446678,0.910471552607355,0.10241016772694,-0.305364255400812,0.519141000771913,Accept,"Z2, Z4",0.834202110491625,1.07494909696938,0.240746986477756,0.956144427944584,1.25427520928011,55.9152215281843,0.10241016772694,-0.139313752051317,0.375963479007648,Accept,1.07392852512428,0.239726414632657,0.82325101651173,0.986277273837719,61.5883159902928,Accept,Accept,Accept,Accept,0.502795168672063
-0.102813576315122,0.900541253178402,0.33480976522259,-0.683104827406052,1.0936419798091,Accept,Z2,1.07073083572338,0.853222099760204,-0.217508735963177,1.10897077903087,1.84819084772041,70.1745646353576,0.33480976522259,-0.0456923980401292,0.71276816162867,Accept,0.853435320199367,-0.217295515524013,0.900179370402971,1.26209040130253,76.3510809691046,Accept,Accept,Accept,Accept,0.839375961751762
N/A,N/A,N/A,N/A,N/A,N/A,N/A,N/A,N/A,N/A,N/A,N/A,N/A,N/A,N/A,N/A,N/A,N/A,N/A,N/A,N/A,N/A,N/A,N/A,N/A,N/A,N/A
0.477550906326516,0.998783571098461,-0.0258903281806715,-0.508065101167299,0.429338267912254,Accept,"Z4, X7",1.83874490012752,1.51591583838915,-0.32282906173837,0.954970331930311,1.29741307251278,61.6018254796632,-0.0258903281806715,-0.347673084813394,0.286179754273651,Accept,1.51549323856423,-0.323251661563295,0.878841273088305,1.10339062041555,79.1442635141534,Reject,Accept,Accept,Accept,0.191771224320606
0.99150840280494,1.09055441884498,-0.0889226612746282,-0.777761484988171,0.326376008398943,Accept,Z2,1.60422219295332,1.60586570209209,0.00164350913877266,1.1174185955663,2.0039374350437,73.1257217339934,-0.0889226612746282,-0.464307653635801,0.274846846197703,Accept,1.60493920946397,0.000717016510653612,0.851938379003726,1.29558016995088,82.7097566633476,Accept,Accept,Accept,Accept,1.1364293289131
N/A,N/A,N/A,N/A,N/A,N/A,N/A,N/A,N/A,N/A,N/A,N/A,N/A,N/A,N/A,N/A,N/A,N/A,N/A,N/A,N/A,N/A,N/A,N/A,N/A,N/A,N/A
0.373279803415752,0.972837497916643,-0.00011872888383714,-0.201553043553123,0.293165812572852,Accept,"Z1, Z2, Z4",0.915026857872746,1.17108198068985,0.256055122817108,0.84864750705371,1.11072120163706,40.4767372321418,-0.00011872888383714,-0.222335991250938,0.223673971742038,Accept,1.17221792266732,0.257191064794572,0.886434400531306,1.14395781987498,59.3044335944667,Accept,Accept,Accept,Accept,1.50409605547373
0.296167951074164,0.928725808846035,-0.0217128855635609,-0.476394619611382,0.681335318712653,Accept,Z2,0.929850810933638,1.20398548181421,0.274134670880571,0.744787063355405,0.910211828299332,52.465035458854,-0.0217128855635609,-0.349167675618259,0.298822709593517,Accept,1.20273819641681,0.272887385483168,0.83557832608746,1.03690031952979,57.9477410753554,Accept,Accept,Accept,Accept,0.922102284172648
0.58932059404141,0.920206436935536,0.187294113260802,-0.335263275813066,0.294679779993638,Accept,"Z1, Z2, Z4",1.5236224791889,1.64550936984213,0.121886890653225,0.894696507216465,1.30082118169857,47.5155830922986,0.187294113260802,-0.0667476311784677,0.422245151416104,Accept,1.6459016395149,0.122279160326001,0.790364927946526,1.04570546672161,44.9010860657657,Accept,Accept,Accept,Accept,0.445042642732668
0.353231423817849,0.977990845854924,0.185205703642168,-0.121499543168825,0.456458381589827,Accept,"Z1, Z2, Z4",1.06585235079626,1.19869353916212,0.132841188365863,0.666785962284315,0.669902067042301,47.4659788502881,0.185205703642168,-0.0472397619194295,0.408172608891189,Accept,1.19787759148,0.132025240683742,0.754748904881128,0.83183041008556,61.6409942919108,Accept,Accept,Accept,Accept,1.04266939373037
0.396135894086537,0.995208305659877,0.0309884930425445,-0.4820796911898,0.426350482681169,Accept,"Z2, Z4",0.783297448395129,1.03049560105697,0.247198152661841,1.07612803656089,1.72593634364803,60.0693899145464,0.0309884930425445,-0.210845067229616,0.279064997360352,Accept,1.03060829691506,0.24731084851993,0.887467766428636,1.10888571408492,55.0305323943401,Accept,Accept,Accept,Accept,0.900411669763247
0.447634507629505,0.994396576085439,0.0443685351104703,-0.350893001422096,0.241097629192511,Accept,"Z1, Z2, Z4",0.883103667273631,1.13961908407251,0.25651541679888,0.865704078007679,1.11127278651031,50.6251031043795,0.0443685351104703,-0.183532353142125,0.258698578211875,Accept,1.13688581935459,0.253782152080959,0.822490468311174,1.01544837739294,59.1052543690583,Accept,Accept,Accept,Accept,0.950241486308473
N/A,N/A,N/A,N/A,N/A,N/A,N/A,N/A,N/A,N/A,N/A,N/A,N/A,N/A,N/A,N/A,N/A,N/A,N/A,N/A,N/A,N/A,N/A,N/A,N/A,N/A,N/A
1.40482292295965,1.20208461489296,0.130326690050088,-1.66329494979453,0.326883639167186,Accept,X1,1.34749254169981,1.52269640889848,0.175203867198668,1.16058730549666,1.99661446650223,75.4591635779535,0.130326690050088,-0.291736161625608,0.585594317370101,Accept,1.52342330296674,0.175930761266931,0.868926868301163,1.22792218627863,80.5659588554821,Accept,Accept,Accept,Accept,0.416342204894165
-0.591404042661337,0.789866590014214,-0.106160387139117,-0.281316575504603,1.06038072539186,Accept,Z2,1.45166482441802,1.48990667451508,0.038241850097056,1.04397471190422,1.4929908088939,65.3323292790092,-0.106160387139117,-0.435865548426533,0.240889584782824,Accept,1.4884745335387,0.0368097091206822,0.773236626190023,0.893023224087453,65.8519722581514,Accept,Accept,Accept,Accept,0.898756210166876
0.373581438915306,0.852683651793381,0.138910368807673,-0.148184750941023,0.550441906069717,Accept,"Z1, Z2, Z4",1.08631707939694,1.17373981926581,0.0874227398688678,1.14999679287405,1.82787151373476,63.9515421756559,0.138910368807673,-0.0960875696876874,0.377494050201713,Accept,1.17408287625195,0.0877657968550059,0.911815073124064,1.21592548390434,72.0530907625203,Accept,Accept,Accept,Accept,0.825508813944382
