Beta_Trt,Beta_Risk,Beta_intx,Lower.CI,Upper.CI,rejection.Risk,SSVS_results,Prediction_Error,Beta_intx_Noise,Lower.CI_Noise,Upper.CI_Noise,rejection.Risk_Noise,Prediction_Error_Noise,rejection.Opt_MultInt,rejection.interaction,rejection.interaction_adj,rejection.SDIR,SDIR
0.990680539353549,0.984208361027181,0.0635849810448248,-0.298516618704793,0.276795353182822,Accept,"Z2, Z4",1.20944833931597,0.0635849810448248,-0.17210976100796,0.321880988532204,Accept,1.3152138422839,Accept,Accept,Accept,Accept,0.631753789954443
1.21335173563055,1.21911215795669,-0.12502047006949,-0.635480676842598,0.444287618134079,Accept,"Z2, Z4",1.82015396085312,-0.12502047006949,-0.526826736146208,0.237818409302084,Accept,1.64448501936966,Accept,Accept,Accept,Accept,0.524979969712163
0.76494269686386,0.840569254514452,0.0986745016695789,0.0457399745222172,0.507348251245859,Reject,"Z1, Z2, Z4",1.65853156664057,0.0986745016695789,-0.131126996043817,0.327970954530586,Accept,1.43442281885403,Reject,Reject,Accept,Accept,1.2189276223667
1.08586898384842,0.985015633939674,-0.0139124963219026,-0.211923149838946,0.603701423789229,Accept,"Z2, Z4",1.60238002930079,-0.0139124963219026,-0.324811771842778,0.307556067273159,Accept,1.42448387546038,Reject,Reject,Accept,Accept,0.393909864988891
0.945236252824553,0.835512271299087,0.207121711529638,-0.15873169638082,0.451918781982754,Accept,"Z1, Z2, Z4",1.30434670457933,0.207121711529638,-0.0557239758034961,0.485453029448536,Accept,1.33235989276384,Reject,Reject,Reject,Accept,0.413880595306039
0.965038317775817,0.910119644432564,0.0930463125823743,-0.0800748249406252,0.352920005482957,Accept,"Z1, Z2, Z4",1.24140797353575,0.0930463125823743,-0.119229130709373,0.324217097087961,Accept,1.57697783014923,Accept,Accept,Accept,Accept,1.07816438174228
1.12997860844932,0.916280091652594,-0.079165479686431,-0.271950335026812,0.262686931011518,Accept,"Z1, Z2, Z4",1.86087304442503,-0.079165479686431,-0.352138931369977,0.190916223160191,Accept,1.50687007109432,Accept,Accept,Accept,Accept,0.599712208855779
0.89650181884353,0.923382062189056,-0.0569937015736404,-0.203958627516086,0.542074435185472,Accept,"Z2, Z4",2.40055781866366,-0.0569937015736404,-0.305820911256158,0.197557200938073,Accept,1.6730147372886,Accept,Reject,Accept,Accept,1.17647167722811
0.923665854888783,0.861741546750978,-0.0314511314503608,-0.227766477083283,0.480851916552163,Accept,"Z2, Z4",2.14739236862859,-0.0314511314503608,-0.316359100363501,0.264424415524551,Accept,1.67838029358275,Reject,Accept,Accept,Accept,0.872215898829349
1.03934595569034,0.797116428231205,0.0116330771447147,-0.261518036512054,0.345727182249246,Accept,"Z2, Z4",1.577431538106,0.0116330771447147,-0.21041792283375,0.231327611059158,Accept,1.36073602875643,Reject,Accept,Accept,Accept,0.238667040199663
0.743464572942072,0.829139207004985,0.0732820510820773,-0.04005218003645,0.418491668516765,Accept,"Z1, Z2, Z4",1.59583281482369,0.0732820510820773,-0.171081550268782,0.305914718455422,Accept,1.18124500278417,Accept,Accept,Accept,Accept,0.71718770388354
0.850484466073631,0.851528860176369,0.026672918856098,-0.248984752799397,0.520009899574215,Accept,"Z2, Z4",1.71133361622829,0.026672918856098,-0.282492195786841,0.35555313577302,Accept,1.53209876850303,Accept,Accept,Accept,Accept,0.9978819062924
0.120432091374024,0.729420337870225,0.354121679318794,0.243368478767691,1.00642763517098,Reject,"Z2, Z4",1.78997155866349,0.354121679318794,0.0552503354539275,0.681267914660071,Reject,1.47864329375918,Reject,Accept,Accept,Reject,1.09648613888222
0.264210633493764,0.893143679180705,0.251312138546911,0.0385948625787872,0.933589737556366,Reject,"Z2, Z4",1.96145666728464,0.251312138546911,-0.066926490942517,0.548895851903217,Accept,1.36606524456072,Reject,Reject,Accept,Accept,1.36872434080994
0.708660999219459,0.963841531982822,0.222493396344745,-0.128587420932701,0.667766239172986,Accept,"Z2, Z4",1.26818895156239,0.222493396344745,-0.113525993806184,0.561104973498952,Accept,1.45405939973946,Accept,Accept,Accept,Accept,0.346024936653238
1.08642214345053,0.964441703745108,0.355105031972297,-0.743117981872417,0.787452275413829,Accept,Z2,1.68589577903027,0.355105031972297,-0.0600825127001114,0.759464335266645,Accept,1.58853412258318,Accept,Reject,Accept,Accept,0.693877914372956
1.0831376696763,0.955514638209389,-0.0423747746932578,-0.222440893902496,0.282180117929975,Accept,"Z1, Z2, Z4",1.37082745846866,-0.0423747746932578,-0.280879784195453,0.193141994176567,Accept,1.3869258446797,Accept,Accept,Accept,Accept,1.14108807914404
1.60794699472757,1.09228807335074,-0.351630493560579,-0.511698772763278,0.207815240688324,Accept,"Z2, Z4",1.81899027124272,-0.351630493560579,-0.660616575934256,-0.0719569086675327,Reject,1.49497924040041,Accept,Accept,Accept,Accept,0.763998707554007
0.635108982244106,0.855371409868296,0.328062373698735,-0.186313510827339,0.549390247007043,Accept,"Z1, Z2",1.32772786138521,0.328062373698735,0.0709746743792434,0.579171633709739,Reject,1.0276254582133,Accept,Reject,Accept,Accept,0.75578629218471
1.25301544491836,0.969733718085826,0.187890835548162,-0.401804988648485,0.375094086345399,Accept,"Z2, Z4",1.65591432783464,0.187890835548162,-0.141322211898326,0.527711371776552,Accept,1.40105227876443,Accept,Accept,Accept,Accept,0.885162931772716
1.06036049310905,1.15519885734145,0.0335680873184742,-0.701379598578281,0.436965232486305,Accept,"Z4, X10",2.35572611799313,0.0335680873184742,-0.290821123727904,0.371315086212312,Accept,1.72975011876896,Reject,Accept,Accept,Accept,0.805122523990852
0.901562204905665,0.934786186354417,0.196030210321734,-0.369846281595308,0.504144467949011,Accept,"Z1, Z2",1.25924243186997,0.196030210321734,-0.155782034520042,0.512037288356358,Accept,1.36445347451521,Accept,Accept,Accept,Accept,0.669064624399397
1.36551623168682,1.05703258943482,0.112972546358976,-0.417429890820153,0.442291310114881,Accept,"Z2, Z4",1.50711325956681,0.112972546358976,-0.219403229586716,0.481251194359931,Accept,1.46591243530253,Accept,Reject,Accept,Accept,0.215074051192583
0.954188442428922,0.90585689552734,0.0918915125888728,-0.392989640590666,0.485893504792533,Accept,"Z2, Z4",1.07731828552692,0.0918915125888728,-0.207596098535599,0.395499060945614,Accept,1.19196112610476,Accept,Accept,Accept,Accept,0.106575430485815
1.09829956187529,0.873309763213084,0.132546616293371,-0.294455758189934,0.467107828528602,Accept,"Z2, Z4",2.35011895152106,0.132546616293371,-0.190286080175877,0.424913601934571,Accept,1.53799793471783,Accept,Accept,Accept,Accept,0.901511598030631
0.960594325518558,0.945981858190488,0.151077299466097,-0.120785520630959,0.576000446396456,Accept,"Z2, Z4",1.38346976525499,0.151077299466097,-0.160531792978172,0.45490770421536,Accept,1.40092369192967,Reject,Accept,Accept,Accept,0.47380283764865
1.13276479245465,0.937448471857331,0.106967690226342,-0.207717357032905,0.345442282704806,Accept,"Z1, Z2, Z4",1.72233741364835,0.106967690226342,-0.149874884293382,0.374712051282447,Accept,1.43769554769255,Reject,Accept,Accept,Accept,0.832631594621235
1.60609407049083,0.877390897444307,-0.00918881705841611,-0.317754576868495,0.262203856584907,Accept,"Z2, Z4",1.97229811943575,-0.00918881705841611,-0.268996186672345,0.23754517998786,Accept,1.73956194772955,Accept,Accept,Accept,Accept,0.927635243841585
0.839904373303039,0.89045451367493,-0.10379502171425,-0.156503037185691,0.551089174967262,Accept,"Z2, Z4",2.11946522917925,-0.10379502171425,-0.429831167941257,0.227003024023511,Accept,1.48752018507615,Reject,Accept,Accept,Accept,0.900625054616539
0.899564186580421,0.877515161771962,0.233276336784731,-0.45110769580454,0.698917271313102,Accept,"Z1, Z2",1.80347276520366,0.233276336784731,-0.0494444171943688,0.511409221553326,Accept,1.42969404563871,Accept,Reject,Accept,Reject,1.25996867865187
0.77716349343659,0.683640709689448,0.330914185924885,0.0935671431542325,0.556524648348827,Reject,"Z1, Z2, Z4",1.40991299440831,0.330914185924885,0.112950126118608,0.573128409160411,Reject,1.24145512376128,Reject,Reject,Reject,Reject,1.62743488917601
0.670471309090309,0.720193598078897,0.376389586687334,-0.0966599438235234,0.6795295004967,Accept,"Z2, Z4",1.89403117848965,0.376389586687334,0.0601049541593763,0.672622406625585,Reject,1.52820616815163,Reject,Reject,Accept,Reject,1.51098956115191
1.20608547395075,0.97189913615517,0.0364959181944708,-0.958499211882976,0.782611278242045,Accept,Z1,2.35649671680628,0.0364959181944708,-0.33839456063964,0.375332687010919,Accept,1.71487779190916,Accept,Reject,Accept,Accept,0.610096049855744
N/A,N/A,N/A,N/A,N/A,N/A,N/A,N/A,N/A,N/A,N/A,N/A,N/A,N/A,N/A,N/A,N/A,N/A
1.14005004661919,0.919660567354274,0.161258736185265,-0.45980406344917,0.579013210780916,Accept,Z2,2.05861857728087,0.161258736185265,-0.124090344323515,0.453139036156692,Accept,1.66706617786813,Accept,Accept,Accept,Accept,1.15475821164303
1.2035733297893,0.950164728167313,0.248274774502214,-0.420666579828821,0.42140054186509,Accept,"Z2, Z4",1.52515564118976,0.248274774502214,-0.0327772841382877,0.49767949957391,Accept,1.32137726490314,Accept,Accept,Accept,Accept,0.484229241252673
0.767854429913063,0.851906317190356,0.207123303700842,-0.412590717274713,0.54710568137267,Accept,X9,1.81009089683699,0.207123303700842,-0.130284616672283,0.538563460813177,Accept,1.33118986905059,Reject,Accept,Accept,Reject,1.00907590125045
1.01243546226959,0.998337276165958,-0.061910066249814,-0.161123345963667,0.329253553396341,Accept,"Z1, Z2, Z4",2.25725910870677,-0.061910066249814,-0.297705279634057,0.193442208232143,Accept,1.74534236789618,Reject,Accept,Accept,Accept,0.827169873300628
1.24343825217225,1.01321420047898,0.170561767249069,-0.17538173341888,0.466436645545078,Accept,"Z2, Z4",1.49412879975102,0.170561767249069,-0.0948223836381975,0.453683939475933,Accept,1.60602296480198,Accept,Accept,Accept,Accept,0.391220280605757
1.16743490374631,0.866470136498914,0.200666236212258,-0.021005590111677,0.649152180113913,Accept,"Z2, Z4",2.13009981734645,0.200666236212258,-0.0985383555942306,0.498410842957297,Accept,1.90842742650355,Accept,Accept,Accept,Accept,0.513643751540986
0.529648428153492,0.848601720404809,0.175425775870182,0.0239339825721726,0.68905881973935,Reject,"Z1, Z2, Z4",1.37323444346375,0.175425775870182,-0.0881779862670153,0.465127662123964,Accept,1.22725743556321,Reject,Accept,Accept,Accept,0.646591052101743
N/A,N/A,N/A,N/A,N/A,N/A,N/A,N/A,N/A,N/A,N/A,N/A,N/A,N/A,N/A,N/A,N/A,N/A
0.363542027620124,0.765351183015945,0.120367165278699,0.0478353839680415,0.735823866856813,Reject,"Z1, Z2",2.36804306015868,0.120367165278699,-0.131003245779232,0.360699158658257,Accept,1.95314043502895,Reject,Accept,Accept,Accept,1.08661931531927
1.09886289469465,0.942404488312815,0.0439052399590852,-0.300183794700172,0.487995922599033,Accept,"Z2, Z4",1.76394878912177,0.0439052399590852,-0.257670421772731,0.352300223057133,Accept,1.68585206487537,Accept,Accept,Accept,Accept,0.513765023157992
-0.23306903546098,0.367520512893651,0.360730224402358,-0.0317992863598861,1.74292980271048,Accept,X8,2.18796985928065,0.360730224402358,-0.0145245814898127,0.760494396578712,Accept,1.42090417692053,Reject,Accept,Accept,Accept,0.782166647774358
0.748124026218957,0.907829586590614,0.13890642553974,-0.131176506577633,0.444790900188342,Accept,"Z1, Z2, Z4",1.54994092186965,0.13890642553974,-0.153438028277326,0.415571340759197,Accept,1.48854117548815,Reject,Accept,Accept,Accept,0.931894335141572
0.456500728279728,1.03947089949577,0.176971500925796,-0.042916470107978,1.00302503447213,Accept,"Z2, Z4",1.16592599802922,0.176971500925796,-0.138071338094427,0.499647482086449,Accept,1.22566236360138,Accept,Accept,Accept,Accept,0.37291323510003
2.19103836470821,1.39009855220265,-0.204962119133327,-1.2229530495145,-0.0453037760721499,Reject,Z2,1.42543599104694,-0.204962119133327,-0.522938482630929,0.100776680921987,Accept,1.27738234565263,Reject,Accept,Accept,Accept,1.17589785173556
0.957948093265094,0.909901772529642,0.106590219477556,-0.258032698850417,0.409641593568275,Accept,"Z2, Z4",2.11506386917348,0.106590219477556,-0.127108796986588,0.341011123589253,Accept,1.81756807744759,Accept,Accept,Accept,Accept,0.528437712732433
0.505530941505616,0.962352087023678,0.0472316271632671,-0.0353524350566579,0.620884561964043,Accept,"Z1, Z2, Z4",1.62702384324966,0.0472316271632671,-0.244723000069305,0.349491938273938,Accept,1.20018560008059,Reject,Accept,Accept,Accept,0.545778452128092
0.899274565021268,0.671337518577088,0.249097248522984,-0.0300402741485094,0.74322868794391,Accept,"Z2, Z4",2.55318102973752,0.249097248522984,-0.0334617312464452,0.541631965461656,Accept,2.14666997344364,Accept,Accept,Accept,Accept,0.399306677349162
0.370790661965094,0.650102304626382,0.169053714372714,0.102848054200621,0.892094850020429,Reject,"Z2, Z4",1.65919747774774,0.169053714372714,-0.0993193801309949,0.468819498066415,Accept,1.5240936086492,Reject,Reject,Accept,Accept,1.0935319977729
0.493891827922136,0.815103511192335,0.148590526118859,-0.118078857225394,0.651755177342576,Accept,"Z2, Z4",1.31730409341131,0.148590526118859,-0.111480903532285,0.424608688011106,Accept,1.29319868565641,Accept,Accept,Accept,Accept,0.285445731915534
N/A,N/A,N/A,N/A,N/A,N/A,N/A,N/A,N/A,N/A,N/A,N/A,N/A,N/A,N/A,N/A,N/A,N/A
1.38726698755655,0.995192950585322,-0.0779021998276588,-0.446176635212205,0.325600827107076,Accept,"Z2, Z4",1.76567944807002,-0.0779021998276588,-0.387589255691566,0.194020614794617,Accept,1.31886912400023,Accept,Accept,Accept,Accept,0.714273426804109
0.980890864741254,0.945831647479905,-0.0458158712868304,-0.41563484094978,0.489741833361535,Accept,Z2,1.86379481619203,-0.0458158712868304,-0.382853348559203,0.334913370179315,Accept,1.30099206996972,Accept,Accept,Accept,Accept,0.778498104000207
1.30235170832294,1.05220747129881,0.0971076844771886,-0.516354444297834,0.420433446848026,Accept,"Z2, Z4",1.27769095030279,0.0971076844771886,-0.247773873980471,0.44961092110753,Accept,1.2234407960725,Accept,Accept,Accept,Accept,0.245317355756832
1.0356032854309,0.960625403107268,-0.0934161921593009,-0.394863817534713,0.327445945258441,Accept,"Z1, Z2, Z4",1.49178448186874,-0.0934161921593009,-0.369308587112789,0.190947807499146,Accept,1.20524557004944,Accept,Accept,Accept,Reject,1.03221365701609
0.946946701240309,1.12514564619332,0.101981028328079,-0.754113868394917,0.152143388732521,Accept,Z2,1.75127402505496,0.101981028328079,-0.154662553067518,0.376281430562964,Accept,1.4531119439458,Accept,Accept,Accept,Accept,1.03466566334535
0.597472411496471,0.90933476054424,0.0140226951943073,-0.17768340353755,0.522175426678757,Accept,"Z2, Z4",1.4373070888082,0.0140226951943073,-0.250368973274231,0.261460448307323,Accept,1.28915812382789,Accept,Reject,Accept,Accept,0.816878936076932
0.157445057199023,0.735544849690314,0.302389367150134,0.00771832886216378,1.09466327923858,Reject,Z2,1.3635102272808,0.302389367150134,-0.0281582321037225,0.608161415506173,Accept,1.50459134377848,Reject,Accept,Accept,Accept,0.324858505542083
N/A,N/A,N/A,N/A,N/A,N/A,N/A,N/A,N/A,N/A,N/A,N/A,N/A,N/A,N/A,N/A,N/A,N/A
0.54769047429703,0.734507709518274,0.197651470949204,0.108409984537328,0.760342296250767,Reject,"Z1, Z2, Z4",1.41390367072241,0.197651470949204,-0.0629202838201422,0.450623723317417,Accept,1.21493606505702,Accept,Reject,Accept,Reject,1.18563091596616
1.20376414018282,0.851650707425636,0.0715632206230787,-0.201475015992343,0.429007983561443,Accept,"Z2, Z4",1.68353123100796,0.0715632206230787,-0.209670823717814,0.355095726017458,Accept,1.16941470634457,Accept,Accept,Accept,Accept,0.927608175010339
1.07607536694908,0.887123696769069,0.0535370670036847,-0.286551294461179,0.550357999721873,Accept,"Z2, Z4",2.04380687914805,0.0535370670036847,-0.261885938171137,0.369855833164181,Accept,1.53242823679999,Accept,Accept,Accept,Accept,0.696960810950931
1.41310072874994,1.0457672404235,0.0734261675163979,-0.385496030179603,0.166917934633746,Accept,"Z1, Z2, Z4",1.66696925101854,0.0734261675163979,-0.213861244457884,0.360183989014655,Accept,1.47036562246334,Accept,Accept,Accept,Accept,0.332533476566676
0.536773846042035,0.809183659888539,0.218321628301298,-0.0991483614587332,0.580743853417149,Accept,"Z1, Z2, Z4",1.54350489752336,0.218321628301298,-0.107440914594101,0.561088069743245,Accept,1.29154193383946,Reject,Reject,Accept,Reject,1.35414043272057
2.18638095787895,1.41368750357102,-0.0195719277880787,-1.16324199844873,-0.0753272111058287,Reject,Z2,1.78006523109781,-0.0195719277880787,-0.329446579525408,0.26178612553571,Accept,1.44619890262713,Reject,Accept,Accept,Accept,1.2008593973457
1.26171256509964,0.900959279404456,0.199935923421048,-0.417006522847174,0.390670652745316,Accept,Z2,1.98740776083774,0.199935923421048,-0.0241027618179743,0.430187355564166,Accept,1.35374628272172,Accept,Accept,Accept,Accept,0.0578533649639727
0.657710362450571,0.736563045089746,0.224849920862549,0.0356550883582095,0.614997262506766,Reject,"Z2, Z4",1.58881751624372,0.224849920862549,-0.0158653145970724,0.465443746038659,Accept,1.22806412675392,Accept,Accept,Accept,Reject,1.07939517152535
1.16838094815925,0.906031111227297,0.0427263251933477,-0.18744480367373,0.437118898489894,Accept,"Z2, Z4",1.84029396499208,0.0427263251933477,-0.194565416665804,0.28795545686011,Accept,1.56902732637086,Accept,Accept,Accept,Reject,1.40764371614991
0.245059852060715,0.833750182953944,0.174876167743653,-0.0841439233760964,0.797458730038955,Accept,"Z2, Z4",1.92015508008612,0.174876167743653,-0.122485615775997,0.475299627422551,Accept,1.32782194670328,Reject,Reject,Accept,Accept,0.713708553890052
1.46449626159137,1.02443999355793,0.042638311213094,-0.718652075421187,0.305248695046976,Accept,Z2,1.29219885754903,0.042638311213094,-0.276763530863886,0.322506567818442,Accept,1.53667352733643,Accept,Accept,Accept,Accept,0.952912260063737
0.272821271040186,0.71990044401414,0.527803735426621,-0.0729899922501863,1.10991512593658,Accept,Z2,1.48825981991043,0.527803735426621,0.220474673033411,0.836783716010789,Reject,1.46028650770949,Accept,Reject,Accept,Reject,1.34062844802803
0.321584928642176,0.551132936096782,0.463326683356678,0.198350757384461,0.9064564666025,Reject,"Z2, Z4",1.58518991624057,0.463326683356678,0.207420398850033,0.738858479791295,Reject,1.41540988350028,Reject,Reject,Accept,Accept,0.748119755341939
0.468930995536696,0.881120615658995,0.0872041290891234,-0.242399258515508,0.518917169724718,Accept,"Z4, X1",1.55293335612797,0.0872041290891234,-0.165604245183622,0.340720268457956,Accept,1.15411012714513,Reject,Accept,Accept,Accept,0.445925788757774
1.02007920832158,1.04504089834702,0.11122601392001,-0.475299837854084,0.503284459735394,Accept,"Z2, Z4",1.30021986048768,0.11122601392001,-0.261938959227156,0.495865220926955,Accept,1.57887675676751,Accept,Accept,Accept,Accept,0.587271237301869
-0.139332017095113,0.624976763985228,0.28411551234773,0.0389088504650246,1.04572024255932,Reject,Z4,1.79324397622071,0.28411551234773,-0.0202186649152904,0.617264531232819,Accept,1.56498726057167,Reject,Reject,Accept,Accept,0.748841067142542
0.831956709060821,0.910248938867664,0.0966671091327025,-0.216605725073818,0.446593630516985,Accept,"Z2, Z4",1.72256980196123,0.0966671091327025,-0.140168610035086,0.350385059731939,Accept,1.45357254306008,Accept,Accept,Accept,Accept,0.981121380476377
0.96137627607493,0.8526949562509,-0.0820822180312119,-0.298861831248421,0.671418541001643,Accept,"Z2, Z4",1.89348733659062,-0.0820822180312119,-0.376402521585827,0.23331241335481,Accept,1.74062358076891,Accept,Accept,Accept,Accept,0.798334761831054
0.893219172513136,0.99070010256188,0.169904126832093,-0.187709510938665,0.428949271307484,Accept,"Z2, Z4",1.5677051324609,0.169904126832093,-0.0752021235378635,0.415132422877223,Accept,1.0541208786857,Accept,Reject,Reject,Accept,0.643132724698541
1.3030543378505,1.08333336333333,-0.0581032120365108,-0.483829070533073,0.214512075177758,Accept,"Z1, Z2",1.80302271284732,-0.0581032120365108,-0.290145576864043,0.20185008626633,Accept,1.58838045420538,Accept,Accept,Accept,Accept,0.393155264283428
0.555569044449135,0.687932830393159,0.288418779665401,-0.166758105557415,0.704648292259911,Accept,"Z2, Z4",2.04217762119179,0.288418779665401,0.0148630458220819,0.591346102072053,Reject,1.28098594940876,Reject,Reject,Accept,Reject,1.07508031375733
1.24583716256095,0.870605329201934,0.157372870009724,-0.13495935832712,0.337082012585176,Accept,"Z1, Z2, Z4",1.56378846617027,0.157372870009724,-0.0786773928361685,0.408190054508039,Accept,1.40773735700052,Accept,Reject,Accept,Accept,0.732678821935396
1.07609144357749,0.941393711414798,0.165617506017323,-0.300214288973574,0.453411586331124,Accept,"Z2, Z4",2.46392739387028,0.165617506017323,-0.117054394590973,0.456406288818824,Accept,1.7802701692467,Accept,Reject,Accept,Accept,0.341059900163681
1.05858766379541,0.834898241795219,0.209820797325864,-0.396629334610325,0.691766837416344,Accept,Z2,2.4899454571672,0.209820797325864,-0.113024530628884,0.520452232719382,Accept,1.92503435988287,Accept,Accept,Accept,Accept,0.7072322988031
1.01615422349826,0.831858012338444,0.195330880852344,-0.216907812806255,0.369636403253489,Accept,"Z1, Z2, Z4",1.39773518407234,0.195330880852344,-0.0570948989404252,0.470261714750532,Accept,1.20680851141537,Accept,Accept,Accept,Accept,1.03518917274522
0.944050893988212,0.766037970085186,0.197453722084624,-0.471495866898332,0.734490137642916,Accept,Z2,1.89734073557397,0.197453722084624,-0.154707164711548,0.546190852539112,Accept,1.25881446389887,Accept,Accept,Accept,Accept,0.292331441688064
0.990560564363456,0.766787616385163,0.0547397547425286,-0.297956541429423,0.718573359093313,Accept,Z2,2.26502569649997,0.0547397547425286,-0.183686871849893,0.290729648188126,Accept,1.33382352342954,Accept,Reject,Accept,Accept,0.827368872516678
0.873238152531628,0.862344749397349,0.0545373710970222,-0.341598445391717,0.428434358106231,Accept,"Z2, Z4",1.82103572316484,0.0545373710970222,-0.22038143780767,0.322817925011944,Accept,1.55038708279075,Reject,Reject,Accept,Accept,0.415682935499095
0.34106242548331,0.790627182576967,0.231317536000289,-0.0146466787608494,0.605849257555891,Accept,"Z1, Z3, Z4, X4",1.11188381706766,0.231317536000289,-0.0451516380544689,0.551592630999375,Accept,1.02890443340196,Reject,Reject,Accept,Accept,0.570487468920119
1.15355606798401,0.991901511645217,-0.026958810168189,-0.263214335146372,0.270840650109486,Accept,"Z1, Z2, Z4",1.47842402148094,-0.026958810168189,-0.296305432179678,0.264498841124419,Accept,1.36798983819526,Accept,Accept,Accept,Accept,0.732320687513464
0.945757095865452,0.81784680276222,0.0191475760547383,0.000166112585367043,0.499611265196417,Reject,"Z1, Z2, Z4",1.39480225439372,0.0191475760547383,-0.191678991027125,0.233741764529727,Accept,1.11377976375509,Reject,Accept,Accept,Reject,1.23033483743069
0.941932627717382,0.720416900990765,0.118561550852741,-0.213145956082396,0.545518362885664,Accept,"Z1, Z2, Z4",1.3112512994154,0.118561550852741,-0.195014818223364,0.409381844796731,Accept,1.232579860601,Reject,Accept,Accept,Accept,0.802947005750846
0.553606021527734,0.679508225703535,0.252397632076199,0.0354450838794347,0.710667642041739,Reject,"Z2, Z4",1.57991377450986,0.252397632076199,-0.0197163945896988,0.537557490748366,Accept,1.34430901162226,Accept,Accept,Accept,Accept,0.626660002743906
0.91015385169144,0.956118721848361,0.218985500112002,-0.138541101689579,0.46018974160119,Accept,"Z1, Z2, Z4",1.95442904092869,0.218985500112002,-0.0597882427800832,0.513706304566413,Accept,1.70091648900021,Reject,Reject,Accept,Accept,0.688453159139201
0.877688502051378,0.82588454935054,0.167625788611658,-0.0623116967111331,0.578796175078086,Accept,"Z2, Z4",1.26373932055505,0.167625788611658,-0.0826535939219115,0.404951097764416,Accept,1.14161704237525,Accept,Accept,Accept,Reject,1.24455089063924
0.568004164317428,0.717854561544624,0.0887616119568864,-0.0863338943087532,0.79577887300133,Accept,"Z2, Z4",1.37351630615004,0.0887616119568864,-0.213642344008935,0.364344105272344,Accept,1.21337605668125,Accept,Reject,Accept,Accept,0.422301867294695
0.694094521262641,0.860694202849189,0.0373459820704635,-0.247875692307448,0.538443713727958,Accept,"Z2, Z4",2.21700054234531,0.0373459820704635,-0.203569128292731,0.28226430552835,Accept,1.46911845683319,Accept,Accept,Accept,Accept,0.864325917635395
1.38044441826202,0.875063336541258,-0.0110492559095725,-0.464915002095273,0.301095459491717,Accept,"Z2, Z4",2.08571855292793,-0.0110492559095725,-0.294218256436219,0.262493737598154,Accept,1.37913924254105,Accept,Accept,Accept,Accept,1.41155457281916
1.23180303201574,0.900403945688222,-0.196881710997373,-0.526519582779335,0.376759665462203,Accept,"Z2, Z4",1.41958732121831,-0.196881710997373,-0.50187946802318,0.0680441744229693,Accept,1.18094213381752,Accept,Accept,Accept,Accept,0.597443897820662
0.68038017007176,0.857982668465039,0.229586604874163,-0.1350011603361,0.642651026033061,Accept,"Z2, Z4",1.46204933224695,0.229586604874163,-0.0682299755853912,0.509311641287833,Accept,1.18802563907913,Accept,Accept,Accept,Reject,1.55621735001876
1.01717139944842,0.854643082419484,0.0790335673328817,-0.200657293207423,0.285091104081563,Accept,"Z1, Z2, Z4",1.56089074565822,0.0790335673328817,-0.132399545513972,0.306970420280944,Accept,1.32660740357823,Accept,Accept,Accept,Accept,0.803175122079207
1.16753757504074,0.89693623591208,-0.00380725386873521,-0.25196732294673,0.282423678030834,Accept,"Z1, Z2, Z4",1.48168595155188,-0.00380725386873521,-0.255714117892536,0.230289059961758,Accept,1.23006261253879,Accept,Accept,Accept,Accept,0.706776730042741
0.916883982235678,0.790170014677724,0.0130663114710344,-0.113773040775649,0.540254072248438,Accept,"Z1, Z2, Z4",1.50499321056157,0.0130663114710344,-0.314508618292942,0.346436292667829,Accept,1.31332670506185,Accept,Accept,Accept,Accept,0.806878229785342
0.957471450438738,0.995727973437548,-0.15367370904608,-0.220356311968401,0.354614113390776,Accept,"Z1, Z2, Z4",1.67487407916167,-0.15367370904608,-0.451412954369013,0.160027710947754,Accept,1.40957937982515,Accept,Accept,Accept,Accept,0.242443615036958
1.18828605237457,1.15024601491547,0.375212500707812,-0.907457701921411,0.615141509840833,Accept,Z2,1.84146010771365,0.375212500707812,0.017925464488784,0.743377806929362,Reject,1.59833605007731,Accept,Accept,Accept,Accept,0.078494799732302
0.886042402766089,0.799475822075941,0.175170493680199,-0.00628188551819289,0.537498806465973,Accept,"Z1, Z2, Z4",1.58784440214741,0.175170493680199,-0.0990538460522454,0.464262575950032,Accept,1.41427240853606,Reject,Reject,Reject,Accept,1.16590160029538
0.68619760121353,0.788213581859244,0.179271936088834,-0.0846356234964838,0.424292494845031,Accept,"Z1, Z2, Z4",1.75419409376887,0.179271936088834,-0.045638837789712,0.397976870917445,Accept,1.51245958272978,Accept,Accept,Accept,Accept,1.10612469356374
1.13814546494478,0.877712580239317,-0.0210067664241172,-0.189202357961448,0.464646876064101,Accept,"Z2, Z4",1.54132942467681,-0.0210067664241172,-0.291432444978924,0.229311905957097,Accept,1.25535953360699,Reject,Reject,Accept,Accept,1.27545301046602
1.30753098932474,1.15551211488515,-0.054083021542765,-0.506090252458113,0.347846260175906,Accept,"Z2, Z4",1.9215982743153,-0.054083021542765,-0.333520678269139,0.210150831746315,Accept,1.35324905597972,Accept,Accept,Accept,Accept,0.4846332904588
2.03250159238902,1.26430487235042,-0.0459375989666224,-1.22872979232822,0.148203110134323,Accept,Z2,1.8620471919073,-0.0459375989666224,-0.366570336719325,0.293720505350366,Accept,1.58060876564073,Accept,Accept,Accept,Accept,0.85283957492132
1.20475134778819,0.797466609350844,0.138800528797194,-0.730769248327622,0.822309531751686,Accept,Z2,1.88949499879742,0.138800528797194,-0.145771895046223,0.449185564100946,Accept,1.23632343904273,Accept,Reject,Accept,Accept,0.62798803109016
1.02799212141018,0.802520324903593,0.200519354710059,-0.323910644816488,0.525257478929232,Accept,"Z2, Z4",1.13317320447567,0.200519354710059,-0.130887923205678,0.521932985905481,Accept,1.10584055312849,Accept,Reject,Accept,Accept,0.881190760089927
0.309897461445741,0.798810570705351,0.102566265279427,0.142951912784206,0.666268144777873,Reject,"Z2, Z4",1.57184653802044,0.102566265279427,-0.0882410885796043,0.318713013770326,Accept,1.29106898353539,Reject,Reject,Accept,Accept,0.856401479737931
0.615427907103706,0.982767163252269,0.0929989195183462,-0.254543851695396,0.677302112442169,Accept,"Z2, Z4",2.00435751795366,0.0929989195183462,-0.276665108767665,0.51228666835692,Accept,1.43845389819749,Reject,Accept,Accept,Accept,0.152713482888891
1.14144732242266,0.990072380124728,0.0289977788645629,-0.388042982994194,0.191196049906997,Accept,"Z2, Z4",1.67023056335405,0.0289977788645629,-0.165808622012474,0.231587653977685,Accept,1.17036099498129,Accept,Accept,Accept,Accept,0.549136668638165
1.1850813713376,0.890272104447732,0.0282912782363783,-0.318834475400844,0.413256634689336,Accept,"Z2, Z4",1.66910705216156,0.0282912782363783,-0.277879402435045,0.330237723744838,Accept,1.80899047009445,Accept,Accept,Accept,Reject,1.28568969085037
0.848911171921335,1.0324677913017,0.131581961586779,-0.52056866123791,0.944226651290255,Accept,Z2,1.69527762631684,0.131581961586779,-0.213347239984303,0.454176247065045,Accept,1.22910456615226,Accept,Accept,Accept,Accept,0.473349658648888
1.00988939052521,1.02163979019176,-0.142659913734488,-0.535817029884791,0.370320443605693,Accept,"Z1, Z2",1.25901117089856,-0.142659913734488,-0.450800663235392,0.161617613627935,Accept,1.48908659642289,Accept,Accept,Accept,Accept,0.409476682006763
0.552066847980193,0.642685563852694,0.333200508492255,0.151397027280112,0.73509580075562,Reject,"Z2, Z4",2.1572471888245,0.333200508492255,0.0725400335987469,0.5671587436733,Reject,1.6246972814607,Reject,Reject,Accept,Accept,1.18629565064971
0.798700810341697,0.812064469195615,0.317018510669272,0.0592892278079676,0.587673867783437,Reject,"Z1, Z2, Z4",1.80418119828238,0.317018510669272,0.0557457013554821,0.617743126817211,Reject,1.57133317494355,Reject,Reject,Reject,Accept,0.910977460706311
0.848734472907153,0.86176434559321,0.117554641787218,-0.146258192873531,0.574103831378387,Accept,"Z2, Z4",1.60112681793946,0.117554641787218,-0.160078569639121,0.397378754844432,Accept,1.37369435456875,Accept,Accept,Accept,Reject,1.33390985457477
N/A,N/A,N/A,N/A,N/A,N/A,N/A,N/A,N/A,N/A,N/A,N/A,N/A,N/A,N/A,N/A,N/A,N/A
0.939409724330294,0.987212512093829,0.147227754098432,-0.193928660767477,0.552321901776668,Accept,"Z2, Z4",2.05893665979799,0.147227754098432,-0.148902803180638,0.437652632295203,Accept,1.99892814986376,Reject,Accept,Accept,Accept,0.254941857185608
1.06634368056241,0.963747596437774,0.00774635284120537,-0.401835208045463,0.212627756070811,Accept,"Z1, Z2",1.67316488107862,0.00774635284120537,-0.193515827680187,0.215319876270978,Accept,1.54933591625286,Accept,Accept,Accept,Accept,0.681878367547548
0.849033742592936,0.793065053670042,0.247991299313488,-0.158749510611436,0.665860687639312,Accept,"Z2, Z4",1.42063701377901,0.247991299313488,-0.0726477503553816,0.584795129076196,Accept,1.21639671217771,Accept,Accept,Accept,Accept,0.951769208548462
1.2715808746551,1.04925235365131,0.160383254991952,-0.363523459715579,0.210941036932601,Accept,"Z1, Z2, Z4",1.82024883003879,0.160383254991952,-0.0852084313357532,0.393712812325826,Accept,1.55235164487716,Accept,Accept,Accept,Accept,0.510364253390778
1.12200278206559,0.89139763925611,-0.0526692143738687,-0.204987860535674,0.311080419305404,Accept,"Z1, Z2, Z4",1.29398403698977,-0.0526692143738687,-0.28364065716193,0.202421999014962,Accept,1.58293081170948,Reject,Reject,Accept,Accept,0.548473643374754
1.4271805945137,0.921852180838653,-0.124346325240409,-0.477398544045254,0.167581719772505,Accept,"Z2, Z4",1.60244426418078,-0.124346325240409,-0.415033194433786,0.139986651169779,Accept,1.73221218313505,Accept,Accept,Accept,Accept,0.529805989946714
0.842028652995316,0.764784429627418,0.374671825006201,-0.121982565162214,0.657312436333788,Accept,"Z2, Z4",1.48247919773386,0.374671825006201,0.0317569295250949,0.721811503670553,Reject,1.29127658135648,Accept,Reject,Accept,Accept,0.47442844941815
0.961962209637371,0.999382061665952,0.0871847432751274,-0.26361890860191,0.475309021366529,Accept,"Z2, Z4",1.27822656384051,0.0871847432751274,-0.14923271745041,0.321909085655797,Accept,1.28636662642543,Accept,Accept,Accept,Accept,0.795193500147561
0.82185837124464,0.805292647834397,0.319754967563566,0.140910864423596,0.507344995063807,Reject,"Z1, Z2, Z4",1.22318997455278,0.319754967563566,0.116407658000309,0.515820250661255,Reject,1.19118742954113,Reject,Accept,Accept,Reject,1.80961022604248
1.30276244409755,1.13393406130873,-0.105858506905576,-0.541345028284818,0.310975079766304,Accept,"Z2, Z4",2.1093827653884,-0.105858506905576,-0.430172971019692,0.217478255853217,Accept,1.45909792414342,Accept,Accept,Accept,Accept,0.523009983739405
1.2954007102285,0.943267141008928,0.00234591025678563,-0.195123851027649,0.213407712427513,Accept,"Z1, Z2, Z4",1.76483237162725,0.00234591025678563,-0.204669867011483,0.205748599768793,Accept,1.69618649256403,Reject,Accept,Accept,Accept,0.738565750684045
0.305662027879,0.756571657016658,0.31583625224389,0.143051676791828,0.607934601349843,Reject,"Z1, Z2, Z4",1.22962398940562,0.31583625224389,0.0874332360649532,0.546034763804822,Reject,1.3225866562832,Reject,Accept,Accept,Accept,0.940221307935693
1.00932852094724,0.98591057022563,0.250986229899679,-0.269452966724591,0.470788791238466,Accept,"Z2, Z4",1.50556624717536,0.250986229899679,-0.0373461345488147,0.527124320265445,Accept,1.48124370970774,Accept,Accept,Accept,Accept,0.949400776277153
1.18965997768317,0.849833250621103,0.0794795410458704,-0.240375094599523,0.374025248893974,Accept,"Z1, Z2, Z4",1.80851060519007,0.0794795410458704,-0.20682336559766,0.360112443008875,Accept,1.49382164471369,Accept,Accept,Accept,Accept,0.21729082201832
1.15239176110444,0.830021454004691,0.0119674357010363,-0.285891042581186,0.331296215547928,Accept,Z2,1.98559163080996,0.0119674357010363,-0.210573613469432,0.250787273722791,Accept,1.34729388065698,Accept,Accept,Accept,Accept,0.688951526244571
0.666637937597945,0.880384519312683,-0.0496979429989422,-0.198792616758867,0.517369487158566,Accept,"Z2, Z4",1.87531332331801,-0.0496979429989422,-0.317228845925691,0.211270555741701,Accept,1.40780284950766,Accept,Accept,Accept,Accept,0.743815499521561
0.728343353820802,0.875799467770916,0.199946405214383,-0.274224851748588,0.515772934141178,Accept,"Z1, Z4, X4",1.63296202811581,0.199946405214383,-0.127328951566206,0.50160524824199,Accept,1.23582724777514,Reject,Reject,Accept,Accept,0.924215978427889
0.985921620066771,0.574492953597904,0.154963874185271,-0.321021134662104,0.758052629940859,Accept,Z2,2.57981434149026,0.154963874185271,-0.115972922286923,0.420331215329916,Accept,1.63134723273823,Accept,Accept,Accept,Reject,1.31664435306561
0.831931686002091,0.973463580158438,-0.00762196159010085,-0.2360759594185,0.332324258688592,Accept,"Z2, Z4",0.907702808747317,-0.00762196159010085,-0.215211663734843,0.200568755826654,Accept,0.871404782354952,Accept,Accept,Accept,Accept,0.732043139729695
1.14618884506464,1.13070027447193,0.0701444118900417,-0.510363362771046,0.140651210547189,Accept,"Z2, Z4",1.67400061657706,0.0701444118900417,-0.210691530335096,0.340354793953592,Accept,1.51781487600502,Accept,Accept,Accept,Accept,0.925364018110318
0.241694767374047,0.788150348599075,0.0982449659918415,-0.0388230992887458,0.794342579017322,Accept,"Z1, Z4",1.95831407849976,0.0982449659918415,-0.194576955586024,0.406636087439253,Accept,1.50505617234774,Accept,Accept,Accept,Accept,1.22215965170442
1.3051010316532,0.923771110379148,0.437069743204523,-0.497399624206654,0.707358948413056,Accept,Z2,2.32039327035808,0.437069743204523,0.131614125351384,0.754691863744441,Reject,1.96254742376162,Accept,Accept,Accept,Accept,0.611452161003906
0.551626336056663,0.747251653594189,0.36557390751721,0.116617250085695,0.62291831750089,Reject,"Z1, Z2, Z4",2.30388107533997,0.36557390751721,0.14801427801303,0.601107080574545,Reject,2.01010194408514,Reject,Reject,Reject,Accept,0.67723143079785
1.01941551055683,0.733318679055975,0.254201766550037,-0.556542531266773,0.852217937139945,Accept,Z2,2.13405305309807,0.254201766550037,-0.0682648881583596,0.560088187134783,Accept,1.87634677264092,Accept,Accept,Accept,Accept,0.652198050572755
1.15355684842758,0.96929097644973,-0.0610339263392283,-0.183430430289339,0.484504093116495,Accept,"Z2, Z4",2.08905226537691,-0.0610339263392283,-0.278802409455613,0.165175310894046,Accept,1.71913261077347,Accept,Accept,Accept,Accept,0.907035968920015
1.47557975193771,1.16114643396503,-0.0169482156882018,-0.810598170093494,0.630282845197362,Accept,Z2,2.04443725532874,-0.0169482156882018,-0.398791218059874,0.362037779118132,Accept,1.75005888155325,Accept,Accept,Accept,Accept,0.441461431678905
1.372404726623,1.03830383629765,-0.096823544101669,-0.481738628391728,0.443686298239238,Accept,Z2,1.53769189341019,-0.096823544101669,-0.383814481349461,0.171002732801168,Accept,1.00065970462673,Accept,Accept,Accept,Accept,0.860942256899907
0.970476322065765,0.790351484458738,0.0333547122411723,-0.21559798212824,0.420082558093178,Accept,"Z2, Z4",1.49779881355864,0.0333547122411723,-0.215996707987267,0.292745142416411,Accept,1.56464184966183,Accept,Accept,Accept,Accept,0.524061254418775
1.25121668860663,1.14083618189566,0.066684395558119,-0.636254975456594,0.320624300689224,Accept,"Z2, Z4",2.02415093294734,0.066684395558119,-0.262591478070331,0.407525821831199,Accept,1.67163268129098,Accept,Accept,Accept,Accept,0.760153892365398
0.0735563988581267,0.763393164561061,0.176729940118049,-0.100113610819182,1.44669310345546,Accept,Z2,1.65485018467734,0.176729940118049,-0.159629608108426,0.489063370559225,Accept,1.17256252070797,Accept,Accept,Accept,Accept,0.492904423198228
0.791319076847917,0.790382892211568,0.1771726019909,-0.0584325204369337,0.485571132194105,Accept,"Z1, Z2, Z4",1.61824076428492,0.1771726019909,-0.0739492655484982,0.445245367480791,Accept,1.6290752002587,Accept,Accept,Accept,Accept,1.15549158387018
1.1763673450625,0.998727424139324,-0.249449193045337,-0.467931805851637,0.556169591129384,Accept,Z2,1.79916807376141,-0.249449193045337,-0.549363687995211,0.0278096355190319,Accept,1.14135362392708,Accept,Accept,Accept,Accept,0.49252728435103
0.899953258691375,0.944603413662225,-0.0418480276570233,-0.194047162632835,0.506867575374455,Accept,"Z2, Z4",1.72503625575453,-0.0418480276570233,-0.292341839931728,0.192643740537951,Accept,1.11522982353549,Reject,Accept,Accept,Accept,0.298907350742193
1.58136482494069,1.09193806527495,0.023147200512704,-0.635817493629853,0.210271609708551,Accept,Z2,1.52504350541488,0.023147200512704,-0.264371233405732,0.301128073442417,Accept,1.43066249114679,Accept,Accept,Accept,Reject,1.20353431433702
1.55683760036736,0.969785272350392,-0.0431099643905876,-0.540673655698017,0.434044370401924,Accept,Z2,1.85697730810058,-0.0431099643905876,-0.315936702919594,0.246822697463833,Accept,1.32800383672791,Accept,Accept,Accept,Accept,0.737337409671407
1.31580783535346,1.11431026518821,-0.0132625502183832,-0.777380309861474,0.15988919112783,Accept,Z2,1.77425337002889,-0.0132625502183832,-0.3001393553625,0.260564772907219,Accept,1.32830650835736,Accept,Accept,Accept,Accept,0.703532745886877
0.329542198052665,0.733779955605549,0.287166398194413,-0.0450256223022672,1.13643710706652,Accept,Z2,2.49181545191505,0.287166398194413,-0.0693568745376708,0.623315174468406,Accept,1.78156250970368,Accept,Accept,Accept,Accept,0.847629340767731
0.658513778870677,0.843832721927317,0.230654867921549,-0.0479578524137755,0.658252788074578,Accept,"Z2, Z4",2.49549973532431,0.230654867921549,-0.0731344209311059,0.550567575523424,Accept,1.82437853048096,Reject,Reject,Accept,Accept,1.2984243863542
0.644041112408709,0.833575504678907,0.198690564576627,0.0358927384848548,0.772834860046102,Reject,"Z2, Z4",1.44659060154827,0.198690564576627,-0.161246264569622,0.585642055961135,Accept,1.35900872747577,Reject,Reject,Accept,Reject,1.21672215110533
1.04097949252254,0.971496799875453,0.0588088471574726,-0.171338070238218,0.395100542083231,Accept,"Z1, Z2, Z4",0.858708627183363,0.0588088471574726,-0.213787667400486,0.353427730385495,Accept,0.977176149978477,Accept,Accept,Accept,Accept,0.28018744558498
0.915376756506237,0.911622735481251,0.00459276064459248,-0.201775107949763,0.344988950424083,Accept,"Z1, Z2, Z4",1.63581434851488,0.00459276064459248,-0.243789589688404,0.274167435912772,Accept,1.41494181935681,Reject,Reject,Accept,Accept,0.62482553722489
1.12814614871069,0.989451222043224,-0.173147135713109,-0.341032135584348,0.291096375042837,Accept,"Z1, Z2, Z4",1.60590591415375,-0.173147135713109,-0.460063102266541,0.0897041197246401,Accept,1.33856706884564,Accept,Accept,Accept,Accept,0.722550895158542
0.946472175265857,0.872948083072985,0.0484913510712708,-0.237306369188628,0.335646326780763,Accept,"Z2, Z4",1.60146014339832,0.0484913510712708,-0.219806783133872,0.308070866529759,Accept,1.41309283224885,Accept,Accept,Accept,Accept,0.685223319413799
1.30918416471185,0.956672063007404,0.130245698976399,-0.525124717045087,0.351883831476863,Accept,"Z2, Z4",1.45713232290117,0.130245698976399,-0.167074614148452,0.423914834304622,Accept,1.73051990644481,Accept,Reject,Accept,Accept,1.03445918512946
0.488810097591181,0.939835611559344,0.019533074193939,-0.238450955506145,0.476341840403563,Accept,"Z2, Z4",2.0773818747164,0.019533074193939,-0.215941406399524,0.257038001721126,Accept,1.5154421260244,Accept,Accept,Accept,Accept,1.04897989192359
0.486074898337521,0.783783838450536,0.19116604369563,-0.000934598193525329,0.762558337360997,Accept,"Z2, Z4",1.49837006476077,0.19116604369563,-0.00211710843144965,0.393707213081555,Accept,1.44614125941241,Reject,Accept,Accept,Accept,1.21389472506252
0.68256810312302,0.695582197427692,0.348215572226112,0.0947045727972247,0.575948238469253,Reject,"Z2, Z4",1.2693288311882,0.348215572226112,0.124228843124869,0.573273653222319,Reject,1.41934974687189,Reject,Reject,Reject,Reject,1.52883124882471
0.749315384401376,0.905341350479716,0.140397654265963,-0.209765727422857,0.531479841879546,Accept,"Z1, Z2, Z4",1.81087939259491,0.140397654265963,-0.211252019667612,0.469657503060025,Accept,1.37443763617025,Accept,Accept,Accept,Reject,1.31714732678696
0.786968610803152,0.923156526565651,0.267905848292861,-0.531216482405558,0.693209952239936,Accept,Z2,1.47192295964557,0.267905848292861,-0.0322778669689549,0.549103612486402,Accept,1.28357588371853,Accept,Reject,Reject,Accept,0.853725799811882
0.665319100901416,0.878217267045357,-0.0393809888652348,-0.0363678120762173,0.621601401243191,Accept,"Z2, Z4",1.91492590000492,-0.0393809888652348,-0.265242366136541,0.17300435054624,Accept,1.54296796683646,Reject,Accept,Accept,Reject,1.33398540575108
N/A,N/A,N/A,N/A,N/A,N/A,N/A,N/A,N/A,N/A,N/A,N/A,N/A,N/A,N/A,N/A,N/A,N/A
0.499117676000346,0.95995552705267,0.287646336722608,-0.440867904360028,1.01371826301249,Accept,Z2,1.47586771343285,0.287646336722608,-0.13752438417489,0.716272457626978,Accept,1.29911817293397,Accept,Accept,Accept,Accept,0.514302158088192
1.05899576647079,0.821110576673199,0.125405690587074,-0.226479655410866,0.694876575846722,Accept,Z2,2.08048475153903,0.125405690587074,-0.116714969645013,0.366188608072632,Accept,1.48368198196656,Accept,Accept,Accept,Accept,0.812793617903747
0.663811018599918,0.845289360913646,0.119906152973465,-0.775466784271766,1.02900777829512,Accept,Z2,1.76917728653224,0.119906152973465,-0.223729839971278,0.446864482694868,Accept,1.4934193189351,Accept,Accept,Accept,Accept,0.885827921184311
0.818226123654135,0.872120659551791,0.150335814685647,-0.0561841010400127,0.673571240491367,Accept,"Z1, Z2, Z4",1.82238448763959,0.150335814685647,-0.162742109139859,0.48381561904551,Accept,1.71421882698693,Reject,Reject,Accept,Accept,0.408818499345151
1.46210817605155,0.835503933531447,0.135338341299426,-0.580852480597442,0.720852355007215,Accept,Z2,2.02386615608466,0.135338341299426,-0.168661878176484,0.430306702430911,Accept,1.39852958687707,Accept,Accept,Accept,Accept,0.470935346916514
0.924480214072915,0.775845623806307,0.211159123714028,-0.0802005343928152,0.388376708066251,Accept,"Z1, Z2, Z4",1.49261912371636,0.211159123714028,-0.00595741891831282,0.4197251984779,Accept,1.42929714523539,Reject,Reject,Accept,Accept,1.43593354201851
0.778040588595779,0.811366871652274,0.0588704809450473,-0.224893943013517,0.536120360865468,Accept,"Z2, Z4",1.83998894084664,0.0588704809450473,-0.218377482849028,0.333221548729737,Accept,1.29793763142054,Accept,Accept,Accept,Accept,0.408711719111448
N/A,N/A,N/A,N/A,N/A,N/A,N/A,N/A,N/A,N/A,N/A,N/A,N/A,N/A,N/A,N/A,N/A,N/A
0.94499358572342,0.792763667985727,0.547238402033095,-0.597682179676866,0.795485471321511,Accept,X10,1.97649835514018,0.547238402033095,0.244360974179137,0.83036147746632,Reject,1.39652313872838,Reject,Reject,Accept,Reject,1.16124322484361
1.06071074859038,0.847066742059039,0.0597182688411535,-0.215204262490243,0.391002563394124,Accept,"Z1, Z2, Z4",1.21533650241866,0.0597182688411535,-0.236205727529595,0.34973730378272,Accept,1.1751808508778,Reject,Reject,Reject,Accept,0.45150144429584
0.879504040407221,0.951605870961183,-0.00584871037684164,-0.196078190483876,0.364213114748207,Accept,"Z1, Z2, Z4",1.37447662894538,-0.00584871037684164,-0.285841036664595,0.253131452746044,Accept,1.13864734541783,Reject,Reject,Reject,Accept,0.764908487531436
1.01162511771519,0.950188823039022,0.130474863504617,-0.24085997981392,0.510898660464919,Accept,"Z1, Z2, Z4",1.49134036175971,0.130474863504617,-0.203111205270592,0.496291406106268,Accept,1.21782707067199,Accept,Accept,Accept,Accept,0.623329889715468
0.291149692067103,0.720022823627116,0.0593177001766534,0.122237798964898,0.747538058257822,Reject,"Z2, Z4",1.48845561133023,0.0593177001766534,-0.192415211154659,0.303606292008813,Accept,1.67490413493956,Reject,Reject,Accept,Reject,1.29216572214412
0.634746811397632,0.930862835110064,-0.0205467743759465,-0.141183843670019,0.576795347323292,Accept,"Z1, Z2, Z4",1.40159833028162,-0.0205467743759465,-0.334030547046218,0.287741919910586,Accept,1.297160967404,Reject,Accept,Accept,Accept,0.599011478684912
0.43207435989667,0.797279370048883,0.110504628983981,0.205501500594474,0.83633807364738,Reject,"Z2, Z4",1.36550168674345,0.110504628983981,-0.18051486461145,0.401596506810291,Accept,1.36107781980895,Reject,Accept,Accept,Accept,0.658443842684662
0.972955888895644,1.0760833218098,0.0428614919637291,-0.244437502915907,0.386661288583849,Accept,"Z1, Z2, Z4",2.17349962963574,0.0428614919637291,-0.231254077589913,0.330051726465801,Accept,1.86685654541576,Accept,Accept,Accept,Accept,0.700302535317738
1.62727632287461,0.93731241358216,-0.0419676833156107,-0.496982063575382,0.0651333560097747,Accept,"Z2, Z4",1.34195480798284,-0.0419676833156107,-0.297899071061418,0.182287027505303,Accept,1.41715878864906,Accept,Accept,Accept,Accept,0.7980364759605
0.66066154615396,0.86988094519981,0.189518616089377,-0.114490405440153,0.654631365811149,Accept,"Z2, Z4",1.58981858195732,0.189518616089377,-0.166600874931475,0.511073620031985,Accept,1.52701621513528,Accept,Accept,Accept,Accept,0.695600065789447
0.992092567817688,0.812030165254142,-0.0391179150145209,-0.740799945384243,0.903607498694026,Accept,X4,2.31730087225606,-0.0391179150145209,-0.413316407872345,0.309167667207043,Accept,1.52590019917866,Reject,Accept,Accept,Accept,0.693240086654674
N/A,N/A,N/A,N/A,N/A,N/A,N/A,N/A,N/A,N/A,N/A,N/A,N/A,N/A,N/A,N/A,N/A,N/A
1.06393458525792,0.949434222961172,-0.0682432241733562,-0.1788804270991,0.348693592909715,Accept,"Z1, Z2, Z4",1.58068728581793,-0.0682432241733562,-0.317356415680324,0.184329607925035,Accept,1.35790700094412,Reject,Reject,Accept,Accept,0.407902276838899
1.13243423306201,1.10222863883096,-0.199335549950905,-0.501717979010513,0.315986326935077,Accept,"Z2, Z4",1.51132189923892,-0.199335549950905,-0.523262268810031,0.137385445355482,Accept,1.27645301824579,Accept,Accept,Accept,Accept,0.401746569375161
1.22851875168432,0.820423421332977,0.074647639149816,-0.49610497151027,0.727244564722509,Accept,Z2,1.87563666670852,0.074647639149816,-0.181847485599845,0.328766854083419,Accept,1.48390800961761,Accept,Reject,Accept,Accept,0.70758485371335
0.594063433940802,1.04724341395633,0.157984143333681,-0.23602880150476,1.10788126137726,Accept,Z2,1.92905206936473,0.157984143333681,-0.119352266884412,0.435183074246769,Accept,1.24545350474651,Accept,Reject,Accept,Accept,1.12380718835764
0.56721508008158,0.861005195099286,0.226242395609794,-0.133498315155031,0.73780105381859,Accept,"Z1, Z2",1.23686441242355,0.226242395609794,-0.0389093983876279,0.494197509812353,Accept,1.45205615580908,Accept,Accept,Accept,Accept,0.760090560647048
0.884996623559883,0.910722237696674,-0.0503632135759558,-0.147564654259819,0.267195447532756,Accept,"Z1, Z2, Z4",1.19823720304785,-0.0503632135759558,-0.245719909248049,0.140485033768177,Accept,0.88672016929968,Reject,Accept,Accept,Reject,1.49413088925291
1.22004993788638,0.861355897649159,0.0685406941222973,-0.309195680948232,0.44773384328809,Accept,"Z1, Z2",2.12340261142882,0.0685406941222973,-0.161301072520689,0.302981984299338,Accept,1.99223053195144,Accept,Accept,Accept,Accept,0.683934641061246
0.763006015398191,0.892976042348565,0.044604530612782,-0.383855028429103,0.502030017194882,Accept,Z2,2.12553207602812,0.044604530612782,-0.196000937519295,0.269766107403308,Accept,1.49495275220874,Accept,Reject,Accept,Accept,0.992970053816665
1.14173136241484,0.899644344206387,0.0798149618104462,-0.315551901540315,0.435485273417964,Accept,"Z2, Z4",1.55471463651115,0.0798149618104462,-0.170581923493331,0.327471779259595,Accept,1.28077734087965,Accept,Accept,Accept,Accept,0.299737867132568
1.12857700568878,1.01819899147203,0.264384133181762,-0.302893098013553,0.490727041376289,Accept,"Z2, Z4",1.38500179117281,0.264384133181762,-0.0142507781995352,0.555883294062121,Accept,1.38730029753097,Accept,Accept,Accept,Accept,0.883402208926429
1.18048230610625,0.968356613063617,0.0807571993781501,-0.2712831516396,0.351964212120426,Accept,"Z2, Z4",1.41649976757608,0.0807571993781501,-0.182868057593239,0.320658715582557,Accept,1.38075936676872,Accept,Accept,Accept,Accept,0.695967239113867
0.560673222057001,0.683601900373525,0.0606232463249688,-0.291107625045932,1.25202440035935,Accept,Z4,1.97407054521254,0.0606232463249688,-0.251143366213891,0.39858052137729,Accept,1.46883943930538,Accept,Accept,Accept,Accept,0.977256504997297
1.48813352514956,0.952836644914919,-0.170132316666,-0.448228458125649,0.0509790416944178,Accept,"Z2, Z4",1.84732711073892,-0.170132316666,-0.390766584160512,0.0617609422823721,Accept,1.70072651791946,Accept,Accept,Accept,Accept,1.00403923323628
0.860655394701201,0.845875810927255,0.0886755265055411,-0.20582753773509,0.402377650237518,Accept,"Z2, Z4, X9",1.30025947272557,0.0886755265055411,-0.167235437594626,0.33963522325481,Accept,1.23294999130494,Reject,Accept,Accept,Accept,0.554959031602424
0.825426779384416,0.964774076866421,-0.0951520667525738,-0.153906246949388,0.297123298900993,Accept,"Z1, Z2, Z4",1.45630997743934,-0.0951520667525738,-0.300709718521975,0.107867477960204,Accept,1.24664763593917,Accept,Accept,Accept,Accept,0.828304603099254
N/A,N/A,N/A,N/A,N/A,N/A,N/A,N/A,N/A,N/A,N/A,N/A,N/A,N/A,N/A,N/A,N/A,N/A
0.798206722362813,1.01114329819708,-0.0320246476707162,-0.21568923476042,0.553837152599311,Accept,"Z2, Z4",1.61673499872788,-0.0320246476707162,-0.349345383182012,0.246453068023017,Accept,1.65045557188822,Reject,Accept,Accept,Accept,1.16813685282415
0.722400467680015,0.81099639527619,-0.00311809451214347,-0.139420570455406,0.731807256142087,Accept,"Z2, Z4",1.95840504255233,-0.00311809451214347,-0.341000629604357,0.311547366924461,Accept,1.80203596831528,Accept,Accept,Accept,Accept,0.421514795317893
0.106033395164186,0.632437355596408,0.145945971986092,-0.084325198129432,1.04772136749628,Accept,Z2,1.830010819258,0.145945971986092,-0.23522835714575,0.525726602867962,Accept,1.39004368275741,Accept,Accept,Accept,Accept,1.07561771205448
1.17232065894154,1.09110829863944,0.0965371248293326,-0.766577874215556,0.841166078586679,Accept,Z2,1.91413604179867,0.0965371248293326,-0.269295998092122,0.475413810696279,Accept,1.33158625959413,Accept,Accept,Accept,Accept,0.935322600777272
0.752369357239713,1.00707635597791,0.115006739871644,-0.269832365716957,0.640840740274178,Accept,Z2,2.01324444278844,0.115006739871644,-0.174734732769037,0.390146749756103,Accept,1.64317614503441,Accept,Accept,Accept,Accept,0.73235585810568
0.736491007783299,0.972104731459511,0.104596343716546,-0.196953938224132,0.479670624587219,Accept,"Z2, Z4",1.69604262577867,0.104596343716546,-0.148854334634709,0.35090318132998,Accept,1.42813010626881,Accept,Reject,Accept,Accept,0.503850931432352
0.791022606286109,0.983336199557228,-0.0345486990246797,-0.166011932499759,0.599292664908016,Accept,"Z1, Z2",1.70278290518711,-0.0345486990246797,-0.311080603716536,0.241956783203854,Accept,1.44954594780828,Accept,Reject,Accept,Accept,1.08825236775829
2.04831995754214,1.30066212221959,-0.14556349918768,-0.778737690298413,-0.136696623650172,Reject,"Z1, Z2",1.70219759622961,-0.14556349918768,-0.439431326601178,0.139012967972938,Accept,1.47497343983856,Reject,Reject,Accept,Accept,1.2499759374388
0.924473992852188,0.664951904159753,-0.0415321688817717,-0.207914606346401,1.12060133315286,Accept,Z2,2.12924589266459,-0.0415321688817717,-0.369455841316067,0.307157043038258,Accept,1.48755793041801,Accept,Accept,Accept,Accept,0.90529864791934
0.83154695078774,0.968111521592114,-0.0103144059884576,-0.345524399095666,0.54532565306334,Accept,Z2,1.84478174301258,-0.0103144059884576,-0.303914243962858,0.26350406469702,Accept,1.4431922197239,Accept,Accept,Accept,Accept,0.700043137830827
1.30628173888857,0.990822058501837,-0.165835595152882,-0.292968887007969,0.169547287265814,Accept,"Z1, Z2, Z4",1.80563105128061,-0.165835595152882,-0.39923111241799,0.0851189774864912,Accept,1.70464043952478,Reject,Accept,Accept,Accept,1.25205892643489
0.878201519114205,0.986324605878916,0.0044789182454195,-0.272959723443354,0.533506895290756,Accept,"Z2, Z4",1.41274419461622,0.0044789182454195,-0.282045459792121,0.307075026506901,Accept,1.76147759337874,Accept,Accept,Accept,Accept,1.1332094238795
1.46872924377911,0.902954667177018,-0.126542209937913,-0.361425083358225,0.212868557809032,Accept,"Z1, Z2, Z4",1.58590502384703,-0.126542209937913,-0.42217844964506,0.15751974764995,Accept,1.16930758607384,Reject,Reject,Accept,Accept,0.847595299192685
N/A,N/A,N/A,N/A,N/A,N/A,N/A,N/A,N/A,N/A,N/A,N/A,N/A,N/A,N/A,N/A,N/A,N/A
0.981395540340261,0.934321605019039,0.115227308310782,-0.348759892610611,0.292107034791797,Accept,"Z2, Z4",1.38860178654514,0.115227308310782,-0.189671575105741,0.378713888100043,Accept,1.32354802823133,Accept,Accept,Accept,Reject,1.26720037390095
0.844599162892161,0.905681960372978,0.143563300546766,-0.0642918181973513,0.679100232738733,Accept,"Z2, Z4",1.38280692230192,0.143563300546766,-0.135837511203225,0.416484466038169,Accept,1.5366843842324,Accept,Accept,Accept,Accept,1.18844401732559
0.153708123534674,0.802677491318527,0.217678121068152,-0.109906613546361,1.19419387303982,Accept,Z2,2.10039009052315,0.217678121068152,-0.148537464327986,0.559659684939566,Accept,1.5987721394617,Accept,Reject,Accept,Accept,0.849697295917641
0.104457698870971,0.703767411388474,0.306755776296136,0.133942437956998,1.10007127791108,Reject,"Z2, Z4",1.80872128813178,0.306755776296136,-0.0265333328706444,0.645574200588275,Accept,1.57212109464099,Reject,Accept,Accept,Accept,0.986906672976305
0.294638948430051,0.661420126035656,0.190325091468966,-0.0939969506257881,0.851377453163718,Accept,"Z2, Z4",1.86047431480911,0.190325091468966,-0.148028993604137,0.551214491783243,Accept,1.52355422445783,Reject,Reject,Accept,Reject,1.27098066198135
0.778668457971599,1.08006316751291,-0.0544315878249892,-0.175071619218113,0.527166421265706,Accept,"Z1, Z2, Z4",1.54913354889322,-0.0544315878249892,-0.372862548352337,0.289560539661823,Accept,1.40741195592762,Reject,Accept,Accept,Reject,1.20313883739102
0.919714814982595,0.836812627746199,0.170427770456653,-0.225307793228451,0.465812771583715,Accept,"Z2, Z4",1.6585816709785,0.170427770456653,-0.123994795363603,0.456630900731942,Accept,1.53426918378501,Reject,Reject,Accept,Accept,0.689441395434402
N/A,N/A,N/A,N/A,N/A,N/A,N/A,N/A,N/A,N/A,N/A,N/A,N/A,N/A,N/A,N/A,N/A,N/A
1.24306423446409,0.850668972493024,0.104257784072546,-0.229073604686503,0.207367990156577,Accept,"Z1, Z2, Z4",1.57253324789116,0.104257784072546,-0.142954338556384,0.366265825711613,Accept,1.09313150158944,Accept,Accept,Accept,Accept,1.12850081779105
N/A,N/A,N/A,N/A,N/A,N/A,N/A,N/A,N/A,N/A,N/A,N/A,N/A,N/A,N/A,N/A,N/A,N/A
0.66365535866186,0.900010923485444,0.190065170235523,-0.50324007747624,0.955468457784894,Accept,Z2,1.96363440473804,0.190065170235523,-0.169211504545952,0.578619852626779,Accept,1.51283555827269,Accept,Accept,Accept,Accept,0.801704032327843
0.234191304331347,0.866819202220186,0.0277393047382871,-0.0205835445715206,0.862752598504766,Accept,Z2,1.45035827514635,0.0277393047382871,-0.240512570811817,0.304249012349184,Accept,1.10454835479225,Accept,Accept,Accept,Accept,0.577491266853529
0.752357062531073,1.06844880893241,-0.0263246934952873,-0.289426125030594,0.3530517828778,Accept,"Z1, Z2, Z4",1.39133437332999,-0.0263246934952873,-0.300924147032265,0.249858427206052,Accept,1.18949973646376,Accept,Accept,Accept,Accept,0.503015934842078
0.703578763295754,0.819751442734925,0.0453891411622379,-0.0120026114465059,0.557473946703862,Accept,"Z2, Z4",1.78677386093088,0.0453891411622379,-0.188487751868368,0.288032252959594,Accept,1.40329298487385,Accept,Accept,Accept,Accept,0.458117545307721
1.10686010022657,0.96939561278436,0.135453921081757,-0.477608852667746,0.484765991984192,Accept,"Z2, Z4",1.90736078740774,0.135453921081757,-0.194709270143275,0.48946665949578,Accept,1.70613881408949,Accept,Reject,Accept,Accept,1.07483070332957
1.50755605138909,0.920935890517464,0.189599821365467,-0.700599575022744,0.571958447805148,Accept,Z2,2.03414415664782,0.189599821365467,-0.149693592571789,0.528438471975128,Accept,1.73409603264588,Accept,Reject,Accept,Accept,0.534491513256049
0.934221916425455,1.06386725785735,0.126595917894636,-0.776747212436771,0.488125223841562,Accept,Z2,1.95919947767101,0.126595917894636,-0.187127455944937,0.46527438617683,Accept,1.57874068817787,Accept,Accept,Accept,Accept,1.14855751511302
0.854334907678135,0.814421375309625,-0.00875713498021792,-0.120915392208341,0.751728679400303,Accept,Z2,1.59302573701072,-0.00875713498021792,-0.246659843875081,0.228499963665988,Accept,1.26620789058101,Accept,Accept,Accept,Accept,0.613420893708398
1.31816108913135,0.955457541053724,0.12454532216078,-0.286740033462288,0.321673569976821,Accept,"Z1, Z2, Z4",1.94548048328259,0.12454532216078,-0.18207051860894,0.421399001551652,Accept,1.7327123688791,Accept,Accept,Accept,Reject,1.35738259054465
0.6229287839027,0.820814525240676,0.3544354357072,0.0409925124406248,0.6477007132299,Reject,"Z2, Z4",2.00918403143694,0.3544354357072,0.131868464991346,0.573971781735506,Reject,1.72449833826888,Accept,Reject,Accept,Accept,0.659883741961571
1.81711652874072,1.16243115202581,-0.0148691421212783,-0.863768588889113,0.561101280972349,Accept,Z2,1.98530099916535,-0.0148691421212783,-0.413346703293247,0.346336870156677,Accept,1.68551898831625,Accept,Reject,Reject,Accept,0.342705090528375
1.91431058952564,1.30622513490659,0.110389059238046,-0.898683474115045,0.137274088794803,Accept,Z2,1.66357491146756,0.110389059238046,-0.171968634949598,0.377251702638331,Accept,1.19117643181146,Accept,Accept,Accept,Accept,1.13928515327191
1.19490408355773,1.0605558385438,0.0078965153117368,-0.263896394880696,0.16648543463405,Accept,"Z1, Z2, Z4",1.90049318945168,0.0078965153117368,-0.216120210929706,0.244548075192639,Accept,1.77925060047385,Accept,Accept,Accept,Accept,1.04466571829977
0.680927348572028,0.862080592152662,0.121484864239441,-0.212889016254598,0.575935296765976,Accept,Z2,1.47548540535588,0.121484864239441,-0.112020623313302,0.348357791476043,Accept,1.4300432564105,Accept,Accept,Accept,Accept,0.797387375328643
1.05277577250924,1.06519786498345,0.0837902895825646,-0.29884155317887,0.360868333873722,Accept,"Z1, Z2, Z4",1.52133509092526,0.0837902895825646,-0.251236792152131,0.433614033471864,Accept,1.51940177128026,Accept,Accept,Accept,Accept,0.625263474315769
1.80570913781117,0.945020546412271,0.265213366412425,-1.07326474535352,0.285708836114925,Accept,Z2,1.85604037330175,0.265213366412425,-0.0810427289866215,0.60291651571093,Accept,1.4911132914961,Accept,Accept,Accept,Accept,0.926127068969586
1.20807652386432,0.998609391647179,-0.0241100161005464,-0.362454743016736,0.201351177324332,Accept,"Z2, Z4",1.7949098944003,-0.0241100161005464,-0.260257146669926,0.195942974373369,Accept,1.78139063730454,Accept,Accept,Accept,Accept,0.586629899875666
0.687028182547227,0.70326528253274,0.223929979580543,0.0752780372436041,0.676252392591437,Reject,"Z1, Z2, Z4",1.77005546604743,0.223929979580543,-0.07549617405157,0.490936730854712,Accept,1.68062921056477,Accept,Accept,Accept,Accept,0.432599247653828
0.624303393965395,0.73495328668221,0.24195854358203,0.0498967827706561,0.591629284201555,Reject,"Z1, Z2, Z4",1.83120311306691,0.24195854358203,-0.0396300293524537,0.502150229305497,Accept,1.72239105414578,Accept,Accept,Accept,Accept,0.46121631804887
1.45067248448372,1.04033772991281,-0.209609250310577,-0.508100427083963,0.131978322905447,Accept,"Z1, Z2, Z4",1.80693297644594,-0.209609250310577,-0.473082711105655,0.0564052889460278,Accept,1.44823518361147,Accept,Accept,Accept,Accept,0.413628430523047
0.988768985232195,1.04814481399151,-0.0577297287055824,-0.335451933830713,0.375879238058467,Accept,"Z1, Z2, Z4",1.76649496307756,-0.0577297287055824,-0.339039701336784,0.195634280811735,Accept,1.26245178942171,Accept,Accept,Accept,Accept,0.111290795592905
0.67473816519793,0.86493178302922,0.0662549487564114,-0.191705801212352,0.333412717814834,Accept,"Z1, Z2, Z4, X2",1.47255795807295,0.0662549487564114,-0.18010972846257,0.327272728595159,Accept,1.42034920134869,Accept,Accept,Accept,Accept,0.64166776959833
0.95480433268341,0.886521129874115,0.306170792413243,-0.0863402780686946,0.476362571440288,Accept,"Z1, Z2, Z4",1.89480911076991,0.306170792413243,0.0148111646358255,0.583622011098685,Reject,1.63107307586849,Accept,Accept,Accept,Accept,0.852144468784697
0.672288158765242,1.03049408390497,0.0346372112550342,-0.341321360772417,0.306677505795473,Accept,"Z1, Z2",1.07930785062137,0.0346372112550342,-0.231278512184659,0.304178260908402,Accept,1.01491039044106,Accept,Accept,Accept,Accept,0.674106786454115
0.847560147605108,0.912943236931631,0.142715900480799,-0.0666666905143281,0.300335843057281,Accept,"Z1, Z2, Z4",1.36390271951828,0.142715900480799,-0.0379370299394873,0.334558960563268,Accept,1.42064219625252,Accept,Accept,Accept,Accept,0.807591695445561
0.576694533997609,0.911763966480343,0.134919068556441,-0.0921746089313683,0.557984954914558,Accept,"Z2, Z4",1.47864330432292,0.134919068556441,-0.0852462228569697,0.365054832118554,Accept,1.35846327146179,Accept,Accept,Accept,Accept,0.987821412121455
0.860900916358483,0.828436334638951,0.120222709898357,-0.135200800058659,0.611668163008826,Accept,"Z2, Z4",1.70205644831456,0.120222709898357,-0.167371912060648,0.392055108946091,Accept,1.38257453021362,Reject,Accept,Accept,Accept,0.484819030627434
0.927002519532646,0.707026579863955,0.00669171733384313,-0.235155442571536,0.716928551019631,Accept,Z2,1.62146124002303,0.00669171733384313,-0.2452913341169,0.252785317984868,Accept,1.60378876990894,Accept,Accept,Accept,Accept,0.616841718574292
0.891787178832093,0.839789354976134,0.243171862561655,-0.268948421152954,0.50981910718348,Accept,"Z2, Z4",1.19105981274739,0.243171862561655,0.00654062618872646,0.483489330451448,Reject,1.2885660511881,Accept,Reject,Accept,Accept,0.791331841894636
1.52116377262144,1.19928595041309,-0.0713840266079762,-0.676456340348945,0.216272489434742,Accept,"Z2, Z4",1.5565142948076,-0.0713840266079762,-0.401955904903703,0.24901286279976,Accept,1.590402204465,Accept,Accept,Accept,Accept,0.297556426285905
0.516699081907834,0.737530322190505,0.222342310529217,-0.0956021267816339,0.683122919258914,Accept,"Z2, Z4",1.68754472427646,0.222342310529217,-0.0527769610694885,0.498247959435745,Accept,1.52778276120201,Accept,Accept,Accept,Accept,1.03407768214492
0.726965115427286,0.942986693568172,0.151095001274373,-0.198286540814517,0.443579837103313,Accept,"Z1, Z2, Z4",1.10687456529627,0.151095001274373,-0.172904938546299,0.466936693373531,Accept,1.22677942613463,Accept,Accept,Accept,Accept,0.532745585129899
1.39588087235423,1.03523420936906,-0.0192937097767207,-0.423353926732459,0.258201951843565,Accept,"Z2, Z4",1.16155197764955,-0.0192937097767207,-0.264132619400784,0.23584604435206,Accept,1.27304176398091,Accept,Accept,Accept,Accept,0.397159573192309
2.00102242666854,1.18092541207705,-0.0491523465244053,-0.932874257423466,0.316370295395504,Accept,Z2,2.04552003615117,-0.0491523465244053,-0.341260544003028,0.273016507036771,Accept,1.59770858458502,Accept,Accept,Accept,Accept,0.546895784973575
0.433351043960279,0.81795606831432,0.11096632645871,-0.0423580474538457,0.457350462301714,Accept,"Z1, Z2, Z4",1.25999164890431,0.11096632645871,-0.0902886679530835,0.32584650220838,Accept,1.13224430746315,Reject,Accept,Accept,Reject,1.36084523237959
0.959935350158161,0.986788259582343,0.107188724465179,-0.329116527300974,0.612151887878924,Accept,Z2,2.22269728777295,0.107188724465179,-0.152593739214372,0.357483142344702,Accept,1.51956915331335,Accept,Reject,Accept,Accept,0.593386803761698
1.56621542291432,1.14618686840872,-0.174163650416741,-0.821773237672859,0.407471405416582,Accept,Z2,1.58656867865888,-0.174163650416741,-0.511614797847043,0.16435037394924,Accept,1.32321383256459,Accept,Accept,Accept,Accept,0.572119449553065
1.74498625048853,1.13764166495116,-0.128375413552087,-0.556955551707099,0.0788993288364486,Accept,"Z1, Z2, Z4",2.1170605346289,-0.128375413552087,-0.400538222210361,0.154292793098099,Accept,1.57105356267031,Accept,Accept,Accept,Accept,0.916176391392761
0.321446865119541,0.80135800219852,0.243575876253125,-2.78101184277429e-05,0.809387196303953,Accept,Z2,1.79020726280086,0.243575876253125,-0.0065455090513478,0.475652240881456,Accept,1.4296279041247,Accept,Accept,Accept,Accept,1.0285732248043
1.34413672999264,0.942945867437059,-0.217464562363836,-0.397644241491349,0.0945803683116039,Accept,"Z1, Z2, Z4",1.90922974929483,-0.217464562363836,-0.456937847267112,0.0240706827110768,Accept,1.48501510940609,Accept,Accept,Accept,Accept,0.687823804875099
0.527194817645438,0.543370057200694,0.340212042539217,0.00355261937454637,0.951423114783627,Reject,"Z1, Z2",2.09498803134221,0.340212042539217,0.000321678289841032,0.693183575107784,Reject,1.50462447092876,Accept,Accept,Accept,Accept,0.37258562409645
0.854430281313799,0.822726120814972,0.175080327372142,-0.0370729649436533,0.453939097700602,Accept,"Z1, Z2, Z4",1.38831365510782,0.175080327372142,-0.0577802331288816,0.43036055373317,Accept,1.56362485998266,Reject,Reject,Accept,Accept,0.37225059043987
0.584891723434941,0.816382686853157,0.0488840759755864,-0.0330287736002044,0.510087164581108,Accept,"Z1, Z2, Z4",1.33985889399381,0.0488840759755864,-0.242594905243934,0.352441714224601,Accept,1.31324302426082,Accept,Accept,Accept,Accept,0.759201911763147
1.46389236725431,1.26959890817377,0.0791477467246093,-0.868650703063067,0.335232927691153,Accept,Z2,2.08380336389567,0.0791477467246093,-0.309498797479731,0.436966878433827,Accept,1.67076608496551,Accept,Accept,Accept,Accept,0.546987265319169
0.900989040471621,0.87984307848102,0.0555550769603735,-0.272008442515742,0.414402107242653,Accept,"Z1, Z2",1.94812397259,0.0555550769603735,-0.203215186429791,0.294264560141844,Accept,1.52025155923344,Accept,Accept,Accept,Reject,1.36897889017711
1.51142721706872,1.17644334740588,0.141911323902768,-0.643291777771268,0.445785961661042,Accept,Z2,2.29952344424586,0.141911323902768,-0.140774579674329,0.419536508448588,Accept,1.48763690847342,Accept,Reject,Reject,Accept,1.10386118489945
0.632801728576347,0.737764788093648,0.263428683320447,0.0917379272875983,0.693429764607358,Reject,"Z2, Z4",1.51213007627,0.263428683320447,-0.0120692162108369,0.533818374156923,Accept,1.26384430851598,Reject,Reject,Accept,Reject,1.17637926260927
1.30595378389701,1.04464610057661,0.0646383329889679,-0.941356656107264,0.645962100395542,Accept,Z2,1.7656123066074,0.0646383329889679,-0.366282550344815,0.509097890326611,Accept,1.50235384405621,Accept,Reject,Accept,Accept,0.664567874116301
1.32445827312919,1.06280188754829,0.0680075480212001,-0.442324921711945,0.246031150794838,Accept,"Z1, Z2, Z4",1.5284168285886,0.0680075480212001,-0.252711459907414,0.371348349733332,Accept,1.29583528227883,Reject,Reject,Accept,Accept,0.712107564780405
0.508757587032453,0.828918753748109,0.276842637889838,0.0639416400393344,0.820819443591437,Reject,"Z1, Z2, Z4",1.62854578183029,0.276842637889838,-0.0509911813276851,0.600487176266481,Accept,1.60837738699255,Reject,Reject,Accept,Accept,0.761087872643678
0.750884067475665,0.672893462292722,0.224368469365437,0.055725746803373,0.527064780755796,Reject,"Z1, Z2, Z4",1.3030696744326,0.224368469365437,-0.000489164389638093,0.444427914446382,Accept,1.40034686188885,Reject,Reject,Accept,Accept,0.200577249797655
0.55714335484211,0.938915170172588,-0.150044156711295,-0.248514069761708,0.891384370823285,Accept,Z2,1.7461218898297,-0.150044156711295,-0.471085145112929,0.150459891953206,Accept,1.41950343732114,Accept,Accept,Accept,Accept,0.945391578449787
1.40244744245109,1.0276156239017,0.0363951945410717,-0.219238212262066,0.36875874724438,Accept,"Z1, Z2, Z4",1.77461390110225,0.0363951945410717,-0.236590887233358,0.333188754226159,Accept,1.68377154447798,Reject,Reject,Accept,Accept,0.77283162311228
0.925523397620633,0.913971988500953,0.0516429779663888,-0.160667466763367,0.394127286176251,Accept,"Z1, Z2, Z4",1.63614403709185,0.0516429779663888,-0.186305697812792,0.292332035110037,Accept,1.45227298211623,Accept,Accept,Accept,Accept,0.632887213630123
0.711937489870261,0.706443002955175,0.170455759187921,-0.106820821255614,0.50739238533279,Accept,"Z1, Z2, Z4",1.13971997379024,0.170455759187921,-0.146483094419323,0.466601667513677,Accept,1.15413965652499,Reject,Reject,Accept,Accept,0.333661360144812
1.04513519409184,1.07915451256193,-0.120353088474471,-0.256647369982602,0.525250719688971,Accept,"Z2, Z4",2.22449701886851,-0.120353088474471,-0.381968285539378,0.135352471319018,Accept,1.44899933055407,Accept,Accept,Accept,Accept,0.32212771131258
1.25930970842422,1.13450165112974,0.0358086756792043,-0.647037955458968,0.318758722620492,Accept,"Z2, Z4",1.69135373559871,0.0358086756792043,-0.29663895042987,0.37430175874022,Accept,1.32888884815682,Accept,Accept,Accept,Accept,0.836266039338664
0.891744923081739,0.793774510617351,0.0806648176021743,-0.0995326501668785,0.385410491464347,Accept,"Z1, Z2, Z4",1.88872622401356,0.0806648176021743,-0.152407507561863,0.321767959844702,Accept,1.52341601892862,Accept,Accept,Accept,Accept,1.23641038272804
0.810936091119344,0.869436927692327,0.190299552179546,-0.212205581571816,0.53773445546275,Accept,Z2,1.92817544444221,0.190299552179546,-0.123318183662422,0.510091015336602,Accept,1.81418811917847,Accept,Accept,Accept,Accept,1.17535770185107
0.96488679542829,0.952733143126655,0.00815652347829591,-0.0906838933377399,0.389186823571046,Accept,"Z1, Z2, Z4",1.15875177925554,0.00815652347829591,-0.244860013649303,0.288736307471467,Accept,1.35065545349799,Reject,Reject,Accept,Accept,0.691401668686855
1.19755916851203,1.05459686886039,0.0906327140084276,-1.04867968703431,0.67300450234487,Accept,Z2,1.70725945406234,0.0906327140084276,-0.223637262669317,0.419190255891766,Accept,1.15924448018555,Accept,Reject,Reject,Accept,0.883342207728334
0.297540160616543,0.602954863535515,0.281710188535589,0.176696796900469,1.02398890649531,Reject,Z2,2.02607050911774,0.281710188535589,0.0387861917813436,0.489561070924262,Reject,1.55627727525291,Reject,Reject,Accept,Accept,1.17283296515333
1.00782657652667,0.873210649077802,0.0984449305665534,-0.404854222184304,0.539914596890243,Accept,Z2,2.17922456210739,0.0984449305665534,-0.199180418116778,0.402577298189434,Accept,1.48701148019921,Accept,Reject,Reject,Accept,0.858941656032264
1.00451007247665,0.821871839248664,0.124592443685149,-0.383613514710218,0.728451917269189,Accept,Z4,1.75860983251231,0.124592443685149,-0.150536978286819,0.392947885496076,Accept,1.32883052947958,Accept,Reject,Accept,Accept,0.751921437702974
1.0300455997452,0.968887100472344,0.102664353260473,-0.149325432263024,0.392614380047203,Accept,"Z1, Z2, Z4",1.63920994595823,0.102664353260473,-0.168639653606015,0.371600575385757,Accept,1.40472155971625,Reject,Accept,Accept,Accept,0.7598539846474
1.00470778913637,1.02154203921738,-0.203299089694068,-0.38485775030709,0.360873633531421,Accept,"Z2, Z4",1.7245445682809,-0.203299089694068,-0.525653004787753,0.121037952729694,Accept,1.45257041561296,Reject,Reject,Accept,Accept,0.354637471702091
N/A,N/A,N/A,N/A,N/A,N/A,N/A,N/A,N/A,N/A,N/A,N/A,N/A,N/A,N/A,N/A,N/A,N/A
1.3393302687255,0.85577689980431,-0.0661497397195898,-0.265602581926769,0.194739119296408,Accept,"Z1, Z2, Z4",1.72860922801113,-0.0661497397195898,-0.296761799392171,0.175953270877869,Accept,1.63225659894402,Accept,Accept,Accept,Accept,1.19023904277998
0.736053300282522,0.976942638660402,0.114363791211784,-0.288767924081879,0.290062509418079,Accept,"Z2, Z4, X8",1.23673980499031,0.114363791211784,-0.137147585427234,0.371366813642611,Accept,1.1594039574598,Accept,Accept,Accept,Accept,0.494729677305555
0.765863483343908,0.704234173186063,0.243540450184076,-0.00519414610292843,0.656775290343595,Accept,"Z1, Z2, Z4",1.90430560875795,0.243540450184076,-0.0616711581225094,0.568649509431307,Accept,1.62281023855867,Reject,Accept,Accept,Accept,0.833721865854391
0.785252854093871,0.663157181168455,0.167807319880945,0.0262135335006609,0.816504734810287,Reject,"Z2, Z4",2.2079231128131,0.167807319880945,-0.113201243849888,0.457721594446146,Accept,1.39730919600347,Reject,Accept,Accept,Reject,1.28981659849751
N/A,N/A,N/A,N/A,N/A,N/A,N/A,N/A,N/A,N/A,N/A,N/A,N/A,N/A,N/A,N/A,N/A,N/A
0.520582404973453,0.866228346893129,0.277731968177279,-0.321524669090676,1.0778435862188,Accept,Z2,1.73553358343606,0.277731968177279,-0.111044469544196,0.650825227655686,Accept,1.56404090276815,Accept,Reject,Accept,Accept,0.541663909002655
1.32803889594858,1.17555265063126,-0.0409673952440698,-0.956722515434504,0.309577402245197,Accept,Z2,1.60022395256463,-0.0409673952440698,-0.425183567501881,0.356851773207204,Accept,1.33060401725521,Accept,Accept,Accept,Accept,0.257685613334581
1.84346365611381,1.28502507616654,0.0472518643702855,-0.771446580767277,0.215536545370325,Accept,Z2,1.69509163451512,0.0472518643702855,-0.238995551862951,0.346438643206557,Accept,1.43097490217325,Accept,Reject,Accept,Accept,0.523338089981452
1.46481995055138,1.05179795699764,0.123668626400019,-0.503163526622244,0.422024184996817,Accept,"Z2, Z4",1.52292100406711,0.123668626400019,-0.201448157854658,0.457038447231792,Accept,1.4506369013984,Accept,Accept,Accept,Accept,0.0757881066797048
1.59057200297746,0.965314102247125,-0.0515869463323639,-0.521570536754884,0.16140151819207,Accept,"Z2, Z4",2.09194674620159,-0.0515869463323639,-0.313529072712365,0.22295585561727,Accept,1.60517190765285,Accept,Accept,Accept,Accept,0.727596889509671
0.727508756392741,1.00236974393143,-0.0680403666441679,-0.135893079761911,0.439254166659144,Accept,"Z1, Z2, Z4",1.2734464452788,-0.0680403666441679,-0.32184772512848,0.17679420348048,Accept,1.27121484853906,Reject,Accept,Accept,Accept,0.085002743423933
0.819197662180666,0.884053241804799,0.168140811825997,-0.273068320756995,0.363310093161042,Accept,"Z1, Z2, Z4",1.9112513899796,0.168140811825997,-0.121149854050514,0.460990884202808,Accept,1.70479850717752,Reject,Reject,Accept,Accept,0.911947324561365
0.777515965089922,0.866269376798673,0.167147328477458,-0.170922478514326,0.496064778241058,Accept,"Z1, Z2, Z4",1.03707684588052,0.167147328477458,-0.145978578557642,0.49762372242507,Accept,1.09064684252033,Accept,Accept,Accept,Accept,0.927375742527048
0.973969666379542,0.898543923541545,0.0674686649676111,-0.198710893613504,0.441795509117628,Accept,"Z1, Z2, Z4",2.15698733759988,0.0674686649676111,-0.19874250231499,0.330080823406671,Accept,1.51453699971317,Accept,Accept,Accept,Accept,0.573922488929559
0.772064458808907,0.85941158670901,0.14503074340446,-0.0770414695788086,0.527851543719976,Accept,"Z1, Z2, Z4",1.38571056441204,0.14503074340446,-0.133552201366186,0.447496733653963,Accept,1.40152444245234,Reject,Reject,Accept,Accept,0.489700643359329
1.29161941525501,0.849801975462102,0.347451204852586,-0.603965796167321,0.406237412980554,Accept,X10,2.01871419279089,0.347451204852586,0.0842013706978474,0.592469881349093,Reject,1.23874658545068,Reject,Reject,Accept,Reject,1.17451019870354
0.135570838618915,0.81074335230116,0.215194575493076,0.000795042429928297,0.920546734189927,Reject,"Z2, Z4",1.38466122329371,0.215194575493076,-0.0500707195948368,0.520995265761247,Accept,1.43268780528793,Accept,Accept,Accept,Accept,0.222318607340369
N/A,N/A,N/A,N/A,N/A,N/A,N/A,N/A,N/A,N/A,N/A,N/A,N/A,N/A,N/A,N/A,N/A,N/A
1.02448032923837,0.811124476840775,0.2042667369307,-0.136154772567342,0.478837400896043,Accept,"Z1, Z2, Z4",2.33102810534518,0.2042667369307,-0.0993040154496996,0.507865285007307,Accept,2.09724194608402,Reject,Reject,Accept,Accept,1.38540820781097
1.11378689658882,0.978701847484706,0.103051657536605,-0.597318400872609,0.518988539296747,Accept,Z2,1.8269127278048,0.103051657536605,-0.2090452028187,0.448850770283363,Accept,1.7685466867636,Accept,Reject,Accept,Accept,1.0034834510762
1.30573739307289,1.0484889750173,0.0605423586306945,-0.433710135798369,0.220457178820816,Accept,"Z2, Z4",1.21869642033529,0.0605423586306945,-0.198223814185715,0.321055037672785,Accept,1.44218187883813,Accept,Accept,Accept,Accept,0.587732668684602
0.66370921093855,0.909012034598959,0.13697889140932,-0.0823765964437763,0.460690371976105,Accept,"Z1, Z2, Z4",2.04308832287401,0.13697889140932,-0.10145517774122,0.36947916514452,Accept,1.49267148230681,Reject,Reject,Accept,Accept,0.839241194717266
N/A,N/A,N/A,N/A,N/A,N/A,N/A,N/A,N/A,N/A,N/A,N/A,N/A,N/A,N/A,N/A,N/A,N/A
0.993085025838967,1.04187524793609,0.202844050585032,-0.490229919562927,0.703864809115073,Accept,Z2,2.52208554290033,0.202844050585032,-0.0718632914818564,0.506597175529559,Accept,1.68472343188552,Accept,Reject,Accept,Accept,0.97989730183161
2.10145489789482,1.13756649318033,-0.109877413419573,-1.1940214517085,-0.109509091818217,Reject,Z2,2.11752655206506,-0.109877413419573,-0.387475424266738,0.167067805583054,Accept,1.71482400340164,Reject,Accept,Accept,Accept,1.06244269933554
N/A,N/A,N/A,N/A,N/A,N/A,N/A,N/A,N/A,N/A,N/A,N/A,N/A,N/A,N/A,N/A,N/A,N/A
0.278726324994911,0.759282370101403,0.0654127992064245,-0.568683827506888,1.01356646469451,Accept,Z1,2.73233498697921,0.0654127992064245,-0.293399053304127,0.409435702001259,Accept,1.76168793705212,Accept,Reject,Accept,Accept,1.33890571380596
0.62181368624422,0.868969381645793,0.201614740602885,-0.17794905947959,0.490728706246433,Accept,"Z2, Z4",1.63945736108419,0.201614740602885,-0.0713908484634337,0.478119431483347,Accept,1.58005907515494,Accept,Accept,Accept,Accept,0.521192169378687
N/A,N/A,N/A,N/A,N/A,N/A,N/A,N/A,N/A,N/A,N/A,N/A,N/A,N/A,N/A,N/A,N/A,N/A
1.11095503611327,0.846918090245818,0.181973454592549,-0.195331387676006,0.641309201805164,Accept,Z2,1.91354611696623,0.181973454592549,-0.0824499668472466,0.472287367546888,Accept,1.58708790309155,Accept,Accept,Accept,Accept,0.880059338871519
0.697218480405077,0.873135588040774,0.0104069169706073,-0.0856652243397007,0.476382174067306,Accept,"Z1, Z2, Z4, X8",1.45995904786544,0.0104069169706073,-0.249537788957142,0.291484776590423,Accept,1.52189502675365,Reject,Accept,Accept,Accept,1.07015969089181
1.17091382602861,0.803680508739983,0.176751115912478,-0.356000327708508,0.537951178900986,Accept,Z2,2.29511473867246,0.176751115912478,-0.122184399813382,0.470908057485667,Accept,1.91677391212236,Accept,Accept,Accept,Accept,1.27593040511609
0.819947371379811,0.955287555715899,0.0245858588170213,-0.275301618539217,0.389696300012083,Accept,"Z2, Z4",1.56211743555846,0.0245858588170213,-0.229909948421376,0.282661771393264,Accept,1.18461855013565,Accept,Reject,Reject,Accept,1.20472435216383
1.01557953955528,0.664285174565278,0.177138961573614,-0.0723403949031342,0.536975014867471,Accept,"Z1, Z2, Z4",1.37022891686757,0.177138961573614,-0.15295484726791,0.50684667924182,Accept,1.30433871126595,Reject,Accept,Accept,Accept,0.395910358432417
1.09459034530161,0.885154686764821,-0.00429226708449441,-0.246293078440078,0.390262956844093,Accept,"Z1, Z2, Z4",1.64146737644323,-0.00429226708449441,-0.306777149303925,0.310943960189739,Accept,1.46704784437528,Accept,Accept,Accept,Reject,1.38729589146362
1.56027757123219,1.09058438273942,-0.0630956996652699,-0.746045648158727,0.180415665928245,Accept,"Z2, Z4",1.87653622811673,-0.0630956996652699,-0.387087401341272,0.270585726818595,Accept,1.77414554374844,Reject,Accept,Accept,Accept,0.649024707918575
1.0950861336314,0.681306463313737,0.22795061298185,-0.150772882237615,0.585524932063162,Accept,"Z2, Z4",1.54828857899875,0.22795061298185,-0.116884643193669,0.519426369055175,Accept,1.52881376460693,Reject,Reject,Reject,Reject,1.3588002624017
0.828419790852472,0.804787194157524,0.179855564711823,-0.0641775334525662,0.474787845268426,Accept,"Z1, Z2, Z4",1.06852010355199,0.179855564711823,-0.0480790245769896,0.428521047077287,Accept,1.02156965042542,Accept,Accept,Accept,Accept,0.399126482227407
1.03515970763755,0.882846459766796,0.15969560396761,-0.125097283235599,0.420756569520312,Accept,"Z1, Z2, Z4",1.28637663661393,0.15969560396761,-0.121407035667986,0.446426930589739,Accept,1.45378068905486,Accept,Accept,Accept,Accept,0.629387885825511
0.693593178395681,0.932869422931559,0.265948363222424,-0.111082626240717,0.815251566071182,Accept,"Z2, Z4",2.38462767936619,0.265948363222424,-0.000552105138108355,0.544548705852624,Accept,1.65656869427975,Accept,Reject,Accept,Accept,0.928589521775016
0.155967162981125,0.661116128309407,0.490323109980218,0.28994417094674,0.933684057701416,Reject,"Z1, Z2, Z4",1.59098407729877,0.490323109980218,0.231775980616813,0.748820199295318,Reject,1.40808153721107,Reject,Reject,Reject,Reject,1.78524917427624
1.13375505743051,0.900743711764743,0.072900047737147,-0.282640484642189,0.235804774848303,Accept,"Z1, Z2, Z4, X7",1.54242332216278,0.072900047737147,-0.168812742703725,0.316846138729669,Accept,1.43688318972747,Accept,Accept,Accept,Accept,0.944538681787356
1.18038926568146,0.96317516442868,0.253727399807518,-0.575252162195681,0.379848258170326,Accept,Z2,1.36694309636143,0.253727399807518,-0.00370405874051775,0.524250007657256,Accept,1.22908357410691,Accept,Reject,Reject,Accept,0.989300504138227
0.837849741609205,0.891690781308223,-0.0441280932320522,-0.204558276704576,0.406156597016523,Accept,"Z1, Z2, Z4",1.2743886639491,-0.0441280932320522,-0.303190408736279,0.224434963641593,Accept,1.08519453135652,Reject,Reject,Accept,Accept,0.157322354892122
1.2195524722231,1.13997233242073,-0.0431557185193433,-0.690220019180913,0.647656203551512,Accept,Z2,1.85654601720568,-0.0431557185193433,-0.398625083736663,0.306782361840657,Accept,1.67240541951777,Accept,Accept,Accept,Accept,0.824762691519215
1.74248724728372,1.25023384263936,-0.0500874742489023,-1.03202865482057,0.200584184571417,Accept,Z2,1.7887843552156,-0.0500874742489023,-0.29861591649835,0.201823063709125,Accept,1.66300314461072,Accept,Reject,Accept,Accept,1.19371242284754
1.58232729982125,1.18763956668722,0.080223378314771,-0.68171978067093,0.309230961877724,Accept,Z2,2.22877804259853,0.080223378314771,-0.227217431977112,0.404816222559719,Accept,1.74595601457952,Accept,Accept,Accept,Accept,1.09754294692233
1.15607891832855,1.08628597621831,-0.0164411572242944,-0.412810948669794,0.234794651993399,Accept,"Z1, Z2, Z4",2.15595332218349,-0.0164411572242944,-0.329065602927336,0.292115522864372,Accept,1.81070127904008,Reject,Reject,Accept,Accept,0.441967610881422
0.649656758331048,0.739780080473808,0.0825506330080067,-0.31885264961564,0.838020105803948,Accept,Z2,1.71870557527544,0.0825506330080067,-0.235321001065495,0.40275975408807,Accept,1.24534942158346,Accept,Accept,Accept,Accept,1.01510300395321
1.1948044377858,0.955022189909683,0.0658451285737945,-0.264475084645691,0.401184687647762,Accept,"Z1, Z2, Z4",1.93787748146583,0.0658451285737945,-0.211408389659339,0.333363269415802,Accept,1.38038113084225,Accept,Accept,Accept,Accept,0.390041369539901
0.911042899329256,0.955687891523553,-0.133303161349095,-0.158259872348347,0.421624713727417,Accept,"Z1, Z2, Z4",1.33829286046519,-0.133303161349095,-0.448409110218925,0.191133897627032,Accept,1.5076235719097,Accept,Accept,Accept,Accept,1.0209203751628
0.610420911702763,1.01973374039704,0.0624274011473478,-0.332117863916996,0.733655032621379,Accept,Z2,1.68556898861867,0.0624274011473478,-0.210093370018469,0.329238858674294,Accept,1.41803048134567,Accept,Accept,Accept,Accept,0.480562095139884
0.736424900560644,0.839440826871835,0.00283251381292323,-0.201217643021906,0.588339393621484,Accept,"Z2, Z4",1.73056218325004,0.00283251381292323,-0.318396906156815,0.346601830894818,Accept,1.4829232667431,Accept,Accept,Accept,Accept,0.741851893425837
0.449721389026679,0.85463473598611,0.137911216764447,-0.0947845669895169,0.635003959248524,Accept,"Z2, Z4",1.50004791032521,0.137911216764447,-0.111672561147337,0.372100981574529,Accept,1.24273391438194,Reject,Reject,Reject,Accept,1.1749664379306
0.583087941072192,0.822474845269222,0.115711802518875,-0.103993671207018,0.725383833458728,Accept,"Z1, Z2",1.40172350925888,0.115711802518875,-0.178797806042188,0.385241445278787,Accept,1.26540771675983,Reject,Accept,Accept,Accept,0.884043920026462
0.14130680002849,0.758272731604367,0.294828141240902,-0.0112271103650128,0.923428748817252,Accept,"Z2, Z4",1.46236335962486,0.294828141240902,-0.0103975780971818,0.565054937828586,Accept,1.22366293738179,Accept,Reject,Accept,Accept,1.0282728129535
0.339917944161523,0.726530488367391,0.214301094929312,0.138448656428674,0.614730038620403,Reject,"Z1, Z2, Z4",1.27470029702738,0.214301094929312,-0.0300298631188997,0.461340045205083,Accept,1.16738507167199,Reject,Reject,Accept,Accept,0.549399904923771
1.54318373349024,1.11418803560912,0.0697397245186847,-0.860840423978392,0.638639500055432,Accept,Z2,2.12974521784728,0.0697397245186847,-0.315809366446046,0.482511713043316,Accept,1.50430499294776,Accept,Reject,Accept,Accept,0.683300973975749
0.595937863796283,1.01416113702854,0.18417329909989,-0.339931487288965,1.20126940421548,Accept,Z2,2.61035544906325,0.18417329909989,-0.209449372489317,0.60454689958307,Accept,2.04543227356573,Accept,Accept,Accept,Accept,0.793626638057842
0.748539233232057,0.741494029716397,0.107904788032783,0.0181362784266489,0.644708994694592,Reject,"Z2, Z4",2.02131787065009,0.107904788032783,-0.128810542019098,0.355661272840135,Accept,1.34505484993813,Reject,Reject,Accept,Accept,0.947776000531844
0.700499101411036,0.80857242803728,0.138566306601933,-0.335959695348425,0.592020804827148,Accept,"Z4, X7",1.59768487031617,0.138566306601933,-0.137950088413564,0.39944216020032,Accept,1.19146759099295,Reject,Reject,Accept,Accept,0.77980988231216
1.26630167543239,1.06952095471279,-0.082773412498083,-0.400557375581437,0.144452704862858,Accept,"Z1, Z2, Z4",1.15077042874734,-0.082773412498083,-0.342000635598559,0.182398837032164,Accept,1.19246139077982,Accept,Accept,Accept,Accept,0.46727560146503
0.787495492543304,0.865227253263478,0.000183751092251994,-0.0252321818817934,0.563607481386594,Accept,"Z1, Z2, Z4",1.52053419044992,0.000183751092251994,-0.296552420797039,0.295181811019864,Accept,1.45668789486612,Accept,Accept,Accept,Accept,0.968453539311651
0.488947655063677,0.936660657171162,0.298244345643186,-0.182445210858516,1.01385478825743,Accept,Z2,1.75752213158814,0.298244345643186,-0.0262885137337613,0.626015025464126,Accept,1.48802757723653,Accept,Reject,Accept,Reject,1.34551229026632
1.18633062945017,0.88407438610772,0.0322322318562007,-0.222943542483629,0.278986372747434,Accept,"Z1, Z2, Z4",2.06765047368186,0.0322322318562007,-0.218007767056164,0.26826450175179,Accept,1.78764309354929,Accept,Accept,Accept,Accept,0.308191896415829
N/A,N/A,N/A,N/A,N/A,N/A,N/A,N/A,N/A,N/A,N/A,N/A,N/A,N/A,N/A,N/A,N/A,N/A
0.598798720589291,0.872685822837248,0.201995240320261,-0.117721084866262,0.512044838660569,Accept,"Z1, Z2",1.31744677728631,0.201995240320261,-0.0604252020295514,0.462026449717362,Accept,1.29663455576998,Accept,Accept,Accept,Accept,0.308078577798847
0.725582527180568,0.814846260716065,0.281087019086931,0.0331609288449438,0.500185252825185,Reject,"Z1, Z2, Z4",1.19716068567393,0.281087019086931,0.0585763789106883,0.489705325382216,Reject,1.36722241485623,Reject,Reject,Reject,Accept,0.595637072306559
0.748084452023304,0.769177192654543,0.181792402469728,0.0261542968598797,0.554186249209471,Reject,"Z2, Z4",1.24246900467478,0.181792402469728,-0.0270113881459323,0.371386469913594,Accept,1.1022745375258,Reject,Accept,Accept,Accept,0.400571006036831
0.868379034653904,0.785153954693137,0.231533538580109,-0.133132950306558,0.556354851938143,Accept,"Z2, Z4",1.50256772205898,0.231533538580109,-0.0418647069856104,0.491071246880207,Accept,1.32195911347017,Accept,Accept,Accept,Accept,0.676616847902865
0.545605330453507,0.823851757419689,0.176456136971295,0.00218107227266504,0.741637263014823,Reject,"Z2, Z4",1.5602501533927,0.176456136971295,-0.110814348661584,0.45588639146947,Accept,1.34413843762969,Accept,Accept,Accept,Accept,1.28638849808077
1.01239673572709,0.734388184240186,0.0642853769345065,-0.175896267547428,0.352162734685835,Accept,"Z1, Z2, Z4",1.12328244034309,0.0642853769345065,-0.182865522020008,0.299746750883681,Accept,1.16141626335444,Accept,Accept,Accept,Accept,0.557202211698549
0.973940185614816,0.831349907462571,0.0818227609566474,-0.135721993581016,0.392162411948386,Accept,"Z1, Z2, Z4",1.35779401518275,0.0818227609566474,-0.198382962411498,0.341090660797415,Accept,1.47410372224074,Accept,Accept,Accept,Accept,0.503718127618218
1.07972364773141,1.01893225457989,-0.107891350566863,-0.564209546764945,0.318674135595484,Accept,"Z2, Z4",1.51530713133381,-0.107891350566863,-0.415558436947187,0.219538335626305,Accept,1.3360581478109,Accept,Accept,Accept,Accept,0.419902779576927
1.42445513285276,0.931931634714743,0.149481744262052,-0.566665402991319,0.387049870478532,Accept,"Z2, Z4",1.64252119710458,0.149481744262052,-0.205487100995691,0.519772154197827,Accept,1.73730740964004,Accept,Accept,Accept,Accept,0.29533526933821
0.601635839845178,0.996268492660021,0.2224273221672,-0.0762142933718891,0.646392140986737,Accept,"Z1, Z2, Z4",1.34295336431654,0.2224273221672,-0.0748409576172933,0.547081965458991,Accept,1.11866918019637,Reject,Reject,Accept,Accept,0.761145361739334
1.06510979827915,1.04393103302211,-0.0479500396814359,-0.327787044080384,0.461097347828101,Accept,"Z2, Z4",0.982123427563406,-0.0479500396814359,-0.359481960970167,0.265429243544488,Accept,1.20971134543259,Accept,Accept,Accept,Accept,0.889170528537945
N/A,N/A,N/A,N/A,N/A,N/A,N/A,N/A,N/A,N/A,N/A,N/A,N/A,N/A,N/A,N/A,N/A,N/A
0.980167612668346,0.956053828917384,-0.0357754432288175,-0.137280443871694,0.387920221616886,Accept,"Z1, Z2, Z4",1.55759300618737,-0.0357754432288175,-0.285200909074978,0.211141879828109,Accept,1.51259961301074,Accept,Accept,Accept,Accept,0.34978993592997
1.03765150841262,0.884523676057929,-0.00144929744264732,-0.159301195155244,0.499975985027372,Accept,"Z1, Z2, Z4",1.59501478721125,-0.00144929744264732,-0.283686248754823,0.307277399515712,Accept,1.41482769844886,Accept,Accept,Accept,Accept,0.562851136875049
0.712818577296883,0.881426799295804,0.0570882081991778,-0.340351992851989,0.518590923905765,Accept,"Z1, Z4, X1",1.77438010545177,0.0570882081991778,-0.199608861830557,0.314997643039392,Accept,1.09186599119595,Reject,Accept,Accept,Accept,0.525242515016456
1.18913686257437,0.896213425547151,0.0765889334466899,-0.204337996785744,0.301773709245434,Accept,"Z1, Z2, Z4",1.85639711588499,0.0765889334466899,-0.140479219512838,0.27660279903951,Accept,1.5322598830751,Reject,Reject,Accept,Accept,1.06087472433563
0.000699495672970537,0.892473317923993,0.292507369093356,-0.0854440352580199,1.13832777634352,Accept,Z2,1.45883170323873,0.292507369093356,-0.0594314983041064,0.65111915863109,Accept,1.11868733328962,Accept,Accept,Accept,Accept,1.08690754116281
1.02732063528694,1.15042089287336,-0.00403622222087203,-0.532247072772146,0.245461821343025,Accept,"Z2, Z4",1.91960650782535,-0.00403622222087203,-0.2854818925935,0.308235735270925,Accept,1.5945664002378,Accept,Accept,Accept,Accept,1.01415661957266
1.1539654150595,1.07144623737136,-0.030878303049039,-0.377851701863794,0.154436137045446,Accept,"Z1, Z2, Z4",1.60931342447683,-0.030878303049039,-0.299150754728527,0.215136007133513,Accept,1.50905299968437,Accept,Accept,Accept,Accept,0.243682676205873
1.6406799001191,0.9593389393435,0.13674543201828,-0.776933350585115,0.498005407866338,Accept,Z2,1.76954213067073,0.13674543201828,-0.151917658753793,0.422257576611786,Accept,1.43492896507959,Accept,Accept,Accept,Accept,0.575473863184768
0.775767896178459,0.921035809252953,-0.00893552734913813,-0.201568375109252,0.341910410530501,Accept,"Z1, Z2, Z4",1.23524541408206,-0.00893552734913813,-0.274279426694321,0.274460845356678,Accept,1.20563658148074,Accept,Accept,Accept,Accept,0.62002529466138
1.41470745540566,1.09404508854186,0.0193899869461138,-1.01797224406482,0.220155904733373,Accept,Z2,1.29821113869616,0.0193899869461138,-0.337386867390496,0.397205180229039,Accept,1.19693351757157,Accept,Accept,Accept,Accept,0.995136667278975
0.906524234710259,0.895919925516143,0.31128092447252,-0.140500063797708,0.436860626721963,Accept,"Z1, Z2, Z4",1.20544727798832,0.31128092447252,0.0359181609589232,0.601952303063763,Reject,1.20639771801762,Accept,Accept,Accept,Accept,0.926666335983314
0.803761629674022,0.856741965639949,0.149129730783062,-0.152787997530853,0.465081182324893,Accept,"Z2, Z4",1.94487807952699,0.149129730783062,-0.0818298909466122,0.385735454136555,Accept,1.60251840443353,Reject,Accept,Accept,Accept,0.884960981637544
N/A,N/A,N/A,N/A,N/A,N/A,N/A,N/A,N/A,N/A,N/A,N/A,N/A,N/A,N/A,N/A,N/A,N/A
1.03523047582347,0.756572444331289,0.252864867922225,-0.0861576416293295,0.465103251147906,Accept,"Z1, Z2, Z4",1.759658919157,0.252864867922225,0.0159552816571505,0.521844069860037,Reject,1.55074733925824,Accept,Accept,Accept,Accept,0.536576899635436
0.91165850363644,1.04513864876272,-0.0361872971133838,-0.395012890879346,0.467762582719364,Accept,"Z2, Z4",2.19183679500214,-0.0361872971133838,-0.30329700977692,0.237023671442687,Accept,1.64083778341789,Accept,Accept,Accept,Accept,0.935988954299224
1.22609960394627,0.802120176475268,-0.0417433577494965,-0.276277108561535,0.272806020064141,Accept,"Z1, Z2, Z4",1.51484008638408,-0.0417433577494965,-0.269399919258931,0.175749049077586,Accept,1.55839763776583,Accept,Accept,Accept,Accept,0.41437078675468
1.43099953865918,0.996087693742654,-0.0299369597807715,-0.522260613150263,0.374292571045405,Accept,Z2,1.90506614407788,-0.0299369597807715,-0.325038582970291,0.258977929830331,Accept,1.54342797214875,Accept,Accept,Accept,Accept,0.306950504620316
1.16094006021758,0.884542027833953,0.00774333650397943,-0.456525135299225,0.560705460777695,Accept,Z2,1.2682267853496,0.00774333650397943,-0.285185872179054,0.323367682718834,Accept,1.0052846675927,Accept,Accept,Accept,Accept,0.53457440941663
1.2236129139573,0.898314065483363,0.122529663774206,-0.437717319574748,0.437337876197497,Accept,Z2,2.12103807500254,0.122529663774206,-0.164281770304932,0.418359520255964,Accept,1.66872694880352,Accept,Accept,Accept,Reject,1.42514822184655
0.421889459313955,1.02077563234473,0.121994352980164,0.0260376211217174,0.827662928226097,Reject,"Z2, Z4",1.36822341296732,0.121994352980164,-0.180400564300657,0.427067137671005,Accept,1.37115731139602,Accept,Accept,Accept,Accept,0.827612593870687
0.648237009723114,0.794215201272573,0.300885888328698,0.112095806810268,0.515740534302101,Reject,"Z1, Z2, Z4",1.62821106896683,0.300885888328698,0.0967928350447537,0.500064060489012,Reject,1.53925933056169,Reject,Reject,Accept,Accept,1.21509242688656
1.10050133687052,0.706447419731914,0.297876677487606,-0.2226483273127,0.661330027284438,Accept,Z2,1.82178996369787,0.297876677487606,0.0497930230493922,0.556668163251201,Reject,1.34559228009272,Accept,Reject,Reject,Accept,0.822135985996951
1.34006617014374,1.12097803919917,-0.0186884656415355,-0.897059161139204,0.334732259188039,Accept,Z2,1.62741631674463,-0.0186884656415355,-0.316921303749482,0.287263780023103,Accept,1.41461697808073,Accept,Reject,Accept,Accept,0.761726419800037
0.0538886428051732,0.754688206733747,0.179986989966662,0.0412959363602583,0.807074008856813,Reject,"Z4, X9",1.86645553175318,0.179986989966662,-0.106697967010624,0.458472478731914,Accept,1.55338795376965,Reject,Accept,Accept,Accept,0.513061999486061
N/A,N/A,N/A,N/A,N/A,N/A,N/A,N/A,N/A,N/A,N/A,N/A,N/A,N/A,N/A,N/A,N/A,N/A
0.347011067072526,0.72402760457909,0.176404741221777,-0.0825572788100608,1.13830006822846,Accept,Z2,1.48942107999734,0.176404741221777,-0.138402298379844,0.46718812217941,Accept,1.46791280745406,Accept,Reject,Accept,Accept,1.13055086681446
0.64146456884933,0.854690209256557,-0.0996043646648653,-0.267191541080934,0.971786618431614,Accept,Z2,1.62449861259489,-0.0996043646648653,-0.397454863877946,0.220692552123972,Accept,1.62181621666615,Accept,Accept,Accept,Accept,0.405616997577398
1.11142977231162,0.903405340545024,0.0239371038924282,-0.304765328653539,0.404685205065304,Accept,"Z2, Z4",1.78396351694396,0.0239371038924282,-0.326080220017807,0.369405710564534,Accept,1.5712865103601,Accept,Accept,Accept,Accept,0.423409735580486
1.41004770491594,1.31724917307307,-0.0227370310127199,-1.49736780175247,0.0807186580673185,Accept,X8,2.18646265672462,-0.0227370310127199,-0.339375382250703,0.316446915906465,Accept,1.38099357635842,Reject,Accept,Accept,Accept,1.05595004441181
N/A,N/A,N/A,N/A,N/A,N/A,N/A,N/A,N/A,N/A,N/A,N/A,N/A,N/A,N/A,N/A,N/A,N/A
1.42536562726592,1.23979250033915,-0.162269120670697,-1.03548463615202,0.6981793805642,Accept,Z2,2.677749408356,-0.162269120670697,-0.50347469701583,0.221733694010017,Accept,2.10501741450129,Accept,Accept,Accept,Accept,1.03272668787041
0.969527435178179,0.698173650604916,0.327962295593794,-0.0325857102906266,0.531191456239688,Accept,"Z1, Z2, Z4",1.73064638860383,0.327962295593794,0.0592804750659415,0.655107423888122,Reject,1.44506035466372,Reject,Reject,Accept,Accept,0.69344896479714
0.747834797075675,0.914933229393779,0.0976566865910936,-0.0943856787766318,0.512262651963034,Accept,"Z1, Z2, Z4",1.51599985787205,0.0976566865910936,-0.152884452269119,0.336573694452241,Accept,1.69369592414111,Accept,Accept,Accept,Accept,1.04950780576196
1.67418179414572,0.870784875982399,-0.201608598105166,-0.511882794988035,0.182240928998638,Accept,"Z2, Z4",1.37347391629916,-0.201608598105166,-0.489220013088273,0.036938669463195,Accept,1.26763438014906,Accept,Accept,Accept,Accept,0.914314726068006
N/A,N/A,N/A,N/A,N/A,N/A,N/A,N/A,N/A,N/A,N/A,N/A,N/A,N/A,N/A,N/A,N/A,N/A
1.35303210966578,0.967572047189082,-0.266286588031167,-0.553280460270488,0.245033883243171,Accept,"Z1, Z2, Z4",1.14967056666239,-0.266286588031167,-0.613842617722183,0.0654169365358104,Accept,1.06019204774874,Accept,Accept,Accept,Accept,0.124592497516258
0.766993602134179,0.695999927932698,0.117286393266255,-0.028814785781363,0.785199843223792,Accept,"Z2, Z4",1.97346157240598,0.117286393266255,-0.202962767787833,0.434823646545691,Accept,1.88921111877303,Reject,Accept,Accept,Accept,1.28755184370865
0.669008545206625,0.901872353806504,0.0717485637475045,-0.241794125448863,0.569770648610846,Accept,"Z2, Z4",1.95158615068185,0.0717485637475045,-0.181044580403676,0.327658776385719,Accept,1.56758682420392,Accept,Accept,Accept,Reject,1.63917738663544
1.31496665672218,1.2078267207838,-0.14039089828909,-0.554063099548409,0.0917200303366741,Accept,"Z1, Z2, Z4",2.13738770606501,-0.14039089828909,-0.437354091204108,0.139935619167159,Accept,1.94728473411645,Reject,Accept,Accept,Accept,0.98662147767085
1.23320148518387,0.892885569983401,0.0735749042907767,-0.255095794616947,0.53405713654502,Accept,"Z2, Z4",1.48080166454106,0.0735749042907767,-0.250326403235121,0.413702030192343,Accept,1.44832886309791,Reject,Reject,Reject,Accept,0.752477561577188
1.2819116264775,0.926699452611462,-0.0318975336811473,-0.578331650994973,0.304371628696645,Accept,Z2,1.80892442709001,-0.0318975336811473,-0.332227052698125,0.282262102898223,Accept,1.37384409517805,Accept,Accept,Accept,Accept,0.636780663790317
1.10006806023787,1.08478580620244,0.163846251302729,-0.303406543905061,0.468917335126167,Accept,"Z2, Z4",1.70242292030463,0.163846251302729,-0.159812966334018,0.493727190602654,Accept,1.39492315108734,Accept,Accept,Accept,Accept,1.12181393794513
0.411836049289181,0.689408502823658,0.202245044565326,0.06493878875815,0.726984792239514,Reject,"Z2, Z4",1.65014153920013,0.202245044565326,-0.0515492239887786,0.461991463776521,Accept,1.26602198253283,Reject,Accept,Accept,Accept,1.21001437860898
0.431885909082827,0.705038141354062,0.558594194798546,0.213403815299577,0.859501733136452,Reject,"Z2, Z4",1.31271052622234,0.558594194798546,0.314291900619341,0.812885751512508,Reject,1.25531316528164,Reject,Reject,Accept,Reject,1.28774277890075
0.621736846840933,0.795969477591144,0.15274455695704,-0.0215529024155082,0.664059185578609,Accept,"Z2, Z4",1.53600836279385,0.15274455695704,-0.108926827658117,0.431490535463175,Accept,1.19561974799737,Accept,Accept,Accept,Accept,0.152443673452804
0.733427827394228,0.939492392486113,0.072014800668384,-0.102703072446963,0.567565410456513,Accept,"Z1, Z2, Z4",1.60070111493145,0.072014800668384,-0.241594147650362,0.43855028944024,Accept,1.58753050913445,Accept,Accept,Accept,Accept,0.714486202166607
-0.270780578003643,0.649223348797074,0.435365588616951,-0.109629658366883,1.32045066091592,Accept,X9,1.7903186242806,0.435365588616951,-0.0240284606320949,0.885849784159732,Accept,1.43853978966026,Reject,Reject,Accept,Reject,0.975409713971338
1.02447439261472,0.865814922180377,0.0284248630008636,-0.341659972843959,0.479249832201629,Accept,"Z2, Z4",1.75035987983557,0.0284248630008636,-0.269072574098223,0.313511775825505,Accept,1.62883497472121,Reject,Accept,Accept,Accept,0.46932121431915
1.08733041005762,1.012902907409,-0.0207564949390676,-0.35493913066921,0.163723185821731,Accept,"Z2, Z4",0.989137615813459,-0.0207564949390676,-0.275444725713904,0.243702352371007,Accept,1.09353201241598,Accept,Accept,Accept,Accept,0.646905302696489
0.878170262711252,0.877680223125746,0.0914410165118281,-0.301636075716756,0.564967426465737,Accept,"Z2, Z4",1.51924477703171,0.0914410165118281,-0.186657553411848,0.368875178515099,Accept,1.21002386994129,Accept,Accept,Accept,Accept,0.241759077876053
0.713939783989025,0.816007564981315,0.037436108086775,-0.0867257403622801,0.588354007851595,Accept,"Z1, Z2, Z4",1.737845557399,0.037436108086775,-0.28629719121338,0.347730129117412,Accept,1.24943123541508,Accept,Accept,Accept,Accept,0.527550556391741
N/A,N/A,N/A,N/A,N/A,N/A,N/A,N/A,N/A,N/A,N/A,N/A,N/A,N/A,N/A,N/A,N/A,N/A
1.1738429762854,1.04428596238123,-0.168476243980944,-0.400420211824729,0.267053526432996,Accept,"Z1, Z2, Z4",1.71025452022724,-0.168476243980944,-0.471958055481833,0.165703846363445,Accept,1.36739781980192,Reject,Accept,Accept,Accept,1.02262206573316
0.824374159041367,0.896898341622171,0.098138895368042,-0.171520378552829,0.47911767876058,Accept,"Z2, Z4",1.76755343798233,0.098138895368042,-0.142584512451621,0.3234002161122,Accept,1.31400667463498,Accept,Accept,Accept,Accept,0.990354800169705
1.06395266344893,0.96469146949506,0.0533451547852594,-0.260881823646628,0.398212579255544,Accept,"Z2, Z4",2.63152504814718,0.0533451547852594,-0.163058079104578,0.263520514572773,Accept,2.10804951350169,Accept,Accept,Accept,Accept,0.836010175879169
0.428008282822228,0.919310503020087,0.196893138337974,-0.268559292389371,0.578281170360401,Accept,"Z1, X3",1.85725529747805,0.196893138337974,-0.118587738979393,0.517971263746388,Accept,1.37815904491047,Reject,Accept,Accept,Accept,0.87804874857048
1.19796625208992,1.06341663643741,0.0693298368326641,-0.212667705102359,0.252945267562152,Accept,"Z1, Z2, Z4",1.47807971524037,0.0693298368326641,-0.172566465022832,0.319354211022439,Accept,1.32652011458509,Accept,Accept,Accept,Accept,0.359923545336896
1.14060575958381,0.906785279466444,0.0116517540829843,-0.244193184310822,0.280343152055569,Accept,"Z1, Z2, Z4",1.66073188287298,0.0116517540829843,-0.206663588079355,0.235668784294938,Accept,1.24406637051798,Accept,Accept,Accept,Accept,0.794411374843673
0.991222754200007,0.851642056642799,0.0540508286315932,-0.195339220692927,0.436210314314235,Accept,"Z1, Z2, Z4",1.68283288599753,0.0540508286315932,-0.256683139641699,0.364783386224609,Accept,1.2578477661046,Accept,Accept,Accept,Reject,1.37049441702161
1.10307369789115,0.971308100880554,-0.0214097028947239,-0.27764472302806,0.525284323365107,Accept,"Z2, Z4",1.60356796345317,-0.0214097028947239,-0.336678084486937,0.27056238284269,Accept,1.73381970943899,Accept,Accept,Accept,Accept,0.5451957611324
N/A,N/A,N/A,N/A,N/A,N/A,N/A,N/A,N/A,N/A,N/A,N/A,N/A,N/A,N/A,N/A,N/A,N/A
1.76464277913157,1.11819856485165,0.324004468651012,-0.688244009987396,0.225592483879078,Accept,"Z1, Z2",2.12480159025051,0.324004468651012,-0.020689482726665,0.624422657104643,Accept,1.88355918810872,Accept,Reject,Accept,Accept,0.184683731842935
1.60605801418641,0.790257318140952,0.175854189774495,-0.522845706812067,0.451311511678865,Accept,Z2,2.04656784303046,0.175854189774495,-0.120950974567438,0.462812494525299,Accept,1.32760281182587,Accept,Accept,Accept,Accept,0.629839350568759
1.06631971891721,0.913366997826952,0.130112644206599,-0.381097303319065,0.493719141864586,Accept,"Z2, Z4",1.68598432369527,0.130112644206599,-0.218111917649541,0.476678454371915,Accept,1.43814484704098,Accept,Accept,Accept,Accept,0.492852317134143
0.912315508934738,1.07769241449837,-0.227584843461392,-0.289327068973993,0.236931011980759,Accept,"Z1, Z2, Z4",1.11355388805002,-0.227584843461392,-0.402931959394725,-0.0514851988497397,Reject,1.17430141355796,Accept,Accept,Accept,Accept,0.478552878159958
0.216030919092118,0.547066399836663,0.312829712123003,0.0274378262854322,1.03101556031769,Reject,"Z4, X4",2.08530423701358,0.312829712123003,0.0404520340157331,0.59798337494859,Reject,1.35560705061487,Reject,Reject,Reject,Accept,0.320381264624954
0.59686695725632,0.657265115412065,0.294298951609602,0.0246102695798285,0.697434583223751,Reject,"Z1, Z2, Z4",1.3110462725918,0.294298951609602,0.00580322907785194,0.594472037082901,Reject,1.13006011460739,Accept,Accept,Accept,Reject,1.29971596829859
0.784316067015127,0.897766985055222,0.0647145308270377,-0.240117819782248,0.333239789815274,Accept,"Z1, Z2, Z4",1.09709002928174,0.0647145308270377,-0.181408551613542,0.302271051757745,Accept,1.30142308938107,Accept,Accept,Accept,Accept,0.680276631836256
1.30313910586901,1.034405826461,0.0425570064480762,-0.38662279527383,0.303336944236982,Accept,"Z2, Z4",1.53986218661758,0.0425570064480762,-0.201904267148651,0.277421903009489,Accept,1.58393210772661,Accept,Accept,Accept,Accept,0.56978061776075
N/A,N/A,N/A,N/A,N/A,N/A,N/A,N/A,N/A,N/A,N/A,N/A,N/A,N/A,N/A,N/A,N/A,N/A
1.05001669930684,0.910323792793229,0.0453725745779801,-0.286448466943917,0.31932752878102,Accept,"Z1, Z2, Z4",1.71468961667198,0.0453725745779801,-0.250652906124704,0.347533295695193,Accept,1.28374953097696,Accept,Accept,Accept,Accept,1.03860314980019
0.59877967438968,0.836217340815347,0.20831926976962,0.0243683553907421,0.697849307071748,Reject,"Z1, Z2",2.15858592905148,0.20831926976962,-0.0466073176347724,0.475511475535782,Accept,1.72162989861818,Reject,Accept,Accept,Reject,1.3947019738996
1.520710899718,0.921791361079008,-0.106597804070802,-0.296569112570022,0.130809859304838,Accept,"Z1, Z2, Z4",1.73245638227846,-0.106597804070802,-0.347919722498771,0.129973158997227,Accept,1.45100878470857,Accept,Accept,Accept,Accept,0.458859236588003
0.262385812643188,0.643479955232938,0.452480683501215,0.0852884052259211,1.01962127016652,Reject,"Z2, Z4",1.91575429254802,0.452480683501215,0.140412004943231,0.752506646860451,Reject,1.3945385562396,Accept,Reject,Accept,Reject,1.38598381384683
0.969364214355204,0.907168571095593,0.172989544055466,-0.15152938516244,0.439918913268097,Accept,"Z1, Z2, Z4",1.46186864684372,0.172989544055466,-0.127985211740899,0.485180730715578,Accept,1.22969978548628,Accept,Accept,Accept,Accept,1.04602564698482
0.670454748292118,0.975568606072936,-0.0938626080170778,-0.39764713644623,0.333329680780716,Accept,"Z1, Z4, X4",1.47712645997005,-0.0938626080170778,-0.416922685137589,0.215297418721411,Accept,1.28347199797932,Accept,Accept,Accept,Accept,0.770674570124857
N/A,N/A,N/A,N/A,N/A,N/A,N/A,N/A,N/A,N/A,N/A,N/A,N/A,N/A,N/A,N/A,N/A,N/A
0.81373009060819,0.726055986584561,0.191591827933013,0.193993685586784,0.780579186349726,Reject,"Z2, Z4",1.85508216095698,0.191591827933013,-0.027369533118365,0.440312219272948,Accept,1.33527928598413,Reject,Reject,Reject,Accept,0.696799853913596
1.43624723489875,1.03924725039556,-0.0885295783638917,-0.377522687598704,0.241585198387566,Accept,"Z1, Z2, Z4",1.48231204926715,-0.0885295783638917,-0.401974168566866,0.226359273503839,Accept,1.31548622972456,Accept,Accept,Accept,Accept,0.735989232055063
1.11558166561882,0.97504948799132,-0.042661503310793,-0.566928954472975,0.670851336868416,Accept,Z2,2.03603859042681,-0.042661503310793,-0.384293009808019,0.297098715529206,Accept,1.64014435398726,Accept,Accept,Accept,Accept,0.773946061261903
0.491734623233163,0.900251228344187,-0.038034327123437,-0.457503817554254,0.65013634955471,Accept,Z2,1.36152904501246,-0.038034327123437,-0.424828639385835,0.350899779331483,Accept,1.10496130038397,Accept,Accept,Accept,Accept,0.905466211657198
0.386418353250186,0.825885376664033,0.183662048809346,-0.0936424680744487,0.927545676134908,Accept,Z2,2.58623782760842,0.183662048809346,-0.138338671437777,0.494908615852895,Accept,1.81085613505561,Accept,Reject,Accept,Accept,0.891716162314286
1.08074032557606,0.885807578702512,0.0142800932564561,-0.206795458129688,0.309186377224693,Accept,"Z1, Z2, Z4",1.9726633631152,0.0142800932564561,-0.259723023425341,0.296520771714936,Accept,1.64069079163921,Accept,Accept,Accept,Accept,1.04077080682305
0.892131881724062,0.913705713839242,0.0394323752506382,-0.257019929956151,0.385241102251461,Accept,"Z2, Z4",1.5488248995401,0.0394323752506382,-0.178606039600558,0.262240070724474,Accept,1.22396184933875,Accept,Accept,Accept,Reject,1.34060714696808
N/A,N/A,N/A,N/A,N/A,N/A,N/A,N/A,N/A,N/A,N/A,N/A,N/A,N/A,N/A,N/A,N/A,N/A
1.11437995696284,1.17388892953225,0.114402211907075,-0.333356114950837,0.388768352441008,Accept,"Z2, Z4",1.76919635878725,0.114402211907075,-0.190418514817413,0.410707756451442,Accept,1.40240421190621,Accept,Accept,Accept,Accept,1.34815184189567
2.89967339570217,1.5822061843614,-0.231291615990473,-1.51040030339164,-0.240796317506582,Reject,Z2,2.21447708979538,-0.231291615990473,-0.69609106730152,0.160959390641847,Accept,1.75436594247578,Reject,Accept,Accept,Accept,0.557560961965279
0.726917340621658,0.810297770750749,0.214225426071271,0.0256487073032287,0.549360745244858,Reject,"Z1, Z2, Z4",1.88925122575687,0.214225426071271,-0.0558079530120011,0.478863164740597,Accept,1.7688518765637,Reject,Accept,Accept,Accept,1.45044182603301
0.717465900874514,0.730798889167562,0.107806582492476,-0.0216436224335246,0.629139533907025,Accept,"Z2, Z4",1.32780664900953,0.107806582492476,-0.180414229776047,0.360238445768626,Accept,1.38160093449564,Reject,Reject,Accept,Accept,0.774463810562586
0.192651957222388,0.822319334407984,0.143345049004636,-0.296570529474261,0.97244455630545,Accept,Z2,1.93846449329831,0.143345049004636,-0.170744545221797,0.435906700752062,Accept,1.25736984271777,Accept,Accept,Accept,Accept,0.630935404895521
0.927960155083512,0.858174686403254,0.0904952265746765,-0.111307969848642,0.346418090898032,Accept,"Z1, Z2, Z4",1.31034099624875,0.0904952265746765,-0.120289674711021,0.312304272481797,Accept,0.970127382119518,Accept,Accept,Accept,Accept,1.2008734206703
0.807118770369233,0.89099870275105,0.217689228716823,-0.265340774242186,0.558513634560928,Accept,"Z2, Z4",1.58698259878543,0.217689228716823,-0.120969908051243,0.598354057583965,Accept,1.2808845597835,Accept,Reject,Accept,Accept,0.416398954541413
1.23546422921858,1.04649305759901,-0.00381693526126202,-0.34809772645132,0.168641522537485,Accept,"Z2, Z4",1.1826152424349,-0.00381693526126202,-0.237685192843484,0.230442094188681,Accept,1.46446505843093,Accept,Accept,Accept,Reject,1.28163524893232
1.03348543611237,0.977819065609614,0.265039620401899,-0.21700326539433,0.423604741990473,Accept,"Z2, Z4",1.59949634603606,0.265039620401899,-0.0156648910342657,0.540671436126687,Accept,1.41781674140761,Accept,Accept,Accept,Accept,0.910440984485019
0.931567207736855,0.905148830059625,0.00961537642871022,-0.432528012021201,0.501083889258754,Accept,"Z2, Z4",2.02842707877704,0.00961537642871022,-0.30419269321918,0.328818612724273,Accept,1.92408821723766,Accept,Accept,Accept,Accept,1.16780019305867
0.54687595309621,0.810805180157187,0.255332558412188,-0.0766057282959747,0.950742782696241,Accept,Z2,1.98315794201963,0.255332558412188,-0.0615241293663966,0.563877646116373,Accept,1.46494593091796,Accept,Accept,Accept,Accept,0.824772774961201
1.22270859919059,0.808106089426578,0.148341136853784,-0.166331618489657,0.407032953972856,Accept,"Z1, Z2, Z4",1.5478668101988,0.148341136853784,-0.133142339550891,0.461235742406164,Accept,1.52452638741359,Reject,Reject,Accept,Accept,0.0751736333751373
0.746718091454247,0.806561725421587,0.107992938397153,-0.0440801630955051,0.488017794216072,Accept,"Z1, Z2, Z4",1.20703151335169,0.107992938397153,-0.1683866189943,0.38688625475071,Accept,1.18646278939277,Accept,Accept,Accept,Accept,0.933045671289352
1.54016707161956,1.03337353007444,-0.171063675859483,-0.360403844387911,0.155038242026486,Accept,"Z1, Z2, Z4",1.81697731927255,-0.171063675859483,-0.4460263381354,0.10219731786626,Accept,1.72995985164947,Reject,Accept,Accept,Accept,1.12376979848887
1.15884751360881,1.03984441530904,0.0416935592520837,-0.233378394552718,0.373660204499385,Accept,"Z1, Z2, Z4",1.82300955788871,0.0416935592520837,-0.300856574888383,0.377469456389761,Accept,1.65515579503955,Accept,Accept,Accept,Accept,0.972333513818506
1.04564859997017,0.980813294360158,0.0473815771584157,-0.306909401446899,0.279334418859312,Accept,"Z2, Z4",1.58499332446106,0.0473815771584157,-0.176926772533869,0.270750092151242,Accept,1.58432854951552,Accept,Accept,Accept,Accept,1.10365924319623
0.943617121725884,1.06909925610144,0.285997536090566,-0.315257733341002,0.384513739111701,Accept,"Z2, Z4",1.18245883416276,0.285997536090566,0.0147498094202617,0.550630924229336,Reject,1.16084396579566,Accept,Accept,Accept,Accept,0.971990793450591
1.03870273102653,0.955302077016017,-0.00498676165237705,-0.297293586126578,0.304497632952281,Accept,"Z1, Z2, Z4",1.99874404224215,-0.00498676165237705,-0.316529555156111,0.279451249474269,Accept,1.68388344705261,Accept,Accept,Accept,Accept,0.667126253232383
1.04382944437462,1.02999095519064,0.107906422487182,-0.228108055957524,0.360315465020176,Accept,"Z2, Z4",1.12977188975341,0.107906422487182,-0.122733334016655,0.340774256692384,Accept,1.3753417642272,Reject,Reject,Accept,Accept,1.01552995091291
0.653519808226422,0.912195340325929,0.171849461682688,-0.208211183991419,0.402200417653328,Accept,"Z1, Z2, Z4",1.3941278074076,0.171849461682688,-0.114016843299591,0.446105446136766,Accept,1.21287855674347,Accept,Accept,Accept,Accept,0.414787941197486
0.609645236609642,0.811717158238886,0.014097461210574,0.0121043125941396,0.788747588411854,Reject,"Z2, Z4",1.54416625680906,0.014097461210574,-0.302238316515388,0.302879411384557,Accept,1.52609681445138,Accept,Reject,Accept,Accept,1.30511280119724
1.51367158238089,1.06927698248329,-0.195798186200123,-0.517366146481014,0.242914745434139,Accept,"Z2, Z4",1.65328784529311,-0.195798186200123,-0.439929639042655,0.0481187755009983,Accept,1.37302775677567,Accept,Accept,Accept,Accept,0.358305673157117
0.887651223544695,0.796122909580923,0.332941316160277,-0.0921557098909722,0.60353200937416,Accept,"Z2, Z4",1.40016734460609,0.332941316160277,0.101205301964871,0.561293326489708,Reject,1.37076181910648,Reject,Reject,Accept,Reject,1.07193250264313
0.429341434654109,0.806953586756242,0.171503497925022,-0.114674649235129,0.966543902543626,Accept,Z2,1.61850674457939,0.171503497925022,-0.167954501234171,0.498839134367521,Accept,1.4809696436101,Accept,Accept,Accept,Accept,0.958387625456084
0.553185775764247,0.596439539937942,0.173747704665933,-0.538407776388863,1.15967019956083,Accept,X9,1.7924930700866,0.173747704665933,-0.221869081568597,0.544158567237306,Accept,1.35604696513819,Reject,Reject,Accept,Accept,0.455492985581145
1.21973806267336,1.22801514976812,0.0502758334889738,-0.923941105524151,0.362598615609534,Accept,Z2,1.69895028346011,0.0502758334889738,-0.328807785229704,0.453659660566244,Accept,1.60145353950171,Accept,Accept,Accept,Accept,0.596712950691291
0.779551142866263,0.936268619308447,0.179637322555387,-0.102716591276249,0.470310634027503,Accept,"Z1, Z2, Z4",1.43961477058169,0.179637322555387,-0.0782682628368094,0.422272284173202,Accept,1.19289500110553,Reject,Accept,Accept,Reject,1.3324077763671
1.32048530715701,0.808914578644459,0.0516418264747523,-0.344735926984988,0.34544206838741,Accept,"Z2, Z4",1.60336831384273,0.0516418264747523,-0.238759967946045,0.375491708960044,Accept,1.40338694549236,Accept,Accept,Accept,Accept,0.252258358667111
1.40524403235577,0.795044221599335,-0.0723051918858396,-0.262871436221712,0.268169705018722,Accept,"Z1, Z2, Z4",1.57707901864481,-0.0723051918858396,-0.323810237794564,0.195483853663293,Accept,1.23410480617585,Reject,Accept,Accept,Accept,0.883893872139784
0.946457962359563,0.957181644059918,0.0856317675743115,-0.558327159151936,0.66304900428275,Accept,Z2,1.37047686139052,0.0856317675743115,-0.262237953319524,0.446445863549182,Accept,1.30111333969591,Accept,Reject,Accept,Accept,0.470242428813792
0.541851284873618,0.736170866728863,0.305410991553621,0.145227672116695,0.585586569984635,Reject,"Z1, Z2, Z4",2.01519814706278,0.305410991553621,0.0667130243788115,0.53912964360785,Reject,1.70783250854419,Reject,Reject,Reject,Reject,1.78676484380775
0.749937400161434,0.866690491966119,0.119815821879616,-0.15705472606314,0.450167076359549,Accept,"Z1, Z2, Z4",1.33641806990053,0.119815821879616,-0.187816841849984,0.429264140080802,Accept,1.23607595041792,Reject,Reject,Accept,Accept,0.989360531761636
1.23485749385293,1.01669305501137,0.297343642250865,-0.338699642744558,0.433620413619595,Accept,"Z2, Z4",1.41455404947237,0.297343642250865,0.0430785221255623,0.591682014371029,Reject,1.4842434568568,Accept,Accept,Accept,Accept,0.907256328729127
1.34049709043977,0.899190544548824,-0.0407504257716355,-0.45172098895434,0.477492228389127,Accept,"Z2, Z4",2.44673618107384,-0.0407504257716355,-0.338137770142038,0.260108318681058,Accept,1.54295102218768,Accept,Accept,Accept,Accept,0.847140992737822
1.2010473680553,0.802243571282827,0.0274959269064512,-0.175982471591081,0.330972230249598,Accept,"Z1, Z2, Z4",1.58730604366581,0.0274959269064512,-0.237561523771892,0.285403235299762,Accept,1.33778297793544,Accept,Accept,Accept,Accept,0.3955584148152
0.201303389021963,0.934274021042116,0.49052517975627,-0.364354214502504,1.40671533080303,Accept,Z2,2.2132622307479,0.49052517975627,0.100699157083922,0.83156427199136,Reject,1.49683644900542,Accept,Reject,Accept,Accept,1.01595364511634
0.627475691883794,0.813360965799989,0.089142855552839,-0.077655653962407,0.572184927417801,Accept,"Z2, Z4",1.54761585141629,0.089142855552839,-0.214530282861842,0.394549560548457,Accept,1.43584782483354,Accept,Accept,Accept,Reject,1.10813238493337
0.331553877655357,0.844629478986575,0.158694380737622,-0.169851772825739,0.707778691433139,Accept,"Z1, Z2",2.01399302343107,0.158694380737622,-0.0858945321388176,0.394127497185095,Accept,1.54936768254188,Accept,Accept,Accept,Accept,0.318104199778945
1.0109784088279,0.88722299531424,0.0801284641230691,-0.371282100396482,0.573740579303278,Accept,Z2,1.82258974924751,0.0801284641230691,-0.177679250311818,0.353389508848184,Accept,1.34903555500689,Accept,Reject,Accept,Accept,0.810977464124285
0.811239962542507,0.917922077393879,0.0819980406593641,-0.166443863026758,0.542659069324013,Accept,"Z2, Z4",1.66075655578699,0.0819980406593641,-0.181493225648942,0.36369185723734,Accept,1.40157448933119,Accept,Reject,Reject,Accept,0.804887897909711
1.23251440248078,1.00258442396071,0.121229130673514,-0.543700470550094,0.632243514126179,Accept,Z2,2.01513069291891,0.121229130673514,-0.136303338132407,0.393837414772417,Accept,1.36383005950422,Accept,Accept,Accept,Accept,1.0152100849431
1.1023877323741,0.866169309919697,0.348506980362832,-0.480123234133564,0.707548021098049,Accept,X8,2.17812731318341,0.348506980362832,0.0580844972230191,0.632741856096144,Reject,1.45083467521915,Reject,Reject,Accept,Accept,0.48658957027474
1.23111915054482,1.04744049663633,0.0836014680782428,-0.201798564959244,0.34213267751922,Accept,"Z2, Z4",1.87251551164494,0.0836014680782428,-0.178397515579681,0.334441610809249,Accept,1.60375921251337,Accept,Accept,Accept,Accept,1.31992946046993
0.581279618608277,0.80942970280153,0.299791553263177,0.0822087397293638,0.715651149589699,Reject,"Z1, Z2, Z4",1.64173827350271,0.299791553263177,-0.0461373524873553,0.628371553913732,Accept,1.63174922008639,Reject,Accept,Accept,Accept,1.03951733974164
1.69501988954789,1.25601470619371,-0.121055266724715,-1.00112876890372,0.280047158322192,Accept,Z2,2.22255993364672,-0.121055266724715,-0.44990094529442,0.186465042734398,Accept,1.60412274266751,Accept,Accept,Accept,Accept,1.2800345886035
0.890498542897223,0.986833001517058,0.083891370216749,-0.0830078277859929,0.466489448927996,Accept,"Z1, Z2, Z4",1.77603598007527,0.083891370216749,-0.142084866126065,0.320389678589526,Accept,1.34281701520187,Accept,Accept,Accept,Accept,0.15857743445234
0.920852571410476,0.974303329701104,-0.00480492221453803,-0.48154429894893,0.445452152882925,Accept,Z2,1.48163509104182,-0.00480492221453803,-0.311294523496284,0.297629969498105,Accept,1.21426290711365,Accept,Accept,Accept,Accept,0.763645156192903
1.19573194661769,0.985024988162056,0.0709316801039393,-0.323834761574256,0.31708121365807,Accept,"Z2, Z4",1.453583783375,0.0709316801039393,-0.190716847100552,0.331273758202228,Accept,1.2769530751284,Accept,Reject,Accept,Accept,0.312464163623855
N/A,N/A,N/A,N/A,N/A,N/A,N/A,N/A,N/A,N/A,N/A,N/A,N/A,N/A,N/A,N/A,N/A,N/A
0.849246670802698,1.03719981713732,0.100815893755057,-0.258360195486532,0.464344318092989,Accept,"Z1, Z2, Z4",2.02511903828831,0.100815893755057,-0.207078484096525,0.391257074544591,Accept,1.5166846632411,Accept,Accept,Accept,Accept,1.26860037698315
1.11955954890578,1.01958663970576,-0.0546247723013194,-0.808184484411456,0.449952979240583,Accept,Z2,1.72571260334828,-0.0546247723013194,-0.369353480215892,0.251035051613927,Accept,1.51664880030959,Accept,Accept,Accept,Accept,1.51963980154659
1.0577332062577,0.94769938019497,0.0166343213080354,-0.152758167277904,0.329941347315632,Accept,"Z1, Z2, Z4",2.18921300829376,0.0166343213080354,-0.253956002244107,0.277265923161908,Accept,1.77453302853237,Accept,Accept,Accept,Accept,1.04382503691438
0.963789180662532,0.9347350309034,0.0801611898685625,-0.367330761090887,0.596793630579309,Accept,Z2,1.95969392504938,0.0801611898685625,-0.15538618958835,0.321827608380014,Accept,1.47533780255964,Accept,Accept,Accept,Accept,1.09807687508789
0.571141343157929,0.858285373941431,0.238227074984166,0.0627288194383653,0.611929538194179,Reject,"Z2, Z4",1.40939996555151,0.238227074984166,-0.000916588835084352,0.447263365181461,Accept,1.57398936936434,Reject,Reject,Reject,Accept,0.677313672641416
0.660828064046255,0.903131496436543,0.224701368633162,-0.0402845181151931,0.717652693569199,Accept,"Z2, Z4",1.47101809267801,0.224701368633162,-0.0506692622832122,0.50385629857262,Accept,1.2351923560195,Reject,Reject,Accept,Accept,0.569723240378339
0.490121802427322,0.820869978028262,0.262584847898054,-0.0275440751196159,1.15910267053188,Accept,Z2,1.66480104647224,0.262584847898054,0.0192392576799772,0.517560561778264,Reject,1.51527370083693,Accept,Accept,Accept,Accept,0.36143502781514
1.11947638919472,0.969729096118908,0.179526123291814,-0.146634248141909,0.3358523445727,Accept,"Z1, Z2, Z4",1.62443922518945,0.179526123291814,-0.0553686898912932,0.432378841028782,Accept,1.5908241862938,Accept,Accept,Accept,Accept,1.0984292707182
1.65075862015284,1.20520882248832,0.0523964843867511,-0.993011731592976,0.267393263816931,Accept,Z2,1.31811069545354,0.0523964843867511,-0.272025431086257,0.35940801781177,Accept,1.33707966787266,Accept,Accept,Accept,Accept,0.423684392258428
1.35764926958092,1.16732075643141,0.290146931829203,-0.792477602194317,0.321654878458203,Accept,"Z1, Z2",2.02081715122743,0.290146931829203,-0.10670422885512,0.668872802490355,Accept,1.84482552236903,Accept,Reject,Reject,Accept,0.255884640813503
0.481676937779046,0.842624927324576,0.350363592733786,0.056484699451094,0.666760047458809,Reject,"Z1, Z2, Z4",1.75852258276417,0.350363592733786,0.0754876361476277,0.631795476070018,Reject,2.02336390512747,Reject,Reject,Reject,Reject,1.34309564561908
0.676412871162577,0.749417220994712,0.160762976467698,0.124299807613853,0.601031679436999,Reject,"Z1, Z2, Z4",1.62717856085735,0.160762976467698,-0.0956379033725859,0.407227286424302,Accept,1.31725509714292,Accept,Reject,Accept,Accept,0.525735199084315
0.757033095504937,0.598087846003843,0.301473859793701,-0.0533883295335733,0.699567091750202,Accept,"Z2, Z4",1.59253708254341,0.301473859793701,0.0335020664894095,0.556755710073252,Reject,1.37332442487001,Reject,Accept,Accept,Accept,0.58205301849812
1.32575557842435,0.867955654974624,-0.014277994972229,-0.232796327140024,0.29881073611167,Accept,"Z1, Z2, Z4",1.92879010010856,-0.014277994972229,-0.25898400502926,0.223140028850279,Accept,1.59188996370853,Reject,Accept,Accept,Accept,0.761448227518082
N/A,N/A,N/A,N/A,N/A,N/A,N/A,N/A,N/A,N/A,N/A,N/A,N/A,N/A,N/A,N/A,N/A,N/A
1.06212130384679,0.961357691911883,0.0815631724628406,-0.354622918607919,0.295680333079414,Accept,"Z1, Z2, Z4",1.71946429509291,0.0815631724628406,-0.20011665483005,0.348442877592183,Accept,1.44400602088126,Accept,Accept,Accept,Accept,0.670232409892727
1.15745890466809,0.981241405385161,0.216795074270952,-0.220544030249415,0.493548381311288,Accept,"Z2, Z4",1.97521839971674,0.216795074270952,-0.0562108078266848,0.472406814336162,Accept,1.87586331054609,Reject,Reject,Accept,Accept,1.02569324652496
0.974339652178024,0.906345858367232,0.114406397958795,-0.18130909811045,0.625741476615339,Accept,"Z2, Z4",2.0564969774627,0.114406397958795,-0.246432835885199,0.449373975991997,Accept,1.42812895493787,Reject,Accept,Accept,Accept,0.863370515871917
0.898070567074134,0.776276549554344,0.199125024255432,0.034452334193449,0.442804132315,Reject,"Z1, Z2, Z4",1.62553091213328,0.199125024255432,-0.0166734587406909,0.407241835209897,Accept,1.44228164339361,Reject,Reject,Accept,Accept,0.769946523383207
1.59282018704055,0.93723842349627,-0.0266266593654727,-0.5072227904859,0.274196006498602,Accept,"Z1, Z2",1.56434295906895,-0.0266266593654727,-0.325032716539702,0.290446696153743,Accept,1.57568988973044,Accept,Accept,Accept,Accept,1.00752661585229
0.789700907861397,0.722552079710049,0.263021135280633,-0.0382731579281144,0.533446367363886,Accept,"Z1, Z2, Z4",1.54526023519542,0.263021135280633,0.0508049026967567,0.507918590252535,Reject,1.53150778415864,Accept,Accept,Accept,Accept,0.850003933603995
0.748229451964261,1.00465631010909,0.130840419888324,-0.246528055640369,0.514576862424629,Accept,"Z1, Z2, Z4",1.15165232347284,0.130840419888324,-0.200839843211903,0.487162222422206,Accept,1.12990776848062,Accept,Accept,Accept,Accept,0.548982870953272
1.1525502338103,0.915550490079965,0.163590144178981,-0.441038797096653,0.620659678492951,Accept,Z2,2.07887558968696,0.163590144178981,-0.0975270978667213,0.414097778780437,Accept,1.52696936937447,Accept,Accept,Accept,Accept,0.655389430345746
0.740594664600368,0.86901067030673,0.384968146707803,-0.0370964565771876,0.710657725589849,Accept,"Z1, Z2, Z4",1.85724252955652,0.384968146707803,0.0159609363469617,0.774682670425747,Reject,1.84159577164558,Reject,Accept,Accept,Accept,1.02010530126303
N/A,N/A,N/A,N/A,N/A,N/A,N/A,N/A,N/A,N/A,N/A,N/A,N/A,N/A,N/A,N/A,N/A,N/A
1.57122961167529,0.896006857030339,0.074311051822594,-0.637502208506179,0.442438208750845,Accept,Z2,2.06453641330666,0.074311051822594,-0.20230086478086,0.382910907645261,Accept,1.55487252445801,Accept,Reject,Accept,Accept,0.925814655613876
1.17357923680512,0.861130638960415,0.0515996385511038,-0.20429376542345,0.374085008569264,Accept,"Z1, Z2, Z4",1.93699587135706,0.0515996385511038,-0.231000934812285,0.317941472247619,Accept,1.85318540857036,Reject,Accept,Accept,Accept,1.17286600440514
1.31614093849087,1.04332330764725,0.151848627352699,-0.226999076641088,0.293067806761986,Accept,"Z1, Z2, Z4",1.71745665799836,0.151848627352699,-0.0875842466615566,0.410833529439299,Accept,1.74473759528123,Accept,Accept,Accept,Accept,1.13271687627927
0.672599112148332,0.840215980624762,0.205625016827115,0.00148500098982172,0.674088210534831,Reject,"Z2, Z4",1.84203414425705,0.205625016827115,-0.0731601128624774,0.483645725269415,Accept,1.48513232634932,Reject,Reject,Reject,Accept,0.850365264124954
1.08491364108714,0.752462295012926,0.159012315068422,-0.115875979525835,0.404232271810291,Accept,"Z1, Z2, Z4",1.8273938544359,0.159012315068422,-0.049742942962768,0.369168958206222,Accept,1.58870987913892,Accept,Accept,Accept,Accept,0.742522882180272
0.193124344866703,0.646572651152353,0.598956046187006,-0.0752262537758883,1.21817347745067,Accept,Z4,1.56193677138857,0.598956046187006,0.287747349332211,0.89589118824852,Reject,1.30358249945062,Accept,Reject,Accept,Accept,0.332207214362132
1.08903401517642,1.06755641339056,0.105960120696908,-0.355921139492105,0.31348966557167,Accept,"Z2, Z4",1.88144812648278,0.105960120696908,-0.143039056762864,0.36886900208346,Accept,1.27140575221396,Accept,Accept,Accept,Accept,1.14409475243225
0.479067724741062,0.84855314260384,0.289196916153632,-0.123628537272471,0.941309200825922,Accept,"Z2, Z4",1.4776067470058,0.289196916153632,-0.0566210163781783,0.65854949654477,Accept,1.53740209157285,Reject,Accept,Accept,Accept,0.2533596627438
1.1280424695276,0.830330184308793,0.0894619202795151,-0.401362678549121,0.527998273024486,Accept,Z2,1.62522738136378,0.0894619202795151,-0.175129974234044,0.351525511952427,Accept,1.50774962180972,Accept,Reject,Reject,Accept,1.22017563976128
-0.137461823853351,0.55020529780652,0.224715457219344,-0.114494269107263,1.33815821317472,Accept,Z2,1.98822382494451,0.224715457219344,-0.215898381234547,0.668674961961545,Accept,1.59769905675976,Accept,Accept,Accept,Accept,0.718204335791209
1.17190203173711,0.924064620880321,0.0512487560805907,-0.126238160084538,0.361512551131237,Accept,"Z1, Z2, Z4",1.13731550293319,0.0512487560805907,-0.212593413307577,0.28852501918764,Accept,1.49137616442335,Accept,Accept,Accept,Accept,0.440382542172352
N/A,N/A,N/A,N/A,N/A,N/A,N/A,N/A,N/A,N/A,N/A,N/A,N/A,N/A,N/A,N/A,N/A,N/A
0.527573682834791,1.00219266617226,0.0769271858544386,-0.359216411151082,0.789314856830673,Accept,"Z2, Z4",1.73940476491101,0.0769271858544386,-0.313217932441547,0.462284882193276,Accept,1.30931216453121,Accept,Accept,Accept,Accept,0.652693659009649
0.973564549795769,0.889439530650727,0.175568030033188,-0.0449883865047107,0.461456560198364,Accept,"Z1, Z2, Z4",2.16383550417573,0.175568030033188,-0.0487161966363824,0.395074444080768,Accept,1.61559470312729,Accept,Accept,Accept,Accept,0.743959000018602
1.05074507032736,0.784968427210275,0.0365024974054447,-0.202348385950643,0.687350672553435,Accept,"Z2, Z4",1.88835090922875,0.0365024974054447,-0.259489980251539,0.347544107858525,Accept,1.54002979959436,Accept,Accept,Accept,Accept,0.881212425791852
0.569406219376845,0.855334690582245,-0.0689809367525809,-0.161768865263257,0.673274034945205,Accept,Z2,1.54011611873588,-0.0689809367525809,-0.319658680951004,0.188412082866141,Accept,1.18244542578884,Accept,Reject,Accept,Accept,0.483847162374117
1.14238053460714,0.823009104054664,0.0445035730387549,-0.35202304995676,0.786615127220838,Accept,Z2,2.48509221359082,0.0445035730387549,-0.253942400534873,0.342524053223323,Accept,1.90117774634141,Accept,Accept,Accept,Reject,1.19986344981893
1.29398067176425,0.948527848976762,-0.162906590190073,-0.727264426975207,0.663196543219681,Accept,Z2,2.169239739487,-0.162906590190073,-0.479806567200761,0.185585062701317,Accept,1.80761124450962,Accept,Accept,Accept,Accept,0.996606404836649
1.47247695434711,1.06878414778106,-0.0965126242922245,-0.35122264978948,0.2153889708172,Accept,"Z1, Z2, Z4",1.90039945838702,-0.0965126242922245,-0.38142604868241,0.205685534587708,Accept,1.78293341764174,Reject,Accept,Accept,Accept,0.81879737218575
0.750987442118998,0.68401812025068,0.319924799762128,-0.00384108777032562,0.489143775973882,Accept,"Z1, Z2, Z4",1.48609932422399,0.319924799762128,0.0896184432786919,0.554276383166887,Reject,1.31708923160419,Reject,Accept,Accept,Reject,1.23399593604005
1.51728802118859,1.22768964093844,0.00560384211287157,-0.987497829293446,0.134129868829296,Accept,"Z1, Z2",1.56692463297482,0.00560384211287157,-0.355500420381169,0.386643688844546,Accept,1.30728551242798,Accept,Accept,Accept,Accept,0.819923232638525
0.898886436125616,0.955350706859601,0.0378362376613878,-0.635378785421899,0.683808155905092,Accept,Z2,1.64563618473891,0.0378362376613878,-0.305534762714507,0.347587426504491,Accept,1.33654056359705,Accept,Accept,Accept,Accept,0.483072332225413
0.761663839256729,0.992400285686869,0.0539744619334541,-0.316572586898205,0.408742402837981,Accept,"Z1, Z4, X3",1.76456296890539,0.0539744619334541,-0.249458024072384,0.355394158332686,Accept,1.38005357254497,Reject,Accept,Accept,Accept,0.631430799881845
0.743748362472932,0.842926225221178,0.302119504543548,-0.170016917632827,0.60844583394602,Accept,"Z2, Z4",1.54849124141678,0.302119504543548,0.0453957185603724,0.558907646719571,Reject,1.18478857202473,Accept,Reject,Accept,Accept,0.356203757088297
0.880459568550084,0.793079497498607,0.181206942984077,0.126230626526816,0.752737645635706,Reject,"Z2, Z4",1.78139322442878,0.181206942984077,-0.120165116596516,0.466669180160932,Accept,1.76223528945456,Accept,Accept,Accept,Accept,1.06397694257406
1.25816074713836,1.10455292154605,0.0146675274557371,-0.705948922717319,0.331661916127888,Accept,Z2,1.64372909932928,0.0146675274557371,-0.278872712800049,0.294874309798019,Accept,1.52686063255225,Accept,Accept,Accept,Accept,0.557086394729117
-0.0779805400418391,0.764834462023658,0.355054870937984,0.136466049077183,1.02322744526876,Reject,"Z1, Z4, X1",1.84749706104281,0.355054870937984,-0.00102526627698687,0.676965796229846,Accept,1.34761826338149,Reject,Accept,Accept,Reject,1.28567418751498
1.19655444940693,0.98628687291426,0.0678976784832859,-0.20146611560863,0.455497252255752,Accept,"Z1, Z2, Z4",1.76540248658397,0.0678976784832859,-0.283734396147412,0.449873828629288,Accept,1.61035882276309,Accept,Accept,Accept,Accept,0.124399361548231
1.19348520196881,1.12115110350562,0.0155312169195421,-0.960577936541598,0.367607360229675,Accept,Z2,1.6249393624206,0.0155312169195421,-0.249198159289836,0.280445085084364,Accept,1.28951505367816,Accept,Accept,Accept,Accept,0.591844153732178
1.03546819762996,1.00934177918229,-0.0431741327886429,-0.320614693317036,0.305567160138804,Accept,"Z2, Z4",1.6658713941997,-0.0431741327886429,-0.280211950549908,0.193384545036883,Accept,1.46598470833611,Accept,Accept,Accept,Accept,1.34825142316191
0.989988983746599,0.947294714900451,-0.137423986074021,-0.646658421135049,0.518440384007757,Accept,X4,2.10682028127187,-0.137423986074021,-0.448952971358718,0.179052022924381,Accept,1.36979982548246,Reject,Reject,Reject,Accept,1.31456181311242
0.847502071724764,0.876137404380184,0.092387225312133,-0.232461821053396,0.52882426195616,Accept,"Z2, Z4",1.56689978902475,0.092387225312133,-0.222496190052499,0.380617249036708,Accept,1.3668101699422,Accept,Accept,Accept,Accept,0.793917242659859
0.873582601323906,0.905927966226836,0.246128511402882,-0.0977306935288444,0.4127031947484,Accept,"Z1, Z2, Z4",1.50292978662817,0.246128511402882,-0.000448056432610734,0.481448403419715,Accept,1.66143412956862,Reject,Reject,Accept,Accept,0.149714355829962
1.20839318954132,1.12962649665458,0.122487809619323,-0.562522816410707,0.348615562637667,Accept,"Z2, Z4",1.63707969334594,0.122487809619323,-0.214207166905525,0.460801964272632,Accept,1.21272448831536,Accept,Accept,Accept,Accept,0.696581303888658
1.44237033746216,0.857338280982451,0.0254731203759495,-0.443065266641659,0.344745382640804,Accept,"Z4, X3",2.00155992354747,0.0254731203759495,-0.273871157135614,0.28589753768801,Accept,1.42605407826873,Reject,Accept,Accept,Accept,0.574922428732155
1.37360922207998,1.08671749131972,0.037880141522402,-0.470072527211649,0.434512031056569,Accept,"Z2, Z4",2.51294783350229,0.037880141522402,-0.256552356770513,0.356532496136877,Accept,1.59391295880151,Reject,Reject,Reject,Accept,0.506782312946774
1.22963547100537,0.789992412565998,0.195666543800313,-0.259035519156554,0.549590825699472,Accept,"Z2, Z4",1.56201914663782,0.195666543800313,-0.124394437631262,0.515570875207688,Accept,1.72801045659462,Reject,Reject,Reject,Accept,0.661624895278625
0.847877974478879,0.846837452557201,0.234650322500342,-0.0871727188622671,0.547116763563255,Accept,"Z2, Z4",1.4119432731323,0.234650322500342,0.00761754669055272,0.492178638116218,Reject,1.65553116148981,Accept,Accept,Accept,Accept,0.804286376307295
1.3438442826,1.03557410277265,0.209749776040078,-0.522411470511123,0.28502745238886,Accept,"Z2, Z4",2.05302306404051,0.209749776040078,-0.11354462479517,0.508474770722237,Accept,2.11848812419208,Accept,Accept,Accept,Reject,1.30278956188881
1.03678134796159,0.842271016041847,0.0837088532765736,-0.417508236377961,0.605230908326867,Accept,Z2,1.59916184177588,0.0837088532765736,-0.182549476721715,0.341590883609994,Accept,1.38223290264676,Accept,Accept,Accept,Reject,1.06547613989028
0.929907934920509,0.961622760879084,0.148929762223375,-0.142453071567601,0.479353403562423,Accept,"Z1, Z2, Z4",1.95240772138215,0.148929762223375,-0.140519224337131,0.433006316363805,Accept,1.28754134868337,Reject,Reject,Accept,Accept,0.614283138354066
0.982590593144578,0.958073169815129,0.236248880931492,-0.376369403702937,0.784935118912966,Accept,Z2,1.85723381640586,0.236248880931492,-0.0470341760662031,0.540040096590799,Accept,1.43845145983041,Accept,Accept,Accept,Accept,0.799489989435043
1.0129228677726,0.997427602963284,0.0753663897141028,-0.467357084077714,0.325902584914581,Accept,"Z2, Z4",1.08754686717423,0.0753663897141028,-0.19139802501909,0.340354877025835,Accept,1.23502071655836,Accept,Accept,Accept,Accept,0.686933429768919
0.660485507412181,0.812102986548215,0.250102580742806,-0.0142404484113111,0.713694674812382,Accept,"Z2, Z4",2.10920627311248,0.250102580742806,-0.0519110836215408,0.527480429735432,Accept,1.67777610582876,Accept,Reject,Accept,Accept,0.64733230299048
1.02929649452698,0.977199493036336,0.00350766195450757,-0.32245919825456,0.352415378648688,Accept,"Z1, Z2",1.52431020099795,0.00350766195450757,-0.257486981101374,0.261553272734131,Accept,1.25271839436732,Accept,Reject,Accept,Accept,0.393074868226989
0.992290475323922,0.732331100665748,0.00909913451937223,-0.349666008464428,0.694093051917197,Accept,"Z2, Z4",1.74323485155573,0.00909913451937223,-0.36666482872413,0.404283333820924,Accept,1.46025790774762,Accept,Accept,Accept,Accept,0.966515000361056
1.44864093928114,1.01565832906729,0.0299910689036697,-0.380912214012152,0.161720493105262,Accept,"Z1, Z2, Z4",1.84382103446277,0.0299910689036697,-0.224354953357779,0.274428299097292,Accept,1.63998943916402,Accept,Accept,Accept,Accept,1.01482580235071
1.22359215557394,0.876650975282305,0.058116931420891,-0.241843004461528,0.373881138153184,Accept,"Z1, Z2, Z4",1.74217824290857,0.058116931420891,-0.268019819075332,0.354246161312794,Accept,1.62495303433258,Accept,Accept,Accept,Reject,1.44125298727216
0.906110559604387,0.830075182339666,0.0330985889964214,-0.174705141817934,0.525258694901462,Accept,"Z1, Z2, Z4",1.31300876149218,0.0330985889964214,-0.252672531972956,0.343683578890289,Accept,1.29974348195366,Accept,Accept,Accept,Accept,0.951981958097312
0.841563762877459,0.868319697358942,0.18793266549108,-0.0373359597936417,0.606368126047822,Accept,"Z1, Z2, Z4",1.66183399903673,0.18793266549108,-0.138914884128463,0.488449332385433,Accept,1.39070588088717,Accept,Accept,Accept,Accept,0.624297983324074
0.762697704556469,0.971230504969721,0.0413387143271285,-0.220673766263794,0.502312402726444,Accept,"Z2, Z4",1.98765440822466,0.0413387143271285,-0.270935816843055,0.334349195064855,Accept,1.66901896528991,Accept,Reject,Accept,Accept,1.33184332311525
1.10816123082986,0.933185360398488,0.170209306958183,-0.544251309624534,0.576791336626911,Accept,Z2,2.00156839864993,0.170209306958183,-0.136682417788566,0.490374367931646,Accept,1.62633567354407,Accept,Reject,Accept,Accept,0.571538048771816
0.715114619542305,0.831294611350195,0.127833697149591,-0.0617390166615333,0.385564672383304,Accept,"Z1, Z2, Z4",1.25200670541514,0.127833697149591,-0.0985988436344216,0.347921848295348,Accept,1.09706447196267,Accept,Accept,Accept,Accept,0.466149669588577
1.27854935608098,0.899684170963454,-0.131709337370971,-0.197957810511265,0.442359702468399,Accept,"Z2, Z4",2.35485183439888,-0.131709337370971,-0.36951596711327,0.122296664654495,Accept,1.98092350664469,Accept,Accept,Accept,Accept,0.819276124176464
1.00987993254751,0.899764375286525,0.0714177860784231,-0.425506974103802,0.658042877123902,Accept,Z2,1.62009474335604,0.0714177860784231,-0.239720387119669,0.351158951043206,Accept,1.18100235874117,Accept,Accept,Accept,Accept,0.583948186589463
1.47309525993298,1.22586450246002,-0.0674511025814195,-0.898391992871476,0.0254502053485075,Accept,"Z1, Z2",1.6586695963999,-0.0674511025814195,-0.368827734884924,0.249141857682992,Accept,1.12351931351355,Reject,Accept,Accept,Accept,0.404929555804221
0.877835731644055,0.932249783364405,0.133216368127437,-0.122062909711677,0.611055072005613,Accept,"Z2, Z4",1.57230278149462,0.133216368127437,-0.108042074639661,0.386536358666486,Accept,1.28652958223184,Reject,Reject,Accept,Accept,0.708617769501376
1.11327553737268,1.00501356956159,0.0547587687698952,-0.251955604968705,0.245285916895778,Accept,"Z1, Z2, Z4",1.42126745429359,0.0547587687698952,-0.20029587593378,0.31564385866426,Accept,1.40248400019544,Reject,Reject,Accept,Accept,0.501894985979634
0.842263766658151,0.915239361524903,0.0170906393756496,-0.268944152143027,0.476182181976342,Accept,Z2,1.58743758792456,0.0170906393756496,-0.218920112082848,0.259962324834931,Accept,1.45182623936585,Accept,Accept,Accept,Accept,0.258974202671802
1.89136138136135,1.14535917766151,0.0614153566873125,-0.769008704526305,0.317980687109455,Accept,Z2,2.40560301424532,0.0614153566873125,-0.225403244706367,0.347110774119817,Accept,1.99927103305931,Accept,Accept,Accept,Accept,0.343701736846272
1.26794033124695,0.825767898600155,0.0362778625882183,-0.137197195424716,0.33611998473601,Accept,"Z1, Z2, Z4",1.42259077667115,0.0362778625882183,-0.234056205147417,0.330077280264522,Accept,1.44229747226216,Reject,Accept,Accept,Accept,0.396305275441533
1.35801224376663,1.22644809817457,0.164903481643457,-0.786064441746166,0.574477846767941,Accept,Z2,2.45746310525929,0.164903481643457,-0.223096854369151,0.560441962201367,Accept,1.69201001167437,Accept,Accept,Accept,Accept,0.944054196531274
0.800395543222863,0.790975007066623,0.143618129269558,-0.0213524331576911,0.447798116424365,Accept,"Z1, Z2, Z4",1.07574203235594,0.143618129269558,-0.0757883662387943,0.367660502268683,Accept,1.13206948901196,Accept,Accept,Accept,Accept,0.792261039992945
0.951255357073674,0.992864333029771,0.190403026405209,-0.212100637192372,0.648612052742791,Accept,"Z2, Z4",1.57267716743173,0.190403026405209,-0.0711206805803689,0.469973723211083,Accept,1.28001420565284,Reject,Accept,Accept,Accept,0.713196892847158
1.2584360658198,0.890893454476496,0.120130037112364,-0.800591763050646,0.593651649642048,Accept,Z2,1.84833181843433,0.120130037112364,-0.226095624481175,0.476575352354725,Accept,1.45397055997809,Accept,Reject,Accept,Accept,0.784218231659494
1.26605978428763,0.807176903192924,0.198929604178361,-0.177892962434361,0.37341214486495,Accept,"Z1, Z2, Z4",1.3977827986348,0.198929604178361,-0.0393042409294223,0.453585983545777,Accept,1.46662687021114,Accept,Accept,Accept,Accept,0.317150673070278
0.835819889436316,0.674769968675553,0.139179461115447,-0.0280758937434896,0.488978624374684,Accept,"Z1, Z2, Z4",1.81480269705397,0.139179461115447,-0.0987480990904268,0.363674445749423,Accept,1.72794992645027,Accept,Accept,Accept,Accept,0.878387843359609
1.15477038161808,0.876728201884857,0.0207086114621071,-0.156744920017196,0.344610462422324,Accept,"Z1, Z2, Z4",1.25860771416418,0.0207086114621071,-0.209990311690463,0.232438063463654,Accept,1.29582497328825,Accept,Accept,Accept,Reject,1.59271088838851
1.23033084321258,1.01734973152175,0.126873232430315,-0.558011060000522,0.476888439189385,Accept,"Z1, X3",1.812691854185,0.126873232430315,-0.175471116775585,0.439024326643601,Accept,1.35707650495788,Reject,Accept,Accept,Accept,0.789987082236927
0.639560713068773,0.918811139210955,0.285917421779669,-0.331707318870032,0.595011834490827,Accept,"Z1, Z2",1.28347946745703,0.285917421779669,-0.0536856920636232,0.629744707800204,Accept,1.24675419836059,Accept,Accept,Accept,Accept,0.659603712892033
1.52544445550651,1.00187003207482,-0.223251068556928,-0.755671997365413,0.183436423081859,Accept,X1,1.77960197081314,-0.223251068556928,-0.490674250154118,0.0375137843543792,Accept,1.41712920752106,Reject,Accept,Accept,Accept,0.784531638848238
1.00766691126407,1.05586567915604,0.204409955115008,-0.358808906512056,0.57549482517257,Accept,"Z2, Z4",1.68863281414353,0.204409955115008,-0.14492545439275,0.552997257068592,Accept,1.11883858534067,Accept,Accept,Accept,Accept,0.845080579399257
1.3654594956356,1.12324988926395,0.00717301576594496,-0.331571024056284,0.31401965851476,Accept,"Z2, Z4",1.64291781559867,0.00717301576594496,-0.24072518703363,0.251683823770582,Accept,1.45940594819743,Accept,Accept,Accept,Accept,0.673899964368743
1.07699711748672,0.854469065243775,0.150335625186564,-0.0442082471900591,0.352297987847311,Accept,"Z1, Z2, Z4",1.708622008213,0.150335625186564,-0.0452113782545009,0.354639009831246,Accept,1.55970449859624,Accept,Accept,Accept,Accept,1.23609783896317
1.27219147991738,1.03699557161663,0.324477834718321,-0.277746065815021,0.323266690810033,Accept,"Z1, Z2, Z4",1.25881090228509,0.324477834718321,0.0159393286906281,0.618924004704504,Reject,1.46102433248393,Accept,Accept,Accept,Accept,0.754215898119692
1.13251608050217,1.12028073715553,0.0723145104990143,-0.462391199292471,0.354173368534444,Accept,"Z2, Z4",1.88299891713997,0.0723145104990143,-0.287819010363795,0.406162605112963,Accept,1.62225419049063,Reject,Accept,Accept,Accept,0.688290398489783
1.16128712573542,0.845474405333644,0.189466102090943,-0.173926874525937,0.372616690631957,Accept,"Z1, Z2, Z4",1.68904098533494,0.189466102090943,-0.102999968535172,0.476001008912498,Accept,1.39043827032013,Accept,Accept,Accept,Accept,0.342479554922344
0.728682842372155,0.879465227806949,0.0421650090704973,-0.257545444155121,0.796436706483714,Accept,Z2,2.01140026424316,0.0421650090704973,-0.323661682624534,0.384584666635085,Accept,1.67359845608617,Accept,Accept,Accept,Reject,1.57260798187938
1.38975021993991,1.00975671702923,-0.0489571277789638,-0.337163675751603,0.219424480974018,Accept,"Z1, Z2, Z4",1.94903970091209,-0.0489571277789638,-0.303352970978378,0.206337493000315,Accept,1.68149009205963,Accept,Accept,Accept,Accept,0.245594689699519
1.32144817047894,0.92611079315728,0.156604726046567,-0.181132998285926,0.29131812324255,Accept,"Z1, Z2, Z4",1.59678665877459,0.156604726046567,-0.116046674763044,0.408816524278047,Accept,1.54487801636175,Accept,Accept,Accept,Accept,1.13010517801805
0.969613861604924,0.931557191499352,-0.160940487610071,-0.256806730043268,0.3761597258448,Accept,"Z2, Z4",1.54273993311455,-0.160940487610071,-0.395948103448779,0.109320669474905,Accept,1.34257228746351,Accept,Accept,Accept,Accept,0.927617790896364
1.68424708982082,0.860604064117087,0.186813002034107,-0.650750848205362,0.493901693740911,Accept,Z2,1.9184423463832,0.186813002034107,-0.135744943962127,0.525562778565147,Accept,1.67316558645133,Accept,Reject,Accept,Accept,1.17629387022608
1.66582803946191,0.820715304676254,-0.103708822883417,-0.633292852258561,0.352574885320579,Accept,"Z1, Z2",1.45965694608945,-0.103708822883417,-0.411935579294152,0.232588379767469,Accept,1.42620071991999,Accept,Accept,Accept,Accept,0.804318329773123
0.470745319711271,0.864238493716671,0.200505917380518,-0.031887186462959,0.702686201500478,Accept,"Z2, Z4",1.01835797646555,0.200505917380518,-0.135110099147871,0.484983769993368,Accept,1.17267259167671,Accept,Accept,Accept,Accept,0.13627816360411
0.0419200957098511,0.603953983560142,0.41363390225144,0.105200673288727,1.19698677773795,Reject,Z2,1.57303565417851,0.41363390225144,0.112814984342896,0.71522415847547,Reject,1.47349374347614,Reject,Accept,Accept,Accept,0.792426994948798
0.954341683340787,0.705623943764022,0.319704716395583,-0.131085535628814,0.599341963120009,Accept,"Z2, Z4",1.88669373450773,0.319704716395583,0.0389928869405402,0.664502721509541,Reject,1.55500427130252,Accept,Reject,Accept,Accept,0.795578374807566
1.00478707307924,0.938177987891581,0.140706013120153,-0.278716428713327,0.649828832015098,Accept,Z2,1.66327969112089,0.140706013120153,-0.118597163573185,0.402920896093028,Accept,1.34446504353717,Accept,Accept,Accept,Accept,0.727229258099705
N/A,N/A,N/A,N/A,N/A,N/A,N/A,N/A,N/A,N/A,N/A,N/A,N/A,N/A,N/A,N/A,N/A,N/A
1.57942283530538,0.90226686698107,-0.185477677588876,-0.545555883019841,0.337957044470066,Accept,"Z2, Z4",1.79666619642469,-0.185477677588876,-0.485364407213342,0.105122655481792,Accept,1.85708570057442,Accept,Accept,Accept,Accept,1.14505282151175
0.821387648990043,0.922159913186859,0.196567330531413,-0.243472622896315,0.433911432003998,Accept,"Z2, Z4",1.90224872108633,0.196567330531413,-0.0658270550414778,0.447731071827638,Accept,1.84385872066589,Accept,Accept,Accept,Accept,0.702449253816543
0.637187934802988,0.808134049224639,0.109949345765136,-0.128164555558624,0.600047889946919,Accept,"Z1, Z2, Z4",1.22956839562162,0.109949345765136,-0.207232224147278,0.444685598863327,Accept,1.40684456483344,Accept,Accept,Accept,Accept,0.709909402820012
0.792187013054955,0.82830296924568,0.121592727795959,-0.0232378590247189,0.490750036485007,Accept,"Z1, Z2, Z4",1.66395942413489,0.121592727795959,-0.113982109991897,0.338523386305476,Accept,1.38529235780128,Reject,Reject,Reject,Accept,0.638435037358833
N/A,N/A,N/A,N/A,N/A,N/A,N/A,N/A,N/A,N/A,N/A,N/A,N/A,N/A,N/A,N/A,N/A,N/A
0.844227774677175,0.962594113177143,0.154311480817926,-0.0641906400481148,0.524064859407078,Accept,"Z1, Z2, Z4",1.61968057073298,0.154311480817926,-0.164415873084102,0.448688856667333,Accept,1.36655373854443,Reject,Reject,Accept,Accept,0.696088149270012
1.35339914150089,1.15344296733401,-0.0907683323943628,-0.542557034744193,0.334874301919385,Accept,"Z2, Z4",1.25723133187829,-0.0907683323943628,-0.404149189998616,0.193957894228384,Accept,1.14764567282885,Accept,Accept,Accept,Accept,0.420021453724915
1.19837794628356,0.913275731784143,-0.113423848437092,-0.383738360695852,0.385984313418128,Accept,"Z2, Z4",1.47471797191904,-0.113423848437092,-0.425746867142493,0.233020447487928,Accept,1.56960325384601,Accept,Accept,Accept,Accept,0.284250239809776
1.06696308272172,0.966584687824842,-0.114173243525811,-0.255908625334046,0.706354321615865,Accept,Z2,2.24880956268825,-0.114173243525811,-0.369755806353922,0.161721823207278,Accept,1.43594782394201,Accept,Accept,Accept,Accept,0.44567039649544
0.748926810380472,1.00959705857409,0.14217397640987,-0.340753157629328,0.612016074500941,Accept,Z2,1.51630767268589,0.14217397640987,-0.118366508757357,0.369000953156517,Accept,1.02595330325035,Accept,Accept,Accept,Accept,0.145965411520826
1.4034007649054,0.940010825562543,0.0213018358352449,-0.506405215292556,0.251523578018463,Accept,"Z2, Z4",1.95483334630568,0.0213018358352449,-0.24531652436278,0.305773755483164,Accept,1.84098022382194,Accept,Accept,Accept,Accept,1.15286725323199
1.11578352913242,0.796146270218626,0.185147447170663,-0.275184599260464,0.477507732049504,Accept,"Z2, Z4",1.88617902437351,0.185147447170663,-0.0565146324589641,0.445743556434316,Accept,1.84532633566189,Reject,Accept,Accept,Accept,1.18667880661608
0.939523386221654,0.806915772989804,-0.0402255882073835,-0.146611229949828,0.541777568377519,Accept,"Z2, Z4",1.81917235915437,-0.0402255882073835,-0.269489385663549,0.193886329125726,Accept,1.44274881086677,Reject,Reject,Accept,Accept,0.908096428435239
1.51799322653365,1.1792288953139,-0.203049787583639,-0.769860642556205,0.0764448861274142,Accept,"Z2, Z4",1.21809535702523,-0.203049787583639,-0.521397897338587,0.126363216073892,Accept,1.32162836369937,Accept,Accept,Accept,Accept,0.225110404234866
0.420217324492504,0.81619971299364,0.346376367718536,-0.104083204195226,0.575485058280221,Accept,"Z4, X4",1.36298883651896,0.346376367718536,0.0832113602198809,0.586707895350271,Reject,1.00028636918183,Reject,Reject,Accept,Accept,0.790441285384213
0.627215689261131,1.08622603546635,0.13474549934484,0.0186128672922554,0.719382995793757,Reject,"Z2, Z4",1.4731316290333,0.13474549934484,-0.183112985917268,0.463083301733095,Accept,1.47392555572225,Accept,Accept,Accept,Accept,0.497515337413464
1.02548321942637,0.763565429627581,0.480671928612947,-0.515504815796778,0.773219633330864,Accept,Z2,1.88385111995299,0.480671928612947,0.188464038260943,0.812863166214628,Reject,1.39644725301405,Accept,Reject,Accept,Accept,0.512916114935506
0.670545289377634,0.735276440156251,0.249481168288888,-0.0749953285749589,1.04059262752928,Accept,Z2,2.19614821877796,0.249481168288888,-0.0301337924627207,0.519033857643655,Accept,1.55070127466931,Accept,Reject,Accept,Accept,1.14820617227665
0.830334235609053,0.802086771832217,0.260105891841403,-0.690244325378915,1.15792181554881,Accept,Z1,2.13324415501587,0.260105891841403,-0.153392900744273,0.681168541730149,Accept,1.66080034166714,Accept,Reject,Reject,Accept,1.09143787431635
0.920993149126439,1.02200831612907,0.0606193373912591,-0.410094104478694,0.661683942344404,Accept,Z2,1.80760768585585,0.0606193373912591,-0.261533793058868,0.371200828903977,Accept,1.26713144477199,Accept,Accept,Accept,Accept,0.726648864705808
1.54813227221705,0.993827715412291,-0.00751142390741026,-0.556806981330574,0.295256042643505,Accept,Z2,2.78158702542988,-0.00751142390741026,-0.248883849450047,0.23479537009203,Accept,1.77982255844451,Accept,Accept,Accept,Accept,0.96221894783344
0.29611950543764,0.889542751144629,0.03160261431104,-0.4253805254531,0.831165657136444,Accept,Z2,1.56904410342383,0.03160261431104,-0.321007727687425,0.348130890574089,Accept,1.42792396358261,Accept,Accept,Accept,Accept,0.741052640701762
1.30102622047897,0.939710448580432,0.0997276606260407,-0.387286648797108,0.291146972176606,Accept,"Z2, Z4",1.61320492353422,0.0997276606260407,-0.149695031115582,0.342202057768652,Accept,1.53285805341936,Accept,Accept,Accept,Accept,0.159195677672596
0.819042876342394,0.837472304576697,0.201618555094621,-0.119902032842589,0.501986848079901,Accept,"Z2, Z4",1.05229991615003,0.201618555094621,-0.0559958033548721,0.447023709129373,Accept,1.20924297589111,Accept,Accept,Accept,Accept,0.755416108082202
1.62688576743452,0.902541574996945,0.171191970166963,-0.623734034552671,0.606556281073531,Accept,Z2,2.40325106786662,0.171191970166963,-0.134083598524968,0.451823413046548,Accept,1.83123899174786,Accept,Accept,Accept,Accept,0.886218537649624
1.12073374174183,0.813485891655,0.117692735385986,-0.235781914600253,0.38476677338139,Accept,"Z2, Z4",1.71583285544297,0.117692735385986,-0.201273028769322,0.420447022405602,Accept,1.65558824874629,Accept,Accept,Accept,Accept,0.741038657046628
1.11644602056628,0.892792385546222,0.301167081645786,-0.58745755550778,0.466325381625479,Accept,"Z1, Z2",1.45261542277007,0.301167081645786,-0.0256040414692171,0.590933810236376,Accept,1.28250079806566,Accept,Accept,Accept,Accept,0.869426312622295
1.13320776491032,1.11651168155577,0.0496482826286577,-1.01460197041545,0.585998725152101,Accept,Z2,1.91967801204979,0.0496482826286577,-0.428623418960841,0.519711862759531,Accept,1.47545323070663,Accept,Reject,Accept,Accept,0.874313250668895
0.554688859194985,0.697967895464208,0.268246122441856,0.104990070476738,0.57527098467211,Reject,"Z1, Z2, Z4",1.67407641433022,0.268246122441856,0.023091379483004,0.529007852571872,Reject,1.51121748696631,Reject,Accept,Accept,Accept,1.30226292532251
0.705644636953392,0.832954581737583,0.0542906093941384,-0.16927200762706,0.670728186609059,Accept,"Z2, Z4",1.93856486276548,0.0542906093941384,-0.296936024641999,0.385382672064647,Accept,1.58753192047933,Accept,Reject,Accept,Accept,1.0763381646187
0.30951595824484,0.924699545927622,0.361930118386681,-0.316727756420994,1.30440884262167,Accept,Z2,1.81956157763947,0.361930118386681,-0.107625677741643,0.82163333241277,Accept,1.73254459641954,Accept,Reject,Accept,Accept,1.01655950657902
1.25800368319478,1.09000085695342,0.0480938555775825,-0.529768179246886,0.13653173868513,Accept,"Z2, Z4",2.04156936180263,0.0480938555775825,-0.237103602338922,0.317606729297041,Accept,1.73068494003931,Accept,Accept,Accept,Accept,0.7442242316943
1.47730604566715,0.989393785219955,0.100182700279289,-0.655761956387158,0.287153039271598,Accept,"Z1, Z2",1.74598897174635,0.100182700279289,-0.16677266572328,0.354966333561506,Accept,1.64245444469725,Accept,Accept,Accept,Accept,0.869927605189046
1.35382301542439,0.857666443358538,-0.00527636704551118,-0.576941988545598,0.603360673446175,Accept,Z2,1.53027661918495,-0.00527636704551118,-0.291371498309685,0.301056455656755,Accept,1.17521496348993,Accept,Accept,Accept,Accept,0.701088102459829
1.51265261384794,1.1040731029302,-0.0755704998964818,-0.474528446444739,0.0663930871616692,Accept,"Z1, Z2, Z4",1.78293782099147,-0.0755704998964818,-0.327673916513073,0.179607130281879,Accept,1.85881922323211,Reject,Accept,Accept,Accept,0.400632779656184
0.9552768099355,0.881440569072512,0.268940384789005,-0.128004497433062,0.402344956845729,Accept,"Z1, Z2, Z4",1.48393017292637,0.268940384789005,0.0327465142346469,0.527409968395014,Reject,0.982925707005978,Accept,Accept,Accept,Reject,1.12806864371439
0.535337492915943,0.983130283687875,0.103602741611917,-0.222628205767554,0.74124564665059,Accept,"Z1, Z2",1.98840564376742,0.103602741611917,-0.249717789273059,0.45244837216778,Accept,1.57613267409085,Accept,Accept,Accept,Accept,0.309827691419603
0.735990241468258,0.888444899842942,0.0649299892827047,-0.104007528382861,0.540391640326092,Accept,"Z1, Z2, Z4",1.59982539157944,0.0649299892827047,-0.224982424831866,0.347505725468024,Accept,1.62054631053835,Accept,Accept,Accept,Accept,0.151142008785714
2.99716217360072,1.30184216565092,0.170545255457128,-1.64941573271563,-0.19304513345977,Reject,Z2,2.05279446669478,0.170545255457128,-0.170937518412165,0.49603628510559,Accept,1.56549165675362,Reject,Accept,Accept,Accept,0.19393238835523
1.17949856107972,0.921350928974653,-0.0302716042632743,-0.129737402485551,0.486757646301908,Accept,"Z1, Z2, Z4",2.1439838741938,-0.0302716042632743,-0.299543232475386,0.253123522148788,Accept,1.42396497323085,Accept,Accept,Accept,Accept,0.366667947039028
0.808407381401829,0.894729441406509,0.0560491288250347,-0.165889764737534,0.50883351210853,Accept,"Z2, Z4",1.48081503270633,0.0560491288250347,-0.235936516226484,0.356939639318841,Accept,1.31840124182993,Accept,Reject,Accept,Accept,0.649458746335344
1.31915200456533,0.900587229372425,0.290669811133353,-0.371289608270444,0.477756929612284,Accept,"Z2, Z4",2.4380630132981,0.290669811133353,-0.0290853803233067,0.616448530614347,Accept,1.77331314296906,Accept,Accept,Accept,Accept,0.0520695773727303
0.807374260712592,0.89711374022362,0.279597931080068,-0.274052267271088,0.549087497061656,Accept,"Z2, Z4",1.40416924916306,0.279597931080068,-0.00808801434585822,0.566863512454499,Accept,1.42894838257265,Accept,Accept,Accept,Accept,1.08834988272596
N/A,N/A,N/A,N/A,N/A,N/A,N/A,N/A,N/A,N/A,N/A,N/A,N/A,N/A,N/A,N/A,N/A,N/A
0.550399215720539,0.733839528666196,0.230666069827672,0.0236714757505037,0.680934089983328,Reject,"Z2, Z4",1.58255937436334,0.230666069827672,-0.00581634834815247,0.465238961217351,Accept,1.4509203567511,Accept,Accept,Accept,Accept,1.20951561611309
0.950061104101109,0.999930407160496,0.140278433874177,-0.249121917292929,0.398521673722988,Accept,"Z1, Z2, Z4",1.12628050040132,0.140278433874177,-0.158630856215073,0.435267830356558,Accept,1.0922575478829,Accept,Accept,Accept,Accept,0.812016295566955
1.31142046117596,0.808016036395537,0.208324225154214,-0.383335493450143,0.641936363686419,Accept,Z2,2.61024882814643,0.208324225154214,-0.0486078322912815,0.450661695325553,Accept,1.81240879478179,Accept,Reject,Accept,Accept,0.534169881775392
1.86753466078081,1.36863512294158,-0.0928574790439364,-1.05469995328428,0.46665166142122,Accept,Z2,2.0710369033768,-0.0928574790439364,-0.554878978229959,0.374017918524559,Accept,1.62184019809848,Accept,Reject,Accept,Accept,0.747087014509572
1.57977748401378,1.02753686840485,-0.0722336790873806,-0.726081997541406,0.500515202938392,Accept,Z2,2.30109724035536,-0.0722336790873806,-0.442939323526712,0.301059441962689,Accept,1.47396786154506,Accept,Reject,Reject,Accept,0.448433909533975
0.437289412518016,1.01381182100271,0.149607032875773,-0.304912996689872,0.974761967758721,Accept,Z2,1.54627336479898,0.149607032875773,-0.18330293235976,0.506937955053482,Accept,1.36903899855775,Accept,Accept,Accept,Accept,0.575349827729909
0.439124103204498,0.959151414279841,0.0802153145007544,-0.384150000256669,0.743275858303321,Accept,Z2,1.86150667537146,0.0802153145007544,-0.302247865136139,0.451589995307834,Accept,1.63889181899239,Accept,Accept,Accept,Accept,0.78753373291822
1.83309514476029,1.10664230554581,-0.199887526007502,-1.18279454926227,0.0765609815316374,Accept,X6,2.00880375491288,-0.199887526007502,-0.542713034488885,0.20974190247194,Accept,1.63010928145097,Accept,Reject,Accept,Accept,0.16652685384441
1.48744347658972,0.949149807335395,0.0365738937836433,-0.385172746211402,0.304052979392668,Accept,"Z2, Z4",1.6091551699657,0.0365738937836433,-0.181044580245909,0.267299426465401,Accept,1.30715765688806,Accept,Accept,Accept,Accept,0.601653777627171
0.461070803945003,0.66686317492611,0.206170088469499,0.127882929343851,0.698961536927313,Reject,"Z1, Z2, Z4",1.04426964778033,0.206170088469499,-0.0459402873278053,0.460214560348259,Accept,1.41749143756719,Reject,Reject,Reject,Accept,0.512600745941865
0.763965537013109,0.931152430322434,0.160120333919219,-0.0942323391599025,0.38940340172707,Accept,"Z1, Z2, Z4",1.53657011063132,0.160120333919219,-0.0963301525007706,0.397570291907836,Accept,1.43176428010778,Accept,Accept,Accept,Accept,0.716725966991605
1.37402356480839,0.889534245965265,-0.0348745536026179,-0.344528468239841,0.44085984522015,Accept,"Z2, Z4",1.815748754386,-0.0348745536026179,-0.276516557354695,0.222832275720361,Accept,1.38232706739763,Accept,Accept,Accept,Accept,0.251142067674952
0.680713168384747,0.977965197495023,0.22948657103017,-0.104614844349236,0.692316769093999,Accept,"Z2, Z4",2.44613112514029,0.22948657103017,-0.0594341331056476,0.540678453151525,Accept,2.06398337078798,Accept,Accept,Accept,Accept,0.57216433582913
2.34158051745358,1.33867338105533,0.181091793552084,-1.48710423655092,0.0863363427983811,Accept,Z2,1.71015436458988,0.181091793552084,-0.184169771084622,0.587103660774337,Accept,1.62581115742307,Accept,Reject,Accept,Accept,0.710502096382321
0.765624202280858,0.780622029527049,0.271410880368927,-0.051009373516224,0.826400359190418,Accept,"Z2, Z4",1.66883129189064,0.271410880368927,-0.036869925073911,0.596082577931778,Accept,1.57193842169152,Reject,Accept,Accept,Reject,1.42305198942239
0.678087303581084,0.897801271415648,0.153395471323764,-0.218573191483291,0.451872566431165,Accept,"Z1, Z2",1.81902852176956,0.153395471323764,-0.104286734656668,0.415224233374654,Accept,1.58898641041095,Accept,Reject,Accept,Accept,0.768458787365961
1.18072149744862,0.932323104567424,0.144642126126395,-0.5966644948362,0.431876297733888,Accept,"Z1, Z2",2.23849648475002,0.144642126126395,-0.172311463833184,0.445546214215032,Accept,1.76503601242169,Accept,Reject,Accept,Accept,1.06910316859449
1.03716698631801,0.882827466406797,0.0614013777753105,-0.416484254760165,0.461180831807961,Accept,"Z2, Z4",1.31798277639041,0.0614013777753105,-0.301961720422452,0.391042516944467,Accept,1.19717466570217,Accept,Accept,Accept,Accept,0.717181929848242
0.584535827641501,0.886190507541176,0.0633957246368523,-0.0348333884683959,0.587201243530899,Accept,"Z2, Z4",1.64767105516404,0.0633957246368523,-0.155242424966403,0.282183391479277,Accept,1.34769705135361,Accept,Accept,Accept,Accept,0.904301860730612
0.892496992931455,0.963905770828033,0.143407462999052,-0.11268655594063,0.428053572545869,Accept,"Z1, Z2, Z4",1.57722911419371,0.143407462999052,-0.128429397723565,0.427835992682202,Accept,1.73954266356507,Accept,Accept,Accept,Accept,0.869833367788889
1.01875490763162,0.799491994064237,0.0467121872445924,-0.201629717883395,0.347661592192233,Accept,"Z2, Z4",1.21238508868861,0.0467121872445924,-0.164325836833394,0.261400499662983,Accept,1.23672971282201,Accept,Accept,Accept,Accept,1.05400856430352
1.08524246902893,0.814657490656063,0.0933861714297414,-0.16645787003672,0.39099562523555,Accept,"Z1, Z2, Z4",1.83378529842575,0.0933861714297414,-0.207192468174725,0.382151483370186,Accept,1.36659461444774,Accept,Accept,Accept,Accept,0.387749433204411
1.49029427204378,1.09907058499974,-0.0140764453791365,-0.502616745762355,0.303852836280685,Accept,"Z1, Z2",1.70696284627722,-0.0140764453791365,-0.319370653738313,0.288463942290935,Accept,1.6026574752229,Accept,Reject,Accept,Accept,0.790029778006
0.874335462452359,0.937164177317147,0.103049988135798,-0.290360171260025,0.516340311702326,Accept,Z2,1.89980208234299,0.103049988135798,-0.133108401277279,0.339990406618979,Accept,1.48134218166209,Accept,Reject,Accept,Accept,0.968813021912073
0.922147206874475,0.895357482489014,0.0927495948714041,-0.0781834847640662,0.591383103385169,Accept,"Z2, Z4",1.36969177112802,0.0927495948714041,-0.173370058782776,0.350690597741573,Accept,1.51930686257922,Reject,Reject,Accept,Accept,0.63208494922197
N/A,N/A,N/A,N/A,N/A,N/A,N/A,N/A,N/A,N/A,N/A,N/A,N/A,N/A,N/A,N/A,N/A,N/A
0.738393952858074,0.722689014185211,0.399354711894064,0.0226660883068539,0.795547919882517,Reject,"Z2, Z4",2.29129671294116,0.399354711894064,0.136653283010209,0.661326908133993,Reject,1.51921460287919,Accept,Reject,Accept,Accept,1.19772143985244
1.41774355215259,1.05312508347554,0.0575790708698212,-0.429130220435598,0.302155789606931,Accept,"Z2, Z4",1.64580670149933,0.0575790708698212,-0.221455402473099,0.377011537702168,Accept,1.45559585364506,Accept,Accept,Accept,Accept,0.505891387408958
0.8533759304956,0.909964045650693,0.151123153899506,-0.174482948052704,0.548144825662686,Accept,"Z2, Z4",2.14535543189153,0.151123153899506,-0.133256253084616,0.434796354975372,Accept,1.6559318132432,Reject,Accept,Accept,Accept,0.387208681016503
0.979871025902311,0.97476762136915,0.0745898645111027,-0.295021334159766,0.38961505455759,Accept,"Z1, Z2, Z4",1.68146966338672,0.0745898645111027,-0.208568380056885,0.368698616093616,Accept,1.50901186207936,Reject,Reject,Reject,Accept,0.926632372269346
1.04658095489358,0.976175116221419,0.0545348010829289,-0.296915441536501,0.289583145480511,Accept,"Z2, Z4",1.55393651664082,0.0545348010829289,-0.165346801648494,0.264394169937651,Accept,1.34150074646445,Accept,Accept,Accept,Accept,0.60959913004082
1.43393073898288,0.949961364099565,0.0261884587981883,-0.369948050326169,0.312648608156091,Accept,"Z2, Z4",1.66454770133596,0.0261884587981883,-0.268126070786299,0.341045570773001,Accept,1.67766061446444,Accept,Accept,Accept,Accept,0.907757834313106
0.535014600851557,0.815525138564376,0.14813643563632,0.00149050546531108,0.663053492572381,Reject,"Z2, Z4",1.20214029321461,0.14813643563632,-0.188884433076605,0.473743126842644,Accept,1.25291530115515,Reject,Accept,Accept,Reject,1.34913644943686
1.13944268204996,0.961404362808504,-0.101706532930966,-0.436858447763951,0.122996202666366,Accept,"Z1, Z2, Z4",1.20836725812597,-0.101706532930966,-0.368662073706095,0.162527801981291,Accept,1.3231723780503,Accept,Accept,Accept,Accept,0.81231675122433
0.0360925441977129,0.771980443852853,0.40934233578416,0.351458352596596,1.08885070992679,Reject,"Z2, Z4",1.91223334224912,0.40934233578416,0.0894239087748117,0.726940468331519,Reject,1.46813623789045,Reject,Reject,Reject,Reject,1.50127804960235
1.15996265461758,0.758479867310556,-0.0439234080824629,-0.309563542556635,0.414851865185173,Accept,"Z1, Z2, Z4",1.7937729857209,-0.0439234080824629,-0.362588119566824,0.278961897499038,Accept,1.51591191621824,Accept,Accept,Accept,Accept,0.239654928129625
1.25570727956132,0.845654832954166,0.0872203414377055,-0.340892307058461,0.338040603544961,Accept,"Z2, Z4",2.17854152942938,0.0872203414377055,-0.184229311801378,0.371022241645479,Accept,1.64544248082459,Accept,Accept,Accept,Accept,0.402731761379992
1.56469001841976,1.16316722416735,0.170687873626405,-0.799315447697694,0.179659975195957,Accept,Z2,1.97502649388164,0.170687873626405,-0.0525350427162377,0.412590303872742,Accept,1.48828278567292,Accept,Reject,Accept,Accept,0.39588255593133
0.937697780422668,0.927611508221967,0.0243904909073382,-0.224694877101047,0.516919399594214,Accept,"Z2, Z4",1.43646859422251,0.0243904909073382,-0.274945659657278,0.290733448648356,Accept,1.78493869800675,Accept,Accept,Accept,Accept,1.15881566536465
0.801515565884939,0.878642266161459,0.196105523372305,-0.120577242483059,0.499246861034082,Accept,"Z1, Z2, Z4",1.28628611024678,0.196105523372305,-0.123110521365201,0.497543133269956,Accept,1.32673509881654,Accept,Accept,Accept,Accept,1.04403383677554
0.515000749388016,0.822406087128839,0.42124382044678,0.156816956349589,0.674315525161478,Reject,"Z1, Z2, Z4",1.21596336512242,0.42124382044678,0.171655515548602,0.66130640202072,Reject,1.05830642995846,Reject,Reject,Reject,Accept,0.333046005910271
N/A,N/A,N/A,N/A,N/A,N/A,N/A,N/A,N/A,N/A,N/A,N/A,N/A,N/A,N/A,N/A,N/A,N/A
1.07474336822975,0.905771052213438,0.10988703461231,-0.231241959177799,0.469858073434234,Accept,"Z2, Z4",1.85336749120826,0.10988703461231,-0.186159437082349,0.391301625510325,Accept,1.55960245185131,Accept,Accept,Accept,Accept,1.28675769943759
1.37606639275005,1.03746237666369,-0.158438265290895,-0.382621998127489,0.168017061222741,Accept,"Z1, Z2, Z4",1.32781907471963,-0.158438265290895,-0.431519933846479,0.113054329717161,Accept,1.19887958969948,Accept,Reject,Accept,Accept,0.281000811811469
1.24504314539499,0.99524528970131,-0.0856517972539361,-0.423296443442429,0.386436866256667,Accept,"Z2, Z4",1.69191317766685,-0.0856517972539361,-0.389717142191936,0.242447033354928,Accept,1.46083785919693,Accept,Accept,Accept,Accept,0.682951730875231
N/A,N/A,N/A,N/A,N/A,N/A,N/A,N/A,N/A,N/A,N/A,N/A,N/A,N/A,N/A,N/A,N/A,N/A
0.86994837338915,0.83468614443194,0.095635111728537,-0.132993564411825,0.54819162452381,Accept,"Z1, Z2, Z4",1.21444730885497,0.095635111728537,-0.231395602586406,0.410236352136439,Accept,1.21139648234139,Reject,Accept,Accept,Accept,0.324457023847713
1.03635488545995,0.948402465030456,-0.0797292417148673,-0.245715902044326,0.374224512936598,Accept,"Z1, Z2, Z4",1.59281509286031,-0.0797292417148673,-0.363219980133193,0.215627188398527,Accept,1.2980541071937,Accept,Accept,Accept,Accept,0.552764441635019
1.20651010398938,0.84431020106464,-0.128809365597605,-0.367475239336752,0.318460068192563,Accept,"Z1, Z2, Z4",1.76961952312929,-0.128809365597605,-0.421197455897765,0.147921447894152,Accept,1.58627904661793,Accept,Accept,Accept,Accept,0.759099529271661
0.807062673874838,0.736006562365527,0.219611576673856,-0.190019739009139,1.11719840869161,Accept,Z4,1.68842416837118,0.219611576673856,-0.0682441896755759,0.514496487980506,Accept,1.17771369053893,Accept,Reject,Reject,Accept,0.680294621179698
0.261803404219481,0.7606786701227,0.139791947433622,-0.231656596599065,0.993763157358791,Accept,X7,1.94662081397355,0.139791947433622,-0.13963621379726,0.433783061197241,Accept,1.2063322490618,Reject,Reject,Accept,Accept,0.540693653219899
0.596779885323029,0.806407957583862,0.0453887364226988,-0.0341247867632712,0.51748492632828,Accept,"Z1, Z2, Z4",1.89693388658759,0.0453887364226988,-0.192194848651374,0.296512910568733,Accept,1.34687316581751,Reject,Accept,Accept,Accept,0.827414406031792
1.11371036508006,0.745395890650303,0.0160921682353145,-0.150961067642085,0.429698195629819,Accept,"Z1, Z2, Z4",1.99573771499755,0.0160921682353145,-0.262758308797294,0.296274017024517,Accept,1.5091414008976,Accept,Reject,Accept,Accept,1.11754075004392
0.349357573084779,0.788286538792082,0.207460915945048,-0.587849811362783,0.924356922569118,Accept,Z1,1.78518651774119,0.207460915945048,-0.165351892046752,0.627618649615495,Accept,1.48080991042854,Accept,Accept,Accept,Accept,0.764069949800116
0.695686000733387,0.729972645544434,0.0787329888568078,-0.178152440053734,0.764033343690496,Accept,Z2,1.86008482679652,0.0787329888568078,-0.181578063880492,0.351028425157709,Accept,1.6438689715757,Accept,Accept,Accept,Accept,0.938164012183455
1.20123511414181,0.940944886707795,0.147888874577784,-0.399422084862369,0.249743114587935,Accept,"Z2, Z4",1.83803013527601,0.147888874577784,-0.109533722776602,0.402962895354328,Accept,1.83519900070199,Accept,Accept,Accept,Accept,0.255470303571782
N/A,N/A,N/A,N/A,N/A,N/A,N/A,N/A,N/A,N/A,N/A,N/A,N/A,N/A,N/A,N/A,N/A,N/A
0.873559876683004,0.825237779768289,0.241043957859788,-0.14439261951371,0.606381380265812,Accept,"Z2, Z4",1.85271581035993,0.241043957859788,-0.0349674526423833,0.496742386296647,Accept,1.47074848105277,Accept,Accept,Accept,Accept,0.880939449323068
N/A,N/A,N/A,N/A,N/A,N/A,N/A,N/A,N/A,N/A,N/A,N/A,N/A,N/A,N/A,N/A,N/A,N/A
1.28622536975879,0.984397878475006,0.183645176243173,-0.391210213027277,0.250275849482135,Accept,"Z1, Z2, Z4",1.94835118413524,0.183645176243173,-0.10407285128521,0.457955317266541,Accept,1.73980279463597,Reject,Accept,Accept,Reject,1.17857125190102
0.295242923762043,0.71789608155197,0.437244014408887,0.177077889780415,1.0615880934992,Reject,"Z2, Z4",2.12211231472338,0.437244014408887,0.0405804121046506,0.817504438194095,Reject,1.73072696211526,Reject,Reject,Reject,Accept,0.896570682835074
1.31161392631776,1.01846292650468,-0.262491881259282,-0.31214563092897,0.290915473179451,Accept,"Z1, Z2, Z4",1.82334363500929,-0.262491881259282,-0.525807583337394,0.0159279003306308,Accept,1.65489976056817,Accept,Accept,Accept,Accept,1.41075536548864
0.978345693422902,0.939795624299944,0.0100742572768424,-0.337850532400395,0.198831955042598,Accept,"Z1, Z2, Z4",1.22829916273648,0.0100742572768424,-0.261639452918642,0.266740062731058,Accept,1.01389400286243,Reject,Accept,Accept,Accept,0.776870617973593
0.865732178708707,0.947392335919346,0.0164442709624443,-0.173709041506315,0.508509366831556,Accept,"Z1, Z2, Z4",2.06642682561102,0.0164442709624443,-0.287006593072966,0.325792688470298,Accept,1.53627942573478,Accept,Accept,Accept,Accept,1.01791054296472
0.998621975749548,0.827888476746276,0.133410339835948,-0.141234930261432,0.487232930032481,Accept,"Z1, Z2, Z4",1.58025452028384,0.133410339835948,-0.162292311192931,0.435247856258717,Accept,1.59974029291692,Accept,Accept,Accept,Accept,0.422953196643689
0.84956438987534,0.787021137124256,0.160352702363295,-0.359968343874128,0.967505000717015,Accept,Z2,1.73772636927301,0.160352702363295,-0.14595071918346,0.4560675530776,Accept,1.54618876038161,Accept,Accept,Accept,Reject,1.03497818651308
0.667001729440457,0.863859707278789,0.0991021314691869,-0.032787670977271,0.435286473302062,Accept,"Z1, Z2, Z4",1.30762984825523,0.0991021314691869,-0.134117433937226,0.323846975199207,Accept,1.01099580864091,Reject,Reject,Accept,Accept,0.934170717385824
1.0735442506211,0.853593795509783,-0.0310873420940914,-0.160004405473322,0.547514959578788,Accept,"Z2, Z4",1.54405935544382,-0.0310873420940914,-0.29492175154959,0.254672776312954,Accept,1.25939541034354,Accept,Accept,Accept,Accept,0.830100328957114
0.321426334523098,0.765670268283685,0.209727408127538,0.0834252639965644,0.702548948901251,Reject,"Z1, Z2, Z4",1.52169130842061,0.209727408127538,-0.0896115495416232,0.469691644300789,Accept,1.26319669196376,Reject,Accept,Accept,Accept,1.06550200095318
0.97789929618955,0.887813882848689,0.279227767984237,-0.256471531596474,0.52534369961375,Accept,"Z2, Z4",1.79709662825319,0.279227767984237,-0.0194046656714782,0.579570331523362,Accept,1.67093431914855,Reject,Accept,Accept,Reject,1.44981322631762
0.667234131044296,0.913889803255148,0.285240556977724,-0.148114899745237,0.714221758703194,Accept,"Z2, Z4",1.36791213946915,0.285240556977724,-0.0628204536992161,0.612109716226944,Accept,1.23455653686774,Accept,Accept,Accept,Accept,0.599599014467432
1.44209022582317,0.922974007115281,-0.115392978468583,-0.395038312543174,0.173042812573594,Accept,"Z1, Z2, Z4",1.42812904353935,-0.115392978468583,-0.425256466329623,0.182208902702314,Accept,1.28674258235952,Accept,Accept,Accept,Accept,0.204341742607541
0.925906715895585,0.935094492717995,0.0323163166893975,-0.174991220234807,0.436388717151222,Accept,"Z1, Z2, Z4",1.58950244458839,0.0323163166893975,-0.265278764197138,0.30709161691541,Accept,1.55646535829111,Accept,Accept,Accept,Accept,0.929994600872039
0.855247405608766,0.932162042076371,0.0681470136113386,-0.235415060180827,0.584513862379325,Accept,"Z2, Z4",1.60963906288902,0.0681470136113386,-0.244370098825139,0.396987709306736,Accept,1.45641631164649,Accept,Accept,Accept,Accept,0.626725360191007
1.05409192833209,0.832324201658042,0.167405775492903,-0.0787880314905435,0.342267993040201,Accept,"Z1, Z2, Z4",1.63677920605906,0.167405775492903,-0.0319686915889318,0.370695322878214,Accept,1.62751349828961,Reject,Reject,Accept,Accept,0.785509838908944
1.43811812625131,1.01297918848449,0.109858219762555,-0.351885956457878,0.388061883844732,Accept,"Z2, Z4",1.90733150767965,0.109858219762555,-0.188352752811225,0.378800839888326,Accept,1.53277727309438,Reject,Reject,Accept,Accept,0.369224718407943
N/A,N/A,N/A,N/A,N/A,N/A,N/A,N/A,N/A,N/A,N/A,N/A,N/A,N/A,N/A,N/A,N/A,N/A
0.986584968649116,0.842951877541304,0.0715434763744266,-0.0376180522101927,0.629392157903464,Accept,"Z2, Z4",2.27494694639509,0.0715434763744266,-0.196760370025727,0.341853837718269,Accept,2.41341020681591,Accept,Accept,Accept,Accept,1.30113288855227
0.508508897585705,0.833559493391577,-0.0547549118504801,-0.107739387217472,0.633956698162265,Accept,"Z1, Z2",1.67988960171229,-0.0547549118504801,-0.295353866410948,0.184480358266249,Accept,1.29686447138744,Accept,Accept,Accept,Accept,1.16268024205257
1.53443083052069,1.10792799775556,-0.0139003044284167,-0.766959962952354,0.718235137953791,Accept,Z2,2.10414472594312,-0.0139003044284167,-0.363504286935134,0.306845756201361,Accept,1.82217320452298,Accept,Accept,Accept,Accept,0.121203370602199
1.19173534270374,0.916851244068605,0.0138602830619845,-0.265612789483856,0.385956686065044,Accept,"Z2, Z4",2.0503379531011,0.0138602830619845,-0.274184044828174,0.304901110182812,Accept,1.97670466624606,Accept,Accept,Accept,Accept,0.235186762631045
0.0276023389783666,0.613756813280262,0.35848847931443,0.115535655115627,0.989895835390893,Reject,"Z2, Z4",1.80951461743419,0.35848847931443,0.00743608501166415,0.697638147809808,Reject,1.7364643214483,Reject,Reject,Accept,Accept,1.00073554871619
1.07831494124074,0.802271391701081,-0.0134745867014511,-0.190785696302512,0.358084625141548,Accept,"Z1, Z2, Z4",1.67665685424945,-0.0134745867014511,-0.250015268253696,0.204009737773739,Accept,1.63906227026878,Accept,Accept,Accept,Accept,1.13741553830894
N/A,N/A,N/A,N/A,N/A,N/A,N/A,N/A,N/A,N/A,N/A,N/A,N/A,N/A,N/A,N/A,N/A,N/A
0.691913804376633,0.840770096904279,0.157944756573995,0.110544701780741,0.821320329507322,Reject,"Z2, Z4",1.66950835504083,0.157944756573995,-0.131013893694426,0.437587340857489,Accept,1.50459857434374,Reject,Reject,Accept,Accept,1.14892931970027
1.65308236136465,1.30913799074811,-0.24001445718071,-0.870121023365667,0.0387767708317115,Accept,"Z2, Z4",2.41377693291972,-0.24001445718071,-0.562117000731194,0.0599686871603617,Accept,1.6018325427375,Reject,Accept,Accept,Accept,0.885304872804183
1.37950597326675,1.17430529407987,0.0470147574064967,-0.499761603453014,0.345003436557992,Accept,"Z2, Z4",1.2315449656758,0.0470147574064967,-0.251521836670555,0.348255110349729,Accept,1.20648245923037,Accept,Accept,Accept,Accept,0.923146070296366
0.935272988456702,0.964157759283414,0.0389134545014452,-0.241694991589972,0.332272588835576,Accept,"Z1, Z2, Z4",1.26479697703477,0.0389134545014452,-0.229243623079241,0.330935520367034,Accept,1.28311030713909,Accept,Accept,Accept,Accept,0.839287036288171
1.06889703298903,1.01837018663216,0.126496411864227,-0.542207825563279,0.623764746604858,Accept,Z2,1.48970851737183,0.126496411864227,-0.151721984258205,0.377523491636648,Accept,1.18116715284996,Accept,Reject,Accept,Accept,0.381192921142594
N/A,N/A,N/A,N/A,N/A,N/A,N/A,N/A,N/A,N/A,N/A,N/A,N/A,N/A,N/A,N/A,N/A,N/A
0.389570343923741,0.752822833223265,0.263831860686798,-0.0650295643206535,0.763804683266251,Accept,"Z2, Z4",1.6330420344186,0.263831860686798,-0.0556205094172176,0.595424592586259,Accept,1.45075977696321,Reject,Reject,Reject,Accept,0.948692471327121
1.02562970219483,0.8268318586174,0.0206277080774601,-0.159882101902381,0.449371341808423,Accept,"Z1, Z2, Z4",1.7706801289268,0.0206277080774601,-0.263007213465997,0.287561604640838,Accept,1.5843840427132,Reject,Accept,Accept,Accept,0.905159255602434
1.76594450114778,1.12420321214599,-0.358460303191081,-0.637942021329652,0.0189564146831401,Accept,"Z1, Z2, Z4",1.21040406124549,-0.358460303191081,-0.630892636015612,-0.0747318830500855,Reject,1.15559684604412,Reject,Accept,Accept,Accept,0.971329982004601
1.74743603272987,1.15787847745273,-0.120255694720891,-0.563292454564817,0.107966696628645,Accept,"Z1, Z2, Z4",1.58656966219146,-0.120255694720891,-0.407632239881011,0.185440658376268,Accept,1.32518754762585,Accept,Accept,Accept,Accept,1.00133939450307
0.877395113609617,0.757602067093702,0.151812766455376,-0.0499848596950587,0.441492418687966,Accept,"Z1, Z2, Z4",1.28615786500547,0.151812766455376,-0.0872118994150165,0.395123475784384,Accept,1.25585898113821,Accept,Reject,Reject,Accept,0.709339389795039
1.12067264846738,0.927380613711698,0.265816608502083,-0.501323168273375,0.809387398395825,Accept,Z2,2.03194096537576,0.265816608502083,-0.129367848579825,0.664098652218239,Accept,1.35044619540844,Accept,Accept,Accept,Reject,1.2900075410858
0.433245546361782,0.641163144967351,0.370043098113992,0.234944600104514,0.991274684456466,Reject,"Z2, Z4",1.76869468314031,0.370043098113992,0.104529959352088,0.612002046962338,Reject,1.47888340372301,Reject,Reject,Reject,Accept,0.360071201485867
1.19541456535949,1.03687803562617,-0.0142128638156286,-0.838219777339348,0.691395259139817,Accept,Z2,1.76498137576177,-0.0142128638156286,-0.415492607137774,0.378522514471269,Accept,1.57461507976547,Accept,Accept,Accept,Accept,0.411227981567239
1.30306502838142,1.10781801058615,-0.151521138755867,-0.62932492276227,0.373436985030753,Accept,"Z2, Z4",2.1850150151605,-0.151521138755867,-0.514629693355025,0.195097720623292,Accept,1.83643693258927,Accept,Accept,Accept,Reject,1.65867723084406
0.86998792585564,0.770689058158428,0.186488616000111,-0.177218111334269,0.567735471927771,Accept,"Z2, Z4",2.01688933412978,0.186488616000111,-0.141056933698826,0.498149506480039,Accept,1.90149647482739,Accept,Accept,Accept,Accept,0.618516541620777
0.675227037974208,0.777454304673065,0.227592978321982,-0.148270065508494,0.78389184370369,Accept,"Z2, Z4",1.72805265939874,0.227592978321982,-0.0925736414660581,0.562069913187458,Accept,1.34669418545421,Reject,Accept,Accept,Accept,0.785849977616566
0.772301950886606,0.777029749616018,0.0739226868305827,-0.0567729582295069,0.481321639242854,Accept,"Z2, Z4",1.24448815377236,0.0739226868305827,-0.155615661646707,0.330693363195995,Accept,1.31490274715114,Reject,Reject,Accept,Accept,1.06667384466702
1.73618935163574,1.19832586061085,-0.0835622406527156,-0.896554891358169,0.189563396092757,Accept,Z2,1.24877642285817,-0.0835622406527156,-0.466025268826107,0.26260827033308,Accept,1.47338931765185,Accept,Reject,Accept,Accept,0.732143151022632
0.85710093803783,0.860671657713208,0.0273527693392817,-0.152918129570105,0.341914224329275,Accept,"Z1, Z2, Z4",1.16339788469958,0.0273527693392817,-0.209016552553367,0.271065133140363,Accept,1.28344295775114,Accept,Accept,Accept,Accept,0.92947064507537
1.03749514089002,0.930498679869745,-0.1199069982539,-0.267404151825976,0.164460236303052,Accept,"Z1, Z2, Z4",2.00383711546508,-0.1199069982539,-0.330551688773589,0.0863908205795815,Accept,1.91389947058198,Reject,Accept,Accept,Accept,0.487851440466877
1.31439379292969,1.03303496316506,0.00865504557444892,-0.347454528364161,0.176672470866502,Accept,"Z1, Z2, Z4",1.77347876590177,0.00865504557444892,-0.2447623438859,0.232071862584342,Accept,1.57580670283466,Accept,Accept,Accept,Accept,0.939198912871213
0.869366022615113,0.75660007540986,0.356837411981077,0.0649473579314112,0.617113142022069,Reject,"Z1, Z2, Z4",1.46729933487446,0.356837411981077,0.0689680110940493,0.626499508446805,Reject,1.46273701784834,Reject,Accept,Accept,Reject,1.16974863891515
1.28935976956216,0.987118533159358,-0.198578691276997,-0.521003234775741,0.223970815426998,Accept,"Z2, Z4",1.38897195890096,-0.198578691276997,-0.471109619835999,0.0841661102084293,Accept,1.14318211691928,Reject,Accept,Accept,Accept,1.04073709149426
1.15506068610945,1.02819367003299,-0.126688387567111,-0.358045167934277,0.354723976543775,Accept,"Z2, Z4",1.65992304435921,-0.126688387567111,-0.392449475307273,0.139667389078962,Accept,1.22412863840735,Accept,Accept,Accept,Accept,0.59375693477353
N/A,N/A,N/A,N/A,N/A,N/A,N/A,N/A,N/A,N/A,N/A,N/A,N/A,N/A,N/A,N/A,N/A,N/A
0.809293699010814,0.814385629823082,0.051439388202055,-0.110069308435257,0.525329961865831,Accept,"Z1, Z2, Z4",1.32601698348941,0.051439388202055,-0.272907060389113,0.339267347914979,Accept,1.52633737516348,Reject,Reject,Accept,Accept,1.36569674203735
1.01420367950576,0.879366414047651,0.125958674465625,-0.266941174236406,0.36982771433702,Accept,"Z1, Z2, Z4",1.73619656910473,0.125958674465625,-0.186182791862388,0.417867416592878,Accept,1.38355407438885,Reject,Reject,Reject,Reject,1.22926209071828
1.0450566749213,0.864651605195753,0.212080963684781,-0.0892458545372381,0.540659319191676,Accept,"Z2, Z4",1.50999712845396,0.212080963684781,-0.0507374310057833,0.473049831841031,Accept,1.37853542751453,Accept,Reject,Accept,Accept,0.381242253251313
1.08386858472908,0.914894331139661,0.122144914662521,-0.219051329464798,0.388670113188688,Accept,"Z1, Z2, Z4",1.30394248497918,0.122144914662521,-0.169516994467967,0.43050201691528,Accept,1.33337224721026,Reject,Reject,Accept,Accept,0.639572746378962
1.07731653834267,1.03264869350195,0.0740126937135906,-0.426455093441697,0.486428298608182,Accept,"Z2, Z4",1.30548760495649,0.0740126937135906,-0.311041231855698,0.429555419377564,Accept,1.23124694265915,Accept,Accept,Accept,Accept,0.0442691836303594
1.54756623551952,0.983947690620684,-0.0552024054301418,-0.575069161823669,0.297587285677145,Accept,Z2,1.56133473825814,-0.0552024054301418,-0.318763798884591,0.19035276908861,Accept,1.27879548975626,Accept,Reject,Accept,Accept,0.771825638760531
0.465215501002599,0.706927314733359,0.3342099880199,0.114416197844403,0.657610389849128,Reject,"Z1, Z3, Z4, X7",1.23434024104688,0.3342099880199,0.0636129646818997,0.610465465038127,Reject,1.0738695653339,Reject,Reject,Accept,Accept,0.996767895397925
N/A,N/A,N/A,N/A,N/A,N/A,N/A,N/A,N/A,N/A,N/A,N/A,N/A,N/A,N/A,N/A,N/A,N/A
1.41131826620829,0.77765025276191,0.143699917142097,-0.400222879176224,0.466300259485547,Accept,Z2,1.97190944152085,0.143699917142097,-0.125969276160047,0.39974497979503,Accept,1.64554456187178,Accept,Accept,Accept,Accept,0.055538907428844
1.18289763481891,0.865144976884315,0.0253294757433196,-0.385239230037083,0.388913856485108,Accept,"Z2, Z4",1.70412766924693,0.0253294757433196,-0.267322197453096,0.320676203783985,Accept,1.49271462962453,Accept,Accept,Accept,Accept,0.801030794126868
0.883777433894362,0.962812939074079,0.102132118143821,-0.647152666095257,0.516821834138756,Accept,"Z4, X5",1.74430901694785,0.102132118143821,-0.247684794853509,0.469255836567323,Accept,1.22612701239496,Reject,Accept,Accept,Accept,0.282155045961543
0.694099575443272,0.729415153415101,0.104364441353224,0.00346057560975165,0.476278859856509,Reject,"Z1, Z2, Z4",1.29131225375888,0.104364441353224,-0.131193787120766,0.329347621934104,Accept,1.20901923006679,Reject,Reject,Accept,Accept,1.06130105090052
1.2649531452398,0.897507946142051,-0.00573601294940246,-0.346825464695386,0.295184969100948,Accept,"Z1, Z2, Z4",1.86661842954151,-0.00573601294940246,-0.295312053350538,0.260433058278663,Accept,1.65767800535394,Reject,Reject,Accept,Accept,1.01267095421841
0.861540934139212,1.0017886475187,0.185774266292064,-0.29390167965203,0.584585858692012,Accept,Z2,1.61248395365655,0.185774266292064,-0.14619977673107,0.489086207860017,Accept,1.24436195833718,Accept,Accept,Accept,Accept,0.561063444304694
0.936465640791723,0.815954186032297,0.099463093572303,-0.0662105618117399,0.445728113257821,Accept,"Z1, Z2, Z4",1.58731542966392,0.099463093572303,-0.153271058675874,0.339536415567953,Accept,1.44180214984,Reject,Reject,Accept,Accept,0.725505926889237
1.11465116242564,0.938156362324802,0.121585091042934,-0.172910483626078,0.363092709736797,Accept,"Z1, Z2, Z4",2.25277984237886,0.121585091042934,-0.156046556567547,0.417898903041197,Accept,1.6579776456565,Accept,Accept,Accept,Accept,1.2099281324494
-0.242156668911836,0.591229697891657,0.306761339078437,0.10547235032115,1.30072635233373,Reject,Z2,1.56035671517179,0.306761339078437,-0.0877155730822246,0.661363682869317,Accept,1.44171704136502,Reject,Accept,Accept,Accept,0.514434612504661
0.860754447838914,1.06879095789316,-0.0115932018194811,-0.207469648857261,0.47911667391709,Accept,"Z1, Z2, Z4",1.84892233156167,-0.0115932018194811,-0.335288676560768,0.315889971442978,Accept,1.80891359546142,Accept,Accept,Accept,Accept,0.683022192452201
1.16786063662122,0.983842737052065,0.0894664079418823,-0.251057797922169,0.342796984329425,Accept,"Z1, Z2, Z4",1.56728164859804,0.0894664079418823,-0.257128756297088,0.427512992323705,Accept,1.50534124156507,Accept,Accept,Accept,Accept,0.520017097462494
0.712028660696638,0.952582509071752,0.237528035107901,-0.0258946542338791,0.749796119545759,Accept,"Z2, Z4",1.69737399284384,0.237528035107901,-0.0101577429066184,0.497794227745297,Accept,1.36646674552783,Reject,Reject,Accept,Accept,0.338356838147473
1.34765519613807,1.28037527661956,0.0724954128437356,-0.583565890558018,0.332124868185122,Accept,"Z2, Z4",1.60271493418494,0.0724954128437356,-0.337543115882372,0.477710988078987,Accept,1.69466591745463,Accept,Accept,Accept,Accept,0.533661033044306
0.880806322045046,0.815906701856575,-0.0383480808410984,-0.277074257891956,0.490250135102098,Accept,"Z1, Z2, Z4",1.44196358191831,-0.0383480808410984,-0.349168130266567,0.296266197526028,Accept,1.08023124336051,Reject,Reject,Accept,Accept,0.866737116183502
0.805501269558239,0.764948556866128,0.245257187432107,0.0114615337792716,0.455948729487079,Reject,"Z1, Z2, Z4",1.61524404881553,0.245257187432107,0.0262630965501726,0.484593335013672,Reject,1.4998081711909,Accept,Accept,Accept,Accept,0.915472072318682
N/A,N/A,N/A,N/A,N/A,N/A,N/A,N/A,N/A,N/A,N/A,N/A,N/A,N/A,N/A,N/A,N/A,N/A
0.919045527359175,0.922099544150411,0.19604508940817,-0.395198378508507,0.559721523061085,Accept,"Z2, Z4",2.19075940367621,0.19604508940817,-0.153330336509625,0.524247117399276,Accept,1.51949812638112,Accept,Accept,Accept,Accept,0.780865955475683
0.270580534512226,0.786851485696768,0.327952245889462,0.0763598231274344,0.716433173004365,Reject,"Z2, Z4, X4",1.51214985330298,0.327952245889462,0.110244317264222,0.562966892848416,Reject,1.38695625568937,Reject,Accept,Accept,Accept,1.21305532262031
0.64386087169818,0.704183214824433,0.272156214897816,0.0905848013018832,0.595254405063645,Reject,"Z2, Z4",1.39177692186542,0.272156214897816,0.0525432627931371,0.505715879196656,Reject,1.4992769928283,Reject,Reject,Accept,Accept,0.668378043484358
1.04708098443524,0.751584391563386,0.198374644439312,0.0336089563118041,0.4578775597049,Reject,"Z1, Z2, Z4",1.83307767803274,0.198374644439312,-0.0249929203477233,0.424826946197367,Accept,1.53784523438566,Reject,Accept,Accept,Reject,1.2834730888414
-0.304746574865388,0.776060911571173,0.348607269564444,-0.273722529426696,1.52605528020226,Accept,Z1,2.39241430675137,0.348607269564444,-0.0896470168294851,0.761194277523727,Accept,1.52614955185269,Accept,Reject,Accept,Accept,0.68846303890659
0.971480642400845,0.856390164930606,0.211907933634435,-0.557056495695656,0.725035104162211,Accept,Z2,2.00473055461515,0.211907933634435,-0.149790363002636,0.584531426637254,Accept,1.71230983156062,Accept,Reject,Accept,Accept,0.810748112356846
1.68146689300362,1.05723133866757,-0.147561944722067,-0.443106910855386,-0.0260688465285835,Reject,"Z1, Z2, Z4",1.54026779121366,-0.147561944722067,-0.348720098695472,0.0531332739060798,Accept,1.55313748095429,Reject,Accept,Accept,Reject,1.43327271142964
0.719609663172128,0.879421624989503,0.0780026112849017,-0.0460666885288803,0.413938721465875,Accept,"Z1, Z2, Z4",1.75251481068201,0.0780026112849017,-0.116283505293801,0.274809654347169,Accept,1.39518783185874,Reject,Accept,Accept,Accept,0.40860014254013
0.526552003687126,0.806081317474884,0.0877506042383254,0.015277783353793,0.588982599594805,Reject,"Z1, Z2, Z4",1.5368258082966,0.0877506042383254,-0.185183641638941,0.373798895393128,Accept,1.42798364303391,Reject,Reject,Accept,Accept,0.905058322248666
1.00595020036536,0.954577689438737,0.0205275168329601,-0.272777538271634,0.367965835112597,Accept,"Z2, Z4",2.10764901885211,0.0205275168329601,-0.210555955726105,0.273947828341821,Accept,1.65443712714522,Accept,Accept,Accept,Accept,0.970373388894465
0.699412116830444,0.84241953122989,0.314467664904215,0.140907565583403,0.641108029088758,Reject,"Z1, Z2, Z4",1.37152682504012,0.314467664904215,0.0370097932613063,0.570084328315315,Reject,1.3385062455188,Reject,Reject,Reject,Accept,0.428562521462219
1.27330220239115,1.05446678915186,0.00366093615573306,-0.424756182176499,0.222934088006221,Accept,"Z2, Z4",1.51919871905941,0.00366093615573306,-0.263567457250001,0.261582579232165,Accept,1.24947131195919,Accept,Accept,Accept,Accept,0.840774359102651
1.22188726501554,1.15127638260555,-0.0895935580371423,-0.72899465363706,0.42142036967368,Accept,X3,2.06093851172282,-0.0895935580371423,-0.41747283197724,0.242176379575562,Accept,1.43209449218773,Reject,Accept,Accept,Accept,0.687215209472128
0.510135050382324,0.91936109134419,0.252459765691493,-0.0325303481505493,0.459985437385129,Accept,"Z1, Z2, Z4",1.79082105914406,0.252459765691493,0.0172431911039408,0.479983051282966,Reject,1.56930035215414,Reject,Accept,Accept,Accept,0.672438588853722
0.764256195919549,0.943393205253541,0.344055515815694,-0.0831355359965246,0.546733099508356,Accept,"Z1, Z2, Z4",1.68034161311528,0.344055515815694,0.0340253745870647,0.665528303926972,Reject,1.34025534374632,Reject,Accept,Accept,Accept,0.792904432551581
N/A,N/A,N/A,N/A,N/A,N/A,N/A,N/A,N/A,N/A,N/A,N/A,N/A,N/A,N/A,N/A,N/A,N/A
0.906459874348968,0.912596306217956,0.118606889826071,-0.0509322720493888,0.412562098099658,Accept,"Z1, Z2, Z4",2.08379432364444,0.118606889826071,-0.154878248305331,0.37405853657592,Accept,1.9316961686622,Accept,Accept,Accept,Accept,1.06806544201378
1.04353071821386,0.935712391654042,-0.12058669761998,-0.252670517412433,0.335840820760102,Accept,"Z2, Z4",1.93419385638118,-0.12058669761998,-0.352278929217856,0.108687137849675,Accept,1.30780600006384,Accept,Accept,Accept,Accept,0.347003683621241
1.54726256160459,1.03574451398873,-0.147386479776089,-0.582687318024864,0.0924486297684606,Accept,"Z1, Z2, Z4",1.34934435547523,-0.147386479776089,-0.444921158944874,0.128138949642636,Accept,1.47474202910974,Reject,Reject,Accept,Accept,0.673003199582762
1.02491928542536,0.78064041753846,0.13131291461981,-0.224207928060067,0.46315655008058,Accept,"Z1, Z2, Z4",1.46971520693374,0.13131291461981,-0.180193008546237,0.456238572103815,Accept,1.46888314503627,Accept,Accept,Accept,Accept,1.01123178719425
1.02267903661707,0.921222347121211,0.248066288320625,-0.542013703392976,0.51449859384701,Accept,Z2,1.95405207772502,0.248066288320625,-0.0163471931942397,0.537710792739796,Accept,1.52048220113428,Accept,Reject,Reject,Accept,0.60223314722417
1.42992822156839,0.884036037498088,-0.00222442224813688,-0.312298511523617,0.29693383452915,Accept,"Z2, Z4",2.11990652101007,-0.00222442224813688,-0.254168292460588,0.261424859259878,Accept,1.69656967900424,Accept,Accept,Accept,Accept,0.989015047796928
0.615241512934275,0.855558369903437,0.0645707158312948,-0.16473184313495,0.6144353095773,Accept,"Z2, Z4",1.77737071140835,0.0645707158312948,-0.243302872186872,0.357140425950273,Accept,1.41771319716332,Reject,Reject,Reject,Accept,1.14110927497145
0.740079037628596,0.74340439443647,0.460007367188391,-0.340248308927856,0.941884884598947,Accept,Z2,2.76370819203061,0.460007367188391,0.14162030982222,0.773700614194078,Reject,2.10420943629317,Accept,Reject,Accept,Accept,0.340427633022113
1.20237144248346,1.23543910874616,-0.116265643606886,-0.533639091631853,0.0460663448641823,Accept,"Z1, Z2, Z4",2.08089258749804,-0.116265643606886,-0.400470872305316,0.178019651983479,Accept,1.8267514231994,Reject,Accept,Accept,Accept,1.10026307901694
0.905224553636377,0.815181144477588,0.22304340240319,-0.207939241781006,0.427830629897547,Accept,"Z1, Z2, Z4",1.82678487719486,0.22304340240319,-0.0995398641175168,0.542988568965476,Accept,1.56859972287732,Accept,Accept,Accept,Accept,0.885189306449154
0.950483338781094,0.981884374741262,0.124141197740413,-0.182390138569309,0.68684620266517,Accept,"Z2, Z4",1.62060588860764,0.124141197740413,-0.205239929297522,0.471581366063132,Accept,1.5070332804277,Accept,Reject,Accept,Reject,1.34933908858959
1.07559172722849,0.749155345001721,-0.0816761680547833,-0.318374953064814,0.483352102176787,Accept,"Z1, Z2",1.47199245341373,-0.0816761680547833,-0.381902077680021,0.242565411976612,Accept,1.37633610486461,Accept,Accept,Accept,Accept,1.01532205658636
0.653405473374477,0.830304975610154,-0.0187675113800429,-0.26479078184302,0.555489847182818,Accept,"Z4, X8",1.83420027151375,-0.0187675113800429,-0.269211157120391,0.241565960928433,Accept,1.14198632454522,Reject,Reject,Accept,Accept,0.629256630862426
1.64479732256834,0.993523882988861,0.00594452623447168,-0.444810756650337,0.359925905371954,Accept,"Z2, Z4",2.06859715046634,0.00594452623447168,-0.339712746416527,0.355832133567065,Accept,1.58471507464599,Reject,Reject,Accept,Accept,0.628984313432172
1.1534077834473,0.769261604441646,0.0110292754771644,-0.215550308905434,0.460529768057246,Accept,"Z1, Z2, Z4",1.74150363563596,0.0110292754771644,-0.320116172551936,0.333617247611305,Accept,1.53717431052876,Accept,Reject,Accept,Accept,0.70597959460256
1.05160325981278,0.744883213571952,0.0868678043052666,-0.0849156062232395,0.396541883918803,Accept,"Z1, Z2, Z4",1.37513616448415,0.0868678043052666,-0.155075549241664,0.340288743107539,Accept,1.32708768430457,Accept,Accept,Accept,Accept,0.127379700189037
1.184149973406,0.864114266671621,0.0372177146042528,-0.257916995950085,0.345960788554983,Accept,"Z2, Z4",1.83697769786036,0.0372177146042528,-0.200592924123079,0.281126864290166,Accept,1.49680285490205,Accept,Accept,Accept,Accept,0.608027721441328
0.642025315922823,0.90370927110757,0.217190902315693,-0.185849882664229,0.681948619816299,Accept,"Z2, Z4",1.72208797180931,0.217190902315693,-0.0508971542860932,0.46213373783188,Accept,1.08142550633706,Accept,Accept,Accept,Accept,0.667270460037348
0.79952615001543,0.836636970476059,0.0880691379556778,-0.127406254549793,0.514873011563958,Accept,"Z2, Z4",1.41840198206042,0.0880691379556778,-0.193777602208866,0.369685156686256,Accept,1.22961105967159,Reject,Reject,Accept,Accept,0.590943784549177
0.889999744969611,0.918766760275445,0.0418988804012511,-0.431777519790056,0.676705469718067,Accept,Z2,2.45322121865255,0.0418988804012511,-0.265677395776791,0.320647850681422,Accept,1.4987109951948,Accept,Reject,Accept,Accept,0.988620763482115
2.07833757576782,1.09754371675585,-0.298321670117245,-0.830949371548641,0.0920306855259729,Accept,"Z2, Z4",1.57606929193018,-0.298321670117245,-0.662529976991836,0.0483641149413632,Accept,1.42815511410893,Accept,Accept,Accept,Accept,0.400687378054328
1.11639150311741,0.979183034465398,0.00583515629723984,-0.410026548384605,0.290969451538826,Accept,"Z2, Z4",1.07643077199237,0.00583515629723984,-0.218749286216202,0.223424069673837,Accept,1.31205002157215,Reject,Accept,Accept,Accept,0.561947039043952
0.693070854506567,1.01120257258343,0.228204326709323,-0.268062561070044,1.08468143940089,Accept,Z2,1.78966781549932,0.228204326709323,-0.0451139347042581,0.497441758686325,Accept,1.60148652379415,Accept,Reject,Accept,Accept,0.578539962495013
0.975741435779424,0.812313618482539,0.137946932695839,-0.133032621968474,0.499161390399732,Accept,"Z1, Z2, Z4",1.68755927624672,0.137946932695839,-0.167696853369818,0.432839176005689,Accept,1.45526380234836,Accept,Accept,Accept,Accept,0.663381414640888
1.04342337698892,0.827136116367536,0.164972982086195,-0.322704713950959,0.507768487200763,Accept,"Z2, Z4",2.17140139499616,0.164972982086195,-0.127164518609566,0.462699234600382,Accept,1.61978674069889,Accept,Reject,Accept,Accept,0.384871538875372
1.62844921592085,1.19500479841491,0.164979635496139,-0.810760371748515,0.456115491243323,Accept,Z2,1.75567563851079,0.164979635496139,-0.128374430031172,0.482443516156159,Accept,1.36369054801127,Accept,Reject,Reject,Accept,0.709797462274507
0.457920759103386,0.65024235288039,0.43211114790776,0.0420352428377074,0.913984136084145,Reject,"Z2, Z4",2.0748294887052,0.43211114790776,0.0740939395286252,0.775846655058218,Reject,1.58872094410367,Accept,Reject,Accept,Accept,1.19835094869101
0.332306407667778,0.831680541005289,-0.0458495271000181,-0.0874395910724058,0.724897447217218,Accept,"Z4, X2",1.73383209615945,-0.0458495271000181,-0.404880328294156,0.278452939104791,Accept,1.33108286586814,Reject,Accept,Accept,Accept,0.804447522062229
N/A,N/A,N/A,N/A,N/A,N/A,N/A,N/A,N/A,N/A,N/A,N/A,N/A,N/A,N/A,N/A,N/A,N/A
1.14993705271425,0.794536342276465,0.00176414272047596,-0.245862946738046,0.473051855814078,Accept,"Z2, Z4",2.28812320685477,0.00176414272047596,-0.243901744781055,0.269159027233921,Accept,1.79419374113915,Accept,Accept,Accept,Accept,0.6993652748617
0.520593882253978,1.03543843859779,-0.119411547240966,-0.374445255163372,1.16409996448797,Accept,Z2,1.9670761680133,-0.119411547240966,-0.418841777492393,0.205733157211873,Accept,1.60815584069013,Accept,Reject,Accept,Accept,0.7273094510211
1.31759214632462,0.996553387238606,-0.0831729329751544,-0.426635901689646,0.272438573882098,Accept,"Z2, Z4",2.06153644656752,-0.0831729329751544,-0.357850614853473,0.204864320659047,Accept,1.66066174234082,Accept,Accept,Accept,Accept,0.436233128414991
0.130036092727083,0.904978116368299,0.349806107579276,0.160426583871982,1.46047011069867,Reject,Z2,2.40451842535398,0.349806107579276,-0.0664233645711654,0.755807383250965,Accept,1.63078601010624,Reject,Accept,Accept,Accept,1.15500925324553
0.496358134826205,0.800202388821858,0.238076696364271,-0.116299975520424,0.749558381312024,Accept,"Z2, Z4",1.60141501854173,0.238076696364271,-0.114951286786209,0.566272521953429,Accept,1.19064380354613,Accept,Accept,Accept,Accept,0.463809480962777
1.31406063038644,1.1620729782607,-0.22101483847884,-0.542050067172693,0.293043905717686,Accept,"Z2, Z4",1.41321629677784,-0.22101483847884,-0.503422303532247,0.0582639108170324,Accept,1.32254444381879,Accept,Accept,Accept,Accept,0.583291235665956
0.419685763942319,0.879962251713714,0.188197837403425,0.101871122420505,0.692120095235944,Reject,"Z2, Z4",1.29605219517806,0.188197837403425,-0.0255633605720808,0.403853538331196,Accept,1.1978839483705,Reject,Reject,Accept,Accept,0.764494742449109
0.975366054135728,0.971207661033231,0.180695907884151,-0.170461800456729,0.338473388528885,Accept,"Z1, Z2, Z4",1.09956332030331,0.180695907884151,-0.0783335831531405,0.421699903313351,Accept,1.18640447175188,Accept,Accept,Accept,Accept,0.997040955846936
0.871024044373352,0.841250226310121,0.212478719201438,-0.0333302045490474,0.566584660435484,Accept,"Z2, Z4",1.99649777460179,0.212478719201438,-0.0380882380540563,0.461757806635848,Accept,1.53048184684622,Reject,Reject,Reject,Accept,1.0852165114767
1.45929297460974,1.01833633011644,-0.0994264063217091,-0.802314580675414,0.291105428576795,Accept,"Z1, Z2",1.71561219920763,-0.0994264063217091,-0.513746907775672,0.293613381781783,Accept,1.69555360000959,Accept,Accept,Accept,Accept,0.981661802739482
0.662405075916368,0.854896171107997,0.24402784211904,-0.11161107411889,0.484127548973517,Accept,"Z1, Z2, Z4",1.19900402152591,0.24402784211904,-0.02417936896905,0.53353992401651,Accept,1.34509038175657,Reject,Reject,Accept,Accept,0.575382887123465
N/A,N/A,N/A,N/A,N/A,N/A,N/A,N/A,N/A,N/A,N/A,N/A,N/A,N/A,N/A,N/A,N/A,N/A
1.25333251896417,0.957002205280643,0.11270893873124,-0.30104465530612,0.285862639713255,Accept,"Z1, Z2, Z4",2.27201954241232,0.11270893873124,-0.129591629915364,0.367133248079935,Accept,1.64145845364022,Accept,Accept,Accept,Accept,0.687693588833026
N/A,N/A,N/A,N/A,N/A,N/A,N/A,N/A,N/A,N/A,N/A,N/A,N/A,N/A,N/A,N/A,N/A,N/A
1.39297580565269,1.05382290239243,0.183644064756415,-0.652619162206656,0.360842061269021,Accept,Z2,1.56605907363585,0.183644064756415,-0.152609990998699,0.522130059001706,Accept,1.45354508304236,Accept,Reject,Accept,Accept,0.727316356679771
0.844344238224339,0.880469652683396,0.245995862789588,-0.107181490238376,0.416705466789574,Accept,"Z1, Z2, Z4",1.59184986411805,0.245995862789588,-0.00750975041334569,0.509840897735931,Accept,1.49962371625968,Reject,Reject,Reject,Accept,0.381393552723094
0.40861501067002,0.830703323265907,0.287317493877116,0.0973169609067275,0.593415049902993,Reject,"Z1, Z2, Z4",1.41675687178415,0.287317493877116,0.066474936776069,0.528843118281828,Reject,1.25985908102907,Reject,Reject,Reject,Accept,0.915987549167983
0.707108482880335,0.905758961119226,0.00885431967800256,-0.175364206403795,0.968428446271762,Accept,Z2,1.68792780203417,0.00885431967800256,-0.23602784044298,0.274366779317828,Accept,1.47349577052282,Accept,Accept,Accept,Accept,1.32144345155521
0.968928135684246,1.04393548620292,0.0668148260595137,-0.285134830761772,0.452606904393939,Accept,"Z1, Z2, Z4",1.53147947322949,0.0668148260595137,-0.260126569094197,0.379441237777581,Accept,1.39215442749622,Reject,Accept,Accept,Accept,0.967501883708113
0.728084802913819,0.82209354083214,0.0796853672474407,-0.129516214717983,0.695234853662299,Accept,"Z2, Z4",1.51449336109275,0.0796853672474407,-0.243599629380158,0.420244963551,Accept,1.25083163348287,Reject,Accept,Accept,Accept,0.550292659782014
N/A,N/A,N/A,N/A,N/A,N/A,N/A,N/A,N/A,N/A,N/A,N/A,N/A,N/A,N/A,N/A,N/A,N/A
1.4058732562773,0.914908016411271,-0.0310946176063705,-0.495356986301285,0.273306462598893,Accept,"Z2, Z4",1.87008277475637,-0.0310946176063705,-0.323238448745861,0.241457114562293,Accept,1.34647512011957,Reject,Accept,Accept,Accept,0.278760709932725
1.29279815059964,0.849259886300541,0.234178920221144,-0.333568316732519,0.354746767333178,Accept,"Z1, Z2, Z4",1.77271416322578,0.234178920221144,-0.0736660974315077,0.582154369990793,Accept,1.44440352063302,Accept,Accept,Accept,Accept,0.366343032440052
1.10653277440453,0.88297460797178,0.0105798781605165,-0.194138116244156,0.279284053810186,Accept,"Z1, Z2, Z4",1.96574320999982,0.0105798781605165,-0.251419342838157,0.284442709505457,Accept,1.27828946944521,Reject,Reject,Accept,Reject,1.26684004718617
N/A,N/A,N/A,N/A,N/A,N/A,N/A,N/A,N/A,N/A,N/A,N/A,N/A,N/A,N/A,N/A,N/A,N/A
0.870269629758196,0.954490753032581,0.127761856756387,-0.210978470808737,0.457473157456431,Accept,"Z1, Z2, Z4",1.74165080620073,0.127761856756387,-0.185874375143564,0.438957688798545,Accept,1.42488607793915,Reject,Reject,Reject,Accept,0.326008925976068
0.715176717555934,0.95287579883788,0.0481708287594992,-0.41509934008337,0.361430777780904,Accept,"Z2, Z4",1.35112491612201,0.0481708287594992,-0.228603440398854,0.332076503913987,Accept,1.36088017786446,Accept,Accept,Accept,Accept,1.00601726764152
1.15902389343327,0.933618045387899,-0.0142502965800193,-0.701029224675892,0.790280845786664,Accept,Z2,1.78969367122042,-0.0142502965800193,-0.365076997952136,0.305059739864666,Accept,1.58347495441545,Accept,Accept,Accept,Accept,0.626255701533149
1.37109849868648,0.936033840196983,0.0291071285941648,-0.612526042990461,0.574272687958614,Accept,"Z2, Z4",2.15628782210619,0.0291071285941648,-0.365534878827841,0.425012921532541,Accept,1.71478854065531,Accept,Accept,Accept,Accept,0.603385505946896
1.80398362893634,0.75304132831846,0.00779705661030877,-0.330121406541757,0.177450871154298,Accept,"Z1, Z2, Z4",1.90779973365429,0.00779705661030877,-0.267776994260936,0.264686768931087,Accept,1.82598029795086,Accept,Accept,Accept,Accept,0.709812740723515
0.481080648268476,0.887772817926861,0.20793163768122,-0.241058914149993,0.537284532723919,Accept,"Z2, Z4",1.41798671113675,0.20793163768122,-0.0391667975233327,0.45123653845832,Accept,1.42532936784648,Accept,Accept,Accept,Accept,1.35632236128781
1.01642839696889,0.829275253329994,0.202990956993185,-0.283703908536623,0.427336496806719,Accept,"Z2, Z4",1.34030884360909,0.202990956993185,-0.0594064279877461,0.49607974097983,Accept,1.321964473357,Accept,Accept,Accept,Accept,0.266077136557857
1.18174299583878,0.900386151607568,-0.0161460477526992,-0.22054725510406,0.40969623754683,Accept,"Z2, Z4",1.8394337504311,-0.0161460477526992,-0.295516013914526,0.275873766811726,Accept,1.46383736211995,Reject,Accept,Accept,Accept,1.26033588795371
1.43204198304715,0.789685642418025,0.0397733173426593,-0.308483779454442,0.438544767476672,Accept,"Z2, Z4",2.48069967522488,0.0397733173426593,-0.2643198471614,0.337476289339147,Accept,1.88485398565166,Accept,Accept,Accept,Accept,1.2079697607735
1.39361871720712,1.1011159939529,-0.176437453074235,-0.813731062766742,0.240107666176143,Accept,X7,1.96376038858969,-0.176437453074235,-0.426887767874712,0.0697160514389049,Accept,1.36322862916741,Reject,Reject,Accept,Accept,0.351618595659325
1.12739987282204,0.97724480447437,0.0265844576700971,-0.187207359872121,0.383419624429462,Accept,"Z1, Z2, Z4",2.02354990371861,0.0265844576700971,-0.247842323446137,0.31962893813561,Accept,1.64450504583733,Accept,Accept,Accept,Accept,1.2198260388315
1.11629687872156,0.980988768554869,0.150813525443735,-0.284583330626749,0.47468516104309,Accept,"Z2, Z4",1.94989200412981,0.150813525443735,-0.102938147179575,0.401364659106287,Accept,1.53493459313181,Accept,Accept,Accept,Accept,1.0751251899665
0.778196088872036,0.844640079178702,0.211139555295633,-0.0431783771437237,0.590154966342306,Accept,"Z1, Z2, Z4",1.69953843055176,0.211139555295633,-0.0969707393717336,0.507086555124944,Accept,1.6962079181704,Reject,Accept,Accept,Accept,1.08693554753346
0.747696051045623,0.871475956668149,-0.0182876406551231,-0.150015711626395,0.442608939567567,Accept,"Z1, Z2, Z4",1.40381657040963,-0.0182876406551231,-0.298036207068866,0.259016551763678,Accept,1.34123544340023,Accept,Accept,Accept,Accept,0.880436661093824
1.02245499423233,0.782230610579988,0.234865832937243,-0.114973770853833,0.581879162936889,Accept,"Z2, Z4",1.38734409940298,0.234865832937243,-0.0221352305898619,0.492665125849397,Accept,1.45139474922839,Reject,Reject,Accept,Accept,0.111535310342092
0.627646016448421,0.884228385354799,0.0810113078322024,-0.393070432804353,0.394165137168353,Accept,"Z3, Z4, X9",1.35829995244819,0.0810113078322024,-0.234985453674292,0.395348353844952,Accept,1.22064112986496,Reject,Reject,Accept,Accept,0.355195662634073
1.55209785442094,0.961191383137121,-0.0716694924143478,-0.50097394321476,0.252819108272494,Accept,"Z2, Z4",1.78945887409951,-0.0716694924143478,-0.406207839335436,0.241243587833756,Accept,1.31806661973221,Accept,Accept,Accept,Accept,0.601746647006596
0.658139594284252,0.810563981576439,0.0857078555140373,0.037402181069227,0.498675599271429,Reject,"Z1, Z2, Z4",1.93072882389762,0.0857078555140373,-0.122204310528147,0.296767711948637,Accept,1.38305069934756,Reject,Reject,Accept,Reject,1.46850643364789
0.83282024164443,0.838543189108528,0.318784142689359,-0.182124299400444,0.479332938148684,Accept,"Z2, Z4",1.44186491837566,0.318784142689359,0.0650362155406002,0.574295082496975,Reject,1.57230232803321,Accept,Accept,Accept,Accept,0.228123681685056
0.786662915635673,1.0207655141377,-0.100851303145913,-0.365171429590083,0.492386922406921,Accept,"Z2, Z4",1.42951578594216,-0.100851303145913,-0.481753484877795,0.259819719632767,Accept,1.31793351170878,Accept,Accept,Accept,Reject,1.39243679486488
1.46244722970428,1.19894836272467,-0.217242743076267,-0.781075103064245,0.382196460512676,Accept,Z2,1.88429228326124,-0.217242743076267,-0.488002571375919,0.0520876420895667,Accept,1.36115356471353,Accept,Accept,Accept,Accept,0.448435552809098
1.25909037081773,0.866570722288082,0.024144131787962,-0.194967751734461,0.322843788114694,Accept,"Z1, Z2, Z4",1.47851402151294,0.024144131787962,-0.270514257480098,0.296530971220657,Accept,1.66884249331768,Accept,Accept,Accept,Accept,0.780757310210511
1.02219915194153,0.846650432015639,0.0580924140520138,-0.125995359226682,0.433055283037379,Accept,"Z1, Z2, Z4",1.36821677316824,0.0580924140520138,-0.142457057403528,0.267094940756774,Accept,1.24927472260931,Accept,Accept,Accept,Accept,0.835601909974136
0.912640331482933,0.851416557627417,0.163752541462782,-0.0725171257175263,0.47348309926884,Accept,"Z1, Z2, Z4",1.23270543249432,0.163752541462782,-0.103880364433503,0.443858463534282,Accept,1.47281245411356,Reject,Reject,Reject,Accept,0.720200317336268
1.06936944861108,0.796286780934669,0.239593406559137,-0.290890148345417,0.491399889665289,Accept,"Z2, Z4",1.86759228424015,0.239593406559137,-0.0372002646626315,0.496970444683982,Accept,1.38865237099471,Accept,Accept,Accept,Accept,1.11126271788268
0.866355466100378,0.919572207869348,-0.022234501200174,-0.23935184695888,0.456761389657327,Accept,"Z1, Z2, Z4",1.47125815140474,-0.022234501200174,-0.292133992366662,0.261155881075038,Accept,1.1797854429542,Accept,Accept,Accept,Accept,1.17094435430968
1.02248534256393,0.855299912127635,0.0425974693334174,-0.155891922128788,0.32648395995774,Accept,"Z1, Z2, Z4",1.73840311815467,0.0425974693334174,-0.179133284344908,0.252897098402114,Accept,1.53042407917008,Accept,Accept,Accept,Accept,0.39224540352919
0.601194798518645,0.785632520955714,0.089788725806172,-0.149393681458213,0.864889843967494,Accept,Z2,1.95597260200331,0.089788725806172,-0.169665664900933,0.359461964938109,Accept,1.07061033482108,Accept,Reject,Reject,Accept,0.381707800285474
N/A,N/A,N/A,N/A,N/A,N/A,N/A,N/A,N/A,N/A,N/A,N/A,N/A,N/A,N/A,N/A,N/A,N/A
0.109056903391636,0.745174190321012,0.0216034160282096,-0.00151536115325857,1.01310887525766,Accept,"Z2, Z4",2.46453749651015,0.0216034160282096,-0.378838434224193,0.42502233104511,Accept,1.641318173322,Reject,Reject,Accept,Accept,0.941672705672488
1.49769376308349,1.04071998035179,0.139848708189526,-0.60129965279238,0.294324532409706,Accept,"Z4, X2",2.13625792032378,0.139848708189526,-0.173262275368091,0.452505175942919,Accept,1.82712957598043,Reject,Accept,Accept,Accept,0.452348212292877
0.925331926885909,0.748338439041832,0.18281888227736,-0.0278252149118364,0.549725213116824,Accept,"Z1, Z2, Z4",1.75537356146923,0.18281888227736,-0.0762095342009185,0.439450120916027,Accept,1.64552278123384,Reject,Reject,Reject,Accept,0.846568163752295
0.996412568339374,0.837129337672556,0.00359344458246926,-0.275804628537366,0.498270650768477,Accept,"Z2, Z4",1.18549705677857,0.00359344458246926,-0.298555598458136,0.298953469273964,Accept,1.4054180867452,Accept,Accept,Accept,Accept,0.410242776929217
0.520551204860326,0.892035538418667,0.129242937231362,-0.250143891472232,0.605048548829694,Accept,"Z2, Z4",1.49788806682132,0.129242937231362,-0.172783041132417,0.450206029865208,Accept,1.34128646669154,Accept,Accept,Accept,Accept,0.940488819111739
0.98832654160181,0.837202199437201,0.0504447311196086,-0.0685271345011624,0.50935535124843,Accept,"Z2, Z4",1.53993110930956,0.0504447311196086,-0.193357423851076,0.306362471504181,Accept,1.31215167496173,Reject,Reject,Reject,Accept,1.13541092499571
1.19799109546077,1.04778561144932,-0.137515699738558,-0.307210253554321,0.328353564437312,Accept,"Z1, Z2, Z4",1.59415461118493,-0.137515699738558,-0.454677871097647,0.174135303606313,Accept,1.77820361413524,Accept,Accept,Accept,Accept,0.360369382170958
0.646367235662256,0.812405890486172,0.0985945231499388,-0.0332989443452702,0.598892259213738,Accept,"Z2, Z4",1.70104045058375,0.0985945231499388,-0.169073232070626,0.377097917818498,Accept,1.42532437738493,Accept,Accept,Accept,Accept,1.22597088742576
0.960912167535666,1.05371863139782,-0.0478467448064009,-0.28218166496172,0.503384065713689,Accept,"Z2, Z4",1.40807373226855,-0.0478467448064009,-0.386519960951183,0.286603137576572,Accept,1.20917634833219,Accept,Accept,Accept,Accept,1.0057629507449
0.287612090675931,0.874360122549967,0.214528253399354,-0.36528075019659,0.810995936107619,Accept,"Z3, X2",1.33511961805796,0.214528253399354,-0.0952866740485797,0.533605414476758,Accept,1.08912721443694,Reject,Reject,Accept,Accept,0.817634943124115
1.13871486539772,0.917328894746226,0.109829545829178,-0.24325687331557,0.575726317624804,Accept,"Z2, Z4",2.3238409504432,0.109829545829178,-0.21184137440725,0.409518927717003,Accept,1.71011986707342,Accept,Accept,Accept,Reject,1.34897533209942
0.582022511167583,0.780534107179212,0.137291482903666,-0.20892593821706,0.712704585928776,Accept,"Z4, X9",1.9836726152964,0.137291482903666,-0.152479124045722,0.443319329915947,Accept,1.33751246745949,Reject,Reject,Accept,Accept,0.687229337624331
0.46990587130015,0.721221036156054,0.164689463701172,-0.114309974735833,0.789914339787988,Accept,Z2,2.12333480929278,0.164689463701172,-0.134832450827039,0.473200072539287,Accept,1.45376821473574,Accept,Accept,Accept,Accept,0.851993826445155
0.82718813962546,0.718020616530784,0.298303296751032,-0.151328270397149,0.774976460093821,Accept,Z2,2.15785956873375,0.298303296751032,0.00957595290617468,0.606130882369869,Reject,1.58472757517384,Accept,Reject,Reject,Accept,1.16113237189611
0.976165588524768,0.699196015332132,0.0788237802167399,-0.0799405021129507,0.473743051963888,Accept,"Z1, Z2, Z4",1.91753416701186,0.0788237802167399,-0.18644149674869,0.356552620717146,Accept,1.69865916702669,Reject,Reject,Accept,Accept,0.689464301414812
1.56989559952354,0.907112774305598,-0.153891638228423,-0.499926210020358,0.151344943403487,Accept,"Z1, Z2, Z4",1.33924448761904,-0.153891638228423,-0.453175681576009,0.122732788683614,Accept,1.181806858119,Accept,Accept,Accept,Accept,0.43376036417143
0.659360168381053,0.927004866070666,-0.132286914808699,-0.237902187090372,0.7026924966086,Accept,Z2,1.84008239072561,-0.132286914808699,-0.415688089685504,0.134407746688423,Accept,1.62462830189086,Accept,Accept,Accept,Accept,0.864324116766
0.760702885796415,0.867919931552571,0.209899503489902,-0.0676883491575916,0.608043999990933,Accept,"Z2, Z4",1.4580801980162,0.209899503489902,-0.03261039232846,0.470438198672281,Accept,1.51700319953729,Reject,Reject,Accept,Accept,0.528090071278075
1.7031670610151,1.09428884017166,-0.198948115868174,-0.907766414979504,0.160978837415363,Accept,Z2,1.89481181987201,-0.198948115868174,-0.511503325015257,0.140113032786822,Accept,1.39299220534784,Accept,Accept,Accept,Accept,0.781300724035469
0.701766981147935,0.777110928700546,0.319110028744869,-0.0349194867114016,0.614419265419306,Accept,"Z1, Z2, Z4",1.98541933144624,0.319110028744869,0.0568865276259802,0.583169661733632,Reject,1.4076745074434,Reject,Accept,Accept,Accept,0.795267740467701
0.27626491966948,0.786663104055987,0.341239247590353,-0.0577956250545371,0.85322231325586,Accept,"Z2, Z4",1.37215351225248,0.341239247590353,0.0192217695614777,0.702146196343339,Reject,1.16307190302171,Reject,Reject,Reject,Accept,0.419710108911158
N/A,N/A,N/A,N/A,N/A,N/A,N/A,N/A,N/A,N/A,N/A,N/A,N/A,N/A,N/A,N/A,N/A,N/A
1.20212079398883,0.792346866243851,0.147983276164769,-0.229448114230466,0.668409614101372,Accept,"Z2, Z4",2.06935036032499,0.147983276164769,-0.179933812107508,0.474802421156435,Accept,2.00865378496981,Reject,Accept,Accept,Accept,0.484990280622246
1.53131096821613,1.0212516434467,0.217671173192477,-0.653787586029056,0.447358911802148,Accept,Z2,2.42426528573824,0.217671173192477,-0.0862864953736509,0.490715518319955,Accept,1.92357884760567,Accept,Accept,Accept,Accept,0.651024252905012
0.932994172213208,0.825271783572658,0.204065847849989,-0.231352382172694,0.448640476515836,Accept,"Z2, Z4",1.45942480703291,0.204065847849989,-0.0721949093975612,0.494294926953508,Accept,1.23726579940792,Accept,Accept,Accept,Accept,0.707385030455036
0.966317553499012,0.932832734151904,0.148172588173471,-0.164160797403235,0.446692666040024,Accept,"Z1, Z2, Z4",1.36167833797479,0.148172588173471,-0.132791484265605,0.435818604440922,Accept,1.20326243710711,Accept,Accept,Accept,Accept,0.553753184746081
2.06763256385845,1.08813327331135,-0.208683428972318,-1.00648105128756,0.226579000721231,Accept,Z2,2.20973443621451,-0.208683428972318,-0.514973504803223,0.10936903271096,Accept,1.4780621030165,Accept,Accept,Accept,Accept,0.716518566490714
1.18049185184275,0.97354455611824,0.0435684072159883,-0.38251279479606,0.321016414799078,Accept,"Z2, Z4",1.57798412033991,0.0435684072159883,-0.20379703858628,0.28344688537461,Accept,1.1873970824764,Accept,Accept,Accept,Accept,0.384678081637155
N/A,N/A,N/A,N/A,N/A,N/A,N/A,N/A,N/A,N/A,N/A,N/A,N/A,N/A,N/A,N/A,N/A,N/A
0.794963899922779,0.971022669819014,0.0447849175075362,-0.337559102247261,0.418898038885266,Accept,Z2,2.02978762318044,0.0447849175075362,-0.24224983743266,0.338631073332365,Accept,1.5932863717629,Accept,Accept,Accept,Accept,1.25835520232757
0.622309645632595,0.733394218445806,0.255680136676816,0.081382986397181,0.68251003334604,Reject,"Z1, Z2, Z4",1.50547774268216,0.255680136676816,-0.0469390731954642,0.555268535286219,Accept,1.45366468762157,Reject,Reject,Accept,Accept,0.936149878711408
0.821586724051468,0.954708369045954,0.0371786480671947,-0.117372431627963,0.337193531572296,Accept,"Z1, Z2, Z4",1.37876385992848,0.0371786480671947,-0.180076170725125,0.249115606959936,Accept,1.36901860922482,Accept,Accept,Accept,Accept,0.499890209566526
0.994457806789632,1.01929856633815,0.173321736660951,-0.123747201615749,0.565310920958335,Accept,"Z1, Z2, Z4",1.74790218172051,0.173321736660951,-0.0806042616718494,0.442614660054924,Accept,1.35272420419316,Reject,Accept,Accept,Accept,0.990685029852465
0.476822392578953,0.900662862326921,0.244108902086188,0.0127945176633798,0.838402608974399,Reject,"Z2, Z4",1.19565565107245,0.244108902086188,-0.0395618027787491,0.54285146082476,Accept,0.845750933062816,Reject,Reject,Accept,Accept,0.381209495504287
1.16020929725769,1.04271859170808,0.0246077884991444,-0.534314601011932,0.325774238658797,Accept,Z2,1.10116755525222,0.0246077884991444,-0.251338342896629,0.280850901315957,Accept,1.23178445185238,Accept,Accept,Accept,Accept,0.401586887025473
N/A,N/A,N/A,N/A,N/A,N/A,N/A,N/A,N/A,N/A,N/A,N/A,N/A,N/A,N/A,N/A,N/A,N/A
0.968801183245265,0.96827856736471,0.300776726884119,-0.569808459029035,0.6911727845309,Accept,Z2,1.51964908764143,0.300776726884119,-0.0105902359650455,0.599225541827962,Accept,1.19707735835056,Accept,Reject,Accept,Accept,0.566225424963567
0.927617289525771,0.950027438742114,0.100374312647777,-0.224698420976416,0.490423204622618,Accept,"Z2, Z4",1.32393030161571,0.100374312647777,-0.175198427296794,0.356783595426906,Accept,1.17340709391377,Accept,Accept,Accept,Accept,0.497666446497702
1.13330750301412,0.967143188594099,0.0424463706391634,-0.477805985593725,0.313186548954432,Accept,"Z2, Z4",2.13853740685864,0.0424463706391634,-0.237989892921973,0.32584410493612,Accept,1.50706092209652,Accept,Accept,Accept,Accept,0.543418057357445
1.12189920833082,0.879623141654167,0.0135428725946563,-0.320127544253094,0.401647574198118,Accept,"Z1, Z2, Z4",1.6230306242999,0.0135428725946563,-0.328540453321823,0.366128580695484,Accept,1.26623615169317,Accept,Accept,Accept,Accept,0.616944721524506
0.854020109223789,0.879747431258591,0.280328554237833,-0.121559247041257,0.7227346728634,Accept,"Z2, Z4",1.5660270246383,0.280328554237833,-0.0600258969702821,0.625292715452577,Accept,1.66918859711141,Reject,Reject,Accept,Accept,0.285552401793461
0.55175612237558,0.839349540473145,0.205853862154509,-0.0806149479452532,0.661802064689199,Accept,"Z2, Z4",2.25720001897704,0.205853862154509,-0.0701751889695938,0.517690104290669,Accept,1.69628494782069,Reject,Accept,Accept,Accept,0.79470322250164
0.976776254054602,0.939469940020191,0.0699855537819834,-0.262203700443779,0.346897261996037,Accept,"Z1, Z2, Z4",1.74065730489808,0.0699855537819834,-0.214032575241043,0.330189007091972,Accept,1.4595863197221,Accept,Accept,Accept,Accept,0.9633790301977
1.71292350472547,1.07136934595224,-0.166735782452957,-0.938903712659089,0.117740935859683,Accept,"Z1, Z2",1.76649640247798,-0.166735782452957,-0.535384618717577,0.185302693603458,Accept,1.61529788175088,Accept,Reject,Reject,Accept,0.733030469259599
1.05911943597477,0.932240191985708,-0.127163991900553,-0.267148774790048,0.312269910020683,Accept,"Z2, Z4",1.49153245343146,-0.127163991900553,-0.363141446115795,0.126408951008174,Accept,1.48299172893924,Accept,Accept,Accept,Accept,0.982641392864164
0.965937147005808,0.894345459088839,0.138882268167935,-0.174764104885714,0.407766354447851,Accept,"Z1, Z2, Z4",1.73076733594055,0.138882268167935,-0.17602434694919,0.458757390352225,Accept,1.5890395366604,Accept,Accept,Accept,Reject,1.24580154969198
0.907994293555835,0.799281717837768,0.105515902701516,-0.242713474014261,0.736176225106933,Accept,Z2,2.31527056531708,0.105515902701516,-0.132274236870296,0.33771434572432,Accept,1.74524722711765,Accept,Accept,Accept,Accept,0.531779191432364
1.49975308478254,1.16759585474001,-0.318874558909614,-0.904448303745456,0.366486387461635,Accept,Z2,1.44449770982491,-0.318874558909614,-0.592380594540632,-0.0355524518181825,Reject,1.1357456083035,Accept,Accept,Accept,Accept,1.09224807977691
0.966966846208169,0.879076050639946,0.150609914312398,-0.114709534903423,0.365958486773097,Accept,"Z1, Z2, Z4",1.9022509814953,0.150609914312398,-0.0871484770863356,0.365831696349894,Accept,1.52655089521968,Accept,Accept,Accept,Accept,0.406678877205045
0.522271485217825,0.942098008491948,0.194192173172327,-0.119579640408297,0.634527195940341,Accept,"Z2, Z4",1.15757675737455,0.194192173172327,-0.104359600708203,0.487411566310828,Accept,0.983003909830852,Accept,Reject,Accept,Accept,0.940453862402631
1.6615987605686,1.29978446705528,-0.0257772332314421,-0.92029523620106,0.399044166618561,Accept,Z2,1.98754462853735,-0.0257772332314421,-0.364800597458749,0.295922107447487,Accept,1.58714362651502,Accept,Accept,Accept,Accept,1.19065140383075
1.00975743540786,0.855190820845398,0.0725097412866998,-0.203732295476687,0.387397032129824,Accept,"Z1, Z2, Z4",1.60102719653999,0.0725097412866998,-0.239381032529131,0.359279615955045,Accept,1.1701389956934,Accept,Reject,Accept,Accept,0.712954687446983
0.936804698505774,0.959868058703588,-0.0208106297443638,-0.283061016226714,0.20956909551371,Accept,"Z1, Z2, Z4",1.2999681812384,-0.0208106297443638,-0.26660398754647,0.208549179083271,Accept,1.10678389972468,Accept,Accept,Accept,Accept,0.287581303917385
0.0913252356726231,0.711360935345542,0.307878042211276,-0.0609938875320272,1.33804848033312,Accept,Z2,2.01852203197175,0.307878042211276,-0.0590092702841989,0.690258556327721,Accept,1.84181610169131,Accept,Reject,Reject,Accept,0.47434998623306
0.828386610288375,0.745010940267601,0.293616796921601,-0.275939534578384,0.680862610087623,Accept,Z2,1.85326219139744,0.293616796921601,0.061632723701591,0.522931721909119,Reject,1.49406463282263,Accept,Accept,Accept,Accept,0.571241244875509
1.30876209818986,1.14014279188001,-0.0499559138441728,-0.344151772792858,0.632123256382814,Accept,"Z2, Z4",2.15131915494504,-0.0499559138441728,-0.382523150619554,0.305355194023841,Accept,1.44050075911466,Accept,Accept,Accept,Accept,0.872535701188376
0.414722513464409,0.660173348842878,0.200872467005639,0.162328322447674,0.64364393086255,Reject,"Z1, Z2, Z4",1.82714251135034,0.200872467005639,-0.0210737368093498,0.450203457948339,Accept,1.49386175232078,Reject,Reject,Accept,Reject,1.5764942184346
1.10690038756737,0.892090856654146,0.0782103445376253,-0.129400273948038,0.390128598605186,Accept,"Z2, Z4",1.47416086280052,0.0782103445376253,-0.17638897593868,0.331767288445967,Accept,1.465365390052,Accept,Accept,Accept,Accept,1.2203150157229
0.0244201918789918,0.669304800682226,0.0886148099181413,-0.153420439726321,0.894663291363892,Accept,"Z4, X9",2.06218621822783,0.0886148099181413,-0.210401932300265,0.431575730090429,Accept,1.26258033634499,Reject,Accept,Accept,Reject,1.3166419484978
0.703218081707685,0.986569519762349,0.161667618381005,-0.169124811237718,0.712654379987535,Accept,"Z2, Z4",1.5130599028995,0.161667618381005,-0.188269106670558,0.535591521573168,Accept,1.25358097209232,Accept,Accept,Accept,Accept,0.772322814706816
0.584709911847634,0.901475127859955,0.167381346266159,0.0358717367376757,0.693686424688873,Reject,"Z1, Z2, Z4",1.12234460771926,0.167381346266159,-0.11303388183474,0.429008133159425,Accept,1.06670992206485,Reject,Reject,Accept,Accept,0.969162846858461
1.33231156805749,0.984509532472599,-0.115854116655094,-0.360296814543588,0.140755106066631,Accept,"Z1, Z2, Z4",1.50680811782235,-0.115854116655094,-0.3616272924257,0.113686943271541,Accept,1.56682350497759,Accept,Accept,Accept,Accept,1.20778253863095
1.55410958170971,1.22931170731431,0.0641831710081415,-0.865043190345866,0.245878398741829,Accept,Z2,1.88372943521651,0.0641831710081415,-0.234471225289548,0.372121444143441,Accept,1.37287521924759,Accept,Accept,Accept,Accept,0.459496636760019
1.14121909701359,1.17803441733635,0.00448620690034064,-0.370333201110265,0.369343723242746,Accept,"Z1, Z2, Z4",1.92841931367814,0.00448620690034064,-0.301042843795819,0.286638014830636,Accept,1.54640956407422,Reject,Reject,Accept,Accept,1.16961063038784
0.426108532636908,0.839870625935667,0.317372083021697,0.0567006992198647,0.771910960057418,Reject,"Z2, Z4",1.67145867536263,0.317372083021697,0.0397127282319677,0.616066801886509,Reject,1.34457641553111,Accept,Accept,Accept,Reject,1.19898214780556
0.962141536346975,0.764379614120871,0.0470786264274843,-0.396397041446198,0.637890212106711,Accept,"Z4, X3",1.81449732149756,0.0470786264274843,-0.310189012595283,0.398851093269462,Accept,1.29754061003165,Reject,Reject,Accept,Accept,0.453392149873496
1.41308088424471,1.11368100626717,-0.113583595341268,-0.585045755907206,0.198572940700545,Accept,"Z2, Z4",1.64080176335097,-0.113583595341268,-0.435588358743021,0.199487435334077,Accept,1.34610228700572,Accept,Accept,Accept,Accept,0.764741194492119
-0.0416547400731951,0.773358421766243,0.415890472759685,-0.058595614389404,1.18969040153051,Accept,Z2,1.88131453064794,0.415890472759685,0.110189919314101,0.727330728825445,Reject,1.5366912081437,Accept,Accept,Accept,Accept,0.536718987498578
0.864837169247775,0.905170834615131,0.089905637475806,-0.164247219199856,0.434604738072402,Accept,"Z1, Z2, Z4",1.20128792604017,0.089905637475806,-0.20348032574778,0.372010242882868,Accept,1.1820889278301,Accept,Accept,Accept,Accept,1.02437082596809
0.857307863850867,0.939013075404839,0.0400477090921605,-0.237225769145169,0.440739510835744,Accept,"Z2, Z4",1.72496876606029,0.0400477090921605,-0.18018074125666,0.276484737085227,Accept,1.43533640621384,Accept,Accept,Accept,Accept,0.47560288578801
1.28814098518781,0.911711291227159,-0.163200328183958,-0.498610734869118,0.281367110916998,Accept,"Z2, Z4",1.58192857499201,-0.163200328183958,-0.538252103051057,0.202425708695028,Accept,1.42020469741978,Accept,Accept,Accept,Accept,0.592982041313908
N/A,N/A,N/A,N/A,N/A,N/A,N/A,N/A,N/A,N/A,N/A,N/A,N/A,N/A,N/A,N/A,N/A,N/A
0.953130800811236,0.997903852733803,0.0444135479638256,-0.242991250152083,0.51836643694331,Accept,"Z2, Z4",1.74871802394704,0.0444135479638256,-0.26307923265321,0.347015442785281,Accept,1.46604922049942,Accept,Accept,Accept,Accept,0.520007721868795
0.958631885517904,0.867364272552184,0.345471776881058,-0.19483348422285,0.333144483757264,Accept,"Z1, Z2, Z4",1.20547133903703,0.345471776881058,0.133119934832975,0.553024215355919,Reject,1.32063591368761,Reject,Reject,Accept,Accept,1.0357668722507
1.23968412168641,0.951478992303098,-0.0830276149893992,-0.473643829453518,0.190600746847353,Accept,"Z1, Z2, Z4",1.6071279766435,-0.0830276149893992,-0.379483013062068,0.212904602876939,Accept,1.44695407159364,Reject,Accept,Accept,Accept,0.558137362573424
1.4705643918024,1.12954279506484,0.0793262594812546,-0.731816410770804,0.231727804199844,Accept,"Z2, Z4",2.37227439115739,0.0793262594812546,-0.243521821088319,0.380452720349732,Accept,1.4562804862156,Accept,Accept,Accept,Accept,1.28462941835386
0.531406711192372,0.781750504211931,0.104280900769017,-0.170460521573109,0.649588784152029,Accept,"Z2, Z4",1.70036469641114,0.104280900769017,-0.256590666840453,0.468856027764726,Accept,1.62754714999558,Accept,Accept,Accept,Accept,0.721669782170265
1.11567985993061,0.838761831367859,0.148842587128688,-0.0765309523193115,0.421642435437754,Accept,"Z1, Z2, Z4",1.56116743387201,0.148842587128688,-0.119125021578217,0.409174021513527,Accept,1.18516276871554,Reject,Accept,Accept,Accept,0.703138183555325
1.47033346009786,0.61705125440607,0.108524021130203,-0.336704554150193,0.39870040536662,Accept,"Z2, Z4",2.20664272846874,0.108524021130203,-0.167020827704043,0.392259090541213,Accept,1.73054264537318,Accept,Reject,Accept,Accept,0.65335513848757
1.00613579439957,0.882202070840097,-0.0190014960255375,-0.215367354353831,0.308849376226886,Accept,"Z1, Z2, Z4",1.62684758083001,-0.0190014960255375,-0.234939314820138,0.203897835497372,Accept,1.25409381162382,Accept,Accept,Accept,Accept,0.97183450294072
1.2370193201817,0.92071074321955,0.21290781163197,-0.359837927038014,0.606603639858735,Accept,Z2,1.29732130284823,0.21290781163197,-0.0817750553163843,0.520755350404867,Accept,1.16063062119359,Accept,Reject,Accept,Accept,0.670763529850249
0.46763761095614,0.863746131611121,0.216587080504997,0.0063159589233781,0.716796052188458,Reject,"Z2, Z4",1.64969312808613,0.216587080504997,-0.0781602063986134,0.495261317717568,Accept,1.37844245440188,Reject,Reject,Accept,Accept,0.857126303887795
2.06120756986497,1.2018919995652,-0.0585701379809869,-0.908802412759562,0.0619769703849196,Accept,Z2,1.71338068394105,-0.0585701379809869,-0.35893293768042,0.24643613581494,Accept,1.24069239933683,Accept,Reject,Reject,Accept,0.941112130318144
0.743860260768616,0.75628894361691,0.185129259719509,-0.567717066753977,0.973897278157952,Accept,Z4,2.86564127043329,0.185129259719509,-0.212258240131474,0.573023234037397,Accept,1.73212657390944,Accept,Accept,Accept,Accept,0.696387880433957
0.269243805845731,0.826419026462528,0.332811365666283,0.0767061053135006,0.627552217414516,Reject,"Z1, Z2, Z4",1.33052292657773,0.332811365666283,0.064219249398944,0.601198747770266,Reject,1.54700339919391,Reject,Reject,Accept,Accept,1.02261740418612
N/A,N/A,N/A,N/A,N/A,N/A,N/A,N/A,N/A,N/A,N/A,N/A,N/A,N/A,N/A,N/A,N/A,N/A
0.883837279266407,0.842912645608696,0.250364515050439,-0.0755292057726108,0.537481059872132,Accept,"Z1, Z2, Z4",1.5238436591473,0.250364515050439,-0.0608323624510382,0.562166445776135,Accept,1.64009320945014,Reject,Reject,Accept,Accept,0.775143655892243
-0.372176912221918,0.451356194221254,0.538005914619284,0.481888687579855,1.34883027397631,Reject,"Z2, Z4",1.74766935644227,0.538005914619284,0.132598214798315,0.95354273306923,Reject,1.38515861603427,Reject,Accept,Accept,Accept,1.13770255785511
1.41776121989065,0.9511834005749,-0.126984185693624,-0.382359824287284,0.0819669040107086,Accept,"Z1, Z2, Z4",1.23979447116379,-0.126984185693624,-0.374260935830253,0.105244181349374,Accept,1.20128483184087,Reject,Accept,Accept,Accept,0.636383695102729
1.26759175585176,1.04892054609371,-0.0502358223099912,-0.452263724479308,0.255629293480832,Accept,"Z2, Z4",1.00988385535582,-0.0502358223099912,-0.339216744280575,0.19395749379036,Accept,1.21805134989515,Accept,Accept,Accept,Accept,1.19919267180121
0.888738879830645,0.953083357437896,0.214870162411938,-0.631832068508586,0.915039733108692,Accept,Z2,2.03250903690758,0.214870162411938,-0.229544805146806,0.64187931511883,Accept,1.61002702332195,Accept,Reject,Accept,Accept,1.19742715028391
0.741473734611981,0.891432222801739,0.0520008376238434,-0.075463279274312,0.386069693586488,Accept,"Z1, Z2, Z4",1.50706067263544,0.0520008376238434,-0.195536173789846,0.302673206948613,Accept,1.44168258333314,Accept,Accept,Accept,Accept,0.99046623698498
1.03786272774843,0.85546622254996,-0.0635278117493058,-0.310672922875206,0.400204922816578,Accept,"Z1, Z2, Z4",1.31320591979666,-0.0635278117493058,-0.374000672548869,0.237286213809343,Accept,1.1912259132285,Accept,Accept,Accept,Accept,0.169813552644471
1.21915971086512,0.808899956166413,-0.195558237407396,-0.350646795044173,0.385223041071776,Accept,"Z1, Z2, Z4",1.39071012596004,-0.195558237407396,-0.55773310135185,0.173455159143649,Accept,1.37297380970315,Reject,Reject,Accept,Accept,0.521699445469493
0.443684361826998,0.714963623448729,0.220768984712336,0.0914331271633473,0.658572388962876,Reject,"Z1, Z2, Z4",1.75372468163672,0.220768984712336,-0.0117800498050734,0.475463463785508,Accept,1.64052169081257,Reject,Accept,Accept,Accept,0.792021473611266
1.13267297037494,0.852278754175399,0.0549693671016999,-0.0909243989457486,0.312458916800908,Accept,"Z1, Z2, Z4",1.48202643235247,0.0549693671016999,-0.199119590543937,0.302379655935222,Accept,1.35813652836534,Accept,Accept,Accept,Accept,0.710035040192948
