Beta_Trt,Beta_Risk,Beta_intx,Lower.CI,Upper.CI,rejection.Risk,SSVS_results,Y,Y_hat,Bias,abs_Bias,MSE,waic,Beta_intx_Noise,Lower.CI_Noise,Upper.CI_Noise,rejection.Risk_Noise,Y_hat_noise,Bias_noise,abs_Bias_noise,MSE_noise,waic_noise,rejection.Opt_MultInt,rejection.interaction,rejection.interaction_adj,rejection.SDIR,SDIR
0.5967768713162646,0.8670304839547016,0.17429259288156887,0.10869410776058983,0.3274766385558697,Reject,"Z1, Z2, Z4",1.0045769699470557,0.8775631405492923,-0.12701382939776343,0.8633770255307807,1.1666221947039597,319.1492515918964,0.17429259288156887,0.07332240309311255,0.2791538363929016,Reject,0.8785457825048213,-0.12603118744223432,0.9149128381725429,1.3534110157462216,317.7886887729404,Reject,Reject,Reject,Accept,0.8627315035642724
0.5934968154650144,0.8821580459182361,0.17268000056450056,0.08242180549471383,0.33370408922495565,Reject,"Z1, Z2, Z4",1.2107900117879802,1.1430648730627404,-0.0677251387252396,0.9444981464925523,1.3392805751769765,315.110880187315,0.17268000056450056,0.04435111315779119,0.2961820863201524,Reject,1.1429191648396593,-0.06787084694832089,0.9294797964090551,1.338217857091567,326.67906853086987,Reject,Reject,Reject,Accept,0.11837961171743014
0.7324757790658545,0.8100783191187253,0.25602649148127915,0.21992194322059808,0.44784477499857295,Reject,"Z1, Z2, Z4",1.052143612660076,1.0757809854912976,0.02363737283122149,0.9446257306027949,1.3587657664304473,353.29419252056783,0.25602649148127915,0.1340856479794323,0.37417647168530266,Reject,1.0747260611973695,0.022582448537293447,0.9319088215639408,1.3423940829845624,362.94009349662394,Reject,Reject,Reject,Reject,1.2619007288103625
0.501137116093283,0.8059788429155811,0.28937986348589234,0.19449102622555253,0.4637077015734407,Reject,"Z1, Z2, Z4",1.2584673688808647,1.3019861505998669,0.043518781719002225,1.0629305105741358,1.771690426468438,337.7607011430925,0.28937986348589234,0.16106448508191,0.4283859359676054,Reject,1.3027783855235604,0.04431101664269563,1.0279158935718145,1.6033537133931446,350.3646490660795,Reject,Reject,Reject,Reject,1.2872439837649416
0.8594837797900939,0.9018825707250522,0.1670801759352002,-0.010360391338207639,0.2555908881063992,Accept,"Z1, Z2, Z4",1.0832435543449754,0.9701065172134654,-0.11313703713150992,1.012215336765604,1.7185662272467228,336.28011791110004,0.1670801759352002,0.031587308609748246,0.3010743505592143,Reject,0.9706466238345359,-0.1125969305104394,0.9612333136015152,1.540637703647661,347.6358724258463,Reject,Reject,Reject,Accept,0.859785367320795
0.7720333787860495,0.9750831558398593,0.12655745227150086,0.018566279979612486,0.2897079905835997,Reject,"Z1, Z2, Z4",1.0767031313339057,1.0204292123618453,-0.056273918972060424,1.0069725190566257,1.5031318476438462,328.6230337666663,0.12655745227150086,-5.332986144666874e-4,0.2537860912572502,Accept,1.0207939454783002,-0.0559091858556054,0.9530619766409888,1.3961955784737055,325.34364316913417,Reject,Reject,Accept,Reject,1.2255407706694659
0.7790374453730959,0.8441502313524774,0.3255603737361419,0.21046085139786447,0.4641156749508585,Reject,"Z1, Z2, Z4",1.1150842344899021,1.0626018513236248,-0.05248238316627708,0.8742471098471973,1.3103606895375612,370.2004577822304,0.3255603737361419,0.2000250816938428,0.44873269125584636,Reject,1.064092362463515,-0.050991872026387025,0.8914918223924925,1.3369397901717077,381.90377990623324,Reject,Reject,Reject,Reject,1.264200735174954
0.6507160565084746,0.7789562103899234,0.3768897817532539,0.2588011588512169,0.5074322060079384,Reject,"Z1, Z2, Z4",1.0035184824386227,1.1858722324199023,0.18235374998127932,0.9866820323556817,1.5569623762826004,367.74195885106053,0.3768897817532539,0.24715230531972243,0.49095928546109463,Reject,1.1865836333036996,0.18306515086507688,0.9954274645592985,1.625675981436256,386.62344845348554,Reject,Reject,Reject,Reject,1.5165024275676005
0.6538723139615782,0.8205357100727244,0.320721030947627,0.20298971347959172,0.4608914058183187,Reject,"Z1, Z2, Z4",0.9089169962151966,0.9575359471645182,0.04861895094932155,0.9832544011076311,1.4630686596295084,346.97943244247494,0.320721030947627,0.19485139043041913,0.4536777494743655,Reject,0.9583667838087556,0.04944978759355891,1.0506470133438621,1.6634452413187693,364.1477742102738,Reject,Reject,Reject,Reject,1.1850208005269878
0.7099077529012989,0.8755269285120062,0.2720965622972434,0.15402998793821124,0.3825429515860681,Reject,"Z1, Z2, Z4",1.3016462631172394,1.2160112458524364,-0.08563501726480299,1.065880385544523,1.7038829242772442,334.598521780705,0.2720965622972434,0.15088618029527678,0.3885347443061148,Reject,1.2149464997741175,-0.08669976334312172,1.000985405491703,1.4844585834426582,347.4854206911761,Reject,Reject,Reject,Reject,1.2600694053579002
0.7594721187322379,0.8809833731230218,0.1836981284723985,0.16887458733294833,0.4134250403106622,Reject,"Z1, Z2, Z4",1.0634268206003366,1.102515095993441,0.039088275393104534,1.0573081011598913,1.5665190644735327,379.4309517408363,0.1836981284723985,0.06762216553746347,0.29676154710582847,Reject,1.1016601702138342,0.03823334961349766,0.9920589794533098,1.4584945115322905,375.3550774749911,Reject,Reject,Reject,Reject,1.5673545077926647
0.8440651699577744,0.8615063422811643,0.17691406707123922,0.09809848924295055,0.3499594965688816,Reject,"Z1, Z2, Z4",1.2723396334729016,1.1012501863052244,-0.17108944716767727,0.9780004252166727,1.456236765356731,347.5499617486495,0.17691406707123922,0.054743806185412164,0.29808461356669164,Reject,1.1009508490655826,-0.17138878440731917,0.9524852068206191,1.379332961452264,345.5957143878073,Reject,Reject,Reject,Accept,0.8434734446218998
0.8054061158613169,0.913444634842318,0.2668008871587283,0.18303713752130507,0.4000716728681878,Reject,"Z1, Z2, Z4",0.8743362095004563,0.9143169260054648,0.039980716505008375,1.0105097005782688,1.570520102922685,341.3161177667502,0.2668008871587283,0.16383114536007853,0.3763345063985219,Reject,0.9125346298278594,0.03819842032740312,0.988517188889341,1.4933953060895018,360.7015214498353,Reject,Reject,Reject,Accept,0.9174047104584102
0.5718924775752741,0.8428321410087211,0.32201103804269204,0.24739183683814112,0.4985717435332917,Reject,"Z1, Z2, Z4",0.7857134698317157,0.9563725320003343,0.1706590621686187,0.9503963784708281,1.5344431296239422,338.48142013633986,0.32201103804269204,0.19701718780537328,0.4545390335780254,Reject,0.9568779742146655,0.17116450438294975,0.9863671146127835,1.633842489818434,352.6092363549246,Reject,Reject,Reject,Accept,0.6957040782010782
0.8172190587902988,0.9163493967467261,0.1600515582152569,0.02470716050653187,0.31929305882326814,Reject,"Z1, Z2, Z4",0.8857130292211437,1.1443404831840218,0.25862745396287795,0.9344484584720243,1.433060129352918,344.6826399024358,0.1600515582152569,0.012194059689792397,0.3130019781298381,Reject,1.1442237974753162,0.2585107682541726,0.9211707535590963,1.3480603309110968,357.95099337174895,Reject,Reject,Reject,Accept,0.4716899500485351
0.8351411392826443,0.9290745100402343,0.2070703338476663,0.11039408282000461,0.38949733574725753,Reject,"Z1, Z2, Z4",1.1757970333349776,1.1546345537999907,-0.021162479534986695,1.0582724678579807,1.7093535121195218,366.24549559281087,0.2070703338476663,0.0680108453500177,0.3462350178866994,Reject,1.1527636344896224,-0.023033398845355078,0.9914535182734704,1.5351267751560442,378.23725577563187,Reject,Reject,Reject,Accept,1.0438628168503294
0.5187843063575813,0.880439570278842,0.2420572103407884,0.14247943815062264,0.3935045004712778,Reject,"Z1, Z2, Z4",1.1315724055196985,1.211469887995178,0.07989748247547947,1.007239671022012,1.62033448702834,335.941014858913,0.2420572103407884,0.1213662048972151,0.368143015948559,Reject,1.2110773167449054,0.07950491122520681,1.0023587598903243,1.620123034761538,348.5453503137787,Reject,Reject,Reject,Accept,1.0131931282323123
0.6462739740978948,0.8607787396876179,0.2731257070486009,0.11649652408239111,0.3952888994112073,Reject,"Z1, Z2, Z4",1.2215627905253805,1.2298463567846682,0.008283566259287846,1.014476670671922,1.5666653948630715,364.90382818754546,0.2731257070486009,0.139586709814832,0.3995515511232414,Reject,1.2309133705365176,0.009350580011137012,1.0389941998864247,1.6018181749716143,381.3645505927607,Reject,Reject,Reject,Reject,1.5951608989166781
0.5937960145451104,0.8475967308109952,0.34661828819961416,0.20344950194244282,0.46755537256625984,Reject,"Z1, Z2, Z4",1.1798602302191277,1.1331500938421555,-0.046710136376972085,1.0382457957847568,1.6590866622167848,345.17224446575216,0.34661828819961416,0.21995531469063553,0.4696826500037606,Reject,1.1334204384725632,-0.04643979174656431,1.0133423285376841,1.5668747472482676,357.7842378631263,Reject,Reject,Reject,Accept,1.095201278652711
1.0097177468704726,1.0474093187700053,0.06692362786828654,-0.08755044223254858,0.2698510506920941,Accept,"Z1, Z2, Z4",1.0944872241140944,1.2165651736219296,0.12207794950783522,0.9211548881824564,1.3917987973249593,357.1345521256297,0.06692362786828654,-0.09680934793908878,0.233433451284968,Accept,1.2155995260189225,0.12111230190482798,0.9550898756588638,1.4634436195933282,365.99391538970855,Reject,Reject,Accept,Accept,0.9949595534514558
0.7256884654772949,0.8787439700136284,0.2739648845446697,0.1477009827282012,0.40532585615793104,Reject,"Z1, Z2, Z4",0.9604183812482104,1.0865250429407851,0.12610666169257465,0.9439795874241158,1.3992411521280748,338.3578175270926,0.2739648845446697,0.14863108270261902,0.4023052558256269,Reject,1.087336411606013,0.12691803035780255,0.9968991723272845,1.5451861405316245,353.6146926025961,Reject,Reject,Reject,Accept,0.8782850854596729
0.5940522416351939,0.8787897238676688,0.19800269432815965,0.0857837318905765,0.32109121961019615,Reject,"Z1, Z2, Z4",1.1441107660693857,1.1396953065181967,-0.004415459551188879,0.9462562836888749,1.401728730906042,307.2337672228924,0.19800269432815965,0.08232767735532354,0.3231583665894843,Reject,1.1392641198304172,-0.004846646238968357,0.9529082112740028,1.4101834702664446,327.66272745707755,Reject,Reject,Reject,Reject,1.4439046102325408
0.48063357490930775,0.8898938349985681,0.28513228324908674,0.16934097914529722,0.45198308344912724,Reject,"Z1, Z2, Z4",1.33463673060838,1.2736803894544975,-0.060956341153882425,1.014303683127288,1.517181962481507,325.6295494684496,0.28513228324908674,0.14203870169234892,0.4296407844508308,Reject,1.2739730247565324,-0.06066370585184758,0.9831205113593549,1.4081729932192677,338.46394659679163,Reject,Reject,Reject,Reject,1.2271940497252058
0.6223927025545575,0.8539835032963276,0.26550975298071466,0.18315770632045722,0.41649074050074686,Reject,"Z1, Z2, Z4",0.9844382481189533,1.0137638938047568,0.02932564568580359,0.99277947581692,1.4793257442513037,327.78644164849567,0.26550975298071466,0.15113254894686434,0.384787352343715,Reject,1.014671502955056,0.03023325483610263,1.0231016843115552,1.5684896053088992,334.48633345045806,Reject,Reject,Reject,Accept,0.4385675708849927
0.5632753093335705,0.8741485925443961,0.24221044681287404,0.12510689136077185,0.4214043686049645,Reject,"Z1, Z2, Z4",1.0734286369137378,1.1147136861277653,0.04128504921402749,0.9424959171330531,1.4361174877824507,335.34021360730515,0.24221044681287404,0.10021283459599888,0.39082613350674333,Reject,1.1155267585112079,0.04209812159747004,0.9674575517003143,1.5105018453506276,348.81779280839135,Reject,Reject,Reject,Accept,0.8978700647899511
0.5744701997458057,0.9330105630173531,0.2523059428567046,0.13839719797069258,0.44588974715600854,Reject,"Z1, Z2, Z4",1.076583074861263,1.1938158667635483,0.1172327919022854,0.983673622503872,1.415896456445135,332.6710388794097,0.2523059428567046,0.10489535798463201,0.4030301236297878,Reject,1.1929858350658127,0.11640276020454975,0.9747248485009067,1.3900687613976173,342.7473030060294,Reject,Reject,Reject,Reject,1.1705200318036568
0.632216971786577,0.9108940874507042,0.21742661866040705,0.09881682877224675,0.3852327976068308,Reject,"Z1, Z2, Z4",1.0748933938607077,1.0700882646917007,-0.0048051291690070115,0.9047154679403847,1.2615750297648607,328.05403981664574,0.21742661866040705,0.07517881240462403,0.3569818577510976,Reject,1.070445870743853,-0.004447523116854919,0.9383214982866025,1.3351160314336283,340.5226038461215,Reject,Reject,Reject,Accept,0.2424567159929631
0.7867989501651842,0.8797470155657079,0.15239248688522666,0.03653830502162112,0.2867675570636729,Reject,"Z1, Z2, Z4",1.242376032144588,1.2126165141224077,-0.029759518022180426,1.0187559931484076,1.531956197792207,331.4877932715171,0.15239248688522666,0.03152695760858709,0.27564820228100984,Reject,1.2128548564229735,-0.02952117572161436,1.025395359717496,1.5473885462412482,336.4380722979127,Reject,Reject,Reject,Accept,0.16952662681190234
0.7155331930120582,0.8661006800727559,0.19119887660415405,0.1427358290762347,0.3457923140180086,Reject,"Z1, Z2, Z4",1.1926341810160872,1.175321840226994,-0.0173123407890932,0.8735917283647715,1.2377695924723104,325.10531695479835,0.19119887660415405,0.09164541857505923,0.29292074171081595,Reject,1.1754360874954617,-0.017198093520625523,0.9155578799502982,1.3697783536760186,330.20788475951036,Reject,Reject,Reject,Accept,0.3400045667088375
0.6917782938785176,0.8387409349463804,0.2006671597508864,0.15469911663916946,0.40609616539435633,Reject,"Z1, Z2, Z4",1.0075704585840233,1.148309035975707,0.14073857739168377,1.1443049792564468,1.9542501614127745,341.6286325984038,0.2006671597508864,0.07488986358025654,0.3321657861444893,Reject,1.147806040904979,0.14023558232095595,1.0903834996767754,1.7763109057418944,345.47756326671424,Reject,Reject,Reject,Accept,0.5704940822630752
0.6186686046540565,0.7389808597520116,0.38699871100675354,0.2994955944299992,0.5429969107037932,Reject,"Z1, Z2, Z4",1.2782676942963134,1.1662402054105305,-0.11202748888578289,1.007903792822819,1.6819627890289526,375.86176732952424,0.38699871100675354,0.2611348906573816,0.5078158678307472,Reject,1.1648407467269295,-0.11342694756938387,1.0099094958666275,1.6730143050054929,389.22982806374205,Reject,Reject,Reject,Reject,1.3678094068206337
0.7368475088826394,0.8553149836684051,0.22402691903417185,0.17922683517880275,0.48152433244377185,Reject,"Z1, Z2, Z4",0.9473969245691537,0.972924974938504,0.025528050369350203,1.0347388816166205,1.7561212336785483,352.03600908395566,0.22402691903417185,0.07529309948752204,0.36727107095971384,Reject,0.9717270469018053,0.024330122332651586,0.9753911660351721,1.5632336367608424,354.2797906410293,Reject,Reject,Reject,Reject,1.0986884480125636
0.8303175526122287,0.8236914700836144,0.27802961334547993,0.15634037050036806,0.39928920323421974,Reject,"Z1, Z2, Z4",1.0317752041684856,1.0546483709952157,0.022873166826730032,0.988361071481861,1.5414127217000944,357.61983412466947,0.27802961334547993,0.1611533320582246,0.3951753885042967,Reject,1.0533307386831083,0.021555534514622762,0.9498473483614773,1.3907801017876653,369.1253839208248,Reject,Reject,Reject,Reject,1.0565522954547955
0.43247104967977773,0.8028160774472928,0.3962812463386544,0.3020856212256176,0.5658096761797267,Reject,"Z1, Z2, Z4",0.957686327556038,1.003083915475451,0.04539758791941305,1.0150427103273731,1.610695052062139,329.22890232784084,0.3962812463386544,0.2707936629500587,0.5225970786093174,Reject,1.0039474950736056,0.04626116751756761,1.0309761704522158,1.6770040131838482,345.0380321451868,Reject,Reject,Reject,Accept,0.7374844959975562
0.6988704989779204,0.8836496815239883,0.28339946017375295,0.13148503654110616,0.40885841059923406,Reject,"Z1, Z2, Z4",0.94460488001625,0.9500847542885993,0.005479874272349316,1.082770205167681,1.7823496323700272,359.7201788884268,0.28339946017375295,0.1592981855447449,0.413818273418805,Reject,0.9509618474753513,0.006356967459101317,1.0555677607933693,1.6313031624164778,370.71807998518847,Reject,Reject,Reject,Accept,0.699215607327384
0.896722459707687,1.0061781115658766,0.18396750153426691,-0.020205006624023945,0.3226819901755908,Accept,"Z1, Z2, Z4",1.0636149860465887,0.9977277011695306,-0.06588728487705801,1.050466873570047,1.6776703495714416,349.5724758198297,0.18396750153426691,0.01388908340776035,0.352883173421708,Reject,0.9972959903721138,-0.06631899567447484,1.0390896326215315,1.6507978781967718,357.00406843100245,Reject,Reject,Reject,Accept,0.7767663647505002
0.7072021815222929,0.8627295810695738,0.3153785527987454,0.15836190173873824,0.47197385542645953,Reject,"Z1, Z2, Z4",1.1644579250630303,1.2360402202916605,0.07158229522863012,0.9913678527453229,1.4530329324040907,362.49880626445287,0.3153785527987454,0.1652645820515307,0.46620659734062236,Reject,1.2355913073745397,0.07113338231150931,1.055858872166079,1.6199180159345232,373.1029274699178,Reject,Reject,Reject,Reject,1.2372932516813442
0.4806039197497826,0.8005952717085506,0.4105227870060814,0.2663782161026968,0.582999251603823,Reject,"Z1, Z2, Z4",1.1065304518316548,1.0304205222047103,-0.07610992962694448,0.9206308054596538,1.4449263112302988,360.2969895715245,0.4105227870060814,0.2566963521603446,0.5629504086956182,Reject,1.0304453664565287,-0.07608508537512598,0.9193593166772233,1.4742016338962622,373.7062665130489,Reject,Reject,Reject,Reject,1.4009367098304348
0.6925891311490813,0.8693206792284767,0.21966732167110611,0.12853581998349559,0.35643193486958996,Reject,"Z1, Z2, Z4",1.0295549287947934,1.1674945756863238,0.13793964689153043,0.9644284206603722,1.447013179952467,327.87654337860937,0.21966732167110611,0.11049113489762878,0.3267761558455451,Reject,1.1671303641880237,0.13757543539323028,0.9361122601374603,1.3584217467987731,334.10017378083654,Reject,Reject,Reject,Reject,1.1463669933403735
0.6192797910223472,0.8058278279688647,0.31424407451556136,0.17678830225094647,0.45924959988584435,Reject,"Z1, Z2, Z4",1.151486694616036,1.1077375782490806,-0.04374911636695533,0.9508205773092128,1.4573272137758662,342.80322317569534,0.31424407451556136,0.17654519941275393,0.45373177722855196,Reject,1.1073902002420783,-0.04409649437395768,0.9485911613269754,1.4602903545645993,362.7249050563992,Reject,Reject,Reject,Reject,1.1387979298825364
0.711306141461762,0.8705525096272123,0.18512140179317393,0.08351170733251513,0.35480545696646176,Reject,"Z1, Z2, Z4",1.1840387717962884,1.2156314652459446,0.03159269344965639,0.9923161696508079,1.547750649393671,346.90198303999796,0.18512140179317393,0.054664879748636416,0.31997524600452715,Reject,1.2151857375047554,0.0311469657084671,0.9914131508427947,1.5329881452305423,356.8095260293121,Reject,Reject,Reject,Reject,1.261732611002128
0.5720000650517095,0.8477930516640265,0.29693852716576313,0.15659123266370034,0.44206418019580646,Reject,"Z1, Z2, Z4",0.9678501336026106,1.033893289877348,0.06604315627473746,1.0465796541172259,1.705066415147294,331.3940443294184,0.29693852716576313,0.15102012592946715,0.4358342039949695,Reject,1.0334966090189703,0.06564647541635972,0.9975466248380621,1.5614334038409312,349.77238045595544,Reject,Reject,Reject,Accept,0.8038413733402213
0.7109214967454324,0.8342513450208631,0.2289715288258673,0.14539675349642017,0.39767031746975867,Reject,"Z1, Z2, Z4",1.1557834283600565,1.0735968414817405,-0.08218658687831619,0.9720927419977656,1.4774366045388097,355.39906537641616,0.2289715288258673,0.10616745425772833,0.3554481205674897,Reject,1.0732678740623047,-0.08251555429775181,1.006506866365229,1.577696482734212,371.330722194691,Reject,Reject,Reject,Accept,0.8574565521189159
0.6274959104806119,0.7879019781196033,0.3919979481477497,0.24367008907049287,0.5133625746581627,Reject,"Z1, Z2, Z4",1.0810782538528285,1.0135942563204423,-0.06748399753238624,1.0092860795338068,1.69361372117643,351.87544347717704,0.3919979481477497,0.2702914303949945,0.5126880562742785,Reject,1.0135685377634664,-0.0675097160893621,0.9425584429054662,1.415269130735512,354.16034717661614,Reject,Reject,Reject,Reject,1.4819562278166079
0.8107346222282931,1.0041580815171256,0.2431541970204161,0.03997944006758718,0.32291730659308304,Reject,"Z1, Z2, Z4",1.2445273899535028,1.2016556415447393,-0.04287174840876348,1.018845557267146,1.6134398280623485,332.74314140428976,0.2431541970204161,0.10779519917393116,0.3745589549268287,Reject,1.2015201563760565,-0.043007233577446326,0.9860768299254962,1.5227939114189395,346.7174449292418,Reject,Reject,Reject,Accept,0.46753484188662564
0.6216382081627022,0.8648606461894451,0.244682973097081,0.16847008962236604,0.41063345997534917,Reject,"Z1, Z2, Z4",1.1702403904114818,1.0928038850751345,-0.07743650533634734,0.9751919161840271,1.5438864978209128,335.17288138726605,0.244682973097081,0.1269247998055728,0.362023319920556,Reject,1.0932767083026176,-0.07696368210886412,0.962548196484229,1.5186133742689565,349.6344027047438,Reject,Reject,Reject,Reject,1.1068823775765868
0.532333920798747,0.7933603987033162,0.3005583604532434,0.20647210843022357,0.4641746475085931,Reject,"Z1, Z2, Z4",1.0382257422207208,1.0632278343295039,0.025002092108783083,0.9954926693213321,1.457936125605283,328.0864699499592,0.3005583604532434,0.16735558846340787,0.4317722832666379,Reject,1.0631804725497926,0.024954730329071965,1.015192680152295,1.5528007648322588,332.6845874505518,Reject,Reject,Reject,Reject,1.3402609439105981
0.5965845694504684,0.7984227023461453,0.27204067213264865,0.17764669554943674,0.4441086500966677,Reject,"Z1, Z2, Z4",1.0518226297033908,1.0517882715040634,-3.4358199327489585e-5,1.0266494339501648,1.528115296880832,342.54358790641237,0.27204067213264865,0.14204598223322137,0.40744719574845684,Reject,1.0515291895133247,-2.934401900659393e-4,0.9956149889842976,1.4444905938918726,355.9655312355897,Reject,Reject,Reject,Accept,0.8390856755662983
0.6019593707967041,0.7816311673717982,0.2779251483783349,0.18926523568255355,0.4394894169034056,Reject,"Z1, Z2, Z4",0.8975045531023678,0.9965016919915072,0.09899713888913943,0.9036189923694028,1.2485589378478141,341.2686987505335,0.2779251483783349,0.15307269291089046,0.4077356620427301,Reject,0.997045431239947,0.09954087813757931,0.8989802870681414,1.249705610647481,353.4702905253097,Reject,Reject,Reject,Reject,1.1154325045221725
0.6622220757343489,0.81834431958203,0.2821959684703055,0.19321367399293274,0.4178736235320969,Reject,"Z1, Z2, Z4",1.153782230708372,1.183124135794749,0.02934190508637703,0.9508010665774106,1.5171241560684918,361.53921720213606,0.2821959684703055,0.17406021197359556,0.38771303813745245,Reject,1.1845064273561041,0.03072419664773204,0.9523856131836148,1.5986962220022523,377.1448579326423,Reject,Reject,Reject,Reject,1.7661620488459622
0.6603828420901553,0.8870604439607302,0.1710023656867313,0.06829033710681315,0.3494397949961398,Reject,"Z1, Z2, Z4",1.0613891713355048,1.0176811478878334,-0.04370802344767154,0.9954465832422205,1.546060028323783,335.78289775184237,0.1710023656867313,0.03194459802988629,0.3074562942467249,Reject,1.0180932898314796,-0.04329588150402523,1.0217645125422883,1.6033428716320253,350.33374650421575,Reject,Reject,Reject,Accept,0.6593423574743257
0.7627734694343906,0.9019697004983495,0.2312298527039429,0.11703599524806527,0.39756671345917194,Reject,"Z1, Z2, Z4",0.9674140814206338,0.9925810145095877,0.025166933088953892,1.0520107793052709,1.7351666183176369,355.130050253838,0.2312298527039429,0.09891696567939832,0.36779254416256646,Reject,0.994057640790541,0.026643559369907262,0.9847479071471944,1.5290024953726067,367.8191152523879,Reject,Reject,Reject,Reject,1.345116083337274
0.44323198630862626,0.7732580228455452,0.3454462623037674,0.25503943875765767,0.499543855205396,Reject,"Z1, Z2, Z4",1.1608085807340836,1.2609506968397652,0.10014211610568162,1.0093127202850054,1.6004778436799567,351.74864693104814,0.3454462623037674,0.22202765128375385,0.46388411655867634,Reject,1.2610203625316616,0.100211781797578,0.9818813373581565,1.5634994483475302,362.02113762073037,Reject,Reject,Reject,Reject,1.457358382129613
0.6671804232196316,0.849440542325228,0.2036325785906632,0.10021031223353802,0.3606687733112664,Reject,"Z1, Z2, Z4",1.0703818822804831,1.0983747235629937,0.027992841282510568,0.9213037864293298,1.2630289896731133,343.2244672603461,0.2036325785906632,0.06822107334313249,0.32351617936712135,Reject,1.0996452526495317,0.02926337036904851,0.8957661787108492,1.2076775133484672,355.923893255473,Reject,Reject,Reject,Accept,0.9140497834185901
0.353096984909562,0.7015895431626169,0.44364208450078846,0.34270618427869826,0.5928879056697935,Reject,"Z1, Z2, Z4",1.3329614541889294,1.2172645756577376,-0.11569687853119161,1.1109204782869782,1.8836033264233056,351.55500605199614,0.44364208450078846,0.3231023231646025,0.568139751282373,Reject,1.2177368467338012,-0.11522460745512819,1.0863748995684213,1.767983905270773,353.91636161703855,Reject,Reject,Reject,Accept,1.1356563164054723
0.6908440188399827,0.9088445331221118,0.21437489027570988,0.10206044828229632,0.3490991875629262,Reject,"Z1, Z2, Z4",1.0480450738098261,1.0143649389390867,-0.033680134870739425,0.9717686881607053,1.3483022319575189,331.0113905408449,0.21437489027570988,0.09501299551973172,0.33056998592764564,Reject,1.014310121820465,-0.033734951989360946,0.9626759762620232,1.3330829479811346,349.19920640416495,Reject,Reject,Reject,Accept,0.8518990865015273
0.6304654757689068,0.7817077775669465,0.38255015171647216,0.29049359445458894,0.5122488111575163,Reject,"Z1, Z2, Z4",1.0833189847991702,1.0159964982496443,-0.06732248654952587,1.0663717248264664,1.6639197538234465,351.30613915714144,0.38255015171647216,0.2699223656425687,0.49710161739017555,Reject,1.0165363418007756,-0.06678264299839466,1.0413723541380533,1.5916868245724751,361.7341646025284,Reject,Reject,Reject,Reject,1.6178118090797027
0.7388345328071358,0.874762224908944,0.22573266591494465,0.1517153925254389,0.410106770969159,Reject,"Z1, Z2, Z4",1.1597031101923014,1.0099689064493893,-0.1497342037429121,0.9800089343997956,1.4846981852684082,352.6876964310308,0.22573266591494465,0.08663306876649977,0.3531863764510335,Reject,1.0094377899011449,-0.1502653202911566,0.9591474416819905,1.4547201737216602,364.2690676425252,Reject,Reject,Reject,Accept,0.658721342869701
0.774707089114731,0.9180173321206101,0.15195683674486143,0.04583249198221887,0.31897757424711176,Reject,"Z1, Z2, Z4",1.1285706853729727,1.1569661141473624,0.028395428774389782,1.0291103379141682,1.6859517673195268,348.1938092662632,0.15195683674486143,0.023412444781663558,0.28653314731590795,Reject,1.156978694205597,0.02840800883262457,0.9602290209557222,1.4333204351454927,358.75686855031705,Reject,Reject,Accept,Accept,0.8506396698721832
0.40437646072551525,0.7194595323014797,0.3853453939176539,0.3172014696591205,0.5492649747863505,Reject,"Z1, Z2, Z4",1.1532929282293474,1.0909182244419635,-0.062374703787383745,0.931781489368092,1.41853700384774,344.23307402590603,0.3853453939176539,0.27522526391737206,0.5002199246843658,Reject,1.0913710031317185,-0.06192192509762889,0.9826610431479885,1.548935641544028,353.8463070710691,Reject,Reject,Reject,Reject,1.257683731319577
0.6911324951996332,0.8491637881007491,0.30105437598824314,0.22889649665448206,0.4648045173436725,Reject,"Z1, Z2, Z4",1.018014216642953,1.0635434795610372,0.045529262918084276,0.9937401691811537,1.6939579133985543,363.88736370321766,0.30105437598824314,0.18264017547220893,0.42340787531562973,Reject,1.0636967752623436,0.04568255861939063,1.0189482008276054,1.803761730435088,377.36509183382066,Reject,Reject,Reject,Accept,1.0158516643704802
0.588508158864022,0.7956862587481763,0.29338645350466896,0.2147497217278302,0.4577483453113395,Reject,"Z1, Z2, Z4",1.084853411697247,1.1060452044056461,0.021191792708399243,1.0330887517793006,1.6384974943934807,347.0183955066159,0.29338645350466896,0.177804042703714,0.4126003893820747,Reject,1.1063836116963512,0.021530199999104282,1.03346530394382,1.6683524560517604,361.04594492246724,Reject,Reject,Reject,Reject,1.1957695682880736
0.8031607693067686,0.8667162815437666,0.1519382796120261,0.04350342933043251,0.30208919812226825,Reject,"Z1, Z2, Z4",1.1238011585827028,1.135954831834205,0.012153673251502035,0.9543555962122402,1.4377423222524532,349.6354428184797,0.1519382796120261,0.026981679399404414,0.2838897652011246,Reject,1.1367469431915964,0.012945784608893592,0.9982444353930875,1.5787333688283378,367.6595436940958,Reject,Reject,Reject,Accept,0.7553348434753925
0.46061567586139407,0.7477788127409527,0.430300790461349,0.31040363494150863,0.5635151401522818,Reject,"Z1, Z2, Z4",0.9763691225293079,0.9471442578034167,-0.029224864725891232,1.0271147891380037,1.588145530941693,342.7142390890358,0.430300790461349,0.2994615058251794,0.5576942992761149,Reject,0.9458201838808415,-0.030548938648466317,0.9825927127467448,1.4626386884192313,357.89201158870577,Reject,Reject,Reject,Reject,1.4100105148388837
0.7743849055238514,0.9047717974911555,0.20269383321503354,0.11535425801400576,0.41416977928017573,Reject,"Z1, Z2, Z4",0.9851826713511651,1.0420150785182964,0.05683240716713125,1.0360418726494218,1.5551852323074116,356.41261106099006,0.20269383321503354,0.05254394157116195,0.34416923838555225,Reject,1.0409750555203199,0.05579238416915475,1.0519155832703506,1.600111845906214,365.55679774402745,Reject,Reject,Reject,Accept,0.7895395791146088
0.5194324268491887,0.8127955813754391,0.31932407689260073,0.22377007747176242,0.4503453434554729,Reject,"Z1, Z2, Z4",1.1345746883558643,1.0601107303465707,-0.07446395800929356,0.8823324416428282,1.2971336924077972,333.7272846992958,0.31932407689260073,0.2037236774749152,0.44057385902492313,Reject,1.0595624380377329,-0.07501225031813133,0.9242748802485977,1.4196185739520764,346.8334583169157,Reject,Reject,Reject,Accept,1.030795670091189
0.5815444803097534,0.9146294743425111,0.19940076500428588,0.08926874550143839,0.33774912376611105,Reject,"Z1, Z2, Z4",1.2082118066024725,1.1366667672204795,-0.07154503938199304,0.9104491921002015,1.336807196499131,323.22650223163276,0.19940076500428588,0.073892556991978,0.3206801094619586,Reject,1.1365078313462806,-0.07170397525619204,0.8767489333122055,1.2513223064783097,330.7678497731708,Reject,Reject,Reject,Reject,1.24025537457133
0.549225287098314,0.8449254166312257,0.2655511851504446,0.23621491455210197,0.48491185234113116,Reject,"Z1, Z2, Z4",1.0211342947092135,1.0043215617399053,-0.016812732969308283,1.0582980794841113,1.7648692012349079,340.58846727199415,0.2655511851504446,0.14341664900374188,0.3833797473609526,Reject,1.0044831347598084,-0.016651159949405157,1.0169272769322821,1.601217144353173,346.91138909399115,Reject,Reject,Reject,Reject,1.2012162043268786
0.6182189229831001,0.8784915632234507,0.2387705200811228,0.14529294873155377,0.43268387955624094,Reject,"Z1, Z2, Z4",1.3792840135218525,1.181738510089742,-0.1975455034321105,0.9924974052186369,1.5798664283731938,339.92638249594785,0.2387705200811228,0.08779436422054926,0.390932026040397,Reject,1.181572311748754,-0.19771170177309846,0.9898050579121468,1.5532263851469503,350.7741528126193,Reject,Reject,Reject,Accept,0.88268876986018
0.7559635509100971,0.8008335083361048,0.25285531458695487,0.19303710823982345,0.41975960622979636,Reject,"Z1, Z2, Z4",1.1820760343609757,1.0963299576002246,-0.08574607676075109,0.9822263710713842,1.4986659573326342,363.05590070459806,0.25285531458695487,0.1376536933480693,0.3671344106593566,Reject,1.096478818392338,-0.08559721596863769,1.0003328439912385,1.6459262323221429,374.22417459196197,Reject,Reject,Reject,Accept,0.5917218770318056
0.7870446284922518,0.8411274226307794,0.201657263513789,0.13990138871405913,0.3914535126172128,Reject,"Z1, Z2, Z4",1.2218874062706768,1.114316463267698,-0.10757094300297877,1.0147015293949047,1.6082370009764375,357.1231037321663,0.201657263513789,0.07769491262311946,0.3162900427292373,Reject,1.1144946654826038,-0.10739274078807311,1.0485141501549196,1.6841608781719417,362.6943034599255,Reject,Reject,Reject,Accept,0.9571426675268949
0.7016486025984237,0.9071412316277145,0.24041902437965446,0.05987267498821695,0.390183817843444,Reject,"Z1, Z2, Z4",1.0922423123750897,1.0728537627946768,-0.019388549580412896,0.9679321065967565,1.5352130433382702,345.93658303287066,0.24041902437965446,0.0784887481328052,0.40062558002324855,Reject,1.0728589627814595,-0.01938334959363029,0.9332730121187509,1.4303634991629126,361.864945371553,Reject,Reject,Reject,Accept,0.5110481136663904
0.5007968256661507,0.802746301709587,0.34326541723101645,0.2663858225868267,0.4841633668624738,Reject,"Z1, Z2, Z4",0.9038865458481885,0.9848879400845203,0.08100139423633193,0.9797576664330099,1.4831899611290744,333.00215387815,0.34326541723101645,0.23278984470915187,0.4533434685587075,Reject,0.9846625126610454,0.08077596681285694,0.9781580548837758,1.4897938055170044,347.50407300543577,Reject,Reject,Reject,Reject,1.5053148089552706
0.6077405911359088,0.7955155786453975,0.29659277755770286,0.17513829001965073,0.43110828950445107,Reject,"Z1, Z2, Z4",1.1110265047894052,1.1160100172498597,0.0049835124604544695,0.910780806625084,1.2688905951627014,336.3998773706428,0.29659277755770286,0.17625571772786708,0.4266002909485828,Reject,1.1170685199645416,0.006042015175136427,0.9302650578122734,1.3097840413688617,357.2049779640611,Reject,Reject,Reject,Accept,0.8638494760320651
0.7778672884132362,0.8032642276308551,0.3008839692578409,0.1858504827476542,0.4165252648706895,Reject,"Z1, Z2, Z4",1.2942000582418585,1.2943458534271217,1.4579518526334768e-4,1.0179137179335211,1.595275358659168,364.0795734212762,0.3008839692578409,0.18244917958769993,0.424582242686976,Reject,1.293385023813522,-8.150344283362573e-4,1.021025904620035,1.6195887786614838,381.10089946231807,Reject,Reject,Reject,Accept,0.8169347708639825
0.6768595294946699,0.8180770851172181,0.23351813065096674,0.16814264423132338,0.4008754286174673,Reject,"Z1, Z2, Z4",1.2836669105010439,1.2447041968215313,-0.038962713679512526,1.0225100790297659,1.609203126978469,351.24650458558966,0.23351813065096674,0.11334650191760415,0.349462368769829,Reject,1.2445747421810365,-0.039092168320007496,0.9677344622761769,1.4394184287970326,364.25525484717514,Reject,Reject,Reject,Reject,1.2039218485489076
0.6334191280386767,0.8152730004553659,0.23193955426366078,0.13721347480585774,0.3752557942251089,Reject,"Z1, Z2, Z4",1.1341216078288865,1.1801524740892804,0.04603086626039396,0.882431910260557,1.188965502971375,325.97719993058485,0.23193955426366078,0.11456008534360809,0.3498787707334226,Reject,1.1803412511637756,0.04621964333488927,0.9295077363305281,1.2912537211572257,331.9219972218588,Reject,Reject,Reject,Reject,1.018014416837076
0.8320436664460318,0.9602108228947852,0.2071403627229927,0.052747671293756015,0.41203110159366885,Reject,"Z1, Z2, Z4",1.162325022083204,1.050095400607969,-0.11222962147523487,1.0778535191460863,1.8172923530911074,361.9784084341339,0.2071403627229927,0.03901080314840713,0.3786953995451782,Reject,1.052289213268895,-0.11003580881430906,1.0237695274427623,1.684667384830108,373.0812331250133,Reject,Reject,Reject,Accept,0.8430955893805206
0.7763634638551141,0.8317285096567932,0.3651387581689091,0.23621529141932762,0.5331288743709419,Reject,"Z1, Z2, Z4",1.096686919588288,1.0824530686890668,-0.014233850899221284,1.1359015621335349,1.9552313156499073,391.84604545458825,0.3651387581689091,0.22351948815734535,0.5114048618888292,Reject,1.0827497704766909,-0.013937149111597179,1.0941552748530505,1.815746942073501,410.69712050057336,Reject,Reject,Reject,Accept,0.3339061743978402
0.7388516062201158,0.8515065264450254,0.2089430741504458,0.1206453892480612,0.34976849003391247,Reject,"Z1, Z2, Z4",1.1333229718039666,1.167790925992145,0.03446795418817864,0.9693208361957016,1.5265817281617053,346.75379064812586,0.2089430741504458,0.09632590540250455,0.3231079454835783,Reject,1.1683048567962164,0.03498188499224996,0.9633632381252877,1.524671335454612,367.0369248705359,Reject,Reject,Reject,Reject,1.297231261312787
0.7290319388505015,0.8894407794561088,0.0971556135740008,0.00941906529541858,0.25347827189075706,Reject,"Z1, Z2, Z4",1.138531762285935,1.1561714105861818,0.01763964830024694,0.917963341091192,1.236088981957394,318.5261117958912,0.0971556135740008,-0.027833200357799657,0.21163262375548467,Accept,1.1548705211562382,0.016338758870303182,0.9167701681536752,1.2272262937443277,334.4516981318976,Reject,Reject,Reject,Accept,0.7499540880667493
0.6522071890622254,0.855782211143415,0.22869948310065985,0.12419230044647879,0.40284056051760203,Reject,"Z1, Z2, Z4",1.0345151474590475,1.0304069520892736,-0.004108195369773921,0.9685444584761943,1.4930979282315995,351.2170886299496,0.22869948310065985,0.09642951906766976,0.3747607628955795,Reject,1.030347995633834,-0.004167151825213544,1.016018518815401,1.6380657937926724,369.77200196661875,Reject,Reject,Reject,Accept,0.4441321033440723
0.6657546075523281,0.957013299661775,0.20833741355173577,0.11508972381174379,0.40528724101294844,Reject,"Z1, Z2, Z4",0.8550121059757988,0.9795422821699892,0.1245301761941904,0.9928714847721566,1.5238139180068615,322.3087408298157,0.20833741355173577,0.07012935763031952,0.3461306931520819,Reject,0.9802888061705608,0.12527670019476192,0.9588416623049989,1.4369915809095068,336.2684011659217,Reject,Reject,Reject,Accept,1.0343427278938628
0.7756706060420395,0.8301502678080592,0.19044715997918565,0.17601133183014084,0.39628555905133434,Reject,"Z1, Z2, Z4",0.9202873432634637,0.8908499819741162,-0.029437361289347534,0.8974555675093863,1.2983576814185194,344.23129954759906,0.19044715997918565,0.08125341005031422,0.296925428758478,Reject,0.8903092404710096,-0.029978102792454126,0.9624870110627988,1.4872800826451587,343.1177396252369,Reject,Reject,Reject,Accept,0.48176235800643324
0.6612132441382546,0.84638493093019,0.41197066091345164,0.28597098463050485,0.5614149878338396,Reject,"Z1, Z2, Z4",0.9521910774897988,1.0122667609096385,0.060075683419839605,1.0162113507649042,1.599891412920103,360.1643857372927,0.41197066091345164,0.2776428375759187,0.5543724749734088,Reject,1.0130182679712874,0.060827190481488484,1.0176338711215365,1.6221206781167359,380.4485726738238,Reject,Reject,Reject,Accept,0.9435416960997076
0.6969516147412943,0.8521132048613669,0.25100702795210633,0.09933997411104166,0.4216487465907447,Reject,"Z1, Z2, Z4",0.9777938038403068,0.9501948561563792,-0.02759894768392755,0.988388827279188,1.5825195823146405,366.43689603366784,0.25100702795210633,0.10608704108982639,0.40291002483303917,Reject,0.9512802742636829,-0.026513529576623864,1.020094140015254,1.6740432325765484,369.58183109564317,Reject,Reject,Reject,Reject,1.1836925389220487
0.6678265637356916,0.8821802893826527,0.2522972801164917,0.15741460071280497,0.43225804974115084,Reject,"Z1, Z2, Z4",1.2251125860370793,1.2872122740833263,0.06209968804624713,0.9379800728654859,1.4209683987386508,356.4558200467017,0.2522972801164917,0.12341846044740352,0.38546918222687027,Reject,1.2876327697628498,0.06252018372577045,0.9764724729464201,1.527774819509768,367.15097525502625,Reject,Reject,Reject,Accept,0.5351359254909479
0.4552367696682491,0.8541989588276107,0.23174607084365556,0.13800869749358557,0.3745048785945623,Reject,"Z1, Z2, Z4",1.2739822554749611,1.3101462507312545,0.03616399525629321,0.9150626638574076,1.3991064963047377,301.7898679307624,0.23174607084365556,0.11725104217901086,0.3464249208320581,Reject,1.311131310413343,0.03714905493838178,0.8890736217458385,1.3444558521990058,316.16412830267575,Reject,Reject,Reject,Reject,1.306288389284754
0.8573870665003533,0.9389020125718647,0.0812668364290786,-0.008838528944447477,0.2726930875775079,Accept,"Z1, Z2, Z4",1.0105262475079348,0.9963957830024426,-0.014130464505492314,1.0695402704367787,1.6791888986932548,338.42923119349405,0.0812668364290786,-0.06417929588404248,0.22968359166684676,Accept,0.9966540341341155,-0.013872213373819378,1.0487353482185984,1.6209536597602892,349.1649514440047,Reject,Reject,Reject,Reject,1.3128858882410561
0.7114863880078951,0.8997825381525909,0.21472507209157338,0.1024074163002765,0.40683231119151,Reject,"Z1, Z2, Z4",1.1898150907699727,1.100555003363054,-0.0892600874069187,0.9519964808182648,1.5211094055118284,351.583895539299,0.21472507209157338,0.06627708181515021,0.36711519689842437,Reject,1.0995989531375419,-0.0902161376324308,0.9198452318691763,1.3894136403406137,360.88574685476397,Reject,Reject,Reject,Accept,0.5749930820636806
0.677919264731624,0.8237285746548916,0.2708508937471542,0.16763513627759413,0.40541902682479053,Reject,"Z1, Z2, Z4",1.1401002414433041,0.9838525372165433,-0.15624770422676085,0.8544327033909896,1.1330416928404763,340.0510546932058,0.2708508937471542,0.15342128449483608,0.38076214319504903,Reject,0.9826975229321051,-0.15740271851119914,0.9743410677623666,1.4445797966719474,344.48010627216036,Reject,Reject,Reject,Reject,1.366586773701279
0.4420547486464072,0.8342610239006044,0.35160559472111286,0.24410050006755046,0.5488561321802506,Reject,"Z1, Z2, Z4",1.0023727275776877,1.099665317130812,0.09729258955312407,1.0344939384027558,1.6921034195695357,342.6649919467486,0.35160559472111286,0.20338543074630056,0.5035675668216826,Reject,1.0986387676027594,0.09626604002507161,1.027972428900885,1.7028839507569373,353.61077611701097,Reject,Reject,Reject,Accept,0.6115627999386316
1.0537855416835857,0.91404163530214,0.17721965758004227,0.03716596773609088,0.30016675745626736,Reject,"Z1, Z2, Z4",1.2399975405088162,1.2224562011544362,-0.017541339354380077,1.098711537086967,1.7947096697441347,376.51992343424564,0.17721965758004227,0.05716462089090374,0.3078488952528393,Reject,1.2231899701994262,-0.016807570309390018,1.1347105525305936,1.9062837417501335,393.0426493973832,Reject,Reject,Reject,Accept,0.991704209915633
0.6701791977110818,0.8416371942409749,0.19481210727572956,0.09384772973746497,0.3748832515465034,Reject,"Z1, Z2, Z4",1.1207004680264747,1.0309292491044526,-0.08977121892202207,0.9662639923196249,1.4661162406526793,334.64412756107606,0.19481210727572956,0.05411117140661073,0.3358938947897487,Reject,1.0317048648072034,-0.08899560321927134,0.9224211408476777,1.363949523295178,343.40694558040127,Reject,Reject,Reject,Reject,1.1158464346805799
0.8435637519833904,0.8835924473895652,0.1739385995390524,0.08434047990956675,0.3253886656738191,Reject,"Z1, Z2, Z4",0.9827267244468626,1.0646179783512115,0.08189125390434873,0.8942487398511823,1.3074488293968385,355.2902014883613,0.1739385995390524,0.051614117645136084,0.3025781868301333,Reject,1.064628825403308,0.08190210095644548,0.9480116666906099,1.4796418120931933,367.8785837897725,Reject,Reject,Reject,Accept,0.37888773426542155
0.666665794791962,0.8429243211363945,0.26926424589484865,0.14159765670453014,0.4019350903329877,Reject,"Z1, Z2, Z4",1.2905858251523479,1.2940955773930802,0.003509752240732211,1.090394290708408,1.757434349482911,347.15677422454337,0.26926424589484865,0.1471127186223054,0.40521088416772916,Reject,1.2942714588395063,0.003685633687158386,1.0274472766839222,1.5580769743676608,355.2880065404941,Reject,Reject,Reject,Accept,0.9374722092983991
0.6155394956174248,0.8699487877760019,0.26825897173971297,0.12925182033428284,0.4204998853655953,Reject,"Z1, Z2, Z4",1.0977444808054304,1.0900311702076213,-0.007713310597809214,0.9589773014615425,1.4452640167980122,343.83470675800197,0.26825897173971297,0.137313803129349,0.40899542319119625,Reject,1.0886079286288288,-0.009136552176601625,0.927529803769458,1.3699700977143185,355.72572348735696,Reject,Reject,Reject,Reject,1.0832901804203512
0.8769770669479019,0.9471214287071122,0.1957380571875096,0.0786216707988146,0.3312472045667202,Reject,"Z1, Z2, Z4",1.2371695874379085,1.1809486329709884,-0.056220954466920305,1.0266928569150997,1.5651459040620963,358.23820000135703,0.1957380571875096,0.0741996915102335,0.3299927080533869,Reject,1.1804802472711315,-0.05668934016677698,1.0319942491321064,1.5766729048069144,368.80854515289,Reject,Reject,Reject,Accept,0.5684268854469822
0.570391052370765,0.7989297640915514,0.4246709041109439,0.3021186612233722,0.5186862813247372,Reject,"Z1, Z2, Z4",1.0482538101985006,1.0169682551300596,-0.03128555506844104,0.9570074430392765,1.4158100594017604,333.0195754860656,0.4246709041109439,0.31548699789680673,0.5361498152797823,Reject,1.0180619881361967,-0.030191822062303864,0.9448307469601082,1.354356645889662,346.83972348966756,Reject,Reject,Reject,Reject,1.1519965952741358
0.5647614455120973,0.869369156993239,0.19714506380539695,0.11276765606926939,0.40954461435112566,Reject,"Z1, Z2, Z4",0.966487279565692,0.980438830041039,0.013951550475346908,0.905417609726901,1.2745460584352561,312.55706449385195,0.19714506380539695,0.04426917884708068,0.3440770607844894,Reject,0.981037121789704,0.01454984222401196,0.9091389230393141,1.2601565517448092,321.38098994903356,Reject,Reject,Reject,Accept,0.6259429472751444
0.6850469374320302,0.8350099046897833,0.22776856450350344,0.10755558289681974,0.38208020806469845,Reject,"Z1, Z2, Z4",0.8058343205175926,0.8041712841420561,-0.0016630363755365423,1.026559790227013,1.6521791853950927,325.4666875705415,0.22776856450350344,0.08859688573020899,0.3548415385420619,Reject,0.8055346790332645,-2.996414843281473e-4,1.0046351296197946,1.580221231453711,340.2679650177086,Reject,Reject,Reject,Accept,0.8369191846189293
0.5920409208315304,0.8493542710329857,0.23433602250866573,0.17134420744267925,0.40490355284945323,Reject,"Z1, Z2, Z4",1.0930185438868922,1.13481487938043,0.0417963354935379,1.0336999164663976,1.619469683525062,329.3908706881348,0.23433602250866573,0.12520337220709216,0.3543745334759029,Reject,1.1344592944489837,0.04144075056209164,0.9806906540387498,1.426093390672403,337.59293975634387,Reject,Reject,Reject,Reject,1.4287927726939977
0.6211505427770376,0.8391472267343608,0.2260518407585645,0.14990351171665417,0.37968525868329034,Reject,"Z1, Z2, Z4",1.2478784689482076,1.1797260644122225,-0.06815240453598512,1.0899179713208489,1.7811392816184812,331.6845920783722,0.2260518407585645,0.10497041599684703,0.3449156838928388,Reject,1.1798654917933633,-0.06801297715484447,1.1382832627190247,1.9443224880308951,343.4876917029082,Reject,Reject,Reject,Accept,0.8095438330458531
0.699349816853788,0.9394078650242995,0.26206491745530824,0.03949878686149044,0.38091965044887593,Reject,"Z1, Z2, Z4",1.048727814594045,1.1300723435008029,0.08134452890675792,1.0629379025686794,1.7181582021364614,333.8623521781971,0.26206491745530824,0.09497365494547709,0.42503241266581077,Reject,1.1297722667375032,0.08104445214345811,1.0242928929745467,1.575983856699022,342.4834992286021,Reject,Reject,Reject,Accept,0.3615718553225899
0.6892530532131551,0.8210934684143221,0.27763421620609824,0.18715151390707946,0.4132027912470533,Reject,"Z1, Z2, Z4",1.1730740555788015,1.0722733357971552,-0.10080071978164629,0.9641273500991463,1.4953069813349682,344.3058551823441,0.27763421620609824,0.1678858597674509,0.4008674126714937,Reject,1.0736081391681227,-0.09946591641067895,0.9734422870715334,1.5206690537837357,355.88602079410396,Reject,Reject,Reject,Accept,0.6239941161200317
0.6937868309711127,0.8461843723879267,0.23534644821833423,0.10752562303371421,0.3557453729819679,Reject,"Z1, Z2, Z4",1.1318070861891034,1.045224786588873,-0.08658229960023027,0.9626871278126886,1.4204372936267842,348.23607441886827,0.23534644821833423,0.10514828981146623,0.35703271874881126,Reject,1.044690145500169,-0.08711694068893448,1.0056083980428556,1.5380182753580032,365.06902597799177,Reject,Reject,Reject,Accept,1.0983084339081943
0.44446801897593613,0.7905885665864408,0.3396939489563037,0.32183792337068734,0.562767589511084,Reject,"Z1, Z2, Z4",1.161223314993487,1.1666839934141013,0.005460678420614638,1.0088304608215577,1.6553314201618214,344.4201338578222,0.3396939489563037,0.22549480826635024,0.4626666910935282,Reject,1.1654451005872923,0.004221785593805478,0.9979663731432714,1.6285370740927643,349.49746925058946,Reject,Reject,Reject,Accept,0.5189009634598701
0.7082479220267138,0.8066001082356503,0.1862041907346471,0.0824521734469433,0.31808738371047013,Reject,"Z1, Z2, Z4",1.3263284281826522,1.2961796115091635,-0.030148816673488815,0.8492557587790098,1.201629838751117,320.26762216795976,0.1862041907346471,0.06776126429539656,0.29859778747847165,Reject,1.2961870515007152,-0.03014137668193686,0.8422482518254424,1.2296266613575764,329.0982820374124,Reject,Reject,Reject,Reject,1.606142275753846
0.6458186183936674,0.8780461587931218,0.25469439405768857,0.15937146432789537,0.44589501709590745,Reject,"Z1, Z2, Z4",1.2796700845899043,1.174743060932451,-0.10492702365745327,0.9704597026566506,1.5679503381247868,343.3672974093909,0.25469439405768857,0.11569059012047432,0.39596936175096,Reject,1.1754581377638602,-0.10421194682604402,0.971100325004465,1.555023886988306,353.00769796464937,Reject,Reject,Reject,Accept,0.23094908619007762
0.603340215329923,0.8021256426782291,0.2686232167859354,0.13024535795917644,0.43213312365961787,Reject,"Z1, Z2, Z4",1.2271112729931826,1.3327003109562299,0.10558903796304726,0.9662868802428731,1.4732448527431095,340.4526804800156,0.2686232167859354,0.12831839109584706,0.4111490828904101,Reject,1.3335132782624357,0.10640200526925314,0.9454774425531974,1.3973122132668192,356.2813956521233,Reject,Reject,Reject,Accept,0.2291018479038782
0.7202064947290631,0.8583368767659064,0.161182202412804,0.09047119665746418,0.34885651323084776,Reject,"Z1, Z2, Z4",1.1199260779353257,1.1292926953449391,0.009366617409613254,0.9969980379937632,1.5420069005619064,318.5388414617731,0.161182202412804,0.034497556688406456,0.28813605138323445,Reject,1.1294502460672602,0.009524168131934435,0.9848666445225185,1.5489793882697864,334.6149833299848,Reject,Reject,Reject,Accept,0.4229530299134723
0.47384521177198735,0.8451599982942976,0.35229054306167057,0.23192551050917054,0.5058851512105347,Reject,"Z1, Z2, Z4",1.25389329861272,1.26514425055651,0.01125095194379014,0.8981904779120771,1.2473065741877027,343.9558022330912,0.35229054306167057,0.21237440972178495,0.4875165015966874,Reject,1.2640610490452964,0.010167750432576476,0.974755558758915,1.5070104326783091,354.5238910800414,Reject,Reject,Reject,Accept,0.8714718063268337
0.45170654029666313,0.852220918367383,0.3349811782158295,0.24398971511746975,0.526987842457223,Reject,"Z1, Z2, Z4",1.1631858945188276,1.0731401539334178,-0.09004574058540984,0.9499359431808223,1.448709394108,336.0001917466936,0.3349811782158295,0.19710308022998083,0.4724178627328921,Reject,1.0731080871883907,-0.09007780733043685,0.9694126601428291,1.5041672108522948,351.3475502229249,Reject,Reject,Reject,Accept,0.8789264757220528
0.6881903649513569,0.8434909877700894,0.2001544854009251,0.1239147787410993,0.3580200595701877,Reject,"Z1, Z2, Z4",1.2502881864619775,1.2501275723107739,-1.606141512035897e-4,0.9191127599780619,1.3768765237333334,339.2085034277119,0.2001544854009251,0.08355894867544161,0.3113772000597094,Reject,1.25017068175991,-1.1750470206746947e-4,0.917497515635877,1.3712566983788734,355.5463441265836,Reject,Reject,Reject,Accept,0.9767794694922073
0.44970552417018017,0.7788157689617241,0.2472154763556993,0.25193268562805804,0.5082381122292089,Reject,"Z1, Z2, Z4",1.3179721667712634,1.3828297841963928,0.0648576174251292,1.0798172718601677,1.8858316868915386,357.0228515943266,0.2472154763556993,0.1279404138021697,0.37431070225521573,Reject,1.382138522447037,0.06416635567577346,0.9992149926245779,1.6391961674302016,353.68065747230594,Reject,Reject,Reject,Reject,1.677512508762877
0.7016609025441631,0.9285604150443667,0.17181387167228993,0.08764898229660083,0.37178793786268716,Reject,"Z1, Z2, Z4",1.3381498819318542,1.1665101585288171,-0.17163972340303718,0.9813822719588884,1.5746999324332802,333.08362925930453,0.17181387167228993,0.032222421795626635,0.30616080119292854,Reject,1.1652239878383637,-0.17292589409349074,0.9561104165275421,1.4897661705888456,348.08568331546957,Reject,Reject,Reject,Accept,0.7104605191161172
0.8331974537432949,0.9075565921605225,0.2182498130994513,0.09309959930070764,0.34685420167384357,Reject,"Z1, Z2, Z4",0.9348585694084731,1.0140079785041969,0.07914940909572382,0.9669695961200597,1.414732509007984,341.0298184849561,0.2182498130994513,0.09114076694175637,0.3511906185297561,Reject,1.0134046708534317,0.0785461014449585,0.9182691808084613,1.2826182929224714,354.0929865205745,Reject,Reject,Reject,Accept,0.909512159459355
0.7314094264226928,0.8310160747027869,0.27540481912596226,0.12156190280043036,0.4295161446842836,Reject,"Z1, Z2, Z4",1.1220458121917198,1.2125275410998695,0.09048172890814969,1.1053847351880934,1.803922385304254,351.3624373104029,0.27540481912596226,0.120821836059683,0.42879018896680926,Reject,1.213882507051223,0.0918366948595032,1.0265673250009448,1.5494316471789082,363.00985990447117,Reject,Reject,Reject,Accept,0.849074893216236
0.8458954072045457,0.8799559815852064,0.19186762033398508,0.07869674472025642,0.30646401761776293,Reject,"Z1, Z2, Z4",1.2319019289090545,1.275889966301932,0.043988037392877655,1.0438813052596216,1.5822514774670398,343.2638626358225,0.19186762033398508,0.07987095833292406,0.30432788658389714,Reject,1.2752871773725798,0.04338524846352525,1.0787060834062672,1.6758466605348472,365.0448326836295,Reject,Reject,Reject,Accept,0.8906813191022745
0.5823579756497986,0.8631512766688334,0.24868258073429442,0.10709615753306798,0.38524641503174883,Reject,"Z1, Z2, Z4",1.3902626159051978,1.3365220068072525,-0.05374060909794539,0.8719235622586672,1.131248408543264,344.99319768831083,0.24868258073429442,0.11326503623514739,0.3863215203492486,Reject,1.336757504348362,-0.05350511155683599,0.9061219512066824,1.25035759965857,348.95050716914875,Reject,Reject,Reject,Reject,0.9860873313242161
0.5910157203433766,0.8386588863032133,0.28786943844504315,0.23216503551663492,0.48452833258174005,Reject,"Z1, Z2, Z4",1.3104072147320467,1.2849032022927536,-0.025504012439293112,0.8875762467949599,1.2554811086091533,342.05368835151137,0.28786943844504315,0.16494826003938254,0.41086927813368623,Reject,1.284944658600407,-0.025462556131639696,0.9009920087304784,1.3264966682492298,347.0241496795487,Reject,Reject,Reject,Accept,0.4178055317630639
0.937330303148606,0.8948987181343495,0.2232348355012294,0.07127649316690778,0.3536516138040153,Reject,"Z1, Z2, Z4",1.2230502748135759,1.1672183348837188,-0.05583193992985681,1.1143570265128244,1.9276862894444142,371.0978217971978,0.2232348355012294,0.09694161374728738,0.36280811699187115,Reject,1.1674815336146267,-0.055568741198948966,1.0796314866658918,1.7212695730793401,371.11517059660565,Reject,Reject,Reject,Accept,0.7728085614424752
0.8369367605366479,0.8580226051450491,0.2347540515589767,0.11534831014583494,0.3778827226067866,Reject,"Z1, Z2, Z4",1.0877083909582623,1.0073736784338396,-0.08033471252442285,1.0837768558061383,1.6639287392788888,367.54406993362426,0.2347540515589767,0.10499180705146849,0.361707920623866,Reject,1.0049936828384376,-0.08271470811982483,1.0830594930806134,1.6812208513726334,383.9716253503306,Reject,Reject,Reject,Accept,0.867249627277746
0.579430754319969,0.787738548584405,0.338210088557251,0.2118401997481294,0.4789760118703437,Reject,"Z1, Z2, Z4",0.9878956957684764,1.0143922702030637,0.02649657443458713,0.9642620009241163,1.4727970969848188,345.86463337084473,0.338210088557251,0.2115981309569287,0.4691364293148116,Reject,1.0130749159594166,0.025179220190940165,0.9571306180187362,1.4470444568771998,363.88825576327804,Reject,Reject,Reject,Reject,1.2045961728809793
0.6183620638499215,0.8274193281051596,0.2644136677692162,0.16825732234345964,0.43328052777226755,Reject,"Z1, Z2, Z4",1.3556143364432494,1.2193017738875773,-0.1363125625556722,1.0281642437199028,1.5968603109963218,352.50482130211645,0.2644136677692162,0.13469036515377972,0.3985657135055981,Reject,1.21884521769542,-0.13676911874782932,1.026787273714187,1.622701986492069,370.281489419492,Reject,Reject,Reject,Reject,1.1811344653374596
0.6141565097916263,0.823607259222128,0.2742697214596113,0.19332266160257167,0.45959115698339786,Reject,"Z1, Z2, Z4",1.2280134246757826,1.2215920582061595,-0.006421366469623209,0.9327320138440931,1.3438301634530716,343.8225039198571,0.2742697214596113,0.14385781850864018,0.4031869538207547,Reject,1.2230738090090063,-0.00493961566677635,0.9695831175461994,1.51751596565842,355.3845944332131,Reject,Reject,Reject,Accept,0.8713750411315784
0.7685683523760231,0.876759991799059,0.18989165711157596,0.10307652555278803,0.3722272636389274,Reject,"Z1, Z2, Z4",1.089303769781839,1.0891520639112495,-0.00015170587058944529,1.0191503981055665,1.606024485637161,342.46754374238117,0.18989165711157596,0.055962165515427195,0.3228115008043231,Reject,1.088148232416141,-0.001155537365698066,0.9745592747652517,1.4708063440516945,357.02920887874745,Reject,Reject,Reject,Accept,0.6805331794156392
0.751270473117607,0.8626313352227993,0.2185546340909369,0.09231998624370841,0.3456158999836203,Reject,"Z1, Z2, Z4",1.1279220319231773,1.2994070916189873,0.17148505969581015,1.1398908027690902,1.9015784145415784,340.13732511502224,0.2185546340909369,0.10186274126013414,0.3438723925707834,Reject,1.298614269129818,0.1706922372066407,1.057282589878679,1.6267834028968038,353.94401497660505,Reject,Reject,Reject,Reject,1.1410446543305575
0.6336348352987634,0.8629537728686216,0.2203096272280321,0.0960509256867655,0.3550490381874747,Reject,"Z1, Z2, Z4",1.1012191097183834,1.187272524770403,0.08605341505201958,0.9327837730603599,1.3559373775481809,344.2916184956725,0.2203096272280321,0.08685102276487718,0.3481689616336059,Reject,1.1870070664841517,0.08578795676576824,0.9731382727772409,1.4507087076707315,360.7522733031557,Reject,Reject,Reject,Accept,0.6541404728686471
0.40546135673692973,0.7866754590033228,0.40826647301643865,0.28734684928415594,0.5756799094052358,Reject,"Z1, Z2, Z4",1.1528124186420912,1.1467139161716593,-0.006098502470432038,0.9824001111753411,1.509518103226569,345.9528356289236,0.40826647301643865,0.2674355547151522,0.5552606462067777,Reject,1.1459095526027776,-0.006902866039313732,1.0005490635249952,1.590822709802466,359.4012181890846,Reject,Reject,Reject,Reject,1.2398537930204414
0.6715789133059211,0.7959825532539234,0.30535515712152433,0.215515589171169,0.41632811357459254,Reject,"Z1, Z2, Z4",1.103141732304368,1.05919635358796,-0.04394537871640785,1.0393931632225215,1.6745233794618037,344.7920379645851,0.30535515712152433,0.20975465918285907,0.4074249344346011,Reject,1.0590203805361142,-0.0441213517682536,0.9868141379748899,1.4982282320055371,358.4799838558964,Reject,Reject,Reject,Accept,1.124870997778579
0.7311667166692021,0.8235007327012552,0.22234132365270365,0.09136715891241477,0.3631619137142183,Reject,"Z1, Z2, Z4",1.3104159502694597,1.175797772230434,-0.1346181780390257,0.9338543829696982,1.2794132919650503,351.7450942303605,0.22234132365270365,0.08752259125505764,0.35430905489364645,Reject,1.175544831394218,-0.13487111887524167,0.972672322342426,1.385936638625145,357.13837724525956,Reject,Reject,Reject,Accept,0.8136705388137722
0.690636673342083,0.8655777835093826,0.27144772422543856,0.17177113204739117,0.4411091229045492,Reject,"Z1, Z2, Z4",1.0815566013703877,1.0691443733950217,-0.012412227975365956,1.076863143016556,1.7826534818439312,353.6496732104709,0.27144772422543856,0.13237697117649633,0.4103004496396441,Reject,1.0693109024753387,-0.01224569889504893,1.086771467143284,1.812022641901275,360.11075050551244,Reject,Reject,Reject,Accept,1.0397712705957827
0.7086357631245883,0.8783695391952607,0.17541032584909338,0.10157809312318232,0.33066694592108176,Reject,"Z1, Z2, Z4",1.1959982194002887,1.133705114921084,-0.06229310447920463,0.9613471138244482,1.3897200688349478,330.20741467009,0.17541032584909338,0.055138290508493226,0.29577592525044716,Reject,1.134393631980735,-0.061604587419553526,0.9409469096299625,1.3255629457274667,341.8762646588081,Reject,Reject,Reject,Reject,1.125754362816694
0.6455104302197581,0.8751725685354669,0.2742120788896749,0.1627663229209834,0.4145196050827994,Reject,"Z1, Z2, Z4",1.1237755290098466,1.1717224696218855,0.04794694061203909,1.019231080471406,1.5742790803223148,331.2062156854822,0.2742120788896749,0.14765401906538908,0.4028511319844336,Reject,1.1723475829845138,0.04857205397466717,1.0182054251274575,1.5659965340852948,346.74657951615995,Reject,Reject,Reject,Reject,1.5240949600672475
0.5660125115292098,0.7810111936029279,0.39950775749836864,0.27028736568629813,0.5295342487209687,Reject,"Z1, Z2, Z4",1.0115882005287802,0.9678304666070653,-0.043757733921714725,1.0442059335059857,1.7461861793412818,340.25789921277027,0.39950775749836864,0.27203107951668437,0.5319390180965288,Reject,0.9683812696249657,-0.043206930903814375,0.9544109846378309,1.4439293963534137,352.3186481494303,Reject,Reject,Reject,Reject,1.1739756848742269
0.4549508445400344,0.740041838353773,0.4485574573513421,0.3118715967268537,0.571847503595814,Reject,"Z1, Z2, Z4",1.2064957312448483,1.205638740387196,-8.56990857652507e-4,0.8958810543225316,1.3755990508767502,350.45674620117444,0.4485574573513421,0.3169384087154697,0.5770925244682513,Reject,1.2070388790091062,5.431477642578306e-4,0.8988038691018924,1.406023052511924,369.91106698041835,Reject,Reject,Reject,Reject,1.316143785601547
0.7570224966710499,0.8524568953482164,0.2592884704925898,0.11806344098014765,0.4004601910979623,Reject,"Z1, Z2, Z4",1.1910738018460905,1.2685074068753261,0.07743360502923584,0.9193343254190404,1.2855765523533877,356.65677535693425,0.2592884704925898,0.11970234155959925,0.40451469052637473,Reject,1.2687075328511905,0.07763373100510013,0.9528399258609022,1.3946214673338713,369.26063851296846,Reject,Reject,Reject,Reject,1.2739901243171758
0.7593427246870106,0.8899994566131457,0.18913118852411054,0.057545937842492983,0.30829411364925213,Reject,"Z1, Z2, Z4",1.3324107868180886,1.2641444292079373,-0.06826635761015129,0.9663749256397353,1.510309564612595,344.383135465637,0.18913118852411054,0.07891582185512079,0.31111962189602793,Reject,1.261987706154933,-0.07042308066315564,0.9470779541111417,1.450691489956865,359.2474056295799,Reject,Reject,Reject,Accept,0.9402055367863017
0.6376567551110471,0.8684338783964147,0.35007040187800315,0.20690343639933734,0.44791566109689246,Reject,"Z1, Z2, Z4",1.1303492608166759,1.0771202472435226,-0.053229013573153273,1.026892162939068,1.5832243845662346,343.7709903404735,0.35007040187800315,0.2304631928966831,0.4598057517336766,Reject,1.0761975781451545,-0.054151682671521456,0.9875200002728852,1.4646532707591648,353.4313791868256,Reject,Reject,Reject,Reject,1.4385552526010421
0.46951212763367456,0.7694743940526514,0.4324408391032457,0.33787752702192303,0.5975614544859548,Reject,"Z1, Z2, Z4",1.1803972451454279,1.1486254798625988,-0.031771765282829156,1.0285808766097158,1.6833811126518639,357.82906913978616,0.4324408391032457,0.2966550847399211,0.5580726954380303,Reject,1.1498389153905002,-0.03055832975492776,0.9804276440350815,1.5553213261071017,373.6139624971274,Reject,Reject,Reject,Reject,1.4283788311937082
0.9292186974647669,0.9143008844885397,0.16201015715105346,0.03465352942178116,0.2980980078054414,Reject,"Z1, Z2, Z4",0.9109501856637593,0.9729289217919224,0.061978736128163237,0.9084756493530474,1.3355801900537942,347.369826392736,0.16201015715105346,0.02159676025225306,0.29210605559646413,Reject,0.9738393296793848,0.06288914401562552,0.9506378476348661,1.4486797460708638,361.3061774725364,Reject,Reject,Reject,Accept,0.5200025013222064
0.6737550448364327,0.8795957946951831,0.2533231706987028,0.11501295857098393,0.4052978743071517,Reject,"Z1, Z2, Z4",1.0009791048232608,0.9241352664010303,-0.07684383842223072,0.9929517673942843,1.4818498054493385,334.8602976536599,0.2533231706987028,0.11733361951032538,0.39707292448404985,Reject,0.9241439185954909,-0.07683518622776996,0.983023071703769,1.447483443079555,346.9617350919429,Reject,Reject,Reject,Accept,0.4012243663336014
0.5094783130721371,0.8697651820137152,0.2320933359427405,0.1404593477342673,0.3983913762553906,Reject,"Z1, Z2, Z4",1.0967133476417634,1.1555783655448424,0.05886501790307886,1.001177833147199,1.486492620120187,320.0687444096894,0.2320933359427405,0.10642388549162593,0.3631725574661663,Reject,1.1545104766846186,0.05779712904285501,0.9506463772911309,1.3534799104873487,332.9278500983732,Reject,Reject,Reject,Reject,1.314846842258738
0.8055984775902763,0.8621174119699615,0.23581252247961562,0.15912599074016898,0.3827733609196062,Reject,"Z1, Z2, Z4",0.9143921277013997,0.8904072795538648,-0.02398484814753477,1.0472582372902692,1.6842013443438857,338.78596667473147,0.23581252247961562,0.11985364029291119,0.3538684467053374,Reject,0.8905586002661776,-0.02383352743522204,0.9924824607649515,1.5247834730436862,354.4481548264291,Reject,Reject,Reject,Reject,1.3841311198835067
0.5529284199752978,0.811963723617545,0.33715885842643933,0.21914246406245635,0.47495551019501436,Reject,"Z1, Z2, Z4",1.0398228105721274,1.0614965315794356,0.021673721007308043,1.0003346462035263,1.5686829845717802,325.23442475285765,0.33715885842643933,0.20974567350331505,0.45813107341127973,Reject,1.0608225401375069,0.02099972956537932,0.9597504248185051,1.4205231505879983,339.0340311972699,Reject,Reject,Reject,Reject,1.246736139814699
0.7961764945080064,0.9429335686189518,0.18113180353739144,0.021633989964475762,0.27504439776666184,Reject,"Z1, Z2, Z4",1.0898557185272402,0.9269529823486647,-0.16290273617857542,1.0185896205710394,1.6089354948317642,327.2146016333975,0.18113180353739144,0.059831032181809254,0.30442212849743566,Reject,0.9274865495690645,-0.16236916895817563,1.009021173477938,1.582677800387752,339.5506483995075,Reject,Reject,Reject,Accept,0.708862157258511
0.6797663918777009,0.8725341631888167,0.23291491916382162,0.12233694201326697,0.39530558776717795,Reject,"Z1, Z2, Z4",1.0557280650508967,1.0321541675307897,-0.023573897520106957,0.9498931796339459,1.3442575935156569,338.93546319694946,0.23291491916382162,0.09061462998795168,0.3690335722712818,Reject,1.0298110102225313,-0.025917054828365375,1.0179700080074137,1.5534644387091707,352.5187880866737,Reject,Reject,Reject,Accept,0.4852872773157067
0.8687120077978078,0.8547903966916067,0.2359974983289968,0.14887034716907135,0.38770748262378535,Reject,"Z1, Z2, Z4",0.9815534607609697,0.9479928368309303,-0.033560623930039446,1.051513248724148,1.6890151446206145,363.1858105236746,0.2359974983289968,0.11886663202327896,0.35452917312179044,Reject,0.9472399271267082,-0.03431353363426157,1.0218852389062327,1.5812308108479418,371.8654478734617,Reject,Reject,Reject,Accept,0.975464473483333
0.9452982739721565,0.85484879492122,0.080449875656237,0.027879906043729225,0.2811130059878204,Reject,"Z1, Z2, Z4",1.425968615206183,1.3361051717798242,-0.08986344342635862,1.009103062068378,1.7385608134307464,366.3475713415842,0.080449875656237,-0.045754698405055874,0.208746758726934,Accept,1.3349670948353696,-0.09100152037081347,0.979002442772962,1.589216563052869,376.3343432909111,Reject,Reject,Reject,Reject,1.2093568724318349
0.6123663687854589,0.7669874413487698,0.2792892185563763,0.16141284555495433,0.4220876693782797,Reject,"Z1, Z2, Z4",1.4154233728049432,1.2192719380934092,-0.19615143471153423,0.9689389722747025,1.4533391281817145,346.53713882635833,0.2792892185563763,0.15109612747020323,0.4099425971500008,Reject,1.2175274925857669,-0.1978958802191764,0.975610325986576,1.492985569303944,361.60287644531434,Reject,Reject,Reject,Accept,1.0188531891078914
0.6633422951699667,0.8171430955620419,0.38187797002976526,0.24349839138117785,0.47945258262696644,Reject,"Z1, Z2, Z4",1.1152969301233133,1.0769696790646872,-0.03832725105862603,1.076582398659794,1.771511728812326,349.5716696519104,0.38187797002976526,0.2668680794606586,0.5064722002036739,Reject,1.0768744860318444,-0.038422444091468846,1.0335167124175613,1.5699835137309075,356.8402036577904,Reject,Reject,Reject,Accept,0.9437369982535828
0.6148231163669339,0.8185336256568623,0.35597928903755294,0.23459620734362413,0.501447722749638,Reject,"Z1, Z2, Z4",1.149277971906015,1.0801056838009617,-0.06917228810505323,1.0328865477150717,1.652037728324984,370.6709558002513,0.35597928903755294,0.2280938268131233,0.47486643270031587,Reject,1.0790647727513663,-0.07021319915464865,1.078016294975865,1.7666545314199187,385.71308626936815,Reject,Reject,Reject,Reject,1.3712770604679347
0.5627236775806466,0.8283128467466269,0.2827148575757281,0.2168266615272333,0.4844047088124138,Reject,"Z1, Z2, Z4",1.2137059380698303,1.0645289981677573,-0.14917693990207295,1.0478573866399559,1.6161943282504223,345.7202907488564,0.2827148575757281,0.150118482715186,0.4174422216646044,Reject,1.0645152867669343,-0.14919065130289597,1.0018904911675839,1.4763717002220493,352.43548427451555,Reject,Reject,Reject,Reject,1.2052241554743288
0.5597378728262993,0.8548216807879736,0.29511449950796026,0.1755360785831606,0.4173616074413584,Reject,"Z1, Z2, Z4",1.4090176459122608,1.3391293019992467,-0.06988834391301398,0.9833397628534603,1.565637928075964,341.6852002188004,0.29511449950796026,0.17966066736173103,0.42024369910677184,Reject,1.3389750619627987,-0.07004258394946201,0.9355765985957117,1.491748438901167,352.4003793056144,Reject,Reject,Reject,Reject,1.4297691487116513
0.6124223573007477,0.8144891364628484,0.32037257330632424,0.24412830991501894,0.5120480459996571,Reject,"Z1, Z2, Z4",1.1599347156159516,1.172722474554632,0.012787758938680529,1.0973526250468284,1.7670841065911709,364.3753581459849,0.32037257330632424,0.1894670577851625,0.44793383967603284,Reject,1.1715350193973095,0.011600303781357974,1.0818087966991,1.7223202172923717,375.97438815683677,Reject,Reject,Reject,Reject,1.2600060215796116
0.5201050596611796,0.8253290429730274,0.3977668697714911,0.28634117675664816,0.5891867535790121,Reject,"Z1, Z2, Z4",1.0969849083063983,1.0700576332376923,-0.02692727506870572,1.0530262756584667,1.7140954533300081,357.42969345800486,0.3977668697714911,0.24366732819585513,0.5451658176206279,Reject,1.0705469579911295,-0.026437950315268664,1.0569541082557472,1.710106363600521,361.3356831539008,Reject,Reject,Reject,Accept,0.16446002113935002
0.6839806581212314,0.8432511490827526,0.19969006421817778,0.08377639933694123,0.3440577668639259,Reject,"Z1, Z2, Z4",1.1197826245606948,1.0474208539040473,-0.0723617706566476,0.9209092238299199,1.4240565467180477,331.47766760178615,0.19969006421817778,0.0625984434305778,0.32770881844697425,Reject,1.0483133726310525,-0.07146925192964224,0.9205352357860823,1.3782393586443245,346.8908841598735,Reject,Reject,Reject,Reject,1.1614053125914487
0.6275713911154018,0.8879187794002872,0.22383000262206823,0.1079989097806459,0.369195276155916,Reject,"Z1, Z2, Z4",1.2408804091261245,1.163445468144441,-0.07743494098168341,0.9047748669878518,1.3733028824590938,327.2886123346429,0.22383000262206823,0.098214937032157,0.3538421932884648,Reject,1.1652111182711937,-0.07566929085493071,0.8715847829165968,1.2912105039771775,334.45604814314277,Reject,Reject,Reject,Accept,0.391630570757002
0.7000069036736256,0.8716285580372283,0.29532241700568507,0.17898882974283528,0.4612446445026655,Reject,"Z1, Z2, Z4",1.188531056183206,1.1273015185480149,-0.06122953763519109,1.0613970890372577,1.8289277325333424,360.9328466082462,0.29532241700568507,0.1520838623512762,0.43775686121494856,Reject,1.127211306486832,-0.061319749696374055,0.997370641173243,1.5818976461737946,367.82903868912035,Reject,Reject,Reject,Accept,0.8506336595781357
0.6133468719272895,0.9075149837135751,0.2944975952849749,0.20425732774242666,0.4539803466029073,Reject,"Z1, Z2, Z4",0.9817862881667501,1.0277021339933876,0.045915845826637554,0.9862671990543165,1.4602318093655997,334.6523111848041,0.2944975952849749,0.17428830530724926,0.4236250348533097,Reject,1.0277565119863976,0.045970223819647514,0.9783238819632659,1.432648652662982,351.3363446140879,Reject,Reject,Reject,Reject,1.1895579835436187
0.5262731362663841,0.8478232919934033,0.269007284758941,0.1841962325111146,0.47710781709847266,Reject,"Z1, Z2, Z4",1.4603115663092345,1.278304930725349,-0.18200663558388572,1.0507844037522533,1.7055789430098636,335.64217992501875,0.269007284758941,0.1268927001713928,0.4058597282252601,Reject,1.2790983206930726,-0.18121324561616195,1.009656417189498,1.5854268791865573,342.0637578300759,Reject,Reject,Reject,Accept,0.9473305650649598
0.7930772442929744,0.8854638507266853,0.22673549126990133,0.09368139909434078,0.3445406388851554,Reject,"Z1, Z2, Z4",0.946450080280406,1.1355458628438313,0.1890957825634253,0.9506397187362238,1.4457340515932982,350.59864592936077,0.22673549126990133,0.10849825442973951,0.35134256523817503,Reject,1.1337864724699873,0.1873363921895812,0.9117879938209206,1.356445907697973,362.734652311393,Reject,Reject,Reject,Reject,1.206867995680326
0.7239915527861319,0.8776144673976097,0.1669012383919307,0.06048981629901526,0.2661825920880554,Reject,"Z1, Z2, Z4",0.9927029252847358,1.0737589286810152,0.08105600339627933,0.9448433966340614,1.35634210441871,291.235975755866,0.1669012383919307,0.06461889796991788,0.26690749482577336,Reject,1.0728645632652942,0.0801616379805584,0.9545016242818112,1.3829302796331437,306.16315361223275,Reject,Reject,Reject,Accept,0.6587661410857665
0.4179601836904383,0.8260232923646473,0.39162188232500394,0.2518221773360634,0.5852472386730414,Reject,"Z1, Z2, Z4",1.1806111122334226,1.2492297253283218,0.0686186130948991,1.0128551986212704,1.5338997445963667,361.4714329547596,0.39162188232500394,0.23925664209972813,0.5407165456838552,Reject,1.249713470327268,0.0691023580938455,1.004930671703333,1.5063094688976888,373.80840165299765,Reject,Reject,Reject,Reject,1.2154423394441287
0.5960530821875427,0.8208527267153596,0.2619484041754865,0.15501369245786084,0.4390654207932476,Reject,"Z1, Z2, Z4",1.1305607149794092,1.179264192881107,0.04870347790169771,1.0511111567051832,1.8043224087064709,358.97123554939503,0.2619484041754865,0.12455030536726294,0.3935110568376483,Reject,1.1785891954028693,0.04802848042346003,1.0321913316734628,1.6385667891042839,364.75093003045527,Reject,Reject,Reject,Accept,0.5208305096869481
0.5731577676716194,0.8124119143072142,0.2959335589502165,0.20863397342210716,0.45094161997167514,Reject,"Z1, Z2, Z4",1.2304592776017689,1.230764132436733,3.048548349641907e-4,1.0084768032778617,1.5865360485709805,347.2424958619475,0.2959335589502165,0.17482201187456312,0.42757425185817516,Reject,1.231195993179026,7.367155772572464e-4,1.0103853247229968,1.5960711882969614,363.37877698259547,Reject,Reject,Reject,Accept,0.77475411346531
0.5323486872565515,0.8886602040561218,0.2484933819507245,0.17012403809634263,0.4543810105947989,Reject,"Z1, Z2, Z4",1.2155370709531372,1.2512042607782021,0.03566718982506482,0.8747547096233887,1.1901719985040506,331.9670317872302,0.2484933819507245,0.10819268706299977,0.38131403245012424,Reject,1.250564205721118,0.035027134767980736,0.9093623524537436,1.3003069413072683,336.1934365382345,Reject,Reject,Reject,Accept,0.8329114166726544
0.5901366441082484,0.7755709938353118,0.3373328329135854,0.25263375755098916,0.4957919003547269,Reject,"Z1, Z2, Z4",1.025802430148019,1.0689147323009112,0.04311230215289214,1.018410153908981,1.5645801754219202,339.18294548201186,0.3373328329135854,0.21549528769595183,0.4568263147596976,Reject,1.0688781083250625,0.043075678177043566,0.9816154968926255,1.417515057138351,348.1481747191836,Reject,Reject,Reject,Reject,1.1827635206463119
0.7833044308012864,0.875634605839765,0.2029385760506255,0.05220578314625978,0.3222674493414961,Reject,"Z1, Z2, Z4",1.0804959592338692,1.06571571388246,-0.014780245351409167,0.9941746715286858,1.4716759215213508,345.95833159967754,0.2029385760506255,0.06510042061113418,0.33359911054496433,Reject,1.0662553618325175,-0.014240597401351567,0.919253738855334,1.2676668629679524,347.2090579095942,Reject,Reject,Reject,Accept,0.9654088094366456
0.7086399666980507,0.8597605603440499,0.21151755870750744,0.11221106681564372,0.3619990004226031,Reject,"Z1, Z2, Z4",1.1704945652349312,1.1617766034380654,-0.008717961796865872,1.0059323388145414,1.6254463563818555,342.78373615748154,0.21151755870750744,0.0877634432719693,0.33009272150187335,Reject,1.164014119269624,-0.00648044596530724,0.9600187237179021,1.482190177088594,355.6582825130212,Reject,Reject,Reject,Reject,1.4293557504164518
0.6300377630091707,0.9044110066496992,0.3576730626372986,0.21728147662716252,0.4972915751207241,Reject,"Z1, Z2, Z4",1.144357142029736,1.1433495762149248,-0.0010075658148110155,0.9903377258045906,1.5709859260877193,346.5178967843901,0.3576730626372986,0.22074421783807463,0.4982542018221655,Reject,1.1437407519927758,-6.163900369601882e-4,0.9496623937932795,1.46668637660596,356.4124818723958,Reject,Reject,Reject,Accept,0.35968465301226055
0.5597725686590647,0.8797278577056865,0.17608135262834654,0.06413571016248809,0.3168457233557611,Reject,"Z1, Z2, Z4",1.1128083000556552,1.1320552588225359,0.019246958766880727,0.9966546019995093,1.5597926464306249,314.6317314833899,0.17608135262834654,0.05189791297637565,0.29957767559492554,Reject,1.1312725876024705,0.018464287546815335,0.9841611350209011,1.530777733468226,329.7399663421167,Reject,Reject,Reject,Reject,1.2931940151739953
0.8179471581572958,0.8875389608299112,0.1880611772570314,0.09981473280436308,0.35721695445000895,Reject,"Z1, Z2, Z4",1.0978686161389084,1.0820905930349995,-0.015778023103908925,1.0785094093956504,1.7728826419868262,363.9166936137417,0.1880611772570314,0.06357315582370036,0.3176748653593611,Reject,1.0807670514879844,-0.01710156465092408,1.0402722604314254,1.6454532026239082,374.8661335435188,Reject,Reject,Reject,Accept,1.0091318180623872
0.7179450005635375,0.8163093702880336,0.2795444149615997,0.1864161384043749,0.42638058179578164,Reject,"Z1, Z2, Z4",1.1753588404113398,1.1534363675917751,-0.02192247281956455,1.0229596261979956,1.6331009062018327,356.8305773137369,0.2795444149615997,0.15435265531132017,0.4005815598330729,Reject,1.1535143718029277,-0.021844468608412083,1.023015125999274,1.6209823170029232,367.3951902386612,Reject,Reject,Reject,Accept,0.8074148051361487
0.5919715791073116,0.790944575740664,0.30727163734236046,0.1996056146175666,0.46683384127596145,Reject,"Z1, Z2, Z4",1.1311724571969777,1.1336207235473499,0.0024482663503721117,0.9669688206280052,1.4913706219448304,340.07273496531633,0.30727163734236046,0.17942037440386452,0.4312327993049445,Reject,1.1329617524627003,0.0017892952657226214,1.0027498085708992,1.5777577715176112,352.52630889827725,Reject,Reject,Reject,Accept,0.679509212431127
0.4932134207586138,0.8629788282858498,0.40522970800091196,0.2970033395856201,0.5814700389332089,Reject,"Z1, Z2, Z4",0.9294910050400648,0.9866898597619962,0.05719885472193148,1.0624970489640497,1.5929807645375165,338.4099104399053,0.40522970800091196,0.2557621805565009,0.5427215891431325,Reject,0.9861224520924728,0.056631447052408024,1.029925946020509,1.4965889173274758,353.4071360580305,Reject,Reject,Reject,Reject,1.3631832920114164
0.817859173348248,0.866694011748499,0.1899612703938419,0.12847645847882577,0.3917529579252838,Reject,"Z1, Z2, Z4",0.9272084627136508,1.0354657293607363,0.10825726664708551,0.8955775061875285,1.2693255945335629,357.1139333695484,0.1899612703938419,0.06242749723110134,0.3151499004436215,Reject,1.0359679433385849,0.1087594806249342,0.9327755561806085,1.3471621049425957,367.3429491813794,Reject,Reject,Reject,Accept,0.5514161104817662
0.8315739428347144,0.9037721539471256,0.20590271745182764,0.10139283600527743,0.33789132889207796,Reject,"Z1, Z2, Z4",1.1508949447021901,1.236159214512541,0.08526426981035096,0.9980387543561208,1.6923083755282904,354.29588817624807,0.20590271745182764,0.08681926652604174,0.3249223179417876,Reject,1.2339756968975664,0.0830807521953762,0.974046868592004,1.6105382771924281,372.4553693104933,Reject,Reject,Reject,Reject,1.1946326677929966
0.6058273064933605,0.8291565619574495,0.19788992209332948,0.16726348706491534,0.4387110232203411,Reject,"Z1, Z2, Z4",1.185149394680563,1.1697699393744683,-0.015379455306094678,0.9914044261854694,1.5250283513418947,342.0010778818586,0.19788992209332948,0.07423150533624308,0.3202047938580075,Reject,1.1706433929280582,-0.014506001752504695,0.9310656356712731,1.3532206538997487,343.9456679029853,Reject,Reject,Reject,Accept,0.8905501398888325
0.8679241484469099,0.9579223010218364,0.1613398857521071,0.02842517877659436,0.30468891653231694,Reject,"Z1, Z2, Z4",1.3531520403254513,1.3219244728777673,-0.031227567447684165,1.0031896766664197,1.5296327647527548,355.0163688877101,0.1613398857521071,0.01925044082474532,0.3026473187176018,Reject,1.3219638088812726,-0.031188231444178864,1.0083980971701392,1.5305285781718114,371.76076652795496,Reject,Reject,Reject,Accept,0.9709997341520298
0.6393393736038189,0.8226607328713368,0.26453945506338256,0.1607792826193896,0.42524537843789734,Reject,"Z1, Z2, Z4",1.2034101845509737,1.2136705786405446,0.010260394089570841,0.9972471743695119,1.530410805110499,343.31106584477186,0.26453945506338256,0.13789775779826396,0.40313523480869395,Reject,1.2144414355155364,0.011031250964562733,1.0192817474424054,1.5757228996747532,354.82726495794475,Reject,Reject,Reject,Accept,0.618122420515276
0.7992264439044294,0.8215918458428002,0.27743174947685223,0.1292832367702394,0.41460875010064313,Reject,"Z1, Z2, Z4",1.012877184117948,0.9819841223535213,-0.030893061764426643,0.8902259970163431,1.2565795606948051,362.510358315763,0.27743174947685223,0.13382215880998227,0.41771736364385337,Reject,0.9826457275422674,-0.030231456575680483,0.9519879768154732,1.448991298099272,379.7707987321612,Reject,Reject,Reject,Reject,1.2139933899279984
0.6525699455210263,0.9002977544980002,0.23532411946637352,0.07922149365230606,0.3144750330641569,Reject,"Z1, Z2, Z4, X3",1.0472639351351416,1.1958317320525815,0.14856779691743996,0.9439029853217962,1.3651664035551068,338.31270517576223,0.23532411946637352,0.12071825398512159,0.35009691512995744,Reject,1.19622155248859,0.14895761735344845,0.9455164938298833,1.3883541215372452,351.2601679256331,Reject,Reject,Reject,Accept,0.9701401000919075
0.5231676348841567,0.8744432742150995,0.3049009845108505,0.24934347905170764,0.4697446187692721,Reject,"Z1, Z2, Z4",1.4283933411547602,1.2898969052757479,-0.1384964358790124,0.9474597866123503,1.2988092198826668,334.01672776927643,0.3049009845108505,0.19606453343052416,0.41277095409904824,Reject,1.2898727678443205,-0.1385205733104397,0.9741450511609819,1.3758928069875411,348.0176616482073,Reject,Reject,Reject,Reject,1.3403196678533524
0.5825366060376592,0.8076209036890822,0.35051854685136263,0.27685246167223987,0.5334516412342383,Reject,"Z1, Z2, Z4",0.9391216681276917,0.9435357872712409,0.0044141191435491545,1.044088738843359,1.6356904928627805,347.289876760163,0.35051854685136263,0.2166494650669361,0.4725878020253828,Reject,0.9433978699448486,0.004276201817156918,0.9925548579676376,1.4469549002581563,356.71896602562356,Reject,Reject,Reject,Reject,1.1640652356645746
0.8189533389930876,0.8707143146806687,0.15533415006508702,0.08435392399725752,0.3144072105766347,Reject,"Z1, Z2, Z4",1.3663651866594506,1.28583974081582,-0.08052544584363079,0.8937159809153424,1.2318351269263705,351.9229142058648,0.15533415006508702,0.038930327037031434,0.26642689126813524,Reject,1.285718281978557,-0.08064690468089353,0.9698187165505072,1.4420103925804593,358.5420231019042,Reject,Reject,Reject,Accept,0.580062912522751
0.48740135848353017,0.779021087129621,0.2907724976864038,0.22303555465842803,0.4818795297943252,Reject,"Z1, Z2, Z4",1.5098051865737785,1.4214166239234403,-0.08838856265033841,1.0499093199796907,1.689000137653451,358.2290996554784,0.2907724976864038,0.16669365856475626,0.42466498546442866,Reject,1.4207321537687634,-0.08907303280501512,1.0861651993327346,1.7614357670807916,368.3964138864223,Reject,Reject,Reject,Reject,1.4813491581652931
0.8610515827952228,0.9042972657728812,0.26629486315021894,0.17853177080704183,0.4368521214115365,Reject,"Z1, Z2, Z4",0.93652771249878,0.9306283063520447,-0.005899406146735275,1.0226729490735686,1.6531819341092138,368.5930196132511,0.26629486315021894,0.13620585786756814,0.3959467888422336,Reject,0.9294947132569732,-0.007032999241806842,1.0092962144821407,1.5953904205989686,384.80432654492694,Reject,Reject,Reject,Reject,1.1105931414584032
0.5894192395492227,0.8963188586886364,0.23421189446772867,0.1170991304130967,0.3762339806093004,Reject,"Z1, Z2, Z4",1.1150365222297838,1.1634971967298386,0.04846067450005469,0.8901557551988193,1.3646938223283362,316.4242734898915,0.23421189446772867,0.11480330435228937,0.3630570097595217,Reject,1.1637213643527258,0.04868484212294194,0.8329058155679502,1.1681187746536768,324.4785974180639,Reject,Reject,Reject,Accept,0.47745970348742356
0.8251457715887434,0.8910057446263102,0.29120254330289025,0.18033720672716508,0.4370223150406057,Reject,"Z1, Z2, Z4",0.6444831203590607,0.7319811639762998,0.08749804361723895,1.0221243881198443,1.6517748467625983,345.39449677857925,0.29120254330289025,0.16592033498729375,0.4246248157698902,Reject,0.7320850465564479,0.0876019261973871,0.9454001501487646,1.3933383648496314,358.9726471508933,Reject,Reject,Reject,Reject,1.1696972386567055
0.648070118004757,0.8229773343048875,0.2872510415308623,0.1625634102402613,0.43908045183910416,Reject,"Z1, Z2, Z4",1.2564941844031763,1.2022754554726156,-0.054218728930560615,1.0316272682602883,1.6047421829978203,352.3657921403815,0.2872510415308623,0.15465366822600998,0.425866187182005,Reject,1.2020485857362426,-0.054445598666933596,1.0038403070979518,1.534179358226937,366.87030787563657,Reject,Reject,Reject,Reject,1.3963871746271328
0.6161303227289621,0.88807210416812,0.13921550924287251,-6.662775225782652e-4,0.266021877302304,Accept,"Z1, Z2, Z4",0.963401513587897,1.1350497482688147,0.17164823468091775,0.8755483771899287,1.203934379175225,300.7625329568412,0.13921550924287251,0.0031344192295094525,0.2650911889826454,Reject,1.134963251590361,0.17156173800246385,0.9220593837211082,1.3191347443873283,314.9869496977087,Reject,Reject,Reject,Reject,1.0248372549308447
0.5842381708629523,0.8584196743432585,0.2508695163887136,0.17628815770082062,0.44202224664790274,Reject,"Z1, Z2, Z4",0.872850405421663,1.0269564582437647,0.1541060528221016,0.9251845702990659,1.4206228106490029,345.6980411715856,0.2508695163887136,0.11617573491710173,0.3888241218110707,Reject,1.0283653743079753,0.1555149688863122,0.9358561163201146,1.4325921226778997,355.2902637159509,Reject,Reject,Reject,Accept,0.41736914997504476
0.6943045315799826,0.9060055969814649,0.13374126932478358,0.05502013402411854,0.3238011550078673,Reject,"Z1, Z2, Z4",1.0739822837533908,1.0466786532617347,-0.027303630491656232,1.0147215705034793,1.6759337253845237,337.0070659562865,0.13374126932478358,9.350114652751512e-4,0.2651453199424851,Reject,1.0462920968845775,-0.027690186868813308,1.04762505646872,1.7669284510303251,353.7635430777749,Reject,Reject,Reject,Accept,0.883630667853305
0.6707531151675723,0.8777537463424996,0.21623205352009434,0.1628828708819265,0.4228080907923917,Reject,"Z1, Z2, Z4",1.0028523682433506,0.9239010575312627,-0.07895131071208784,1.0113619353888792,1.5715784462338436,322.3708871194128,0.21623205352009434,0.08422420446850934,0.3471451714628824,Reject,0.9225423139762486,-0.08031005426710178,1.0271421617313534,1.5878941442042762,329.95406844799,Reject,Reject,Reject,Reject,1.0779849440180094
0.8561314627886981,0.861158259697317,0.2007299879561953,0.0721755912545147,0.3157327608030941,Reject,"Z1, Z2, Z4",0.9914985493237864,1.0489419890647687,0.05744343974098229,1.0440699466411596,1.7370809182579334,350.0772747001018,0.2007299879561953,0.07224323315179469,0.3245435537825596,Reject,1.0497691373893936,0.05827058806560708,1.005054957413213,1.601905395293296,360.6972070278335,Reject,Reject,Reject,Accept,0.8024186058901671
0.5831104856411514,0.779085893668529,0.31897020696605116,0.19895218019202784,0.5032424831763891,Reject,"Z1, Z2, Z4",1.0649612092547474,1.0809239202632965,0.01596271100854917,0.9664108548562873,1.4700918796286946,350.2445028207405,0.31897020696605116,0.16959714651918725,0.47178101841663106,Reject,1.0807108536662637,0.015749644411516533,0.9694488809520323,1.481731690768311,359.3050283327787,Reject,Reject,Reject,Reject,1.1036957509938454
0.6543533881538496,0.8889511396709313,0.25681210478571653,0.1520037157256437,0.47754549641726035,Reject,"Z1, Z2, Z4",1.0929191296657292,1.0633943665941041,-0.02952476307162503,0.988398005696691,1.5573331080723656,358.1211631865757,0.25681210478571653,0.0989210856409677,0.4082464726843761,Reject,1.0630879273987148,-0.02983120226701441,0.966941491672055,1.4642478657340705,370.74728233375686,Reject,Reject,Reject,Reject,1.12855855701467
0.7822425057025387,0.8225358951916736,0.253525159390529,0.18380327966694016,0.4567963975343412,Reject,"Z1, Z2, Z4",1.2201218119558626,1.128265928555149,-0.09185588340071356,0.9326591193107853,1.3689148314815969,370.7928289229805,0.253525159390529,0.12072648862342295,0.3882917373070967,Reject,1.1271673134214342,-0.0929544985344285,0.983483331619999,1.5331661102325993,382.2674117535076,Reject,Reject,Reject,Accept,0.8676913502941087
0.6346905230765243,0.8750711988726916,0.3856299669872005,0.21868038089791997,0.501773085661361,Reject,"Z1, Z2, Z4",1.1772519413080536,1.1524865742469985,-0.02476536706105511,1.0221522092297124,1.6655045615123425,360.32274474013684,0.3856299669872005,0.23634358231039332,0.5252841201611395,Reject,1.1529033471410521,-0.024348594167001497,0.9711731313562915,1.47036866613716,369.86791131359837,Reject,Reject,Reject,Accept,0.8870084370523681
0.6607898012473242,0.9141103800776184,0.17822302161361553,0.04534892961548592,0.28659532808106075,Reject,"Z1, Z2, Z4",1.1840026791451912,1.2047867547846332,0.020784075639442044,0.9574698600567151,1.5347339966145346,325.6730964340225,0.17822302161361553,0.05697442667667466,0.30504220920214037,Reject,1.205396256400792,0.02139357725560084,0.9262374069072624,1.4375266947291527,345.8053689118693,Reject,Reject,Reject,Accept,0.672303715592749
0.5879135803286143,0.8519118041196586,0.26542264234107493,0.11726230170230828,0.45421273725335487,Reject,"Z1, Z2, Z4",1.4204987565653366,1.367674779671984,-0.05282397689335276,0.9555250965064569,1.5059781858925658,365.14813306025525,0.26542264234107493,0.10388610535665878,0.430087122039685,Reject,1.3667553684468075,-0.05374338811852926,0.9723765474354832,1.5727721732502473,382.28592349828676,Reject,Reject,Reject,Reject,0.9554711997400644
0.45520640838110515,0.8186370714010852,0.34317532572574194,0.2310162038580004,0.5047308066024156,Reject,"Z1, Z2, Z4",1.196390285248334,1.0704426068106299,-0.12594767843770407,0.9343104641688241,1.4062934732451364,327.87516513904336,0.34317532572574194,0.22133583985670063,0.46312140040295124,Reject,1.071376697859172,-0.12501358738916196,0.9405053541119418,1.4261665448629797,322.0995433397462,Reject,Reject,Reject,Accept,1.013475247645147
0.5141645766186108,0.8424603468418153,0.24614902449259934,0.18090755739322414,0.4541568322347861,Reject,"Z1, Z2, Z4",0.9906518990031615,0.9970378532008695,0.00638595419770789,1.00172978916128,1.570737915990328,320.2721493086415,0.24614902449259934,0.11518367853782843,0.3710572316915786,Reject,0.9961149163840232,0.005463017380861665,0.9847313665745329,1.5196689071228298,332.2132007144709,Reject,Reject,Reject,Accept,0.6468537131980732
0.6382503059026493,0.8248877204529435,0.22652877885654218,0.13921698722186643,0.41335068672411734,Reject,"Z1, Z2, Z4",0.9074453986635395,0.9608361416924905,0.053390743028951124,1.0476162650467016,1.6712441561952052,340.09452775463893,0.22652877885654218,0.08810334791443904,0.36153228590767517,Reject,0.9609898383574234,0.0535444396938838,1.0739101812386005,1.765815120400206,354.13598130638263,Reject,Reject,Reject,Accept,0.7646804422172981
0.6751964578410049,0.9817224632600858,0.08673929658020103,-0.06686831245719267,0.23745018948377672,Accept,"Z1, Z2, Z4",0.9921208909820723,1.0002818615655233,0.008160970583451043,0.953548127871778,1.392528348971571,312.0519637955982,0.08673929658020103,-0.05599956935166626,0.2327241629344573,Accept,1.0000825778287048,0.007961686846632416,0.9598387039226896,1.3928700673194387,330.2455699580741,Accept,Reject,Accept,Accept,0.36749265091117894
0.7654044504689046,0.8352471194048996,0.1861847092386281,0.09935248373813883,0.3040826112016958,Reject,"Z1, Z2, Z4",1.1395023864630602,1.0764471563297044,-0.06305523013335576,1.026317997584633,1.6261498095381217,328.8820651668955,0.1861847092386281,0.08399830984543154,0.2945227407868499,Reject,1.0761477469277327,-0.06335463953532748,1.0013506996253774,1.5271275307917338,342.654233949076,Reject,Reject,Reject,Reject,1.3674571889026792
0.5806762835660274,0.7760055449507905,0.29213949182021143,0.1914345916740598,0.47569629006034925,Reject,"Z1, Z2, Z4",1.2507806211120283,1.2143860696983984,-0.03639455141362982,0.9503886917032539,1.3609587571411217,349.6925818167398,0.29213949182021143,0.14726550805234365,0.4407047852162196,Reject,1.2140075045566372,-0.03677311655539103,0.9977650338387302,1.469573130664697,364.14445182791786,Reject,Reject,Reject,Reject,1.4960559070777295
0.6830951540561293,0.8350038117756476,0.26130070844462827,0.19008625295239712,0.4576593279426034,Reject,"Z1, Z2, Z4",1.259921952192269,1.248202905968086,-0.011719046224183299,1.0392694649121266,1.6911962365491127,366.8228913078373,0.26130070844462827,0.13283902154284466,0.3855517932325641,Reject,1.2473606323719386,-0.012561319820330555,1.0042854458890966,1.6130061432601772,378.1799765904296,Reject,Reject,Reject,Accept,0.7628498078776043
0.826629096874616,0.8562216442698326,0.1820298818997536,0.07672350540445264,0.3225980357466485,Reject,"Z1, Z2, Z4",1.1010012761370371,1.0880116145820995,-0.012989661554937672,0.9472314906777826,1.444728447642952,333.7112205887338,0.1820298818997536,0.062327669283354065,0.299094864661101,Reject,1.0865047600625237,-0.01449651607451338,0.9522289744725901,1.4585403658435758,350.34907343559877,Reject,Reject,Reject,Accept,0.7895557373237546
0.7441035152842018,0.9007057063254404,0.16826610989846585,0.05905434814946462,0.30495728792780813,Reject,"Z1, Z2, Z4",1.3261608468116104,1.2686331106388355,-0.05752773617277467,1.0293413269402363,1.6465683952108885,339.6408374050173,0.16826610989846585,0.04719246914635073,0.28333291281364414,Reject,1.2679145702454973,-0.05824627656611312,0.9716115401863707,1.5219874138613247,355.06447813611334,Reject,Reject,Reject,Reject,1.2313651510105699
0.7295673415798163,0.8702857223800161,0.2187578863443877,0.08689046162277914,0.345439807625119,Reject,"Z1, Z2, Z4",1.1233466212499341,1.0605616793464248,-0.0627849419035093,0.9879257734386088,1.5928921805420413,342.35609403541224,0.2187578863443877,0.09337521839762594,0.33546411192261544,Reject,1.0610555717943144,-0.06229104945561963,0.9590256440348832,1.5013577699535696,354.86435905554487,Reject,Reject,Reject,Accept,1.1602779249522357
0.4863780961109838,0.8719976834438669,0.3114898217048081,0.22438123767685061,0.4902215694375249,Reject,"Z1, Z2, Z4",1.170398122933464,1.0867140221252052,-0.08368410080825886,1.0008174192807406,1.5739954264827698,342.0102843479298,0.3114898217048081,0.18193283527046328,0.45955636787707166,Reject,1.0862444454593274,-0.08415367747413652,0.9482846938046089,1.4391872264982106,355.2850204194223,Reject,Reject,Reject,Accept,0.6568101638623286
0.8345559381972253,0.9188763257515015,0.1560873692998619,5.863392134272394e-4,0.284869740834276,Reject,"Z1, Z2, Z4",1.0479126073941663,1.0999263679323696,0.052013760538203474,0.9710755210294705,1.473322658918255,343.40801316125317,0.1560873692998619,0.018570993994039088,0.29233402108285367,Reject,1.100097906017846,0.05218529862367953,0.9780814830904433,1.4646094469624986,352.7544053216759,Reject,Reject,Reject,Accept,0.08231955438307396
0.6172105093489622,0.8934805756252743,0.28244745822346196,0.1314498536503667,0.39916568720107015,Reject,"Z1, Z2, Z4",1.0922903626489775,1.0129439373162534,-0.07934642533272404,0.9691145583769218,1.4814889801915692,334.42330145954924,0.28244745822346196,0.15461207247986788,0.4192851121340928,Reject,1.0123485449934122,-0.07994181765556539,1.032841231867004,1.6865670425021337,350.23473354394565,Reject,Reject,Reject,Reject,1.2044227566005579
0.5135796755724802,0.8477073412297322,0.25646872078131233,0.16286483827015535,0.3915627853520941,Reject,"Z1, Z2, Z4",1.150926106279348,1.0432074402987355,-0.10771866598061271,1.0149868883454294,1.7751542493788217,320.609099589271,0.25646872078131233,0.13693832048915405,0.37057760327102063,Reject,1.0429082237014273,-0.1080178825779206,0.9487552149176901,1.5476033559142932,332.3720790039867,Reject,Reject,Reject,Accept,1.0226880198006487
0.60520668574827,0.8443371929902482,0.24846683790275015,0.1838121947424176,0.42506399840410186,Reject,"Z1, Z2, Z4",1.065698581635687,1.0462949648222086,-0.01940361681347812,0.9532191172266115,1.5092361925751485,346.14660958317035,0.24846683790275015,0.13258532087898706,0.372921146688008,Reject,1.0477037504866153,-0.01799483114907149,0.9959884915690563,1.6270257944960171,353.88983636689534,Reject,Reject,Reject,Reject,1.2160372578127443
0.9310768356187507,0.8718311172335186,0.12309812235741178,0.0866650741843068,0.2898102654275406,Reject,"Z1, Z2, Z4",1.3992409275606228,1.2589128286014506,-0.14032809895917217,0.9242979781950084,1.3541262148602489,362.1892996358592,0.12309812235741178,0.012650150196988438,0.22406582554429708,Reject,1.2601070938917267,-0.139133833668896,0.9951353273785213,1.5575340284072061,378.2321557346451,Reject,Reject,Reject,Accept,1.030670205120515
0.7253840225202887,0.9022984372715861,0.28804987918985425,0.1747825295151418,0.4134977911387959,Reject,"Z1, Z2, Z4",1.1466255888955672,0.9661465058261588,-0.18047908306940835,0.8877491493299592,1.2235086083397515,331.14517072870893,0.28804987918985425,0.1696491275127267,0.40887984970884617,Reject,0.9646101232424529,-0.18201546565311422,0.9438126621560408,1.3431541214613196,344.972027291721,Reject,Reject,Reject,Accept,0.5223457716151275
0.5594918180045061,0.8224402711641535,0.3212366147238596,0.19647702833673716,0.46293920613647394,Reject,"Z1, Z2, Z4",1.2149557820098345,1.034213612204832,-0.18074216980500238,0.9947235036239065,1.4608366089501077,336.70942697667124,0.3212366147238596,0.19760730859175765,0.46036199099341063,Reject,1.0344720700443522,-0.1804837119654823,1.0040736108073434,1.4717504506238248,349.6702035405684,Reject,Reject,Reject,Reject,1.3293904745776794
0.5505709209638356,0.8303530039331932,0.2644640019823667,0.18308487760333425,0.43336104013145255,Reject,"Z1, Z2, Z4",1.1199549947317942,1.1505194246914576,0.03056442995966354,1.0240269752993647,1.6637369210576203,333.94569063261605,0.2644640019823667,0.14094376395818664,0.3842192386359727,Reject,1.1510781482697752,0.031123153537981056,0.9458893604681297,1.4704898383952791,345.0488846292937,Reject,Reject,Reject,Reject,1.4771707160692709
0.7133311794358639,0.9139270639689021,0.23540802295149224,0.09766799502243932,0.3866952595506041,Reject,"Z1, Z2, Z4",0.8757667513714272,0.9421035816483219,0.06633683027689462,1.0096632569804571,1.5964140579178123,334.76213367908423,0.23540802295149224,0.10345114983983877,0.37615899868236463,Reject,0.9416058979518244,0.06583914658039709,0.9976896772722856,1.5415359614958328,348.5059481585037,Reject,Reject,Reject,Accept,0.9234561576589885
0.6435596962925317,0.9255220806774765,0.20717611716515666,0.12035926644205626,0.3875457007911466,Reject,"Z1, Z2, Z4",0.8503068173407962,0.907468860493103,0.057162043152306816,0.9124016251483744,1.3484370860282548,312.53690612135944,0.20717611716515666,0.08563472447487228,0.33476362624345063,Reject,0.9074552457129672,0.057148428372171003,0.8481260966019464,1.1689482148260846,325.1341817614607,Reject,Reject,Reject,Accept,0.848346275487299
0.6932360179000993,0.8330285694151264,0.1865196378419789,0.12318343303786995,0.3721379916175469,Reject,"Z1, Z2, Z4",1.4274196920154882,1.3825143165481517,-0.044905375467336424,0.922503410523941,1.3690126784854926,351.82381565878694,0.1865196378419789,0.06096536089875236,0.30482068437322773,Reject,1.3823022020619482,-0.045117489953540015,0.969766096415205,1.4920450514999306,365.29833108337453,Reject,Reject,Reject,Accept,0.9133034028574519
0.60055759263881,0.8227049141375464,0.28475751989820924,0.1912073294151275,0.4549656714986696,Reject,"Z1, Z2, Z4",1.0088288450152736,1.0671292319959886,0.05830038698071506,1.071662145041744,1.7211414178977718,348.2082471735128,0.28475751989820924,0.16219837804252468,0.4121603427087367,Reject,1.0680647270341306,0.05923588201885701,1.1016118139872924,1.8100187407461337,363.4516386746597,Reject,Reject,Reject,Accept,0.7727528456058065
0.704951242991685,0.8813504501922181,0.20375146233036764,0.11163769283504654,0.39086413683217186,Reject,"Z1, Z2, Z4",1.1666327848416878,1.1967471724160574,0.030114387574369624,1.0453275549889571,1.6376832966491792,341.88014433691643,0.20375146233036764,0.07036779842387583,0.3440189000395653,Reject,1.1961200333366555,0.029487248494967765,0.9587326732384451,1.4318864204871986,353.0250045149195,Reject,Reject,Reject,Accept,0.7995461631646124
0.7439483977400839,0.8626308450872034,0.2195253411722328,0.07715396685217976,0.326541296766172,Reject,"Z1, Z2, Z4",0.9127287409973126,0.8322200839801502,-0.08050865701716235,1.0018760690695854,1.539791153892837,340.8364124052128,0.2195253411722328,0.09433042443912193,0.34614579539999796,Reject,0.8341036511392709,-0.07862508985804166,0.9848796331431887,1.4973155279826857,359.01793611442287,Reject,Reject,Reject,Accept,0.6065676000902951
0.5984365118642945,0.8602756011522744,0.18949852244351656,0.10198120511963367,0.3611549490161684,Reject,"Z1, Z2, Z4",0.8627623081523907,0.9237230589981094,0.06096075084571851,1.032791653277839,1.6399324578112837,326.54151760591844,0.18949852244351656,0.056645241918197795,0.31798770085782807,Reject,0.9232753361098238,0.060513027957433005,1.0270159496357698,1.6277167251546434,341.4734242174821,Reject,Reject,Reject,Accept,0.09447198876281358
0.5428263047195316,0.8716559145784964,0.22879858056062335,0.11811635747880361,0.38611163702051876,Reject,"Z1, Z2, Z4",1.3477330689967666,1.2870108504670845,-0.06072221852968189,0.8989080331863261,1.3423827576881566,328.48390070223655,0.22879858056062335,0.10588318706323935,0.3571341060680135,Reject,1.2866999859382644,-0.06103308305850213,0.9203741029088903,1.3995342476332302,338.0676684683664,Reject,Reject,Reject,Reject,1.075309926846664
0.49251628592859037,0.8353351728449692,0.27592023117278636,0.1952941398569307,0.4895920982104952,Reject,"Z1, Z2, Z4",1.1532340893605508,1.177968852982141,0.024734763621590113,1.1112401049250322,1.8467516908307584,347.0431549138071,0.27592023117278636,0.12883425338881072,0.4095353689850634,Reject,1.1783677725547654,0.025133683194214617,0.9944909056830005,1.5299225703603871,353.740958129376,Reject,Reject,Reject,Accept,0.8400478439530051
0.6856719339897998,0.8484280363247158,0.25706760545230384,0.13887109596920727,0.40916137170802147,Reject,"Z1, Z2, Z4",0.9553439244717471,0.9563329992253968,9.890747536497894e-4,1.0084820660236518,1.4908329875536535,344.49800687885397,0.25706760545230384,0.12155686937368493,0.38707943673278244,Reject,0.9557448603830382,4.009359112910686e-4,1.0378648255147132,1.5925092914262424,361.9079532830287,Reject,Reject,Reject,Accept,0.8275515209837352
0.6781406901954731,0.7896532608696974,0.3187512060644535,0.2241288768637249,0.4883531863032433,Reject,"Z1, Z2, Z4",1.1369727339714766,1.1672686485371024,0.030295914565625956,0.9824733135159879,1.4356348238264145,362.0417228847078,0.3187512060644535,0.1890578059756995,0.4555349616413653,Reject,1.1683901570234736,0.03141742305199699,1.062192511735015,1.6962457898690557,372.7460566177208,Reject,Reject,Reject,Accept,1.0323361813423708
0.7634094292438761,0.8576479135574617,0.20403307758359057,0.10003073792213805,0.3494849713676818,Reject,"Z1, Z2, Z4",1.2600945689132443,1.2399497655963545,-0.020144803316889746,0.9442031059696712,1.4801702801607908,351.58270544287984,0.20403307758359057,0.08102718180315774,0.32456826319413934,Reject,1.2413989297648802,-0.01869563914836424,0.9543761582813246,1.4871869851631387,360.7771269671281,Reject,Reject,Reject,Reject,1.2075910877408027
0.6142697962240317,0.8462333844652306,0.29423910191556496,0.21178439408805022,0.44254715713063736,Reject,"Z1, Z2, Z4",1.2281223040918683,1.117238160142957,-0.11088414394891129,1.0614953583049918,1.7492637280558043,329.24097171934517,0.29423910191556496,0.18084139910171157,0.4111686232502192,Reject,1.117211481082167,-0.11091082300970129,1.0514635380564636,1.7032828436183987,349.767615416353,Reject,Reject,Reject,Reject,1.1273005224244603
0.7502919817739109,0.9309443342397384,0.15709101327360422,0.011345124936956594,0.3532228475897219,Reject,"Z1, Z2, Z4",1.1162301823697223,1.0294047408922717,-0.0868254414774503,1.0860474394877793,1.802141507068885,343.52666877505476,0.15709101327360422,0.004961113358169782,0.3203597852161259,Reject,1.0299990524037286,-0.08623112996599372,1.0048336599088716,1.5586831391959155,345.90591527632444,Reject,Reject,Reject,Reject,1.0032337294708478
0.6827046689971307,0.8619862092292185,0.32702385631879727,0.21203824630273765,0.4660874265372102,Reject,"Z1, Z2, Z4",1.0095328674984922,1.0073966124872373,-0.002136255011254975,1.0272331608664556,1.7267975731503145,359.34548006876577,0.32702385631879727,0.2043957414388276,0.4626617344915612,Reject,1.0070841139276594,-0.002448753570832829,1.0201364085379323,1.707053504296164,373.98566436646774,Reject,Reject,Reject,Reject,1.4754438512969068
0.8257379243492683,0.9073805163937864,0.22584123474256235,0.09167559662494898,0.3254459909382533,Reject,"Z1, Z2, Z4",1.2634385098013075,1.2337971153345517,-0.029641394466755618,0.9515952251067813,1.4488392049084013,331.90503309799874,0.22584123474256235,0.10089500640521948,0.3441576840488946,Reject,1.2345015711331675,-0.028936938668140025,0.9953752473818988,1.5429132559262855,344.1732928300848,Reject,Reject,Reject,Accept,0.7939275071760448
0.4881461702757905,0.8902661713883662,0.2185665045159218,0.17049234772784147,0.43491063840328875,Reject,"Z1, Z2, Z4",1.0520358098463363,1.079551870300461,0.0275160604541246,1.0511651278338945,1.7495442856150354,341.94908111493476,0.2185665045159218,0.0920759160407161,0.3476807159994646,Reject,1.0782023587867766,0.026166548940440255,0.9613922044927352,1.4394229946089674,348.9699118684326,Reject,Reject,Reject,Reject,1.3169263942247507
0.5816252807204529,0.8263914242612375,0.307708808313588,0.19761516319783692,0.4305352080744291,Reject,"Z1, Z2, Z4",1.1492748086523228,1.0826783650536456,-0.06659644359867734,1.1045406012818033,1.844375745140447,328.7639237280627,0.307708808313588,0.19224660833876012,0.4277402680055893,Reject,1.0815722185744576,-0.06770259007786511,1.0561785581731482,1.6990782192748397,344.49239314676066,Reject,Reject,Reject,Reject,1.3619870606007318
0.7453001110696481,0.8879172734468577,0.1267086770564287,0.03851175950778754,0.28630205903092776,Reject,"Z1, Z2, Z4",1.4733043277212492,1.3242738126431173,-0.14903051507813192,1.0187406666698495,1.6280405914095792,330.48885777181164,0.1267086770564287,0.005074339943839858,0.24966728669960983,Reject,1.32249980320049,-0.1508045245207592,0.9381930208715972,1.3774700341429789,338.1297545084566,Reject,Reject,Reject,Accept,0.3987800012420441
0.41828829672281087,0.7724245500628542,0.332357602752968,0.24586677528609496,0.507391006209964,Reject,"Z1, Z2, Z4",0.95262453003241,1.0809557745156806,0.12833124448327046,1.0475313506708324,1.6452334789970613,347.177826294465,0.332357602752968,0.2048416667038671,0.45552756125213567,Reject,1.0804402919383596,0.1278157619059496,1.0407522435372458,1.6236244856898883,353.2238774535396,Reject,Reject,Reject,Reject,1.3035560192469127
0.6568607147922577,0.8449767824257192,0.3254149871484639,0.21124495513247687,0.4967334767479965,Reject,"Z1, Z2, Z4",1.034540136772665,0.983773743679726,-0.050766393092939004,1.0476095521278452,1.735007524392591,357.32367504704393,0.3254149871484639,0.1789347499024573,0.45501007919657255,Reject,0.9834400018547687,-0.05110013491789639,1.0047550992553855,1.6212911710566993,367.26888151257396,Reject,Reject,Reject,Reject,1.4564031356086218
0.7815151950246474,0.8184075441603281,0.29065597708267443,0.15641586375703098,0.43265934501470305,Reject,"Z1, Z2, Z4",0.9670949949052011,1.060639126700245,0.09354413179504395,1.0716944373835058,1.7736714715866435,361.65912170850424,0.29065597708267443,0.15357186515413423,0.43050928524677134,Reject,1.0612323193726767,0.09413732446747566,1.0308676155045324,1.6232913173062566,378.3222077731496,Reject,Reject,Reject,Reject,1.234494604871493
0.4764689568204335,0.8945041106294465,0.2905155801411163,0.16064790828664843,0.47841590604527623,Reject,"Z1, Z2, Z4",1.0534129725572683,0.978642969149451,-0.07477000340781721,0.9112146265617262,1.217282146992137,336.30362854177673,0.2905155801411163,0.13796881140311032,0.44727410270714646,Reject,0.9785875132293219,-0.07482545932794638,0.9700280410103153,1.3837418984893826,350.3555654511685,Reject,Reject,Reject,Accept,0.9820801377492064
0.6360520243858594,0.8380200162093034,0.312652029419122,0.22854652778400458,0.4826046362128179,Reject,"Z1, Z2, Z4",1.295426397273013,1.2003868948212455,-0.09503950245176739,0.9236613046102004,1.412274104249045,362.68834846752577,0.312652029419122,0.1731370383823128,0.44342576732347905,Reject,1.2007010369144808,-0.09472536035853203,0.9857985464634749,1.5463186005783527,370.52238603308587,Reject,Reject,Reject,Reject,1.1572798955767039
0.5686646377115898,0.9210716021027923,0.24289073893120502,0.08417604986399044,0.3826749265078081,Reject,"Z1, Z2, Z4",0.9652120406451412,1.062291814939889,0.09707977429474789,0.8881428903956708,1.3269120855744896,322.3108240394427,0.24289073893120502,0.09422787359596269,0.393618136939461,Reject,1.0634369983964655,0.09822495775132437,0.9012103113058223,1.3494967327871161,339.21256881010004,Reject,Reject,Reject,Accept,0.5672147165839869
0.5226986645139067,0.7734170161430794,0.3528792185064128,0.24284688044364103,0.475046641778361,Reject,"Z1, Z2, Z4",1.0323864002768657,0.9891679930616044,-0.043218407215261254,1.0970133716727493,1.8799599118729085,337.3751119888135,0.3528792185064128,0.246948335779553,0.46663409431153935,Reject,0.9905043995701991,-0.04188200070666651,1.0064691957896055,1.5473424276574888,339.42009365539184,Reject,Reject,Reject,Reject,1.320486973784625
0.6186703364135661,0.8361302378501767,0.24765141396508944,0.20652151692717466,0.4487948289372412,Reject,"Z1, Z2, Z4",1.1686619486485696,1.0873763936621763,-0.0812855549863934,0.9625919545819376,1.6422251963275862,333.66001888603296,0.24765141396508944,0.11890778433237184,0.3672855647449573,Reject,1.0865148423879085,-0.08214710626066113,0.900865105773821,1.3640549639421038,341.403287947696,Reject,Reject,Reject,Accept,0.8392668184578532
0.6976562902738068,0.8598824558680159,0.2025017537760439,0.15334432306389914,0.4094050964727203,Reject,"Z1, Z2, Z4",1.1944352415188233,1.187745647161787,-0.006689594357036239,1.0720816046801083,1.717403159006766,342.26781069061997,0.2025017537760439,0.08271330764958539,0.32892613868472653,Reject,1.1878080704979046,-0.006627171020918835,0.954541744159745,1.400099847221072,348.91899510765785,Reject,Reject,Reject,Reject,1.0910867404758955
0.6035994381107914,0.7913827965568778,0.3577519965126266,0.2072890587584405,0.45943451052838896,Reject,"Z1, Z2, Z4",1.0730379744577436,1.1513242057988708,0.07828623134112725,1.0114420874802152,1.6291645827856585,341.54231362542134,0.3577519965126266,0.2439910554993056,0.481184406768475,Reject,1.152528379329155,0.07949040487141132,1.0024718677177382,1.614800452917732,351.85226928167367,Reject,Reject,Reject,Accept,0.9643058935683242
0.5983929728948875,0.8215976106556372,0.283826126287114,0.23845142684511275,0.5128673554282266,Reject,"Z1, Z2, Z4",1.0559099021752472,1.0980933190853666,0.04218341691011942,1.0422017566260966,1.7235151612282267,358.516924965843,0.283826126287114,0.14599102688179452,0.4252356895596475,Reject,1.0974095343695418,0.041499632194294526,1.0057684188661649,1.5684396460832846,360.32246245961807,Reject,Reject,Reject,Accept,0.6239944757695065
0.7055785797998405,0.9418428493352912,0.2101362874571357,0.09832723377313549,0.3412878377823867,Reject,"Z1, Z2, Z4",0.7655185710133441,0.9350694981497573,0.1695509271364132,1.0439089064512188,1.7682120658718816,311.16949696172514,0.2101362874571357,0.0895149961750741,0.33566717532168616,Reject,0.9349524645067492,0.16943389349340512,0.9997349596599576,1.6438418044554373,325.86909532521497,Reject,Reject,Reject,Accept,0.5603566951961086
0.8821604950722498,0.8354332680769196,0.1761733937572752,0.054915265412290803,0.2957162579168863,Reject,"Z1, Z2, Z4",1.1460190603496296,1.1042669549929818,-0.04175210535664777,1.0252835074689903,1.6970416397516226,349.37432929126123,0.1761733937572752,0.055789303036152635,0.29200126598492987,Reject,1.1029540234720954,-0.043065036877534386,1.0192726642560612,1.6793592626843086,362.3578147387114,Reject,Reject,Reject,Accept,1.1207787339819122
0.7998069393339529,0.8771035440932826,0.29045973686445536,0.20096387725284323,0.4843200874879128,Reject,"Z1, Z2, Z4",1.161040243851897,1.11361851488516,-0.047421728966736965,0.9853291688240319,1.5154444034334034,374.30854687577414,0.29045973686445536,0.15330499648538126,0.42089983955245913,Reject,1.1134656219196597,-0.04757462193223713,0.9835756364340333,1.5399580250185072,383.2131058758522,Reject,Reject,Reject,Accept,0.7739129850181046
0.5371167825095998,0.9234218680771618,0.3825808388392629,0.2373983701666099,0.5659730004138253,Reject,"Z1, Z2, Z4",1.1771533868736834,1.1053587281730735,-0.07179465870060982,0.9959333299875196,1.5083290688980826,337.6024722734752,0.3825808388392629,0.2229721708848392,0.5440478112306281,Reject,1.105238641800958,-0.07191474507272541,0.945163743800861,1.3785241118403846,354.58498735402605,Reject,Reject,Reject,Accept,0.8913183162478314
0.7708225603849722,0.9045098034585168,0.18777969111266415,0.04128062391868438,0.319685150665352,Reject,"Z1, Z2, Z4",1.2230663742490349,1.0707273235378154,-0.15233905071121934,0.9474091387332199,1.5427434751423093,330.48548852568996,0.18777969111266415,0.051807828336676576,0.3233137578374329,Reject,1.071231954449681,-0.15183441979935408,0.9070150898020912,1.4295197335534764,346.7255573720823,Reject,Reject,Reject,Accept,0.8955680326608115
0.6483409056871888,0.8803746947827383,0.19529245785165544,0.1146356505937643,0.3391930851159318,Reject,"Z1, Z2, Z4",1.2684542740506288,1.2260750702532377,-0.042379203797391254,0.8630143186796287,1.2034121106070395,327.29053012152224,0.19529245785165544,0.08542484344442985,0.3047030692965851,Reject,1.2255517345999685,-0.04290253945066042,0.9107905162022187,1.3023533582066362,340.29362186850494,Reject,Reject,Reject,Accept,0.9706010719740115
0.5949267386869157,0.7949598001770583,0.261190523280382,0.1562787085980981,0.40797307138293154,Reject,"Z1, Z2, Z4",1.257247182917667,1.2233779375747886,-0.033869245342878225,1.0085271658316184,1.6038837363435288,325.74497059764485,0.261190523280382,0.13769793215473936,0.39149166931643525,Reject,1.2226803065157767,-0.03456687640189031,0.9826261769323686,1.5090238544156807,343.83610059934193,Reject,Reject,Reject,Accept,0.7494129182194836
0.655596206517651,0.8686221422432159,0.24268764934474016,0.12151667619385684,0.4148500611214313,Reject,"Z1, Z2, Z4",1.3691955047843005,1.2034158790181677,-0.16577962576613284,1.0367432639153822,1.6709909259534206,350.60250593102774,0.24268764934474016,0.10255014422414907,0.3883920709239645,Reject,1.2050058450002876,-0.16418965978401287,1.0033471091096957,1.5626262963765298,358.14623534514266,Reject,Reject,Reject,Accept,0.5564453030449789
0.6286857753141459,0.8784568564205069,0.28350407861163707,0.1809289517210864,0.461474151211866,Reject,"Z1, Z2, Z4",1.30516089489569,1.2000437890994784,-0.10511710579621177,0.9169670020392026,1.4185774801325357,359.86970229884963,0.28350407861163707,0.14049250114425385,0.4220353581089015,Reject,1.2006405301677552,-0.10452036472793495,0.8863504722422154,1.374870136215579,375.444384272651,Reject,Reject,Reject,Accept,0.7506358580205708
0.8002952158303898,0.8022072985088168,0.3509862567266994,0.1916135941241839,0.4481790376547378,Reject,"Z1, Z2, Z4",0.9788564620881891,1.029994180651022,0.0511377185628328,1.002771390124867,1.514710214006364,363.823598436453,0.3509862567266994,0.2289339374438964,0.47090445673111997,Reject,1.0311218843435626,0.0522654222553735,0.9869648104337734,1.4873811538243837,378.0639834840337,Reject,Reject,Reject,Reject,1.2915731835495126
0.6485752746890731,0.8604611165816485,0.28788420665482867,0.12983328371535852,0.3937601777032185,Reject,"Z1, Z2, Z4",1.2846830120834276,1.074853759359701,-0.20982925272372666,0.9823215653013178,1.569949143083576,330.7837573873819,0.28788420665482867,0.14544748892805764,0.4203925457939113,Reject,1.0762198342204392,-0.20846317786298837,0.9936289832674902,1.6470444570316436,346.3508635018015,Reject,Reject,Reject,Accept,0.674591246570152
0.7256791447025825,0.8317714414579536,0.2602764982951748,0.1233056567829234,0.37455713756869397,Reject,"Z1, Z2, Z4",1.2585955162729228,1.2393474584722743,-0.019248057800648363,0.9800516229135002,1.48527143457722,345.1153161377446,0.2602764982951748,0.13475162252982387,0.383545698946813,Reject,1.238664537312688,-0.01993097896023457,0.9400912683210038,1.3653308383025557,356.341643442959,Reject,Reject,Reject,Accept,0.9664342603618775
0.6269464566075028,0.7800301062895395,0.4505609478510535,0.34151519875820785,0.6088014020803054,Reject,"Z1, Z2, Z4",1.2461301451100786,1.1727168582576217,-0.07341328685245674,1.026780236170227,1.7457630992293214,381.27412906342283,0.4505609478510535,0.3227070610932698,0.5855502101397502,Reject,1.1756703787305538,-0.0704597663795248,1.0138937071321028,1.6965847948922104,401.03544811195286,Reject,Reject,Reject,Reject,1.380584976986698
0.907545963598902,0.906299143052883,0.1969517937876385,0.06084119994018067,0.34854086342700863,Reject,"Z1, Z2, Z4",1.2593122414177134,1.237951510208688,-0.021360731209025447,1.0856919980972441,1.904887823749937,371.3608454374241,0.1969517937876385,0.0602445118040854,0.34469415041411716,Reject,1.2393785815903555,-0.01993365982735795,1.033206411207671,1.7233139940581839,389.59929839142876,Reject,Reject,Reject,Accept,0.9107483889475497
0.6031192494304802,0.8278816489655143,0.3355567317128554,0.19749294347882737,0.4365598446262718,Reject,"Z1, Z2, Z4",0.9300959440132864,1.029601114619092,0.09950517060580542,1.0696840068452607,1.6499413325102623,350.628754516081,0.3355567317128554,0.21805122877561012,0.452016547613784,Reject,1.029293675358251,0.0991977313449643,1.006730105211926,1.4984515175813666,363.4096252101042,Reject,Reject,Reject,Reject,1.340451632353618
0.5123532847107319,0.891659355497903,0.3017472470986593,0.19801277399198092,0.44403229759527546,Reject,"Z1, Z2, Z4",1.2106791396982075,1.1182624860827202,-0.09241665361548758,0.9859574827767154,1.493386588143357,325.3272105285762,0.3017472470986593,0.18333767172614568,0.4240130020889714,Reject,1.1193259145569494,-0.09135322514125821,0.9461766291431305,1.4084382761780885,342.7013590466031,Reject,Reject,Reject,Accept,0.7230483391215116
0.7427420278555145,0.8157919263184678,0.2732683312310108,0.15890286625260708,0.3792761527042379,Reject,"Z1, Z2, Z4",1.2935272135487603,1.3191678780884017,0.025640664539641398,1.0378738784777135,1.7699473125791827,344.53670595359574,0.2732683312310108,0.15941723926747361,0.3868942877249482,Reject,1.3200751092788388,0.026547895730078472,0.9874764805832629,1.5920963922871503,359.5022448742885,Reject,Reject,Reject,Reject,1.116481932729346
0.553240980242404,0.8256492539481378,0.36028592303735657,0.2410384451072723,0.48984561843337165,Reject,"Z1, Z2, Z4",1.2244495873264492,1.1390243246169165,-0.08542526270953243,1.006874243919364,1.4948987961048228,347.2259567128363,0.36028592303735657,0.24086806873193994,0.4890769150353251,Reject,1.1386076192112813,-0.08584196811516791,0.9966461379162774,1.464365297995501,365.0656779105438,Reject,Reject,Reject,Accept,1.0502533118221897
0.830795171658316,0.9787442610662411,0.20148830961906633,0.009230645952265304,0.2941282663119687,Reject,"Z1, Z2, Z4",1.1396072926574665,1.1196985392160053,-0.01990875344146114,1.0343355916201853,1.683987355826993,340.5209575230395,0.20148830961906633,0.06423684989922052,0.3361152156820495,Reject,1.1199247919100683,-0.019682500747398295,1.0061847219034403,1.6149247096016444,359.3477300572747,Reject,Reject,Reject,Accept,0.6182993588039066
0.6207509323977052,0.8266182781579643,0.2790864817252937,0.1805041149824681,0.4476700519677649,Reject,"Z1, Z2, Z4",1.0073064575725101,0.9820988157553846,-0.025207641817125735,0.8600583017572725,1.1858434661135726,337.4786415167393,0.2790864817252937,0.1412178640163881,0.40237907301350223,Reject,0.9832704318550473,-0.024036025717463022,0.8742032694290066,1.2165203059414789,349.1838691741264,Reject,Reject,Reject,Accept,0.9943921233856224
0.6592375570350582,0.8484507406093464,0.1388262524721918,0.060108597092056223,0.34165763579449093,Reject,"Z1, Z2, Z4",0.9874630775538566,1.040510398220712,0.05304732066685531,0.8913532576613125,1.234738523854713,329.64094685376466,0.1388262524721918,-0.0028949307149830836,0.27686572456423264,Accept,1.0411385566206741,0.0536754790668176,0.9232398472845011,1.306868518800315,331.3841790069524,Reject,Reject,Reject,Reject,1.3858559808168336
0.48661766666948975,0.846664522179249,0.3345389255678842,0.24743824805909193,0.5008220980041824,Reject,"Z1, Z2, Z4",0.9419775768053417,1.1474790443134173,0.20550146750807546,0.982253661344971,1.500325588215851,333.3533557676117,0.3345389255678842,0.2065840735705748,0.45402026030680054,Reject,1.1472851821435803,0.20530760533823858,0.9339535659432908,1.409512706702462,338.8944280710565,Reject,Reject,Reject,Accept,0.6659765336332139
0.89044070300127,0.9409801304195956,0.2371661488772286,0.0758115159642615,0.3392104716754516,Reject,"Z1, Z2, Z4",1.2357368758519385,1.1831037874359092,-0.05263308841602938,1.0973994076165774,1.8097167989601488,359.94613880702883,0.2371661488772286,0.11029456405238562,0.37025938415842125,Reject,1.1829468187191712,-0.05279005713276728,1.1027368660082801,1.818760613899814,373.4409140505336,Reject,Reject,Reject,Accept,0.7452598960911082
0.6806554846452906,0.8030425341373931,0.3960299769789198,0.2599913109420354,0.5135989652768997,Reject,"Z1, Z2, Z4",1.2146891438070984,1.2107336438212153,-0.003955499985883065,1.0650518331605157,1.7030180370072343,371.25688329830103,0.3960299769789198,0.2599022795349945,0.5267084085338749,Reject,1.2102446001903375,-0.004444543616760915,1.0668438456721268,1.709692733824439,388.61534217167105,Reject,Reject,Reject,Accept,1.0545882431602984
0.44062181103481063,0.795493463794233,0.324496876943511,0.21838323878293844,0.4450793548093203,Reject,"Z1, Z2, Z4",1.0353767616396505,1.0679941928723073,0.032617431232656736,0.9196884625170749,1.2747438349562277,313.8397513954988,0.324496876943511,0.22037289220192885,0.4381177722498991,Reject,1.0673620843343405,0.03198532269469014,0.9308067560787582,1.3158567249136175,332.64930497398007,Reject,Reject,Reject,Reject,1.0773832126625105
0.6791105838354422,0.8139187747709754,0.2653337168704381,0.15518849526012532,0.4402141888809702,Reject,"Z1, Z2, Z4",1.283562403627799,1.2139401386061228,-0.06962226502167612,0.9951886271723586,1.5608540871830685,366.08862915447617,0.2653337168704381,0.13037867798086808,0.4009415318575341,Reject,1.211673263187338,-0.07188914044046112,1.0147711198594471,1.6458853527250132,381.0416538551403,Reject,Reject,Reject,Accept,0.9472509514159448
0.7647233101507036,0.8397489966422884,0.2483306883007513,0.13786069763864678,0.3703416598614966,Reject,"Z1, Z2, Z4",1.1878632906188733,1.0739495892973834,-0.11391370132149002,1.0266439321014427,1.7012799883003125,356.0918948753511,0.2483306883007513,0.13309878601648822,0.3561023797416609,Reject,1.074509946620627,-0.11335334399824634,0.9973062000369062,1.5520364560400846,367.5320927673061,Reject,Reject,Reject,Accept,1.0445690446443112
0.788139965327641,0.8698630775932455,0.20951755789558424,0.11484374260794936,0.36728864117778814,Reject,"Z1, Z2, Z4",1.263498924086975,1.190518868940982,-0.07298005514599297,0.9697269838351539,1.4506798124373659,345.8995248390387,0.20951755789558424,0.07995999393861922,0.3358927071027721,Reject,1.1919131256320368,-0.07158579845493816,0.9991220608001193,1.5575346558858572,363.4894173693267,Reject,Reject,Reject,Reject,1.1120624673812611
0.5258367801006838,0.8789337470748233,0.35453049673480447,0.2070445353876991,0.4725917974550958,Reject,"Z1, Z2, Z4",1.3928471260787267,1.338128343941616,-0.054718782137110615,0.972503069245609,1.4697834456356285,343.8895316810823,0.35453049673480447,0.22692378614353131,0.4847491042733073,Reject,1.3371722066104847,-0.05567491946824207,0.9826059453504747,1.5265054379618654,361.2179065807316,Reject,Reject,Reject,Reject,1.094493431867679
0.8113402203125883,0.8828101462858003,0.3444540519541189,0.15419678476799273,0.46050394057107286,Reject,"Z1, Z2, Z4",1.2658328699411705,1.265809796941734,-2.307299943637181e-5,0.9951677543001574,1.5453258578659903,377.20676690988,0.3444540519541189,0.1961174887420844,0.5025796322619052,Reject,1.2671492595340352,0.0013163895928646947,1.0056821024053284,1.579353454634007,388.8187355453955,Reject,Reject,Reject,Reject,1.2816201595413352
0.5568957555005721,0.770764092603262,0.2774159989972035,0.19943404158367667,0.4776018966339014,Reject,"Z1, Z2, Z4",1.210522842246506,1.1698912531445131,-0.040631589101993,1.0140120872056846,1.5834502746658912,351.12553874187574,0.2774159989972035,0.143385833347084,0.4161897269284626,Reject,1.1703453346737718,-0.04017750757273437,0.9732566393274372,1.4831365397736802,352.4000590411936,Reject,Reject,Reject,Reject,1.479381763776739
0.6692803545176267,0.8478298756351961,0.27447454350619094,0.19942792693000655,0.50464510968673,Reject,"Z1, Z2, Z4",1.1356316198919025,1.1433049935651363,0.007673373673233764,0.9834025652416026,1.5908804815917514,365.1741993826801,0.27447454350619094,0.12447787942434184,0.4182374119909251,Reject,1.1405859689634044,0.004954349071501768,0.9742670190584111,1.564108927839209,374.55371437680634,Reject,Reject,Reject,Accept,0.9259526813816251
0.9033321883053816,0.9480146063519724,0.2121205693361884,0.09703084780809362,0.37123559926416083,Reject,"Z1, Z2, Z4",1.096402260390365,1.0740634538058191,-0.02233880658454592,1.0215768211648488,1.6141344995215967,360.98574582487043,0.2121205693361884,0.0768389396654722,0.34498672787468837,Reject,1.0752977900189105,-0.021104470371454458,1.0441508580708114,1.6578788015853805,373.7021328199399,Reject,Reject,Reject,Accept,1.0701161851708025
0.56704829819063,0.8215843222749626,0.2881208000356146,0.13635791271190223,0.4336447432374728,Reject,"Z1, Z2, Z4",1.1383270250864985,1.1880841085759153,0.04975708348941659,1.064563472048867,1.8185134037743134,351.38739891630013,0.2881208000356146,0.1533478185685374,0.4307223381403281,Reject,1.1893662990127691,0.051039273926270515,1.0303227041881131,1.697102154899033,368.43473395959876,Reject,Reject,Reject,Accept,0.9820428193578729
0.746521957356545,0.8713091015147703,0.21993291374902277,0.0877012552980235,0.3500517292822357,Reject,"Z1, Z2, Z4",0.9626238650657569,1.0116063382419076,0.04898247317615054,0.9824561015841479,1.4127001209545538,330.939759014238,0.21993291374902277,0.08663182574614826,0.3511045424254197,Reject,1.0120017689782939,0.04937790391253681,0.9001330568286179,1.2301305596486931,337.41233744619717,Reject,Reject,Reject,Accept,0.8524117004708566
0.6045314362921104,0.8636414868419968,0.23822595667684476,0.12862594503745753,0.3957100959223449,Reject,"Z1, Z2, Z4",1.071741916875796,1.020665396848911,-0.05107652002688505,0.996449275352213,1.4962868630513466,336.8960796279778,0.23822595667684476,0.1076384051989471,0.36466463308913694,Reject,1.0200224591223412,-0.051719457753454885,0.9762979849744848,1.4367953792654422,351.6418699542446,Reject,Reject,Reject,Accept,0.7891258197674259
0.6534682975130734,0.8956839172435076,0.20055581351002982,0.1302549199626153,0.37944963809633214,Reject,"Z1, Z2, Z4",1.3732208929376055,1.352911956937775,-0.020308935999830437,0.9065920733707803,1.4197207023723244,338.7932704838197,0.20055581351002982,0.06952425373167335,0.3224597531277137,Reject,1.3517463596755925,-0.021474533262012985,0.9366215933274237,1.4932794502069793,355.02228784010083,Reject,Reject,Reject,Accept,0.3595072806486243
0.6284751837988058,0.8931348999551946,0.2846037576267354,0.16212163631108079,0.4408260330207681,Reject,"Z1, Z2, Z4",1.168454781945401,1.0820544361052307,-0.0864003458401704,0.9962367225882108,1.5578516487488299,339.5215054912998,0.2846037576267354,0.1501731794984551,0.4226380781861541,Reject,1.081897104699769,-0.0865576772456322,0.9795187550380761,1.4807080933943586,355.9287108385837,Reject,Reject,Reject,Accept,0.7700119361680374
0.6726794286811896,0.8779920021771898,0.24512680625284483,0.1334800843328835,0.4259997300140666,Reject,"Z1, Z2, Z4",1.099520787461177,1.0834614699137377,-0.01605931754743918,1.084982698939083,1.7804538400692016,350.05884497009254,0.24512680625284483,0.10339913883079607,0.385831621076325,Reject,1.0846237692909548,-0.014897018170222095,0.9910983245729232,1.4966903493537418,360.5079564263464,Reject,Reject,Reject,Accept,0.8987473779597305
0.7963961902007688,0.929367940149997,0.1358397152488867,0.07202205955927724,0.33264918024772316,Reject,"Z1, Z2, Z4",1.0921196187686297,1.0535400070953442,-0.038579611673285545,0.9855619024152651,1.515315758406015,335.07547634758276,0.1358397152488867,0.005557626081113383,0.26806846063159745,Reject,1.053785965169761,-0.03833365359886886,0.9682699973651828,1.4631372935417466,333.3925051947557,Reject,Reject,Reject,Accept,1.0040197255216656
0.5595845297046691,0.8951272602786529,0.21685510609279898,0.1310534848936121,0.395691062581802,Reject,"Z1, Z2, Z4",1.2234210702074422,1.1208511138319133,-0.10256995637552903,1.0020799980663613,1.491304186338349,322.91346628774744,0.21685510609279898,0.08672719031905886,0.34421490100036833,Reject,1.119840803628786,-0.10358026657865632,1.026468953671663,1.5849546511063346,336.76163690113714,Reject,Reject,Reject,Accept,0.716565873831868
0.6283063070876642,0.8454546924779094,0.1881928356760742,0.10284634095305319,0.37341750614488045,Reject,"Z1, Z2, Z4",1.1754674928941806,1.144247908098479,-0.031219584795701583,1.031928176238548,1.5951999388402855,333.7461061020888,0.1881928356760742,0.04964884099238238,0.32373891239589103,Reject,1.143689452275708,-0.03177804061847282,1.0204605127385638,1.5651818338348467,344.7662668951249,Reject,Reject,Reject,Accept,0.9211620123220216
0.7837595822260999,0.8265669083906512,0.27540008557613027,0.15482119877690687,0.4023779512024358,Reject,"Z1, Z2, Z4",1.132440861090789,1.1669676597825516,0.034526798691762506,0.9560909718011655,1.5226207099615647,360.48396524221033,0.27540008557613027,0.15402776738776996,0.411622100674891,Reject,1.1673746257512791,0.03493376466049002,0.9650536823339229,1.5327443887750265,377.18832936973195,Reject,Reject,Reject,Accept,0.8707512810622714
0.5729730810484337,0.8511727078477371,0.32694857077052036,0.19984340124591993,0.5112777898799705,Reject,"Z1, Z2, Z4",1.1000522005820819,1.1667811688188614,0.06672896823677965,0.9648748592772527,1.5429432637764364,343.74657492872984,0.32694857077052036,0.17420168817324183,0.49674107370701,Reject,1.1670368386246137,0.0669846380425319,0.9839488620354763,1.5958781636243455,359.0937486789376,Reject,Reject,Reject,Accept,0.607352172941093
0.7625242511427578,0.8288197541754616,0.2742690030057138,0.18187501524434,0.40264069253842166,Reject,"Z1, Z2, Z4",1.2406529295452986,1.249319912554451,0.008666983009152359,1.0166973026788453,1.6644370180408812,356.1956628221872,0.2742690030057138,0.16410390311441264,0.3858642089382287,Reject,1.2491541780777313,0.008501248532432724,0.9900077362542563,1.6182492967658144,371.1198428997473,Reject,Reject,Reject,Reject,1.3962836837491317
0.6601942743241401,0.830531034474902,0.23940298764051915,0.19260382054114072,0.4545263127392234,Reject,"Z1, Z2, Z4",1.2183532184832053,1.276244770053749,0.05789155157054374,1.0456144134985865,1.6368105579461507,366.72784085906346,0.23940298764051915,0.10775697523062158,0.37281113546954514,Reject,1.2766461916525342,0.058292973169328875,1.0391046697598163,1.627309766508797,373.81360681496466,Reject,Reject,Reject,Reject,1.2075875819004573
0.7718341591192409,0.8465621510306293,0.2544433763594907,0.17333875863306125,0.3933825096111209,Reject,"Z1, Z2, Z4",1.361375880352331,1.2241483310232923,-0.13722754932903863,1.0104688470786458,1.5170536969789836,357.6254138031437,0.2544433763594907,0.140022407324545,0.3633452956703763,Reject,1.2227880235064519,-0.13858785684587932,0.9331982368820807,1.376087547853788,367.29665700769374,Reject,Reject,Reject,Accept,0.5109999097391827
0.5291078069799592,0.8558077625367516,0.34322433449930934,0.1766798095819231,0.44807782340358765,Reject,"Z1, Z2, Z4",1.094312104358338,1.119638203913323,0.025326099554985135,1.0007632977469192,1.519529687804016,335.46251210470473,0.34322433449930934,0.21348009181133942,0.47251501377446314,Reject,1.1187237285819587,0.02441162422362088,1.006467258649615,1.561701520935904,346.7357115997299,Reject,Reject,Reject,Accept,0.9073909233817727
0.8029619665925082,0.8271272756075972,0.19891338279079487,0.07074249195862994,0.3001602423671317,Reject,"Z1, Z2, Z4",1.162648560283077,1.1607468769163267,-0.0019016833667501207,0.9459033929690509,1.4075430978965773,338.94704544990236,0.19891338279079487,0.08989965674348707,0.3174146136454984,Reject,1.159866683504685,-0.002781876778392019,0.9523091823230834,1.4575141988797262,355.2754340890708,Reject,Reject,Reject,Reject,1.525046540061178
0.7531653070377556,0.8534019431743907,0.17473983544838137,0.096487107726552,0.36019798612411846,Reject,"Z1, Z2, Z4",1.1852858871098735,1.1790029600925107,-0.0062829270173628046,0.8868017569948756,1.232664942833887,350.8487346610436,0.17473983544838137,0.03977009071717257,0.30331129393593104,Reject,1.1795128140463214,-0.005773073063551954,0.9522324838046133,1.4054950136834186,365.88848503456717,Reject,Reject,Reject,Accept,0.9418154097018887
0.8315465801164678,0.9770010431992127,0.1048184005710636,-0.011614482693682485,0.29101010577956415,Accept,"Z1, Z2, Z4",0.9774545592741801,0.9854684684050392,0.008013909130859104,0.9981268369211136,1.528707103065764,346.78335827056827,0.1048184005710636,-0.04664300342344481,0.26343476778739977,Accept,0.9843509485493015,0.006896389275121304,0.9900286418495284,1.5163172208621374,356.46374866024877,Reject,Reject,Reject,Accept,0.6313576456119723
0.46661956053787285,0.8382836855190542,0.27105191216455493,0.18913056355947058,0.43252682494920747,Reject,"Z1, Z2, Z4",1.0409363001053644,1.0579665517268535,0.01703025162148915,0.9575432215055084,1.398298870793565,320.0893146705754,0.27105191216455493,0.15162153955666685,0.38842521540493297,Reject,1.057489301044351,0.01655300093898643,0.9207272394400657,1.3080875882176644,329.9218720829563,Reject,Reject,Reject,Accept,1.0106271127450128
0.6851504408568244,0.8388111963308789,0.1989625361071933,0.11751819601264975,0.35844489062908347,Reject,"Z1, Z2, Z4",1.4219721796615332,1.2836791760782738,-0.13829300358325952,0.9451086967942764,1.3789905880969169,344.2187187105911,0.1989625361071933,0.08961250561085143,0.30925575692931323,Reject,1.283103015759094,-0.13886916390243934,0.9730124656928012,1.453880548374838,355.89154820682387,Reject,Reject,Reject,Accept,0.2771765375739157
0.6763311701088592,0.8577661954105557,0.25952983152949466,0.12442346698136894,0.39252787292475994,Reject,"Z1, Z2, Z4",1.3237403051137844,1.3797746754046543,0.056034370290869856,0.9043307889127065,1.3174223517207873,342.3038112422737,0.25952983152949466,0.13792099657196388,0.3744321808206028,Reject,1.379348402971457,0.0556080978576727,0.9648939613179421,1.4880331431971878,346.0644316056593,Reject,Reject,Reject,Reject,1.3255669266245707
0.5342003660763698,0.8476753538070666,0.2688621967637091,0.1868300370366548,0.4081243232183423,Reject,"Z1, Z2, Z4",1.0243227372038186,1.1116792638375652,0.08735652663374656,1.0217791715872069,1.7587170951650326,317.3931282614847,0.2688621967637091,0.16052317934998625,0.36977492946578383,Reject,1.1109425505721757,0.08661981336835704,0.9577983367863696,1.5964347550422409,312.68773099256737,Reject,Reject,Reject,Reject,1.358604423145774
0.8218252925484552,0.8462488126842249,0.21574003217208645,0.1341143305676093,0.3606219530567663,Reject,"Z1, Z2, Z4",0.9183252623384023,1.020779665386077,0.10245440304767466,1.1426979762742842,1.9582327961176138,355.0586968974089,0.21574003217208645,0.10308270494125528,0.3353130658112205,Reject,1.019115534036579,0.1007902716981767,1.0384133741632484,1.599809086581868,355.18836387007286,Reject,Reject,Reject,Accept,0.8271860230486083
0.6574737871087336,0.8492029097628162,0.45461169394779793,0.2742267867745039,0.5792658383749697,Reject,"Z1, Z2, Z4",0.8476773318830041,0.9057847195419703,0.05810738765896629,1.112630324389375,1.9682502259350754,363.07856380726713,0.45461169394779793,0.3096660072489693,0.6058217816042909,Reject,0.9056428197886329,0.057965487905628915,1.0435550797740667,1.746691311120131,369.20150279002036,Reject,Reject,Reject,Reject,1.2807291890687302
0.7541649265011987,0.8674622300401489,0.2523234525409134,0.11961418083600422,0.36676573521440836,Reject,"Z1, Z2, Z4",0.981632036419835,1.0866991703793625,0.1050671339595276,0.9352401837673265,1.3739459317860194,338.58531170082193,0.2523234525409134,0.13245107096931347,0.3740977676158682,Reject,1.0869132620532795,0.10528122563344464,0.9351191668171064,1.439120745730291,351.85311475709085,Reject,Reject,Reject,Accept,0.9230394384208583
0.48995132907130534,0.8719994019762763,0.2800418893018547,0.16254117955998826,0.42209694853740454,Reject,"Z1, Z2, Z4",1.1202489216617997,1.0476287689677006,-0.072620152694099,0.961565197430478,1.4290313430371002,317.4291147615674,0.2800418893018547,0.15299275876705049,0.41016952341534574,Reject,1.0487035814469958,-0.07154534021480394,0.96973769222701,1.473934453732462,326.70785814606376,Reject,Reject,Reject,Accept,0.2867743737060453
0.6459261381166771,0.8856389808233136,0.12371053743456391,0.06050144315674648,0.302459786540413,Reject,"Z1, Z2, Z4",1.0407005194622632,1.00829854979597,-0.03240196966629332,1.0084466335223352,1.4676312315732056,321.3173810307182,0.12371053743456391,-8.003273575051123e-4,0.23666438929465516,Accept,1.0073391397491687,-0.03336137971309468,0.9862108409141555,1.432861529352879,331.9251896993255,Reject,Reject,Reject,Reject,1.2854448817723612
0.759903499678814,0.9511590076573505,0.1495703605056278,-0.001197090473396464,0.3023554623983964,Accept,"Z1, Z2, Z4",1.37246711955327,1.2014154602327334,-0.17105165932053665,0.9726356681881327,1.4629525052142471,339.9687301288996,0.1495703605056278,0.010073889980254314,0.298706321448477,Reject,1.202117759785904,-0.17034935976736584,1.0010883154301138,1.476594654345674,349.6196461537768,Reject,Reject,Reject,Accept,0.753850228813203
0.7158879336707653,0.9159946257938493,0.17928811061872393,0.0552827227166932,0.29761105030031976,Reject,"Z1, Z2, Z4",1.3245186096327153,1.1787129444146809,-0.14580566521803445,0.9489533422503725,1.4040371214000522,328.3263044105862,0.17928811061872393,0.06413645307671884,0.2937249274791412,Reject,1.1777162864174127,-0.14680232321530248,0.9720075756326317,1.466125040815043,342.98086588177136,Reject,Reject,Reject,Accept,0.6831711472206511
0.6416553071825524,0.8503258490442174,0.3502149103505415,0.24775883469799115,0.5171312857809746,Reject,"Z1, Z2, Z4",1.119471696341223,0.9383247337803029,-0.18114696256092,1.0458357215761578,1.7299198739816108,357.4475689307291,0.3502149103505415,0.21375998809593022,0.4756883399353314,Reject,0.9375293952351788,-0.18194230110604412,0.9983530109801293,1.6015265186657834,365.2197570121595,Reject,Reject,Reject,Accept,0.9905212328021779
0.5689958749653831,0.7929463114346725,0.3375112048290136,0.24463077270544825,0.47503883585494566,Reject,"Z1, Z2, Z4",1.287865601986291,1.2307572151779982,-0.057108386808292846,1.0076804035211422,1.7162273150507057,358.78683050170054,0.3375112048290136,0.22526137135498064,0.4457873949299108,Reject,1.231728262319962,-0.05613733966632922,0.9585249246103067,1.538171379256403,367.3196400741023,Reject,Reject,Reject,Reject,1.4744445188744852
0.5253139474885523,0.8613171374801742,0.24558905655237778,0.1645571484722776,0.4293091316954701,Reject,"Z1, Z2, Z4",1.1718064100294991,1.1200825792917208,-0.05172383073777819,0.9937219306996296,1.5983471149538861,332.28667140778987,0.24558905655237778,0.11354491323153981,0.3846099787478564,Reject,1.1208507183771077,-0.05095569165239133,0.9716526590591092,1.5363765818626363,347.0206290853921,Reject,Reject,Reject,Reject,1.3252260109080465
0.5287530573276717,0.8272425130815458,0.2697093487150168,0.20189309273224312,0.43489327866110655,Reject,"Z1, Z2, Z4",0.9954193405936969,0.9920653887543991,-0.003353951839297807,0.9294727553517788,1.3363293367180775,330.0082635384642,0.2697093487150168,0.15477864233659439,0.3808313266864892,Reject,0.9919489709993627,-0.0034703695943341475,0.9041005079525964,1.2633747824661117,347.59396965257156,Reject,Reject,Reject,Accept,0.8227338085973479
0.63732532829200506,0.84820693424928,0.29006466024725897,0.1858912137129561,0.4284571606421731,Reject,"Z1, Z2, Z4",1.085774925135475,1.1162349806867935,0.03046005555131866,0.9387744393824249,1.3808025953949272,343.41011141090365,0.29006466024725897,0.17247858430046653,0.41551453213969597,Reject,1.1161309356338929,0.030356010498417844,0.9546420210296594,1.4135753957373,360.6592336012209,Reject,Reject,Reject,Accept,0.8310158238440212
0.7892030796095474,0.8819850277365154,0.20466192489798343,0.10398520767420484,0.34978962439719785,Reject,"Z1, Z2, Z4",1.2034240805712875,1.2857620438203625,0.08233796324907491,1.0688803516561678,1.764486442087344,354.3383759389809,0.20466192489798343,0.07832269520130392,0.3297816493749185,Reject,1.2865700384051293,0.08314595783384193,1.055366530972831,1.728465647803171,369.50746633530184,Reject,Reject,Reject,Reject,1.4033742124758843
0.5139774910823051,0.8751652324500644,0.32424704014461575,0.1888440742684268,0.4486659552776422,Reject,"Z1, Z2, Z4",1.4283935301475597,1.4456992383535414,0.017305708205981842,1.0310257259223645,1.6422962204108513,362.1753545921236,0.32424704014461575,0.1888458741119258,0.4521285609170059,Reject,1.4450105126608739,0.016616982513314275,1.0394864108645445,1.689950203959957,379.7866421693952,Reject,Reject,Reject,Reject,1.3084776430779608
0.7114230960913365,0.8757890336895147,0.2831482128826051,0.1973126050443602,0.47749651512156716,Reject,"Z1, Z2, Z4",1.2448158808559284,1.1969639279203788,-0.04785195293554964,1.1474812017714684,2.1018351916456552,359.3901959052351,0.2831482128826051,0.15227007174775464,0.4244804601335182,Reject,1.1958350003802833,-0.04898088047564508,1.0601915664450932,1.758845617737464,370.7548651848155,Reject,Reject,Reject,Accept,0.6329744560379075
0.5448130406867522,0.8527826249138296,0.2643330643359101,0.14064438362571943,0.4074688700349317,Reject,"Z1, Z2, Z4",1.2862985829066471,1.338990287567656,0.05269170466100912,0.9703053748011752,1.404206014731902,325.14703240026034,0.2643330643359101,0.1357382112950743,0.3870145346823632,Reject,1.3380275738030225,0.05172899089637541,0.94878075002098206,1.3218932882545193,332.26529922722614,Reject,Reject,Reject,Reject,1.152945364005041
0.5192636299188694,0.829896070072664,0.32083556217969483,0.20494921981509998,0.47740912465763335,Reject,"Z1, Z2, Z4",1.1398578132537955,1.0329073569884863,-0.10695045626530901,1.0307043193781418,1.6848879082338464,343.03147838004963,0.32083556217969483,0.17969904713854273,0.45016711892287925,Reject,1.033884129563713,-0.10597368369008273,0.9730843701962087,1.470447496167871,353.9952283541744,Reject,Reject,Reject,Accept,0.806525827551835
0.618041575480769,0.8671830987526677,0.2135991731264234,0.17736521418301465,0.4271707386143654,Reject,"Z1, Z2, Z4",1.2058735314901554,1.1398179465951022,-0.06605558489505321,1.0024631017776118,1.5454369062676696,345.88128954442175,0.2135991731264234,0.09259036973142988,0.3389509109145577,Reject,1.1402624093718066,-0.06561112211834888,0.9920421819341892,1.5204532515426432,353.5051147456859,Reject,Reject,Reject,Accept,0.6833712828570656
0.7418342110693964,0.8397219337425733,0.2505000467307986,0.16516417302350803,0.3810910841635618,Reject,"Z1, Z2, Z4",1.2373464200986897,1.0836529490274285,-0.15369347107126122,0.9798784558552575,1.5487531655660836,358.22160473596796,0.2505000467307986,0.14572514958738325,0.35320306349342284,Reject,1.08360352737544,-0.15374289272324954,1.0026416007504106,1.6050132835474773,372.7943672208139,Reject,Reject,Reject,Reject,1.593246682735661
0.6975109569569174,0.988984209077006,0.2745103983274194,0.09297484154954738,0.398274534589188,Reject,"Z1, Z2, Z4",1.1497152770101073,1.1365040251797354,-0.013211251830372134,1.0151047134237545,1.4711635920603863,325.0111926439615,0.2745103983274194,0.1245639044302447,0.4236005075851382,Reject,1.1358945827584837,-0.013820694251623713,1.0365632354879148,1.5355182095529123,342.06938847818975,Reject,Reject,Reject,Accept,0.907363709636906
0.7183211394005216,0.8063087541957263,0.3024646489415204,0.16895129038105586,0.4469597260544966,Reject,"Z1, Z2, Z4",0.9906961110666744,1.0813161544229069,0.0906200433562325,1.0968093020780287,1.8994174087441287,361.5596843146483,0.3024646489415204,0.1704369480980025,0.44233409618907304,Reject,1.0808142225989683,0.09011811153229383,1.0569911787382495,1.7694694158073079,378.40291139369555,Reject,Reject,Reject,Accept,0.7917783084075624
0.783974438970787,0.8576557284073352,0.2587545211068493,0.1553478991064127,0.40494200713130785,Reject,"Z1, Z2, Z4",1.1191149727237346,1.2512297312864,0.13211475856266558,0.9848242280013443,1.5124818216686031,362.9502020425422,0.2587545211068493,0.14041966637712325,0.3839270245500658,Reject,1.2517320539933208,0.13261708126958616,1.0092336895599905,1.5813840099864023,373.12763252782634,Reject,Reject,Reject,Accept,0.7133953018673352
0.7353569912640278,0.9577303407638493,0.1990648004777877,0.051207350131393214,0.34823588882952927,Reject,"Z1, Z2, Z4",1.2060372511563802,1.0491861576584334,-0.15685109349794685,1.0266760580829069,1.533237446878208,326.25612096174336,0.1990648004777877,0.06391597807462196,0.336755864039383,Reject,1.0492850219511627,-0.15675222920521759,0.9960358897872866,1.5139681336904005,319.90094966717936,Reject,Reject,Reject,Accept,0.919341804027864
0.5844685024315257,0.8566755764911678,0.28550627634443937,0.18083373150801135,0.46531269864843094,Reject,"Z1, Z2, Z4",1.0830613631616173,1.0271997931891992,-0.055861569972418236,0.992007339293526,1.6192205221225036,340.9669155710468,0.28550627634443937,0.1485580757055136,0.42091695323813927,Reject,1.0269950123690075,-0.05606635079260984,0.9488910832736597,1.442127480476571,344.7626617223723,Reject,Reject,Reject,Accept,0.7503277948499355
0.6466414907465775,0.8430385065572401,0.3489199261654172,0.2221909712173868,0.4675477025501796,Reject,"Z1, Z2, Z4",1.0935071807767334,0.9639228972382352,-0.12958428353849813,1.03473145282141,1.6567226190814506,360.0325793252237,0.3489199261654172,0.23239658222628512,0.4699267606287506,Reject,0.9636918480861291,-0.1298153326906043,0.9998548434533946,1.5748761832998355,374.0979916174053,Reject,Reject,Reject,Reject,1.7000886903716736
0.763181460292137,0.8549213358904062,0.27953584663940795,0.14625649721210077,0.4099030544767701,Reject,"Z1, Z2, Z4",0.9978806331045822,1.1591103000742125,0.16122966696963023,0.9848653864583606,1.5995361803659642,352.6634862101684,0.27953584663940795,0.14937386760277258,0.41202897729090177,Reject,1.1597321291896394,0.16185149608505722,0.9777356327308051,1.6294369361398922,369.34531807605237,Reject,Reject,Reject,Accept,0.49717758431651643
0.6511511819302513,0.8452254100884073,0.30683073395531973,0.22096662778933432,0.46002573518819484,Reject,"Z1, Z2, Z4",0.9871469675700884,1.0435366984005108,0.056389730830422403,1.0775852215490898,1.692433622076621,342.9712496916672,0.30683073395531973,0.18897300126061428,0.4249751486581116,Reject,1.0424175668004558,0.0552705992303675,1.0180307857918474,1.4999556075301406,358.33765599357355,Reject,Reject,Reject,Reject,1.533984290042471
0.7256748725491314,0.8523329248340918,0.26764638547484765,0.1623646961199831,0.39345905929481884,Reject,"Z1, Z2, Z4",1.2309084279396303,1.2273259537328276,-0.00358247420680274,1.0333691379145418,1.6359150170783343,356.3978498622069,0.26764638547484765,0.14972056814785661,0.38014955105174464,Reject,1.2276025197664024,-0.0033059081732278767,1.0015760476777282,1.5657103489683633,367.4866777883846,Reject,Reject,Reject,Accept,1.0020927002815123
0.782483255403592,0.8981133665264104,0.2805735084824952,0.13138557471567297,0.4269056956523034,Reject,"Z1, Z2, Z4",1.2155436036029097,1.006723670622229,-0.208819932980681,0.9228378917211415,1.371264302167318,352.4923974302059,0.2805735084824952,0.13372813315414586,0.42430833699524634,Reject,1.0075856636150629,-0.20795793998784695,0.8906921519494589,1.2670664427060963,368.5920610493469,Reject,Reject,Reject,Reject,1.1408423376863546
0.9304061922293893,0.8541004622073276,0.23556735375156357,0.10100719625767682,0.39165827825422467,Reject,"Z1, Z2, Z4",1.3485240370652676,1.2388704957324777,-0.10965354133278997,1.0607218474154692,1.8276363397829156,379.9587412962081,0.23556735375156357,0.0929655978020022,0.37357685539892527,Reject,1.2378942105860529,-0.11062982647921478,1.0130567870877496,1.5900256695899724,386.4798840583642,Reject,Reject,Reject,Accept,1.0417878105875273
0.7512323586177375,0.911169918760793,0.1648670435281122,0.03337900507145325,0.3134105588645947,Reject,"Z1, Z2, Z4",1.258500074193437,1.172020536350582,-0.08647953784285502,0.9894614584316677,1.5177608262153417,336.11202520756177,0.1648670435281122,0.02761770605500954,0.2986526628462547,Reject,1.1725730361317,-0.08592703806173692,0.9762583294785591,1.4623267421666863,346.9962240918196,Reject,Reject,Reject,Accept,0.8983741831370045
0.6885055152848092,0.8186772402657144,0.3158215674112352,0.2064133915113973,0.4516238715755,Reject,"Z1, Z2, Z4",1.075435605467094,1.0764133961094555,9.777906423616514e-4,0.9880576702027668,1.520595881666344,347.6929036324905,0.3158215674112352,0.18479803500697867,0.43552993298008436,Reject,1.0763593564388791,9.237509717850854e-4,0.9944887285674099,1.5548294728702614,363.3134220357167,Reject,Reject,Reject,Reject,1.0453846564583205
0.5927532443037196,0.8838419687173852,0.2978308261345285,0.17926330875311136,0.4337895050226902,Reject,"Z1, Z2, Z4",1.0627592763351024,0.9959201113612011,-0.0668391649739013,0.933802392460589,1.2477603645580624,330.64307275379974,0.2978308261345285,0.17016960640225282,0.4272249692225216,Reject,0.9962850769010574,-0.06647419943404495,0.9449116592958389,1.2812168091491138,347.70726789908184,Reject,Reject,Reject,Accept,0.7012620536238299
0.581071307705984,0.7997558696234248,0.3448832796156976,0.24640073205703694,0.49784832132308765,Reject,"Z1, Z2, Z4",1.4682498334793537,1.3386065979840436,-0.12964323549531,0.9804393105138922,1.420267151631267,356.13547552275054,0.3448832796156976,0.21643346428417343,0.46558906690717106,Reject,1.3380590091552624,-0.13019082432409115,0.9810707329407093,1.4403789817559056,369.25987970295984,Reject,Reject,Reject,Accept,0.9968936377063313
0.5808689115027266,0.7776219092094934,0.339416726752534,0.23878184126677449,0.4904456177201221,Reject,"Z1, Z2, Z4",1.1878404673041445,1.2108506792057587,0.023010211901614137,1.0750023789588183,1.78484578802971,357.80850172599446,0.339416726752534,0.2192609814401939,0.4651651036727818,Reject,1.2098915884876404,0.022051121183495878,1.0476581549287984,1.7319160955929433,372.7083977192047,Reject,Reject,Reject,Accept,0.9181655346287229
0.5269936799408468,0.8788082010621485,0.17545834312135125,0.07980245254827487,0.29378979640131764,Reject,"Z1, Z2, Z4",1.2257441205958368,1.118996254256376,-0.10674786633946079,0.9834902416162631,1.4368906502742305,306.8435919238459,0.17545834312135125,0.07012790173830115,0.2795761279359871,Reject,1.1191863315046269,-0.10655778909120985,0.9799666809870776,1.4560382672311214,326.16453415961223,Reject,Reject,Reject,Reject,1.1956249691036742
0.6155671113944018,0.8726569270431443,0.23129553966416602,0.10296764415855852,0.35549950058840574,Reject,"Z1, Z2, Z4",1.0684312665029203,1.039057054363448,-0.029374212139472375,0.9879680667306843,1.5753179467123917,328.211418690886,0.23129553966416602,0.09935742426654576,0.3602855721746015,Reject,1.0394572636023967,-0.028974002900523665,1.0058515297962376,1.642433154923591,348.8545407230222,Reject,Reject,Reject,Accept,1.1021833210958474
0.6053724839968236,0.8546201539509279,0.34995784965587734,0.2449973640750258,0.5402459427718156,Reject,"Z1, Z2, Z4",1.055260700529686,1.1834027976053987,0.12814209707571286,1.0172771816812434,1.728765205397856,354.0703482902479,0.34995784965587734,0.20915721057213826,0.4995711685001532,Reject,1.184202350823459,0.12894165029377322,0.9868533741863981,1.616848209075027,368.30811173424155,Reject,Reject,Reject,Reject,1.124781383514492
0.8005096144815184,0.903727025189899,0.25613348221061777,0.12493080023084067,0.4275428881823685,Reject,"Z1, Z2, Z4",1.2518786265459048,1.2469590739367515,-0.004919552609153177,0.9493358794375054,1.371486863738725,368.5125975809635,0.25613348221061777,0.10178612775155518,0.4095955986871509,Reject,1.2475761774950223,-0.004302449050882497,0.9914167094627337,1.5145403113701608,378.4020638063793,Reject,Reject,Reject,Accept,0.7473707997879144
0.7462593330985684,0.8396006589592331,0.28238969809799963,0.16529175318554312,0.4103712495222613,Reject,"Z1, Z2, Z4",1.2096812457391144,1.2596612285697208,0.04997998283060649,1.0704475036494787,1.706050778189885,370.3080282386671,0.28238969809799963,0.16034795460569715,0.4031875962271624,Reject,1.2590903721893136,0.049409126450199126,1.1060264213109596,1.8152481183724758,386.86406472098076,Reject,Reject,Reject,Accept,0.7482662020040023
0.47120094516299466,0.8536234732590099,0.3072182758890892,0.2147568516986194,0.46412033201294495,Reject,"Z1, Z2, Z4",1.3813414260814616,1.302254196890236,-0.07908722919122556,1.0493167427883097,1.6573010691127528,337.0873690115095,0.3072182758890892,0.18284766117421727,0.43100246296117295,Reject,1.301824852414966,-0.07951657366649552,1.0661920026720586,1.7168576692043152,350.1898002428213,Reject,Reject,Reject,Reject,1.1583947949666742
0.8611201143201523,0.8837685108021582,0.24744652859277103,0.10309838042686575,0.3503261965075162,Reject,"Z1, Z2, Z4",1.1164066815518388,1.1130007555655292,-0.0034059259863095524,1.0464917210317233,1.7228104035529794,348.5997419639406,0.24744652859277103,0.12523654090767072,0.37132768251273074,Reject,1.1141955294868384,-0.0022111520650003537,1.0088177726311214,1.5868364543736775,361.77626718944265,Reject,Reject,Reject,Reject,1.4075401139813457
0.6008748962475815,0.8417576564311702,0.2824599048634767,0.172734216247295,0.45419393850905543,Reject,"Z1, Z2, Z4",1.2645679609783569,1.155350924152352,-0.10921703682600482,1.0483587815153361,1.6565692540601984,346.91425508796215,0.2824599048634767,0.14789972042692667,0.41441944420489074,Reject,1.1560213934608228,-0.10854656751753398,1.0264138743692488,1.632212171366117,355.4369791200419,Reject,Reject,Reject,Accept,1.0616451212223694
0.7552947999149153,0.9329841085110633,0.27886618747800496,0.16071058514173134,0.4594252039383867,Reject,"Z1, Z2, Z4",0.9567458909550588,1.0480058083867931,0.09125991743173432,0.9091408600270247,1.3220319435815877,363.82887404420364,0.27886618747800496,0.1411714356499598,0.4409148852351427,Reject,1.0458165321271098,0.08907064117205103,0.9883075369030083,1.5007610368585234,375.1169992120386,Reject,Reject,Reject,Accept,0.6459807178789445
0.4604153148434263,0.8256691190573767,0.3093322797185828,0.21629302054429103,0.4880064759343816,Reject,"Z1, Z2, Z4",1.0684202269012673,1.1650243784977237,0.09660415159645654,1.0486475932944916,1.7418811792256463,326.43090594090467,0.3093322797185828,0.17718788049360723,0.44205107704228325,Reject,1.1662763758748032,0.0978561489735358,0.9702800132739138,1.558978560080328,331.4861011578095,Reject,Reject,Reject,Reject,1.3075536415932179
0.37990578214092613,0.7947857218322686,0.35085392949121796,0.27212297050559153,0.5334070273262501,Reject,"Z1, Z2, Z4",1.2596694607164822,1.303938496393602,0.044269035677119796,1.0948208692701458,1.866274452827557,347.26552722384446,0.35085392949121796,0.22425775241281412,0.4770967993032474,Reject,1.3029792066554493,0.04330974593896717,1.0367222095851971,1.6514953155585947,357.74899414993524,Reject,Reject,Reject,Reject,1.6597159316497618
0.6510333061243961,0.8763348795023445,0.308849168455749,0.18300017009091196,0.41647021428457703,Reject,"Z1, Z2, Z4",1.1048004687750408,1.1080006926804036,0.003200223905362808,0.989447505925971,1.4920598705272665,328.68889531038116,0.308849168455749,0.19849189366524653,0.424643052703837,Reject,1.1083905666028568,0.0035900978278161047,0.9573293779145385,1.3766908398802964,340.70779212308685,Reject,Reject,Reject,Reject,1.2591691736891875
0.5835980725563857,0.8343394329781061,0.3465046339319458,0.21205053483452024,0.49626451245942554,Reject,"Z1, Z2, Z4",0.8643333656394349,0.9379178806518205,0.07358451501238568,1.034033654366847,1.619399674444747,342.55048323793255,0.3465046339319458,0.20270739234627322,0.4731577024031712,Reject,0.9376260010952413,0.07329263545580643,0.9908773943645468,1.4770757210290006,356.68234300476445,Reject,Reject,Reject,Reject,1.1548001898962614
0.7677057970973359,0.8700656513779452,0.2436240194786922,0.11941475413258867,0.3318548613022513,Reject,"Z1, Z2, Z4",1.2148163778120236,1.1708844449695726,-0.04393193284245088,1.0562111277559862,1.785211679477156,332.088727704362,0.2436240194786922,0.14114852885169,0.3476682378705593,Reject,1.1709481849888645,-0.04386819282315906,0.9870645711020323,1.5394793908849203,337.0279497748516,Reject,Reject,Reject,Reject,1.3361182731511014
0.48894504413891615,0.8487215356622902,0.3462983884794649,0.2283415322539463,0.4829333529961488,Reject,"Z1, Z2, Z4",1.0320623881015267,1.0797357388027231,0.047673350701196326,1.0118882004984164,1.7178382034352546,341.8177087305174,0.3462983884794649,0.22086187308443728,0.47051444684748034,Reject,1.0800004979546534,0.047938109853126507,0.9579212824066442,1.5025906120855819,358.8917284964702,Reject,Reject,Reject,Accept,0.7392924509801068
0.6330056625441006,0.8537962358290273,0.40797231767492304,0.29358347388058653,0.5694693555388528,Reject,"Z1, Z2, Z4",1.172926693712925,1.1659049466755027,-0.007021747037422103,1.0412812575313148,1.7200969436579479,355.00967929575035,0.40797231767492304,0.26926722436337963,0.5435590464720231,Reject,1.1660439023265114,-0.0068827913864134855,0.9868261232086222,1.5604840012583456,365.83461201924916,Reject,Reject,Reject,Reject,1.0783433040805712
0.7143061072592781,0.8273792734029337,0.30542427466933286,0.2137340208589741,0.445989129535711,Reject,"Z1, Z2, Z4",1.304258806103899,1.1973182994221196,-0.10694050668177942,0.9789942537034131,1.4872619143337549,351.39184198372897,0.30542427466933286,0.18408859290118046,0.42109129911735166,Reject,1.1985649270244905,-0.10569387907940854,1.0103043991561902,1.567160625182306,363.4619108513063,Reject,Reject,Reject,Accept,0.974602737800731
0.6856824567432829,0.9224973117101054,0.20667761490002567,0.11258361464141153,0.3876502443393225,Reject,"Z1, Z2, Z4",1.1469783350185325,1.09571315685558,-0.05126517816295255,0.8498700485627221,1.2143002037815822,330.7968998491224,0.20667761490002567,0.08134479241638443,0.33814279371978107,Reject,1.0972017308569917,-0.049776604161540866,0.8783087455649419,1.2881438078955731,331.8264044732249,Reject,Reject,Reject,Accept,0.4835122336745115
0.7690350103535808,0.9155593914705499,0.24302150209113388,0.09473108116050957,0.39372156451007,Reject,"Z1, Z2, Z4",1.085877058598417,1.036580341387815,-0.049296717210602047,1.0735398408464147,1.8170256234114799,342.2540112205624,0.24302150209113388,0.093207549912069,0.3981847096385671,Reject,1.037238390968196,-0.04863866763022088,1.014826838696799,1.6280803705762474,358.484428604108,Reject,Reject,Reject,Accept,0.5066489489143
0.683450190286248,0.8797823056310843,0.21121284609615362,0.09175653924928127,0.36909948079326804,Reject,"Z1, Z2, Z4",1.0309401714466644,0.9607741115859807,-0.07016605986068371,0.9680011400977637,1.503149710340114,335.9154116534679,0.21121284609615362,0.0771505975631043,0.34369610160944947,Reject,0.9599970339538555,-0.07094313749280885,0.9342748981680319,1.4064981264257241,348.9580663237178,Reject,Reject,Reject,Accept,0.692111685861961
0.6192398710133213,0.7906980328376942,0.30838527869238547,0.20681609641911286,0.43626231380618297,Reject,"Z1, Z2, Z4",1.2241930629999747,1.242929869355567,0.018736806355592255,0.9723982151575001,1.4928987979162238,342.32380197370986,0.30838527869238547,0.19244548109309775,0.4270840312432549,Reject,1.2447789212070524,0.020585858207077663,0.9706865458721747,1.5030779202414128,358.3953142622384,Reject,Reject,Reject,Reject,1.215549113768924
0.544288870446097,0.853399901227038,0.43083372838558626,0.3317639721710333,0.5890166213140436,Reject,"Z1, Z2, Z4",1.1829749614807898,1.191413705236015,0.008438743755225166,0.9988253566265564,1.7091529390506939,357.1090182930569,0.43083372838558626,0.2974092666085425,0.5584512465991062,Reject,1.1913866641667605,0.008411702685970829,0.9735033748745976,1.567332355050768,369.361905562467,Reject,Reject,Reject,Accept,1.0848953688955056
0.6508820118023142,0.8749895336488845,0.20595497861681486,0.09970016531680495,0.34401149028350664,Reject,"Z1, Z2, Z4",1.211145650370862,1.1819381600027192,-0.02920749036814265,0.9768704700440775,1.4452089637774064,318.09622169098174,0.20595497861681486,0.08860063972485628,0.3255816134999798,Reject,1.1820502172704659,-0.02909543310039608,0.9417624560741641,1.3856305521036354,324.91800956697364,Reject,Reject,Reject,Reject,1.229878079300012
0.8098497342902287,0.8637428439129665,0.2435163841443729,0.12359733075613773,0.3737831308158146,Reject,"Z1, Z2, Z4",1.2403378678355497,1.22373559280975,-0.016602275025799744,1.0804133555532633,1.6513630422063421,358.23826824153264,0.2435163841443729,0.12635019168904976,0.3618867959864772,Reject,1.223601737534843,-0.01673613030070681,1.0178933128316816,1.4744291961162088,372.372000247233,Reject,Reject,Reject,Accept,0.38082689115922863
0.7898768863642978,0.8664062795823684,0.1544890779541278,0.10052007987165912,0.36603811321526203,Reject,"Z1, Z2, Z4",0.9941297669131556,1.0494867133924253,0.055356946479269586,1.0841008086414718,1.6922600801065744,338.2301026430019,0.1544890779541278,0.03276919689806439,0.28079811961542656,Reject,1.0486204805597785,0.05449071364662304,1.0214285012737634,1.5323193057062172,347.95089730614717,Reject,Reject,Reject,Accept,0.8796444512535462
0.8025595525036902,0.9173156052485902,0.19005382564578738,0.10974413225959423,0.3916409139277497,Reject,"Z1, Z2, Z4",1.1102856774471197,1.2048654113201158,0.09457973387299615,1.0489977576806517,1.709031506773625,361.17842942211314,0.19005382564578738,0.04514958567104624,0.32425314930105886,Reject,1.203547839760341,0.09326216231322121,0.9963562699338907,1.571249916162908,366.9482457682441,Reject,Reject,Reject,Reject,1.0778248523604712
0.542441353006725,0.8177307087132051,0.3113879856315591,0.1991499108425675,0.43477138989849423,Reject,"Z1, Z2, Z4",1.105785721541981,1.0832761265203783,-0.022509595021602866,0.960455463930139,1.4632557098708217,323.9292008854391,0.3113879856315591,0.19995474830322726,0.42416159743125753,Reject,1.081520052122881,-0.024265669419100102,0.963692151511888,1.4516123691627045,336.38092539677194,Reject,Reject,Reject,Reject,1.2392408874095613
0.6236560572767985,0.867739448211596,0.31424246050138205,0.2275360442161688,0.46116873796393176,Reject,"Z1, Z2, Z4",1.3618640550883052,1.3230985684308423,-0.038765486657463016,1.01290022124846,1.6047287785973408,344.45508544308854,0.31424246050138205,0.19533980098073672,0.4293095395491671,Reject,1.3235317616730657,-0.03833229341523946,0.976100033320531,1.4870748719831441,355.0484059028647,Reject,Reject,Reject,Reject,1.1265277930923019
0.6409774236418406,0.8554897573344812,0.36760033509993023,0.22803406258099407,0.5085919861691381,Reject,"Z1, Z2, Z4",1.1812398952328926,1.1229893418147654,-0.05825055341812702,1.0339268602256475,1.6258712677290847,357.96388672227897,0.36760033509993023,0.23288716075234991,0.5019551463896216,Reject,1.1237608577463145,-0.0574790374865781,1.0107378262676086,1.5592218984689414,372.6923111092455,Reject,Reject,Reject,Accept,0.36829472575254685
0.40983506424526606,0.8278543915868923,0.32742544384023076,0.22806521683041817,0.4852904993174329,Reject,"Z1, Z2, Z4",1.4722807447974813,1.285330725760684,-0.1869500190367971,1.0784306465590803,1.7293788344898435,338.27498762350126,0.32742544384023076,0.20320544459079565,0.44876312189269435,Reject,1.2836267321192933,-0.1886540126781878,1.0928401922677295,1.7594708246583124,348.9050639347321,Reject,Reject,Reject,Accept,0.6603635393470265
0.74195244078279865,0.9126957324959837,0.17483861099594372,0.06420385080336044,0.34110352639245806,Reject,"Z1, Z2, Z4",1.051280388424646,1.1407715891830332,0.08949120075838723,1.038550248623747,1.6188214648235508,339.5849507060915,0.17483861099594372,0.03113817464812501,0.3196830269924265,Reject,1.1401955586522496,0.08891517022760367,1.0136264231849355,1.5574787016370377,354.83328905323253,Reject,Reject,Reject,Reject,1.0904871693757314
0.5583801067960017,0.7922914153545743,0.35466377035480307,0.1970293210006952,0.48840750842250025,Reject,"Z1, Z2, Z4",1.101882965375569,1.1285429009688799,0.026659935593310865,0.9732909579314315,1.553592974416523,347.5375377813402,0.35466377035480307,0.21335051593643586,0.4949621593590562,Reject,1.1280406931100584,0.026157727734489312,0.9569550607899022,1.5015304351833973,364.80734022665405,Reject,Reject,Reject,Reject,1.553782572280184
0.6256057188788421,0.8459423178500216,0.2884934878074664,0.21646646620279622,0.42673606844790324,Reject,"Z1, Z2, Z4",1.155307903249867,1.0565454638298164,-0.09876243942005059,0.9198891260412184,1.3762561155475372,346.33919483500006,0.2884934878074664,0.18626490943891091,0.39697490600037555,Reject,1.0557552716226295,-0.09955263162723743,0.9687048193605494,1.513621840826391,362.6897077250542,Reject,Reject,Reject,Accept,0.2900447027723075
0.5695544825103285,0.8380767891581765,0.4391078788397966,0.3273580430014792,0.5834296307904557,Reject,"Z1, Z2, Z4",1.1609583510041592,1.0894261935632816,-0.07153215744087758,1.047310389644315,1.7303152356937785,358.5670928894123,0.4391078788397966,0.3128318565821715,0.565602212275414,Reject,1.0887156097648985,-0.07224274123926062,1.039278879259628,1.688771890377171,376.6830383641764,Reject,Reject,Reject,Accept,1.1067094564247653
0.6049418512570879,0.8824954015070849,0.28684417958072334,0.14754795180821395,0.4177233771276074,Reject,"Z1, Z2, Z4",0.995389859129796,1.0500841045651974,0.05469424543540137,0.9246323185217639,1.3644188054487882,342.89938063146644,0.28684417958072334,0.15583536274333912,0.419604926542388,Reject,1.0512648876941169,0.05587502856432085,0.9118038887687887,1.3487903605803675,356.3022631855514,Reject,Reject,Reject,Reject,1.3852722907079427
0.6249112016050428,0.818990317852113,0.3067443500618528,0.18938835313227387,0.45878821321721686,Reject,"Z1, Z2, Z4",1.0926859269375668,1.0956580861404221,0.0029721592028551526,1.0495935095826814,1.771119856108791,343.62913816978283,0.3067443500618528,0.17963297905584397,0.43895054772824027,Reject,1.0963149988528953,0.003629071915328305,1.059150148552391,1.7287749226147657,353.17795739057993,Reject,Reject,Reject,Accept,1.115941738737453
0.583529561967427,0.8779150405229217,0.2769772852849959,0.22744901823579972,0.5104626575315723,Reject,"Z1, Z2, Z4",1.1755956455106602,1.0073325841700695,-0.1682630613405906,1.0240066231950513,1.5730559363355805,343.89940032499095,0.2769772852849959,0.14365964566282846,0.41517302939642947,Reject,1.007785985917531,-0.167809659593129,0.9824441500014124,1.4541783970352735,356.85097206243415,Reject,Reject,Reject,Accept,0.6394546118699562
0.7873471956878341,0.8954025817039456,0.19904883034181553,0.09512135420069032,0.353423531957261,Reject,"Z1, Z2, Z4",1.2741339951352337,1.25600444850596,-0.018129546629273467,1.0791665161072084,1.7024167542558772,348.3689023266448,0.19904883034181553,0.07178722204139516,0.32099468539148013,Reject,1.255896741809098,-0.01823725332613572,0.996221785108194,1.4786738580100205,362.53944612622587,Reject,Reject,Reject,Reject,1.2885803903711353
0.6091051912666636,0.7850913223745039,0.37218072950020653,0.22763152290858793,0.5074943366139313,Reject,"Z1, Z2, Z4",0.95143689891034,1.019243156002946,0.067806257092606,0.9968863618012473,1.466199892463575,359.0303575395162,0.37218072950020653,0.22564851912649053,0.5076851302807871,Reject,1.0180664878831094,0.06662958897276931,0.9750002448037142,1.4183548188432231,373.3126776715766,Reject,Reject,Reject,Reject,1.1022195182545935
0.7495314726664084,0.8750602329813109,0.29065912763401675,0.13855469683459912,0.41464455164414077,Reject,"Z1, Z2, Z4",0.9924270160677662,1.0006754867336152,0.008248470665848946,0.9784594992157042,1.47578944786931,361.52889956768354,0.29065912763401675,0.1557225319543364,0.4142264315048311,Reject,1.0014358286698046,0.009008812602038396,0.9539078898041052,1.3981997640301778,373.5921101286571,Reject,Reject,Reject,Reject,1.2373372107706184
0.588794236428597,0.8322959463043916,0.209310905708384,0.1772677208948135,0.4303382319628499,Reject,"Z1, Z2, Z4",1.181728417676459,1.2161486781561788,0.03442026047971966,0.974135656146548,1.6147237896673694,350.927266136267,0.209310905708384,0.0882165403213053,0.33686325000189926,Reject,1.216280256132554,0.034551838456095094,0.923844204788265,1.4577722381668612,355.78520297021834,Reject,Reject,Reject,Accept,1.0154565796358483
0.7558460621635362,0.8363739083328506,0.25841002611065894,0.16801070908040328,0.4262930016206963,Reject,"Z1, Z2, Z4",1.1110140538604625,1.0915984978457522,-0.019415556014710445,0.99303246963335845,1.4609316427819647,348.27761440937525,0.25841002611065894,0.13190340716116922,0.3848674857183229,Reject,1.0917636066470409,-0.019250447213421788,0.9948572668013393,1.4366482536546432,361.6265785775284,Reject,Reject,Reject,Accept,0.5102170588934754
0.6125406220468135,0.8504858794074196,0.2672626775073339,0.1743724895025986,0.42433736836294145,Reject,"Z1, Z2, Z4",1.2173004113871795,1.0882691344015467,-0.12903127698563296,0.9298255056684549,1.5030259471885394,343.5278565022617,0.2672626775073339,0.14544983602606834,0.39514226890818854,Reject,1.0887419506542864,-0.1285584607328932,0.9469382115930128,1.5439572890571232,360.5324385784475,Reject,Reject,Reject,Reject,1.1598795821268917
0.546816888072729,0.8518851667407398,0.30416730761419997,0.14161399521624965,0.43930726786170404,Reject,"Z1, Z2, Z4",1.2660515977347389,1.1295418997434432,-0.13650969799129573,1.0617351065435,1.693907167323945,339.72794419842256,0.30416730761419997,0.1508254946838276,0.44302684889285465,Reject,1.1289486112444962,-0.1371029864902427,1.051218440702264,1.6469357856113278,352.8567301492229,Reject,Reject,Reject,Accept,0.8178979992225238
0.6251274963798699,0.7697461778961957,0.3748760017586484,0.248931833780326,0.5194879479551527,Reject,"Z1, Z2, Z4",1.0953312602421457,1.2118361823525243,0.11650492211037879,0.9719767275156016,1.4550368685420982,370.1601276381347,0.3748760017586484,0.2339846896168053,0.5106609201922219,Reject,1.2118701023907137,0.11653884214856812,0.9805047579564881,1.471008907468225,382.2656609355705,Reject,Reject,Reject,Accept,0.7307405520295377
0.5722907386556426,0.8225891247840487,0.2581631682254606,0.15829181139385484,0.4105348763886514,Reject,"Z1, Z2, Z4",0.9591061917903974,0.9686242309861008,0.009518039195703473,0.9169716425109077,1.4019428382624264,307.63572281850094,0.2581631682254606,0.1402977306289364,0.37929829995449177,Reject,0.9665194537937706,0.0074132620033732,0.8921859901647193,1.3112835885974585,321.7215584041065,Reject,Reject,Reject,Accept,0.9380604839941609
0.6723971463160794,0.895939187649747,0.240624550630256,0.11849446515447712,0.38096374076295786,Reject,"Z1, Z2, Z4",1.281439928666845,1.2259367685612512,-0.05550316010559386,0.9883996346464945,1.47440357627127,330.8934810559319,0.240624550630256,0.10470376815083346,0.3641700653843372,Reject,1.224908498794984,-0.056531429871860904,1.0237521970009977,1.590824512882776,347.2574278304767,Reject,Reject,Reject,Accept,0.4367795085812244
0.7480639684009495,0.8865317889412999,0.29980917292095755,0.1683458324442511,0.4256387994421521,Reject,"Z1, Z2, Z4",1.2931511889689158,1.1647782386662693,-0.12837295030264673,0.9466710911318906,1.4039545764922579,348.3788351273348,0.29980917292095755,0.1772493602811302,0.4190635659913025,Reject,1.1663465661071792,-0.12680462286173658,0.9747178205379551,1.4791510858820154,358.6163594666099,Reject,Reject,Reject,Accept,0.8497825000494171
0.5853577691478393,0.8524809453103241,0.2438755942915419,0.1780050206998631,0.437045223366329,Reject,"Z1, Z2, Z4",1.3091626784609445,1.2007410793269333,-0.10842159913401118,0.9561538345097891,1.4055746349189202,335.7379345599498,0.2438755942915419,0.11131343066473544,0.37014305772609507,Reject,1.1994025865982414,-0.10976009186270297,0.9498949568885564,1.4148416877130905,337.1433220465999,Reject,Reject,Reject,Accept,0.8965653290296457
0.6251896426505447,0.9050257515779979,0.24413234060129024,0.12748148345669094,0.4210065675837612,Reject,"Z1, Z2, Z4",1.1135946887060209,1.0861021682612801,-0.027492520444740726,0.9880511373950289,1.4513741861960698,322.0698352515376,0.24413234060129024,0.09063549913291993,0.3826163972522197,Reject,1.0855570721979375,-0.028037616508083212,1.0085015186638366,1.4965449417898926,337.67542073277576,Reject,Reject,Reject,Accept,0.8149439537825394
0.7203976457595809,0.8666257316646961,0.18809323798791355,0.14387530313836158,0.37708478795574196,Reject,"Z1, Z2, Z4",1.1693822799753937,1.01308051159,-0.15630176838539397,0.9928003005976148,1.5193737384677417,336.72930990055835,0.18809323798791355,0.07621879085979245,0.2987674777042103,Reject,1.0126481127479778,-0.15673416722741587,1.0504860894608727,1.6933333047411396,343.5737157656097,Reject,Reject,Reject,Accept,0.9641939465831897
0.724117492067014,0.9553898924000527,0.18213802463296852,0.051172286591607205,0.32936234137544057,Reject,"Z1, Z2, Z4",1.287033659318751,1.3558458680285024,0.0688122087097515,0.9081213671271909,1.3637903233613626,344.94635544192,0.18213802463296852,0.04596899877878424,0.31951616618710715,Reject,1.3570974054497245,0.0700637461309736,0.9185450919878227,1.42047780437857,357.6569811225181,Reject,Reject,Reject,Accept,0.30999856250478436
0.5161589820231749,0.8665161015768116,0.32108026395302935,0.24266405797091617,0.5183402281131027,Reject,"Z1, Z2, Z4",1.027179396855714,1.1343877908640096,0.1072083940082959,1.0180960294701482,1.615015627860375,337.30660525773965,0.32108026395302935,0.17525876930566067,0.4685804861190703,Reject,1.132763691339545,0.10558429448383111,1.00156120581119,1.5203740912873478,349.45791968834794,Reject,Reject,Reject,Accept,0.9147304315377743
0.6700341048678736,0.7936826215224856,0.3307182976638415,0.178999103569491,0.44817831391285373,Reject,"Z1, Z2, Z4",1.0180143500620291,1.1775745527788142,0.15956020271678495,1.1963455184640066,2.148001272702059,357.62502388257,0.3307182976638415,0.19562044987887994,0.46334040425379996,Reject,1.1762666884195239,0.15825233835749467,1.097448360848119,1.7693978655523785,367.20135058214026,Reject,Reject,Reject,Reject,1.2753458251357572
0.7854939234804388,0.7944998348720179,0.37222900804711884,0.2526590704461651,0.49604408642102465,Reject,"Z1, Z2, Z4",1.3309183677698417,1.2345960506314622,-0.09632231713837978,1.0295350622051418,1.7861586580168485,389.37470011639067,0.37222900804711884,0.24978190951983567,0.4867244342518612,Reject,1.2351190126586817,-0.09579935511116015,1.0112638379397552,1.7109456559811766,408.42347277726327,Reject,Reject,Reject,Reject,1.222017528994001
0.6451388251009953,0.856142242692291,0.3703279454100247,0.24932362031887376,0.5164029623561778,Reject,"Z1, Z2, Z4",1.1526329294580366,1.0963871305510005,-0.056245798907036196,1.0042585990882602,1.4623953544672152,360.0801278967772,0.3703279454100247,0.24447209611564913,0.5058075643359995,Reject,1.0958306406564255,-0.056802288801611214,1.0183559494371859,1.5213355755856366,375.02141913172136,Reject,Reject,Reject,Accept,0.879859542954704
0.7858250781842976,0.9257487546897322,0.30133681027875875,0.15651101156633163,0.41295789490039975,Reject,"Z1, Z2, Z4",1.150369814211211,1.203371996125644,0.05300218191443297,1.0261166876671115,1.568517996275529,356.2231236035627,0.30133681027875875,0.17429990093555214,0.4355499236917316,Reject,1.2048645664719926,0.054494752260781494,1.019552921928408,1.511153636110661,369.2179631983332,Reject,Reject,Reject,Accept,0.8831307323114863
0.7351288753263712,0.8644609531845631,0.292207157372646,0.13366448805952003,0.3614779197663671,Reject,"Z1, Z2, Z4",1.3578346710922484,1.2445450427788989,-0.11328962831334946,0.904572554542835,1.3685350976313218,338.7440981360912,0.292207157372646,0.17775340908355786,0.4068100774535014,Reject,1.2449940280286704,-0.11284064306357794,0.9283075410551688,1.4476989865922532,347.3675180393631,Reject,Reject,Reject,Reject,1.2706083722858035
0.672347656044552,0.8404906447407816,0.22484060959229205,0.1048535847370886,0.36263743355398426,Reject,"Z1, Z2, Z4",1.213774973793293,1.1741095974068445,-0.039665376386448306,0.9208465253171668,1.345630878530663,331.1217557809447,0.22484060959229205,0.09788718669259457,0.3424664419431145,Reject,1.1724788350493225,-0.041296138743970597,0.9230837784862967,1.366805151215651,333.66417366370456,Reject,Reject,Reject,Accept,0.6338069142560612
0.5732230070976269,0.9331474323031703,0.25261454744255174,0.180695093862494,0.48687566728783177,Reject,"Z1, Z2, Z4",1.0475987869995844,1.0400931795440236,-0.007505607455560979,1.0585695246267586,1.6336172986879052,348.7272168643219,0.25261454744255174,0.11621612794893962,0.39073725456546216,Reject,1.0391107552301777,-0.008488031769406901,0.9975090979208049,1.4196742840646925,353.36587603810125,Reject,Reject,Reject,Accept,0.695763693795359
0.5913199482463849,0.7560965400213316,0.3447385071599814,0.23507559379818205,0.4563333771070817,Reject,"Z1, Z2, Z4",1.0455289495944515,1.0471371934352234,0.001608243840771831,0.997524235549756,1.4735921421315854,331.8699662774265,0.3447385071599814,0.23765273165889783,0.4554399046671293,Reject,1.0467215170746156,0.0011925674801640917,0.9620347911656859,1.346779212034801,337.2978403384101,Reject,Reject,Reject,Reject,1.3851394608535352
0.6868134071693478,0.7987232396112657,0.32808927891020884,0.22666520645315577,0.46174726011340045,Reject,"Z1, Z2, Z4",1.2532777555059298,1.2453231270672758,-0.007954628438654054,0.9439797595401314,1.351715161320485,354.6101243238722,0.32808927891020884,0.20981160464709314,0.44430763310293,Reject,1.244906701317751,-0.00837105418817876,0.9697336726092135,1.4330686223246825,364.9801912984943,Reject,Reject,Reject,Reject,1.2671439168678804
0.8864775458461578,0.9174798546801806,0.21059631615255983,0.11042935866742322,0.33036210287845946,Reject,"Z1, Z2, Z4",1.0520520195939478,1.0316787489366954,-0.02037327065725244,0.9807007930160453,1.5727778405696715,348.6804515414468,0.21059631615255983,0.10481916335917438,0.317914319604004,Reject,1.0326631367697703,-0.019388882824177365,0.9816599016378069,1.57315310591664,350.0220115885845,Reject,Reject,Reject,Reject,1.2334256657445406
0.5851093193867006,0.8439183624849697,0.41710559537277686,0.2581415473197413,0.5777034323850352,Reject,"Z1, Z2, Z4",1.05748966040698,1.1060823143868823,0.04859265397990218,1.0437072205771103,1.587273097863686,364.98655644740734,0.41710559537277686,0.2534180532704024,0.5806619827130471,Reject,1.1055046397757267,0.04801497936874679,1.0487829732854126,1.5953739667024696,382.3271929955943,Reject,Reject,Reject,Accept,0.867162974893268
0.5581938050504875,0.8123600660065717,0.2258959937417316,0.1622179887862845,0.40702400504373415,Reject,"Z1, Z2, Z4",1.388359400945841,1.2664440738832246,-0.12191532706261671,0.923092594026712,1.3906286058283641,329.10619229937515,0.2258959937417316,0.10097019023510546,0.35078485376727286,Reject,1.2656329858812905,-0.12272641506455073,0.9254802737663255,1.383689956437694,340.1513318257685,Reject,Reject,Reject,Reject,1.177100501017068
0.7357114104387246,0.8909446424283446,0.21042649205810524,0.11874272900232043,0.4109299185528749,Reject,"Z1, Z2, Z4",0.8326786896884916,0.9426209932976665,0.10994230360917494,0.9033374762804688,1.2304481926952382,337.08321268922765,0.21042649205810524,0.058832740000758915,0.34971927796485597,Reject,0.9423127172634879,0.10963402757499634,0.9497759570019044,1.364086482239282,341.1388716626305,Reject,Reject,Reject,Accept,0.23382825536637772
0.5146706597147265,0.8111369789330742,0.30338683391751786,0.1862833891594388,0.48844000232362383,Reject,"Z1, Z2, Z4",1.059130863021487,1.0570892362636373,-0.002041626757849905,0.9519075675231476,1.4861688257680608,333.3378624823625,0.30338683391751786,0.15025402271070495,0.45190191444843936,Reject,1.0562296603620376,-0.0029012026594494554,0.9693553953591536,1.5228152798577146,347.1903544188001,Reject,Reject,Reject,Accept,0.9354375262190747
0.7668835258007891,0.8203520122481227,0.23918599605075588,0.16668481550970643,0.40352080808078206,Reject,"Z1, Z2, Z4",1.1613513709159553,1.1696586436606493,0.008307272744693912,0.984816513242312,1.4764993563090936,356.8703380922318,0.23918599605075588,0.12286051346559684,0.3628030182657351,Reject,1.1699681244555438,0.008616753539588561,0.9569795728104312,1.403008042084629,367.8050280252367,Reject,Reject,Reject,Accept,0.66788678634001
0.8710325623193524,0.9057787726464346,0.17179747257785755,0.04827875460597238,0.28910253547069753,Reject,"Z1, Z2, Z4",1.0035273353926466,1.012101287250854,0.008573951858207477,1.1036156480106765,1.8652463475116619,346.2225788080865,0.17179747257785755,0.05775358963589498,0.2920540907112412,Reject,1.012481391128502,0.008954055735855324,0.9794127396469177,1.4953018702933727,353.7673669032405,Reject,Reject,Reject,Accept,0.9649943854549973
0.4892950818167011,0.8615810504113168,0.29111365207354495,0.21694572400488005,0.45845747461809283,Reject,"Z1, Z2, Z4",1.2584471539551982,1.291429714013449,0.03298256005825073,1.0869278540966671,1.955906425436398,347.46759770589495,0.29111365207354495,0.175958385039038,0.40398356620469494,Reject,1.2906183446190513,0.03217119066385324,1.037761548623343,1.753448913201953,357.3386382837733,Reject,Reject,Reject,Reject,1.7331647132859866
0.5042882941782979,0.7242512125478876,0.3317934286777036,0.2584519374293493,0.4977413618671006,Reject,"Z1, Z2, Z4",1.0582429596204674,1.1460595790531758,0.08781661943270834,0.9097275097392954,1.3834073332633423,338.15083073820614,0.3317934286777036,0.21513224990675617,0.4480176867058453,Reject,1.146183242166044,0.08794028254557669,0.936638081903521,1.4255362570491994,351.99371008410986,Reject,Reject,Reject,Reject,1.2523119333057584
0.6256697616559554,0.9319280360901574,0.27554749645297943,0.15368702150004493,0.4084956099346334,Reject,"Z1, Z2, Z4",0.9956007756889392,1.0826193773690362,0.08701860168009685,0.9643365188141272,1.5624914481089405,323.44592247436674,0.27554749645297943,0.15283284169334796,0.40436544010927,Reject,1.0813909506880446,0.08579017499910542,0.903087205242212,1.364183265942994,337.9932278310459,Reject,Reject,Reject,Accept,0.429673079989765
0.46024826164028176,0.80583105641438,0.31681631600315924,0.22090555979127346,0.4668032001071246,Reject,"Z1, Z2, Z4",1.2391301171063833,1.1357546170557626,-0.10337550005062081,0.976902095108427,1.4505220620774995,329.4320337075577,0.31681631600315924,0.19067343658462996,0.43358504615260224,Reject,1.1340986553945533,-0.10503146171183014,0.9868269819031461,1.4538382704843273,345.3215776289921,Reject,Reject,Reject,Accept,0.7512906346693636
0.5993127961588239,0.82076439446160665,0.2828532578609935,0.19306211911409893,0.4173156513234065,Reject,"Z1, Z2, Z4",1.2315468731685897,1.3084563665446398,0.0769094933760501,0.8987286277428679,1.2220319536127116,338.8669270339885,0.2828532578609935,0.16608640420967102,0.40010647905465596,Reject,1.3088902573215646,0.07734338415297483,0.9415911207004137,1.3382889662594568,349.96291799506906,Reject,Reject,Reject,Accept,0.8928531342496993
0.5426230009865761,0.8691500342400642,0.2370104937732197,0.17445301514043912,0.4139739316960117,Reject,"Z1, Z2, Z4",1.0447022191120228,1.0902458050399138,0.04554358592789092,0.9570946930120705,1.4196950071447834,319.3738084272409,0.2370104937732197,0.11442130650804129,0.3641774210194151,Reject,1.0904044175283438,0.04570219841632115,0.9706477349158168,1.452170094763354,336.67370249769607,Reject,Reject,Reject,Accept,0.3115143362844573
0.6703325998981158,0.8220305110789357,0.29125055409684403,0.19539221780585453,0.49226417744588225,Reject,"Z1, Z2, Z4",1.2310031576414766,1.1359093316392186,-0.09509382600225798,0.947099717541157,1.4261286453772553,366.17151627164185,0.29125055409684403,0.14478703472282078,0.44457244419902,Reject,1.1378306282848327,-0.09317252935664393,0.9634206884629644,1.4899911556425365,377.6215467583349,Reject,Reject,Reject,Reject,1.1330358909676614
0.6415347152629178,0.8430140568098247,0.1745906737073521,0.11327186181417546,0.3539057253895251,Reject,"Z1, Z2, Z4",0.8002458784034399,0.9471055706885543,0.14685969228511436,0.9709803358867469,1.5178211461423725,322.520624374455,0.1745906737073521,0.06307578606298056,0.292286681627258,Reject,0.9477738260215772,0.1475279476181373,0.9983872171295375,1.5929173340409746,329.83811268688027,Reject,Reject,Reject,Accept,0.8998030995721229
0.9269076726814223,0.9480063998639083,0.14993393922842213,0.023759340035999194,0.27616365527540193,Reject,"Z1, Z2, Z4",1.1290877740327758,1.140845661595965,0.011757887563189203,1.0237527678337857,1.7779556486792285,354.4841845309917,0.14993393922842213,0.026434361495562247,0.27600013394211276,Reject,1.1406645546942769,0.011576780661501106,0.965417503152941,1.5548045518465472,368.45723695122746,Reject,Reject,Reject,Reject,1.5327868078322953
0.5863821844513538,0.8174812721789994,0.27597106598598836,0.17385893930711754,0.3763639601547562,Reject,"Z1, Z2, Z4",1.1611845041138495,1.0923039648768578,-0.06888053923699183,0.97541374589236,1.4987375825279237,319.1130051456574,0.27597106598598836,0.18145500416440533,0.3759670181810533,Reject,1.092842037364558,-0.06834246674929166,0.9667331597512775,1.4840017178782476,328.88319066826114,Reject,Reject,Reject,Reject,1.4419307068025076
0.6903503658237069,0.890951498452353,0.2160315906226311,0.08590107403752015,0.33998314378842703,Reject,"Z1, Z2, Z4",0.8751775756783923,0.9979047769783795,0.1227272012999872,0.8198463883176259,1.1444986748447268,327.65762154190105,0.2160315906226311,0.09215176068127134,0.339815204090622,Reject,0.9980170801319177,0.12283950445352537,0.8182660519011128,1.151644969277576,334.1239776799554,Reject,Reject,Reject,Reject,1.1361932335984168
0.8895708954469903,0.9867294361991377,0.07146613043417564,-0.0337943508260401,0.24445261631358464,Accept,"Z1, Z2, Z4",0.9863102302361995,0.9440771790280341,-0.04223305120816528,0.9994490104016927,1.583728457108567,342.44025485638366,0.07146613043417564,-0.06638843367481469,0.20338018007512915,Accept,0.9429340265653493,-0.043376203670850114,1.0193083175160018,1.6551701006142938,358.7087100998963,Reject,Reject,Reject,Accept,1.025553817609961
0.7274479849575686,0.8442656656784238,0.25427022631142077,0.13020570781121552,0.39451594297848436,Reject,"Z1, Z2, Z4",1.2242159179626646,1.1898911136660124,-0.03432480429665215,0.9483520336963788,1.3748138764169544,361.61555466872477,0.25427022631142077,0.11875661478929492,0.3781691973400227,Reject,1.1896295215114465,-0.034586396451218145,0.9712102997707213,1.4234810684798795,374.4484637783234,Reject,Reject,Reject,Reject,1.1547683631713042
0.6639150364061355,0.8990777317597116,0.22886821960554293,0.15315389790888007,0.454689746291696,Reject,"Z1, Z2, Z4",1.1730132864891358,1.2391029991204145,0.06608971263127872,1.0091099335123581,1.6627459650411254,360.5167086395198,0.22886821960554293,0.07550121742885035,0.3850364077526428,Reject,1.2389293451189287,0.065916058629793,0.9783599530717727,1.5576473190638946,372.73268456916344,Reject,Reject,Reject,Accept,0.606583579758586
0.48347011882648133,0.7597681408982223,0.34131087999860354,0.24054426380134342,0.4766184030820907,Reject,"Z1, Z2, Z4",1.2051068028410408,1.2347719228007004,0.0296651199596597,0.9220956747318572,1.3554589820659055,343.90745879967625,0.34131087999860354,0.23025130631967347,0.463710912444255,Reject,1.2353442676145792,0.03023746477353828,0.9387229839384155,1.3810346343152824,357.23087934096367,Reject,Reject,Reject,Reject,1.5572603578641186
0.7457348644801445,0.8919491992942832,0.20750085908212343,0.09393553788492676,0.33813980922717723,Reject,"Z1, Z2, Z4",1.147554844179246,1.1752883450986311,0.027733500919385083,1.075048060189457,1.70218037070228,351.30420008207636,0.20750085908212343,0.08952544374604751,0.3321401940246767,Reject,1.1744777240420556,0.02692287986280963,1.055624656926003,1.6635331198555254,366.8071116697734,Reject,Reject,Reject,Accept,1.0944613980013596
0.625161524298346,0.8727853232762098,0.24942077557245712,0.15434375510071027,0.39132857333051874,Reject,"Z1, Z2, Z4",1.1249420339010403,1.1110172465250443,-0.01392478737599609,0.9080092385804093,1.2912381456274957,325.6870335460722,0.24942077557245712,0.128126693657313,0.37173316012786406,Reject,1.1121864754473583,-0.012755558453682092,0.8776897104142616,1.2183581314966787,343.08329630074985,Reject,Reject,Reject,Accept,0.9318457037113028
0.627999502129506,0.8028376116582481,0.35811539791067476,0.24201853214711438,0.5258380618426375,Reject,"Z1, Z2, Z4",1.1844597343950496,1.1576774416303202,-0.026782292764729505,1.0764805894257505,1.7377236064623047,379.601124737562,0.35811539791067476,0.22130615178017843,0.4929402356306201,Reject,1.1578825248998958,-0.02657720949515377,1.0282552586101343,1.5935492518439958,385.2597978440001,Reject,Reject,Reject,Reject,1.4785185119081226
0.4164841365916326,0.8625344327406719,0.2846206890294504,0.18155217378026328,0.4518416877415766,Reject,"Z1, Z2, Z4",1.1713915837233524,1.0971413966024828,-0.0742501871208698,0.9456264114013563,1.3454734907937809,317.5003156502016,0.2846206890294504,0.14933022352068007,0.4195374091452152,Reject,1.0956435741721453,-0.0757480095512071,0.8980748097513217,1.2290244984039012,326.3487835131375,Reject,Reject,Reject,Accept,0.577418762497984
0.6591644401618948,0.8767922117972302,0.20718397298244642,0.10594035552424833,0.3262400361863972,Reject,"Z1, Z2, Z4",1.1267349882203694,1.1568565633081702,0.030121575087800785,0.9247477144664396,1.2847230730871837,305.5576423602497,0.20718397298244642,0.09116460870375102,0.30751732336498006,Reject,1.157495690839114,0.030760702618744584,0.8960977144086992,1.201797684387795,316.6627265538926,Reject,Reject,Reject,Accept,1.0220418685855823
0.8939386440702383,0.9022141537212136,0.15621993486374167,0.017778081136926815,0.3171703544474834,Reject,"Z1, Z2, Z4",1.1764023868060183,1.1111894885933022,-0.06521289821271599,1.0596677214125845,1.6767770526549155,358.2623737103185,0.15621993486374167,0.008732537135910145,0.29648724498605206,Reject,1.1132172498936759,-0.06318513691234237,1.0294901562368455,1.541771032014436,360.88825428829676,Reject,Reject,Reject,Accept,0.8507332274842979
0.5987847024541847,0.8848713704413861,0.26268154622552087,0.19103473733953266,0.4574029296634892,Reject,"Z1, Z2, Z4",1.174001397151958,1.247192841441881,0.07319144428992269,1.0150664443918307,1.5527348441647806,340.36446511070824,0.26268154622552087,0.13906021374302519,0.394303164048262,Reject,1.2476834087030562,0.07368201155109805,0.9784703075609641,1.4521947238947372,347.1068727604363,Reject,Reject,Reject,Reject,1.094045418696529
0.6424904158534914,0.8838936986094461,0.20984930654689427,0.12235640595434345,0.37285550381438126,Reject,"Z1, Z2, Z4",1.1839610301621388,1.25782743031289,0.0738664001507511,0.8983925381876198,1.319573614533573,322.9388056284333,0.20984930654689427,0.09074766828963418,0.3315126244573982,Reject,1.2585452786439382,0.0745842484817993,0.9107529677541227,1.3352661411841493,336.9446652614533,Reject,Reject,Reject,Accept,0.2980513452445516
0.7154019344146821,0.7995192219660117,0.2553730501484864,0.1745496738512046,0.4093440181713125,Reject,"Z1, Z2, Z4",1.016474048998202,1.1065826248277124,0.09010857582951017,0.9610875383423338,1.4559548100161364,356.98209789406906,0.2553730501484864,0.13599635111188735,0.3677554807699095,Reject,1.1066012860267815,0.09012723702857951,1.0134471730636572,1.5999751874308537,368.2761672337322,Reject,Reject,Reject,Accept,0.6228423706764293
0.5508959232956288,0.9007139553479875,0.29136987787462,0.20653694737720685,0.4592265882482913,Reject,"Z1, Z2, Z4",1.1615842278195017,1.1610686222228692,-5.156055966323407e-4,0.9984763719450324,1.4596550899603387,329.6652795484399,0.29136987787462,0.15971718209600466,0.41648934848600794,Reject,1.1605135527217514,-0.0010706750977503648,1.0036958372253075,1.4807793182633693,343.7402532549357,Reject,Reject,Reject,Reject,1.1055805375003183
0.6552927929348366,0.8643437796700404,0.29144744709259646,0.1870104213938188,0.43077539307666757,Reject,"Z1, Z2, Z4",1.1121440812434271,1.1465524872672812,0.03440840602385391,0.9843741602982999,1.5566982725087968,352.43514823755623,0.29144744709259646,0.168924032400191,0.41041049171440264,Reject,1.1471032337955014,0.03495915255207416,0.97195979229444,1.4913248409865516,363.69186442545697,Reject,Reject,Reject,Reject,1.3268224249145368
0.4967038636040989,0.82490715693954475,0.3385120150482686,0.241443059479744,0.514189626448695,Reject,"Z1, Z2, Z4",1.288634453419176,1.2240682439490558,-0.06456620947012028,0.9928776469929079,1.5036522347878851,357.89819524332205,0.3385120150482686,0.19777971235005642,0.46419744881034647,Reject,1.2253620518816797,-0.06327240153749632,1.0446544204884116,1.6789570859666745,369.3696950446885,Reject,Reject,Reject,Accept,0.5914218108259041
0.5384168864149321,0.8665563319679318,0.27639432626540794,0.1640872159969704,0.44112221188645373,Reject,"Z1, Z2, Z4",1.179706681594613,1.1910896012088248,0.011382919614212072,0.9241432582945567,1.394130876034773,328.00719276914646,0.27639432626540794,0.14132171149913397,0.4208197275410523,Reject,1.190871217103511,0.01116453550889828,0.9198697825739193,1.3984701335896064,338.9741923950703,Reject,Reject,Reject,Accept,0.49742700365970105
0.588446756963303,0.8974410332624503,0.21262020363749454,0.09976725012333539,0.36902712821798894,Reject,"Z1, Z2, Z4",1.0368230069480469,1.0568999456925658,0.02007693874451912,0.9939537112743854,1.5302669802210926,319.15234635412094,0.21262020363749454,0.08441368616049896,0.33901914681577777,Reject,1.0573576953922748,0.02053468844422785,1.0150553437857515,1.5481148869403107,326.7439587489102,Reject,Reject,Reject,Accept,0.6942525267146418
0.6729370536361304,0.8341889754444719,0.2860111031267082,0.12372469294551741,0.42070603514848737,Reject,"Z1, Z2, Z4",1.228374849700358,1.2260579427145017,-0.0023169069858559933,0.992653499340992,1.474184717999963,357.5503348778204,0.2860111031267082,0.14005732131914297,0.43250083415522644,Reject,1.2269586193483373,-0.001416230352020672,0.9573131088076212,1.390769302000283,374.0597033779063,Reject,Reject,Reject,Accept,0.9913652134619186
0.700781555167149,0.8798246065083529,0.18088681080657457,0.09424233667229853,0.3360233212525304,Reject,"Z1, Z2, Z4",1.1566426072003002,1.192683247197745,0.03604063999744485,1.0117807994344596,1.4754879000232433,329.4503603151046,0.18088681080657457,0.06447643695196517,0.3052484545720376,Reject,1.1920126476503234,0.03537004045002313,1.0257290957848941,1.4688505988405343,342.7063988938319,Reject,Reject,Reject,Accept,0.9076155489131829
0.6512994018424598,0.8010379521948301,0.3174683030457181,0.2111103632650077,0.5271290811233086,Reject,"Z1, Z2, Z4",1.009338568081345,1.1853080760298793,0.17596950794853447,1.1078937883016788,1.7515961256980404,365.7164392136992,0.3174683030457181,0.16299683597334896,0.46944447418921503,Reject,1.1872743405628745,0.17793577248152956,1.1098243175831297,1.780383001687026,384.7449911862561,Reject,Reject,Reject,Accept,0.8685433266395097
0.7400737942130658,0.8330770274107132,0.2541612902552595,0.12811825371576036,0.3756486374264454,Reject,"Z1, Z2, Z4",1.0214522822471241,1.1053979281637307,0.08394564591660651,0.9314269377348992,1.3525523535282795,335.76701642630843,0.2541612902552595,0.13174011727217447,0.37666725068879914,Reject,1.1040102550153494,0.0825579727682252,0.9151692279140053,1.3181999297599953,349.56252361361396,Reject,Reject,Reject,Accept,0.7680848755117688
0.8684070451807941,0.9566804005896667,0.15026801081808236,0.06872609885563985,0.2987789980309156,Reject,"Z1, Z2, Z4",1.0696921415544833,1.0979136020214257,0.028221460466942336,0.9125288744393409,1.3056143007422718,332.4161872482262,0.15026801081808236,0.04019311163749469,0.2650756419566498,Reject,1.0972359214432206,0.02754377988873724,0.9044101309015679,1.243611092740106,345.50745731255074,Reject,Reject,Reject,Accept,0.6007792865873891
0.6347073394921409,0.820971892954216,0.2899374551968844,0.1853201314390412,0.44918720668554285,Reject,"Z1, Z2, Z4",1.0311968572488301,1.0082818420729667,-0.02291501517586336,1.0612371100649194,1.7206411332408247,351.45438829969993,0.2899374551968844,0.15454806415275163,0.4116700860974831,Reject,1.0086377357335365,-0.022559121515293733,1.0901524354650467,1.8249667764035635,360.5691544562627,Reject,Reject,Reject,Accept,1.0137489276503806
0.920881153246234,0.9003196120493075,0.151572320516382,0.08892119088542644,0.2942219115869589,Reject,"Z1, Z2, Z4",1.0100284001810291,1.0479020721707963,0.03787367198976705,0.9896994241086285,1.5202355097211615,340.34276320357725,0.151572320516382,0.04729862498782579,0.2538002649366181,Reject,1.0479727703845834,0.03794437020355419,0.979460877812235,1.5011950355965376,345.2421058231351,Reject,Reject,Reject,Accept,0.8391371816048897
0.7279557322983778,0.8859003798657696,0.2813002208649944,0.14248198335555312,0.452023573296729,Reject,"Z1, Z2, Z4",1.140474196808319,1.1695291160276144,0.029054919219295514,1.0957413497175261,1.817046624655574,376.25273110601756,0.2813002208649944,0.13878337573357488,0.4314323270213512,Reject,1.1692844522923274,0.028810255484008316,1.0350943399987635,1.6116586676886984,385.88044979324235,Reject,Reject,Reject,Accept,1.096646641315601
0.5975048949079357,0.8997611824717575,0.37279066623314966,0.26117701695610984,0.553189205509445,Reject,"Z1, Z2, Z4",1.3017993391989513,1.2398081420953024,-0.06199119710364898,1.0618477713922558,1.8183614540750095,367.6404076997459,0.37279066623314966,0.2394052702389875,0.5153189123823563,Reject,1.2390740438137198,-0.06272529538523139,1.0632094172999444,1.810867468877228,381.9535011720654,Reject,Reject,Reject,Accept,0.49510786270444346
0.6307078415671391,0.8480935515339536,0.2977955075050928,0.2520574910389333,0.48705011122550107,Reject,"Z1, Z2, Z4",1.078898051693846,1.130200673424452,0.05130262173060592,0.9760210149793686,1.4537677431731013,369.5605607971876,0.2977955075050928,0.17600225368246364,0.4194885497054836,Reject,1.130042233970065,0.051144182276219044,0.9776131907714775,1.491220543586535,382.70391712765655,Reject,Reject,Reject,Reject,1.469953812518145
0.7684017061384498,0.8264003001065987,0.24056946227824305,0.1383187770861802,0.35870330293650876,Reject,"Z1, Z2, Z4",1.231484480131095,1.1414132175664926,-0.09007126256460217,0.9723701906862919,1.4617676498562502,341.65050894158094,0.24056946227824305,0.13034480403467105,0.35453922482064676,Reject,1.142152673399658,-0.08933180673143688,0.9749125057943759,1.4744112034391523,357.9657405939196,Reject,Reject,Reject,Reject,1.4000445593669741
0.7563393358360305,0.8999828031482058,0.14241097222405197,0.05735154103566575,0.32713238014210505,Reject,"Z1, Z2, Z4",1.043964599272047,1.0721809395426596,0.028216340270612428,1.0098885240092599,1.605396186001605,330.77269361159136,0.14241097222405197,0.0031966648687070526,0.272417415057578,Reject,1.0725394397828902,0.0285748405108431,0.9599266421044204,1.4776205956595276,338.6091098932074,Reject,Reject,Reject,Reject,1.0401994347609125
0.7215828385102461,0.8490239453391782,0.3381146294944592,0.20533701251972214,0.4959627046286591,Reject,"Z1, Z2, Z4",1.2065575656523202,1.2102466359488209,0.0036890702965005333,0.9994733063771175,1.6360577262105827,367.01481819313386,0.3381146294944592,0.1940975371202371,0.4714831780168502,Reject,1.211412155498608,0.004854589846287731,1.0259243923959445,1.7083054856590028,382.9866979936193,Reject,Reject,Reject,Accept,0.7326347237611687
0.5641701318674189,0.796722896425141,0.3006200393490682,0.19577076928453094,0.43515588421356693,Reject,"Z1, Z2, Z4",1.083247419220716,1.1847888260713086,0.1015414068505926,1.0716987109340739,1.7723720385323032,334.52346067828586,0.3006200393490682,0.17249011889951876,0.4262291520656814,Reject,1.1843674676225362,0.10112004840182016,0.9618982533026883,1.3931710626670613,341.85303619680474,Reject,Reject,Reject,Reject,1.404514000590004
0.6760587947381973,0.9316529768945364,0.20558725968010574,0.08720785299101584,0.3550722518887331,Reject,"Z1, Z2, Z4",1.234574361296278,1.0901863328205457,-0.14438802847573234,1.017427300196377,1.5974101844249544,328.92255321126277,0.20558725968010574,0.07099916289331645,0.3474453107080765,Reject,1.0913935932813132,-0.14318076801496488,1.007373675290145,1.6005795772216902,343.7536365624645,Reject,Reject,Reject,Accept,0.7591040398115806
0.859634206627252,0.8746419060700021,0.10922134913622425,0.0026501183517754733,0.2729630814743108,Reject,"Z1, Z2, Z4",1.3864840421705988,1.1708801894184713,-0.2156038527521277,0.9951736119868866,1.5991751501690168,337.07523853880747,0.10922134913622425,-0.026998080475617428,0.24182444244231255,Accept,1.172150320948861,-0.21433372122173783,0.9501436449143629,1.459160160284666,350.158910452473,Reject,Reject,Reject,Accept,0.9490249484813814
0.5270196745422844,0.7818221023818519,0.3498740164422865,0.21510407006363869,0.4725823051445397,Reject,"Z1, Z2, Z4",1.0588288072250818,1.231535160626762,0.17270635340168022,0.9824628434305406,1.4551928952184603,338.99681855695064,0.3498740164422865,0.2137564858131677,0.4741636867681654,Reject,1.231343074244888,0.1725142670198065,1.0022894068373307,1.4868389059370994,354.3249531679414,Reject,Reject,Reject,Reject,1.5088495701323859
0.6359083745903825,0.8130678290322807,0.3116227690012106,0.23636772387168714,0.48588171665454755,Reject,"Z1, Z2, Z4",1.0167530474426207,1.06455537481076,0.04780232736813911,0.9748089342359045,1.485901494350168,352.1303176407509,0.3116227690012106,0.18757870425579784,0.439740006131874,Reject,1.0641591566175976,0.04740610917497692,0.9589621750780627,1.4309317638162617,366.07364415699624,Reject,Reject,Reject,Accept,0.9717476372061941
0.2841991217088189,0.8123277205984646,0.3092053305256822,0.2014870296845629,0.5018277623409007,Reject,"Z1, Z2, Z4",1.1576926540477632,1.226483167614474,0.0687905135667108,0.9315095585769414,1.311504224475367,336.5069327284827,0.3092053305256822,0.17143046689415964,0.4510119855159784,Reject,1.2260469660623126,0.06835431201454946,0.9839585636473445,1.4263086574618435,340.0214398874709,Reject,Reject,Reject,Reject,1.5647269031200655
0.7215706856894827,0.8322814967517703,0.22815339578041643,0.1182334519994114,0.3920651503310833,Reject,"Z1, Z2, Z4",0.9764214648663954,1.0347703619968052,0.05834889713040962,1.0123213999632998,1.6179730581423646,338.5020779991483,0.22815339578041643,0.09192024782552502,0.3716360230161388,Reject,1.0368691822318,0.060447717365404635,1.0115713491735063,1.6084846911646902,359.1239647412993,Reject,Reject,Reject,Accept,0.4181444431977321
0.66043916881642,0.8045019157477107,0.1984999083242187,0.13617227519049696,0.37590850094694206,Reject,"Z1, Z2, Z4",1.0222891641989829,1.0967238583066383,0.07443469410765552,0.9071723721381276,1.288069411608466,322.3553990705098,0.1984999083242187,0.08312807042372136,0.31398064661627995,Reject,1.0965303916260332,0.07424122742705036,0.9607347732641884,1.446482998952806,332.92352499596825,Reject,Reject,Reject,Accept,0.785868851662482
0.7062397124560078,0.851262245114925,0.31923987655381986,0.21291014791870744,0.46651472701449226,Reject,"Z1, Z2, Z4",1.1902002317115794,1.2884848463829985,0.09828461467141915,1.0131147119465977,1.6082133593849142,370.19953447640546,0.31923987655381986,0.1918775660162509,0.44918488650669797,Reject,1.2880298884213712,0.09782965670979178,0.9824458745030333,1.549523886054551,384.57328878102413,Reject,Reject,Reject,Reject,1.1982410339065517
0.7610039818699157,0.8636354510634533,0.15207805582761594,0.10637538462935126,0.3446550376625678,Reject,"Z1, Z2, Z4",1.07595096720062,1.0479285215557652,-0.028022445644854736,0.9699849610785861,1.40107946994807,340.2684179890863,0.15207805582761594,0.03235900989478878,0.2664173448037372,Reject,1.0482300196571732,-0.027720947543446634,0.9640180685793694,1.4198525311828916,351.07221241177393,Reject,Reject,Reject,Accept,0.7053075670824248
0.6357062743719439,0.884331608668183,0.3368784701243711,0.17916184361806972,0.45471861141067127,Reject,"Z1, Z2, Z4",1.309051874910873,1.1909751179140016,-0.11807675699687169,1.0657413692259958,1.7103416025559208,346.67983887856076,0.3368784701243711,0.20047477743072661,0.47269746976579957,Reject,1.1907796289685721,-0.118272245942301,1.0174102407433774,1.5385472995087355,360.8205167113426,Reject,Reject,Reject,Accept,0.9849207833665445
0.5272190929731262,0.7664047149401474,0.3318545301107345,0.24279813465309288,0.48109117574839905,Reject,"Z1, Z2, Z4",1.1595702729334245,1.1241890584573613,-0.03538121447606338,1.0542709694631422,1.7307695982834852,337.37438844106003,0.3318545301107345,0.21103977815278283,0.44687350013269356,Reject,1.1227130906152785,-0.03685718231814615,0.9798958609466627,1.4867993826693988,339.8016327925241,Reject,Reject,Reject,Reject,1.3362636600797992
0.7264931248425464,0.8546638890043678,0.1369204150678045,0.045980355605033066,0.31087706805202847,Reject,"Z1, Z2, Z4",1.1298423582643193,1.2065839056790375,0.076741547414718,0.9903724309499023,1.4867855142441193,328.75920977755794,0.1369204150678045,0.013507664986661241,0.26062469500751967,Reject,1.2068437157218246,0.07700135745750515,0.9386741238346475,1.370651001301537,340.196537439709,Reject,Reject,Reject,Accept,0.32582436063065123
0.7080181601969371,0.8141306448495823,0.3121077025989236,0.22930098023036297,0.4948060382989792,Reject,"Z1, Z2, Z4",1.0477805393129602,1.0477202612994434,-6.027801351683755e-5,1.1003941479539043,1.8327465021216582,363.288712038105,0.3121077025989236,0.17581142012946066,0.43530310731269717,Reject,1.0482264278201,4.4588850713966693e-4,1.0956176803641484,1.7959168070914988,367.22929504486007,Reject,Reject,Reject,Accept,0.9537457446094579
0.766143731683482,0.7843393477211862,0.2690460072506346,0.15457548501794494,0.395655335101963,Reject,"Z1, Z2, Z4",0.8848792461593374,0.9874250768938556,0.10254583073451827,0.9498046315878056,1.5266291737553537,347.7205701334236,0.2690460072506346,0.14451582982092914,0.4006171652555267,Reject,0.9879756717492211,0.10309642558988359,0.9199943409019623,1.398534473902304,352.10788526320465,Reject,Reject,Reject,Reject,1.1453669907155979
0.6219149379026901,0.9366517530845798,0.2033603700793791,0.12591926587250715,0.42030550589915144,Reject,"Z1, Z2, Z4",1.2971568523356027,1.2911922784158034,-0.005964573919799354,0.986217035308812,1.4742370478248905,340.3360658168947,0.2033603700793791,0.05757968672421116,0.3480072669850827,Reject,1.2916688012552524,-0.005488051080350487,0.986644323127491,1.473002623793548,348.4734155850878,Reject,Reject,Reject,Accept,0.8417174507701495
0.8047689462886729,0.8580890231196309,0.19578415918251038,0.12513134670018347,0.35513054374472985,Reject,"Z1, Z2, Z4",1.2756322563859996,1.1485024803751844,-0.12712977601081524,1.0367031629658348,1.574077350503734,360.7200268442625,0.19578415918251038,0.08596737590001335,0.3208237291128675,Reject,1.1484013294486362,-0.12723092693736365,1.0329271736665655,1.5541592024374251,374.5979281726689,Reject,Reject,Reject,Accept,0.441847619373272
0.4760984903925452,0.8723858207981902,0.21755364006816785,0.14274475082357302,0.3702704843271529,Reject,"Z1, Z2, Z4",1.0028637989180462,0.926781720289073,-0.07608207862897322,0.9958159135560953,1.5509861274342214,297.5964600422492,0.21755364006816785,0.10992988941736095,0.33289273091443067,Reject,0.925888618633879,-0.07697518028416729,0.9573539745887354,1.4376798686412318,303.34884398197755,Reject,Reject,Reject,Reject,1.4365491394681804
0.5868009712905214,0.8300342841040582,0.2682535108523802,0.2078187608508148,0.4537940980655666,Reject,"Z1, Z2, Z4",1.166853629619834,1.2343046257500812,0.06745099613024727,0.9700681077798022,1.551401367609683,341.6785170911295,0.2682535108523802,0.14043563489677863,0.39419509247799667,Reject,1.2339711883987037,0.06711755877886984,1.0169524892514645,1.6869977166792471,353.4011317779757,Reject,Reject,Reject,Accept,0.5193637758548163
0.6745507745249391,0.8804843441910224,0.19848308583714436,0.07859728113380074,0.36574226539005095,Reject,"Z1, Z2, Z4",1.1334903879705214,1.201336160090543,0.06784577212002167,0.9322150713479218,1.446033482280449,347.14521247123923,0.19848308583714436,0.05340164935976083,0.3426712030220399,Reject,1.2015272670170962,0.06803687904657478,0.9764294510459627,1.527196697763239,356.3707610522572,Reject,Reject,Reject,Accept,0.399943002703947
0.835744028442462,0.8375136266526878,0.18200444848506409,0.06784990960945989,0.2993828598903592,Reject,"Z1, Z2, Z4",1.0917904671123402,0.946356233730041,-0.14543423338229927,1.0167627919154103,1.6932598400797174,338.7092914316419,0.18200444848506409,0.06443665321413239,0.30255098144726006,Reject,0.9466277764513318,-0.14516269066100845,0.9974219662256456,1.6044128185724658,352.6872647242342,Reject,Reject,Reject,Reject,1.3192927723552021
0.5961343169917389,0.8124396153159936,0.3500879524866468,0.24264150116192995,0.479819784782586,Reject,"Z1, Z2, Z4",0.9164645966697675,0.9072974237701215,-0.009167172899646069,1.0272934917208603,1.6181252042959675,332.1978552999995,0.3500879524866468,0.23077500488088062,0.4637486123628106,Reject,0.9077122009433712,-0.008752395726396297,0.9867298043378607,1.5170407760367266,350.41145455272135,Reject,Reject,Reject,Reject,1.4889708426743207
0.664596008800286,0.8438488207538051,0.3217501293875678,0.19870378829077873,0.47873239962565606,Reject,"Z1, Z2, Z4",1.0460826306707776,1.0470408466143895,9.582159436119493e-4,1.0540949080197397,1.7419340829187169,367.97560411405453,0.3217501293875678,0.1847699330867125,0.4673236651281743,Reject,1.0483154963408268,0.002232865670049031,1.0513962243706636,1.7127103654324696,386.677360018865,Reject,Reject,Reject,Accept,0.2868740311446199
0.6592939815414154,0.8479230997267697,0.19740474988893128,0.11877020028084562,0.3484074060899196,Reject,"Z1, Z2, Z4",1.1244490707395831,1.0935803373360633,-0.03086873340351974,1.0167747633747262,1.7245612454679364,330.00122769577456,0.19740474988893128,0.07615442751989068,0.3171345819121441,Reject,1.0924717433115245,-0.03197732742805857,0.9437300402128439,1.4929305094293042,341.64063202031207,Reject,Reject,Reject,Reject,1.1628175341227849
0.7537345010989315,0.8684090948772835,0.19763219833933815,0.1167613401778298,0.37551019331638724,Reject,"Z1, Z2, Z4",0.9177164956126643,0.9713076331081375,0.05359113749547318,0.9369602250986759,1.360356131037987,348.4161713904708,0.19763219833933815,0.07077915932816167,0.32168396614756917,Reject,0.9713547544806492,0.053638258867984935,0.9792291135007014,1.4836867960397189,363.9865164116329,Reject,Reject,Reject,Accept,0.9088990233200767
0.3498940025060502,0.8205330923424359,0.4501229142227823,0.33549941927316274,0.6325126539650857,Reject,"Z1, Z2, Z4",1.1755702030167974,1.270110557623743,0.09454035460694571,1.0069684794027614,1.5819165093002794,353.0936301703805,0.4501229142227823,0.30355785949087943,0.6030411276028508,Reject,1.2715565025304614,0.0959862995136639,0.9696015057461093,1.4656401886145622,364.39967653752626,Reject,Reject,Reject,Accept,0.8076022968423611
0.6495374842793326,0.8353862475196089,0.3622038288239691,0.22408092403416985,0.4943373682954646,Reject,"Z1, Z2, Z4",1.087559607878634,1.2421908364345848,0.15463122855595063,1.0749317157745866,1.713109657787078,368.4929087994085,0.3622038288239691,0.2259147079224764,0.4991033361988666,Reject,1.241776146775032,0.15421653889639772,1.0272660829437739,1.5617775787769186,384.6267055255313,Reject,Reject,Reject,Accept,0.5853504896127807
0.6606437570836464,0.8508695027414344,0.27864663772336373,0.18639978130682688,0.4370545355280138,Reject,"Z1, Z2, Z4",0.933865199400217,0.9317449212986882,-0.002120278101528712,1.0718110385479866,1.6488804248538265,351.5755105163269,0.27864663772336373,0.1596167459279863,0.3977116525238046,Reject,0.9342788625625688,4.136631623517924e-4,1.086721381722001,1.7239021621548565,362.256386131679,Reject,Reject,Reject,Reject,1.6247696501722226
0.5581261491371902,0.8957531486892916,0.30627979779506304,0.20994863435246924,0.488220052255416,Reject,"Z1, Z2, Z4",0.8698902135274195,0.9209437520282243,0.051053538500804796,1.006354348385095,1.5864832002858686,333.8672588990271,0.30627979779506304,0.16679798291578454,0.437130643221802,Reject,0.9216560733412945,0.051765859813875055,0.9735212878871994,1.500884165325324,348.4471932900379,Reject,Reject,Reject,Accept,1.0594335937177626
0.5833276878630043,0.8735975426962863,0.32079999139635024,0.18675734389316204,0.5073685232504168,Reject,"Z2, Z4",1.4618064127112327,1.3189679867979225,-0.14283842591330997,0.9675495952531402,1.462262320440925,373.6806443155818,0.32079999139635024,0.18485662436626002,0.4590810322031512,Reject,1.318611949177938,-0.1431944635332946,0.9917606238078215,1.4909559014335327,378.70388894682293,Reject,Reject,Reject,Reject,1.4671647254963587
0.6212648895491031,0.8786959964742431,0.29842718392109646,0.22415261978793505,0.47585758894085517,Reject,"Z1, Z2, Z4",1.4518801140347681,1.4188104207730219,-0.03306969326174641,1.065953733539438,1.7480001922043655,355.8761004173121,0.29842718392109646,0.1615362089858802,0.4244804803706329,Reject,1.4176342411919611,-0.03424587284280712,1.0681991428886997,1.7361422532990123,369.62024530727734,Reject,Reject,Reject,Reject,1.0919091751372074
0.5998601722862833,0.8875399574320503,0.30288045607997155,0.18076955036259806,0.45545131335060784,Reject,"Z1, Z2, Z4",1.1098479894932216,1.0535919872623292,-0.056256002230892575,0.9987830135824449,1.5841380641735434,344.58639468389924,0.30288045607997155,0.16844819719915416,0.4347241740660873,Reject,1.052702370058792,-0.05714561943442949,0.9605014707873147,1.4690088863034938,359.3238521179447,Reject,Reject,Reject,Accept,1.04902367541377
0.4474843400407971,0.8651739239489067,0.2968230295877816,0.23835040651953143,0.485475388520725,Reject,"Z1, Z2, Z4",1.3897974762184906,1.3169665535055899,-0.07283092271290056,1.0144300783688927,1.551926056327319,318.9834530510794,0.2968230295877816,0.17871052177983981,0.41451437113112205,Reject,1.3169583773110676,-0.07283909890742296,0.9661208425262617,1.399536760379918,326.67513764484795,Reject,Reject,Reject,Accept,0.8072940805574473
0.6346310762984038,0.8668451060284005,0.21259842266939666,0.1461954379511553,0.38155459833215943,Reject,"Z1, Z2, Z4",1.297258331003167,1.2724101325775208,-0.024848198425646124,1.0125612769507089,1.5504479544064742,334.1846322559552,0.21259842266939666,0.09618083742044314,0.33195748096571065,Reject,1.2718742565781744,-0.025384074424992523,1.0221226458706847,1.5919178407292742,346.54098976177715,Reject,Reject,Reject,Accept,1.026901238765856
0.7500581310851204,0.8138486834306512,0.2458461182744929,0.14622265822668484,0.41112941684541277,Reject,"Z1, Z2, Z4",1.13871824448521,1.2522491360718353,0.11353089158662544,1.053216172668081,1.6415143974551998,365.2540410814434,0.2458461182744929,0.12076267036970667,0.3753366708577619,Reject,1.2524066460766188,0.11368840159140885,1.0027096397335498,1.5241619260704942,377.3426783597218,Reject,Reject,Reject,Reject,1.5672171298176445
0.6905773815936946,0.7810050095715769,0.3184115387242588,0.18836824670997615,0.41896450261576346,Reject,"Z1, Z2, Z4",1.3325545339113454,1.325397587824034,-0.0071569460873113135,1.0046562145509992,1.633542975407007,348.1247834995565,0.3184115387242588,0.2031021699440302,0.4430655300847879,Reject,1.32609922054425,-0.0064553133670955005,0.9502330139082935,1.4488945446419836,360.55976194004603,Reject,Reject,Reject,Reject,1.1760456775985026
0.4464407562023861,0.7373714290501328,0.4614003369665072,0.3312874022940072,0.5966483027098879,Reject,"Z1, Z2, Z4",0.8678642479441517,0.8983212272232669,0.03045697927911511,1.018694741445031,1.7562831587416285,323.2885366151498,0.4614003369665072,0.33599273537656815,0.5916417215676248,Reject,0.899340466649142,0.03147621870499028,0.9704556168727879,1.5911481346356333,340.86559096358303,Reject,Reject,Reject,Reject,1.0904158303517857
0.6848455663458491,0.8951701595186784,0.19615750529001233,0.1074721079292087,0.4019517760817828,Reject,"Z1, Z2, Z4",1.0996740050346336,1.1451454800006606,0.04547147496602698,1.026548251120935,1.6357099502464485,327.7996454332405,0.19615750529001233,0.05047595407110791,0.3349988155232651,Reject,1.1460434258399648,0.04636942080533108,0.9904387531375576,1.4862520737282037,336.5070494753938,Reject,Reject,Reject,Accept,0.5365351972179844
0.7673371415568121,0.8949143727838068,0.2634743341730696,0.09147706206150852,0.3926358136827736,Reject,"Z2, Z4",1.1523363836486311,0.9917938423089268,-0.16054254133970436,0.9520087227210864,1.5445590818332096,368.70175687766164,0.2634743341730696,0.12695210969522877,0.39574887313224866,Reject,0.9909502858981686,-0.16138609775046245,0.9211709786583684,1.4494609697186778,378.3079197379357,Reject,Reject,Reject,Accept,0.5630738727869167
0.7093292726028213,0.8778623396130054,0.24634648313922994,0.11587787214278632,0.37102424836383546,Reject,"Z1, Z2, Z4",0.982105688995549,1.0027910820127124,0.020685393017163527,1.0016284596010947,1.6048573238818449,330.92335407258076,0.24634648313922994,0.11640591401580777,0.37565562392396085,Reject,1.0035481384265807,0.021442449431031758,0.9286229071159503,1.393978279049085,341.2911407462273,Reject,Reject,Reject,Reject,1.2036053479050666
0.5213112049739664,0.794821551664586,0.3387127191183371,0.22608253602749132,0.5099452778649564,Reject,"Z1, Z2, Z4",1.2012359686107548,1.2170482009199477,0.015812232309192795,0.9419367663155953,1.4201088963260553,360.7616225056765,0.3387127191183371,0.205740474786078,0.48014231738105106,Reject,1.2165957190483352,0.015359750437580309,0.9911597042674348,1.5541047158016343,373.9616200071579,Reject,Reject,Reject,Reject,1.0957970899977603
0.45247384432970716,0.8246394493299345,0.32856680805464894,0.30897068573520814,0.6005497698727108,Reject,"Z1, Z2, Z4",1.1111774841739344,1.15506529275338,0.04388780857944558,1.0183948509580378,1.6784385723166195,359.213291059769,0.32856680805464894,0.18434549932387984,0.4781075873025641,Reject,1.1548469341878027,0.04366945001386827,0.9166530835855142,1.3609870567668954,368.54039469364056,Reject,Reject,Reject,Reject,1.0336048257165609
0.6776083136478311,0.848671204155832,0.21726504957362733,0.089638630793567875,0.32031783135197106,Reject,"Z1, Z2, Z4",1.2968790421775545,1.3085328466232107,0.011653804445656347,0.9530036278214491,1.3882308765418463,327.6345510527051,0.21726504957362733,0.10316699974616461,0.3246247476889071,Reject,1.308995655152885,0.012116612975330449,0.9614916251159636,1.4253833361052017,346.0052526588456,Reject,Reject,Reject,Reject,1.1958186909514916
0.6636974432418083,0.9075659423742481,0.2732261194991533,0.1530843595940092,0.4121551381967316,Reject,"Z1, Z2, Z4",1.228200818545094,1.233676492347971,0.0054756738028768565,0.9740211758107113,1.4942135928502105,346.2628451322564,0.2732261194991533,0.14976115660758063,0.4012804032042847,Reject,1.2339175686444013,0.00571675009930716,0.9977410929393092,1.5628535831448231,355.2896707669386,Reject,Reject,Reject,Accept,0.9237504228894602
0.5931244725764705,0.8871075814517656,0.16822761311274764,0.0769416606259905,0.3400881477599731,Reject,"Z1, Z2, Z4",0.9410730656210102,1.0353173326603726,0.09424426703936231,0.9298459066257769,1.3782234714443757,307.9568826228004,0.16822761311274764,0.042309949299321255,0.2935471196924232,Reject,1.0346128537172667,0.09353978809625645,0.977098015333019,1.4941975289722473,312.90774114755357,Reject,Reject,Reject,Accept,0.9399380725038109
0.5470191939250412,0.8083825020104438,0.2255265308631411,0.14128437421109014,0.3862401686778384,Reject,"Z1, Z2, Z4",1.3279994886692221,1.2624725322535,-0.06552695641572215,1.0358430516168717,1.6912465671285666,335.4202154659193,0.2255265308631411,0.09589438517872986,0.34281373482087807,Reject,1.2607341795848837,-0.06726530908433838,0.9830733472441338,1.537544254177062,345.76093607543294,Reject,Reject,Reject,Reject,1.4541875492177585
0.7954619673488007,0.8790355959344858,0.13401193045184523,0.009582737104972212,0.30290070502780586,Reject,"Z1, Z2, Z4",0.9763620653660081,0.9845471917942092,0.008185126428201154,0.91351444659667,1.3319998578583243,326.38883831838933,0.13401193045184523,-0.005038420824129496,0.2705044557141742,Accept,0.9837186602535812,0.007356594887573133,0.8773393145720322,1.2500853407559045,335.2571716442927,Reject,Reject,Reject,Accept,0.2823264309423351
0.6620050317473841,0.8208678907781021,0.31412924928260505,0.20260267184602018,0.4677983374256558,Reject,"Z1, Z2, Z4",1.2578117560115747,1.1318226066993244,-0.12598914931225047,1.0228465099547275,1.6439825496299272,354.59426553414664,0.31412924928260505,0.18470677197035817,0.45319288584241896,Reject,1.1325322184796438,-0.12527953753193097,1.0169522860844253,1.6143012803291386,366.90926435299116,Reject,Reject,Reject,Reject,1.2652183967274397
0.6202545782690888,0.8677640308732709,0.3010101829847986,0.16163976876929145,0.43831927584473873,Reject,"Z1, Z2, Z4",0.9843549099096855,1.0719201838422545,0.08756527393256892,0.9908576298062771,1.4390120600569085,337.036143720234,0.3010101829847986,0.16904317192656973,0.4342682950041577,Reject,1.072404889163551,0.08804997925386543,0.9574551181488969,1.3614612641041417,346.686018306288,Reject,Reject,Reject,Reject,1.1286096265488441
0.7195350849128556,0.850425001631873,0.1924219898488959,0.1494223360036211,0.40586622790107335,Reject,"Z1, Z2, Z4",1.0980080311745677,1.2133315158523297,0.11532348467776203,0.9126968696349167,1.4213429032560507,345.498925841324,0.1924219898488959,0.06820600106269847,0.31497721165328724,Reject,1.2138040879305676,0.11579605675599974,1.0129931501803993,1.7149614800808002,350.1961421948778,Reject,Reject,Reject,Accept,0.411799733963742
0.8517478018175119,0.9186604545766672,0.1946628231739151,0.04390810882968301,0.3272157606131564,Reject,"Z1, Z2, Z4",1.150839044347629,1.169741359556283,0.01890231520865384,0.9632168148430549,1.5512147525879185,347.92935358945175,0.1946628231739151,0.049567720410924096,0.3309158587173219,Reject,1.170385482875876,0.019546438528246876,0.946051155756186,1.4613566042982356,361.5241828850479,Reject,Reject,Reject,Accept,0.9276836121009508
0.5906483908920105,0.8310648219919524,0.3657287854662236,0.26737452628758684,0.5360835413165389,Reject,"Z1, Z2, Z4",1.2217157034005455,1.1517993442335037,-0.06991635916704182,1.041822811116655,1.6017208486226753,363.1294702268644,0.3657287854662236,0.2287816416415338,0.4940650881469625,Reject,1.1524586916550605,-0.06925701174548506,1.0438905746911677,1.6267461994426025,382.23045423855524,Reject,Reject,Reject,Accept,1.0944840028349125
0.6722073879653848,0.8638519007409355,0.31056141084543215,0.1740169066402945,0.4647911746015092,Reject,"Z1, Z2, Z4",1.0545542254083986,0.9901185847418699,-0.06443564066652882,1.0762332765445888,1.7462717701536352,358.2921223091751,0.31056141084543215,0.1687728078060772,0.4521362159420377,Reject,0.9888670446453772,-0.06568718076302144,1.0795837535211577,1.7432764273202948,374.9305483916574,Reject,Reject,Reject,Reject,1.4346199332184733
0.5448939910034643,0.7960291054891427,0.3037475930390111,0.22001014826785753,0.4523817159343439,Reject,"Z1, Z2, Z4",1.1891350497734563,1.1819273673307467,-0.007207682442709703,0.9449784503725315,1.4631130821335856,337.24219132779825,0.3037475930390111,0.18667599786289607,0.4256389553611514,Reject,1.1815931926078032,-0.007541857165652923,0.972574642781112,1.538818275935827,353.0506223484049,Reject,Reject,Reject,Accept,0.6475997285436552
0.5036691242528246,0.8851062381925311,0.27158653861150694,0.16544574943653456,0.41231471665625885,Reject,"Z1, Z2, Z4",1.0795083851013747,1.0926345308805834,0.013126145779208865,0.9730170721563777,1.388252104584119,319.2644346980017,0.27158653861150694,0.15061944024103358,0.3919563972433646,Reject,1.0929280799327188,0.013419694831344066,0.9541257418409693,1.3774326095911777,329.6985100137759,Reject,Reject,Reject,Reject,1.1140844067299511
0.6331218471665039,0.8002973245829111,0.33376096060453636,0.23308127570726447,0.47476296956693675,Reject,"Z1, Z2, Z4",0.9978270211060783,1.0528929193324763,0.05506589822639788,1.020930460201473,1.6402224216562828,355.70220112619677,0.33376096060453636,0.2184203272934758,0.44980485894489025,Reject,1.0523753965123985,0.05454837540632015,0.9947103527165114,1.5978207007491023,370.0597374797394,Reject,Reject,Reject,Accept,1.1215299144985855
0.6756972596879982,0.8448114075257338,0.19872299132199478,0.07468557429235673,0.34686846146478734,Reject,"Z1, Z2, Z4",0.8754207804684567,1.1023185423597337,0.2268977618912769,1.0514684919755004,1.7082473533232567,335.5412852896999,0.19872299132199478,0.06355818812469141,0.3377939425403005,Reject,1.1020664794554467,0.22664569898698986,1.0202225631077901,1.6354602471228576,356.2290623816966,Reject,Reject,Reject,Accept,0.9332344500072076
0.7250050425086789,0.9148406478056167,0.22614116003571447,0.09835982714042274,0.3700191766698812,Reject,"Z1, Z2, Z4",1.1310424448391712,1.2471765825388372,0.1161341376996661,0.9827164832070246,1.4897428009631613,341.6248733138602,0.22614116003571447,0.0963551846524156,0.36443671079364026,Reject,1.2455103753529877,0.11446793051381637,0.9945019673615153,1.5015298884168922,350.98291883546085,Reject,Reject,Reject,Reject,1.2661936527172617
0.5853768067069438,0.7548918824870661,0.3836978606584225,0.29050943840056853,0.5161365770422592,Reject,"Z1, Z2, Z4",1.018551680910131,1.0802426730629535,0.061690992152822685,1.0519179774542098,1.6036600235710388,349.3876697431886,0.3836978606584225,0.2648744872764224,0.49633119536607473,Reject,1.0798700502845595,0.061318369374428736,1.0202689108416922,1.5153406108548493,366.8027549175827,Reject,Reject,Reject,Reject,1.55387614128397
0.5283770932883053,0.8235416388589452,0.34129177696328206,0.2464449803616425,0.49785877269481293,Reject,"Z1, Z2, Z4",1.1710184448966872,1.2430539414990252,0.07203549660233784,1.075163623756466,1.7900499629462558,358.50602360271034,0.34129177696328206,0.21689577385292053,0.47044475470809105,Reject,1.2437429947951697,0.07272454989848245,1.0619852426526641,1.7573508463837542,374.6647837963475,Reject,Reject,Reject,Accept,0.6710705080055809
0.6033205107811833,0.8139344199131496,0.2218740307690403,0.15627944629070206,0.40238117559605835,Reject,"Z1, Z2, Z4",0.9268415591130169,0.9547870990246523,0.02794553991163552,1.0004021425944094,1.4879525570520122,333.0014792363583,0.2218740307690403,0.10629429209931952,0.3437909540803239,Reject,0.9541999976691088,0.027358438556091845,1.006387337516876,1.5169995352569787,337.22929191757447,Reject,Reject,Reject,Accept,0.9551690341523553
0.8725366461050656,0.9163867936793287,0.24482102661730196,0.14979879583227018,0.39993343239894447,Reject,"Z1, Z2, Z4",1.0198277151428359,0.9276119213386506,-0.09221579380418542,1.0136181467046996,1.546013003277103,352.32570004042094,0.24482102661730196,0.1196225732478441,0.36795660478167563,Reject,0.9274417610717214,-0.09238595407111456,1.0409463180701155,1.5929858443120426,368.10096477949276,Reject,Reject,Reject,Accept,1.0187540068242242
0.5803089717850946,0.8860634708587978,0.26216523791490165,0.15087804471001254,0.4425630714422324,Reject,"Z1, Z2, Z4",1.0349396741991148,1.0659995098889623,0.03105983568984773,1.0129838438833731,1.5714277074572878,328.01699022044596,0.26216523791490165,0.11614567834772571,0.39798512876548753,Reject,1.0669904624905169,0.032050788291402225,1.0182768803182456,1.5926135016775436,346.1226843863731,Reject,Reject,Reject,Accept,0.5343024153556517
0.6694403840282522,0.8534604183219359,0.18264217360393697,0.13117673015466758,0.3714016075830303,Reject,"Z1, Z2, Z4",1.1709899391192122,1.1976831779848522,0.02669323886564013,0.8967478382558077,1.2561386125943006,339.1850366022061,0.18264217360393697,0.0637556661842721,0.30977006260605944,Reject,1.1969560175039142,0.02596607838470207,0.973814416053921,1.4589878940719392,350.3487012432842,Reject,Reject,Reject,Accept,0.7607201608363832
0.5833292745944317,0.8618434544278061,0.2627221823158135,0.17345703132695522,0.4542983164822625,Reject,"Z1, Z2, Z4",1.3446640136672265,1.193973788313755,-0.15069022535347162,1.101135449798291,1.9254911866721516,355.5545646404934,0.2627221823158135,0.12647667429889128,0.3930068330543621,Reject,1.1936081657171993,-0.15105584795002724,1.0049965018302798,1.596187787342237,363.66957009420065,Reject,Reject,Reject,Reject,1.398051158090168
0.4811306689824657,0.8424562748347815,0.2808909306344262,0.20366426465015286,0.44350114093173065,Reject,"Z1, Z2, Z4",1.0106216191489321,1.090321419289009,0.0796998001400768,0.9291407781795704,1.347800720778146,323.4529358720527,0.2808909306344262,0.16104211260411097,0.4034633327039189,Reject,1.0905331182594131,0.07991149911048101,0.9149679285983014,1.2808447493591946,333.22241206887793,Reject,Reject,Reject,Reject,1.4632412602800968
0.7114944686165564,0.8204237340435696,0.23479539600177163,0.15100125880724005,0.39123685302412803,Reject,"Z1, Z2, Z4",1.23896070357903,1.2106139438657189,-0.028346759713311284,0.9499999973319888,1.4036520796267324,346.50197552055005,0.23479539600177163,0.11938860590851938,0.34653175765711675,Reject,1.211574287383511,-0.027386416195519216,0.9563504410243137,1.4308240615120806,349.7952630916025,Reject,Reject,Reject,Reject,1.1219349287521865
0.6125342205455148,0.8368149547583273,0.28168758921745457,0.16639976344630822,0.4636250568416056,Reject,"Z1, Z2, Z4",0.8875795991221007,0.8230500505967229,-0.06452954852537796,0.8899390167718823,1.1982809303921464,338.1002724122701,0.28168758921745457,0.13701362749929152,0.4307422415752552,Reject,0.82342501191753,-0.0641545872045707,0.9514695855305583,1.3905135018323478,347.7116290636753,Reject,Reject,Reject,Accept,0.6498741493104184
0.6924584084176194,0.8801539414533328,0.18427563707880765,0.09812572133752402,0.3287475263905725,Reject,"Z1, Z2, Z4",1.0665336298011994,1.0295459792274304,-0.0369876505737691,0.9207224383756056,1.3165298750989831,327.31698681843926,0.18427563707880765,0.07441058231404285,0.3017333002188836,Reject,1.0281473031210928,-0.03838632668010666,0.9300373457433636,1.349939295306079,342.6682113228396,Reject,Reject,Reject,Accept,0.6325724233237319
0.3627461702176009,0.8550494631617741,0.3395700139268295,0.2067825214666288,0.4974646694650202,Reject,"Z1, Z2, Z4",1.2180057508700495,1.0417950304095958,-0.17621072046045358,1.0273027166905848,1.6331366252442514,319.4317022838701,0.3395700139268295,0.19833406803083192,0.4873859500470704,Reject,1.0400570764788322,-0.17794867439121725,0.983649534168458,1.4846506291397048,333.2537702869137,Reject,Reject,Reject,Reject,1.2099788222620873
0.5107149828630839,0.7913501426591387,0.3543216454150803,0.265705410108813,0.5152425325892713,Reject,"Z1, Z2, Z4",1.3524435520300213,1.2901132662609656,-0.06233028576905576,0.9665789634123989,1.4151692373819127,357.5781525571132,0.3543216454150803,0.23394899324754198,0.48541789483587094,Reject,1.289199886127128,-0.06324366590289308,0.9690867903975303,1.449828646347007,364.0991487497386,Reject,Reject,Reject,Accept,1.0677229919979554
0.4811506756349886,0.8585847584073201,0.29404150215330627,0.1806135646613208,0.46077414021718655,Reject,"Z1, Z2, Z4",1.077934857068892,1.0113208930565019,-0.06661396401239014,1.079561732912635,1.7504107482662452,327.9845341527797,0.29404150215330627,0.15035844993551803,0.4263170146675096,Reject,1.0115143275183545,-0.06642052955053752,1.05380933764687,1.656338894239241,344.2355327953343,Reject,Reject,Reject,Accept,0.8455768782765093
0.6280800072489113,0.9127653293177616,0.24359131020792812,0.1357468541339366,0.40803575027,Reject,"Z1, Z2, Z4",1.1798952037618244,1.120224210528032,-0.05967099323379244,0.8809547673698339,1.2652752826419815,330.17023455234886,0.24359131020792812,0.1013739295465687,0.3813912388583226,Reject,1.1202859063002817,-0.05960929746154284,0.9295211899565502,1.413811269245514,342.3019894782317,Reject,Reject,Reject,Accept,0.6018244556865141
0.7975589933562047,0.845232535838152,0.2527746286568804,0.14489325928030355,0.4184498945856298,Reject,"Z1, Z2, Z4",1.306361210862905,1.2788519428618033,-0.027509268001101834,0.8643807637381933,1.2880699254503891,376.4026594160593,0.2527746286568804,0.12049845541414962,0.38017543473094206,Reject,1.2781086818074407,-0.028252529055464444,0.9155341524169065,1.4547322758974799,386.41076526925565,Reject,Reject,Reject,Accept,0.8584179800810807
0.6672265694621978,0.8504164257589757,0.15378136821125157,0.08078773322692287,0.31548064406376336,Reject,"Z1, Z2, Z4",0.9718367170661824,0.9427411135133612,-0.029095603552821096,1.005059517526731,1.5100785978982927,315.21439433577297,0.15378136821125157,0.033097581935046236,0.2728441803237725,Reject,0.9423024846628735,-0.02953423240330895,0.9465148730762177,1.3396568073394588,319.9580206356786,Reject,Reject,Reject,Reject,1.254759786089881
0.4671037729990501,0.8563029121005971,0.2335470655716945,0.12723387028272964,0.374659283560598,Reject,"Z1, Z2, Z4",1.0691787672151647,1.0056454934330192,-0.0635332737821454,0.8439977819598867,1.12927653685591,307.20390044351075,0.2335470655716945,0.1151456567315691,0.35481697204530405,Reject,1.0055960853628565,-0.06358268185230807,0.8674767254211944,1.2162078755767325,322.9060702483428,Reject,Reject,Reject,Reject,1.5352658958501868
0.945427714972812,0.8712864765296826,0.16914032863355133,0.08340251814477685,0.3474921260959351,Reject,"Z1, Z2, Z4",0.9673206068461124,1.0811628279694019,0.11384222112328933,1.0676056743548217,1.7387223747151324,367.17644157293176,0.16914032863355133,0.03392943560946781,0.29979356651881023,Reject,1.0801949018662507,0.11287429502013817,1.0752046860917754,1.7393111235512602,374.8563038523828,Reject,Reject,Reject,Accept,0.3043743368308925
0.7993872856277356,0.917646881150481,0.22393194465521693,0.10305689908821289,0.3529128013965087,Reject,"Z1, Z2, Z4",1.0127984831038481,0.975129422889176,-0.03766906021467198,1.0430855676699071,1.7253069955785167,342.2497911080297,0.22393194465521693,0.10302701432019269,0.3488978614675426,Reject,0.9751187313625832,-0.03767975174126484,1.0120190496363124,1.6288560184933976,350.54011450132396,Reject,Reject,Reject,Accept,0.5024738693216999
0.7245120911078219,0.8654101945160487,0.2999355417982626,0.19383430105533989,0.44330974904941267,Reject,"Z1, Z2, Z4",1.285313613241181,1.252802613681374,-0.032510999559807026,0.9673476543090758,1.5316030525504793,356.00019014765314,0.2999355417982626,0.1756388567548926,0.42338652918598935,Reject,1.252862765295671,-0.03245084794551006,1.023059775220658,1.7237155445586947,367.6988972918757,Reject,Reject,Reject,Accept,0.3749977498684297
0.7219428523434066,0.9424499151587405,0.21102725468315794,0.09860148655344751,0.4010090772774871,Reject,"Z1, Z2, Z4",1.2093200120920493,1.0475054173419482,-0.16181459475010093,1.014865809867982,1.6194969627505924,357.4537852662649,0.21102725468315794,0.06791431313128009,0.3570406506259538,Reject,1.0472859440043525,-0.16203406808769677,0.951201487486611,1.3878086340820166,366.61368518521897,Reject,Reject,Reject,Accept,0.8550927011016479
0.7952732291323293,0.8720364951686752,0.19807744942014469,0.09746159985816732,0.3660950967404351,Reject,"Z1, Z2, Z4",1.0573225127744295,1.0394804449628285,-0.017842067811600977,1.0687463810361022,1.7249552362199354,350.2041559231813,0.19807744942014469,0.06621970466295402,0.32746962492366494,Reject,1.0403935537461524,-0.016928959028277273,0.9635133830920833,1.4028513559774345,360.9656946600713,Reject,Reject,Reject,Accept,1.037404827460796
0.8688269594392523,0.9181176461736565,0.171723269928175,0.05858373657857427,0.337840791040124,Reject,"Z1, Z2, Z4",1.0971278564230194,1.1163653412964223,0.019237484873403085,1.0724244697274152,1.7256325365237493,354.68588024223914,0.171723269928175,0.038713090205736884,0.29811377839956343,Reject,1.1157616580503322,0.018633801627312926,1.0567239204059629,1.6728357572216421,366.9311830295339,Reject,Reject,Reject,Accept,0.5407169678840743
0.6528964715849601,0.7226359488969358,0.3785805149062679,0.23692657627908031,0.5089325895232583,Reject,"Z1, Z2, Z4",1.4038065923234635,1.275172413582842,-0.12863417874062136,0.9962574945657123,1.5549257173556315,384.9920078107005,0.3785805149062679,0.24540308100349623,0.5181288167558593,Reject,1.274791520692781,-0.12901507163068252,1.028566325287383,1.6976348978709157,397.5782106154192,Reject,Reject,Reject,Accept,1.0189920605132023
0.750758102539669,0.9283153430592658,0.1969658296875629,0.1598513650374703,0.3984245652255758,Reject,"Z1, Z2, Z4",1.0071334908691512,0.9667823286001292,-0.04035116226902209,1.0191592416159996,1.6177954967096728,342.8508280177575,0.1969658296875629,0.07557459974160391,0.3138085519941104,Reject,0.9672422104620899,-0.039891280407061296,1.0460701731869393,1.704331274730929,357.7659733181722,Reject,Reject,Reject,Accept,0.29750724076047397
0.6938191675067911,0.853362483759049,0.26409901755409415,0.14641898590364624,0.4008049560017955,Reject,"Z1, Z2, Z4",1.2581462764286178,1.2117798167945897,-0.046366459634028204,1.0671628945022562,1.723697137838832,355.10859068869667,0.26409901755409415,0.14340630943386376,0.39056312462719145,Reject,1.2110914452277246,-0.047054831200893134,0.9813586876877027,1.457175365630069,342.1597263957738,Reject,Reject,Reject,Reject,1.2455240525162248
0.4935259887228883,0.83749008209253,0.37798584090799053,0.1842024236805295,0.5002045181244187,Reject,"Z1, Z2, Z4",1.0418253953227676,1.0876763938343639,0.045850998511596186,0.963014488101784,1.4779953682112992,341.15374313810287,0.37798584090799053,0.2301173254856308,0.5311318680317799,Reject,1.087146031080932,0.045320635758164286,0.9581617291215171,1.4522848261027785,346.381786139016,Reject,Reject,Reject,Accept,0.06864683243908078
0.6968329614107774,0.8842749169017353,0.2493364457201007,0.12463308514999136,0.3855519044057268,Reject,"Z1, Z2, Z4",1.2619496027477817,1.1927478625813543,-0.06920174016642709,0.9506440167430094,1.43763532177631,338.26730973466033,0.2493364457201007,0.12477273494422036,0.37071619893355834,Reject,1.1931446326731625,-0.0688049700746191,0.9932667486797256,1.5866501204898615,350.2266934325723,Reject,Reject,Reject,Reject,1.1052781485590055
0.6087300072532288,0.8175072891592847,0.33484730993341827,0.23659617274108624,0.5206995113808145,Reject,"Z1, Z2, Z4",1.1056241769206012,1.0432810521809295,-0.0623431247396716,0.9840246266741302,1.6276573589931282,361.0562314124787,0.33484730993341827,0.18843220277737077,0.4749220649822769,Reject,1.0426171489735396,-0.0630070279470615,0.9859995579280783,1.6187422623948227,376.46237261819266,Reject,Reject,Reject,Accept,0.09121908071658417
0.702537379529147,0.7771627411367547,0.2979380060432495,0.185396112241075,0.4403399155815702,Reject,"Z1, Z2, Z4",1.2116260035845,1.2108303119845132,-7.956915999868208e-4,1.0260968995085307,1.492291871151631,359.04145495861786,0.2979380060432495,0.1711608449973676,0.4332751292473841,Reject,1.2110446840915097,-5.813194929903058e-4,1.0142406867754268,1.4765156207916674,376.9324300534259,Reject,Reject,Reject,Reject,1.0896286072818475
0.7005261990719259,0.9123173696934517,0.23007517482833523,0.08647804902709447,0.3313424074604639,Reject,"Z1, Z2, Z4",1.0509239063455997,1.0425614811134167,-0.008362425232182946,0.943160746435348,1.3184273883875315,329.7494453521879,0.23007517482833523,0.0987522942686158,0.3498123548124915,Reject,1.0422679070718555,-0.00865599927374427,0.9536977510042046,1.3666552543631658,348.91180763021777,Reject,Reject,Reject,Reject,1.0782525815967166
0.626193291156121,0.8828550165991704,0.2190548701288013,0.13480387342203154,0.4036128203897066,Reject,"Z1, Z2, Z4",1.2233942118711432,1.240308799072508,0.016914587201364822,0.9941643834375026,1.5789470805675214,342.60991669149513,0.2190548701288013,0.08384236057475052,0.3524075468144117,Reject,1.239651018086764,0.016256806215620888,0.9229480078644097,1.3524379256715957,346.67691530982535,Reject,Reject,Reject,Accept,0.6541816264713765
0.701332720173514,0.8717753027250367,0.2260747627386098,0.07402442839614892,0.3783005025404723,Reject,"Z1, Z2, Z4",1.2066720155507993,1.071811702912855,-0.13486031263794415,1.0928388397540032,1.7586515166859522,336.431126391979,0.2260747627386098,0.07469101901454106,0.3721257549955458,Reject,1.0734490014873441,-0.13322301406345521,1.0319851828571216,1.5677772365912215,350.46298022365477,Reject,Reject,Reject,Accept,0.3618138328036333
0.6626845246127319,0.8418919210773279,0.32982537039866416,0.2261199443573952,0.45952800737513433,Reject,"Z1, Z2, Z4",0.8497774787221631,0.9784675363753127,0.12869005765314942,0.8980350825623248,1.34410650154397,346.314198725374,0.32982537039866416,0.2134340465968364,0.44554809274695906,Reject,0.9777641533644994,0.1279866746423362,0.8867981911832663,1.3266685335468564,360.97572234086056,Reject,Reject,Reject,Reject,1.1171584767934764
0.6990457233229932,0.8598872677265411,0.2156387857962323,0.16610773236005424,0.41288977617335487,Reject,"Z1, Z2, Z4",1.2290805707381927,1.129069569629311,-0.1000110011088817,0.9884381126967304,1.5411599568253755,353.5477354347374,0.2156387857962323,0.09082148645641283,0.3468040926425526,Reject,1.1285952010931795,-0.10048536964501303,0.9821554869874469,1.519618889799337,363.95337118634626,Reject,Reject,Reject,Accept,0.5586933640994993
0.7053844214171254,0.855571987811786,0.22659279812508862,0.1536846877714272,0.4313294759880683,Reject,"Z1, Z2, Z4",1.022701052991273,1.106515920475984,0.0838148674847109,1.036748997373852,1.6190308483365474,366.50985746765457,0.22659279812508862,0.07489481698017245,0.3623502576589055,Reject,1.1052209591795383,0.08251990618826519,1.0644135459268274,1.7081618619766978,376.536505001095,Reject,Reject,Reject,Accept,1.0614030743838503
0.7601543791785295,0.9021218097073604,0.1894476346760854,0.08832608501114209,0.3524465154150077,Reject,"Z1, Z2, Z4",1.1010154923618716,1.1649476385406117,0.06393214617874016,1.038513941775027,1.6077880562380913,346.0164950218846,0.1894476346760854,0.06524781612595004,0.3223703803525852,Reject,1.1647698706823262,0.0637543783204548,1.0233392264158239,1.5770152758835465,352.481274385134,Reject,Reject,Reject,Reject,1.2828463453414982
0.38613065343650727,0.8552838754207804,0.46002106971118867,0.3429118494858603,0.609633985776081,Reject,"Z1, Z2, Z4",1.142356272746128,1.1649003876651622,0.022544114919034134,0.9908331818400332,1.532206671870268,348.0248713922224,0.46002106971118867,0.327843118567775,0.586883492231398,Reject,1.1661733761800208,0.023817103433892723,1.0204502929427937,1.6220654534684724,361.61837115738666,Reject,Reject,Reject,Reject,1.1742538602901362
0.3733457096617403,0.7339573600362507,0.4070648783484125,0.30538227817696334,0.544725404891293,Reject,"Z1, Z2, Z4",1.5141396298450644,1.4288163533638982,-0.08532327648116618,1.0190316960707309,1.6648201532584446,355.781017070984,0.4070648783484125,0.2878619586770821,0.5179806524315685,Reject,1.4294878140162532,-0.08465181582881116,1.0071823133587963,1.6431205207118225,365.476604569372,Reject,Reject,Reject,Reject,1.4592175195379053
0.845689177436658,0.8760977908420878,0.19003271566254326,0.03720263958413764,0.31101925846352174,Reject,"Z1, Z2, Z4",1.1605799290928618,1.1667935091642307,0.006213580071369136,1.0108784391130825,1.6098369764992704,360.3436256006047,0.19003271566254326,0.05074018704903002,0.3342966145285804,Reject,1.1679944179262132,0.007414488833351437,0.9730436078052556,1.5210729402267502,372.43739835569795,Reject,Reject,Reject,Accept,0.35659924573701224
0.7496537379486214,0.8608246863414282,0.2646352775594599,0.19404738957060919,0.44689426311989755,Reject,"Z1, Z2, Z4",1.0695025490929488,1.1303107857055892,0.060808236612640364,0.9575007772447062,1.596821219384463,367.3901945240204,0.2646352775594599,0.13294886508395193,0.3863171898290938,Reject,1.129912228284932,0.06040967919198338,0.9698745847068504,1.5828825561982824,381.1853201800869,Reject,Reject,Reject,Accept,1.006879486730557
0.47369280724185636,0.8263744213255835,0.3682086136657035,0.25012069093831596,0.4894613149207516,Reject,"Z1, Z2, Z4",1.114501549321827,0.9866366338998467,-0.12786491542198045,0.9381119256725489,1.44340886581214,328.813748780612,0.3682086136657035,0.2520962678418724,0.4880436882088745,Reject,0.9862570803345425,-0.12824446898728467,0.9642001044743487,1.518100970192927,341.7816812010866,Reject,Reject,Reject,Reject,1.3209293559922997
0.7281165447539203,0.8796377157189995,0.16454473417182994,0.04145045278614977,0.3262665613884728,Reject,"Z1, Z2, Z4",1.3563002278033687,1.337201740436806,-0.019098487366562788,0.9256361278510856,1.3465236213631688,345.54687669281844,0.16454473417182994,0.0258840086266795,0.309075393537083,Reject,1.3364626507274908,-0.019837577075877875,0.9897362742659073,1.5290901380568902,363.0552099893677,Reject,Reject,Reject,Accept,0.6563672461859942
0.778653331105653,0.8773232254663598,0.18791863734112793,0.06800524153481605,0.33641813579043567,Reject,"Z1, Z2, Z4",1.1142209462386437,1.0906233448575728,-0.023597601381071018,1.0668496933086817,1.681388602341657,345.38876896745967,0.18791863734112793,0.058258984508920704,0.3119995801115858,Reject,1.090302723236659,-0.02391822300198469,1.0195121617578744,1.5203486432202327,349.3790040100521,Reject,Reject,Reject,Accept,0.5737488010975929
0.46510770648470706,0.7906899202136028,0.37198378862792136,0.2569791251184974,0.5289935329816502,Reject,"Z1, Z2, Z4",1.288780705530642,1.3087882716576944,0.020007566127052578,1.1219957023664409,1.9565676299542007,361.7619324757959,0.37198378862792136,0.24484491711668382,0.5063797220090478,Reject,1.307915680607972,0.01913497507732997,1.044498708653304,1.7141751328729715,374.5769644127401,Reject,Reject,Reject,Accept,1.1356269819630866
0.6253456624188125,0.814403326546517,0.39217369205745084,0.27867104244027024,0.5864923708108075,Reject,"Z1, Z2, Z4",0.7878916713242122,0.9246407091756808,0.13674903785146844,1.0072441536124246,1.526210593345729,358.83641428953155,0.39217369205745084,0.23303998891962496,0.539523177746858,Reject,0.9241131815008613,0.1362215101766491,0.988487141943011,1.5337584160918174,372.8344259300237,Reject,Reject,Reject,Reject,1.1145287795616572
0.7494487527339447,0.8501809081595679,0.2129073533399366,0.10972876471306318,0.4207531458197621,Reject,"Z1, Z2, Z4",1.2709844979083447,1.1107221949463346,-0.16026230296200988,0.9695766058872556,1.5316494133989755,365.93289205342813,0.2129073533399366,0.06645670458543307,0.3675287357239392,Reject,1.1096437681798803,-0.1613407297284643,0.925623073614557,1.4374832810255604,367.4823666298156,Reject,Reject,Reject,Reject,1.2145218948316931
0.6626150554245993,0.8797185499296079,0.3059336098517652,0.1404245999984875,0.42456212627635687,Reject,"Z1, Z2, Z4",1.0946624690265354,1.2076997257934858,0.11303725676695062,1.0468140250718325,1.6625634102223668,341.11006475871136,0.3059336098517652,0.16547955334929615,0.4471266894221741,Reject,1.2081843943487949,0.11352192532225959,1.0162333797623233,1.5624846458178412,356.9409380275346,Reject,Reject,Reject,Accept,0.2746111549396605
0.5363945034132419,0.8837234523924734,0.27349010315656036,0.14753283551741178,0.46559217631951993,Reject,"Z1, Z2, Z4",1.0855865030122076,1.1733845230187077,0.0877980200065,0.9746824484661553,1.4737270007916583,341.4108621852744,0.27349010315656036,0.10996836165204542,0.4275202781207791,Reject,1.1733888830270989,0.08780238001489135,0.968847554346953,1.4325772351827062,354.1954337697212,Reject,Reject,Reject,Reject,1.1596625141807433
0.6367815289826886,0.7797033240969972,0.33805285821362757,0.2342225640590899,0.4874919462274243,Reject,"Z1, Z2, Z4",1.026199996211501,0.9866345830179479,-0.039565413193552904,1.0317349955172346,1.6679204409414239,341.10558163902954,0.33805285821362757,0.2158799096527627,0.4668620287004869,Reject,0.9879591813925916,-0.03824081481890924,1.0150800041162036,1.6255315602168374,357.02620335233485,Reject,Reject,Reject,Reject,1.3318446398684267
0.5545623339234588,0.8236662630994355,0.3302446870687991,0.21138187963519617,0.4718510263859231,Reject,"Z1, Z2, Z4",0.9603174418334227,1.0756285895554862,0.11531114772206363,0.97584340535881,1.3630289946406104,348.4795950265185,0.3302446870687991,0.20250137259484075,0.4594320184703615,Reject,1.074861105193653,0.11454366336023018,0.9940203806896346,1.4249275471537246,368.6365110894676,Reject,Reject,Reject,Accept,0.7645669000900435
0.7459264986746644,0.8996462446280723,0.2088940824569898,0.09449419851000387,0.36544710819137155,Reject,"Z1, Z2, Z4",1.2365940111405975,1.1298414580351563,-0.10675255310544111,0.9726011174179596,1.446275458955449,351.26645680400526,0.2088940824569898,0.06782791491682161,0.33881125907582416,Reject,1.1300329458657488,-0.1065610652748488,0.9221696125974622,1.2973516776647223,363.87369481077445,Reject,Reject,Reject,Accept,0.5614237598950227
0.5691903005223249,0.9100319256935175,0.2328566480699847,0.12047840058311542,0.4429470737029853,Reject,"Z1, Z2, Z4",1.0537743189995175,0.9768749486629335,-0.07689937033658405,0.9259299039519957,1.349865770917475,316.2834800634506,0.2328566480699847,0.07736214597960306,0.38030372946845825,Reject,0.9766992097279914,-0.077075109271526,0.9287455296387884,1.3280598035449336,321.99423020878095,Reject,Reject,Reject,Accept,0.7907897715641986
0.8116154816304377,0.8425497841759655,0.20235502600719427,0.12620351454835316,0.36133466679072695,Reject,"Z1, Z2, Z4",1.0042675624956825,1.2158838718951095,0.21161630939942705,1.1298239823609637,1.955625726608173,355.0483978177698,0.20235502600719427,0.07722728490320176,0.32055347282086727,Reject,1.215743149853,0.21147558735731745,1.10058166798828,1.792547337586145,369.4882335200515,Reject,Reject,Reject,Accept,1.1945582655426317
0.35956613307925916,0.7789032461577287,0.357243767018793,0.25751731994778737,0.5199241684761707,Reject,"Z1, Z2, Z4",1.2806508896451736,1.3930324859860865,0.11238159634091276,0.9788097650762615,1.4013427858370289,343.61389895045494,0.357243767018793,0.22514043020914226,0.4865556112048213,Reject,1.392403894870037,0.1117530052248635,1.02793448901182,1.5236948886406823,356.07279367362514,Reject,Reject,Reject,Reject,1.1816324007023853
0.4520509461316874,0.829997937221476,0.24590921445035308,0.15958232276095,0.40319765016772036,Reject,"Z1, Z2, Z4",1.3140260514785558,1.2207354738483491,-0.09329057763020678,0.9246115701288392,1.3420414508245653,305.5236295864181,0.24590921445035308,0.12228965180549942,0.36857026370641954,Reject,1.220140140646476,-0.09388591083207985,0.9171287440756989,1.314926093510193,318.45696846870396,Reject,Reject,Reject,Reject,0.9844735432537222
0.7142423871850253,0.8803983805919448,0.2339343552598328,0.15317616896504999,0.387407315381096,Reject,"Z1, Z2, Z4",1.0342042854771019,1.058651556464101,0.024447270986999097,0.9267626358848662,1.31968779334186,339.5948273203052,0.2339343552598328,0.11008923022118171,0.3529098681267233,Reject,1.0580439363903655,0.023839650913263663,0.9630923548637045,1.428354089633405,350.9688358382615,Reject,Reject,Reject,Accept,0.5455806101221568
0.7917799759339423,0.888000115339469,0.1329942457263814,0.03770837293092215,0.29982795836958726,Reject,"Z1, Z2, Z4",1.31255359862473,1.2005201357070616,-0.11203346291766834,0.8839798979427892,1.307487587404197,338.5368221792489,0.1329942457263814,8.496307170076517e-4,0.2622901964290054,Reject,1.1990392519714914,-0.11351434665323867,0.917345236060857,1.388033296220755,348.26279872044125,Reject,Reject,Reject,Reject,1.1722869518472874
0.5625024298638539,0.8473291249206258,0.2740944405220124,0.2070402423741057,0.4500978873895175,Reject,"Z1, Z2, Z4",1.0778279757086076,1.0868766403247252,0.009048664616117587,0.9187144825801516,1.3992324570960548,333.20712654754277,0.2740944405220124,0.14651506767460062,0.3885227521360159,Reject,1.0868108104344933,0.008982834725885864,0.9722341470856128,1.553045939702766,346.84063481373704,Reject,Reject,Reject,Reject,1.1575398874240175
0.4687610109878124,0.8899402552717152,0.2576294891118622,0.17833177868205596,0.4296284124575346,Reject,"Z1, Z2, Z4",0.7017230353700672,0.7446809432790872,0.04295790790901988,0.9734627883938506,1.4794131533066597,304.5169611286605,0.2576294891118622,0.13909127766371537,0.3709792524039535,Reject,0.7448924281507386,0.04316939278067137,0.9602816302868293,1.433150714421184,310.82011344919465,Reject,Reject,Reject,Accept,1.0952171497019636
0.6683688507093719,0.8464959687665408,0.23913229269069394,0.1228334119011611,0.40856662815555395,Reject,"Z1, Z2, Z4",0.9870555345090871,0.8775099143614234,-0.10954562014766374,0.9764896456891436,1.4307023678019755,340.9472043038127,0.23913229269069394,0.10036445003556828,0.3850209011389729,Reject,0.8772098081913683,-0.10984572631771883,0.8914477408505597,1.2236137932262507,350.2355018833394,Reject,Reject,Reject,Reject,1.420979423842184
0.7608572365972172,0.8465286348131069,0.30070915399213405,0.15620210811411048,0.43431181822165266,Reject,"Z1, Z2, Z4",1.202787614304725,1.1752433229943788,-0.027544291310345942,1.0575752042954498,1.7915415433078923,372.8195454924976,0.30070915399213405,0.16435005817552756,0.435430067266847,Reject,1.1758429890450761,-0.02694462525964872,1.0361948979726678,1.690292257535645,387.5982897809721,Reject,Reject,Reject,Reject,1.1925625275440137
0.6134970208319611,0.7922471353517886,0.3372313726235604,0.24684854590875585,0.5452682371331243,Reject,"Z1, Z2, Z4",0.9833802597306982,0.9847691609803236,0.0013889012496254675,1.020901056134923,1.6451681367389213,369.95143382812415,0.3372313726235604,0.20221459376551826,0.4883043111101641,Reject,0.9843234599446614,9.432002139631671e-4,1.023185974675342,1.633774860765009,377.6269683388857,Reject,Reject,Reject,Accept,0.9791687194313156
0.492394103369454,0.846597573433287,0.26048236439276024,0.15309712826778676,0.40631432443788706,Reject,"Z1, Z2, Z4",1.2502882461296767,1.2526147604253066,0.002326514295629958,0.9745114989112822,1.512359993879286,329.69939799044965,0.26048236439276024,0.13402226342012152,0.3851934513464887,Reject,1.252100421799761,0.001812175670084338,0.9434765827249701,1.4510502500318867,337.2668099693987,Reject,Reject,Reject,Reject,1.299567037828052
0.799635735300117,0.9397713006921582,0.18446634077586394,0.06154112669666619,0.34527997002257993,Reject,"Z1, Z2, Z4",1.0539547626754882,1.049990680159964,-0.003964082515524045,0.9521936587728285,1.3141313826733942,343.34185184973404,0.18446634077586394,0.0476255086331782,0.32227202237366404,Reject,1.0492926019956998,-0.004662160679788254,0.9586725859893525,1.331231165980108,358.1154785445724,Reject,Reject,Reject,Accept,0.5440785983291595
0.821262789341956,0.8599725443175248,0.23952269502174775,0.11636885548553097,0.415503782204562,Reject,"Z1, Z2, Z4",1.053728346602336,1.0973936998071594,0.0436653532048233,0.9798447911119507,1.5901439474173709,360.7348783667108,0.23952269502174775,0.0932118596694777,0.3913968533729824,Reject,1.0972964695543734,0.04356812295203737,0.9816556794263193,1.5878864712988339,376.271649202184,Reject,Reject,Reject,Reject,1.2790438277241907
0.701926507932441,0.8012866339232717,0.33030428352734065,0.17860471868074826,0.4337979071480409,Reject,"Z1, Z2, Z4",1.435109393995953,1.367637817339645,-0.06747157665630775,0.971971933123427,1.4692204266932758,354.928960203443,0.33030428352734065,0.20241482052788376,0.4539323854198648,Reject,1.367634920054392,-0.06747447394156088,1.0175081319357167,1.6003982581416087,370.98208756866325,Reject,Reject,Reject,Reject,1.110702535270174
0.6599721871402366,0.8493479201497109,0.29120367327146923,0.18278265504111219,0.4182183822120466,Reject,"Z1, Z2, Z4",1.1733682670446564,1.1794811459910095,0.006112878946352891,1.0830916005878168,1.7544619884971644,342.0002532609699,0.29120367327146923,0.16813436720175934,0.4000843687809529,Reject,1.1801303173931825,0.006762050348526008,0.9976324655476156,1.5237495954183813,352.8016403835251,Reject,Reject,Reject,Reject,1.1656205309548462
0.7499033335332187,0.805071200671385,0.21597922163990066,0.082600598459932,0.37780407429153445,Reject,"Z1, Z2, Z4",1.2067768513033899,1.0755807238885795,-0.1311961274148104,0.9259993126659971,1.5155337611454862,354.59333276012967,0.21597922163990066,0.06576430231857142,0.3595451076258239,Reject,1.0770153471658546,-0.12976150413753534,0.9156481241991768,1.486152430926616,369.56296203927604,Reject,Reject,Reject,Accept,0.49007855445397097
0.8870325529918474,0.7956883948652813,0.2833522683113717,0.14235820239011196,0.4194455338093885,Reject,"Z1, Z2, Z4",1.254937317580642,1.353687127023497,0.09874980944285489,1.1372665198390406,2.004405171820619,385.4982402735401,0.2833522683113717,0.13977098300124413,0.42134144242341653,Reject,1.3523951905354328,0.09745787295479061,1.0778029502098465,1.8021241227613791,399.4572803379474,Reject,Reject,Reject,Reject,1.4533253201635044
0.4311590893244364,0.8105977511431129,0.39546691692412056,0.255130681147206,0.5364908789884398,Reject,"Z1, Z2, Z4",1.2601473906299112,1.1950405605275325,-0.06510683010237883,0.9949572684616345,1.5717160710053744,344.68706968733215,0.39546691692412056,0.27079649785099374,0.5220345750087798,Reject,1.1957264294964889,-0.06442096113342237,0.9904571915180479,1.5688007898303526,358.8820596582727,Reject,Reject,Reject,Accept,0.8923455163519741
0.5028021340195316,0.8334069545797982,0.27797549305316477,0.21738450372681978,0.47978881729695266,Reject,"Z1, Z2, Z4",1.0848448814278573,1.1039168966303137,0.019072015202456327,0.943902467933201,1.3779445203753904,329.4535661702193,0.27797549305316477,0.146642225876466,0.414043580867829,Reject,1.1056069112391218,0.020762029811264546,0.956101830572296,1.3921472613389747,335.6881859062832,Reject,Reject,Reject,Reject,1.3663684001438263
0.6331839725261535,0.8679287675448264,0.23904066046812839,0.15992528598262043,0.39358924515537436,Reject,"Z1, Z2, Z4",1.1000794411030836,1.1160785802804796,0.015999139177395937,0.9303363096099879,1.3718478479633225,333.68436991607086,0.23904066046812839,0.12682631918531656,0.34962254677799803,Reject,1.114524622069149,0.014445180966065473,0.9294420696999661,1.3286862077913266,347.92811995569423,Reject,Reject,Reject,Accept,0.8560212769915245
0.6645676867304792,0.8080621868122273,0.17986140737258033,0.11040354045616056,0.34852697249708103,Reject,"Z1, Z2, Z4",1.1154288873464868,1.2795282957029512,0.16409940835646444,0.9520315043434018,1.4151086458049151,339.46181175168266,0.17986140737258033,0.06604719987532896,0.29645823430366935,Reject,1.2791258849228213,0.1636969975763345,0.8990186416946864,1.288885857346125,346.2979782835068,Reject,Reject,Reject,Reject,1.6880581253910394
0.6157391608128299,0.7950486687985892,0.31119378622143057,0.24532853349881328,0.46942261407671315,Reject,"Z1, Z2, Z4",0.9633838839828255,0.998844369742045,0.03546048575921966,1.0257346405384105,1.6355787506046588,337.0484683715532,0.31119378622143057,0.19893278127493474,0.4272410414915381,Reject,0.9998710389220493,0.036487154939223825,1.0391155021331056,1.6460201161914183,341.84793505627044,Reject,Reject,Reject,Reject,1.3058002927274426
0.6456949929489744,0.8361730677141239,0.2379057893292265,0.19097712787711515,0.43919701529689953,Reject,"Z1, Z2, Z4",1.122916324386143,0.9958292522067493,-0.1270870721793937,0.9666262184976753,1.4018978639475435,344.76442503116385,0.2379057893292265,0.11036360988941435,0.36238871658738947,Reject,0.9952950295695865,-0.12762129481655662,0.9963736197839649,1.5092139402810156,353.7915026873704,Reject,Reject,Reject,Accept,0.8686622062287673
0.6541225126331557,0.8856568868250985,0.2910233530284138,0.12655203110716545,0.425006753338678,Reject,"Z1, Z2, Z4",1.2228420654340053,1.1892573759095437,-0.0335846895244616,0.9100063625650936,1.2780456024752016,358.68617955668856,0.2910233530284138,0.14561925642973583,0.43926197453956617,Reject,1.1874445367376742,-0.035397528696331,0.9713464875299407,1.45130195624911,372.2366484614061,Reject,Reject,Reject,Reject,1.1374285002695206
0.7447374072525871,0.8705914040143583,0.3019368706258709,0.17797549337727786,0.45505316472967655,Reject,"Z1, Z2, Z4",1.2708599327718653,1.3111780024624868,0.0403180696906213,0.9905748216171956,1.5437154483569104,381.2528686854057,0.3019368706258709,0.17183248455086161,0.4425245037642744,Reject,1.3125999601789873,0.04174002740712202,0.9751873735690477,1.511766478820989,393.71792963090155,Reject,Reject,Reject,Accept,1.0330526486720333
0.585770118814444,0.8524299300406727,0.2127774339976888,0.13764362192939217,0.44522236345893706,Reject,"Z1, Z2, Z4",0.9771217273827433,1.0084586474760495,0.03133692009330633,1.0753997021250548,1.7236878004885814,341.9197820238006,0.2127774339976888,0.06757036386815435,0.3668256749429777,Reject,1.0085320851345434,0.031410357751800067,0.9863078091004619,1.502072594371156,349.52153265079244,Reject,Reject,Reject,Reject,1.189984756833063
0.653700538305277,0.7899395539080165,0.2647238850481157,0.20100664051733616,0.4506895213866719,Reject,"Z1, Z2, Z4",1.2300069740246733,1.2387296512096735,0.00872267718500001,0.9345246799222767,1.350978654613487,355.4003035279472,0.2647238850481157,0.1402578609619877,0.39662847416172675,Reject,1.2400336800090486,0.010026705984375153,0.966844899641056,1.4212908318187056,363.5923263127571,Reject,Reject,Reject,Reject,1.1536227428281625
0.5406683562945928,0.8467074713112349,0.34018248546469454,0.24523599885800765,0.5372366535309423,Reject,"Z1, Z2, Z4",1.1385232711390505,1.0678115643893862,-0.07071170674966436,0.943990562520446,1.5664713783785302,342.35899848931894,0.34018248546469454,0.19358669946930548,0.47532549286105436,Reject,1.0678405557278674,-0.07068271541118318,0.9498767831435917,1.532980133593026,349.16735485646416,Reject,Reject,Reject,Accept,0.9006622053790828
0.6989920469207461,0.8841703730633632,0.2253035140553796,0.13143286201527388,0.4138298142255492,Reject,"Z1, Z2, Z4",1.1812699491018324,1.1895471334204797,0.008277184318647362,0.974231285111865,1.4886776191363404,352.7202365620163,0.2253035140553796,0.08990422000123324,0.3591143022273608,Reject,1.1920113914084867,0.010741442306654336,0.9566782702134018,1.4227206052943928,361.9952654648785,Reject,Reject,Reject,Accept,0.42954684829151507
0.851450071090463,0.9054919112443516,0.23651372856406855,0.12430531794034738,0.4025993121187121,Reject,"Z1, Z2, Z4",1.0830727030388165,1.0966149205664906,0.013542217527674134,0.9184430538114824,1.3598217521227136,358.9502701109423,0.23651372856406855,0.1001751819083666,0.37382293273036077,Reject,1.0960430374327401,0.012970334393923522,0.9511086814983639,1.42497091426401,373.6301709378641,Reject,Reject,Reject,Accept,0.7921991574404201
0.5086818390820441,0.7931048107383817,0.330636973818486,0.24531708000248548,0.4922787524428534,Reject,"Z1, Z2, Z4",1.3578711741860439,1.315517269299343,-0.04235390488670088,1.052686052312427,1.7559303909597201,352.7925325553792,0.330636973818486,0.20658416172848598,0.4462204038439753,Reject,1.3147586477650837,-0.04311252642096036,1.0180307389568075,1.6932971543434896,367.79788758075944,Reject,Reject,Reject,Reject,1.3668818276056252
0.5632712695115675,0.8608291982169083,0.35702308447604236,0.20727843871738236,0.48050263697562545,Reject,"Z1, Z2, Z4",1.176681294670379,1.2263111205515396,0.049629825881160675,1.0062862211641523,1.5954239470597513,340.14649900366726,0.35702308447604236,0.22474431311059778,0.49329401738971923,Reject,1.225562537254836,0.04888124258445687,0.9817269510220791,1.54022608203414,356.9708513132728,Reject,Reject,Reject,Accept,0.7191239566607328
0.6378216796127519,0.9065590956328229,0.273769421707146,0.14266899734272093,0.41896224692270756,Reject,"Z1, Z2, Z4",1.199760223342718,1.14067856654766,-0.05908165679505813,0.9925753770016001,1.6579667153784206,326.1459907328743,0.273769421707146,0.14174130071902397,0.4041179987927997,Reject,1.1396253357193658,-0.06013488762335239,0.9800846878525653,1.5579848848655804,334.72380144269755,Reject,Reject,Reject,Accept,0.43794218698532367
0.730859120888506,0.8343857393997693,0.291895506114519,0.18575893590433107,0.4599664260432716,Reject,"Z1, Z2, Z4",1.0572644931345438,1.0461581474729098,-0.011106345661633855,0.8508877320740222,1.1390853682989246,362.43532371213615,0.291895506114519,0.15298236190054532,0.43418676211131274,Reject,1.0472498569422999,-0.010014636192243907,0.9417871681779313,1.3528017972005473,375.9798760337136,Reject,Reject,Reject,Reject,1.139263213401523
0.5480014613822372,0.8412311256115013,0.38291332022993463,0.2461870378672098,0.5334606266057337,Reject,"Z1, Z2, Z4",1.106099564124164,1.0862567930613525,-0.019842771062811397,1.0020808479147272,1.5310025084203263,358.64366784396134,0.38291332022993463,0.2410381988877597,0.517127959561864,Reject,1.0859658533734304,-0.020133710750733405,1.057202427453257,1.66807572622253,367.87550216677215,Reject,Reject,Reject,Reject,1.3482048418425678
0.5284147111706815,0.7774170382812214,0.3761507834220936,0.25178543780646234,0.49748169080527155,Reject,"Z1, Z2, Z4",0.9863178510757346,1.1052717323567398,0.11895388128100519,1.03935654581825,1.698928612691287,348.8803368833479,0.3761507834220936,0.2570116723902557,0.4968821164660528,Reject,1.1055346978914602,0.1192168468157256,1.0261966481202454,1.6665593665989362,367.5073455548306,Reject,Reject,Reject,Reject,1.5650777270869949
0.8859064733744495,0.87333494702765,0.23910364484894492,0.09199137024590483,0.3587856821493049,Reject,"Z1, Z2, Z4",1.0680588176641748,1.0740142837222375,0.005955466058062674,1.0543329206093317,1.78606729720767,357.8607425457397,0.23910364484894492,0.1075524599512793,0.3730400659606656,Reject,1.073232990222168,0.005174172557993195,1.0531475564890709,1.7858563586921021,372.5272771458335,Reject,Reject,Reject,Accept,1.059901236538594
0.6935107371421114,0.88076143675999,0.19274166924757397,0.06469357077906568,0.37175792039247346,Reject,"Z1, Z2, Z4",1.23248361605351,1.1834603865067834,-0.04902322954672662,1.011176011771643,1.6324676441665438,359.76682633770815,0.19274166924757397,0.04046009579254226,0.34651161595736296,Reject,1.1839702211182417,-0.04851339493526819,0.9591825541964212,1.4901640311494482,372.67211002094575,Reject,Reject,Reject,Reject,1.271949611688453
0.3560450440436274,0.725497940802448,0.44827698806694105,0.3431431534152236,0.6083762072081601,Reject,"Z1, Z2, Z4",1.0783628683315223,1.1160752581861735,0.03771238985465101,0.8467167568824445,1.1858050385820311,346.5133927553086,0.44827698806694105,0.31933946614243075,0.576631860703412,Reject,1.1160051285830166,0.03764226025149425,0.8771354746483515,1.2627073656897971,360.8022785225378,Reject,Reject,Reject,Reject,1.2693235900446824
0.7162323325479437,0.8398646014643676,0.15021577632295585,0.07042023879112849,0.36024177011541336,Reject,"Z1, Z2, Z4",1.0058332990260053,1.132395089126388,0.12656179010038288,1.037446611368078,1.6175822856111979,335.7927852493065,0.15021577632295585,0.010673887562806936,0.28540286955195915,Reject,1.132189272789024,0.12635597376301885,1.0190544411674034,1.5560359207865102,337.2446862975262,Reject,Reject,Reject,Accept,0.5594616511789041
0.6888575286143463,0.8751246274047038,0.23935146464682025,0.13556752525091967,0.3987833063939872,Reject,"Z1, Z2, Z4",1.1798868089405046,1.173466462072524,-0.006420346867980582,0.9588179350565164,1.30877328052466,340.5571163367582,0.23935146464682025,0.10825154374090143,0.36684523270886,Reject,1.1729292134399298,-0.006957595500574723,0.957865097533591,1.3088825816722365,356.2417956171271,Reject,Reject,Reject,Accept,0.5101872534035664
0.4731484321785687,0.91609784180812,0.23051260575407437,0.14803655084627942,0.4367393535018733,Reject,"Z1, Z2, Z4",1.1880138967615401,1.356422624099058,0.168408727337518,0.9869767686923994,1.5811242864585586,317.2149710542584,0.23051260575407437,0.08312461315602976,0.375872821934135,Reject,1.3565007367983695,0.1684868400368294,0.9709199293878078,1.5366857481156835,326.44008170612005,Reject,Reject,Reject,Accept,0.4122335410967338
0.6468336267973686,0.8887447375434585,0.22409622950464098,0.07244873629194351,0.39409210471816636,Reject,"Z1, Z2, Z4",1.1653106243012648,1.1092052349624026,-0.05610538933886224,1.1249863773701898,1.8633054640347844,325.39921093414364,0.22409622950464098,0.07202409955756513,0.3810453776925563,Reject,1.108833842191995,-0.05647678210926974,1.0424307707053178,1.5774331859073998,337.35144704678095,Reject,Reject,Reject,Accept,0.6981434676170355
0.5863432800861554,0.8482589822243494,0.2723421233389978,0.1630987097059362,0.4212775818870667,Reject,"Z1, Z2, Z4",1.116835838942306,1.0910776020971769,-0.025758236845129037,1.0161143082341761,1.5614894859742614,334.72394481469763,0.2723421233389978,0.14893417560788885,0.3953515207695363,Reject,1.0891086854949252,-0.027727153447380772,0.9798614801230421,1.4757965400054336,348.2532906457421,Reject,Reject,Reject,Reject,1.402407857712277
0.6037496576245093,0.8457211468635208,0.2522064745665482,0.12444784889599582,0.388758332749114,Reject,"Z1, Z2, Z4",1.0962188059055786,1.1793111911371426,0.08309238523156406,0.9578433573578609,1.3847884088256666,350.92863664318367,0.2522064745665482,0.1220472858243469,0.38387492704489706,Reject,1.1782925339585804,0.08207372805300174,0.9574239036952209,1.42119297828791,364.7823741134477,Reject,Reject,Reject,Reject,1.0912364025490664
0.6240065657112671,0.8898432038667037,0.21203178973459538,0.15664680452197008,0.4371833228083284,Reject,"Z1, Z2, Z4",1.2953104124190093,1.2366813361139792,-0.05862907630503011,0.9684464469352713,1.2971221151669863,338.5819353299275,0.21203178973459538,0.07358704866290165,0.35900101603714907,Reject,1.2356612000281675,-0.059649212390841706,0.9848635162882192,1.3347006592954256,346.29630870156916,Reject,Reject,Reject,Accept,0.5966516918174116
0.6643348632872655,0.9444427855221852,0.2698415590688041,0.17735306302894782,0.46876586321143837,Reject,"Z1, Z2, Z4",1.0462526889441552,1.0522732217120094,0.006020532767854227,0.991645373995384,1.5205316623820124,337.7384936181115,0.2698415590688041,0.12502012897993106,0.4186473988357443,Reject,1.0522834119280988,0.006030722983943657,1.0176802363641255,1.5790169722017136,349.65463744069115,Reject,Reject,Reject,Reject,1.204514341575994
0.8209684888789416,0.8634421923868631,0.22148662915102205,0.11104747732570279,0.3838391027171241,Reject,"Z1, Z2, Z4",0.9010791830758104,0.933548669869867,0.03246948679405668,1.0220132915646614,1.593233284480135,356.1210808261277,0.22148662915102205,0.08309051154099147,0.3591331611733896,Reject,0.9339007297426781,0.032821546666867776,1.0291145767134389,1.6356298825083722,369.88911511985174,Reject,Reject,Reject,Accept,0.8638743396906645
0.25071847715662093,0.8365112098207599,0.3217938197547241,0.2832909227142726,0.5763453407395323,Reject,"Z1, Z2, Z4",1.3885221239814844,1.3030816930843392,-0.08544043089714516,0.9918399237389175,1.5550537623561125,346.33856061898086,0.3217938197547241,0.18552430716000312,0.45937354760955196,Reject,1.3025963798228892,-0.08592574415859527,1.0050852995387154,1.6141856015495593,350.22574768789445,Reject,Reject,Reject,Accept,0.6778609540613317
0.7660678037570068,0.9095049431623277,0.24928229280282907,0.16303274429562864,0.42735528214458207,Reject,"Z1, Z2, Z4",1.0283976314009386,1.1665345163066088,0.13813688490567014,1.0983265688441828,1.8225156739220207,358.12654901678206,0.24928229280282907,0.12172984091543118,0.3800786449487166,Reject,1.1642619094556057,0.13586427805466697,1.06794420440535,1.7588788002554516,371.0158173072386,Reject,Reject,Reject,Accept,0.971247238963697
0.781258450921802,0.7996204101566503,0.23840006957943913,0.11618383773131898,0.3467587053310891,Reject,"Z1, Z2, Z4",1.1743119228996082,1.1676733650718534,-0.006638557827754917,0.9523970227802294,1.3529935016430954,348.8029782806937,0.23840006957943913,0.13034812968189113,0.3521848604751739,Reject,1.1678956121655149,-0.006416310734093473,0.9380809666734932,1.3140832566146536,367.38147465786267,Reject,Reject,Reject,Reject,1.4337354161276739
0.7351121861925264,0.9111262818858316,0.21565045180407622,0.1428426608706089,0.403566357363527,Reject,"Z1, Z2, Z4",0.8736882566744403,0.9435821239583496,0.06989386728390931,0.8893963381912093,1.2749773620474198,342.38342091590744,0.21565045180407622,0.08202852150982046,0.3424086924293507,Reject,0.9445159840922256,0.07082772741778537,0.9519322795412719,1.435009260315949,354.497071954411,Reject,Reject,Reject,Accept,0.2791555694485689
0.6520949466265923,0.8356979917194679,0.2070568494419596,0.0808338201879117,0.35029900550675347,Reject,"Z1, Z2, Z4",1.1753273632866015,1.284322080615994,0.10899471732939259,0.9295155860471759,1.3978215775996838,324.17717487703584,0.2070568494419596,0.0773260004142834,0.3356648540363271,Reject,1.2840279909671437,0.10870062768054206,0.9044891355157407,1.3720190417422706,338.3173472032773,Reject,Reject,Reject,Accept,0.8339361168866934
0.617966571100448,0.8440554491907045,0.19581082138086184,0.09659678780747054,0.35149354975170377,Reject,"Z1, Z2, Z4",1.2762058881086897,1.1498321721592208,-0.1263737159494689,0.9679805488341231,1.4551465585468262,313.9754255359811,0.19581082138086184,0.07162140415343997,0.3180928710586279,Reject,1.1507798930649575,-0.12542599504373209,0.9419188162144904,1.4018450228821195,327.9907940133185,Reject,Reject,Reject,Accept,0.37821834599665227
0.7393215589406916,0.8970773143184841,0.17548633437038103,0.10542067696902478,0.3475331681038005,Reject,"Z1, Z2, Z4",1.289267540490787,1.2731642267496954,-0.01610331374109158,0.9188193086630696,1.3285408566533308,340.8565044684677,0.17548633437038103,0.059270483232629276,0.29759942457848954,Reject,1.2727077537790745,-0.016559786711712484,0.9569719425267766,1.4540279453224405,343.8671125699653,Reject,Reject,Reject,Accept,0.36553282703626155
0.5140584943269002,0.8377670471013892,0.295884624147506,0.17744973779669512,0.4374709581882857,Reject,"Z1, Z2, Z4",1.3041858283800243,1.307562940960384,0.0033771125803594365,1.0573591720305722,1.7197564452858858,336.8677903174008,0.295884624147506,0.1680553198147757,0.42344561001695646,Reject,1.3067720397077323,0.0025862113277079126,0.9562351318787703,1.4533283740668215,341.17898620946414,Reject,Reject,Reject,Reject,1.329178227296432
0.6223744251623464,0.8647412664351776,0.3365570804716456,0.23199872487574724,0.5009316401648052,Reject,"Z1, Z2, Z4",1.0576823849660393,1.0302917420519087,-0.027390642914130636,0.9646741511953978,1.4168951615310295,342.10161513063167,0.3365570804716456,0.21193068089660988,0.46354582030603064,Reject,1.0303918089649187,-0.027290576001120743,0.9680259126005408,1.4364277627926116,356.48076075152494,Reject,Reject,Reject,Reject,1.088633782882014
0.6004701983077242,0.862940227232706,0.27779843302184465,0.16711531946793057,0.4281966027401691,Reject,"Z1, Z2, Z4",1.0538498566623629,1.1918541581226465,0.13800430146028383,0.9938310298868953,1.5186678305589156,330.0028889588698,0.27779843302184465,0.15059242762003006,0.4001844954757929,Reject,1.1927225478158459,0.138872691153483,0.9871226441296481,1.4847194429595334,344.05841713681656,Reject,Reject,Reject,Reject,1.1081629680931415
0.5973608163446501,0.7985308810287022,0.37175990927664426,0.2599438413749294,0.511609323749552,Reject,"Z1, Z2, Z4",0.9718186945251117,1.0100475415020385,0.038228846976926814,1.0058335265422305,1.5918207351903497,348.9442779705086,0.37175990927664426,0.24352040195533284,0.49489654810102,Reject,1.0098000792575925,0.037981384732480854,0.9994286298051515,1.5814745382701618,361.16578884650386,Reject,Reject,Reject,Accept,1.0737684213684329
0.8604953013471137,0.8789697771770841,0.3122896684455615,0.14212093603122167,0.43577853639927366,Reject,"Z1, Z2, Z4",0.9739975369539865,1.0738695795196926,0.09987204256570631,0.9983799662458277,1.6265117365976312,379.5342941675803,0.3122896684455615,0.1622964538158526,0.447925041900408,Reject,1.0733516076219336,0.09935407066794709,0.9512379571597236,1.526574765598077,387.3177112340125,Reject,Reject,Reject,Accept,0.5701242732741224
0.624914731144854,0.8802204639062235,0.19533775977007917,0.10997731382551529,0.3141637033139167,Reject,"Z1, Z2, Z4",1.1033578734979113,1.1528898070371179,0.049531933539206485,0.9062474520771779,1.3023744800942676,310.0711014997163,0.19533775977007917,0.0918675963446277,0.2925856104962279,Reject,1.1525719148343971,0.0492140413364857,0.9109658971284853,1.318070393851663,324.81687665031376,Reject,Reject,Reject,Accept,0.5085813007889636
0.7519717280798519,0.8821327106721693,0.2831333662880355,0.17669340524251959,0.4131578966236608,Reject,"Z1, Z2, Z4",1.0104954505580368,1.0707983602197853,0.06030290966174862,1.045452973165985,1.6457822971982765,349.5650360490799,0.2831333662880355,0.17000966284379299,0.40114974997296904,Reject,1.0715220640512928,0.061026613493256124,0.9784043732941777,1.4369885782135834,365.0799695725385,Reject,Reject,Reject,Accept,0.5251516593291009
0.411958899408258,0.784591293322911,0.3385339707418145,0.26647540344936804,0.5360724100990268,Reject,"Z1, Z2, Z4",1.2987378355990387,1.311436104487651,0.012698268888612328,1.0132734889280415,1.604047861873972,362.0845166803471,0.3385339707418145,0.2004172094340304,0.4789819350785607,Reject,1.3108776964661502,0.012139860867111473,1.0376065696076249,1.6603402545133588,376.6738982432157,Reject,Reject,Reject,Reject,1.274886368418726
0.5961504527649519,0.8730467428979142,0.30152713168216433,0.2072747183900934,0.4871686739662741,Reject,"Z1, Z2, Z4",1.0225861272907621,1.088288284729031,0.06570215743826861,0.934458451139668,1.4740688698445046,348.7245444431291,0.30152713168216433,0.16335912699026828,0.441284979493982,Reject,1.090485303085104,0.06789917579434189,0.9034860886938513,1.376306171008973,360.41113550822297,Reject,Reject,Reject,Reject,1.3494495454908557
0.6299218397256462,0.94602726321048,0.21097289171393707,0.09071896956853996,0.3732691481461665,Reject,"Z1, Z2, Z4",0.9666795309330702,0.986668851595475,0.019989320662404626,0.9153073518606425,1.288278766257422,309.0452777342704,0.21097289171393707,0.07062042088803144,0.3451283058382914,Reject,0.9867180721940136,0.02003854126094331,0.9328253709511085,1.3328793889206942,326.2141203980778,Reject,Reject,Accept,Accept,0.7623519778972236
0.812264070156157,0.9227636197137931,0.13455278399570772,-0.008386758801003286,0.25770840682814733,Accept,"Z1, Z2, Z4",1.0872433743562995,1.1742743585123967,0.0870309841560972,0.9995763821730039,1.537922036885447,322.70422813801383,0.13455278399570772,0.01356534262052567,0.2584106511723319,Reject,1.1737015222321963,0.0864581478758967,0.9256161183426612,1.2729803586245692,311.8094737541616,Reject,Reject,Reject,Accept,1.0616548966099004
0.7395756200797258,0.9058344304259054,0.23075805272241037,0.12225580634961286,0.39580856556978417,Reject,"Z1, Z2, Z4",0.948750965627949,1.045454626497789,0.09670366086984009,1.0105178693739825,1.652037149241559,355.2438598340864,0.23075805272241037,0.08399627179847276,0.3659920969912796,Reject,1.0444515892004578,0.09570062357250864,0.9379671800578527,1.4162343299822195,366.2013122735023,Reject,Reject,Reject,Accept,0.8330062736786586
0.711773268558274,0.8963590855173582,0.16976362559732658,0.09505712315319237,0.34505471486951916,Reject,"Z1, Z2, Z4",1.1330637757711086,1.1552085259755414,0.022144750204432847,0.9810905704534233,1.5241732096484302,328.7759991929797,0.16976362559732658,0.04762742300239979,0.2907421595248434,Reject,1.154977411921485,0.021913636150376444,0.9322085429803273,1.3703819976082574,344.2532565150102,Reject,Reject,Reject,Reject,1.114396352842445
0.7048035087966618,0.7247062452260613,0.39385612359239125,0.2926556709975364,0.5537076562574577,Reject,"Z1, Z2, Z4",1.2471321085557159,1.047376910428398,-0.19975519812731798,0.9799955010569467,1.512525677105761,370.82828905899595,0.39385612359239125,0.2701149734377515,0.5256422950679385,Reject,1.0482574242715985,-0.19887468428411748,0.9981158770948318,1.6192134190553056,380.0769932683722,Reject,Reject,Reject,Reject,1.1449364350665978
0.5947874560754924,0.8489036465681924,0.2736780554745762,0.1508969692127973,0.44038204597140934,Reject,"Z1, Z2, Z4",1.249613123587694,1.1853397357291187,-0.06427338785857538,1.0287488111674048,1.5865491654516835,361.2138878247926,0.2736780554745762,0.13071891200718078,0.4161230124263576,Reject,1.1869241093107368,-0.06268901427695717,1.0429521734288414,1.6309871849053281,379.7643636137879,Reject,Reject,Reject,Reject,1.2896569441235262
0.38009450136485395,0.7898524222889405,0.4225118758873138,0.3028448189369228,0.631134270688487,Reject,"Z1, Z2, Z4",1.0446028167987769,0.9698771183486381,-0.07472569845013875,0.9112950015589113,1.3010162852769989,325.3412331473437,0.4225118758873138,0.24740225573300315,0.5930339487857165,Reject,0.9693056300736944,-0.07529718672508247,0.9538059470160353,1.4210344875237975,341.5265681895723,Reject,Reject,Reject,Reject,1.0109280381731078
0.5660597550994481,0.7952714312944642,0.44026240250107973,0.28658604694093925,0.5799502303579542,Reject,"Z1, Z2, Z4",1.1963801845871997,1.1117608770440812,-0.08461930754311832,1.0460345357240082,1.740398981536227,358.69368272932445,0.44026240250107973,0.2991844236759037,0.5822402937274337,Reject,1.1107988023970186,-0.08558138219018122,0.9981718178330874,1.5928410458543367,364.3265488629807,Reject,Reject,Reject,Reject,1.4547152636153675
0.6578736839661713,0.8438726187499295,0.20238430944616914,0.10228327654468639,0.33400374974869274,Reject,"Z1, Z2, Z4",1.0039501833435567,1.1391906603879773,0.13524047704442083,0.9741197981178751,1.5266802793174277,325.2374371054359,0.20238430944616914,0.08661250675123704,0.32185480970931074,Reject,1.1386863635732325,0.13473618022967582,0.9578666510513913,1.4386123072225758,342.4967948916608,Reject,Reject,Reject,Accept,0.8720979307589618
0.5539568147744618,0.7542608501757937,0.3449015693050723,0.30633875570113867,0.5398030306031683,Reject,"Z1, Z2, Z4",1.0270029898890423,1.0890924068751275,0.06208941698608519,1.0723759880382515,1.7294898772334264,351.14801902312723,0.3449015693050723,0.22229917005294625,0.4656544257051364,Reject,1.0887912646836497,0.061788274794607446,1.0334225197290432,1.6091264932477214,363.3778680252009,Reject,Reject,Reject,Reject,1.305412619276966
0.746604322528196,0.9096998226271447,0.2006308863559621,0.08288647743808132,0.32353983974065303,Reject,"Z1, Z2, Z4",1.0949059672769572,1.1131714222548657,0.018265454977908466,1.0020209396196726,1.5216245145038496,329.11515386661694,0.2006308863559621,0.08353989843632362,0.31626005260197526,Reject,1.1127445773428746,0.017838610065917488,1.0154201272585477,1.5550310478812432,345.9797997300351,Reject,Reject,Reject,Accept,0.7842487660845319
0.6953288790700145,0.8941967135045291,0.30734154946906,0.18787150568713817,0.4835159697215359,Reject,"Z1, Z2, Z4",0.8419270798972177,0.9736591310985566,0.131732051201339,1.0766393775999437,1.8575368485202242,349.6615265730807,0.30734154946906,0.16080275446747141,0.4471669590991551,Reject,0.9732200960903199,0.13129301619310213,0.9979344739907318,1.5913319645252595,359.82510700658474,Reject,Reject,Reject,Accept,1.045669981301243
0.5671224835425288,0.77120025321224694,0.25025127003876624,0.1972194694775287,0.42432897287994853,Reject,"Z1, Z2, Z4",1.1951821602862616,1.249509269437948,0.05432710915168639,0.8411798776052183,1.182058227308981,334.3593984191811,0.25025127003876624,0.1385914263774805,0.3563380474560884,Reject,1.2492276856585547,0.05404552537229295,0.8573844060836096,1.1684471665691487,341.13827849576404,Reject,Reject,Reject,Accept,0.9945418503469057
0.686216198411924,0.8392045235864058,0.3111660041663346,0.16880329423927593,0.4609471551637847,Reject,"Z1, Z2, Z4",1.0819320836350077,1.1757471351108693,0.09381505147586143,1.1000074606466002,1.8082702687094188,366.35343000909535,0.3111660041663346,0.17070544789249903,0.4547175379496901,Reject,1.1766501481811709,0.09471806454616324,1.0191013193171266,1.5849943147526147,381.78000028827887,Reject,Reject,Reject,Reject,1.2672941641642665
0.808388661749863,0.8301486185103377,0.21590348363261924,0.10390079480365852,0.3461601785059025,Reject,"Z1, Z2, Z4",1.0851302325705694,1.0919172645551891,0.006787031984619685,1.0205878318036261,1.605948337777929,353.54806796102326,0.21590348363261924,0.09715698221063301,0.3348166005306213,Reject,1.0897749295666224,0.004644696996052903,1.024066828740284,1.6043834364536131,367.4878618664461,Reject,Reject,Reject,Reject,1.2794705712138972
0.774403049321,0.9134316796222136,0.19670763684215373,0.0988207378412537,0.37166344972158377,Reject,"Z1, Z2, Z4",1.1392294515750834,1.0846312365751223,-0.05459821499996118,1.0602950649921168,1.7752601821585048,347.02634612842854,0.19670763684215373,0.06345707729972376,0.3264390327247973,Reject,1.0850053643050555,-0.05422408727002789,1.0454424647417375,1.7042002793529676,356.39496614619856,Reject,Reject,Reject,Accept,0.5033035478476547
0.6889658197390462,0.8250514878975114,0.20169422011641866,0.10448414259678676,0.3710882887071587,Reject,"Z1, Z2, Z4",1.2791677656128706,1.2831587189419147,0.003990953329044041,0.9573706660383093,1.4515006405930282,355.82468647810987,0.20169422011641866,0.06928243956382964,0.3403211635188568,Reject,1.2827833055891185,0.0036155399762479484,0.9212055272912767,1.3234371521617094,366.93411426640046,Reject,Reject,Reject,Reject,1.305265472674187
0.5780409308834686,0.8431345361013244,0.2085165557090873,0.12061201350841132,0.35708919347799534,Reject,"Z1, Z2, Z4",1.001964748065041,0.9846920442159531,-0.017272703849088113,0.9627473533974255,1.5247551936403447,316.269107561131,0.2085165557090873,0.0948203343670692,0.32018415381186643,Reject,0.9839669018660779,-0.01799784619896322,0.971573223615999,1.5165412428025777,322.0117634919384,Reject,Reject,Reject,Reject,1.327159176955207
0.5551058784303451,0.8207267305410811,0.3257573440211827,0.16950624178878157,0.42282601052023483,Reject,"Z1, Z2, Z4",1.0667316672639862,1.023948812977308,-0.042782854286678246,1.0408210980318022,1.6438313601468035,331.45422454749246,0.3257573440211827,0.20620894294832337,0.4453560323169008,Reject,1.0239998447710912,-0.04273182249289504,1.023775482541089,1.56958000041167,343.5836671132779,Reject,Reject,Reject,Reject,1.4335132115098852
0.8054389508153942,0.8984976832333782,0.17899585046940023,0.06856395280545412,0.3318414964754291,Reject,"Z1, Z2, Z4",1.0976786514161174,1.096411687072771,-0.0012669643433464498,0.9211033982339194,1.3409078614357466,352.1538235087104,0.17899585046940023,0.03761456095945897,0.31137638489160585,Reject,1.0961668050211415,-0.0015118463949758939,0.9717321501130527,1.4870282802684611,367.98496153303097,Reject,Reject,Reject,Accept,0.9139114492214002
0.5853726414324302,0.8550981813485989,0.2452419285394067,0.11436613527687678,0.47019642593250716,Reject,"Z2, Z4",1.0927376173285326,1.1927086463362773,0.0999710290077446,1.0307260807521608,1.5985259502665623,360.34653570075955,0.2452419285394067,0.08746993225871479,0.3987134040221515,Reject,1.193509380854228,0.10077176352569553,0.9939280158623296,1.447937638568742,364.3000554782492,Reject,Reject,Reject,Reject,1.1224775927217279
0.6241958846215293,0.8285994959902295,0.26352554642876586,0.18327861900534498,0.4505927091986125,Reject,"Z1, Z2, Z4",0.9556050059672067,0.9580103164622226,0.0024053104950159253,0.8936903470207225,1.3150318163885795,334.3653719460042,0.26352554642876586,0.1392811478766523,0.3983618837012842,Reject,0.9584464134755378,0.0028414075083312233,0.8836906512690009,1.326731450741206,340.8655917531767,Reject,Reject,Reject,Reject,1.3752356829435834
0.749047357461783,0.897167557791569,0.19495072003226846,0.07875921398713057,0.37772006324109736,Reject,"Z1, Z2, Z4",0.8547208116966535,0.8415113024157452,-0.013209509280908183,1.0373470473580706,1.6700114417588148,344.3448857793736,0.19495072003226846,0.0339376640419142,0.33609417536965713,Reject,0.8409792344329429,-0.013741577263710572,1.0056114024987932,1.5852726911431152,359.35413098786125,Reject,Reject,Reject,Accept,0.4656951459789529
0.637386007182253,0.9367655895819098,0.11753787744358937,0.014096930908183335,0.33091620283619994,Reject,"Z1, Z2, Z4",1.1387464744678037,1.1244787729481216,-0.014267701519681996,0.994674095191951,1.4697166640306392,314.66982728955827,0.11753787744358937,-0.03463679081701915,0.2659694141326874,Accept,1.1235878706322007,-0.015158603835603112,0.9198133594283397,1.3041739054288173,319.62648777732704,Reject,Reject,Reject,Accept,0.8647822211214615
0.8141571157093628,0.918807645494503,0.1294024401284404,0.06445761457383041,0.3364621739140539,Reject,"Z1, Z2, Z4",0.9924224798986553,1.028491840908899,0.03606936101024369,0.9166304338424226,1.3293161253465564,337.4268906761449,0.1294024401284404,0.010046060866470398,0.2574060888298804,Reject,1.0298989699345382,0.03747649003588296,0.886991665438595,1.2386791136165738,345.8808682455631,Reject,Reject,Reject,Accept,0.21163326866760282
0.5331993773121997,0.8042148111146954,0.3515398372081893,0.1988918898992148,0.47202721057157015,Reject,"Z1, Z2, Z4",1.1595535987019234,1.1396460459839928,-0.019907552717930675,0.9370779517996567,1.46289079001459,327.2447119802941,0.3515398372081893,0.2178323377286867,0.48261561201788494,Reject,1.139255888746953,-0.020297709954970468,0.9280372510690167,1.4101742584486183,346.20974242250054,Reject,Reject,Reject,Accept,0.8775196050992111
0.743943038275974,0.8257710016066708,0.28301207931348416,0.13640608515520147,0.4362764288938094,Reject,"Z1, Z2, Z4",0.8987343879024526,1.0198479006671637,0.12111351276471112,0.9340498003676612,1.3479302123569372,369.1702637494728,0.28301207931348416,0.1440134358615036,0.4274260033261105,Reject,1.0203255983897295,0.12159121048727696,0.9997471485494034,1.5417397949503977,376.7021953957443,Reject,Reject,Reject,Reject,1.0801350962110736
0.6704958553883421,0.832732547829695,0.26724715511213687,0.20242336127434346,0.4567041541850463,Reject,"Z1, Z2, Z4",1.1225567376854622,1.0936389938683593,-0.02891774381710287,1.1288389759074111,1.906831972236635,364.603816957165,0.26724715511213687,0.14297093449426437,0.3927406271721878,Reject,1.0941076988239573,-0.028449038861504832,1.0664434051570522,1.7899755527727885,370.05243471908796,Reject,Reject,Reject,Accept,0.9891024249567525
0.6892407477041781,0.9367894001880626,0.19252664987264845,0.09578557454265955,0.3380107214285668,Reject,"Z1, Z2, Z4",1.1783171742690322,1.1946918495615604,0.01637467529252844,1.0331855309904419,1.6048025860113824,330.9909846867135,0.19252664987264845,0.0760727862319921,0.3099876709577961,Reject,1.1961010017044893,0.01778382743545733,0.9873721686983405,1.4779800996032162,342.6491532763043,Reject,Reject,Reject,Accept,0.6472419283930813
0.7085512526976271,0.8832967129311706,0.2232260193601345,0.12752809850291769,0.3596028438468112,Reject,"Z1, Z2, Z4",1.0679821523556325,1.120429095683399,0.052446943327766574,0.9990147514662324,1.5213996328992523,335.0537036082909,0.2232260193601345,0.11077173812823009,0.32992232085970136,Reject,1.1203834850086947,0.05240133265306199,0.9824466013569629,1.45361916956994,347.2656652723197,Reject,Reject,Reject,Accept,0.8272575207299315
0.7115088141570132,0.8169247151085584,0.2850698613537423,0.16888080422586046,0.37909691297401044,Reject,"Z1, Z2, Z4",1.1765621389294008,1.1033170521360907,-0.07324508679331028,0.9087360356765688,1.301305217058456,331.86154918083344,0.2850698613537423,0.17768630605525693,0.3869511077998487,Reject,1.1048554059242612,-0.07170673300513965,0.908241437205684,1.3002853032497346,353.3911930808751,Reject,Reject,Reject,Reject,1.2355900526792056
0.7617551726941573,0.9569094470097712,0.15180940622320557,0.012988470363162544,0.3368120648043597,Reject,"Z1, Z2, Z4",1.2682733793699357,1.283793021119853,0.015519641749917377,1.0383292854300967,1.677182202272061,355.31886324496514,0.15180940622320557,-0.003734328425227515,0.3213616620274822,Accept,1.2856782323988591,0.017404853028923528,1.0031711264725836,1.5653614493006647,367.278079270385,Reject,Reject,Reject,Accept,0.5617630843175566
0.6770056831763761,0.9438951020203131,0.2533032864908062,0.14965984423411782,0.4820293904281524,Reject,"Z1, Z2, Z4",1.1202302051674913,1.0835974992487205,-0.03663270591877086,0.965702689058137,1.4044578810590926,343.729480383447,0.2533032864908062,0.08555866737877643,0.4242585893124796,Reject,1.0831460263568033,-0.03708417881068783,0.9627537544286728,1.3246639397432416,350.76776520486806,Reject,Reject,Reject,Accept,0.3383244514825394
0.791306092910074,0.9336085322452199,0.17427616169151777,0.0746899231265737,0.31529552518398646,Reject,"Z1, Z2, Z4",1.1668331448447378,1.1832081815629183,0.016375036718180483,0.9536764484365312,1.4056392926109709,337.1843848143927,0.17427616169151777,0.05601913164413254,0.28854165697436573,Reject,1.1828392048679934,0.016006060023255594,0.9806290646317928,1.4645602416442172,349.81638000193857,Reject,Reject,Reject,Accept,0.6811585544628068
0.6774067879984755,0.8682916431042981,0.24221763296535623,0.12199790804730186,0.3896018670004298,Reject,"Z1, Z2, Z4",0.8708046450748045,0.9132960050926624,0.04249136001785787,0.9603660270794067,1.4219190648249076,336.92927204021754,0.24221763296535623,0.10784438669612657,0.3743090456928794,Reject,0.9140291802641405,0.04322453518933595,1.0051453087058955,1.5481852786506183,348.4787691540338,Reject,Reject,Reject,Reject,1.2938242997895253
0.8406763953245883,0.8972456095980559,0.16784279773241984,0.044367657502511613,0.2787275711326435,Reject,"Z1, Z2, Z4",1.05648061235782,1.1044634676916063,0.04798285533378599,0.9389328379994968,1.420147758431721,332.79104323999195,0.16784279773241984,0.05313103705682127,0.2831525022336018,Reject,1.1050477349240007,0.04856712256618037,0.962485936100041,1.4802348845632545,346.10409229507593,Reject,Reject,Reject,Reject,1.166675383634956
0.6785765986854285,0.9389847069392122,0.18321575640483073,0.06192861172867293,0.3480241026040105,Reject,"Z1, Z2, Z4",1.3250607874805043,1.177653627471436,-0.14740716000906842,0.9398405007399024,1.4369405608993058,328.25721584298515,0.18321575640483073,0.04871970215267575,0.3118497566905887,Reject,1.177333924399442,-0.14772686308106223,0.9783790205277635,1.5274310719584394,333.26005600361674,Reject,Reject,Reject,Accept,0.050875063482964965
0.6068110691844714,0.8106392791988097,0.3128135147186049,0.18926013884170056,0.46833935180022446,Reject,"Z1, Z2, Z4",1.1397103765114192,1.15344533649664,0.01373495998522068,1.03649499885686,1.6904536639822998,345.9519440912674,0.3128135147186049,0.1751052377080211,0.45425373033684774,Reject,1.1534658515674228,0.013755475056003507,1.0165361632614933,1.6410834646835781,354.1553563940089,Reject,Reject,Reject,Accept,0.7850534969397874
0.7834953511895656,0.8641982068878283,0.175149203690458,0.07800626822463365,0.3487388329840564,Reject,"Z1, Z2, Z4",1.1282286523501703,1.1122562691965014,-0.015972383153668893,1.1310671651839213,1.9693928131454803,341.4214548351061,0.175149203690458,0.0420932574711287,0.31430728590307594,Reject,1.1127635494413826,-0.015465102908787751,1.0535033913715306,1.7120969658916563,343.7921685339822,Reject,Reject,Reject,Accept,1.028768689104799
0.4743063544260673,0.8888824892656562,0.3367865132428352,0.2099023024241125,0.4882017286803623,Reject,"Z1, Z2, Z4",0.8621393586090259,0.8584381262166934,-0.0037012323923325415,0.8485247867926635,1.221030764540754,307.2127536927894,0.3367865132428352,0.2023120993295203,0.47631096698674025,Reject,0.8582785456532579,-0.0038608129557680506,0.8483990498477021,1.2013509187860218,325.7144603623559,Reject,Reject,Reject,Accept,0.48592320516932036
0.7359629199886286,0.8677547145036872,0.21429897286623123,0.10380418455558929,0.34599593768553505,Reject,"Z1, Z2, Z4",1.110149407727776,1.137417292673112,0.02726788494533613,0.9128750804246172,1.4331772343923497,345.92741182722204,0.21429897286623123,0.09690105059615102,0.3253998772744461,Reject,1.1360792692644368,0.025929861536660808,0.9311527147692711,1.4990306046820385,351.0512800059137,Reject,Reject,Reject,Accept,1.0078079261920911
0.7089363783327179,0.8567556061205139,0.2518833666540005,0.1702607328602885,0.430895808411515,Reject,"Z1, Z2, Z4",1.0709532672443731,1.0408327894459284,-0.030120477798444647,1.0374549632566674,1.6240318676045833,333.56611374041057,0.2518833666540005,0.11824611319524812,0.382140791837752,Reject,1.0404343104181266,-0.030518956826246592,0.9919683930558078,1.4947901066331495,347.1318711459526,Reject,Reject,Reject,Reject,1.0623024016474611
0.2561920011429395,0.7758281717887546,0.45053763873481917,0.32111815082182366,0.5931941223394701,Reject,"Z1, Z2, Z4",1.0949876067625373,1.1880526996218048,0.09306509285926767,0.953256179684193,1.3683598165958861,334.4001580233859,0.45053763873481917,0.3138567215727779,0.5805080723319538,Reject,1.18638270389715,0.0913950971346128,0.9413976969728517,1.370260786190215,341.03185356000716,Reject,Reject,Reject,Reject,1.4001081009230774
0.6967163545984859,0.8678314133519454,0.19214714878010763,0.05067435759791552,0.28136287901437235,Reject,"Z1, Z2, Z4",0.8471149314009356,0.9352972940369187,0.08818236263598306,0.8433783235802127,1.1238140495445232,312.5670644492819,0.19214714878010763,0.08501208508495728,0.3045719118418954,Reject,0.9350823761749919,0.08796744477405619,0.8551049552459468,1.1595614335324318,322.7281102083201,Reject,Reject,Reject,Reject,1.3587760397341526
0.5879698915442915,0.8194286013021751,0.23169498085636894,0.20667672984412455,0.48507646190819936,Reject,"Z1, Z2, Z4",1.0541396476540577,1.085202227365803,0.03106257971174544,0.9850804842631798,1.5842144538924618,353.5549253082241,0.23169498085636894,0.1034606337239272,0.3778323781799142,Reject,1.0853335744065757,0.03119392675251816,0.965202620192372,1.499122674859167,356.3308684248653,Reject,Reject,Reject,Reject,1.1008993422310953
0.6054920671135379,0.7946253514009,0.3528410281493179,0.2501802132438563,0.48344014249039113,Reject,"Z1, Z2, Z4",1.2178226934897267,1.2405100665936524,0.02268737310392559,1.0249132053135201,1.6792005910337513,350.97960849292355,0.3528410281493179,0.23159020232378866,0.47589535833184504,Reject,1.2405923731747697,0.022769679685043013,0.9989625177155484,1.60772419168039,365.9070374652673,Reject,Reject,Reject,Reject,1.0886268669464443
0.5602181450512267,0.8462771538516319,0.3087948625563052,0.18164544342128064,0.4725046892527733,Reject,"Z1, Z2, Z4",1.1217876192377774,1.0042321331899569,-0.11755548604782037,1.0255504914586584,1.7298030066336083,349.487160506949,0.3087948625563052,0.168683434138219,0.459676435856259,Reject,1.0046693878420223,-0.117118231395755,0.999240174376496,1.6810132472722428,360.5680037351628,Reject,Reject,Reject,Accept,0.6333272493786084
0.6769102293812428,0.8224626124017568,0.32914963999032026,0.2193592084285696,0.4395279592327455,Reject,"Z1, Z2, Z4",1.2175348037602731,1.236512362035706,0.018977558275432904,1.0732849090443581,1.7310277089001158,353.45016659749894,0.32914963999032026,0.2147797651486481,0.4445280886881393,Reject,1.238243572898905,0.020708769138631945,1.059731512184927,1.708081384919409,365.30761557419186,Reject,Reject,Reject,Reject,1.398454154427339
0.3892572161451019,0.8528718045438772,0.3617650148960489,0.21947222395257326,0.5896205928288494,Reject,"Z1, Z2, Z4",1.404928205491413,1.2939766008676339,-0.11095160462377923,1.0038546669798032,1.578693179639644,351.01942839403694,0.3617650148960489,0.17187206790758897,0.5407741278756834,Reject,1.2942804089146724,-0.11064779657674059,1.0223998338742442,1.6040117064314294,367.02170396196686,Reject,Reject,Reject,Reject,1.1073875914808275
0.5846564652141644,0.8280832615253272,0.309388577859665,0.1985941362850353,0.4648902797965207,Reject,"Z1, Z2, Z4",1.0989102447100056,1.1003166249265717,0.00140638021656621,0.9034829935302944,1.3246088267048097,350.9552223349998,0.309388577859665,0.1809994828624466,0.4349218375354141,Reject,1.1011121659404004,0.002201921230394824,0.9242416385120813,1.4014472058227516,364.11307724305857,Reject,Reject,Reject,Reject,1.0841162648816687
0.7388152101153393,0.8925243778849699,0.21432445813886,0.15650532025137853,0.4301813856505319,Reject,"Z1, Z2, Z4",1.019713957268742,1.0431440297672085,0.023430072498466414,1.1148297326343737,1.9437680275699298,356.56628998282207,0.21432445813886,0.07900625162925241,0.34417274027614786,Reject,1.0437290166431024,0.024015059374360326,1.0457950127651097,1.6762787335470464,357.6597413792125,Reject,Reject,Reject,Accept,0.8815932274893534
0.5969780961047401,0.9025510266958846,0.27628462306340756,0.1394011279633619,0.420155980147336,Reject,"Z1, Z2, Z4",1.0039512748248034,1.0255806550247604,0.02162938019995696,0.9172509823682422,1.2730087164484118,314.97912478944033,0.27628462306340756,0.1254008212447249,0.41368522947794395,Reject,1.0264176589084442,0.022466384083640788,0.9782355489024213,1.4244568382927187,327.28995274326724,Reject,Reject,Reject,Accept,0.5049523800438658
0.88736040283195,0.8985316802709878,0.117264766304228,-4.194261492449932e-4,0.24097178622950363,Accept,"Z1, Z2, Z4",1.2251876459822653,1.172770256773533,-0.052417389208732235,1.0018401694589592,1.4835706016909338,350.17258672243776,0.117264766304228,-0.005212374641558146,0.24004812670038939,Accept,1.17283616219417,-0.052351483788095156,0.9897418850443889,1.4774558984639359,362.5607277805637,Reject,Reject,Reject,Accept,0.5615187105743031
0.4225476890589365,0.8416631203329401,0.35821531693904335,0.26040160358859826,0.49526113222152496,Reject,"Z1, Z2, Z4",1.15272268698596,1.201783951105093,0.04906126411913321,0.9731745001562451,1.4507983192180054,315.4760333242728,0.35821531693904335,0.2405648147113983,0.47188134691925776,Reject,1.2015221602022232,0.04879947321626332,0.9648866256892292,1.450657153549171,330.5250780348997,Reject,Reject,Reject,Reject,1.2612504356184908
0.4978595875475087,0.7780043566995707,0.4137302325602239,0.27055825627318814,0.5600396796485763,Reject,"Z1, Z2, Z4",1.0819610450461523,1.1064908653533552,0.02452982030720278,0.9363726913548674,1.3523807518031283,355.3518306069147,0.4137302325602239,0.27747473862560385,0.5443314463925281,Reject,1.105398752685834,0.02343770763968171,0.9965651145686716,1.4829730982914286,365.57380598324175,Reject,Reject,Reject,Reject,1.2519667431379289
0.7310785921915519,0.8611665257249254,0.2770231155625043,0.17912679749137178,0.4176624304372024,Reject,"Z1, Z2, Z4",1.0273528208813196,1.0498066085328117,0.02245378765149196,0.8920491544448658,1.1942403774597001,346.9790744600655,0.2770231155625043,0.15778216007299228,0.4003533559626652,Reject,1.0494125292531449,0.022059708371825307,0.9207142664934488,1.2376275562707122,363.29499111923377,Reject,Reject,Reject,Accept,0.90594071874964055
0.7075473760594824,0.88014200491125,0.25433060192375767,0.13135761199514923,0.3616205104710911,Reject,"Z1, Z2, Z4",1.156130098863928,1.1427265458872988,-0.013403552976629282,1.082528848021273,1.8593351410640355,338.99682388526054,0.25433060192375767,0.13849970429692862,0.369517973514934,Reject,1.1416856644734608,-0.014444434390467087,1.0372423982171004,1.6995096782076027,350.9865548849329,Reject,Reject,Reject,Accept,1.0123857546613342
0.6998288244530176,0.8600334377365281,0.19438149695608137,0.09494354318940618,0.36590740263687654,Reject,"Z1, Z2, Z4",1.3181352768129728,1.2754883440755642,-0.04264693273740857,1.0392128972740902,1.6479908951829867,327.4200722227131,0.19438149695608137,0.06450686694410482,0.3174993919730537,Reject,1.2772435763872427,-0.04089170042572997,1.0102208306071718,1.5593780674943694,340.04973789760015,Reject,Reject,Reject,Accept,1.0029169519793764
0.8474096537489829,0.8524946395113296,0.20962993124146398,0.10007492573525599,0.31108504067461146,Reject,"Z1, Z2, Z4",1.0885786273005034,1.096537675036861,0.007959047736357527,0.963235643005497,1.478723926748059,346.41797705483873,0.20962993124146398,0.09798039375822486,0.31089663015157654,Reject,1.0949657241281872,0.0063870968276837645,0.9802954099850598,1.5011246264093066,360.9035550669268,Reject,Reject,Reject,Reject,1.5665770793352138
0.6447109573524429,0.8343609312628674,0.3580034160664456,0.22748643563761792,0.49956626009011673,Reject,"Z1, Z2, Z4",1.2994579859940956,1.2485171258845298,-0.05094086010956584,0.9969272247607038,1.591341345890271,360.0536465873371,0.3580034160664456,0.21436643010184356,0.49629670926280267,Reject,1.2487024510856266,-0.05075553490846893,1.0208166589812926,1.6691224714173711,378.5136532127932,Reject,Reject,Reject,Accept,0.36291675971231335
0.6115916302491438,0.836639056558228,0.303913355466692,0.1986646490316569,0.44360205837867395,Reject,"Z1, Z2, Z4",1.1140151888616654,1.0610252736412724,-0.052989915220393105,1.0183950097738073,1.5840797112728584,341.0463399016479,0.303913355466692,0.1773615517809282,0.4252296010082263,Reject,1.0621521994024807,-0.05186298945918466,1.0205800189422858,1.562626085316295,360.7999776769614,Reject,Reject,Reject,Reject,1.2581465524361313
0.7856618073994825,0.9031150941035835,0.2519901739195643,0.1451174806740066,0.3896199396571816,Reject,"Z1, Z2, Z4",1.0880840279271184,1.1665392822824636,0.07845525435534516,1.020264770889825,1.508625904864494,349.2294308467046,0.2519901739195643,0.13531613265780057,0.3778186943410697,Reject,1.1664162690375572,0.07833224111043872,1.0333886149021998,1.5806519854323742,356.69412808656267,Reject,Reject,Reject,Accept,0.8538958925847296
0.4796656761123665,0.8715659074426728,0.33993549087022107,0.17694650141006257,0.5126897796395732,Reject,"Z1, Z2, Z4",1.0873014587668248,1.057006552454198,-0.0302949063126269,1.0174624399372363,1.6137268368770172,334.8456191600364,0.33993549087022107,0.17608178383551987,0.5100261406659227,Reject,1.057193983521085,-0.03010747524573981,0.9759083629130635,1.485831683325347,352.8977876228448,Reject,Reject,Reject,Reject,1.2617232472941913
0.630062292012593,0.8615522035706943,0.2714183973551773,0.1411024499501614,0.42054432268976655,Reject,"Z1, Z2, Z4",1.4266009371087713,1.314114905880983,-0.11248603122778836,1.0134450602614211,1.5952456258623258,345.09787433145743,0.2714183973551773,0.1313937749984141,0.40474779483611845,Reject,1.3139123509865154,-0.11268858612225595,0.9840684892592575,1.486184262267572,362.3344546767247,Reject,Reject,Reject,Reject,1.0427116183774847
0.7969119737222095,0.8836509637444003,0.26720598221357206,0.16355886214704493,0.439878815576819,Reject,"Z1, Z2, Z4",1.1972630456858222,1.0917994925267294,-0.10546355315909284,0.9778970490175787,1.4419690804263539,356.93042068966093,0.26720598221357206,0.12997891417059573,0.41827260828378826,Reject,1.0928992243548885,-0.1043638213309336,0.9868701229757539,1.4585486110651547,365.79818936335295,Reject,Reject,Reject,Reject,0.9421632470167561
0.7040416463449497,0.8540420524380138,0.23526584826986288,0.11657396645723497,0.3517690741950708,Reject,"Z1, Z2, Z4",1.3448493203865868,1.2463049090811575,-0.09854441130542915,1.0523660146128377,1.6185928553861584,342.06305774291013,0.23526584826986288,0.11304682365364857,0.35098256678781803,Reject,1.247165097324489,-0.09768422306209777,1.0716367576320727,1.646228322636066,359.46516817290245,Reject,Reject,Reject,Accept,0.8511647359046333
0.7005764029123097,0.8519559612860205,0.24952584699224503,0.14252729527127583,0.39918130836817206,Reject,"Z1, Z2, Z4",1.136031777015215,1.0853596886697263,-0.050672088345488794,0.9870381908062117,1.5505083277974514,345.8378941252607,0.24952584699224503,0.11328531664819597,0.3779637950037941,Reject,1.0868206233343698,-0.0492111536808452,0.965887360359297,1.5059892323509638,360.7812765773689,Reject,Reject,Reject,Accept,0.9527905962262274
0.4387857495668321,0.8662140828828988,0.3040070366649499,0.22106759485257532,0.4689734194466927,Reject,"Z1, Z2, Z4",1.1659597719485912,1.1997731407636734,0.0338133688150821,1.0099083621763452,1.6143167998396877,326.7049649439966,0.3040070366649499,0.1792713370437721,0.4252141107383347,Reject,1.200440209864581,0.03448043791598979,0.9624034867795097,1.4501987787538502,339.22447124356216,Reject,Reject,Reject,Accept,0.7921277648419891
0.7748411711650318,0.8976668850954428,0.1665134088437714,0.047224930935849146,0.32969772796423313,Reject,"Z1, Z2, Z4",1.0324047689187619,1.0291391190846015,-0.0032656498341601613,1.0636026590708179,1.7699318367611079,344.93304195965237,0.1665134088437714,0.03103005863096092,0.29513551682726036,Reject,1.0288128914723143,-0.003591877446447621,1.0383094569418245,1.6306269514171405,355.9378213727354,Reject,Reject,Reject,Accept,0.31627374696035315
0.7217373988390746,0.8041576006040104,0.3220786104727161,0.22271158549495512,0.4820827725690533,Reject,"Z1, Z2, Z4",1.3783397327004359,1.3420439262637798,-0.03629580643665627,1.117423242912092,1.801157017913134,375.3403677589022,0.3220786104727161,0.19580530907314986,0.4539300350101968,Reject,1.3437224610150211,-0.034617271685414674,1.0240622342264778,1.548327238239539,380.1747833590251,Reject,Reject,Reject,Reject,1.3973458495827693
0.4519145998567139,0.8411325984792115,0.3414759461968732,0.2540486587450637,0.5042004816090977,Reject,"Z1, Z2, Z4",1.0980828863855916,0.9874476789707365,-0.11063520741485529,0.9842762369901639,1.5049482800663676,334.69082790764924,0.3414759461968732,0.21807896252226883,0.4641918882715042,Reject,0.988421394996517,-0.1096614913890747,0.9390091623748761,1.3576223560438085,349.57377435304113,Reject,Reject,Reject,Reject,1.575097261021767
0.6386279962170347,0.7514887086374904,0.3529242433694372,0.2530634480066882,0.5164739940476111,Reject,"Z1, Z2, Z4",1.1786938073930915,1.1652164234792097,-0.013477383913881692,1.0138095874947448,1.4840258725627624,364.627822335561,0.3529242433694372,0.23156064004121518,0.48561690865123086,Reject,1.1657062904329942,-0.012987516960097319,1.0291227301882222,1.537432503062347,377.51382234429445,Reject,Reject,Reject,Reject,1.2678047650774846
0.9714988198250071,0.926851528367309,0.18354634136517403,0.12456201081998602,0.38330411251486407,Reject,"Z1, Z2, Z4",0.9145225303067027,0.8517633008178689,-0.06275922948883388,1.0907559952075963,1.8157282092136926,362.63796240688487,0.18354634136517403,0.044994511407792995,0.3200342207188192,Reject,0.8510661988044209,-0.06345633150228185,0.9985166508650639,1.5809657421614194,372.5398772063999,Reject,Reject,Reject,Accept,1.0613279307069692
0.6994216912136471,0.8622305685654098,0.2836488450760367,0.1722334513996318,0.4090884078376007,Reject,"Z1, Z2, Z4",1.2639303381695226,1.2121647286786665,-0.05176560949085618,0.9082190219422966,1.339093370215647,349.8161000480187,0.2836488450760367,0.17403307482601998,0.39861687513301625,Reject,1.2117677126851314,-0.052162625484391184,0.9588301757651442,1.4990550071301405,368.1520782868238,Reject,Reject,Reject,Accept,1.100817314501143
0.4805624493529451,0.8678011700094722,0.2627317729669049,0.20226261198572743,0.466090300439952,Reject,"Z1, Z2, Z4",0.9575991932966841,1.0368461855452742,0.07924699224859022,1.0244864679923733,1.6052277564003965,331.71814712242633,0.2627317729669049,0.12723886813087731,0.3935214134936892,Reject,1.0371104462479022,0.07951125295121804,0.9589649266890115,1.4337132357496623,333.4269023970868,Reject,Reject,Reject,Reject,1.3008424772454075
0.6651490669622712,0.8543017430940839,0.2203424111305163,0.10691491246698029,0.3876658427492616,Reject,"Z1, Z2, Z4",1.1409471987203306,0.9750437464968955,-0.16590345222343517,0.9500919478962121,1.3476403865402493,329.43999992126726,0.2203424111305163,0.0902177356018857,0.3514042416668797,Reject,0.975652287188229,-0.16529491153210155,0.9633026806974077,1.3996122946745675,342.05436269416685,Reject,Reject,Reject,Accept,0.771512792018087
0.6926591159455416,0.8641280083143457,0.2151687313619982,0.11998503026340994,0.40005132252223496,Reject,"Z1, Z2, Z4",0.9204535563235837,0.966051023132061,0.04559746680847746,0.9989148898293607,1.583602421089298,328.4915526003553,0.2151687313619982,0.06176965665824671,0.36210789820602496,Reject,0.9655159481299976,0.04506239180641402,0.9800467622486146,1.515460182920382,341.86074347754544,Reject,Reject,Reject,Reject,1.359754311811192
0.7521914747911495,0.8907468739190699,0.17588330558292228,0.06482686255056572,0.3352658016978909,Reject,"Z1, Z2, Z4",0.862088252074891,0.8671267167422464,0.005038464667355315,1.0781521475425817,1.750690795449531,327.47973346314825,0.17588330558292228,0.0460003929159615,0.3121525390073365,Reject,0.8677892426153069,0.005700990540415813,1.0193828537359344,1.613874575562213,338.9392983781342,Reject,Reject,Reject,Accept,0.8736894379105794
0.6559521136311991,0.8458143258783823,0.33049362725651005,0.23325003709901196,0.4665351856836314,Reject,"Z1, Z2, Z4",1.2603840481031328,1.2864233641438554,0.026039316040722873,1.0003644278236756,1.5695258292129892,360.4758369659869,0.33049362725651005,0.20828987405559468,0.45245455326187484,Reject,1.2860913036887582,0.02570725558562564,0.9799864996860549,1.5173868376682418,378.8646397564577,Reject,Reject,Reject,Reject,1.4886540002672584
0.7235139415990871,0.8267607298981038,0.32365817709739436,0.19770028272179813,0.4691525961909878,Reject,"Z1, Z2, Z4",1.1088371353621798,1.1341109015271251,0.02527376616494551,1.0238796449383816,1.648624375712782,364.98870484813585,0.32365817709739436,0.19152298942583185,0.4544423439196291,Reject,1.1336837050379631,0.024846569675783373,1.0455892771255764,1.6669696336369675,365.67762901261244,Reject,Reject,Reject,Accept,0.5755051365438995
0.5961188183791893,0.875885290363029,0.27946319232588546,0.1721549541798474,0.42184646276167015,Reject,"Z1, Z2, Z4",0.7988163275852385,0.8704260702486556,0.07160974266341708,1.0340308901218775,1.6850884901067433,316.074785974569,0.27946319232588546,0.15465787758992366,0.40073627940802475,Reject,0.8698575829697592,0.07104125538452083,1.0026533641598139,1.5808213391273869,330.7916770918616,Reject,Reject,Reject,Accept,0.8299624768726975
0.5702347529188884,0.7900601311028835,0.4581317272731527,0.37214880643709125,0.6158187916034474,Reject,"Z1, Z2, Z4",1.0955888676655674,1.0841146473312113,-0.011474220334356099,0.9117326670167838,1.4226694485845732,368.26950996900484,0.4581317272731527,0.3359897033396605,0.5838070474680633,Reject,1.0840987822681192,-0.01149008539744835,0.9334540117783041,1.5270936411990765,386.75743001967646,Reject,Reject,Reject,Reject,1.1048810146880543
0.7273939330346523,0.8352536458456369,0.35751218927850753,0.2113471066293129,0.5194356105822692,Reject,"Z1, Z2, Z4",1.1306672884310618,1.071043390593774,-0.05962389783728774,0.9962814992686724,1.540842884197766,374.7680167570417,0.35751218927850753,0.20275925596745162,0.5114962643089412,Reject,1.071435936707859,-0.05923135172320285,0.9932771713601111,1.553691847575154,390.1595331238797,Reject,Reject,Reject,Reject,1.3056515918346359
0.7710544234240357,0.8586088310963514,0.2880362323950281,0.1692149908012845,0.42020098127689764,Reject,"Z1, Z2, Z4",1.0411388931281915,1.0326571493715293,-0.008481743756662306,1.0806696154984077,1.734386115535499,359.5268106487424,0.2880362323950281,0.1754637900209956,0.4117377774657581,Reject,1.0325703865356044,-0.008568506592587148,1.0603645234594148,1.6668289075651608,372.01885793555317,Reject,Reject,Reject,Accept,0.9878257278297176
0.557582955623801,0.8191263936112592,0.2139128829810439,0.18309240017671916,0.39385232803968634,Reject,"Z1, Z2, Z4",1.2785073454942923,1.1979859964508024,-0.08052134904348994,0.8848360986502898,1.1960129036473797,319.6165613365083,0.2139128829810439,0.10977654057427498,0.3234542158264935,Reject,1.198056816518559,-0.08045052897573347,0.8933146875740243,1.2383719309120624,322.10649285866725,Reject,Reject,Reject,Reject,1.1211018021743528
0.6676394536717143,0.8668348173448547,0.20675728239033858,0.10713794793816403,0.3258355992067175,Reject,"Z1, Z2, Z4",1.0079740301011404,0.9940965043318322,-0.01387752576930833,0.9841114902197646,1.5077853623650093,324.33303039887807,0.20675728239033858,0.09011453146654932,0.3150484899733142,Reject,0.994329075536301,-0.01364495456483943,0.9547686847570543,1.4530195379074176,337.4570601061345,Reject,Reject,Reject,Accept,0.6608805753499256
0.6991932786533606,0.8776742031311483,0.23664678970405975,0.13028583831943064,0.3785441994290999,Reject,"Z1, Z2, Z4",1.1462761393613266,1.2073417467705447,0.061065607409218146,0.9517367264146073,1.4387632058492679,360.46970918581644,0.23664678970405975,0.12388168269337455,0.3569879932471898,Reject,1.2070573417601702,0.06078120239884354,1.0367487095702297,1.6667818962112502,366.71279074513524,Reject,Reject,Reject,Accept,0.9956815954279209
0.758127998714771,0.8997725280268676,0.12826100269401425,0.043454110502486924,0.29898244239055827,Reject,"Z1, Z2, Z4",0.9982340864947324,1.1513788359865067,0.15314474949177428,0.9082887404809458,1.3105037161875004,324.24127638081325,0.12826100269401425,-1.8874600745398193e-4,0.25291819794337245,Accept,1.1528699652927537,0.1546358787980212,0.9267711543333877,1.348829253352041,338.0169646685548,Reject,Reject,Reject,Reject,1.0753190592683657
0.6129112330834587,0.867636832665739,0.21632318076481147,0.10737123367128527,0.3749872857512626,Reject,"Z1, Z2, Z4",1.0766596694113522,1.0120399039723682,-0.06461976543898389,0.9153493991664845,1.2937833076024186,317.3035907654785,0.21632318076481147,0.08250509911207615,0.3493331395997136,Reject,1.0113596471994148,-0.06530002221193716,0.9730288001309738,1.4582649437559265,327.32512295793464,Reject,Reject,Reject,Reject,1.2698308652343162
0.7849673121072462,0.8367595602520366,0.2970871720831825,0.18229460693323346,0.5001703443489725,Reject,"Z1, Z2, Z4",1.0568174308300196,1.0209464847021805,-0.0358709461278391,0.9720507170960351,1.4835252244855737,376.4127300001788,0.2970871720831825,0.14836251716964494,0.4603609761210574,Reject,1.0209322056222105,-0.03588522520780893,0.9483835596316703,1.3905758542503956,390.9546003642396,Reject,Reject,Reject,Accept,0.9418403744329555
0.7667297745023738,0.8606852631917719,0.26426419182145844,0.14616410734618662,0.413943864629525,Reject,"Z1, Z2, Z4",1.3618656821734167,1.2126187121614582,-0.14924697001195852,1.0806946011348406,1.8120461452966625,363.381170239626,0.26426419182145844,0.1341718124786956,0.39940608705088615,Reject,1.2129389187060062,-0.14892676346741052,1.0242325208186716,1.6066407199390755,375.0196453025783,Reject,Reject,Reject,Reject,1.3800830813627902
0.7141641465587858,0.7932557195986953,0.3055740889930443,0.23537605667973138,0.49207748042654875,Reject,"Z1, Z2, Z4",1.0964324679707056,1.1398023479865773,0.04336988001587167,1.0273197497175381,1.5379016182452334,371.1496052109749,0.3055740889930443,0.18212332676332924,0.4328068084202343,Reject,1.1399369206356134,0.043504452664907774,1.0452781790486092,1.59434854589347,382.95135508694926,Reject,Reject,Reject,Accept,0.6805733071437315
0.7395067341232973,0.8793053252028362,0.26936641171031406,0.1515327678848426,0.4187510321290065,Reject,"Z1, Z2, Z4",1.062989526927254,1.157982600244821,0.09499307331756716,1.0519817408207657,1.7360880244068786,350.6523392251763,0.26936641171031406,0.14593483990915995,0.39641708079215976,Reject,1.1575133436050482,0.09452381667779415,0.9939115287101717,1.5167493487242403,365.82318772313965,Reject,Reject,Reject,Reject,1.1400282156544534
0.7026608617051907,0.8719631008159342,0.26513717610607734,0.19048171449029971,0.42783387131876244,Reject,"Z1, Z2, Z4",1.1348575974358224,1.1755750571227253,0.04071745968690297,0.9064410764091192,1.2237293225363701,352.34599113672147,0.26513717610607734,0.14434433995759546,0.3844354097294199,Reject,1.1748033182631141,0.039945720827291746,0.9157517299459054,1.2403663803666691,353.42260508205567,Reject,Reject,Reject,Accept,1.0097969844388024
0.5282359060617036,0.8133316547554524,0.29763110885174354,0.19646743777045927,0.4707762494376923,Reject,"Z1, Z2, Z4",0.9135642958260514,1.2128968258732693,0.29933253004721777,0.9832131489988779,1.5123751283429536,339.02234807037127,0.29763110885174354,0.15985204396934855,0.4210343101138003,Reject,1.2124544659199727,0.29889017009392127,0.963155532839503,1.4584193746629308,349.3165318638654,Reject,Reject,Reject,Reject,1.3578907717020259
0.6638830578573564,0.8522257450253995,0.2893400858855054,0.20362106403484467,0.4337143392055918,Reject,"Z1, Z2, Z4",1.2109387007259198,1.0523036581951142,-0.1586350425308056,1.0744869696811337,1.79800799944344,333.13557880049495,0.2893400858855054,0.17246447477386223,0.4100888196389709,Reject,1.0522341110633746,-0.15870458966254514,1.024569303908195,1.598418148769844,343.2138229854004,Reject,Reject,Reject,Reject,1.311002584223908
0.8119717318611054,0.9480542948975976,0.18958521768335385,0.10762160608524819,0.39539306817756,Reject,"Z1, Z2, Z4",1.1468294414680522,1.1167311308487966,-0.030098310619255806,1.005916064451126,1.600602965710538,343.7043871080341,0.18958521768335385,0.03570150445294667,0.3322704469688138,Reject,1.1160487560363637,-0.030780685431688586,1.025866644498209,1.648347270808023,357.70442589249546,Reject,Reject,Reject,Reject,1.3854065378891163
0.6632353862378161,0.7477086082955038,0.29970587888453976,0.20432326089132713,0.4859557407537069,Reject,"Z1, Z2, Z4",1.3001520535064606,1.2974096871265064,-0.0027423663799542217,1.0378886729369017,1.6105569840423888,366.63082548584487,0.29970587888453976,0.15976913562198158,0.4321126308013412,Reject,1.2972951078295616,-0.0028569456768989575,1.039705414056378,1.6341530441617707,381.8753897292851,Reject,Reject,Reject,Reject,1.1951147995493494
0.6699430602445294,0.8440664358359183,0.2311674297208876,0.11335996500144682,0.34706546819997325,Reject,"Z1, Z2, Z4",0.9181576064335072,0.992991727129207,0.07483412069569999,0.8522541744881829,1.1583972618417517,306.17950369016893,0.2311674297208876,0.1113174107962315,0.3460114585702692,Reject,0.9932694000859861,0.07511179365247891,0.8436776790730895,1.140503951854034,323.44805391168825,Reject,Reject,Reject,Reject,1.2575205477584084
0.5884128441012788,0.799723026024621,0.3421013392523513,0.20901910051238945,0.43157776699281974,Reject,"Z1, Z2, Z4",1.1710380921176062,1.1252952046570033,-0.04574288746060308,0.9018170307870929,1.2896988629340376,335.30080924901046,0.3421013392523513,0.2351087505474949,0.4499325638117099,Reject,1.1258220440469489,-0.045216048070657454,0.9305641557482238,1.3627564478398304,350.31731613547277,Reject,Reject,Reject,Accept,0.9414607551426908
0.6903769962737835,0.8779043998527175,0.26231899333457315,0.14690085066061698,0.3999834511237703,Reject,"Z1, Z2, Z4",0.8930774570982923,0.9760352540901736,0.08295779699188126,0.8956872872832988,1.2727541705396452,335.25301835120905,0.26231899333457315,0.15092672272664576,0.3805564811072635,Reject,0.976879375859411,0.08380191876111867,0.9430630189770348,1.4036318547181212,339.397740840634,Reject,Reject,Reject,Accept,0.9373005197511992
0.7235182320712068,0.8583642932663991,0.27831179714477183,0.24054013785892298,0.4949342699722871,Reject,"Z1, Z2, Z4",1.0255660687738208,1.0162393164958055,-0.009326752278015467,1.070421625342208,1.6752999359862866,352.16479397295,0.27831179714477183,0.15016624645699836,0.3985109540388406,Reject,1.0162706832960864,-0.009295385477734506,1.0447030293853572,1.636586400151856,353.77696675296875,Reject,Reject,Reject,Reject,1.1268443793942176
0.6897008518573621,0.8592186473977477,0.28236604784180236,0.16587556296554945,0.4208652949792553,Reject,"Z1, Z2, Z4",1.0500713264462322,1.078480605986414,0.028409279540181825,0.9761653757744313,1.5198241566765947,358.5771392096328,0.28236604784180236,0.16042742728214682,0.41055031730901903,Reject,1.0777967371606114,0.027725410714379266,1.0210294413650056,1.6306414152514443,365.898452916526,Reject,Reject,Reject,Reject,1.5117498598861148
0.8701233603996779,0.8974179505268924,0.18165708420822888,0.07994740837421371,0.2894114825977025,Reject,"Z1, Z2, Z4",1.0636601441762166,1.1024168488566315,0.03875670468041502,1.0047129917240367,1.653184797092007,341.8220988936419,0.18165708420822888,0.08063425063809616,0.2824428814381166,Reject,1.1027239167745564,0.03906377259834001,0.9761663906965381,1.588945773280098,360.0412112011097,Reject,Reject,Reject,Accept,0.7990802320449418
0.6282969385868042,0.8463688131884466,0.20931298852117147,0.08804100039267204,0.36305001619711585,Reject,"Z1, Z2, Z4",1.2498445348683025,1.2635992252879635,0.013754690419660954,0.9817681056925767,1.5079503128899001,333.4171471026283,0.20931298852117147,0.06874195030798613,0.3469282849026071,Reject,1.2648772306173155,0.015032695749013012,0.9471833144276606,1.4147778990663287,351.1411546167541,Reject,Reject,Reject,Accept,0.8404410463635386
0.6394460214793044,0.8837225714434689,0.3695951550615103,0.2829014689268475,0.5574239275669166,Reject,"Z1, Z2, Z4",1.0281230127550494,1.1042044484336702,0.07608143567862095,0.9967921765087938,1.5396676853712192,358.31393055627876,0.3695951550615103,0.23261445814649034,0.5060490463213606,Reject,1.1048086026681088,0.07668558991305954,1.0026956122971633,1.5571766482209815,377.9336673022388,Reject,Reject,Reject,Accept,0.2938165363261061
0.8423726283488121,0.9398037527903795,0.12613614060882805,0.05134644380096247,0.27804381979567305,Reject,"Z1, Z2, Z4",1.012194635961212,1.1305140196776682,0.11831938371645633,1.0528894485675908,1.726815817059296,331.0165141569082,0.12613614060882805,0.015114144780765275,0.24054046199275467,Reject,1.1318274836983724,0.11963284773716044,0.986814378834261,1.5085757370580872,339.4608984499349,Reject,Reject,Reject,Accept,1.1798195232264528
0.7143643610133867,0.9097886761062582,0.2894138739139203,0.17056932335629438,0.4475788097182369,Reject,"Z1, Z2, Z4",1.0455439321948519,1.1457825703885336,0.1002386381936817,1.0022336843098882,1.5186467468045395,344.05101848771403,0.2894138739139203,0.14419709069529893,0.4269970884449922,Reject,1.1457646844118883,0.10022075221703651,0.981592731072541,1.4900022081903417,357.8095600621871,Reject,Reject,Reject,Accept,0.7716890700633112
0.6567305422516783,0.922171000500677,0.25981213931567526,0.1249972801362522,0.37171964956441084,Reject,"Z1, Z2, Z4",1.3392413871952347,1.1643550897280077,-0.1748862974672269,0.9087985348278289,1.2898025735409553,321.8639774543933,0.25981213931567526,0.13852613112150652,0.3773990086938105,Reject,1.1642767258835656,-0.1749646613116691,0.9407995849194015,1.4178622836703356,334.06525757577015,Reject,Reject,Reject,Accept,0.8018347700380728
0.6922260731962093,0.8009143825374992,0.3658878625234428,0.21953842213650188,0.5028750792527164,Reject,"Z1, Z2, Z4",0.9419933994160345,0.9217980408747631,-0.02019535854127142,0.9456908084520796,1.4023722246509278,360.84247270741776,0.3658878625234428,0.22777864780950993,0.4973151279515946,Reject,0.9232280117935396,-0.018765387622494974,0.9507039872266697,1.4289274464175605,364.95897846802984,Reject,Reject,Reject,Accept,1.02178335703039
0.6096330469167609,0.90112342539199,0.28509658093821877,0.16652554597776192,0.4201065865679088,Reject,"Z1, Z2, Z4",1.0336549404471105,1.0368161005914276,0.003161160144317041,1.0620065569021326,1.6650456396620184,329.47128877323547,0.28509658093821877,0.16196820502755654,0.41463964531188424,Reject,1.0361543339920172,0.0024993935449065495,1.0361180111152877,1.5982114687606515,342.12669765283243,Reject,Reject,Reject,Accept,1.0894803576149128
0.6893281261009946,0.8475289351869032,0.26168622214428433,0.19592202827812916,0.4436842577642356,Reject,"Z1, Z2, Z4",1.3936827018516844,1.2156755957476126,-0.17800710610407178,1.1239723227092038,1.9328595275008877,355.0779796812081,0.26168622214428433,0.13405044026997984,0.38593561103101803,Reject,1.214762308669379,-0.17892039318230524,1.068962037792047,1.7397440176055954,365.9104939321594,Reject,Reject,Reject,Accept,0.8615696280192676
0.4665629887801749,0.7830306776384434,0.34437407786227586,0.21558505985236412,0.4829523815011729,Reject,"Z1, Z2, Z4",1.0168083467040963,1.0471242556356946,0.030315908931598353,0.9165614581730136,1.302623940498987,339.9906184246356,0.34437407786227586,0.21764061274385663,0.479430692840353,Reject,1.046189883449802,0.029381536745705948,0.9261408097719152,1.3729576536081773,350.86123734829937,Reject,Reject,Reject,Reject,1.1717678185112637
0.7307704997359112,0.8688260600932678,0.22176528239884002,0.042008934702741696,0.3120519922107854,Reject,"Z1, Z2, Z4",1.140179495355335,1.1082727215055037,-0.031906773849831156,1.0273262250223736,1.6951858139340157,344.3513581081246,0.22176528239884002,0.08463017118987255,0.3585547480851798,Reject,1.1086046392565407,-0.03157485609879416,1.0275885797799493,1.6713653660904781,360.0190309377745,Reject,Reject,Reject,Reject,1.4076797324787784
0.5677763431011347,0.8404922847639057,0.32493105674527867,0.25025096000506986,0.5150573147658181,Reject,"Z1, Z2, Z4",1.0968615428704773,1.0100228421616653,-0.08683870070881197,1.023987212565627,1.7098258847684655,336.90730048986427,0.32493105674527867,0.19798217318649036,0.46175418141706487,Reject,1.010894588555609,-0.08596695431486828,0.9624694825839171,1.5215109289241129,345.98273976232997,Reject,Reject,Reject,Reject,1.205042049738311
0.8273505470896355,0.8732737691309976,0.2795392729018707,0.16465136241265615,0.41718384728262226,Reject,"Z1, Z2, Z4",1.3330535910404788,1.2314430528202438,-0.10161053822023518,1.058056168963774,1.6435785757675607,371.75062961409117,0.2795392729018707,0.15223117044113163,0.4108708324955672,Reject,1.231676402908623,-0.10137718813185591,1.04112782224351,1.6055864189984128,390.5999931437687,Reject,Reject,Reject,Reject,1.2734853541863773
0.6765117390394112,0.9186522972209406,0.1856248966458882,0.08218770903640826,0.3488112036906805,Reject,"Z1, Z2, Z4",1.1559220929842793,1.1231862032270918,-0.03273588975718756,0.8630734362790549,1.2809473472907555,320.55829617646253,0.1856248966458882,0.04697808817337266,0.3231199535600917,Reject,1.1232817484832662,-0.03264034450101314,0.8804030738736852,1.352364095922556,332.28284624032716,Reject,Reject,Reject,Accept,0.8030763900248986
0.6107746987562283,0.8696453124620133,0.27511154536570653,0.1583556830340639,0.4689182718921812,Reject,"Z2, Z4",1.2119055145557271,1.0834609747960597,-0.12844453975966735,1.0031595501179527,1.5290919635064755,355.6296675865164,0.27511154536570653,0.14096738281542048,0.4133430431894742,Reject,1.081299363218537,-0.13060615133719017,0.9710081166812171,1.4320302869683308,355.9450851713823,Reject,Reject,Reject,Accept,0.8731093492861113
0.5817799476766237,0.9209295383173935,0.2192458882900699,0.10780059637967097,0.3914047466654875,Reject,"Z1, Z2, Z4",1.2888418135114927,1.3160906723269417,0.02724885881544888,0.9870696133627399,1.4938709930594511,334.70685299912805,0.2192458882900699,0.06878465370690358,0.3572567533748366,Reject,1.3152045199270814,0.026362706415588657,0.9549431507900048,1.3852457771803204,350.3663540227065,Reject,Reject,Reject,Accept,0.20742483385410165
0.6158651986475134,0.8254421331197974,0.20644803056714978,0.14318640038439678,0.3946109751318715,Reject,"Z1, Z2, Z4",1.0297917366519256,1.0550529242875295,0.02526118763560391,0.8480006816216885,1.1615618888619796,321.0950761547153,0.20644803056714978,0.0890334281722563,0.3331560374698272,Reject,1.056061655416776,0.026269918764850603,0.872871842414696,1.2875577802657479,324.233982477026,Reject,Reject,Reject,Reject,1.0373747907243196
0.5847389765019665,0.8457098302913792,0.22705073784024024,0.10542397244551144,0.35942319352058877,Reject,"Z1, Z2, Z4",0.9386586900010497,1.0289815222465848,0.0903228322455349,0.9644339508108425,1.4946242244326415,337.2702581105393,0.22705073784024024,0.10098953674999876,0.3493290931156276,Reject,1.0295754590966817,0.09091676909563183,0.9683101629392181,1.489143410352441,349.0193223714517,Reject,Reject,Reject,Accept,0.6110453318129112
0.7342739098075588,0.8816530283045543,0.26418621922710317,0.16729992955132886,0.4947811773207369,Reject,"Z1, Z2, Z4",1.0468430656604801,1.1211622567414028,0.07431919108092265,1.0543020758429793,1.7186858223537058,356.5760365514331,0.26418621922710317,0.09830559388632291,0.4173944865816397,Reject,1.1214877857331242,0.07464472007264412,1.0243609608090443,1.6134098115685491,373.2344838662025,Reject,Reject,Reject,Accept,0.9218656905349295
0.7574461675888108,0.8283565930233148,0.2250943781143539,0.099514204904456,0.3548913764937142,Reject,"Z1, Z2, Z4",0.971256832396543,0.9948922238034968,0.02363539140695382,0.9807604043463956,1.5528262715055896,333.07058902002893,0.2250943781143539,0.10196420322916905,0.34968586398264734,Reject,0.9942846408727177,0.023027808476174742,0.9876519316915543,1.6034963830003923,349.3344980832035,Reject,Reject,Reject,Reject,1.1599883443377668
0.6923205140241563,0.8861261052496989,0.26568485443884693,0.12870653621849582,0.3814904576974149,Reject,"Z1, Z2, Z4",1.0644326081344575,1.0145079188818524,-0.049924689252605105,0.9843520548298766,1.567127850170035,347.4676730890827,0.26568485443884693,0.13793243887166248,0.3905030190965051,Reject,1.0134945463961988,-0.05093806173825877,0.9390456178462949,1.4669936538053787,356.66049650657936,Reject,Reject,Reject,Accept,1.122315564042365
0.5882360613240284,0.7663424843508223,0.3235180157646674,0.229458735852211,0.5024493365179287,Reject,"Z1, Z2, Z4",1.1774258855056043,1.2841492184463867,0.10672333294078239,1.1441304829000836,2.029447371754348,366.17680761519296,0.3235180157646674,0.1924376499284015,0.4588208623421361,Reject,1.2825785291970164,0.10515264369141214,1.0450623496918023,1.6957045891781297,370.69684612511924,Reject,Reject,Reject,Accept,0.9177618560118365
0.47188432346364473,0.8012201590527089,0.2832424155177304,0.20543436336998344,0.4572678181696914,Reject,"Z1, Z2, Z4",1.028418114662886,1.091062745520226,0.06264463085734,0.9850319230375594,1.4982006258832095,321.2165119281633,0.2832424155177304,0.15635169972827326,0.40560054540585583,Reject,1.0903901410636656,0.06197202640077971,0.9433911639189538,1.4108812605052339,325.8581439713637,Reject,Reject,Reject,Accept,1.0017214370072753
0.6239936278020929,0.8086028522758077,0.2133512042945207,0.08958225212228117,0.39849834840976245,Reject,"Z1, Z2, Z4",0.9871666972889828,1.0097310684570378,0.022564371168055073,1.0290499351814282,1.6325432583317683,352.40510206761957,0.2133512042945207,0.05738847235259204,0.35937602607074554,Reject,1.0096340058610223,0.022467308572039577,0.9552254961808214,1.3954912140519995,365.29477857216625,Reject,Reject,Reject,Reject,1.194167295091025
0.7427610440257502,0.8364580593237568,0.28863026259725344,0.2006723300540168,0.46534733527373034,Reject,"Z1, Z2, Z4",0.7798129643508928,0.8621832467201854,0.08237028236929272,0.9664349951454716,1.448997113668154,359.6425249166082,0.28863026259725344,0.15898985104459223,0.4286809925794663,Reject,0.8621319984091212,0.08231903405822849,0.973459291824662,1.4344955126980485,372.23631933638984,Reject,Reject,Reject,Reject,1.2256477861912574
0.5890339482896746,0.8648447388273481,0.3647632185890093,0.23368858079379057,0.5035350053442045,Reject,"Z1, Z2, Z4",1.1887824158041798,1.1769408112464965,-0.011841604557683162,1.089472730237397,1.7544468701121567,364.243193023369,0.3647632185890093,0.2317663960793924,0.4990132960113522,Reject,1.1774543816750465,-0.011328034129133167,1.0417209450992486,1.6039699822837257,379.5838726527845,Reject,Reject,Reject,Accept,0.3342959935854568
0.6882846777303824,0.8727075931362296,0.19737659475670427,0.13057415628415056,0.4039660750439893,Reject,"Z1, Z2, Z4",0.9645178882374907,0.9402667666838704,-0.024251121553620216,0.9689255213214552,1.512499860504059,346.69703010333006,0.19737659475670427,0.05917413603223899,0.3320386340355956,Reject,0.9401503419086451,-0.024367546328845597,1.006944894224208,1.690237215371939,345.9691635845332,Reject,Reject,Reject,Accept,0.9710515904445005
0.7082102557554598,0.8211131275612455,0.36984145780405203,0.197445206724749,0.4921585103537685,Reject,"Z1, Z2, Z4",0.9291241813424462,0.9307422573245503,0.0016180759821041062,1.0373172807642803,1.7221923628748144,383.57919057325597,0.36984145780405203,0.22465455847246124,0.5095109068664673,Reject,0.9297704150420678,6.462336996215345e-4,1.051544580452063,1.766208365155176,399.45352940162076,Reject,Reject,Reject,Accept,0.9067908694206721
0.6731316215691483,0.8639216735722423,0.24985014968479138,0.1781511729078144,0.43168232317927213,Reject,"Z1, Z2, Z4",0.9469780331561557,0.9392308201866566,-0.00774721296949903,1.0560142421919805,1.7803711136253688,345.911502831643,0.24985014968479138,0.1279439242419706,0.3718989870077264,Reject,0.9393799785239204,-0.007598054632235272,0.9795986089633897,1.518054274900885,358.1314003228876,Reject,Reject,Reject,Reject,1.6946725235872486
0.45713567177189307,0.8530480467114198,0.24222589141663375,0.10318819016159249,0.36657660218673593,Reject,"Z1, Z2, Z4",0.9482500189216466,1.0355428964013567,0.08729287747971011,0.9713913657145203,1.537957808161116,289.5937332231619,0.24222589141663375,0.11162038283600256,0.36662515319998984,Reject,1.0368345778348014,0.08858455891315482,0.940674305773262,1.441635391709914,304.89622766959775,Reject,Reject,Reject,Accept,0.9595357848321852
0.606795284060848,0.8639159270545773,0.3507512328766668,0.23382094755081234,0.5067565256414845,Reject,"Z1, Z2, Z4",1.2239195087315722,1.2241701550107842,2.5064627921201536e-4,1.0106264198976398,1.6190743437400843,358.248251899345,0.3507512328766668,0.21804768438164873,0.48414953673710404,Reject,1.224307903998178,3.8839526660572663e-4,0.9902485919512488,1.5489277836543047,365.3180620948969,Reject,Reject,Reject,Accept,0.883826977053008
0.5889970080581047,0.8039788262388138,0.3895903698157244,0.2712972031521046,0.5423696759556011,Reject,"Z1, Z2, Z4",1.1607936106659877,1.0121144184740531,-0.14867919219193457,0.9885839699786318,1.4584267282149974,345.9363412234599,0.3895903698157244,0.2558499005681827,0.5270754640033138,Reject,1.0114036039164325,-0.14939000674955522,0.9795217498885121,1.446040726286983,362.8878546854567,Reject,Reject,Reject,Accept,0.9692315055470799
0.6620419886820454,0.8337826215042335,0.2514353103226691,0.14177868369897337,0.4054125572153514,Reject,"Z1, Z2, Z4",0.8674159435212702,1.0716480796997123,0.20423213617844208,0.9898846080051708,1.6025635634632063,354.21193015185315,0.2514353103226691,0.12933028680703962,0.3779993269673661,Reject,1.071102308895412,0.20368636537414161,0.9994091623373476,1.6201319071851759,364.1194290215064,Reject,Reject,Reject,Reject,1.3709778147119356
0.7184012142992964,0.8872456734538464,0.18633558736183925,0.08489074445273692,0.3576314422003461,Reject,"Z1, Z2, Z4",1.0828881818348564,1.1334346767834096,0.05054649494855335,0.9863226375909186,1.4224902379887712,333.75474454227924,0.18633558736183925,0.05964585649150189,0.3214603648331473,Reject,1.1320542055441116,0.049166023709255255,0.9932823252008433,1.4553890835291359,342.7762544131488,Reject,Reject,Reject,Accept,0.41118523005676405
0.44267125566654547,0.8322624614954149,0.24484993321153672,0.13939605079736342,0.42522208128567696,Reject,"Z1, Z2, Z4",1.0791351232204378,1.2325007216363335,0.15336559841589575,0.9179319370042235,1.3388756287056705,330.97641375924076,0.24484993321153672,0.1121346613195746,0.3774757029383829,Reject,1.2319795413689774,0.15284441814853963,0.9211273174919324,1.3483825334963078,338.0155344970911,Reject,Reject,Reject,Accept,0.14103882302362922
0.8228630029361356,0.9030184463636584,0.18875309614267155,0.06686000771076644,0.3104875245352773,Reject,"Z1, Z2, Z4",1.005692430737214,0.9545797468912639,-0.05111268384595011,0.9178434531886065,1.1629309360773394,345.9020743288442,0.18875309614267155,0.0653735281131099,0.3068664541001496,Reject,0.9528204773108295,-0.05287195342638444,0.9315658414084363,1.2278819182758762,362.63261006481866,Reject,Reject,Reject,Accept,0.5449543852531997
0.7289611206712658,0.7706289776042948,0.3327063170477399,0.20297099908747868,0.46850180753565757,Reject,"Z1, Z2, Z4",1.0565917603031787,1.1059061176021419,0.04931435729896314,0.8968648699438497,1.3188819407448207,364.4744088448869,0.3327063170477399,0.1939401693601128,0.4675857164333906,Reject,1.1049582550955899,0.04836649479241125,0.9314211862279054,1.4251233524540976,379.09709875938444,Reject,Reject,Reject,Reject,1.361602264204193
0.6318633242509308,0.8376600092349806,0.3281501102459069,0.21411060555549927,0.46668697796104097,Reject,"Z1, Z2, Z4",1.1764063513188912,1.1048892722059551,-0.07151707911293625,1.0030032713659864,1.611812999224867,344.86809220036236,0.3281501102459069,0.20541039793403443,0.45575948444231595,Reject,1.1066089842764306,-0.06979736704246065,0.974556401894164,1.5007477392390005,356.38006065256843,Reject,Reject,Reject,Reject,1.1498859410013758
0.8082217747158016,0.8475424972265233,0.24281428072510264,0.1345313065732448,0.3783249600184472,Reject,"Z1, Z2, Z4",1.3000885448297905,1.293350727117941,-0.006737817711849624,1.0353218792557035,1.6213046328818388,366.2840224951098,0.24281428072510264,0.12701632144462788,0.37282018043523574,Reject,1.2936878262345102,-0.006400718595280333,1.0309050370974795,1.608305028437039,381.1542747900996,Reject,Reject,Reject,Reject,1.6227797777332542
0.6078218914457406,0.8381325530924154,0.22905535883358744,0.12443804210816659,0.3578602445681538,Reject,"Z1, Z2, Z4",1.3552673484563451,1.1550606017424718,-0.2002067467138733,0.9800099910483948,1.4758927928157521,319.50821823337566,0.22905535883358744,0.11437949706534503,0.3424802995994921,Reject,1.1559440003422006,-0.19932334811414448,0.9694263217374773,1.4107338312465127,334.57916210285634,Reject,Reject,Reject,Reject,1.2965707033523854
0.6643880129484944,0.8616370296650296,0.1537838015455331,0.13647095235122395,0.42735383616989236,Reject,"Z1, Z2, Z4",1.1802668877034015,1.151152032934108,-0.029114854769293465,0.9987460498542569,1.521374519469671,352.7397422813803,0.1537838015455331,0.005874720798183745,0.29378891883539554,Reject,1.150934853861278,-0.029332033842123486,0.98598980850802,1.4731626339131774,351.6630038227758,Reject,Reject,Reject,Accept,0.42232104374469126
0.574085416103771,0.8846112233784313,0.3368226941541673,0.24158737928975205,0.506138318055628,Reject,"Z1, Z2, Z4",1.2600752668334212,1.2402420381975132,-0.019833228635908043,0.9868094020294743,1.4907004433071531,347.26196733278533,0.3368226941541673,0.19864186879641887,0.46259140522720604,Reject,1.2406199672343996,-0.019455299599021623,0.9790568106123374,1.4757262337569306,357.115596639235,Reject,Reject,Reject,Accept,0.6419142610487453
0.5496078645791983,0.8543777478702019,0.33092596344253417,0.21255356800440733,0.49627053365098295,Reject,"Z1, Z2, Z4",1.0004627720172394,0.985745929488538,-0.014716842528701386,0.9840627763389248,1.5226742294883289,332.06535575833584,0.33092596344253417,0.1929840851299185,0.4761053941587481,Reject,0.9858955593249997,-0.014567212692239616,1.0056736735415153,1.5589481492140418,347.92028332600046,Reject,Reject,Reject,Accept,0.7368977268017561
0.6269761894548358,0.9034556505307413,0.179964883852183,0.11755142490392398,0.4180533553668171,Reject,"Z1, Z2, Z4",1.0978411388502889,1.0524699340943011,-0.04537120475598799,1.1105477850019252,1.9560889306269276,340.6359511257883,0.179964883852183,0.031393221605195296,0.3272770477590845,Reject,1.0516972269001807,-0.04614391195010824,1.0314978131778754,1.6914391796170039,353.93802026423583,Reject,Reject,Reject,Reject,1.35368595750182
0.6704110931808542,0.8168468163306997,0.3246029985291225,0.16894870732172695,0.4556880571979843,Reject,"Z1, Z2, Z4",1.0516197905477247,1.1410974235474387,0.08947763299971394,1.013092800007785,1.5442188459424497,368.15079983430496,0.3246029985291225,0.17733182963671928,0.47409547119790474,Reject,1.1404588474496165,0.08883905690189181,1.0376714740914936,1.6105744769415629,384.3046554080327,Reject,Reject,Reject,Reject,1.169246916737838
0.7984135492726466,0.8352026938718656,0.31378018285512915,0.17778886955428397,0.4362598825517293,Reject,"Z1, Z2, Z4",1.2535346854951201,1.2275433193938319,-0.02599136610128824,1.0992515775368348,1.9092537315647629,390.04261574413204,0.31378018285512915,0.1748995102912117,0.44427812892574964,Reject,1.227069276832251,-0.026465408662869006,1.071801997452167,1.82874141430165,408.2749362182258,Reject,Reject,Reject,Reject,1.4258872259099256
0.7401548769870282,0.9243327966727598,0.16051510588102888,0.044757655592333384,0.3263509667538961,Reject,"Z1, Z2, Z4",0.9437001759707149,1.0168864166286335,0.07318624065791865,0.9907452336598065,1.5538690755819675,336.9711362551694,0.16051510588102888,0.024980691689235696,0.29553587105042867,Reject,1.0161860921893968,0.07248591621868185,1.00278187653515,1.572839385892069,351.89271241437916,Reject,Reject,Reject,Reject,1.4464155496216509
0.6532769277989066,0.9008930024607582,0.2628466120093025,0.1295645834456728,0.3796568372825485,Reject,"Z1, Z2, Z4",1.09587162709273,1.0599575757727686,-0.03591405131996135,1.0037600329257101,1.5186314064616089,323.4312503841148,0.2628466120093025,0.1347058818340086,0.3883775439878368,Reject,1.060471476815995,-0.0354001502767348,1.0060561482649708,1.5551927961424232,337.0346488537116,Reject,Reject,Reject,Accept,0.3134981258247583
0.6520015090387565,0.8387207056880601,0.24221947465577087,0.11267220370405495,0.402278913927834,Reject,"Z1, Z2, Z4",1.1916289056884541,1.083525184626525,-0.1081037210619291,1.003684787201143,1.4986953731634856,349.15750098050364,0.24221947465577087,0.09602139692373615,0.38798535411802304,Reject,1.0847747179772682,-0.10685418771118589,0.9642494515581054,1.4326141309147804,362.3361253939899,Reject,Reject,Reject,Reject,1.1021671427240611
0.6975775165033103,0.9282706813380633,0.2676566650824475,0.105900858224228,0.3901005825331532,Reject,"Z1, Z2, Z4",1.1016385896204437,1.1633018799158066,0.06166329029536288,0.948873575437255,1.3529846499860716,327.49068092756045,0.2676566650824475,0.1331372354899601,0.4179851293524587,Reject,1.1632553527579006,0.06161676313745698,0.9798077169687497,1.4753199336220142,341.97649096556944,Reject,Reject,Reject,Accept,0.37392382762493187
0.5991611071513229,0.8505150060906508,0.25702434932082646,0.13724665194981892,0.42849034892554244,Reject,"Z1, Z2, Z4",1.2535529850131177,1.254438160288968,8.851752758502981e-4,1.0127329214481082,1.5230803567675935,360.84758468685123,0.25702434932082646,0.12029861516918904,0.38987641616466934,Reject,1.255151882591312,0.001598897578194215,1.054047107757874,1.6969010776770053,373.5251108637525,Reject,Reject,Reject,Accept,0.6913971607841066
0.7484792716367282,0.8760031611146029,0.2958993207917596,0.16007510027691735,0.43243801536000653,Reject,"Z1, Z2, Z4",1.089952009322328,1.11786143730751,0.02790942798518202,1.0304357531257122,1.597285028659458,353.3465987894913,0.2958993207917596,0.16078582330167995,0.4259363946725189,Reject,1.1177786748593643,0.027826665537036336,0.9961265057811695,1.5150068413845583,367.3084642372517,Reject,Reject,Reject,Accept,0.6589257593788348
0.7192584369495012,0.8949059365107733,0.25500297126162524,0.15336993152209605,0.40512522513127036,Reject,"Z1, Z2, Z4",1.0155248035590463,1.0373959368526862,0.021871133293639714,0.9317269082982148,1.3559053437751438,342.3400295603398,0.25500297126162524,0.1240888622116968,0.3812590244452914,Reject,1.0368448751629085,0.021320071603862064,0.945429398281395,1.3899710376904644,359.2577621170489,Reject,Reject,Reject,Accept,0.7579342285508773
0.6054783978107537,0.8735527232974841,0.17715333312185821,0.10850062343923783,0.36031321978095077,Reject,"Z1, Z2, Z4",1.4185579465771612,1.2356472201387014,-0.18291072643845954,1.1640285886600197,2.042628333716556,325.6599592977429,0.17715333312185821,0.060458926510847555,0.3049219701706387,Reject,1.236158677239309,-0.1823992693378521,1.060852161255266,1.704252785797369,331.85637924123733,Reject,Reject,Reject,Accept,0.8575514626069811
0.5800807694447523,0.908652697572259,0.2212990346528758,0.15556708135137925,0.4144286790157854,Reject,"Z1, Z2, Z4",1.2565363457220862,1.1317177615585376,-0.12481858416354868,0.9346414964879919,1.389825655521693,327.6662993820088,0.2212990346528758,0.0988363309010701,0.3505226646830935,Reject,1.131807954694174,-0.12472839102791233,0.9669704698195319,1.4781823058615045,340.4159676494015,Reject,Reject,Reject,Accept,0.28469774735196046
0.4989432882958583,0.8483582311519086,0.21452985774168323,0.1488143121034997,0.3882385445726183,Reject,"Z1, Z2, Z4",1.1590623150455257,1.1685854280065364,0.009523112961010828,1.1133247257036532,1.9006616268635868,327.9632816602187,0.21452985774168323,0.0941513050330146,0.33095576861038895,Reject,1.1696677309410017,0.01060541589547614,1.0811631211600137,1.8678794436520654,339.7552762709963,Reject,Reject,Reject,Accept,0.8960505834651854
0.4802446670643792,0.8041391850768401,0.4125996291262003,0.36315962133411817,0.603700695185035,Reject,"Z1, Z2, Z4",1.0582018017136015,1.0901406353284504,0.03193883361484889,1.0177231346248996,1.6428072299510923,353.58578640336157,0.4125996291262003,0.29014871276477733,0.5392671541599746,Reject,1.089405255726869,0.031203454013267518,1.0192194530800422,1.6729016196233584,370.4787681185324,Reject,Reject,Reject,Accept,1.068966027306647
0.7071119382950385,0.8661930547816715,0.2774765069081428,0.17871337308791033,0.4302276088945884,Reject,"Z1, Z2, Z4",1.0015226435295377,0.9266027743640213,-0.07491986916551631,1.0029980335440138,1.5697015788222721,334.2658425390034,0.2774765069081428,0.15449882013239227,0.40099480667183923,Reject,0.9271593182889706,-0.07436332524056707,1.0106141260099137,1.5914494976614109,347.96826647404043,Reject,Reject,Reject,Reject,1.2587376851893792
0.6911353814653387,0.9219258033274834,0.12010615789265079,0.02238384870314765,0.3010016886290888,Reject,"Z1, Z2, Z4",0.9927248143259212,0.9321619508281511,-0.06056286349777006,0.9668880848487079,1.5077886322355114,330.52217614971704,0.12010615789265079,-0.016767327476153004,0.2543300079688773,Accept,0.9320212724607931,-0.06070354186512803,0.949634377114178,1.4394689972885473,347.76847913820194,Reject,Reject,Reject,Reject,1.3302575236089875
0.6437225587371757,0.8129469977020919,0.3479413668549428,0.24901292562630475,0.5476821577001962,Reject,"Z1, Z2, Z4",1.00662209341181,1.0500539170822658,0.04343182367045588,1.0147755478568803,1.587721417252373,373.0968135496957,0.3479413668549428,0.19423453578713146,0.49880177823715066,Reject,1.0499128986258104,0.043290805214000375,1.0443041090701475,1.680412340335939,391.4021667170547,Reject,Reject,Reject,Accept,0.6198695946456162
0.6850082515720063,0.8364306371356284,0.34318821396388755,0.23163237240143428,0.4762719557947744,Reject,"Z1, Z2, Z4",1.2697874796336213,1.311286495053677,0.04149901542005587,1.111313839852795,1.8736847691728178,367.38799424377476,0.34318821396388755,0.22366538721926393,0.45863003830956584,Reject,1.311068643934218,0.04128116430059682,1.0612668763447886,1.7193558252452248,384.01675609814095,Reject,Reject,Reject,Reject,1.2596114665971696
0.8810792847428051,0.9009103612691453,0.07191044029293285,-0.0019434639377201926,0.2732045143317046,Accept,"Z1, Z2, Z4",1.0437087771066074,1.125876192425652,0.08216741531904455,0.981810425892865,1.4989527377942558,352.28609988183916,0.07191044029293285,-0.06414894183917333,0.2046555156380116,Accept,1.1260405169769159,0.0823317398703085,0.9641865726227858,1.4555558641292772,357.8358118357706,Reject,Reject,Reject,Accept,0.40775500049965985
0.7030202599337546,0.8645346962167313,0.2167313896065286,0.08331230368786666,0.34033735556418276,Reject,"Z1, Z2, Z4",1.1727368364671809,1.1730210828545478,2.8424638736713163e-4,0.9649118472256955,1.4511910956684386,340.8113758651299,0.2167313896065286,0.08216668270250856,0.33679688950850706,Reject,1.172390798227332,-3.4603823984862383e-4,1.0064122935656712,1.5399660103849324,350.7263293985323,Reject,Reject,Reject,Reject,1.1276842144416661
0.63402785625442,0.8991565363995898,0.17640507184847443,0.113979171159418,0.3625805970885829,Reject,"Z1, Z2, Z4",0.94727257754837,1.0111306272572713,0.06385804970890147,0.887054789808248,1.2989839257763733,316.92404877181644,0.17640507184847443,0.05416808846113039,0.29581199326955954,Reject,1.0116260261535341,0.06435344860516426,0.8474705045162423,1.1632573062579386,317.8741147682931,Reject,Reject,Reject,Accept,0.8054072585161696
0.5905553658701866,0.8142627991378563,0.30637101209651724,0.20117599008034565,0.4676127862566597,Reject,"Z1, Z2, Z4",1.2906854725277297,1.2616027713967375,-0.02908270113099217,0.9808352147607036,1.5725716764846773,361.64380922562935,0.30637101209651724,0.1716913019212922,0.44232538579341224,Reject,1.2620309690244331,-0.02865450350329654,0.9474185126597805,1.4289634105235516,374.957974246721,Reject,Reject,Reject,Reject,1.0991744677704844
0.7255365067199043,0.8614682972373612,0.1971533974229354,0.11381404863724555,0.37270374815962865,Reject,"Z1, Z2, Z4",1.430063079743042,1.3751729238232675,-0.05489015591977441,0.9532443559529931,1.4919193488075562,350.22256642404614,0.1971533974229354,0.0713213210827251,0.3177204256742234,Reject,1.3752930971421613,-0.05476998260088062,0.9587113941589185,1.4935120145539669,367.64796177067694,Reject,Reject,Reject,Reject,1.104775586757988
0.5120160523443882,0.8017888836232978,0.43722150895713574,0.31701341921644544,0.5994440937157755,Reject,"Z1, Z2, Z4",1.0224940118591768,1.0081729692064856,-0.014321042652691253,1.0293698436151737,1.6645841503375227,352.2206962418584,0.43722150895713574,0.29603059497952183,0.5741205097559126,Reject,1.0071465500684715,-0.015347461790705357,0.97963054438932,1.463892368030673,368.490344129969,Reject,Reject,Reject,Reject,1.3322870058340814
0.6786681820454454,0.8807778495930942,0.23954204838965032,0.14972394500895542,0.3976490288219873,Reject,"Z1, Z2, Z4",1.0538026992475407,1.0136275105095032,-0.04017518873803755,0.9295100213412136,1.2833189706496504,331.6320808218373,0.23954204838965032,0.117136484557053,0.3628682499774856,Reject,1.0131062759576084,-0.040696423289932275,0.9555301591764658,1.3595089798484996,339.72340340830567,Reject,Reject,Reject,Accept,0.20336405603213428
0.7334294085384724,0.8616795274404343,0.16995500531748511,0.03569988082175267,0.3164019854224417,Reject,"Z1, Z2, Z4",1.0823342096486297,1.022322779542654,-0.06001143010597585,0.929877794131381,1.4807223458407677,335.2560168608274,0.16995500531748511,0.03740966290790737,0.30654514835287117,Reject,1.021643096136033,-0.06069111351259668,0.9650454628459347,1.5767166999908035,345.3404497812917,Reject,Reject,Reject,Accept,0.6035575536586439
0.9736434909435892,0.9203023272780152,0.16816316169390508,-0.016666459501506678,0.3007897057104245,Accept,"Z1, Z2, Z4",1.2343075410988245,1.1945547933012464,-0.039752747797578,0.9929370824039825,1.4783383945865263,365.8458809870619,0.16816316169390508,0.013968712021649482,0.33097929657505626,Reject,1.1942695223742388,-0.04003801872458572,1.0084514378615521,1.4925467286918237,376.6859691070798,Reject,Reject,Reject,Accept,0.5397024993217869
0.646354389549122,0.8968747995938066,0.24494393332557302,0.17155412081807933,0.4527841688351333,Reject,"Z1, Z2, Z4",0.9228745279295034,0.931719177789844,0.008844649860340682,1.0526500842384863,1.6432440333152347,346.28718321183686,0.24494393332557302,0.11167421047173659,0.3905031421519218,Reject,0.9326135727852164,0.009739044855712975,1.0439022006987395,1.648542064200397,356.4233218508783,Reject,Reject,Reject,Reject,1.1362021246152256
0.5187890179144259,0.8524978205367316,0.23402392761565,0.19244150728938986,0.4068455318296498,Reject,"Z1, Z2, Z4",1.1983152489382856,1.1351392568749974,-0.0631759920632882,0.9261576122212997,1.3478514593699513,329.1648000919744,0.23402392761565,0.13376021426494603,0.3396920176847647,Reject,1.1351509753962528,-0.06316427354203275,0.9226098505183825,1.2920541526671323,336.9060302587283,Reject,Reject,Reject,Accept,1.2060403831409683
0.5901676859831559,0.823913510812821,0.23356571873075183,0.13040028598704512,0.40750921891664205,Reject,"Z1, Z2, Z4",1.165365672608894,1.1272329886405703,-0.03813268396832369,0.9711571224349257,1.4874260864580657,348.74669794657353,0.23356571873075183,0.0983010319985219,0.3709238090793253,Reject,1.1286411296408736,-0.0367245429680204,1.0122242886218096,1.6026388420030804,367.3988809056422,Reject,Reject,Reject,Accept,1.0791016980386947
0.40107835137384934,0.8439235335572337,0.3233869642155893,0.2148305131144738,0.4722667325904606,Reject,"Z1, Z2, Z4",1.1122420508512945,1.080436516660805,-0.031805534190489315,0.9232497615116989,1.4117505253845064,312.35152821331764,0.3233869642155893,0.2003144908247787,0.4459340916112027,Reject,1.0795538556658641,-0.032688195185430174,0.9075828245298632,1.3796933292430844,326.03030210144675,Reject,Reject,Reject,Reject,1.4909758438237224
0.7420276185078057,0.8757835596069848,0.23076838772580582,0.09272932775766202,0.3861105013384925,Reject,"Z1, Z2, Z4",1.1648750003227148,1.1424537720979395,-0.02242122822477531,1.028178015283191,1.555419158192948,373.8730768025822,0.23076838772580582,0.09250712776453504,0.3711612997140265,Reject,1.1439201426619345,-0.020954857660780337,1.0659559372112275,1.6986502649482127,383.3468669917371,Reject,Reject,Reject,Accept,0.5072618402476586
0.5711469579973578,0.9392059682463858,0.16066683090882983,0.08425402275835006,0.30388129873627434,Reject,"Z1, Z2, Z4",0.9561685718007737,1.0021740586363923,0.046005486835618475,0.8998855750663768,1.2205091455402683,288.1548413925848,0.16066683090882983,0.04865340669644747,0.27092278111483153,Reject,1.0027073875135686,0.04653881571279475,0.9100797229527138,1.2345897635660898,296.06058835914723,Reject,Reject,Reject,Accept,0.7641466753597629
0.48010857880584906,0.8103910769966624,0.3168896628253521,0.2266940310820495,0.4747986675463442,Reject,"Z1, Z2, Z4",1.0952122455187105,1.2226346439023765,0.1274223983836659,0.9163410621448702,1.2888886713991947,341.75293005842184,0.3168896628253521,0.19100299308872898,0.4359705747920837,Reject,1.2218609362221822,0.12664869070347148,0.9450357316197883,1.3858357462329236,351.6881903647926,Reject,Reject,Reject,Reject,1.1291144432392568
0.6478309220923943,0.8766978016311026,0.2801483988528784,0.20189394471055577,0.4467683079949422,Reject,"Z1, Z2, Z4",1.0338517799281508,1.0296490775548968,-0.004202702373254039,1.0381716591231849,1.7809150967821386,345.30318871676184,0.2801483988528784,0.15140537158285133,0.39555093538914915,Reject,1.0295463648899632,-0.004305415038187569,1.0144505087999542,1.6526538988932704,358.6516014095872,Reject,Reject,Reject,Reject,1.3084853557999765
0.8203093851157337,0.9397095336463367,0.18199278068560537,0.08041171451563016,0.3462888418023333,Reject,"Z1, Z2, Z4",1.2816432678499456,1.1755393513967807,-0.10610391645316501,1.1192131149774174,1.8217794112029777,345.56576638261026,0.18199278068560537,0.048388435618504436,0.3134881137632681,Reject,1.1761497160962455,-0.10549355175370012,1.0605829052508637,1.617389507607019,357.05514491464646,Reject,Reject,Reject,Accept,0.7056010598936208
0.6444036616586437,0.8556181912042564,0.31744574610104664,0.24010412248237417,0.56483781621686,Reject,"Z1, Z2, Z4",1.1151536024495763,1.0724712837938504,-0.042682318655725936,1.0652165331419443,1.6788267200431652,363.4336619419114,0.31744574610104664,0.14424105791505928,0.48091229081647213,Reject,1.0715637979814496,-0.04358980446812668,1.042140380464713,1.6456130022428657,378.09660631197306,Reject,Reject,Reject,Accept,0.5877558647511059
0.8518453166690563,0.9359161635157732,0.24368890259024084,0.0894718149441372,0.39735220892196027,Reject,"Z1, Z2, Z4",0.7302456728367646,0.8806361535674831,0.15039048073071862,1.0404454483582999,1.6622929215950157,363.96958090865155,0.24368890259024084,0.0947143229161172,0.3910923129720616,Reject,0.8813729757359507,0.15112730289918622,1.002224568374044,1.555698084106839,373.33631749546004,Reject,Reject,Reject,Accept,0.5890458886490628
0.7968118362445246,0.8677039237063596,0.2019145282752457,0.099210047198515,0.3463079459486359,Reject,"Z1, Z2, Z4",1.1444570874962563,1.1048043853706007,-0.03965270212565577,1.0034107304170103,1.4324820876202342,353.8841956934469,0.2019145282752457,0.0795032039944841,0.3231799847246663,Reject,1.1040298642645212,-0.04042722323173511,1.0620216120199477,1.633057368140333,365.27785941500116,Reject,Reject,Reject,Accept,0.7883952436369592
0.6264379988307086,0.816287549026541,0.29526198713268087,0.1861151552463732,0.43393877063276093,Reject,"Z1, Z2, Z4",1.1098610746881505,1.0675142855407016,-0.042346789147448986,0.9118796117022941,1.3317284141531722,336.65445360388077,0.29526198713268087,0.1710367983807306,0.4193476478540705,Reject,1.069299161679493,-0.04056191300865762,0.9344181615420706,1.4203752339409368,344.59584807225957,Reject,Reject,Reject,Reject,1.1854479323850198
0.44548335439226466,0.8834131327130061,0.19421504082219931,0.14873929959387583,0.41469095773936376,Reject,"Z1, Z2, Z4",1.0437994533326664,1.0831989667323534,0.03939951339968705,0.987793512536258,1.4137784320531919,319.56531504864836,0.19421504082219931,0.0666322150865559,0.3268624930687159,Reject,1.0840176127139014,0.040218159381234894,0.9652811069631031,1.35837592324434,329.32669032610556,Reject,Reject,Reject,Accept,0.677541845820448
0.6771434084065795,0.8472083434278614,0.2729713636540781,0.12314365952383258,0.4596722022326657,Reject,"Z1, Z2, Z4",0.7161215914637812,0.8430141503596472,0.126892558895866,0.9932469778697831,1.566697899761303,341.9052265338928,0.2729713636540781,0.10526952416708633,0.4390707644869807,Reject,0.8431636190841811,0.12704202762040004,1.008110166806539,1.5918040945932486,359.2853817960377,Reject,Reject,Reject,Accept,0.7495565383188147
0.7758859859085895,0.8726169619052893,0.29204484135802505,0.19529267470873934,0.4345656827840671,Reject,"Z1, Z2, Z4",1.1781788293282505,1.134474235809946,-0.04370459351830463,1.0438630824670034,1.6850962631701558,360.54771397519755,0.29204484135802505,0.15758965671495312,0.4165294150501655,Reject,1.132531450437424,-0.045647378890826464,1.0205799924028933,1.6022744988311304,374.9942367880369,Reject,Reject,Reject,Accept,0.7460297797742238
0.5608554397449407,0.8236140508445302,0.3415804133376876,0.25187864029008833,0.5248504982353022,Reject,"Z1, Z2, Z4",1.3234221233853771,1.2100931735324507,-0.11332894985292666,1.0351275907407123,1.7049490253030117,359.3289134099658,0.3415804133376876,0.20973074603157307,0.4765688497481438,Reject,1.20915417898459,-0.11426794440078711,1.0191811833486841,1.6225700340851423,366.13210361029223,Reject,Reject,Reject,Reject,1.3603937835039206
0.6270160533595057,0.9031563593685021,0.1719019073259843,0.12257353323943815,0.37040040804968294,Reject,"Z1, Z2, Z4",1.065233324516078,1.2638294608048999,0.1985961362888218,1.1323091888951058,1.8459477240931994,338.61003010103474,0.1719019073259843,0.05124405441042006,0.2885387771277462,Reject,1.262722764251785,0.19748943973570698,1.038891470098291,1.56619744735451,346.81015334645446,Reject,Reject,Reject,Accept,1.0675885570288575
0.7539516425355344,0.8747569388063441,0.17263035474190908,0.08096279147734722,0.32763215869020396,Reject,"Z1, Z2, Z4",1.321406091387393,1.2745778907281742,-0.046828200659218784,1.0034878668133413,1.6037911450365463,353.59615890355803,0.17263035474190908,0.046168075611517354,0.3020221253434228,Reject,1.2748699949595794,-0.04653609642781358,0.9913835680330267,1.5965447913869315,368.51844566655717,Reject,Reject,Reject,Reject,1.1321816951901509
0.521705172541083,0.8747156337885595,0.2750853652165923,0.18990613543424373,0.5021533483775205,Reject,"Z1, Z2, Z4",1.1203756362651478,1.1006468142158874,-0.019728822049260387,0.9180523720834847,1.3771012862074639,332.7482848724207,0.2750853652165923,0.1222012381076074,0.423584302765566,Reject,1.1003291209861104,-0.020046515279037398,0.9100025740870812,1.361431741795145,344.54563989332047,Reject,Reject,Reject,Accept,0.47222384922250954
0.7935953046530003,0.9130677662497005,0.11016027705936424,-0.020849332648486527,0.24363336952814788,Accept,"Z1, Z2, Z4",1.0129471153110263,1.0184381411149896,0.005491025803963222,1.0403612992138465,1.645036143122475,334.7281456911416,0.11016027705936424,-0.014021118402906305,0.23560271622593024,Accept,1.0176161370771293,0.004669021766102935,0.9458315005561773,1.342904756218495,341.1885979832412,Reject,Reject,Reject,Accept,0.6672834945120844
0.7118990838287089,0.8729518047676698,0.24195784851092242,0.1522806585672349,0.4065572027982306,Reject,"Z1, Z2, Z4",1.178411022195109,1.1263971529074177,-0.05201386928769104,1.0247857594881706,1.6255256701921013,350.7838883963151,0.24195784851092242,0.11459232837611001,0.3680627049923628,Reject,1.1260899695328757,-0.05232105266223329,1.003051705111408,1.5715529026850354,357.4060549603033,Reject,Reject,Reject,Accept,0.9065673986464994
0.64429510011176,0.8213576316895792,0.23718505971587045,0.13511574010788718,0.3652196750305881,Reject,"Z1, Z2, Z4",1.3932223830624744,1.3314018628856261,-0.061820520176848213,0.9886754000627959,1.5094629956802699,349.25943543616995,0.23718505971587045,0.12555616076684462,0.35287589588357987,Reject,1.3319740335463366,-0.06124834951613783,0.9706171593463432,1.499396486132124,354.533385207852,Reject,Reject,Reject,Reject,1.2976343757747684
0.6529833644815599,0.8544038599544826,0.34513493449500826,0.22252626089779984,0.49598677754865206,Reject,"Z1, Z2, Z4",0.9422687223613061,1.0128619701259,0.07059324776459378,1.0403984595527176,1.7028241133135347,356.3951862665381,0.34513493449500826,0.2133519370132394,0.4705085808896179,Reject,1.0131192187111853,0.07085049634987914,1.0339475547904182,1.6621603364097657,373.1109029750146,Reject,Reject,Reject,Accept,1.0552178737406646
0.5876383463750408,0.7980543359001474,0.41783602608233195,0.2966079834240966,0.5419394795638997,Reject,"Z1, Z2, Z4",1.1274987646967936,1.129996391656477,0.0024976269596835216,1.103413814422411,1.8328131081667922,351.26693593376444,0.41783602608233195,0.2968650889589015,0.5485227640343646,Reject,1.1300341138632297,0.0025353491664361454,1.0547891842913089,1.6816394661632146,367.2831278170377,Reject,Reject,Reject,Reject,1.3783760685469455
0.8829195793115449,0.9118806569278829,0.24475475223107607,0.1146599034551808,0.36262706174630704,Reject,"Z1, Z2, Z4",1.063954296957167,1.0774462540849965,0.013491957127829579,1.023251472099205,1.5550591028355412,361.89661484298654,0.24475475223107607,0.11499738191994151,0.3689216533469699,Reject,1.077817019219131,0.013862722261964165,1.0392292628666975,1.594961805192075,381.42160626986674,Reject,Reject,Reject,Accept,0.8013910592195146
0.6530924410005547,0.867774140296158,0.2606184555907085,0.13118568889599833,0.3780322715255062,Reject,"Z1, Z2, Z4",1.0355816756590346,1.05512980000742,0.01954812434838538,0.9492087872551167,1.4098415099550314,316.7684257105743,0.2606184555907085,0.13879665028047475,0.38710922098345857,Reject,1.054954760828357,0.019373085169322252,0.8939115117222849,1.2787995526175442,322.89722874631775,Reject,Reject,Reject,Reject,1.0587212486456512
0.6101180342758541,0.8449211503487429,0.2587678063689576,0.1386506063898899,0.4449400990809915,Reject,"Z1, Z2, Z4",1.006258465315723,0.946830608763807,-0.05942785655191599,0.9911889954027848,1.5301227562908135,339.84351924863,0.2587678063689576,0.10653594600436363,0.39861372593163885,Reject,0.9461558216054184,-0.06010264371030445,0.9516710587804886,1.4043198281529647,347.8147368690531,Reject,Reject,Reject,Reject,1.3983830387644478
0.4062119052623015,0.7893737623201614,0.32388871010985437,0.23835919095961233,0.5253302108826367,Reject,"Z1, Z2, Z4",1.3845972442292007,1.3689889398271116,-0.015608304402089294,1.0011961468381614,1.498147314208064,356.5587780976435,0.32388871010985437,0.18708951518982664,0.4627805582295893,Reject,1.368056739324824,-0.016540504904376915,0.9960395027708,1.4856394127384578,367.3614274667243,Reject,Reject,Reject,Reject,1.0722673855677316
0.7892282753163672,0.8129673215810392,0.29341214377099817,0.17610992530219055,0.4187399209921762,Reject,"Z1, Z2, Z4",1.1952244937371053,1.1671150710206057,-0.02810942271649949,1.028504747445984,1.6373043729334116,362.4882247376042,0.29341214377099817,0.17133000436814894,0.40397558088366564,Reject,1.167534040994968,-0.027690452742137304,0.9983514973446481,1.5421276421616537,377.470432236266,Reject,Reject,Reject,Accept,1.1445085986550232
0.7444427415710078,0.8735912442628245,0.2701500757250534,0.11307071615742123,0.38151135192920194,Reject,"Z1, Z2, Z4",1.0708576518219686,1.149193243379234,0.07833559155726544,1.0474286016190537,1.5911655305197179,333.69879900012637,0.2701500757250534,0.13723965503283433,0.3977142239733524,Reject,1.1493861051451622,0.07852845332319344,1.0223418804143327,1.5123470735334112,346.5987596500357,Reject,Reject,Reject,Reject,1.0487704030968972
0.7105556072905392,0.9120744723394869,0.23289935718710894,0.03352334659977489,0.38246643528165164,Reject,"Z1, Z2, Z4",0.9348296429805778,0.881793586174688,-0.053036056805889714,0.9591148296151948,1.3720561901942603,350.67156634877,0.23289935718710894,0.06982124535123327,0.40012160226040094,Reject,0.8817660499231577,-0.05306359305742015,0.9481781811946026,1.3745285892349137,367.0744076108751,Reject,Reject,Reject,Accept,0.43358538617070375
0.4995406631718437,0.8157986061763749,0.3130730917500556,0.27759449336440817,0.5529780969319942,Reject,"Z1, Z2, Z4",0.8330704934140448,0.920522730520273,0.08745223710622821,0.9992672164110212,1.5349739283539239,342.1894619836762,0.3130730917500556,0.1733014999943678,0.44186999895900503,Reject,0.9216932481402234,0.08862275472617859,0.9743166148115882,1.4680282988317694,342.3858923159201,Reject,Reject,Reject,Accept,0.7217433519612854
0.7083014957649328,0.8951890432740502,0.20773957888324787,0.0946039337048059,0.3679048135609806,Reject,"Z1, Z2, Z4",1.1594490808796998,1.2058189986848695,0.0463699178051699,0.9421909635105807,1.3917314482831524,340.6862941052061,0.20773957888324787,0.07205156914890175,0.3441968288223312,Reject,1.2049070119811331,0.04545793110143352,0.8977836163186491,1.286047630646309,354.2782265388379,Reject,Reject,Reject,Accept,0.7100382204363518
0.621713244045269,0.8678463570205789,0.19735813870120117,0.15936942216932432,0.4103911162560932,Reject,"Z1, Z2, Z4",1.1286108912738573,1.0068814940894744,-0.12172939718438291,0.830724541891198,1.1293764406985414,323.42764480844465,0.19735813870120117,0.07349335447936507,0.3257380978441589,Reject,1.0065112224056691,-0.12209966886818814,0.882403614728924,1.2604049105403377,330.864173649643,Reject,Reject,Reject,Accept,0.9682833723516691
0.6814148581722187,0.8481940236339433,0.3483901974419725,0.2290319985500123,0.5113106857260117,Reject,"Z1, Z2, Z4",1.2034120294421329,1.1500129248105961,-0.05339910463153675,1.0637467022250888,1.8846469120565412,361.65563944726534,0.3483901974419725,0.21281378302626425,0.49581123113459336,Reject,1.150013904608731,-0.05339812483340208,1.058296121451936,1.8491043978655046,379.03939869427995,Reject,Reject,Reject,Accept,0.4603785445274029
0.7181644166166101,0.8240218093509223,0.28626711366458835,0.16704780799135002,0.43392777891928624,Reject,"Z1, Z2, Z4",1.208203163241833,1.0993137567713551,-0.10888940647047808,0.9934234114885718,1.5270080161364992,364.2123604950951,0.28626711366458835,0.15616479646842585,0.415430373374725,Reject,1.0993988591897839,-0.10880430405204923,1.0093244739130778,1.5649394706091515,376.6905806697886,Reject,Reject,Reject,Accept,0.7860365287221687
1.0049258770969123,0.9990278079839003,0.13092177192444962,0.013206840094097234,0.27040826736386775,Reject,"Z1, Z2, Z4",1.026730298660667,1.0481998862096769,0.02146958754901002,0.9302479431557945,1.3835452368316763,353.3947613714101,0.13092177192444962,0.005762319136860573,0.259474877910726,Reject,1.047460654402155,0.0207303557414881,0.9816009972297928,1.524074696537484,368.21081825837643,Reject,Reject,Reject,Accept,0.3610601702590009
0.7243863913431963,0.7778518338382407,0.2931439211581794,0.20273967610829813,0.47973871702493953,Reject,"Z1, Z2, Z4",1.1901514687163086,1.1935307397953678,0.0033792710790591894,1.1551593912015166,1.9250902172329434,367.2272206208065,0.2931439211581794,0.1568061489055518,0.43046943776058194,Reject,1.1943340799527706,0.004182611236461935,1.1117093013918764,1.765663152031486,378.1017840664794,Reject,Reject,Reject,Reject,1.5774766425303346
0.8796382535680358,0.848684513724241,0.156454633014252,0.06818219992496855,0.2943317024991549,Reject,"Z1, Z2, Z4",1.1240737544347372,1.1580068471960507,0.033933092761313406,1.0657431425263688,1.8051354218914204,356.2454635898045,0.156454633014252,0.039442214729644265,0.2738751687570477,Reject,1.1580502214772075,0.03397646704247016,1.0431288988366436,1.729942996823438,370.2274174817478,Reject,Reject,Reject,Reject,1.5272981781839385
0.690460719763378,0.8183477848453143,0.2168557090899907,0.16116172842615212,0.37154624969504174,Reject,"Z1, Z2, Z4",1.2565865504303948,1.2589983984202135,0.002411847989818854,0.9026747302341105,1.2101145804240387,338.37224394900653,0.2168557090899907,0.11106088156024092,0.3257407515132351,Reject,1.2597815857153898,0.003195035284994996,0.9608791912406307,1.3710046411701076,348.50532193289575,Reject,Reject,Reject,Accept,0.7359963085860038
0.6314211185219794,0.8019244041288396,0.31006414057047255,0.19977054865264895,0.49509900935160656,Reject,"Z1, Z2, Z4",1.1670561179802736,1.1869836311234352,0.019927513143161456,1.0016735396574976,1.488823278412622,366.16308509834334,0.31006414057047255,0.18009689858420097,0.43818826743823447,Reject,1.1860638226568412,0.01900770467656753,0.9974741040787046,1.4833793594432167,368.1816738903441,Reject,Reject,Reject,Accept,0.8020633610451633
0.5810109937885529,0.8771300894588875,0.19713705822682792,0.18124107552201366,0.45055522799848935,Reject,"Z1, Z2, Z4",1.0112703321317187,0.9822203636046576,-0.029049968527061126,0.9790867244504248,1.5073852284028066,338.29934339240333,0.19713705822682792,0.07200908984372775,0.3300117382015694,Reject,0.9818166490913663,-0.02945368304035232,0.9499524154270093,1.4017318744307603,334.5122573255549,Reject,Reject,Reject,Reject,1.3220699837759264
0.5607494032203161,0.8817149280412988,0.2773433482262639,0.23708983348378876,0.5011703816704779,Reject,"Z1, Z2, Z4",0.8766204917300989,1.0394480705595996,0.16282757882950083,0.992289563915512,1.544144078206943,336.0404842986821,0.2773433482262639,0.1507334225179315,0.4011496479801716,Reject,1.0401821793886967,0.16356168765859774,0.9628877440757044,1.4414461512067405,345.35805182670185,Reject,Reject,Reject,Accept,0.7079165527004345
0.7151157254447441,0.8640424727060645,0.1701090945571334,0.05168627794197077,0.3023301133911169,Reject,"Z1, Z2, Z4",1.2554139151409218,1.307405867408566,0.051991952267644144,0.8715725497005545,1.2527229747715272,339.22061060133734,0.1701090945571334,0.03756342695973123,0.28890955428677223,Reject,1.307976964950275,0.05256304980935331,0.9631017631791587,1.497070174747176,349.58275492330483,Reject,Reject,Reject,Reject,1.2111815854970025
0.6782629178680812,0.8329595083337834,0.2835224795504246,0.19549287938071006,0.4378658612858819,Reject,"Z1, Z2, Z4",1.2764008737541386,1.1673554541159665,-0.10904541963817216,0.9696921493049269,1.4373095280637118,352.7695027871799,0.2835224795504246,0.15705634047668418,0.41879119597529413,Reject,1.1669798558709477,-0.10942101788319084,0.9917893604736823,1.5545483016537647,358.55570446848805,Reject,Reject,Reject,Reject,1.2466042868512976
0.5177750751061979,0.8585611849354062,0.30141094757605225,0.21926212749823087,0.5208329866591455,Reject,"Z1, Z2, Z4",1.1835030832472533,1.0933199584273252,-0.09018312481992821,0.9797991077274605,1.5540732971150801,343.0120996225519,0.30141094757605225,0.16069226637480014,0.4410009089458815,Reject,1.0917613049648551,-0.09174177828239813,0.9809212925704083,1.5514825597517792,353.29568837134127,Reject,Reject,Reject,Accept,0.8992787899287957
0.6375901158422713,0.8682191724957481,0.2497116498966439,0.11553308908478305,0.4105997984443182,Reject,"Z1, Z2, Z4",0.8073327232161105,0.9705983135510932,0.1632655903349827,1.0130593663199716,1.6169745043948112,332.65230394193094,0.2497116498966439,0.09734306659632941,0.4066439313581467,Reject,0.9703452982640726,0.1630125750479621,0.99776297881809906,1.5687482037145508,346.0867979921857,Reject,Reject,Reject,Accept,0.2995829393612645
0.4623205588442788,0.7635401705126802,0.40041332983540195,0.29288707936017244,0.556542056401705,Reject,"Z1, Z2, Z4",0.9083498597036742,0.9893347543233378,0.08098489461966367,1.089207526814397,1.8147723939039129,346.5745497358106,0.40041332983540195,0.2733259698659656,0.5269913595608477,Reject,0.9890615259757405,0.0807116662720663,1.0348432088911275,1.609273589729531,361.4324517838258,Reject,Reject,Reject,Accept,1.1061330721297324
0.6023215376319933,0.861393141498277,0.293445066711119,0.18227038424716735,0.4496290478594414,Reject,"Z1, Z2, Z4",1.052473742935107,1.0230434445720398,-0.029430298363067278,0.9352913042078432,1.4720641364670883,335.2685646358739,0.293445066711119,0.168625763350199,0.42891419846116985,Reject,1.022468122165802,-0.030005620769304985,0.8772365127521471,1.2977957974931762,348.0292638813915,Reject,Reject,Reject,Reject,1.4112919509861999
0.75654595139971,0.831438139697355,0.24215774684488897,0.13437763972143746,0.3683441076623717,Reject,"Z1, Z2, Z4",1.114319457943279,1.140418454891546,0.026098996948267037,0.9680463475276653,1.4664506020510617,355.8959485533112,0.24215774684488897,0.1310812631926112,0.3550745815857827,Reject,1.1408223733345266,0.02650291539124763,0.9829695880503209,1.4675385585187801,366.31236669359294,Reject,Reject,Reject,Reject,1.299334243004489
0.5684454618938884,0.867842900735977,0.27822271912355345,0.1584113763249124,0.411898404841386,Reject,"Z1, Z2, Z4",1.2151767311681463,1.2824932892106793,0.06731655804253313,1.0946890163224694,1.8764744617983922,346.64810723724395,0.27822271912355345,0.15064538183529166,0.39855137107662614,Reject,1.283779170467801,0.06860243929965472,1.033286875285898,1.6651017064456506,364.7429058044342,Reject,Reject,Reject,Accept,0.9730176851701574
0.7984613116801346,0.8974134142627536,0.25545830729837765,0.13942923045368688,0.4071943912912335,Reject,"Z1, Z2, Z4",1.0337209226265094,1.0035251133771135,-0.030195809249395952,0.9004103147256776,1.2556697448801066,353.7310468412419,0.25545830729837765,0.12273822881405513,0.3871163733057808,Reject,1.0027808050081781,-0.030940117618331153,0.9251169734813787,1.317755389762221,374.13804329039675,Reject,Reject,Reject,Accept,0.8025656846087547
0.6891367943875488,0.8384855643285353,0.2504316791172524,0.1176324303463174,0.3924731065154362,Reject,"Z1, Z2, Z4",1.042359274090524,1.19815378873406,0.15579451464353616,1.0476167742260323,1.7075269868037268,345.3663682545464,0.2504316791172524,0.11677808534605214,0.38915473383867893,Reject,1.1978077636907236,0.1554484896001994,1.0043943167858054,1.563746578932519,358.0286138794603,Reject,Reject,Reject,Reject,1.205522300670976
0.6143756834192499,0.8061486508112891,0.33782939049636695,0.1894152710017544,0.4495903411754527,Reject,"Z1, Z2, Z4",1.1488098177503434,1.0788993177462607,-0.06991050000408285,1.103956109718154,1.8149119358777654,356.15637575257273,0.33782939049636695,0.21161355418184064,0.4734290827429547,Reject,1.0788410878560968,-0.06996872989424655,1.0599874121220219,1.6660129280918043,369.41671159039237,Reject,Reject,Reject,Reject,1.5263199252936714
0.6761688403995009,0.8165676347184214,0.28612368052285425,0.19401965998072684,0.43145566306675753,Reject,"Z1, Z2, Z4",1.2000036118493647,1.1144517999329493,-0.08555181191641535,0.9762739601343565,1.4920430699256944,343.6755594907257,0.28612368052285425,0.1672036363586223,0.40179078481606245,Reject,1.1156942000522547,-0.08430941179710996,0.9763817530022538,1.5295256744608996,355.63931156306944,Reject,Reject,Reject,Accept,0.6501389704107853
0.8479735063528766,0.936061194789691,0.09226331996973261,-0.014884450301927607,0.24870090142890308,Accept,"Z1, Z2, Z4",1.2677334781646323,1.2720892503542645,0.004355772189632223,1.0037440173115812,1.549453184252934,342.7494740988614,0.09226331996973261,-0.038190768184154095,0.21785838695509113,Accept,1.272046674387622,0.004313196222989643,0.9884168976705479,1.5259178163199527,351.1054697034132,Reject,Reject,Reject,Accept,0.3564314747483477
0.7711339420220802,0.8190326433067554,0.2379885593615307,0.13233122966531038,0.38590450609687493,Reject,"Z1, Z2, Z4",1.5835121967721557,1.4856181378463462,-0.09789405892580948,1.0451376602351408,1.680237369056908,358.36079359663034,0.2379885593615307,0.11499096364090913,0.36150170473907245,Reject,1.4847739256359473,-0.0987382711362082,0.9776899356104876,1.4824280719795522,373.0253143923366,Reject,Reject,Reject,Reject,1.1384233176176546
0.6558010819901932,0.8351875984228224,0.2835405706649761,0.2087549015095671,0.4869616819092206,Reject,"Z1, Z2, Z4",1.3281133228097743,1.258063196407364,-0.07005012640241018,1.0778125289454366,1.8460831579201722,366.2101634445585,0.2835405706649761,0.1501568795810711,0.41864813860776046,Reject,1.2589374188074904,-0.06917590400228381,0.9954530300566398,1.6189474021319854,374.18666067524464,Reject,Reject,Reject,Reject,1.572768720268067
0.7448995190567095,0.853009440742548,0.2535750379848301,0.15206987292661822,0.3960837894672285,Reject,"Z1, Z2, Z4",0.9592871922769006,0.9660337343323365,0.006746542055435898,1.095981510336498,1.9453211175851743,341.62179660118113,0.2535750379848301,0.13199621726604627,0.36811125109300585,Reject,0.9660211001453939,0.006733907868493348,1.026128740132648,1.7173883830974568,349.12726471631066,Reject,Reject,Reject,Accept,0.8676108023479682
0.5829138891367077,0.7921279878382129,0.3690620244967084,0.27866231935258107,0.5285105963396702,Reject,"Z1, Z2, Z4",1.075368160132677,1.1164653721447728,0.04109721201209582,0.9143705569252929,1.3589859187176359,357.20191356674735,0.3690620244967084,0.2470396079114343,0.49643321976292476,Reject,1.1141754120514462,0.03880725191876928,0.9208820999050795,1.4128387415329478,372.548450507851,Reject,Reject,Reject,Reject,1.0833592718553426
0.7169801766127235,0.8780875344928001,0.2618657484419735,0.17369658169335356,0.45368869294282443,Reject,"Z1, Z2, Z4",1.091746179442103,1.114403306009184,0.022657126567080976,1.020978919671753,1.6046392089212462,354.12037870729944,0.2618657484419735,0.11796867842490208,0.4020326831237343,Reject,1.1156914733192527,0.023945293877149654,0.9791630513968291,1.5092606651857947,367.39373077262917,Reject,Reject,Reject,Accept,1.0083585164543905
0.6342902438131717,0.8204520211240839,0.27303714861237044,0.14428405706637046,0.3885226986682616,Reject,"Z1, Z2, Z4",1.27728573760397,1.2229821539483368,-0.05430358365563322,1.0448068202834981,1.5975609555537538,336.69186983104476,0.27303714861237044,0.15292262326013822,0.39205778867302066,Reject,1.2234042393582147,-0.05388149824575515,1.0320157186161685,1.5762194240599314,356.7880648142005,Reject,Reject,Reject,Accept,0.5556275525785282
0.7068888473952448,0.88767971769768,0.3107162077890864,0.1656081345540643,0.41939119621567,Reject,"Z1, Z2, Z4",1.1304802384435817,1.1963417265676617,0.06586148812407991,1.0139897998129384,1.5864215281214826,352.6631185243919,0.3107162077890864,0.18261755729783022,0.4344021233944134,Reject,1.1981336224651362,0.06765338402155456,0.991252863318842,1.5433618764930932,363.5910241926181,Reject,Reject,Reject,Accept,0.9938337552684513
0.5576390959597448,0.8390898050105423,0.30999430077536017,0.1769393014258064,0.48182629620222334,Reject,"Z1, Z2, Z4",1.161007432144217,1.0826362048648681,-0.07837122727934895,0.9813405646621481,1.529314274926657,343.7758201576379,0.30999430077536017,0.16578436980043718,0.4660297797415234,Reject,1.083164914827734,-0.07784251731648315,0.9524600983341271,1.4614096018703435,358.5409360243853,Reject,Reject,Reject,Reject,1.052429944092311
0.46502971339410337,0.831322397379832,0.3284522011197763,0.20825370553386627,0.49190419237259175,Reject,"Z1, Z2, Z4",1.0082161549032882,1.148374833543438,0.14015867864014994,0.9463584534848887,1.4160979171152226,332.64180072753516,0.3284522011197763,0.19056306779002374,0.46564090585976886,Reject,1.1471823479203014,0.13896619301701324,0.945636102220524,1.3727981283428745,340.6345950240037,Reject,Reject,Reject,Reject,1.2906881841907967
0.5097767349512958,0.8275396841334995,0.22843385079910605,0.15261081962861497,0.4420085793258026,Reject,"Z1, Z2, Z4",1.0476099131291001,1.099627495167133,0.052017582038032785,0.9923436563790907,1.450269813120218,316.0593716676307,0.22843385079910605,0.08907721184175796,0.3626529476148451,Reject,1.0997274632924179,0.05211755016331761,1.0183916766707157,1.5176648073167105,313.503763074161,Reject,Reject,Reject,Accept,0.5508082516444527
0.6737270595612201,0.8788994818818642,0.19338885203608858,0.12195525059456674,0.3869527028586356,Reject,"Z1, Z2, Z4",1.1446937435122968,1.1515674351166139,0.006873691604317014,1.0781642984057234,1.7437575970173025,335.38455913554964,0.19338885203608858,0.05866399126011449,0.3340300984495024,Reject,1.1514972357124384,0.006803492200141821,1.002637270146905,1.5336510274199193,339.0837395821173,Reject,Reject,Reject,Accept,1.0050605025032389
0.7387198301172555,0.898365168429918,0.21285688283018842,0.12184703698449008,0.38938160584156356,Reject,"Z1, Z2, Z4",0.8591987168348888,0.9529694949959103,0.09377077816102157,1.0369953722748801,1.618362421503931,343.25296935258496,0.21285688283018842,0.09028513051901779,0.3558125985466537,Reject,0.9522325956484329,0.09303387881354407,0.9987387708469992,1.5031144796453884,360.46808352889946,Reject,Reject,Reject,Accept,0.40054666861605026
0.8648775205207648,0.855791586961133,0.29614363868418514,0.1489663718696526,0.4282894669025946,Reject,"Z1, Z2, Z4",1.2666012210318145,1.1301368663513538,-0.13646435468046086,1.0215360954839119,1.6171308016073576,383.75469254411365,0.29614363868418514,0.15573527357556044,0.4397313924156296,Reject,1.1306586293324432,-0.13594259169937137,1.0370942182422587,1.6513097741003218,400.9384499096156,Reject,Reject,Reject,Accept,0.7962328435494878
0.36618990562082626,0.8523937222304582,0.2901053018744695,0.25846138868394275,0.5201417112195591,Reject,"Z1, Z2, Z4",1.1706610650508942,1.2790352852948819,0.1083742202439877,1.0200942848409715,1.5213419446970353,330.66914744652075,0.2901053018744695,0.16486223018480223,0.4182592738105233,Reject,1.2798096561900294,0.10914859113913518,0.9265844530600975,1.2774424885465387,335.6195762054672,Reject,Reject,Reject,Reject,1.2262824280817024
0.9285408952264388,0.9352448990383354,0.12221949464781762,0.004518036786113108,0.27860642429549803,Reject,"Z1, Z2, Z4",1.3547973334148367,1.3241675348574926,-0.030629798557344004,1.0429478495692055,1.6435906261368063,371.7450198633959,0.12221949464781762,-0.015328299430303399,0.2600365478621398,Accept,1.3241553419630323,-0.030641991451804393,1.0208367987744034,1.5781544334333657,385.5774653598598,Reject,Reject,Reject,Accept,0.9574184757068055
0.6143554594941324,0.84066984203009,0.3435679646927718,0.22270884154630693,0.5651891021351376,Reject,"Z1, Z2, Z4",1.02112274637376,1.025833140085619,0.004710393711859291,1.0029089055486857,1.4327072924365745,349.8254202232162,0.3435679646927718,0.18651925112216342,0.5364587973060371,Reject,1.0268225525046533,0.005699806130893342,1.0030771122216917,1.4595439098079308,365.2087573050385,Reject,Reject,Reject,Accept,0.385942671677794
0.848055671050703,0.8865885353736677,0.20090559184627335,0.08960394878860539,0.34423879432552856,Reject,"Z1, Z2, Z4",1.1826041434684258,1.1276300680563298,-0.054974075412095896,0.9811034481821475,1.4761129024416448,362.61867292406754,0.20090559184627335,0.06808344894282373,0.32545410359490246,Reject,1.1279291555669664,-0.0546749879014594,0.9924919708454389,1.4769378799960198,378.69385889944635,Reject,Reject,Reject,Reject,1.0903943825589608
0.6681683563574236,0.8314808270935135,0.30334707586985565,0.17256883850530175,0.4109456004609963,Reject,"Z1, Z2, Z4",1.2696600688362065,1.0540965261983901,-0.21556354263781644,0.9540736410809958,1.4141160154764476,337.24744753125947,0.30334707586985565,0.1891698252202032,0.41890218547711766,Reject,1.0536049386524242,-0.21605513018378242,1.0060212623613503,1.557863483537655,348.93788001060057,Reject,Reject,Reject,Accept,0.1737990885600032
0.8108488645995128,0.9211485209102577,0.18227690209567474,0.10995888087532947,0.33407251690568784,Reject,"Z1, Z2, Z4",1.4477554464998699,1.2682895881912137,-0.17946585830865608,0.9378889776581771,1.384282752872622,345.9511618191877,0.18227690209567474,0.05745441829679593,0.3024578423017611,Reject,1.266888507782156,-0.18086693871771398,0.9647977741862889,1.5110156261796386,350.9353440760732,Reject,Reject,Reject,Reject,1.1503595990338937
0.7413240144420434,0.9293947192531953,0.1667443392112603,0.046784664314405776,0.36522091273902363,Reject,"Z1, Z2, Z4",1.0152566288055631,1.0133648222912854,-0.001891806514277797,0.9839257919046346,1.566907413516655,331.30421487363725,0.1667443392112603,0.012903294018521048,0.3184897846944065,Reject,1.012901436394422,-0.0023551924111412503,0.962653997140246,1.5019414946967276,337.62999865363537,Reject,Reject,Reject,Accept,0.8708908625333074
0.9017374691725746,0.97989030449501,0.03243812358805435,-0.06464683400844501,0.20839957787988242,Accept,"Z1, Z2, Z4",1.1821715735095426,1.0523187065650126,-0.12985286694452994,0.9722651512701825,1.4659857150404216,338.8723748955307,0.03243812358805435,-0.09029509469930919,0.15030062387372742,Accept,1.0522284517352642,-0.12994312177427844,0.9395154368059692,1.3710426769485629,337.42086414750554,Reject,Reject,Reject,Accept,0.568540160557145
0.4983750472342287,0.8486827061131116,0.24180784487636947,0.18435916968737334,0.438549313821808,Reject,"Z1, Z2, Z4",1.3683839146974692,1.3429235660985037,-0.025460348598965774,0.9501144276505187,1.4447482766819526,331.5051436698778,0.24180784487636947,0.11014534231250739,0.3676553097899931,Reject,1.3432236090972136,-0.025160305600255683,0.9880230066041423,1.5028097459272407,337.9107243482446,Reject,Reject,Reject,Accept,0.9745094509714518
0.6482627115025096,0.9208271221772567,0.24859993916953768,0.1614395094658006,0.4416899097774252,Reject,"Z1, Z2, Z4",1.0038458032132016,1.0263980038834581,0.022552200670256557,0.9765714577656769,1.501292439699854,360.8999849614419,0.24859993916953768,0.11842477829445851,0.38645112503595036,Reject,1.0269562284134814,0.02311042520027991,0.91239488715633,1.3366140813737761,359.0697427445668,Reject,Reject,Reject,Accept,0.6621113169468512
0.620887924284495,0.8376373093418877,0.3205438277053391,0.23856717679395065,0.4834177337826203,Reject,"Z1, Z2, Z4",0.8907338185848129,1.0203924996436102,0.1296586810587972,1.0326017483196566,1.7693439325039484,358.3626510675334,0.3205438277053391,0.19857775134755806,0.44408539403958835,Reject,1.0199712889680799,0.129237470383267,0.9769860131804747,1.607836981505532,365.7696048907876,Reject,Reject,Reject,Reject,1.4491685479514274
0.7245644730845341,0.8697049727623583,0.16402325094575113,0.0870383576911992,0.33214438846700334,Reject,"Z1, Z2, Z4",1.128388196629439,1.1093074877953657,-0.019080708834073118,0.9967487866811037,1.5041765856729747,330.2287073969194,0.16402325094575113,0.033953680013487864,0.2850707377316929,Reject,1.108912930172793,-0.01947526645664597,0.9607643027132705,1.3996775464805729,336.72436676371643,Reject,Reject,Reject,Accept,1.0185231426377865
0.5753480012000777,0.8718693809851746,0.2493732834393269,0.1639941901473636,0.41007451880702284,Reject,"Z1, Z2, Z4",1.2271655127889822,1.2849177707187136,0.057752257929731175,0.8640355588948603,1.1894697370991343,341.70299567018105,0.2493732834393269,0.13269781979095283,0.36770622327209107,Reject,1.2849289719922554,0.05776345920327304,0.9091120008525733,1.340277779789305,346.3927043548914,Reject,Reject,Reject,Reject,1.2391644793227876
0.7290563811026869,0.9195932494954228,0.2434115886418103,0.15347846192906375,0.39311327540556396,Reject,"Z1, Z2, Z4",1.0815630705132733,1.081011815045226,-5.512554680472665e-4,0.958758916605235,1.5673015174962959,333.89771257481675,0.2434115886418103,0.12073846514897081,0.36032756905976004,Reject,1.0815344707967829,-2.8599716490330846e-5,0.9421397655946442,1.4680212758936875,350.18705396352686,Reject,Reject,Reject,Reject,1.1074923013496447
0.5140183104633818,0.8637153013650415,0.216755539673477,0.1539551293230861,0.40552463152760204,Reject,"Z1, Z2, Z4, X4",1.0228178037801972,1.085186687647705,0.0623688838675078,0.9371189560624902,1.3191056368953262,316.5060630988403,0.216755539673477,0.09209496728396044,0.33686166677986495,Reject,1.0839530114792781,0.06113520769908099,0.9462434057552914,1.3395495582164343,323.8301506724733,Reject,Reject,Reject,Accept,0.8986102448574503
0.9243465352276004,0.848422721396929,0.19790163058667468,0.09600814332594763,0.3541067338707109,Reject,"Z1, Z2, Z4",1.0954697559623998,1.1410646329445204,0.04559487698212059,1.0644480611011615,1.8014407715912228,368.11124006949166,0.19790163058667468,0.06501265379709291,0.3330484881695969,Reject,1.1409891693776084,0.045519413415208466,0.9834615293640604,1.5534169352929583,376.8713353397286,Reject,Reject,Reject,Accept,0.5198476426661055
0.9034773395083561,0.8959262016179514,0.15096622890404257,0.04721316738561707,0.2789644811538303,Reject,"Z1, Z2, Z4",1.351326620683621,1.2940670719067466,-0.05725954877687428,1.0424654733640542,1.8382573695050675,338.12111082407534,0.15096622890404257,0.03761120046428045,0.26137351312318885,Reject,1.294856195077894,-0.05647042560572675,1.0051549837284204,1.6946042770595273,345.41783036185143,Reject,Reject,Reject,Reject,1.1421381319669992
0.6405057615649568,0.9079078627469108,0.17205007854260587,0.044586249442062756,0.3323826758925448,Reject,"Z1, Z2, Z4",0.9907154169316735,1.0949644855227871,0.10424906859111341,0.8670833569103055,1.2308081167912592,325.4382272722519,0.17205007854260587,0.03613363342403189,0.3131670051524137,Reject,1.0944148058199827,0.10369938888830918,0.8715896261416458,1.2314720491986257,343.9629576911278,Reject,Reject,Reject,Accept,0.9488261666837248
0.5874700511635893,0.7902677821707768,0.22154954410992042,0.16188114972210424,0.39228932070785905,Reject,"Z1, Z2, Z4",1.1191927047371701,1.1726182409294024,0.053425536192232045,0.9883426025564455,1.4933012777018728,332.5969679844275,0.22154954410992042,0.11079381961115807,0.3319212580631248,Reject,1.1732772681157648,0.05408456337859467,0.9521273216306744,1.3758577705729642,340.67470931872344,Reject,Reject,Reject,Accept,0.6681859205069786
0.6407411683131267,0.8480855004576515,0.21672079192375845,0.14401632489615365,0.3647470655072486,Reject,"Z1, Z2, Z4",0.9970579263198612,1.0099431305766515,0.012885204256790198,1.0074986818742213,1.5300709135093298,315.61538947210147,0.21672079192375845,0.11218963499250478,0.32386703721340876,Reject,1.0108716310885215,0.013813704768660295,0.9464474037237345,1.3821369251471656,324.99358155961124,Reject,Reject,Reject,Reject,1.5223985785845773
0.5807371428383608,0.9032944451528631,0.3005185936679574,0.15299172554297663,0.40862570217867356,Reject,"Z1, Z2, Z4",1.2779747737607017,1.1701933146622856,-0.10778145909841598,0.9440106242570226,1.3927246598725491,323.43998451244187,0.3005185936679574,0.17278622469982308,0.426501128585409,Reject,1.1705661958974474,-0.10740857786325428,0.9773546688824971,1.47800391221399,336.3660684949037,Reject,Reject,Reject,Accept,0.6569942274496063
0.6319200381533115,0.7853447860201057,0.40341421863368937,0.2702885932512375,0.524679694897395,Reject,"Z1, Z2, Z4",1.194521577664215,1.1363769170432072,-0.05814466062100791,1.013840388904714,1.6145803493253927,353.75724081847886,0.40341421863368937,0.2795342776846023,0.5274026181589858,Reject,1.1375561449364215,-0.05696543272779337,0.9794073023510551,1.5154519738509764,367.34168903879254,Reject,Reject,Reject,Reject,1.238091832760437
0.7210338471079627,0.8484841723097044,0.23319734169617629,0.11509079418639585,0.394967027442637,Reject,"Z1, Z2, Z4",1.2628658816816714,1.2305835169292374,-0.03228236475243406,1.0135264228375647,1.6717337526700196,358.3713711159582,0.23319734169617629,0.08492051133439543,0.3631836058719843,Reject,1.2308609637584784,-0.032004917923192884,0.9513385273640385,1.5142593442363372,372.03271600760934,Reject,Reject,Reject,Accept,0.905064155744046
0.5815715033224006,0.7843872321781762,0.3177915849044206,0.23497855877411317,0.4733736294508592,Reject,"Z1, Z2, Z4",1.1616541067939827,1.1068649571044893,-0.054789149689493506,0.9643144242947354,1.484707442264609,344.29130960637,0.3177915849044206,0.19278719506587333,0.43585500964580776,Reject,1.1059235798623215,-0.055730526931661285,0.9927733251576537,1.5698536017278442,359.133231945067,Reject,Reject,Reject,Accept,1.0953701199085826
0.8081526393861433,0.91155640799076465,0.205408002758453,0.09546575977839067,0.3883367357621873,Reject,"Z1, Z2, Z4",1.0643924961543374,1.058097722644586,-0.006294773509751528,1.0150960468564103,1.5990548111486753,367.55787632197786,0.205408002758453,0.059902099936589216,0.3479957003850028,Reject,1.0568221403465283,-0.00757035580780923,1.0269517774805903,1.649056348387295,375.7168677477126,Reject,Reject,Reject,Accept,1.0695534808662372
0.6614378363483986,0.9273741831655018,0.2003728888185807,0.0974864983677072,0.3683851451865592,Reject,"Z1, Z2, Z4",1.055152555684781,1.1236027567384865,0.06845020105370563,0.9657063114293709,1.4488123549691687,337.39703879928925,0.2003728888185807,0.060767080481935326,0.33432268890121714,Reject,1.122552978294713,0.06740042260993222,0.9725455168301771,1.4608768697108514,359.57909710420296,Reject,Reject,Reject,Reject,1.2112808105796242
0.6904367833664634,0.8306817208081426,0.19412641372937442,0.11905695897201413,0.3871630529619267,Reject,"Z1, Z2, Z4",1.0365839265962,0.9834944130108378,-0.05308951358536204,0.9328879141473702,1.2665577692240442,343.0335841155386,0.19412641372937442,0.06657316258681595,0.3186182729613013,Reject,0.9841438288377885,-0.052440097758411436,0.9668792366388022,1.4007108583942014,350.38070501014477,Reject,Reject,Reject,Reject,1.2666779759070557
0.5806159245920134,0.9569044524026988,0.23530232614140698,0.1062336554405865,0.40383759138902064,Reject,"Z1, Z2, Z4",1.1663990802630926,1.1779482489951503,0.011549168732057632,0.9851031676419556,1.5141222529468152,331.51802605989894,0.23530232614140698,0.09400693080420969,0.3881415200615327,Reject,1.1787250696020657,0.012325989338973154,1.0003885649739925,1.5807181716018974,347.72457771155274,Reject,Reject,Reject,Accept,1.015758144976887
0.6831011248856821,0.8264885813832417,0.18766746474006304,0.08792445916568836,0.32935205915016164,Reject,"Z1, Z2, Z4",1.0383156001917533,1.044748089458862,0.006432489267109028,0.9981544566055288,1.52037989183767,326.22326840270875,0.18766746474006304,0.06487699434439426,0.2984107161868895,Reject,1.0447559551732861,0.006440354981532975,0.9768668804519823,1.4268944092227793,338.15451051493704,Reject,Reject,Reject,Reject,1.61259004734357
0.7857660547420521,0.8760259802579097,0.22379079282975808,0.1011705260206484,0.37297894966829404,Reject,"Z1, Z2, Z4",1.1705829369533043,1.1160514113227302,-0.05453152563057408,1.0895746819386443,1.8280606220917461,361.06185307208335,0.22379079282975808,0.09893189798840439,0.35412169993384124,Reject,1.1162471027394525,-0.054335834213851776,0.9944315919422531,1.5081002344712455,362.47523447404683,Reject,Reject,Reject,Accept,0.6452958562938855
0.8047154388927223,0.7930757029869568,0.3098152860944121,0.1915700689163342,0.4404009751657315,Reject,"Z1, Z2, Z4",1.0725654489180068,1.0899865260980544,0.0174210771800477,0.9406273913350992,1.4311866728514313,369.5113588523423,0.3098152860944121,0.1908309523138666,0.4263514011547679,Reject,1.0884319603641537,0.015866511446147025,0.9835724490077731,1.5581917671178984,382.43364341943993,Reject,Reject,Reject,Reject,1.4944666474771857
0.6453564295015967,0.8588223056490983,0.271279056305608,0.19005305553556923,0.44717028440084267,Reject,"Z1, Z2, Z4",1.2143675758153618,1.1296456359315667,-0.08472193988379517,1.0045432406081736,1.5176759162778977,338.7687912419629,0.271279056305608,0.14466707370385457,0.4120603724373761,Reject,1.129209685621733,-0.08515789019362884,0.9714867537064373,1.4469988079423413,351.32373508856216,Reject,Reject,Reject,Accept,0.7806381049809168
0.7190331502641029,0.8454926029369679,0.20935381915822235,0.08928644862928467,0.3461205831816004,Reject,"Z1, Z2, Z4",1.0275302956087182,1.0102746317875737,-0.017255663821144414,0.8582907019453673,1.1887316434474071,334.0165635270385,0.20935381915822235,0.0779650935101561,0.33857965560872405,Reject,1.0113792877698797,-0.016151007838838546,0.8649121132186757,1.214959297341853,351.2030531173386,Reject,Reject,Reject,Accept,0.6854669518169019
0.5770116655162102,0.8199522587471383,0.3386297032512046,0.18730453292716448,0.41434534222833685,Reject,"Z1, Z2, Z4",1.4192884691786871,1.299878295042571,-0.11941017413611621,0.9246001105936597,1.3774140272504707,335.0867718549282,0.3386297032512046,0.22659888740509093,0.44934334735853726,Reject,1.300526240826115,-0.11876222835257222,0.9335771011533853,1.3785628386622222,347.69357263788635,Reject,Reject,Reject,Reject,1.2648360046346698
0.6232371561468827,0.8451127967436503,0.2786516042003652,0.1900900229097199,0.4326646338598018,Reject,"Z1, Z2, Z4",1.2898618920092106,1.2168704051355732,-0.07299148687363771,1.0337751740678214,1.7186838106770514,352.0082212719804,0.2786516042003652,0.16147094631141723,0.4032356046524111,Reject,1.2183653199586797,-0.0714965720505311,1.0189807105243842,1.6743823268000944,367.0744528776533,Reject,Reject,Reject,Reject,1.2116655083776298
0.736879029628014,0.8844677885455027,0.2150681313799663,0.1315394623119218,0.36841964324327164,Reject,"Z1, Z2, Z4",1.052892069599117,1.1530564521814473,0.10016438258233001,1.0722050323641845,1.762632746139205,348.13839139998277,0.2150681313799663,0.0978780228813836,0.3351394131958909,Reject,1.1526707163738625,0.09977864677474536,1.0786746844032284,1.7626764599823639,364.12975040212126,Reject,Reject,Reject,Accept,0.5165926628359608
0.5058258319735124,0.8595116848883675,0.2844801931271166,0.15937586948593202,0.40565923177453117,Reject,"Z1, Z2, Z4",1.3360772510490309,1.2175547161843376,-0.11852253486469344,0.9900788697918966,1.5787343756675958,306.373071740272,0.2844801931271166,0.15423904441534295,0.4073804059907394,Reject,1.2176663460346324,-0.11841090501439844,0.9419461518251857,1.4318509115834879,323.04072406628876,Reject,Reject,Reject,Reject,1.4581869132370695
0.6735499528805212,0.8341302781611376,0.305262198837722,0.18118839011836438,0.4434036632002396,Reject,"Z1, Z2, Z4",1.0801591638676458,1.2248104409943434,0.14465127712669756,1.0104319855273702,1.6066633458263553,361.1392139796601,0.305262198837722,0.18549801924238776,0.43526576023862473,Reject,1.2244821663789474,0.14432300251130142,1.0016176044591103,1.5678513194146186,376.03049301185604,Reject,Reject,Reject,Reject,1.5901053758096901
0.6218564534501111,0.8122848844759187,0.32187732050445894,0.2363078030469097,0.4584388977200806,Reject,"Z1, Z2, Z4",1.2150200452537308,1.1514298549508062,-0.06359019030292473,1.0252795642936114,1.6037360364674875,344.904801685392,0.32187732050445894,0.21180694617845305,0.43251569604673723,Reject,1.1527575812701591,-0.062262463983571784,1.0135802968630123,1.5449774490891708,352.66250689352256,Reject,Reject,Reject,Reject,1.2535772240545282
0.6613268517566359,0.8914594397725796,0.26958840477103707,0.13549731833026993,0.4086515742256635,Reject,"Z1, Z2, Z4",1.2072442023587386,1.0751744069053277,-0.13206979545341077,0.8886760801615653,1.311522711683667,336.4677118669155,0.26958840477103707,0.12029380630448977,0.40760624590572186,Reject,1.074671309969363,-0.13257289238937559,0.9609572818195975,1.5046275856127438,347.8545085339311,Reject,Reject,Reject,Accept,0.906000987605327
0.5661921265577792,0.8128403381571001,0.3260138739090824,0.18725449971266497,0.5200145539273403,Reject,"Z1, Z2, Z4",1.13317256816847,1.220926104091238,0.08775353592276808,1.0660579279137339,1.7503874843683915,355.58716085354325,0.3260138739090824,0.16885822722856758,0.4845142889991766,Reject,1.2196372908390425,0.08646472267057263,1.0158844179710271,1.5851621004557281,368.092457120563,Reject,Reject,Reject,Accept,0.6296662791506427
0.5517253806894122,0.8334250463365874,0.2599966699358745,0.16780210548430025,0.3921553652127771,Reject,"Z1, Z2, Z4",1.2970794840661939,1.2015157637034386,-0.0955637203627552,1.031042104375543,1.6318254819191167,331.05023737064295,0.2599966699358745,0.14384358569801722,0.37086962259579087,Reject,1.2015356133499684,-0.09554387071622555,1.0135662005703439,1.5626014720176549,347.3471685015385,Reject,Reject,Reject,Accept,0.8291116462558563
0.5479715876028101,0.8813117255008075,0.17300647820446902,0.07864882563133847,0.31998298126894115,Reject,"Z1, Z2, Z4",1.0767214578857167,1.1306948202342206,0.053973362348503785,1.0024117693524326,1.5840243382374264,306.94191433396753,0.17300647820446902,0.053785448528244954,0.288154143014666,Reject,1.1313312875255233,0.054609829639806526,0.9722375510833294,1.5035224432516467,321.4507852768532,Reject,Reject,Reject,Accept,0.8333730551071555
0.7236724112289079,0.8134454118898262,0.2983718910797752,0.18495299495885692,0.47086464986107396,Reject,"Z1, Z2, Z4",1.13154340816649,1.0632553734959573,-0.0682880346705324,1.0124614142486676,1.573212501264743,365.3013277092264,0.2983718910797752,0.1620251461515383,0.43022880678419334,Reject,1.0641404355269708,-0.06740297263951898,0.9878822617588742,1.4556196423031469,376.1210291658878,Reject,Reject,Reject,Accept,0.9360367373304587
0.4663389442104056,0.8590518191150258,0.41584424868237924,0.3146075836459368,0.5889588458846178,Reject,"Z1, Z2, Z4",0.9496624546539726,1.1037009914754201,0.15403853682144755,0.9516368557310089,1.351590126469063,342.82136459698256,0.41584424868237924,0.2947681960250154,0.5383213391640245,Reject,1.1039185818064248,0.1542561271524522,0.9520040726843483,1.362910954970263,340.15564687548624,Reject,Reject,Reject,Accept,0.8947812660529544
0.8516081735903375,0.8460506384204962,0.2423334628686655,0.1429069272504278,0.38726282776416854,Reject,"Z1, Z2, Z4",1.2056055793305647,1.3492207107173608,0.14361513138679613,1.0104632291245679,1.5405219466178972,362.4865747385039,0.2423334628686655,0.12439963088576914,0.3744178898263932,Reject,1.3480345476514466,0.1424289683208818,0.9760190595455337,1.4638824238885626,379.1796631099569,Reject,Reject,Reject,Reject,1.114737413099963
0.5698555813854173,0.7760358195841186,0.3810298188962649,0.28303224510891634,0.5959827442147234,Reject,"Z1, Z2, Z4",1.211562332936755,1.1102263379318864,-0.1013359950048686,0.8878323174526411,1.3825993817241011,371.11563494097595,0.3810298188962649,0.22903794614631484,0.5253636558748882,Reject,1.1101921381563824,-0.10137019478037256,0.9251110399277072,1.5095431446913536,381.78867013682463,Reject,Reject,Reject,Reject,1.238402476325931
0.48965190083847765,0.8635464478464426,0.2984709056705895,0.1605761079635288,0.4852952874845131,Reject,"Z1, Z2, Z4",1.0010650889003134,1.047408303065065,0.04634321416475163,1.106154461484162,1.8144394381678026,355.1835381795082,0.2984709056705895,0.14568135726155157,0.44851645373459625,Reject,1.0474621473666308,0.04639705846631748,1.053751502775448,1.6586922313125485,369.63501960563406,Reject,Reject,Reject,Accept,0.5307361548247147
0.6478451199035744,0.8370604048141901,0.36230277919043746,0.24213497990632912,0.4999205482482305,Reject,"Z1, Z2, Z4",1.0880486691033717,1.0629614654369413,-0.025087203666430438,1.0291542088508299,1.5947257858610961,356.8539977268246,0.36230277919043746,0.22889016324860534,0.49540900502588275,Reject,1.0628074144203938,-0.025241254682977908,0.9833216670593417,1.441990399370153,372.3904889160467,Reject,Reject,Reject,Reject,1.2846637570096344
0.6214447007974492,0.8012735100159777,0.2497449061218032,0.18303401355153062,0.39249745102059297,Reject,"Z1, Z2, Z4",1.1758568371739448,1.2356094826410056,0.05975264546706072,1.022362313521049,1.5691069372196604,331.8586993161054,0.2497449061218032,0.13973505264917566,0.3592381114799581,Reject,1.2360968977405806,0.060240060566635806,1.0313846509127986,1.5916091469445721,344.18151017196243,Reject,Reject,Reject,Accept,1.0818814591751162
0.5657005590723028,0.8454942010486124,0.21762464807576296,0.18110717546947683,0.42920538843239425,Reject,"Z1, Z2, Z4",1.0912711786219151,1.1974420781863777,0.10617089956446245,1.0002631351012021,1.5527931177877403,332.5314388596767,0.21762464807576296,0.10129908228106489,0.3416579091165966,Reject,1.1988162354916199,0.10754505686970463,1.0127305851115638,1.5463262090067633,334.75712580472447,Reject,Reject,Reject,Accept,0.7196881154327045
0.544154161370224,0.9009004515982645,0.20651947284012603,0.09460123949171782,0.3678303324684106,Reject,"Z1, Z2, Z4",1.179164537004356,1.1772484630381823,-0.001916073966173687,0.9349790272215127,1.4247096907967927,310.9468437757995,0.20651947284012603,0.07117307153707057,0.3364972668857542,Reject,1.1767300540999317,-0.0024344829044242755,0.8957750728527775,1.290787958266751,323.0456970500788,Reject,Reject,Reject,Accept,0.5768234395999654
0.6262573216341301,0.9250366821443439,0.2110424077849986,0.139044348004283,0.37286714562915946,Reject,"Z1, Z2, Z4",1.2866128545560136,1.209152811356183,-0.07746004319983066,0.9453758298748767,1.4568564501703964,319.603436497293,0.2110424077849986,0.09273857069686126,0.3296213788760838,Reject,1.209555221523038,-0.0770576330329754,0.9013551123163617,1.331171149756638,328.2450940308711,Reject,Reject,Reject,Accept,0.9013898750795457
0.5868820152207722,0.8393356543457434,0.3202160761608772,0.1903634474476908,0.44236750296598526,Reject,"Z1, Z2, Z4",0.9792815458410844,0.9609375977798362,-0.018343948061248064,0.9889720682818972,1.4338192727171448,334.04748226947373,0.3202160761608772,0.19852446629078402,0.451892709683071,Reject,0.9626789305556903,-0.016602615285394005,0.9881622511164875,1.4249274937535534,350.0374326516297,Reject,Reject,Reject,Accept,0.9061859219078784
0.6712761529324165,0.8249963992664016,0.38988692029089167,0.2939031565432244,0.5086839498221187,Reject,"Z1, Z2, Z4",1.1114294666805289,1.046390756849314,-0.065038709831215,0.9526526273994301,1.4403925011894734,362.499199155937,0.38988692029089167,0.2788940625819454,0.4916744512300549,Reject,1.0460729626411165,-0.06535650403941252,0.9858938491560978,1.517467558139181,366.85381548422276,Reject,Reject,Reject,Reject,1.3913887205796116
0.650925896675611,0.851001464098207,0.22188581227321738,0.12869939467354757,0.3703784148326463,Reject,"Z1, Z2, Z4",1.2717150988169135,1.2451698520835215,-0.026545246733392182,0.966950152143006,1.605768067850798,337.97936643268997,0.22188581227321738,0.09738102283291217,0.3380063650869537,Reject,1.2442401824537568,-0.02747491636315673,0.9380712214294756,1.5185661389901046,353.653162410901,Reject,Reject,Reject,Reject,1.2299771544016875
0.5931822022068103,0.8078151838773271,0.34634040005194827,0.20555752973599653,0.46814872633285387,Reject,"Z1, Z2, Z4",1.1107623850185873,1.1194448424378933,0.00868245741930597,1.0268115348385243,1.6203308386804403,344.46714437277745,0.34634040005194827,0.213203865589009,0.48222651598123717,Reject,1.1196095322727895,0.0088471472542022,0.9754813933436268,1.4987485394427495,362.23169185089336,Reject,Reject,Reject,Accept,0.7697998888735839
0.6795551753765957,0.8399139869317841,0.30674182281068013,0.19336847002911084,0.4234037112740387,Reject,"Z1, Z2, Z4",1.0789063525511948,1.1333287717830671,0.05442241923187248,0.9546100656200425,1.4373878500176438,349.6953746650354,0.30674182281068013,0.19108558886376614,0.42661956589345906,Reject,1.1347074160576798,0.055801063506484984,0.9383638815305189,1.4310906257467513,369.3012660372633,Reject,Reject,Reject,Accept,0.9014295743671263
0.5698064077758088,0.9043802912064557,0.2615763173346008,0.1570868474824519,0.4326372743834632,Reject,"Z1, Z2, Z4",1.1429454134696417,1.0530411464010732,-0.08990426706856859,0.9395872542101229,1.3406675653129059,326.2271605968434,0.2615763173346008,0.1205634719011155,0.3950661337470588,Reject,1.0531267122229186,-0.08981870124672311,0.9325941269498391,1.3217656610847157,336.7415243418463,Reject,Reject,Reject,Accept,0.9806137398850641
0.5977601596231087,0.7710387702714968,0.3197713996802237,0.2026877668619751,0.4665040630933122,Reject,"Z1, Z2, Z4",1.135793035853948,1.1954365223111445,0.059643486457196575,0.9435702021650211,1.4045397405871918,343.59857325077263,0.3197713996802237,0.18615712401495732,0.44737000731864757,Reject,1.1937069430961156,0.05791390724216754,0.9200132936502843,1.3620153174412555,360.2424752933133,Reject,Reject,Reject,Reject,1.2383476115179022
0.6285266770472859,0.8752259491066599,0.2034175286796596,0.09788597080978015,0.3370388127487231,Reject,"Z1, Z2, Z4",1.151773116487691,1.0927872609676699,-0.05898585552002116,0.9349719816539563,1.3309715871808978,309.92369864938144,0.2034175286796596,0.08692259751336201,0.31405591562019025,Reject,1.0926465777360643,-0.059126538751626656,0.9553918355951303,1.4498406885700013,312.26123859862645,Reject,Reject,Reject,Accept,0.6661342605538352
0.6135446293002956,0.9480901877976396,0.2424146069885135,0.08982228679818115,0.43391454951610847,Reject,"Z1, Z2, Z4",0.8259382339931931,0.7274185680411033,-0.09851966595208986,1.0459640579193983,1.7874980557902491,324.66901637617366,0.2424146069885135,0.0785493105689426,0.40215908683773705,Reject,0.727159804367263,-0.0987784296259301,0.9810871269413801,1.5689541854761069,340.7562518552371,Reject,Reject,Reject,Reject,1.1521443976708814
0.650516912498254,0.8780300597155162,0.20480461841977857,0.12436737383785465,0.38199399427129693,Reject,"Z1, Z2, Z4",0.9248666175511673,0.9617415744306695,0.03687495687950233,1.031262923110538,1.717478304763091,320.0545234835114,0.20480461841977857,0.08290960814595509,0.32792400785996123,Reject,0.961169310738895,0.03630269318772773,0.9600017538756326,1.4674688988376767,322.5980469782171,Reject,Reject,Reject,Reject,1.3485496937879333
0.7566240022870379,0.8767818667569596,0.17678088003281608,0.0794664612869933,0.340807841939192,Reject,"Z1, Z2, Z4",1.115363017477143,1.1014565746840652,-0.013906442793077487,1.089038995228541,1.736443611253762,343.6439022813092,0.17678088003281608,0.044780607195605934,0.3108635066830656,Reject,1.1012278688690917,-0.01413514860805105,1.025294716947997,1.5597321586795045,358.69005423640806,Reject,Reject,Reject,Accept,0.6298486113660328
0.7576532441637339,0.7951498262642653,0.3056884139817681,0.17189900055023147,0.4224939737276589,Reject,"Z1, Z2, Z4",1.0465637429357273,1.117350216990777,0.07078647405504973,0.9582664379925278,1.43383672554308,353.86836378499845,0.3056884139817681,0.18007652308974326,0.42342185392606313,Reject,1.1166346707608041,0.07007092782507683,0.9418381816805436,1.4460522188140608,362.9876232034989,Reject,Reject,Reject,Accept,0.6156915070323643
0.6344029806173751,0.8561716806108276,0.19502039830329398,0.059361738947951354,0.32142893898964514,Reject,"Z1, Z2, Z4",1.213874334423868,1.198190031221191,-0.015684303202677,1.0941519868457108,1.8025799805073768,323.34243863993356,0.19502039830329398,0.06863246523440769,0.3273864894288476,Reject,1.1980237690356554,-0.015850565388212556,1.0241708991525578,1.5743376739939423,338.5240740134841,Reject,Reject,Reject,Accept,0.9026815049282888
0.7564054096516396,0.8497505383284611,0.2376172387991904,0.08388454938568642,0.3587617129449613,Reject,"Z1, Z2, Z4",1.1422246679103207,1.17840989789746,0.036185229987139134,0.9633275020341379,1.4732825334453132,360.4402827887063,0.2376172387991904,0.09967254754126673,0.37512767886436954,Reject,1.1766794417158297,0.034454773805508904,0.9634186679627275,1.5003128722121666,377.7339487320361,Reject,Reject,Reject,Accept,0.6860498625327159
0.44662653934681323,0.8015317107449522,0.48397401022081654,0.3739817276961719,0.6108920362994374,Reject,"Z1, Z2, Z4",1.0806316351818734,1.0788329360554227,-0.0017986991264507984,0.9798235351844363,1.495864512963545,335.3383668500621,0.48397401022081654,0.3638303392788159,0.6011799402826555,Reject,1.0780090932366473,-0.002622541945226238,1.0201762656486624,1.616194289542644,348.27807504267986,Reject,Reject,Reject,Reject,1.430955962234866
0.865383450446236,0.896344901110383,0.12761616929405928,0.02652467687217721,0.24631698855936152,Reject,"Z1, Z2, Z4",1.1883031264272998,1.1154464705106182,-0.07285665591668172,0.9409064252503362,1.3691082126866418,328.67079179632816,0.12761616929405928,0.014008605725795938,0.2364337346361725,Reject,1.116199215353701,-0.07210391107359888,0.9675123185516037,1.4616470052068313,343.7777393967445,Reject,Reject,Reject,Accept,0.4624926841867341
0.6679109261949792,0.8466194626410843,0.25676671493518943,0.1404243900770722,0.3771246308027438,Reject,"Z1, Z2, Z4",1.2478582705404047,1.1880799576066252,-0.05977831293377922,1.040322308920416,1.8879644185357423,343.2530916312925,0.25676671493518943,0.13856316323821266,0.3795604893139818,Reject,1.1886639231577993,-0.05919434738260521,0.9495292899611179,1.613962843566174,357.7331398324324,Reject,Reject,Reject,Reject,1.4868615565226686
0.7353496128064115,0.8637348153333874,0.294788333265354,0.18275184064942637,0.46675497980295244,Reject,"Z1, Z2, Z4",1.044653200584664,1.1497026153361225,0.1050494147514586,0.994351071925691,1.619916583727536,372.91080602555667,0.294788333265354,0.15717830505938182,0.43601189650210703,Reject,1.1508888185934147,0.10623561800875089,0.986058162146085,1.6327872887197794,392.9058573448869,Reject,Reject,Reject,Accept,0.5267902735346023
0.5574010743744162,0.8146936415884465,0.26373202436504367,0.1826400351429892,0.45460393808350247,Reject,"Z1, Z2, Z4",0.9750277709091866,1.0819018787999897,0.10687410789080308,0.9053840646948186,1.3580093026322062,327.966607042047,0.26373202436504367,0.1276149915941089,0.3961149558790388,Reject,1.0822037293387365,0.1071759584295499,0.9402998844147881,1.4834716438127336,328.7345527262647,Reject,Reject,Reject,Accept,0.9513902949085996
0.6269879700281531,0.9027647956578938,0.35363898053547177,0.23951822443158916,0.5246799213657096,Reject,"Z1, Z2, Z4",0.985166912193811,1.0476878753316947,0.0625209631378837,0.9905078575334079,1.4734671513868212,361.52871191630834,0.35363898053547177,0.2012734040418406,0.4940938938585241,Reject,1.046941103705218,0.06177419151140711,1.0115463608882247,1.528121059377208,378.2193364036627,Reject,Reject,Reject,Reject,1.0890765645369556
0.6406810447574439,0.8851182611509627,0.26941955092380093,0.1638310371950432,0.4284936912487917,Reject,"Z1, Z2, Z4",0.9804606086811535,1.015192151448689,0.03473154276753544,0.9090950815518665,1.2825852706711687,341.17378502606743,0.26941955092380093,0.1463281132013017,0.3943695797350466,Reject,1.0153253233738433,0.034864714692689765,0.8891291509226996,1.2323912917840518,344.6288353540279,Reject,Reject,Reject,Reject,1.1583209000129047
0.5918031885495774,0.8950670706545517,0.3278551948224669,0.2320713647522461,0.49615401290707223,Reject,"Z1, Z2, Z4",1.0865214100085252,1.154810845787624,0.06828943577909889,1.032254792494831,1.7041824724687542,336.2977173312521,0.3278551948224669,0.20565382550119643,0.448945315536808,Reject,1.1532759448836936,0.06675453487516844,0.966117186248607,1.4397087699528361,330.67171792584253,Reject,Reject,Reject,Accept,0.3772249056492156
0.4144031838319457,0.7917001945949751,0.2819045133144523,0.18935124442028112,0.4613761031407573,Reject,"Z1, Z2, Z4",1.180983757900394,1.1845659170239666,0.003582159123572887,1.0190198044786738,1.6704660696608677,317.54368886505756,0.2819045133144523,0.14773330579604677,0.4176536439348032,Reject,1.1829918342156822,0.002008076315288414,1.0003737683146816,1.59476997299369,322.496207809552,Reject,Reject,Reject,Accept,0.48900502367575144
0.7954754694670736,0.8439174809785984,0.22422668559767645,0.20219495078752042,0.4831732419082927,Reject,"Z1, Z2, Z4",0.881763901151989,0.9323860427630899,0.05062214161110082,1.0618508431656948,1.7605031919170218,376.64617238773917,0.22422668559767645,0.07763572648028064,0.3624313803480366,Reject,0.9314274194839645,0.04966351833197547,0.9739754176728277,1.4227565610977326,377.07186455577073,Reject,Reject,Reject,Reject,1.1381485421794042
0.8202918249967392,0.81403280201096,0.2050773637907354,0.07624036672996222,0.3423895754905605,Reject,"Z1, Z2, Z4",1.21551979954575,1.2033474587678001,-0.012172340777949861,1.0238766137265944,1.6462778582354052,348.4579736939114,0.2050773637907354,0.07281020292661362,0.32864076852749236,Reject,1.2017804547140545,-0.013739344831695692,0.9692877555928292,1.4801295074587921,364.7582393682427,Reject,Reject,Reject,Accept,0.9978659988123414
0.6828121192006327,0.8760604763689399,0.2435431949544842,0.11319468262453747,0.3915451746773255,Reject,"Z1, Z2, Z4",1.0973270834969737,1.211502137212912,0.11417505371593845,1.0016893280353836,1.602022494936907,347.3428110098692,0.2435431949544842,0.11282423566172914,0.3707913988321007,Reject,1.2121771119212503,0.11485002842427673,0.968157589081272,1.4967691341716365,357.6574095264408,Reject,Reject,Reject,Accept,0.8774700358830935
0.881696056774619,0.9152789118801133,0.19231884780712397,0.10127546171708256,0.38225275844470097,Reject,"Z1, Z2, Z4",1.0385544262517576,0.9997412386256612,-0.0388131876260965,1.0827584371355952,1.6986543515334092,358.1431034154186,0.19231884780712397,0.05544852637953135,0.33414957616506036,Reject,0.99983244631414,-0.03872197993761764,1.0401727248334587,1.570558293965062,369.1604773467888,Reject,Reject,Reject,Accept,0.9271848562412967
0.8316780981556668,0.9674760246195301,0.12701172453936374,-0.00778931229754733,0.2621654782026375,Accept,"Z1, Z2, Z4",1.446100778866027,1.3387502576846348,-0.10735052118139209,0.9534727009296576,1.453463674240471,331.18355860957973,0.12701172453936374,-0.002715006612831035,0.26756214923093036,Accept,1.3378063883259204,-0.1082943905401064,0.8987132236108094,1.3273250356785342,348.1860593824879,Reject,Reject,Reject,Accept,0.8518616692444607
0.5395627407448312,0.8631678154064409,0.2585817324033037,0.2118028885233054,0.46564538768730446,Reject,"Z1, Z2, Z4",0.9855614953496874,0.9987921364506366,0.01323064110094922,0.917730965948359,1.3399640459276403,321.20578163093705,0.2585817324033037,0.12862855789378383,0.3880184697629405,Reject,0.9978408318755291,0.012279336525841674,0.9152125032485106,1.3670288269137043,333.41167378987535,Reject,Reject,Reject,Accept,0.9672854204799012
0.6290365520786695,0.8657976866565014,0.2655273851069901,0.14485900692183723,0.4278628669515508,Reject,"Z1, Z2, Z4",1.2521375727814452,1.2613842894512168,0.009246716669771627,0.9145883932780763,1.30338008936135,352.8853088610504,0.2655273851069901,0.128940296714606,0.40264413104586655,Reject,1.2614319972182724,0.009294424436827113,0.9280729795119267,1.2859502506531206,364.52623932662124,Reject,Reject,Reject,Reject,1.1947915122036867
0.4698497252868994,0.8163302294047527,0.44135774082635254,0.25869883380415126,0.5491763766321452,Reject,"Z1, Z2, Z4",1.131575555790512,1.175261789276379,0.043686233485866886,0.919232589308304,1.5052036664414263,350.73697047364374,0.44135774082635254,0.2945746101347406,0.5874550611214594,Reject,1.1750693968661592,0.04349384107564705,0.8935253084178434,1.419055830776233,371.42616997672144,Reject,Reject,Reject,Reject,1.1920149837409015
0.8257443296767785,0.9323966799158133,0.16411753673929388,0.023760711105110275,0.2903082426301655,Reject,"Z1, Z2, Z4",0.9946241519905372,1.155052992015803,0.1604288400252658,0.9667354564639559,1.401420147618763,341.3003318672919,0.16411753673929388,0.034811687050780075,0.2954046063001816,Reject,1.154918099096991,0.16029394710645378,0.9846199865409272,1.4767794986099008,356.74100235733016,Reject,Reject,Reject,Accept,0.2841979929051619
0.6213900353520443,0.8707078708929633,0.2940035813699892,0.15439731532445256,0.44882913780076267,Reject,"Z1, Z2, Z4",1.048280663006427,1.0450356734139894,-0.0032449895924376556,0.9981992653766931,1.64792962056304,337.24444417595817,0.2940035813699892,0.14506971710962846,0.4509881490249065,Reject,1.0452380828300274,-0.0030425801763995326,0.9577098912326375,1.524661385800463,356.67057868126295,Reject,Reject,Reject,Reject,1.0874285880187662
0.7395155865413953,0.8995057836508774,0.27150400672070496,0.16379837222325366,0.4334315053402056,Reject,"Z1, Z2, Z4",1.111224166921744,1.1250651975517778,0.01384103063003382,1.0632694362824087,1.775501183297379,349.00327811801685,0.27150400672070496,0.14393134333491978,0.40634249693894653,Reject,1.1266252807552974,0.01540111383355329,1.0585523505888228,1.7455444452464874,363.1637286265713,Reject,Reject,Reject,Accept,0.47667614309658485
0.7179958771837364,0.9878687919726891,0.11923432677827932,-0.01901860933621606,0.3169813145550583,Accept,"Z1, Z2, Z4",0.9579845310592798,1.0820705741200223,0.12408604306074243,0.9284043724497796,1.4165237305183496,333.5906035335019,0.11923432677827932,-0.044839877544140094,0.2747744572096001,Accept,1.0830968737953703,0.12511234273609056,0.9367797462127021,1.4233537326104715,352.4581615558582,Reject,Reject,Reject,Accept,0.7241993494819856
0.4921034838544783,0.7960810802571731,0.3257426093183129,0.20960766938404773,0.4784197261508243,Reject,"Z1, Z2, Z4",1.1237391668275052,1.0380121981308137,-0.08572696869669143,0.8274974131014219,1.157056534023337,332.0977679753716,0.3257426093183129,0.1813285376897273,0.4633860328051934,Reject,1.0382777215815797,-0.08546144524592533,0.8836199609540506,1.321552910735993,348.8334642573496,Reject,Reject,Reject,Reject,1.3491242113362718
0.6269267777844334,0.8305218074932695,0.30025649244161823,0.15448309832139592,0.4439541540370412,Reject,"Z1, Z2, Z4",1.1343732665437922,1.0642655636108926,-0.07010770293289958,0.9855281467170575,1.536473781415785,339.29192151077274,0.30025649244161823,0.1596666669182002,0.43754817471499785,Reject,1.0641952583019003,-0.07017800824189191,0.9526603324556853,1.4276777226004067,347.70161586710157,Reject,Reject,Reject,Reject,1.3821921491661608
0.7473864499959565,0.8754105582730045,0.26678094691074283,0.19413850834099872,0.4641260967367927,Reject,"Z1, Z2, Z4",1.223161143186448,1.2204142240789992,-0.002746919107448863,0.8998333024179603,1.3738396900518384,357.4560578328444,0.26678094691074283,0.12929669292913307,0.39331052270067335,Reject,1.2219502927097645,-0.001210850476683512,0.9740879356836623,1.5332572390387342,362.51890872566275,Reject,Reject,Reject,Accept,0.638438311111613
0.7495838128114464,0.8120712743662828,0.24867808139797926,0.14270079619689485,0.41434190559273043,Reject,"Z1, Z2, Z4",1.2395546645651692,1.2497011088633556,0.01014644429818659,1.055920094905559,1.6813709727845632,360.23226866535737,0.24867808139797926,0.11313491335874329,0.3819524146212851,Reject,1.2500336331341568,0.010478968568987695,1.053788731161015,1.6771084416492583,379.5834767893599,Reject,Reject,Reject,Reject,1.3151300124661636
0.6923058736509521,0.8542487970923607,0.2178193724196739,0.15753769867098089,0.3970730310401651,Reject,"Z1, Z2, Z4",1.142022361246344,1.1015576479654905,-0.04046471328085357,0.963354240485283,1.4046034820458513,350.6848932018979,0.2178193724196739,0.09641455864413004,0.333660328990359,Reject,1.1009187863330332,-0.04110357491331076,1.033331884826848,1.5989448350389932,363.95547947761,Reject,Reject,Reject,Accept,0.554362320802361
0.7690397441569502,0.8697046015538394,0.23298346654158608,0.12103686884663772,0.3775915710035373,Reject,"Z1, Z2, Z4",1.280008604030154,1.216424259858152,-0.06358434417200196,1.0002365472111068,1.6648746000322228,356.8352745524639,0.23298346654158608,0.11176681386510816,0.35780317915225546,Reject,1.21651522754955,-0.06349337648060373,0.9746945027517155,1.593463147353985,370.4199948731851,Reject,Reject,Reject,Reject,1.1817635423252137
0.6700203178976907,0.8392796015622284,0.24861006430537383,0.12597074453811918,0.3906416493201784,Reject,"Z1, Z2, Z4",1.4294778161959658,1.3303688896585961,-0.09910892653736984,1.0243058975007153,1.6128070523925617,355.57647614823327,0.24861006430537383,0.11994804353360355,0.38479841241381374,Reject,1.3295257914866019,-0.09995202470936404,0.9161065371243624,1.3166916910517972,364.29660309532966,Reject,Reject,Reject,Reject,1.2684449502078528
0.5050114365611785,0.81618957193389,0.3493724070387776,0.2939784868521563,0.5931699339860281,Reject,"Z1, Z2, Z4",1.445655960640737,1.353446231868995,-0.09220972877174186,1.173549821558194,2.1127391597958227,380.33101830116243,0.3493724070387776,0.19078671118952906,0.4959259161626209,Reject,1.35430632613859,-0.09134963450214718,1.0394162452556512,1.6524215354821077,381.3736611922143,Reject,Reject,Reject,Accept,1.0723509481846882
0.6821634371000462,0.8280203333498525,0.28818967795848005,0.13769161832703425,0.4249753462305141,Reject,"Z1, Z2, Z4",1.1186220393031536,1.249166724878573,0.1305446855754192,1.021011657982419,1.704164908850372,364.27539780953344,0.28818967795848005,0.1415730534454262,0.43212876799463473,Reject,1.24890878742786,0.13028674812470634,0.9668734544454722,1.51063088512571,376.5338609476275,Reject,Reject,Reject,Accept,0.2268531308515385
0.5331925888574433,0.8275842292609384,0.2939175425034527,0.23471361625820636,0.45981813589384457,Reject,"Z1, Z2, Z4",0.9564037301859473,0.9750750887597036,0.018671358573756375,0.9010445898942356,1.376583591940733,321.70152626300336,0.2939175425034527,0.1827501919158585,0.402043557150394,Reject,0.9737774480585211,0.01737371787257378,0.9234507324684519,1.448865932289961,324.36995294013064,Reject,Reject,Reject,Accept,0.3780538776465257
0.6358325160556781,0.8412683068511041,0.23566559479468163,0.15962906305855346,0.3911580785130583,Reject,"Z1, Z2, Z4",1.1582147244173726,1.1314081169672845,-0.026806607450088258,0.9229666551689121,1.3476434121256882,339.5290790713497,0.23566559479468163,0.11602450991284907,0.3569006081386385,Reject,1.1324286775234025,-0.025786046893970224,0.922749749917262,1.3762936388300617,351.60198167881515,Reject,Reject,Reject,Reject,1.2565298505806715
0.7359127783488236,0.83649323976741,0.20100328643287682,0.17473750267304972,0.4433493120286624,Reject,"Z1, Z2, Z4",1.0405370383127768,1.102221796402166,0.06168475808938935,0.9783981881844795,1.5779426205697595,350.55838322192307,0.20100328643287682,0.06733295113231041,0.3290568000296913,Reject,1.1024552968153762,0.06191825850259948,0.9520964821291114,1.4900494783124225,360.3821529238724,Reject,Reject,Reject,Reject,1.2789616969963826
0.5782545661696656,0.838616811175724,0.2594263922893873,0.15950092530922585,0.40004241303134613,Reject,"Z1, Z2, Z4",0.9933663647744627,0.9870816045875286,-0.006284760186934064,0.9148345402654945,1.3922990730497116,310.55813657674844,0.2594263922893873,0.14119243171498033,0.376651599954872,Reject,0.9879975926883613,-0.0053687720861013725,0.9216908223965102,1.4216683079072212,323.8354814839317,Reject,Reject,Reject,Accept,1.0060831077642602
0.6342098070915133,0.816264358432813,0.332795802539248,0.23562870826708948,0.48418086673347543,Reject,"Z1, Z2, Z4",1.2623767138419437,1.2097918387307525,-0.05258487511119126,0.9271681765728308,1.327155685644157,352.20041114641424,0.332795802539248,0.2010947378393256,0.4585388925599139,Reject,1.2087806014784432,-0.053596112363500495,0.9086684527685132,1.3170123010898647,360.6357332851751,Reject,Reject,Reject,Reject,1.0566757300428862
0.7406113295119808,0.9016521600641806,0.1528216385562279,0.0520581921579883,0.3116464381361304,Reject,"Z1, Z2, Z4",1.0147870600596576,1.121196955147571,0.10640989508791349,0.9973729146786009,1.597482240209698,336.03049819336314,0.1528216385562279,0.026388890438740868,0.28587406035088897,Reject,1.1217021051056706,0.10691504504601307,1.004982794346737,1.607289285321433,355.1368520311249,Reject,Reject,Reject,Accept,0.5347846742871969
0.5028175922414023,0.7969562115097081,0.2524514960995279,0.16059326864576534,0.4044017425264976,Reject,"Z1, Z2, Z4",1.421719170359331,1.2886132608151288,-0.13310590954420223,0.8998299597008971,1.2801710714607182,319.8962767141806,0.2524514960995279,0.14108039428507188,0.3654114749836622,Reject,1.2892267604241479,-0.13249240993518305,0.9292883093430923,1.3893040976460969,322.4087194609075,Reject,Reject,Reject,Reject,1.1449131340349732
0.7875666645009487,0.8815346835119308,0.2658532771538002,0.10925880598064255,0.4332339227636829,Reject,"Z1, Z2, Z4",1.0442974492465404,1.0419298451019572,-0.0023676041445831854,1.0582311846276928,1.6658117349729769,368.57140109784115,0.2658532771538002,0.1056414877426311,0.43124934533785186,Reject,1.0434547119257829,-8.427373207576379e-4,1.0968033909188886,1.7557744048932693,386.83685363604707,Reject,Reject,Reject,Accept,0.41086922202295106
0.7423429423677363,0.8653647915979158,0.14651539587415957,0.11167346960863839,0.34481449676493636,Reject,"Z1, Z2, Z4",1.155393963399243,1.0633130053638193,-0.09208095803542368,1.0703899095625535,1.7416962375373843,340.0871748472163,0.14651539587415957,0.024759539421157294,0.2639904869832302,Reject,1.0633826091343128,-0.09201135426493012,1.049661641263406,1.695508076606824,341.2396569595797,Reject,Reject,Reject,Accept,0.7949149074348161
0.5700517860228673,0.7986193625776291,0.3197295162793208,0.19933522981356305,0.4481941780664132,Reject,"Z1, Z2, Z4",1.090721220800448,1.0230102015879363,-0.06771101921251155,0.9587711505588618,1.4706965173076247,335.4292871392303,0.3197295162793208,0.20613363025657647,0.44335913330649646,Reject,1.0232558027361698,-0.0674654180642782,0.9374751402512629,1.4019614154180722,355.4005810836793,Reject,Reject,Reject,Reject,1.4268740126650308
1.0038062406240913,0.9283938510169121,0.1692220788564319,0.0600141743719404,0.29215864923086365,Reject,"Z1, Z2, Z4",1.185033276855651,1.1966174731239068,0.011584196268255657,0.9607114878567734,1.4298419440654677,362.3695745441171,0.1692220788564319,0.04894551899433173,0.28425658366674666,Reject,1.1949142871633862,0.009881010307735118,0.9634331554841341,1.457694085340113,378.8834880164229,Reject,Reject,Reject,Accept,0.7799939835046781
0.6236663337234195,0.8880624914153165,0.2810761682578494,0.15218798735579264,0.39835652187286025,Reject,"Z1, Z2, Z4",1.2374830168147817,1.134897765912746,-0.1025852509020356,0.96453030785768,1.3910949521607607,327.25554005956764,0.2810761682578494,0.153604085453971,0.4067734110611192,Reject,1.1350393298053212,-0.10244368700946055,1.0071681324534005,1.5263824024985924,336.8307572377499,Reject,Reject,Reject,Accept,0.9304232305495942
0.6543042544695751,0.8515817112750903,0.2601554998279164,0.1804457841483792,0.4552849234564517,Reject,"Z1, Z2, Z4",1.0484917024908993,1.037560959558415,-0.010930742932484222,0.9418117496821596,1.350090528038976,339.37291046314056,0.2601554998279164,0.11922182971872496,0.4014843836125859,Reject,1.0355142943470086,-0.012977408143890742,0.9840724985760572,1.4695782865063152,348.66651983487253,Reject,Reject,Reject,Reject,1.1962569024004972
0.8116636534374859,0.9336951867569955,0.17256666434345358,0.06372481042179742,0.35530811687703634,Reject,"Z1, Z2, Z4",1.1451860693579154,1.2180754919397285,0.07288942258181318,1.0016907088895002,1.5521299362596215,369.00170250544284,0.17256666434345358,0.02987655336743176,0.31377716487221724,Reject,1.217923275292277,0.07273720593436156,0.9433395414766763,1.4051504229590355,376.0538414024655,Reject,Reject,Reject,Accept,1.0007252977636998
0.6729405689452114,0.8242254346813238,0.24284301887213647,0.11479406210093243,0.36400877420180405,Reject,"Z1, Z2, Z4",0.9324759334631888,1.0404812895125333,0.10800535604934432,1.04299878402703,1.6219412070347445,335.8220167807833,0.24284301887213647,0.1180169883298962,0.37114379261925706,Reject,1.0423301683003303,0.10985423483714148,1.0284214541425976,1.582718745991975,356.05362730375833,Reject,Reject,Reject,Accept,0.6056446394392525
0.7289107974703698,0.9145359309329567,0.20337252790560145,0.12154232006447847,0.34767738217620964,Reject,"Z1, Z2, Z4",0.9973622008534342,1.024296406165847,0.026934205312412824,0.8650808393642114,1.2142070638085847,326.53234408747204,0.20337252790560145,0.08905603796001142,0.3128410705954434,Reject,1.0246266461002085,0.027264445246774387,0.9442955965977776,1.4304135398409783,334.2061597850179,Reject,Reject,Reject,Accept,0.623468802668895
0.6582025914383384,0.8580318178079231,0.2686011315727206,0.14274566365378805,0.40444121290422913,Reject,"Z1, Z2, Z4",1.1768959139482227,1.2187731525180228,0.04187723856979999,0.9610963351090277,1.401805230411625,348.302992049094,0.2686011315727206,0.13574854093233554,0.4004747378194805,Reject,1.2195847468903065,0.04268883294208374,1.0444930331926054,1.6309519536211285,355.0969996696899,Reject,Reject,Reject,Accept,0.5446023508955772
0.5254455840494417,0.8323585472330765,0.28370734901374534,0.20162837611814505,0.45712514817951583,Reject,"Z1, Z2, Z4",1.148180588647835,1.0922610135165485,-0.055919575131286266,0.9866245256233265,1.6255718018222043,337.5080440719732,0.28370734901374534,0.15298898642277112,0.4089606949212423,Reject,1.091796422434807,-0.05638416621302784,0.9577278081821384,1.524828722868991,346.4949228081489,Reject,Reject,Reject,Accept,0.956796683634247
0.6896102753507164,0.874876478938853,0.18780352224069968,0.11537464549235929,0.3602573234307425,Reject,"Z1, Z2, Z4",1.2524193448603411,1.1461121161225483,-0.10630722873779286,0.9868397403060163,1.5508215171188287,344.14779781653795,0.18780352224069968,0.06647712604371532,0.31458807226704777,Reject,1.147008448151007,-0.10541089670933403,0.9760303070378027,1.4842586961325268,357.3537238491828,Reject,Reject,Reject,Reject,1.1800908350644552
0.6010081360770722,0.7900989325593141,0.418490829478651,0.2799162401719757,0.5759635640152709,Reject,"Z1, Z2, Z4",0.8436399177704575,0.998580755598289,0.15494083782783138,1.0590460667334456,1.6756640600752695,363.03967369289893,0.418490829478651,0.27963366382281346,0.556280478913161,Reject,0.9983700911486247,0.15473017337816725,1.024019271176945,1.605546538932919,372.3751128120454,Reject,Reject,Reject,Reject,1.4719742450174742
0.6872341735010016,0.8809817981139525,0.22804581907733382,0.10015437858193163,0.38602795115178645,Reject,"Z1, Z2, Z4",1.2375409605947931,1.1916824060019342,-0.04585855459285904,0.9997448447458076,1.4793448551327233,338.4118577901076,0.22804581907733382,0.08189656079889104,0.3678601179355096,Reject,1.1910612585703075,-0.04647970202448546,0.9365746491185117,1.333412950966889,347.31331127774735,Reject,Reject,Reject,Accept,0.8324927827890622
0.5166208692778219,0.851478284048817,0.2450643709148531,0.17692315066508313,0.4412974926432401,Reject,"Z1, Z2, Z4",0.8336883632749102,0.8615756002385921,0.027887236963681866,0.9021074201890068,1.3043053601906909,320.67032451727465,0.2450643709148531,0.12083126852436385,0.3662816761910022,Reject,0.8625760103615778,0.028887647086667603,0.8543850861766797,1.1914742860617589,336.3524763285514,Reject,Reject,Reject,Accept,0.7768921505327102
0.4917300940926996,0.7926517868232644,0.302236618326353,0.16991137874804257,0.4525105587818343,Reject,"Z1, Z2, Z4",1.1972908580205184,1.0708846155880327,-0.1264062424324856,0.9997144159985665,1.5477769414357692,337.8806637823287,0.302236618326353,0.1711992886657333,0.4381115280790118,Reject,1.0711989946937772,-0.12609186332674122,0.9534697312663858,1.3935777564770768,353.89650824505617,Reject,Reject,Reject,Accept,0.994785104832129
0.7084077327978204,0.9592852359124683,0.17444102847410323,0.06887761743228593,0.32899890429127443,Reject,"Z1, Z2, Z4",1.2705066923558341,1.300345044053618,0.029838351697783885,0.9323171220625844,1.2870595440065389,325.6120332313922,0.17444102847410323,0.053546250947936844,0.30490020812626595,Reject,1.2998709351599598,0.029364242804125685,0.9223028598337449,1.2444566121367875,339.88433231091165,Reject,Reject,Reject,Reject,1.257183425439477
0.5457585327882738,0.8501171205990823,0.3142977773619838,0.2053995025963146,0.46894503712512026,Reject,"Z1, Z2, Z4",1.20966326233573,1.3157232618947592,0.10605999955902927,1.0063268039079163,1.528028118078096,343.76176598297633,0.3142977773619838,0.1874290087850749,0.4360602905159635,Reject,1.316498768032969,0.10683550569723901,1.0125560499499093,1.554742389378054,359.2431456509306,Reject,Reject,Reject,Accept,0.48847592586175476
0.4453268167943322,0.815990065245734,0.4247858393149491,0.28032766260310304,0.6192265543562381,Reject,"Z1, Z2, Z4",1.168822089537565,1.1186846108998296,-0.050137478637735204,1.0063326601083042,1.6248993016171394,354.87048816017466,0.4247858393149491,0.2516656739624268,0.5846643715243994,Reject,1.1168680478307216,-0.05195404170684333,0.9728506223984317,1.525965687782261,370.6061708187072,Reject,Reject,Reject,Reject,1.372372020268682
0.8774490742781859,0.8951251232341043,0.13152951277553998,0.01872896374895891,0.2624926604039756,Reject,"Z1, Z2, Z4",1.281964596733818,1.2898102249322498,0.007845628198431771,1.010260811664805,1.5736810951634284,348.2028793993686,0.13152951277553998,0.011134592110464213,0.2501701971905247,Reject,1.2907505504189096,0.008785953685091634,1.01024584258696,1.6076818168216067,365.87903851803964,Reject,Reject,Reject,Accept,0.8459812161415284
0.797412267449795,0.9709117543065177,0.2688854727204816,0.1763696137182834,0.4501738104211014,Reject,"Z1, Z2, Z4",0.7474724685752024,1.0201456885542364,0.27267321997903393,1.111891098729462,1.9199803315947899,345.9994995569749,0.2688854727204816,0.12491972693090234,0.400961148627704,Reject,1.019003225617252,0.27153075704204954,1.0492496317848763,1.713077108760253,351.5627715263752,Reject,Reject,Reject,Accept,0.5140757128626523
0.5389031354007444,0.7758225078219313,0.30920298155320736,0.19727875114664034,0.514995154403983,Reject,"Z1, Z2, Z4",1.3986328314100474,1.2704326802668584,-0.12820015114318908,1.0579377854280982,1.7500478216168889,368.74705542421225,0.30920298155320736,0.1449578777886522,0.4579189440022982,Reject,1.2711807957934054,-0.12745203561664206,0.9993401519391192,1.5314865527466568,376.89518327928005,Reject,Reject,Reject,Accept,0.5439274949714232
0.6229487780808484,0.8674595668344754,0.2962731589012438,0.18537795948494737,0.4447538941023088,Reject,"Z1, Z2, Z4",0.9458146985577836,1.1471070491658375,0.2012923506080541,0.9905966839839234,1.508760058785824,337.64118543111084,0.2962731589012438,0.15975913473286088,0.420309846989671,Reject,1.1451615846548246,0.19934688609704104,0.9977467049103486,1.5067626812454884,354.8654168064095,Reject,Reject,Reject,Reject,1.111048262465597
0.5677830121392397,0.8626651430544029,0.25572064695568186,0.1392128010075642,0.42436421931918633,Reject,"Z1, Z2, Z4",1.08604757320312,1.193223119474284,0.10717554627116406,0.9989007405725755,1.5288595769645943,349.922258379093,0.25572064695568186,0.10949528090361793,0.40336723646700895,Reject,1.193264202641941,0.10721662943882106,1.0196876898351948,1.5625010302739706,366.22262750182074,Reject,Reject,Reject,Reject,1.3243020825269216
