Beta_Trt,Beta_Risk,Beta_intx,Lower.CI,Upper.CI,rejection.Risk,SSVS_results,Prediction_Error,Beta_intx_Noise,Lower.CI_Noise,Upper.CI_Noise,rejection.Risk_Noise,Prediction_Error_Noise,rejection.interaction,rejection.SDIR,SDIR
0.261147590473243,0.806835719371416,0.289221267930307,0.11210853812447,0.603181936024855,Reject,"Gender, Age, ProgVar",1.86148906799065,0.289221267930307,0.0410900641085858,0.545149528559026,Reject,1.72942657517992,Reject,Reject,1.51925078536594
0.129879760248649,0.733790058262427,0.408228013422239,0.0862976676801089,0.742097409370037,Reject,"Age, ProgVar",1.20560601238844,0.408228013422239,0.126242616527901,0.659392634389926,Reject,1.30231186921992,Reject,Accept,0.819668163139678
0.436632641986013,0.842270467212018,0.248095272913543,0.0192547605984898,0.56516002935331,Reject,"Gender, Age, ProgVar",1.615550448757,0.248095272913543,-0.030395388616424,0.504628144965758,Accept,1.21786693530637,Reject,Accept,0.838404486142065
0.800451964044862,0.870559611955516,0.0937025012685529,-0.170107577298421,0.380303796691063,Accept,"Gender, Age, ProgVar",0.985527546166922,0.0937025012685529,-0.160399696656259,0.363508936219716,Accept,1.4075368245929,Reject,Accept,0.191372586993039
0.434855031733874,0.677838673468419,0.500960130297605,0.18456367807425,0.798634589122807,Reject,"Gender, Age, ProgVar",1.71371393850397,0.500960130297605,0.185981415604863,0.81651333479807,Reject,1.70595703389252,Reject,Reject,1.48938705386319
0.501233081096637,0.710133407182737,0.359853857206286,0.0611458211208206,0.669653921597235,Reject,"Gender, Age, ProgVar",1.28450897205441,0.359853857206286,0.0658722658269152,0.667584900728068,Reject,1.49877911168023,Reject,Accept,0.520876436413054
0.240585222630033,0.801062009399935,0.282460827423073,-0.0758319419616554,0.717612975349942,Accept,"Age, ProgVar",1.21887391702291,0.282460827423073,-0.0378695427072294,0.585218380474661,Accept,1.19131487373306,Reject,Accept,0.997477979892217
0.611910640526222,0.730938240226775,0.190492204684973,-0.0335078568060911,0.632985292689328,Accept,"Gender, Age, ProgVar",2.3138652430621,0.190492204684973,-0.10984000168468,0.488554160447121,Accept,1.8916206306864,Reject,Accept,1.17810885659789
1.06237054779148,0.960246779030957,0.168625622909549,-0.192262745140444,0.401286055076159,Accept,"Gender, Age, ProgVar",1.70628461207024,0.168625622909549,-0.120516192886527,0.466088731490447,Accept,1.50015691821507,Reject,Accept,0.897408541907407
0.382901534169772,0.761822155873489,0.347154888549495,-0.0441463503631303,0.84186323639914,Accept,"Age, ProgVar",1.31520867141453,0.347154888549495,0.00245751715487572,0.674897500252089,Reject,1.23147335326923,Reject,Reject,1.09651645015307
0.572572972373207,0.947442002289753,0.175768834016789,-0.0404087120592591,0.461714039357127,Accept,"Gender, Age, ProgVar",1.27359260569054,0.175768834016789,-0.0619914161386777,0.422447187217013,Accept,1.3252839771784,Reject,Accept,0.946165183204819
0.291964912686601,0.614949885092419,0.553220724197425,0.140341026684799,0.877842007804064,Reject,"Gender, Age, ProgVar",1.36579846318245,0.553220724197425,0.177370256999551,0.926080684323359,Reject,1.39755447126523,Reject,Reject,1.12445240260793
0.514929627142229,0.866621587046244,0.227265733985692,0.00749163353617127,0.466955321684089,Reject,"Gender, Age, ProgVar",1.62477992376562,0.227265733985692,0.011733326993476,0.444823665715102,Reject,1.57170533483499,Reject,Accept,0.965530734204242
0.392402848778068,0.796433783320777,0.409990232584298,0.122497260442534,0.703384574957577,Reject,"Gender, Age, ProgVar",1.95741739970221,0.409990232584298,0.136500564899249,0.682625717473797,Reject,1.98242026435655,Reject,Accept,1.25260919348902
0.994842568297168,1.23948196786662,0.144404562258909,-0.587200772970831,0.650199096387071,Accept,"Age, ProgVar",2.13174482152072,0.144404562258909,-0.376450446132787,0.708530907024536,Accept,1.71105084999125,Reject,Accept,0.560392398907941
0.922658977418728,0.888464044389761,0.131167868900116,-0.0530703139194608,0.424203860299601,Accept,"Gender, Age, ProgVar",1.99575499819294,0.131167868900116,-0.113198090956217,0.364203635580782,Accept,1.84691451158858,Reject,Accept,0.662524214347542
1.41061426559533,1.09451448716258,-0.0673447623623582,-0.352193122036178,0.107591444276023,Accept,"Age, ProgVar",1.30773066810411,-0.0673447623623582,-0.290432360652083,0.146769474257824,Accept,1.33782855712499,Accept,Accept,0.89472626487242
0.421794048832992,0.925800472000403,0.249173197224947,-0.251837381106745,0.630686711004016,Accept,"Age, ProgVar",1.59227326768846,0.249173197224947,-0.0901750210245983,0.578081156095691,Accept,1.28271882516865,Reject,Reject,1.36760267682688
0.0775804726610749,0.772995967578462,0.523433279996118,0.19396225485107,0.952189008626783,Reject,"Gender, Age, ProgVar",1.51142289996496,0.523433279996118,0.188923551018296,0.855359594156453,Reject,1.39490535074775,Reject,Accept,1.04107368261546
0.60739297948068,0.963924085934761,-0.0345905228136795,-0.331850754660011,0.333812384019354,Accept,"Gender, Age, Outcome_BL, ProgVar",1.23091248567479,-0.0345905228136795,-0.362939296556092,0.281022412755544,Accept,1.19982905510906,Reject,Accept,0.962458953496742
0.08269409717812,0.636135958106948,0.402839762880439,0.194494276370687,0.914041324594131,Reject,"Age, ProgVar",1.56667281658839,0.402839762880439,0.118754330528827,0.68332076163764,Reject,1.26654187976371,Reject,Accept,0.51426448506286
0.164145305587763,0.737380753424138,0.371016894283553,0.174053931298487,0.718467003439056,Reject,"Gender, Age, ProgVar",1.9304956332594,0.371016894283553,0.111436641981448,0.619970489698644,Reject,1.45221587382536,Reject,Reject,1.66104310314751
0.553925068745243,0.781453568824106,0.252139297688849,0.0236002867732222,0.55621801856956,Reject,"Gender, Age, ProgVar",1.59727174818844,0.252139297688849,-0.0360181861535003,0.538741715773789,Accept,1.58506047109529,Reject,Accept,0.914022950565488
0.307918364612628,0.816275037009828,0.326528445582388,0.00184442028692045,0.663844491437959,Reject,"Gender, Age, ProgVar",1.23701620290898,0.326528445582388,-0.0170947460996979,0.636063750852896,Accept,1.20715971074679,Reject,Accept,1.17132759553881
0.463784455349527,0.902294245658605,0.261509464790543,-0.215946070027259,0.490852353212556,Accept,"Age, ProgVar",1.33124094070873,0.261509464790543,-0.054572788666423,0.57663764782176,Accept,1.31605320150059,Reject,Accept,0.909840079918869
0.257865535268935,0.885050030409422,0.137387445601315,-0.0609889643034062,0.641729050362664,Accept,"Age, ProgVar",1.17659551336572,0.137387445601315,-0.212016516098568,0.447425819408246,Accept,1.16599731678663,Reject,Accept,0.728539120285651
0.498025910107563,0.819712122946863,0.390388559038526,-0.117485548577592,0.632644917407937,Accept,"Age, ProgVar",1.38648732657678,0.390388559038526,0.0937387708318757,0.656404603271666,Reject,1.26991155957169,Reject,Accept,0.923600125824171
0.740061462100451,0.792380653154661,0.240948806616965,-0.0858716331013895,0.686670333159854,Accept,"Age, ProgVar",1.01639968954995,0.240948806616965,-0.00280826053411562,0.498523420525561,Accept,1.40749148763772,Reject,Reject,1.19786401059447
0.403715379997345,0.80299372309483,0.356880896067292,0.0953757708247408,0.688389633632549,Reject,"Age, ProgVar",1.46074255056514,0.356880896067292,0.144657666096194,0.581581310211168,Reject,1.38412352750608,Reject,Accept,0.940239401237431
0.839862135268902,0.859051584895432,0.222726296219377,-0.0849005706500841,0.525657117836711,Accept,"Gender, Age, ProgVar",1.05006526959772,0.222726296219377,-0.066479295722784,0.513646283286017,Accept,1.46117874349479,Reject,Accept,0.777162695902553
0.483511511520825,0.883311815045124,0.295731035227119,0.0636975878437238,0.567710290825104,Reject,"Gender, Age, ProgVar",1.62265687501576,0.295731035227119,0.0348782052288079,0.534431442315824,Reject,1.56091466903015,Reject,Accept,0.912359501521869
0.471852607753456,0.906232920347224,0.239345150576097,0.0734422787776587,0.650507049791851,Reject,"Gender, Age, ProgVar",1.14545169448308,0.239345150576097,-0.0277244214281669,0.521076986524191,Accept,1.22601809768726,Reject,Accept,0.768855101848999
0.581032810918303,0.954773819259706,0.160120629042353,-0.148415481940326,0.491433479647082,Accept,"Gender, Age, ProgVar",1.27239651505588,0.160120629042353,-0.130775633540393,0.452173466222124,Accept,1.31783059802028,Reject,Accept,0.483242511571133
0.687203870037741,0.878073129403937,0.384046807771749,-0.0210457725557691,0.651423477280604,Accept,"Gender, Age, ProgVar",1.74052087263337,0.384046807771749,0.0692224997900869,0.721531069298923,Reject,1.7296483833279,Reject,Accept,0.689543359907867
0.214799434638964,0.794919600129056,0.339199883595807,0.0399920680440443,0.626794549468584,Reject,"Gender, Age, ProgVar",1.37307476758663,0.339199883595807,0.050831432186361,0.621559103409967,Reject,1.37319266066652,Reject,Accept,0.539761229858858
0.657016255350315,0.975511647280022,0.142129007251244,-0.218230473408326,0.393380994610448,Accept,"Gender, Age, ProgVar",1.87765000963846,0.142129007251244,-0.156182908583696,0.441207624990685,Accept,1.73382654860031,Reject,Accept,0.596850620145554
0.433835421052144,0.814694748744129,0.245377104544926,-0.011067844910631,0.559340522426054,Accept,"Gender, Age, ProgVar",1.46728293510717,0.245377104544926,-0.0374958630438526,0.521469551092313,Accept,1.54730388484802,Reject,Reject,1.43309002687858
0.636088733937286,0.783246933423099,0.198194425493771,-0.0578244304226437,0.473711244750594,Accept,"Gender, Age, ProgVar",1.71858560584627,0.198194425493771,-0.0638385311763228,0.448404913119499,Accept,1.68964750796189,Reject,Accept,0.464137880132872
0.254137911672604,0.820795110985449,0.335608359564619,0.0539680039568499,0.944098220256772,Reject,"Age, ProgVar",1.81398087922036,0.335608359564619,-0.0757121790073406,0.742154859188431,Accept,1.63614871876802,Reject,Accept,0.934163266981633
0.341057184339828,0.77680630314837,0.341991823762191,0.125762875502623,0.649423135244449,Reject,"Gender, Age, ProgVar",1.16772334038227,0.341991823762191,0.0811381962587734,0.603791670803671,Reject,1.39702373415813,Reject,Accept,0.948162197326237
0.304679172210583,0.914930990750548,0.371335051877094,0.0681321236481619,0.949561985322645,Reject,"Age, ProgVar",1.32328301744699,0.371335051877094,0.00192345858475468,0.709226550385909,Reject,1.28142905255772,Reject,Accept,0.734109223791212
0.67365359115567,0.816864066011558,0.206083725673791,-0.0207127655835097,0.616219735509816,Accept,"Gender, Age, ProgVar",1.22224367721116,0.206083725673791,-0.0869327817862655,0.476383358575205,Accept,1.27955417459583,Reject,Accept,0.507298503440546
0.562045774913136,0.858322342025108,0.292431141326914,0.0664464827514244,0.516854582361153,Reject,"Gender, Age, ProgVar",1.35989245447246,0.292431141326914,0.0535101348104244,0.527361697982329,Reject,1.50445318376466,Reject,Reject,1.57565995421876
0.599288825358349,0.894293320013858,0.214013009893946,-0.108792429066185,0.531046053812095,Accept,"Gender, Age, ProgVar",1.74457013219413,0.214013009893946,-0.0984326459711789,0.524797101654004,Accept,1.53483172526718,Reject,Accept,0.526254622050541
0.990635969967992,0.775031882033055,0.133023702890974,-0.149125715004044,0.385872130781991,Accept,"Gender, Age, ProgVar",1.77416386916555,0.133023702890974,-0.126258773507859,0.396893295413632,Accept,2.04068246582583,Accept,Accept,0.664394905501987
0.3237616617987,0.717293604608641,0.282018769880432,0.0443666208229211,0.626097984900287,Reject,"Gender, Age, ProgVar",1.24432177180017,0.282018769880432,0.0115653331507198,0.552538952027824,Reject,1.37981860928334,Reject,Accept,0.474017450794992
0.582286268719816,0.826328092916891,0.396371192698177,0.0806818439215466,0.664011792632094,Reject,"Gender, Age, ProgVar",1.6134294350182,0.396371192698177,0.109274231104459,0.667766592420979,Reject,1.80315036166425,Reject,Accept,0.869286611167836
-0.00942717470183188,0.710449954983439,0.531071371088417,0.301512005039141,0.891126135103569,Reject,"Gender, Age, ProgVar",1.56492455931076,0.531071371088417,0.283693183258289,0.787178457790107,Reject,1.15351652279968,Reject,Accept,1.27283159361889
1.02055221228092,0.91380959693471,0.225258516404177,-0.106584870638036,0.619970918218207,Accept,"Gender, Age, ProgVar",1.60267702393312,0.225258516404177,-0.119209295858893,0.572376903798826,Accept,1.63752924335374,Accept,Reject,1.29008663168407
0.3989624335828,0.885106057440789,0.126597302543948,0.0395616609039326,0.564095186696099,Reject,"Gender, Age, ProgVar",0.98592138136748,0.126597302543948,-0.136519038483641,0.394547839609522,Accept,1.28665124870836,Reject,Accept,0.905335587112134
0.539099011084521,0.756986144453613,0.247762568459741,0.00233320162094863,0.554086361929078,Reject,"Gender, Age, ProgVar",1.41403677647615,0.247762568459741,-0.0228505292009439,0.516650177518884,Accept,1.43384961769432,Reject,Reject,1.19243602316415
0.279950720598331,0.681180565710961,0.441314878717611,0.189771756558432,0.911049792314502,Reject,"Age, ProgVar",1.56813489371759,0.441314878717611,0.110504130089924,0.743038756118941,Reject,1.5671220827077,Reject,Accept,0.452633843383665
0.395576155484225,0.730503440513815,0.469313957462728,-0.0376983212356242,0.839566372241921,Accept,"Age, ProgVar",1.51598106445564,0.469313957462728,0.0680514798586379,0.826819341566986,Reject,1.32926213801562,Reject,Accept,0.786385961886162
-0.3124873759524,0.664276231118891,0.64390615434166,0.397138162153656,1.328495941772,Reject,"Age, ProgVar",2.06092912864608,0.64390615434166,0.283413371173488,1.01949497842893,Reject,1.50784808896703,Reject,Accept,1.07586070069743
0.56257373815483,0.98096210834233,0.146439299902316,-0.13101230456988,0.601845907078422,Accept,"Gender, Age, ProgVar",1.28409159692668,0.146439299902316,-0.254762416128955,0.507160512451846,Accept,1.41665286943101,Reject,Accept,0.374099447431652
0.460537998550688,0.839063629924464,0.187110271917713,-0.09684771173639,0.485984272557346,Accept,"Gender, Age, ProgVar",1.37053413353418,0.187110271917713,-0.114846873228224,0.464365381156613,Accept,1.23625663098552,Reject,Accept,1.23192296225588
0.529162065546941,0.749081586116922,0.0820893195465055,0.0707728993595094,0.675130134489269,Reject,"Age, ProgVar",1.26051643370307,0.0820893195465055,-0.216736865572769,0.364642685264789,Accept,1.37472565211252,Reject,Reject,1.16323978349699
0.285885329136099,0.857715328240692,0.475964005085263,0.102071311111409,0.901063175353279,Reject,"Gender, Age, ProgVar",1.62871378883676,0.475964005085263,0.0706359898451006,0.854605218690415,Reject,1.71122585141214,Reject,Accept,0.377652633706194
1.03640390544482,0.94323623689866,0.0230489203393956,-0.140289719043943,0.338151700688814,Accept,"Gender, Age, ProgVar",1.27875370419661,0.0230489203393956,-0.199012673615262,0.255207532613685,Accept,1.3724271521922,Reject,Accept,0.344903106313536
0.371626419658682,0.841791414685853,0.42387972307289,0.186455056918585,0.745272681212942,Reject,"Gender, Age, ProgVar",1.49149577759299,0.42387972307289,0.171390356362791,0.671374311580646,Reject,1.49340080291744,Reject,Accept,1.06057238687366
0.731278386481304,0.952438839811601,0.129894985832313,-0.234497313068214,0.43367885474702,Accept,"Age, ProgVar",1.4609222987161,0.129894985832313,-0.13524026949994,0.413877745241342,Accept,1.31859362260395,Reject,Accept,1.262749392511
0.688120256702913,0.904827891236301,0.1870861557272,-0.161270194893243,0.476455019699991,Accept,"Age, ProgVar",1.80470869844444,0.1870861557272,-0.0487267225742382,0.444972878875308,Accept,1.67256053473865,Reject,Accept,0.324476061675358
N/A,N/A,N/A,N/A,N/A,N/A,N/A,N/A,N/A,N/A,N/A,N/A,N/A,N/A,N/A,N/A
-0.143636841285238,0.717961398661528,0.441325628020083,0.385505542002377,0.852334547769083,Reject,"Gender, Age, ProgVar",1.28264193472951,0.441325628020083,0.179337916434168,0.676970635999498,Reject,1.58206205594785,Reject,Accept,1.13975540349567
0.699386281046988,0.809361403567602,0.183846812328056,-0.101564524873935,0.389065079350202,Accept,"Gender, Age, ProgVar",1.15901739859131,0.183846812328056,-0.037980404334985,0.419704532665152,Accept,1.20670763260963,Accept,Accept,0.998263226225273
0.232458029152045,0.807937662958418,0.351008039278693,0.0797741109656754,0.556719800425404,Reject,"Gender, Age, ProgVar",1.10816574659969,0.351008039278693,0.126083939155265,0.591403869887887,Reject,1.36913107063806,Reject,Accept,0.668096284059644
0.0659837557721808,0.719814198242432,0.466734791634087,0.28137949053108,0.776149625422766,Reject,"Gender, Age, ProgVar",1.98312746324332,0.466734791634087,0.208910042253737,0.727989443950047,Reject,1.89539789210858,Reject,Accept,1.29100338124528
0.242923290586828,0.616815816950626,0.481124523119715,0.155604757245882,0.857502875772526,Reject,"Age, ProgVar",1.34405216630972,0.481124523119715,0.190849957981526,0.75382659823947,Reject,1.68425060556551,Reject,Reject,1.47587299499489
0.196651648156586,0.83434518517946,0.258275921326411,0.0869053427283268,0.649552264992879,Reject,"Gender, Age, ProgVar",1.38228290567939,0.258275921326411,-0.055128201356,0.556432352926182,Accept,1.60487808928019,Reject,Accept,0.896309555002745
0.825253026606298,0.833002331787941,0.169760677428419,-0.0789312113434347,0.385175564363343,Accept,"Gender, Age, ProgVar",1.63684646106732,0.169760677428419,-0.0513347558110593,0.393409999236398,Accept,1.62296362941524,Reject,Accept,1.31019504554206
0.550321263402495,0.910892328802735,0.0357687934550134,-0.10221989838748,0.456802847143918,Accept,"Gender, Age, ProgVar",2.14288317523277,0.0357687934550134,-0.251422462995183,0.298258407036356,Accept,1.91573219406413,Accept,Accept,1.35179426009927
0.330631372754413,0.777722353734103,0.380678398544975,-0.0422134381706143,0.731022846982911,Accept,"Age, ProgVar",1.63987387918673,0.380678398544975,0.0172381657206025,0.7053124782103,Reject,1.48821372228901,Reject,Accept,0.928344408165221
0.628747692151483,0.895883556865879,0.222334943791524,-0.00140624547173883,0.558653206812557,Accept,"Gender, Age, ProgVar",1.66009192378899,0.222334943791524,-0.0516728765013266,0.492050721559717,Accept,1.47785221323973,Reject,Accept,0.55427664618995
0.443054423169435,0.717989135199568,0.365886608742523,-0.0240787418725096,0.725008591900119,Accept,"Gender, Age, ProgVar",1.19812281126142,0.365886608742523,0.00374744098646234,0.73884139930108,Reject,1.33539646465122,Reject,Reject,1.14641590877161
N/A,N/A,N/A,N/A,N/A,N/A,N/A,N/A,N/A,N/A,N/A,N/A,N/A,N/A,N/A,N/A
0.600025214060995,0.932552639008793,0.139714729289705,-0.21605544111475,0.506471887627432,Accept,"Age, ProgVar",1.46926210381581,0.139714729289705,-0.17578885674307,0.454309046644144,Accept,1.40625378536394,Reject,Reject,1.67265191504964
0.711254594736829,0.939906910129009,0.0605448420649381,-0.20705905518161,0.40002183260724,Accept,"Gender, Age, ProgVar",1.0482375129259,0.0605448420649381,-0.228971265771483,0.366707614769271,Accept,1.47453796588988,Reject,Accept,1.16947217058338
0.350037540686497,0.891960881253238,0.263313006527736,-0.0659401908392859,0.518681440009601,Accept,"Gender, Age, ProgVar",1.4794445956295,0.263313006527736,-0.0280205752128834,0.551419259800102,Accept,1.46793408703424,Accept,Reject,1.4083199508319
-0.00777086682240622,0.858677720571603,0.468400716801781,0.30715792545008,1.15624475760148,Reject,"Age, ProgVar",1.72956279418521,0.468400716801781,0.163191242250244,0.767124642346097,Reject,1.6141185089813,Reject,Accept,0.98192992177745
0.758456561185584,0.761786275091777,0.0780308877599741,-0.0858376997050788,0.458845673671433,Accept,"Gender, Age, ProgVar",1.54553225459252,0.0780308877599741,-0.206639157888019,0.330572906195711,Accept,1.25118183154463,Reject,Accept,1.11109481776937
0.946090477305199,1.02519352120823,0.0306824161832975,-0.333227540533313,0.247026878821123,Accept,"Age, ProgVar",1.30326507893364,0.0306824161832975,-0.226563437647614,0.283808515172219,Accept,1.35976779063183,Accept,Accept,0.688951527753428
0.5824585118002,0.820783404465585,0.236543839481673,-0.0490701498655921,0.486664690972718,Accept,"Gender, Age, ProgVar",1.32512644377623,0.236543839481673,-0.0323006248273454,0.492072070464501,Accept,1.08586234784781,Reject,Accept,0.577994400848182
0.480167321264917,0.675464311857761,0.334252601288022,0.100853361024435,0.618150282199683,Reject,"Gender, Age, ProgVar",1.82878713739049,0.334252601288022,0.0621116866324656,0.612321206033201,Reject,1.67743079592116,Reject,Accept,0.609072197021248
0.828682380595754,0.860236209139931,0.293761280993622,-0.108514556018726,0.669288945908192,Accept,"Age, ProgVar",1.73818368070723,0.293761280993622,-0.0406135548856099,0.630382455454608,Accept,1.71411913729182,Reject,Accept,0.174987260047864
0.594607806763044,0.981018243148107,0.0417608879727469,-0.303870244637188,0.572938954061246,Accept,"Age, ProgVar",1.39139691684994,0.0417608879727469,-0.37483558518275,0.453141474883276,Accept,1.27492856896357,Reject,Reject,1.19118025724299
-0.144120997548846,0.736707889521172,0.409676611848585,0.25846212893942,1.02665237249748,Reject,"Age, ProgVar",1.63089603995463,0.409676611848585,0.0276509983019516,0.778856393263592,Reject,1.63093193353876,Reject,Reject,1.50963958810342
0.529122050345089,0.874662817461043,0.382860049616805,0.0468228488103943,0.645426317470871,Reject,"Gender, Age, ProgVar",1.46888594564654,0.382860049616805,0.0628093624996103,0.692399952691743,Reject,1.29365728408384,Reject,Accept,0.671149759774753
-0.22538128988793,0.549971106306102,0.569884783311472,0.275847347156879,1.05654491603155,Reject,"Age, ProgVar, X2",2.31710581174533,0.569884783311472,0.24219205638495,0.8885822931395,Reject,1.81247785634874,Reject,Accept,0.987014863381124
0.664510184916039,0.87816065934741,0.294388784830427,-0.139083242914261,0.58596667572189,Accept,"Gender, Age, ProgVar",2.08035567152028,0.294388784830427,-0.0862038739388819,0.650220507673533,Accept,1.94865548012716,Reject,Accept,0.732407739703553
0.545835727534114,0.913566730135089,0.390627500096674,-0.268696187931529,0.778656026990076,Accept,"Age, ProgVar",2.18294305362803,0.390627500096674,-0.0214937573245975,0.772483393143262,Accept,1.49707589030438,Reject,Accept,0.522619807827363
0.715526446688863,0.9460281551199,0.139284654612419,-0.199352697237694,0.432398139817563,Accept,"Age, ProgVar",1.18976181285102,0.139284654612419,-0.109658611657189,0.418203277310039,Accept,1.40625083802615,Reject,Accept,0.779345088458572
0.946172807445105,1.0042203563734,0.0712338142752226,-0.129960415862458,0.366611303506153,Accept,"Gender, Age, ProgVar",1.4489549619541,0.0712338142752226,-0.177533994381451,0.348304510482491,Accept,1.63494583994799,Reject,Reject,1.50978649375932
0.390241982936222,0.788739744711133,0.139187159538515,-0.0472290178180781,0.482183617763762,Accept,"Gender, Age, ProgVar",2.35770076092297,0.139187159538515,-0.118031768693478,0.379793820517532,Accept,1.86495668071994,Reject,Accept,1.21604016899609
0.824118310136144,0.958911916950366,0.165779576398053,-0.142660697773688,0.471675342565017,Accept,"Gender, Age, ProgVar",1.54315844251616,0.165779576398053,-0.131356028339855,0.442994669415336,Accept,1.32793094189388,Reject,Accept,0.562190053820133
0.128393073573253,0.865642808819212,0.257091113088163,-0.0488743960934388,0.7036060427047,Accept,"Gender, Age, ProgVar",1.21828080972054,0.257091113088163,-0.14037671617935,0.635755343831281,Accept,1.36264076541805,Reject,Accept,0.98917804467002
0.423630484303842,0.790700052100416,0.29121860581414,0.160899183639336,0.698265782662097,Reject,"Age, ProgVar",1.70236940152978,0.29121860581414,0.0381960041388692,0.529441025768272,Reject,1.60443949514825,Reject,Accept,1.16235490214468
0.652217576283549,0.717270787615617,0.331585879314468,0.139170799028573,0.635443089567602,Reject,"Gender, Age, ProgVar",1.78673376642623,0.331585879314468,0.0825914081895174,0.589818268416517,Reject,2.01224952521239,Reject,Accept,1.00974192294423
0.661674891764356,0.888259847809332,0.26505436550786,-0.0295753422730576,0.444482090402894,Accept,"Gender, Age, ProgVar",1.41321288459858,0.26505436550786,0.0214908390444888,0.525195296260302,Reject,1.34191661616672,Reject,Accept,0.862329157640115
0.950912671644822,0.874244257331226,0.0781763700318412,-0.232462998869353,0.425011795288708,Accept,"Gender, Age, ProgVar",2.43324899717149,0.0781763700318412,-0.281868015758664,0.420531247070599,Accept,2.14994676438872,Reject,Reject,1.47306302543002
0.464426168607177,0.770628629559286,0.211455365511052,-0.0192092484990515,0.566428131729899,Accept,"Gender, Age, ProgVar",1.32629722018016,0.211455365511052,-0.0991988558928323,0.527977839948726,Accept,1.3889370585895,Reject,Accept,0.5935460597403
0.507045894220696,0.834797062363423,0.210912242215719,-0.133885529792522,0.683495388174733,Accept,"Gender, Age, ProgVar",1.6578593795524,0.210912242215719,-0.169831016403224,0.56832684859709,Accept,1.64155039879403,Reject,Reject,1.37677189322112
0.445292799254085,0.816347688458289,0.0136772834884979,-0.154999870444639,0.746497611631341,Accept,"Age, ProgVar",1.38712328338719,0.0136772834884979,-0.363673175267274,0.358308779010406,Accept,1.52104835053457,Reject,Accept,0.680499865413214
0.586525210599797,0.88440639099004,0.0508598234493799,-0.129535899304063,0.436349830427451,Accept,"Gender, Age, ProgVar",1.30666730343122,0.0508598234493799,-0.190937199815142,0.308544277850935,Accept,1.16465701127812,Reject,Accept,1.1733117451762
1.30428561488125,0.932443429168977,0.0772021143266895,-0.345426087278179,0.382064994719241,Accept,"Age, ProgVar",2.1149845174572,0.0772021143266895,-0.224164409827653,0.399176260856544,Accept,1.70523158012361,Reject,Accept,0.386547410017491
0.393384540828293,0.781105035970635,0.459019922302973,-0.0632819958246613,0.933037661936318,Accept,"Age, ProgVar",1.6508482443796,0.459019922302973,0.0424568523815487,0.876097584458577,Reject,1.64564861819586,Reject,Accept,0.23226457708402
0.655508898677333,0.839660611987386,0.310664612653472,-0.0524432965379897,0.699717470150275,Accept,"Age, ProgVar",1.61164301591667,0.310664612653472,0.0181806695562884,0.616828435158394,Reject,1.49365730278025,Reject,Reject,1.60176613229424
0.498678160491784,0.801432354971504,0.271572953937353,0.0323619947993568,0.56191838973789,Reject,"Gender, Age, ProgVar",0.890727208997886,0.271572953937353,0.0144430098927245,0.518702098761247,Reject,1.07608028528479,Accept,Accept,0.761192922311368
0.394149715647194,0.77035706666781,0.404364042887466,0.0943814908842874,0.662189493696158,Reject,"Gender, Age, ProgVar",1.81220295485446,0.404364042887466,0.100686744368081,0.694586941987277,Reject,1.61953709267671,Reject,Accept,0.0483134310537131
-0.0183398603472281,0.773641331476241,0.438884916078745,0.17171201510545,0.836775166811597,Reject,"Gender, Age, ProgVar",1.71645798962834,0.438884916078745,0.112988627133882,0.778888185085451,Reject,1.92472353924239,Reject,Accept,0.801393357297897
0.98712436138903,0.911732710982698,0.258146894615603,-0.0279840294186269,0.641528833724206,Accept,"Age, ProgVar",2.04944447197218,0.258146894615603,-0.037705852451277,0.561823610375159,Accept,1.71483757707024,Reject,Reject,1.41994522431518
0.285576331590342,0.821949689860585,0.395544347238506,-0.00434479965142863,0.670823859513809,Accept,"Age, ProgVar",1.33473820238211,0.395544347238506,0.126331266826978,0.663531955228377,Reject,1.18839336275783,Reject,Accept,0.452645115896817
0.87314502912046,0.801759764937193,0.256960363169578,-0.0155705529322875,0.510227625367492,Accept,"Gender, Age, ProgVar",2.06808008295837,0.256960363169578,-0.00528933086556265,0.536531326439255,Accept,1.77431295409944,Reject,Accept,1.23247968738927
0.801862685732761,0.828030656601123,0.183791284693834,-0.0705290154132067,0.508580841373517,Accept,"Gender, Age, ProgVar",2.64283052674221,0.183791284693834,-0.114528811356672,0.491889705443913,Accept,2.13285373134268,Reject,Accept,0.758217306148079
0.825566224467187,0.92976379107818,0.0771348557773176,-0.273524965952784,0.316250449538704,Accept,"Age, ProgVar",1.72594331588008,0.0771348557773176,-0.159257752974781,0.335463893070967,Accept,1.3890269796836,Accept,Accept,0.325806371791674
0.943614961420079,0.865883936292591,0.135465557240214,-0.174450421246587,0.422897934259078,Accept,"Gender, Age, ProgVar",1.282346735481,0.135465557240214,-0.150462726509457,0.3939501407426,Accept,1.42675933159846,Accept,Accept,0.783171285787541
0.797652436403443,0.937239979885231,0.147438985970797,-0.325449391190997,0.434916799071219,Accept,"Age, ProgVar",1.36076546142852,0.147438985970797,-0.210636629862861,0.48851010266994,Accept,1.52554080064768,Reject,Accept,0.404096740852243
0.638977823465624,0.932438229933256,0.173743643324462,-0.0259883863669094,0.582428150504315,Accept,"Gender, Age, ProgVar",1.91189269105263,0.173743643324462,-0.119100384489938,0.480784635883839,Accept,1.56984123264516,Reject,Accept,1.13649615246131
0.18550022962049,0.804514585284314,0.303472537477151,0.0519669319345144,0.818396628641919,Reject,"Gender, Age, ProgVar",1.82194255642396,0.303472537477151,-0.0577251930419982,0.681294804616554,Accept,1.56230933754399,Reject,Accept,0.325166733867123
1.00768648235554,0.774185774229589,0.142373835156823,-0.0428916959614407,0.386968237684454,Accept,"Gender, Age, ProgVar",1.57585646953969,0.142373835156823,-0.0836406707834051,0.364463983165718,Accept,1.6345689609489,Reject,Accept,0.815234378042873
0.725260673790468,0.856723966506967,0.160982267982874,-0.081996438999843,0.635564138517963,Accept,"Gender, Age, ProgVar",1.97586802335047,0.160982267982874,-0.215935929112047,0.509482319414237,Accept,1.8194379191658,Reject,Accept,1.41437280115326
0.704141915793476,1.04691280906115,0.0891338996064093,-0.196152127682283,0.46728447930638,Accept,"Gender, Age, ProgVar",1.64088100524419,0.0891338996064093,-0.235925989983925,0.452354866454933,Accept,1.4298057589817,Accept,Accept,0.399564110346299
-0.204463684814926,0.727481570628928,0.45465189587058,0.0968742999728242,1.07222765675287,Reject,"Age, ProgVar",1.17733556055775,0.45465189587058,0.0407790196890689,0.836623371801045,Reject,1.37812754278089,Reject,Accept,0.893136798144101
0.452069719848702,0.851722946679343,0.283214294519635,-0.0056763828713846,0.55592128397526,Accept,"Age, ProgVar",1.52681675495684,0.283214294519635,0.0315209446750776,0.510730827294461,Reject,1.56987621012702,Reject,Accept,0.58363609457299
0.285190870568284,0.813454547525087,0.350666818536171,0.0501500659850395,0.648743323902488,Reject,"Age, ProgVar",1.50891428409374,0.350666818536171,0.112589359687764,0.599424189449665,Reject,1.6529606315993,Reject,Accept,1.23326412214192
0.426249049756904,0.881041071545821,0.275644336471428,-0.0393280288442371,0.598789036212168,Accept,"Gender, Age, ProgVar",1.41538959544053,0.275644336471428,-0.0282444892180524,0.607448183711277,Accept,1.34249818434701,Accept,Accept,0.18597574890769
0.660752966476286,0.872164125814489,0.281018525748678,-0.0669848320792456,0.541373998647834,Accept,"Gender, Age, ProgVar",1.59038913004856,0.281018525748678,0.00183864554995894,0.587324470286958,Reject,1.76582307121164,Reject,Accept,0.409560317694604
0.959133646444997,0.909020929599957,0.0954387612760061,-0.224844522763718,0.498099258867985,Accept,"Age, ProgVar",1.92969032843486,0.0954387612760061,-0.172926928543352,0.373303633479304,Accept,1.73317914895681,Accept,Accept,0.816713926501536
0.40227880187013,0.844826519118139,0.34219011396358,0.0744493366948976,0.57702470530232,Reject,"Gender, Age, ProgVar",1.77834920566317,0.34219011396358,0.103918654574229,0.604035471314589,Reject,1.65169750558198,Reject,Accept,0.608614591009687
1.0981881501321,0.946732438206711,0.0504450650884596,-0.211767973975369,0.338122893096345,Accept,"Gender, Age, ProgVar",1.50402085705649,0.0504450650884596,-0.23531403035511,0.347430167318717,Accept,1.46551594439222,Reject,Accept,1.00845863554399
0.381806000211659,0.924996164181234,0.364378097049801,0.0995655982627008,0.856454770677201,Reject,"Age, ProgVar",0.888949297926154,0.364378097049801,0.0168791974969403,0.700202641412662,Reject,1.17312694695599,Reject,Accept,0.321560151530555
0.0818963392171558,0.721211835757594,0.262456869677014,-0.0106157071859236,0.772803691490191,Accept,"Gender, Age, ProgVar",1.57364832597101,0.262456869677014,-0.127678749821267,0.652530301905482,Accept,1.79938427446515,Reject,Accept,0.526472774832251
0.43493042921566,0.917585647136986,0.14543028503359,-0.158566752779849,0.427140882597324,Accept,"Gender, Age, ProgVar",1.39445266672815,0.14543028503359,-0.149550369798797,0.429586102853558,Accept,1.40096177222272,Reject,Accept,0.824712142893988
0.149382755831837,0.869916579684764,0.184703695841792,0.0975174768535784,0.521873366180261,Reject,"Gender, Age, ProgVar",0.920577987898706,0.184703695841792,-0.0217561033468301,0.396188330488878,Accept,0.98345745741355,Reject,Accept,0.854043640013022
-0.0372536361140971,0.767408227023318,0.187358280319234,0.24658113560137,1.13107371630616,Reject,"Age, ProgVar",1.46168107661105,0.187358280319234,-0.219180740957041,0.588633290190761,Accept,1.47293232282004,Reject,Accept,1.04695050017183
0.232457655452477,0.643148357395682,0.503412911146996,0.193960883720478,1.04437733779177,Reject,"Age, ProgVar",1.62080568596813,0.503412911146996,0.190850614314346,0.781710184631925,Reject,1.21655164951638,Reject,Reject,1.567932891508
0.808892476828052,0.939187205319707,0.175126152912435,-0.225761597179964,0.453851444826768,Accept,"Age, ProgVar",1.29539783949918,0.175126152912435,-0.0877684984586787,0.45391653196956,Accept,1.36119220296222,Reject,Accept,1.12429552047549
0.350966763886649,0.766006977058781,0.405931252898711,0.0958833808535069,0.863767514039166,Reject,"Gender, Age, ProgVar",1.7367489649545,0.405931252898711,0.0389195242723051,0.812061387914213,Reject,1.53898626061155,Reject,Accept,0.840718268198543
-0.183580195530724,0.763520408534225,0.493054996884034,0.147079262678096,0.914650498449038,Reject,"Age, ProgVar",2.38006927518973,0.493054996884034,0.181544092568575,0.796045630912509,Reject,1.76880037687116,Reject,Accept,0.503631968234112
0.816032531916015,0.801081174583213,0.200600193928631,-0.0763183852354311,0.477989217230942,Accept,"Gender, Age, ProgVar",1.94523658664684,0.200600193928631,-0.0734349343673268,0.454188299662622,Accept,1.59429042529123,Reject,Accept,0.179822009000564
0.850806479606381,0.83589204490855,0.131510828565708,-0.0690700198190504,0.372912688068213,Accept,"Gender, Age, ProgVar",1.24399752715281,0.131510828565708,-0.0686244037968368,0.345069125469371,Accept,1.24505731501013,Reject,Accept,0.677505346574611
0.412573581336669,0.995272183877502,0.0345894835859033,-0.217545080798209,0.324610427468913,Accept,"Gender, Age, ProgVar, X2",1.1370497502621,0.0345894835859033,-0.239742580854903,0.286996804248143,Accept,1.32185543353923,Reject,Accept,0.658429372189076
0.581499619006671,0.945374364002108,0.0805957288574395,-0.210078833419273,0.451620540814212,Accept,"Gender, Age, ProgVar",1.35955708154142,0.0805957288574395,-0.24151870218355,0.421275583990192,Accept,1.40349464034799,Reject,Accept,1.09796439043887
0.790792390823347,0.993543325285931,0.0435538666424756,-0.351043342828431,0.423010580203803,Accept,"Age, ProgVar",2.13335701936523,0.0435538666424756,-0.260751101035078,0.350428519767983,Accept,1.89118092855224,Accept,Accept,0.838848406243573
0.596804029232777,0.771676509004503,0.341426147985745,0.0189751926307884,0.553834152600009,Reject,"Gender, Age, ProgVar",1.83581540724956,0.341426147985745,0.0772271041977967,0.589853458223646,Reject,1.79709770740775,Reject,Accept,0.82027192554601
0.478725317221377,0.964380899675194,0.0666674810422348,-0.266137013704418,0.350600457392214,Accept,"Age, Outcome_BL, ProgVar",1.02994052524684,0.0666674810422348,-0.188169426496092,0.333727914380398,Accept,0.955919555504404,Reject,Accept,1.09258010316208
0.738925962275835,0.742823428363657,0.294742521516538,-0.0266999158207484,0.605598144503939,Accept,"Gender, Age, ProgVar",1.82384799932747,0.294742521516538,-0.0254791998207594,0.589942439232411,Accept,1.67782102431636,Reject,Accept,1.18008255125034
0.23365056764579,0.754954242128275,0.438425005787207,0.125437301732693,0.837175076053797,Reject,"Age, ProgVar",1.50771253786972,0.438425005787207,0.190189018652632,0.702026538884048,Reject,1.3223292059484,Reject,Accept,0.845927155049298
0.219532956560307,0.872739704763137,0.522767027830779,0.23452087788752,0.797866598146809,Reject,"Gender, Age, ProgVar",1.52283006937314,0.522767027830779,0.241725921260885,0.784905532465636,Reject,1.47597410648507,Reject,Accept,0.846791802909069
0.081565567013156,0.782620668848481,0.373482604586864,0.116727151693332,0.665264011321034,Reject,"Gender, Age, ProgVar",1.69666692725982,0.373482604586864,0.109122208068553,0.65976933620871,Reject,1.49619210608699,Reject,Accept,0.67507544854387
0.788258780884001,1.09431144530424,0.446559273897325,-0.277724569264231,0.751238742556168,Accept,"Age, ProgVar",1.45733072232277,0.446559273897325,0.0186976290111782,0.852018243799023,Reject,1.36713311519735,Reject,Accept,0.668904380524075
0.528227732664013,0.848317428904526,0.0548123231788801,-0.106246091148633,0.541308741185569,Accept,"Gender, Age, ProgVar",1.82229909184141,0.0548123231788801,-0.30073420435888,0.372987874741429,Accept,1.53527051725111,Reject,Accept,0.892819593354399
0.727848356097861,0.984125642741421,0.245175534794662,-0.202165058073529,0.622721978345367,Accept,"Age, ProgVar",1.47102967297964,0.245175534794662,-0.115586370278938,0.595716260964445,Accept,1.29566604011075,Reject,Accept,0.693349488659223
0.54536836937532,0.781469462499378,0.342221204610978,0.191427725090694,0.657274546246477,Reject,"Gender, Age, ProgVar",1.28887983866917,0.342221204610978,0.092668624404725,0.616069195293196,Reject,1.25738950619149,Reject,Accept,0.46807708766261
0.556623582655376,0.782503017313903,0.253505939145701,0.0222377545530355,0.51381200232354,Reject,"Gender, Age, ProgVar",1.40524766300374,0.253505939145701,-0.0075261584254834,0.486932008399342,Accept,1.33331809943047,Accept,Accept,0.932026586463477
-0.0460433536900043,0.866553130249044,0.391807863605694,0.0831355556293918,0.798047185005653,Reject,"Gender, Age, ProgVar",1.02059000401057,0.391807863605694,0.029659532607472,0.752248355392895,Reject,1.05304575020936,Reject,Accept,0.518545712135631
0.0489562807202954,0.800661422113479,0.496556249393818,0.126720384476772,1.07882786550095,Reject,"Gender, Age, ProgVar",1.38353197418637,0.496556249393818,0.0265426252455686,0.912489871670397,Reject,1.44973357641501,Reject,Accept,0.571410517977485
0.66998257312009,1.04547559615363,0.272420685190814,-0.301830866017208,0.648058077736409,Accept,"Gender, Age, ProgVar",1.95344877390082,0.272420685190814,-0.169545832099544,0.749792631451332,Accept,1.71677233478116,Reject,Accept,0.880613805643612
1.11820293156639,0.921128648573595,0.0908371822641212,-0.211330954397026,0.337091890787828,Accept,"Gender, Age, ProgVar",1.95834953463876,0.0908371822641212,-0.184283173627807,0.364197846782692,Accept,1.58159407078054,Reject,Accept,1.02929751263597
0.721923301331244,0.962722542181046,0.0375542000394925,-0.241959798667649,0.461080758623525,Accept,"Gender, Age, ProgVar",1.48398108696824,0.0375542000394925,-0.309729008556404,0.360204833844271,Accept,1.69244347334137,Reject,Accept,0.1583605561707
0.623876251329746,0.896403719881029,0.339845141337362,-0.00813453550489157,0.556973798891677,Accept,"Gender, Age, ProgVar",1.69537519008587,0.339845141337362,0.0576480610249551,0.632839025277558,Reject,1.62055989248395,Reject,Accept,0.692872426233948
1.02804437064402,0.811807964022681,0.342440594737324,0.00835471783961093,0.563955084909618,Reject,"Gender, Age, ProgVar",1.92978250329866,0.342440594737324,0.05506012523154,0.64614809788206,Reject,2.03583926623888,Reject,Reject,1.46730379013399
0.591923228722939,0.702169877064079,0.493726063851307,0.0578579108426805,0.658700063544016,Reject,"Gender, Age, ProgVar",1.81971530175487,0.493726063851307,0.21335628004783,0.768254884176384,Reject,1.54217778368404,Reject,Reject,1.43549730407692
0.348417446383047,0.73966391329175,0.340422868670747,0.103064062119246,0.627851669404963,Reject,"Gender, Age, ProgVar",1.36556801483246,0.340422868670747,0.0905747265946067,0.590500024077403,Reject,1.33449466575761,Reject,Reject,1.63207173462704
0.257412855555802,0.753250028917287,0.456368947637834,0.173203707267716,0.702843276928446,Reject,"Gender, Age, ProgVar",1.1709636205767,0.456368947637834,0.213679401098638,0.679193748912883,Reject,1.2832355146086,Reject,Accept,0.964345871577132
0.931449512789868,0.893654453897134,0.145169914949531,-0.311198857758016,0.544268489319923,Accept,"Gender, Age, ProgVar",2.0730152025175,0.145169914949531,-0.286814165325379,0.570241016680847,Accept,1.80174610515454,Reject,Reject,1.28086016639105
1.07076838566688,0.854919275795208,0.0809558645771614,-0.269560545560737,0.376870261327134,Accept,"Gender, Age, ProgVar",1.47305560908647,0.0809558645771614,-0.250181130910576,0.38113979232316,Accept,1.64146869991687,Reject,Accept,0.880952979172599
0.505071607118932,0.878509020653116,0.281740335650974,0.0371729034489149,0.572938559898573,Reject,"Gender, Age, ProgVar",1.58647933533347,0.281740335650974,0.000941510419353336,0.547341094958308,Reject,1.76030736920174,Reject,Accept,0.933461417513967
0.913231380547534,0.935728087310906,0.0959328127849012,-0.147965589888512,0.440893270334052,Accept,"Gender, Age, ProgVar",1.63516567424663,0.0959328127849012,-0.210522342903182,0.377865287554772,Accept,1.47457566294836,Reject,Accept,1.01153525314221
0.666197679484959,0.811833735800974,0.251458319114365,-0.00562420839794372,0.526568362827906,Accept,"Gender, Age, ProgVar",1.81466662773227,0.251458319114365,-0.023226534041614,0.501975320458126,Accept,1.50845464264044,Accept,Accept,1.33833323453071
1.05813996384473,0.93794009648631,0.179201660799266,-0.139085221394268,0.373435036552166,Accept,"Gender, Age, ProgVar",1.32681106788349,0.179201660799266,-0.102006286276551,0.444066440500693,Accept,1.3963695822605,Reject,Accept,0.910148496014296
0.366084868977742,0.846910215163629,0.463365398144604,0.0644410313377401,0.792704649353171,Reject,"Gender, Age, ProgVar",1.35131428823152,0.463365398144604,0.10604334586078,0.792064164198179,Reject,1.40933748997464,Reject,Accept,0.976881104002676
0.249755820771577,0.801548536924776,0.215472629394645,-0.129655054615888,0.56847340445782,Accept,"Gender, Age, ProgVar",1.34082744752302,0.215472629394645,-0.134405129317118,0.539384960831918,Accept,1.49792680449186,Reject,Reject,1.57899761926374
0.700921926723248,0.798674468500706,0.217332339736642,-0.0190991456121831,0.48096971466696,Accept,"Gender, Age, ProgVar",1.53515171182124,0.217332339736642,-0.0474688806952623,0.458473096506805,Accept,1.59016422209493,Reject,Accept,1.00309812219674
0.61219920862899,0.826600584194283,0.327348514426811,0.0691736567806358,0.565940733788387,Reject,"Gender, Age, ProgVar",1.64273371857137,0.327348514426811,0.0789860953846456,0.575182867545618,Reject,1.70592633726154,Reject,Accept,1.28301636641693
0.697105629589193,0.885085403003427,0.103447876441809,-0.193543712389647,0.359413167843127,Accept,"Gender, Age, ProgVar",1.97132391937343,0.103447876441809,-0.180252753652641,0.39363097745315,Accept,1.87832591740742,Reject,Accept,1.39700972229295
0.720983555226947,0.778229766096961,0.155915586577765,-0.0502664058438103,0.469842660640016,Accept,"Gender, Age, ProgVar",1.133901101211,0.155915586577765,-0.0897371408230238,0.394979577314441,Accept,1.36258770921282,Reject,Accept,0.797518024423328
1.01119831507201,0.910691481966768,0.277104965832023,-0.0956021446974627,0.322270963458178,Accept,"Gender, Age, ProgVar",1.14563177218897,0.277104965832023,0.100821822164403,0.467319854607535,Reject,1.47026577761418,Reject,Reject,1.6545406019995
0.486639430286436,0.88658529014141,0.257658120048075,0.0549368056049949,0.60551513734013,Reject,"Gender, Age, ProgVar",1.99903534281123,0.257658120048075,-0.0152232127705966,0.552790956233314,Accept,1.79223362291542,Reject,Accept,0.988132161424111
0.0307863870867004,0.650041612871789,0.476167432740359,0.230551987310292,0.838319842628294,Reject,"Gender, Age, ProgVar",1.9015994576859,0.476167432740359,0.177256264872248,0.776720916888959,Reject,1.89147775977449,Reject,Reject,1.73056065377533
0.987968391485048,1.08553688954145,0.241320517327737,-0.19170330110475,0.451480042872313,Accept,"Age, ProgVar",2.36062592706218,0.241320517327737,0.00560245547710486,0.493275087890909,Reject,1.66981955675166,Reject,Accept,0.521415549650175
1.00185614485052,1.11279155885706,0.351981694203926,-0.927309380053136,0.836425277369422,Accept,ProgVar,2.06614650987635,0.351981694203926,-0.125344170982167,0.812292051747378,Accept,1.54026172537447,Reject,Accept,0.0883025821718552
0.760739319536637,0.86114733913944,0.0812432109331241,-0.230344627690124,0.538827245160503,Accept,"Gender, Age, ProgVar",1.60654862893051,0.0812432109331241,-0.296787010555033,0.450303762272944,Accept,1.4252817852968,Reject,Accept,0.812260279670336
0.508211589632395,0.889968551245288,0.400394987573191,0.095389208829595,0.647076605183039,Reject,"Gender, Age, ProgVar",1.54662175762694,0.400394987573191,0.121876043555324,0.673567558179221,Reject,1.41343053280079,Reject,Accept,0.22730990766606
0.528293548814435,0.821979833701152,0.22020893566538,-0.115201310251251,0.524560764796322,Accept,"Gender, Age, ProgVar",1.03189875754234,0.22020893566538,-0.101838873287135,0.540374149899004,Accept,1.14627514071395,Reject,Accept,0.434837774023051
0.265997397639857,0.879413332154452,0.284821024174884,0.0188938652868215,0.594218987692299,Reject,"Gender, Age, ProgVar",1.64193742128879,0.284821024174884,0.02940286072142,0.560306624310445,Reject,1.44118085417388,Reject,Accept,1.09157050679252
0.364981395266236,0.906266957224122,0.272030313561545,-0.0925313109839711,0.520020860915456,Accept,"Age, ProgVar",1.28169695385639,0.272030313561545,0.0183932822318223,0.510626132899706,Reject,1.16421351235817,Reject,Accept,1.15178767984168
0.795377228142946,0.933027002120159,0.126998070877272,-0.139030872188659,0.517013101692187,Accept,"Gender, Age, ProgVar",2.08498038917197,0.126998070877272,-0.164248859403872,0.431927657577657,Accept,1.93791952332597,Reject,Accept,1.28472906483756
0.631058828449489,0.934633594354968,0.501408772820921,0.131137961432582,0.866497210124074,Reject,"Gender, Age, ProgVar",1.6039065059529,0.501408772820921,0.128618097740477,0.858684294088327,Reject,1.44044717588616,Reject,Accept,0.754694971765249
0.976244177244848,0.817095573735238,0.205131072561995,-0.116219658443874,0.402580910679261,Accept,"Age, ProgVar",1.4071119844864,0.205131072561995,-0.0119318531330179,0.431624698682776,Accept,1.42029514006877,Reject,Accept,1.00383198487533
0.316238281439748,0.682052447614462,0.47445825315143,0.256925046101828,0.682419226242351,Reject,"Gender, Age, ProgVar",1.82970337309066,0.47445825315143,0.264939663841351,0.69058394846911,Reject,1.62498517082454,Reject,Accept,1.26836023502097
0.383671112014645,0.777831196847209,0.442739309042549,0.0347595748061214,0.737298563299567,Reject,"Gender, Age, ProgVar",1.64728979868189,0.442739309042549,0.145430186690142,0.752604436202341,Reject,1.34103482177109,Reject,Accept,1.16921404769266
0.95571833199097,0.888473038785369,0.175144084200391,-0.201066601251236,0.522334359880136,Accept,"Gender, Age, ProgVar",1.41924206775464,0.175144084200391,-0.172390702797626,0.524020964261245,Accept,1.46564169630043,Reject,Accept,0.502948272991001
0.424134670580145,0.76840186853417,0.235743388582068,0.104029044939976,0.677315452537198,Reject,"Gender, Age, ProgVar",1.84335223097815,0.235743388582068,-0.0724256245695839,0.524527536534635,Accept,1.47904003600012,Reject,Reject,1.54895624746529
0.572412738774645,0.84881607984591,0.306527462562654,-0.0906437268648701,0.604587351071471,Accept,"Gender, Age, ProgVar",2.61783454873363,0.306527462562654,0.0186153690177787,0.586736648340749,Reject,2.10660887950455,Reject,Accept,0.672278971091736
0.587080948709948,0.844811479269308,0.0778090331408385,-0.0212646910219336,0.435131614516001,Accept,"Gender, Age, ProgVar",1.94149020359441,0.0778090331408385,-0.161350996654654,0.296234196277166,Accept,1.89365299314729,Reject,Accept,0.899044601184058
0.622712577066041,0.874158428295653,0.164206578908325,-0.231332494837056,0.418400222078193,Accept,"Gender, Age, ProgVar",1.11706435294502,0.164206578908325,-0.117655212283801,0.442750022477035,Accept,1.39220880436427,Reject,Accept,0.981957445544047
0.533476543335537,0.781125367274896,0.260342021592868,0.0129457653948836,0.565172031065018,Reject,"Gender, Age, ProgVar",1.81685894243579,0.260342021592868,-0.00315490421954982,0.521628893036951,Accept,1.45201475697489,Reject,Accept,1.31842631587024
-0.380727353121278,0.809369865918123,0.504055538168919,0.148432224008771,0.95673019160883,Reject,"Age, ProgVar",0.969158836957296,0.504055538168919,0.179540623074323,0.804886427521945,Reject,1.21531947017224,Reject,Accept,0.0932406441168047
0.542461577291305,0.895545473176227,0.334732687667405,0.133393075541274,0.609657051334504,Reject,"Age, ProgVar",1.68506472392096,0.334732687667405,0.131139830660907,0.545395441320325,Reject,1.47621927903595,Reject,Reject,1.52121813734856
0.600433576601943,0.974007262537129,0.175983088917255,-0.14821185163769,0.506584571755412,Accept,"Gender, Age, ProgVar",1.54334092248491,0.175983088917255,-0.133201891796357,0.48285481216359,Accept,1.51985432008864,Reject,Accept,0.333865552941734
0.347734848879598,0.833567661914014,0.390411245894067,0.0684911570842238,0.656556851019255,Reject,"Gender, Age, ProgVar",1.2530455355849,0.390411245894067,0.106813641088439,0.705952404136643,Reject,1.220287659941,Reject,Accept,0.562115683829996
0.837374926573452,0.89421392993933,0.17635700165889,-0.0208748319646656,0.464659561482125,Accept,"Gender, Age, ProgVar",1.43327726191343,0.17635700165889,-0.0879054082556008,0.428938765973881,Accept,1.55326268019724,Reject,Accept,0.957060975161544
0.202356855303242,0.863760048432948,0.52107302221686,0.23851602371817,0.855029460255131,Reject,"Gender, Age, ProgVar",1.43922051598704,0.52107302221686,0.225762599855229,0.827899220702072,Reject,1.55934024117901,Reject,Accept,0.970947782982332
0.650949490038372,0.867878313049829,0.240005480058328,-0.00686047129374406,0.601904079012991,Accept,"Gender, Age, ProgVar",1.9294827227446,0.240005480058328,-0.0547426844735129,0.538718715529052,Accept,1.73052334453409,Reject,Reject,1.53936834440259
0.770243855069175,0.788223865434953,0.223262788249375,0.0113550069527735,0.443528851310816,Reject,"Gender, Age, ProgVar",1.44436380958973,0.223262788249375,-0.0140315726196144,0.451564099656839,Accept,1.51460146880855,Reject,Accept,0.495656345716524
0.481612442514914,0.862761884028637,0.22691409523016,0.0529500531574249,0.48500160919624,Reject,"Gender, Age, ProgVar",1.4683961453684,0.22691409523016,-0.000712260452985378,0.472483798898362,Accept,1.19431324857942,Reject,Accept,1.04316988577995
0.389171347768384,0.770945800645752,0.273122453529532,-0.0493218467453682,0.788079704044289,Accept,"Gender, Age, ProgVar",1.29990441735378,0.273122453529532,-0.135361329068561,0.6529945555561,Accept,1.28054775720945,Reject,Accept,0.575404617475655
1.28954132421483,1.17745082147,0.0810699388174221,-0.298845323579768,0.358137000532137,Accept,"Gender, Age, ProgVar",1.40653683814691,0.0810699388174221,-0.278091812909278,0.442642603507248,Accept,1.4518884804452,Reject,Accept,0.407271353878217
0.991969366801476,1.07130297847569,-0.1305574396747,-0.389071057720409,0.189392165051394,Accept,"Gender, Age, ProgVar",1.20417770974309,-0.1305574396747,-0.420618016375785,0.149102060742231,Accept,1.36040556765139,Accept,Accept,0.933404780824612
0.664570882094586,0.941471784063555,0.0944518512598229,-0.239890090995869,0.461399573900504,Accept,"Gender, Age, ProgVar",1.237445182929,0.0944518512598229,-0.242713697351283,0.424035276857638,Accept,1.32010958895662,Reject,Accept,0.753699859964439
0.645757604204881,0.955941371960069,0.206979265461535,-0.130241173878999,0.521709951086015,Accept,"Gender, Age, ProgVar",1.19162334026507,0.206979265461535,-0.118719444802578,0.53294602454939,Accept,1.27578692792073,Reject,Reject,1.05740158327385
0.707223940321236,0.910099750870866,0.0951428983031999,-0.175537966255219,0.370074633286011,Accept,"Gender, Age, ProgVar",1.16651520130814,0.0951428983031999,-0.202826526835924,0.390224014275061,Accept,1.19591452274637,Reject,Accept,0.737474279856002
0.733999961626194,0.842137014656704,0.357499400896098,0.0500013151374086,0.57412778902399,Reject,"Gender, Age, ProgVar",2.09615137080743,0.357499400896098,0.125400593719997,0.59399462615418,Reject,1.73813252353862,Reject,Accept,1.39660622567055
0.283736229712406,0.754793411498089,-0.040336683729727,-0.337943963054301,0.884794290032389,Accept,Age,2.15589080467831,-0.040336683729727,-0.490552718903363,0.370247620663301,Accept,1.77106204786495,Accept,Accept,0.388790590488397
0.216545548766852,0.734976293312147,0.380280633764788,0.201102633463441,0.6732122518628,Reject,"Gender, Age, ProgVar",1.76199935551902,0.380280633764788,0.151914693250318,0.608951288355663,Reject,1.66398064194745,Reject,Accept,1.11670516837178
-0.147921686491799,0.818321279713727,0.740046814855229,0.37720626549682,1.03262829294863,Reject,"Gender, Age, ProgVar",1.52500566277135,0.740046814855229,0.398398111011946,1.09955773756416,Reject,1.60378513934847,Reject,Accept,0.89243941396906
1.14989445247559,0.84632320187415,0.0781934039589582,-0.27858981247301,0.373553222016506,Accept,"Gender, Age, ProgVar",1.59312097483887,0.0781934039589582,-0.235686070911018,0.400560071652041,Accept,1.42671901690649,Reject,Accept,0.670992794195671
0.252321002314682,0.788760579661072,0.43201659061674,0.121172194651439,0.758500680913342,Reject,"Gender, Age, ProgVar",1.86417717195559,0.43201659061674,0.108731412136354,0.721703592234018,Reject,1.57368763072479,Reject,Accept,1.19910451358032
0.175041813605045,0.746283564634246,0.344204327736472,0.112365005192131,0.792096820479252,Reject,"Age, ProgVar",1.70240558149092,0.344204327736472,0.0694042407347796,0.628565663881646,Reject,1.50380779629239,Reject,Accept,0.936030039372168
0.159940662741121,0.815011931322061,0.434264016972052,0.0673466639194315,0.789527504026429,Reject,"Age, ProgVar",1.22689219164993,0.434264016972052,0.125701652334747,0.73411651682598,Reject,1.32885811826061,Reject,Accept,0.381409932499087
0.593706515004989,0.675443517287154,0.305678206818336,0.0931283290415106,0.671549907174601,Reject,"Gender, Age, ProgVar",1.29076652432826,0.305678206818336,-0.0140517891477123,0.617339343155026,Accept,1.59763670909282,Reject,Accept,0.756975874543017
0.386935364784449,0.880652060761658,0.241849416574315,-0.0418752091778065,0.738726140005454,Accept,"Gender, Age, ProgVar",1.39110149133681,0.241849416574315,-0.161762936107985,0.653165505027085,Accept,1.55654942324606,Reject,Accept,0.525403718286324
0.395994036382978,0.878694194806478,0.209042949250152,0.142871752706316,0.646502493365764,Reject,"Gender, Age, ProgVar",1.27465924372179,0.209042949250152,-0.0303522047319845,0.477459563190258,Accept,1.24056581228272,Reject,Accept,0.590424214547715
0.495877546781679,0.849810085078984,0.11448597493618,0.0775745535696744,0.942185922148631,Reject,"Age, ProgVar",1.52280646750456,0.11448597493618,-0.222660890978311,0.477766034310273,Accept,1.54551484251213,Reject,Accept,0.521786975736358
0.552706482589361,0.81860450253313,0.35611611698372,0.0976734901931806,0.534837297617608,Reject,"Gender, Age, ProgVar",1.33663637224033,0.35611611698372,0.127520747921821,0.595291557564279,Reject,1.39972225395347,Reject,Accept,1.02588788956283
0.471174082094693,0.879258993917426,0.389532540801332,0.0827040932085259,0.62695701179782,Reject,"Age, ProgVar",1.50221468169669,0.389532540801332,0.109088101240687,0.671402891228855,Reject,1.73842479569372,Reject,Accept,1.30923360881911
0.416347513664766,0.894922375805039,0.0768683245626334,-0.170858122429952,0.448161674805826,Accept,"Gender, Age, ProgVar",1.67292546697587,0.0768683245626334,-0.228627897986688,0.378653146683854,Accept,1.42822568217599,Reject,Accept,1.26116275921775
1.30708452629034,1.13384867265743,-0.112164827074536,-0.505310673899393,0.242376471356855,Accept,"Gender, Age, ProgVar",0.786642748259613,-0.112164827074536,-0.434242547498125,0.214344722086171,Accept,1.04993087785999,Accept,Accept,0.76393457929148
0.83307247927832,1.00762012007434,0.256660959704943,-0.400059648543196,0.48180292693017,Accept,"Gender, Age",1.4903360670485,0.256660959704943,-0.0908636562253506,0.629230878612968,Accept,1.71317521702164,Reject,Accept,0.892202580818683
0.976694817265684,0.984521235639443,-0.0767259187408694,-0.263629839148889,0.407098066652688,Accept,"Gender, Age, ProgVar",1.3927156741775,-0.0767259187408694,-0.413315239199471,0.253601078555648,Accept,1.40170116730962,Reject,Accept,0.238806417408247
0.107283483961726,0.68790566466993,0.396911054447704,0.148935867129507,0.791681398261007,Reject,"Gender, Age, ProgVar",1.16397062694252,0.396911054447704,0.0791198097354663,0.713627013893713,Reject,1.27328922389599,Reject,Accept,0.0867464693015607
0.86739478307051,0.918389574438626,0.294712314364809,-0.164214685204349,0.542976533621734,Accept,"Age, ProgVar",1.99557783176852,0.294712314364809,-0.0445142370392491,0.643741422516527,Accept,1.9816294064531,Reject,Accept,0.16319115809357
-0.0972153028957151,0.712861883978581,0.500815878417454,0.40638355252147,1.10932376741725,Reject,"Age, ProgVar",2.63264929827251,0.500815878417454,0.160204756904121,0.830990955380621,Reject,2.0533779909423,Reject,Reject,2.10933713138846
0.462262009173315,0.755689347986259,0.236793421907174,0.000341142675727754,0.654110397210493,Reject,"Gender, Age, ProgVar",1.54937367601879,0.236793421907174,-0.0948119974538727,0.570205620336986,Accept,1.27517817422628,Reject,Accept,1.01813292365055
0.0577447211199297,0.760158464237987,0.347796778739473,0.0625625556433203,0.758484759131251,Reject,"Age, ProgVar",1.1526750854815,0.347796778739473,0.0254117980568617,0.663548468601736,Reject,1.19337200883399,Reject,Accept,0.53317259352814
0.529685209146404,0.92783354211626,0.0949615916656632,-0.122133624550703,0.619499494572832,Accept,"Gender, Age, ProgVar",1.31325743589674,0.0949615916656632,-0.240942451450911,0.42870689389004,Accept,1.29222312006201,Reject,Accept,0.296632529206752
0.771293822573889,0.844036955722393,0.228734965148209,-0.0524379589332433,0.498722556704434,Accept,"Gender, Age, ProgVar",1.58826891420297,0.228734965148209,-0.0320025708461645,0.493916189631145,Accept,1.59895166239875,Reject,Accept,1.32573832390979
0.0842285823920572,0.666428362354758,0.413339937652102,0.17608060664022,1.0310840733195,Reject,"Age, ProgVar",1.92223968656017,0.413339937652102,0.0752309300215821,0.759830364402939,Reject,1.78673432918711,Reject,Accept,0.920928397230031
0.945071169639662,0.972050669232114,0.018605139019588,-0.230006611871832,0.238215217324309,Accept,"Gender, Age, ProgVar",1.28630307416534,0.018605139019588,-0.223170738869399,0.248102222447515,Accept,1.27084651426956,Reject,Accept,1.11091835978948
0.0391437888782609,0.788191986327283,0.258251697514395,0.11184844688759,0.749560889681148,Reject,"Age, ProgVar",1.96782587923546,0.258251697514395,-0.0136891701198441,0.513592541543423,Accept,1.55740494055491,Reject,Accept,1.39104642753747
0.751886846313951,1.05024037965686,0.178281194922358,-0.253186244646984,0.506399851007137,Accept,"Age, ProgVar",1.61073217252441,0.178281194922358,-0.134378902160756,0.489887095613803,Accept,1.52777380587988,Accept,Accept,0.814058836327371
0.235772334092706,0.739425760612437,0.335404792055551,0.133996873451264,0.972930321354087,Reject,"Age, ProgVar",1.47214304075428,0.335404792055551,0.00396030097097911,0.628609820391213,Reject,1.34881338509016,Reject,Accept,0.866350431384222
0.637293144157834,0.759139686773467,0.313917724270187,0.00222986464371411,0.644457989165434,Reject,"Gender, Age, ProgVar",1.55955110585342,0.313917724270187,-0.00303882606199181,0.63391736934351,Accept,1.28185562280169,Reject,Accept,0.662411937976799
0.447829325510616,0.774294993259306,0.23140589605461,0.0298376193602044,0.46836196325016,Reject,"Gender, Age, ProgVar",1.29256410989224,0.23140589605461,0.0116341417239515,0.452601817406655,Reject,1.26714440747557,Reject,Accept,0.590145394000949
0.345417196518552,0.832501893203351,0.342473167556189,0.088204567560321,0.565191371497247,Reject,"Gender, Age, ProgVar",1.46084674696497,0.342473167556189,0.128923882076589,0.585608000299634,Reject,1.38079983602664,Reject,Accept,0.312476705111731
0.764595467998565,0.872127267613585,0.142562002391994,-0.145650298008533,0.390766243342273,Accept,"Gender, Age, ProgVar",1.17486815935162,0.142562002391994,-0.119254859251672,0.394700855539833,Accept,1.26206607141313,Reject,Reject,1.48900329711069
0.778263390511048,0.970108874688288,-0.176571220625421,-0.40389446769305,0.299525426706085,Accept,"Gender, Age, ProgVar",1.81756590980889,-0.176571220625421,-0.51737533429251,0.182613804032927,Accept,1.58329169116418,Accept,Reject,1.58804434270675
1.16159578943241,0.859888855322099,0.264516309512296,-0.257838853350986,0.437503693623871,Accept,"Age, ProgVar",1.61509291876478,0.264516309512296,0.00768797621085718,0.526915327245995,Reject,1.35903846254524,Accept,Reject,1.19699461794786
0.444767938764078,0.908661521759525,0.402258419992084,-0.0977702717641225,0.78742371890847,Accept,"Gender, Age, ProgVar",1.28839038665308,0.402258419992084,0.0191953408833782,0.800930342367344,Reject,1.50233500282711,Reject,Accept,0.288595509436762
0.699429833298784,0.873491624127219,0.245553554600722,-0.108791417903516,0.539905276873207,Accept,"Gender, Age, ProgVar",1.62587211921628,0.245553554600722,-0.0670483086954506,0.587368553107983,Accept,1.67066268118117,Reject,Accept,0.891827212524057
0.818834214237049,1.11856366559138,0.0339910710001723,-0.38666700503699,0.251477410083611,Accept,"Gender, Age, ProgVar",1.54279116310501,0.0339910710001723,-0.260674539319032,0.338154357940803,Accept,1.65826362814737,Reject,Accept,1.19969149707602
0.56341503679258,1.04330587759586,0.193444353127651,-0.501005041756578,0.627713428784429,Accept,Age,1.6033509190743,0.193444353127651,-0.194707206594028,0.58631034787736,Accept,1.31388089805573,Reject,Accept,0.913057339692006
0.311190985079074,0.809832259924117,0.394587103929268,0.142713389940051,0.706936877589027,Reject,"Gender, Age, ProgVar",1.2026342151161,0.394587103929268,0.118560859321486,0.685022755868887,Reject,1.32292330530959,Reject,Accept,0.825820226609157
-0.28256517894634,0.606136618966983,0.304499145087689,-0.105729738414959,1.19342769721465,Accept,Age,1.50328462675863,0.304499145087689,-0.109492979884497,0.719433252961915,Accept,1.16144401445105,Reject,Accept,0.58794299501915
-0.0800780603461404,0.713870978239634,0.283199489325496,0.0803410691971378,1.05674231888253,Reject,"Age, ProgVar",1.90708081508283,0.283199489325496,-0.131774981889976,0.689501235644394,Accept,1.67171587840781,Reject,Accept,1.21091759420993
0.616034640856612,1.02502758968179,0.363638043947852,-0.356855440683443,0.8772777147721,Accept,"Age, ProgVar",1.47905688185156,0.363638043947852,-0.0748293297873497,0.813707046484858,Accept,1.32193119194021,Reject,Accept,0.422491920484182
0.62736373426809,0.870369224648849,0.231047993390771,-0.0521431482835885,0.462474014409471,Accept,"Gender, Age, ProgVar",1.43728231773717,0.231047993390771,-0.0512802781043807,0.489422221463831,Accept,1.43739338545401,Reject,Reject,1.29911824975611
0.975083212788269,1.0733024003165,-0.00237402081336979,-0.588998026704255,0.437021971198571,Accept,"Age, ProgVar",1.40959743105721,-0.00237402081336979,-0.369518413175393,0.392614308302889,Accept,1.21208792921962,Reject,Accept,0.888344373331038
0.469685608839662,0.681791374447129,0.436611842331317,0.192143993226526,0.911242152540831,Reject,"Gender, Age, ProgVar",2.29713069348779,0.436611842331317,0.0951010663740672,0.776460508591399,Reject,1.90860133978025,Reject,Reject,1.94676428041037
0.787760317361385,0.85420566609131,0.1763361482142,-0.169265343423718,0.805262808880923,Accept,"Age, ProgVar",2.07000039615491,0.1763361482142,-0.178369606497719,0.580890155432249,Accept,1.69578170818005,Reject,Accept,0.974703425404041
1.01161652666816,0.933680652359375,0.104025283337787,-0.206022001472908,0.424875289008709,Accept,"Gender, Age, ProgVar",1.46877272637929,0.104025283337787,-0.223529443336492,0.437813240182554,Accept,1.32260481945094,Reject,Accept,0.535582963718001
0.343497760742916,0.772338112402624,0.450646546396098,0.056691453247614,0.752736591908283,Reject,"Age, ProgVar",1.85694532921916,0.450646546396098,0.156611086997443,0.750184387966596,Reject,1.70393526565923,Reject,Accept,0.524845055373
0.655346867551881,0.865366635935692,0.164774361379081,-0.127542382504696,0.436959549721751,Accept,"Gender, Age, ProgVar",1.29728139156665,0.164774361379081,-0.0733590680892161,0.407191186488211,Accept,1.46500970574769,Accept,Accept,0.3983535961157
0.247603257862978,0.749539786296123,0.337988732972977,0.0585838940166009,0.759205723189964,Reject,"Gender, Age, ProgVar",1.50426337591203,0.337988732972977,0.0110566257239776,0.667598367345118,Reject,1.29408966825057,Reject,Accept,0.117332115333152
1.56141260873913,1.26380482440982,-0.162353587094892,-1.52601048957558,0.153822810302278,Accept,Age,1.81952969054824,-0.162353587094892,-0.734498743295405,0.379041412023335,Accept,1.64349613116039,Reject,Accept,0.297881221700011
0.112127050724376,0.55448525604214,0.501169009279736,0.170788029070162,0.927994879428962,Reject,"Gender, Age, ProgVar",1.55535340439267,0.501169009279736,0.174230375670234,0.84333106149485,Reject,1.52852861032283,Reject,Reject,1.50758965505861
0.737510326587244,1.00373455903497,0.0771589694781047,-0.175027155901386,0.378686828670155,Accept,"Gender, Age, ProgVar",1.49067805910466,0.0771589694781047,-0.190239234986912,0.372787519521193,Accept,1.31177481088189,Accept,Accept,0.412708346396833
0.459246618256654,0.738577449365777,0.34667571679598,0.0607575353145493,0.711720094039554,Reject,"Gender, Age, ProgVar",1.7460745960867,0.34667571679598,0.0336861505386548,0.668902107271135,Reject,1.52267016923484,Reject,Accept,1.00422192518976
0.792302213570366,0.991083564247675,0.168566928150195,-0.18177143577185,0.388706414459813,Accept,"Gender, Age, ProgVar",0.856260997412857,0.168566928150195,-0.090429920977364,0.436609693489608,Accept,1.28931328642715,Accept,Accept,0.53887877031831
0.503446460600677,0.934242787158778,0.262294102735694,0.0399405634328765,0.534067404106576,Reject,"Gender, Age, ProgVar",1.10874971098413,0.262294102735694,-0.00204331329338199,0.515938706462104,Accept,1.29699127087887,Reject,Accept,0.404287940572281
0.419097823652008,0.926709368428023,0.300459947440156,0.0881827352017455,0.754593111282762,Reject,"Gender, Age, ProgVar",1.19129020416829,0.300459947440156,-0.00655747727803477,0.607833675908589,Accept,1.57098683547621,Reject,Accept,0.292347612451823
0.218456844774861,0.6528064269844,0.504812829504177,0.143535432812781,0.920284852233583,Reject,"Gender, Age, ProgVar",1.66340554795396,0.504812829504177,0.159951421988813,0.866279275188574,Reject,1.52424624307141,Reject,Reject,1.74283643001359
0.38960957328693,0.765388222194872,0.313802889263421,0.125915364041931,0.737309330353107,Reject,"Gender, Age, ProgVar",2.66802767094511,0.313802889263421,0.0234752249806836,0.575471646907137,Reject,2.20247891440387,Reject,Accept,1.1766475299782
0.676332098219776,0.864986579148365,0.248076706629987,-0.0327605470556958,0.596465065610313,Accept,"Gender, Age, ProgVar",1.23047207066257,0.248076706629987,-0.0599214871610171,0.545025567596097,Accept,1.50710472253919,Reject,Accept,1.00967980216245
0.607249807845004,0.962493468312074,-0.0743341060062109,-0.337474925881977,0.351075484856383,Accept,"Gender, Age, ProgVar",1.39621669604122,-0.0743341060062109,-0.338854866145692,0.192736683266306,Accept,1.89023798023425,Reject,Accept,0.660197091737428
0.558461130551698,0.858035181296873,0.139678565032317,-0.0823665466296217,0.475006338699718,Accept,"Gender, Age, ProgVar",1.59566846875486,0.139678565032317,-0.137265123627639,0.434331282033554,Accept,1.36617800419964,Reject,Accept,0.166418655367273
0.693608657456031,0.905077199987592,0.117653881126721,-0.241762823750432,0.398872046624923,Accept,"Gender, Age, ProgVar",1.02530565822881,0.117653881126721,-0.152744902838965,0.444457795444005,Accept,1.41309514402657,Accept,Accept,1.24919347926951
0.620358498233938,0.849107621693325,0.140936181619738,-0.168904541084655,0.540437881920941,Accept,"Gender, Age, ProgVar",1.53976759566619,0.140936181619738,-0.226050044225054,0.473951912096069,Accept,1.37900129893313,Reject,Accept,0.495978891466066
0.380792116692579,0.779595337401227,0.154777045004931,-0.0672580563042791,0.58652515147763,Accept,"Age, ProgVar",1.86853848779611,0.154777045004931,-0.136961207176414,0.433406138570205,Accept,1.52182565443891,Accept,Reject,1.71852120547306
0.492818314111631,0.989956599740696,0.193735395085394,-0.274779967843893,0.431488018824427,Accept,"Age, ProgVar",1.17386177268034,0.193735395085394,-0.129020595027182,0.523625648437576,Accept,1.20810509204884,Reject,Accept,0.956253627022702
0.933165491688858,0.874311317184547,0.032202377659376,-0.159244019241902,0.289759791121321,Accept,"Gender, Age, ProgVar",1.18652879716435,0.032202377659376,-0.18699507129867,0.252587245826802,Accept,1.48200257085184,Reject,Accept,0.916752765652207
-0.0015938196419349,0.769856695830298,0.40429271394041,0.0686949892223424,0.749740901419329,Reject,"Gender, Age, ProgVar",1.23865478324286,0.40429271394041,0.0579888021884451,0.758124495385996,Reject,1.21459757199459,Reject,Reject,1.6144915221087
0.543674195039702,0.933673967037887,0.200255011660894,-0.134142409150329,0.488595125885115,Accept,"Gender, Age, ProgVar",1.37535581035095,0.200255011660894,-0.146200995158918,0.489607085299262,Accept,1.21184549875064,Accept,Accept,0.586416033218617
0.681276875346223,0.978098974064601,0.104935573253913,-0.237714024637263,0.685422752513434,Accept,"Age, ProgVar",1.52646937946763,0.104935573253913,-0.231599260017422,0.470119370020657,Accept,1.5913790778364,Accept,Accept,0.899099641856064
0.595029751172446,0.935626007203226,0.34890566391512,-0.058996121628253,0.847517370753255,Accept,"Age, ProgVar",1.43295863050476,0.34890566391512,-0.0204915867977017,0.718423539401628,Accept,1.17915231330302,Reject,Accept,0.259728637965318
-0.745660454026725,0.377886476791694,0.62746432985555,0.0316104240000339,2.03883442659761,Reject,ProgVar,1.22930508000293,0.62746432985555,0.140249688186388,1.04538667151827,Reject,1.46667476448011,Reject,Accept,0.70380242553805
1.17260948014566,0.991401813194972,0.0352310838048384,-0.29091103907046,0.257675034763169,Accept,"Age, ProgVar",1.91424734867155,0.0352310838048384,-0.206708639296841,0.297263386299956,Accept,1.79583425122911,Reject,Accept,0.885045170780112
0.596625738136932,0.861246745340816,0.192254936721312,-0.120377029230733,0.554717767285286,Accept,"Gender, Age, ProgVar",1.60900875976279,0.192254936721312,-0.162002913968927,0.525670559198847,Accept,1.69964135368068,Reject,Reject,1.5490623869424
0.510577676145943,0.871033793123413,0.301891902045984,0.0284566017897799,0.597256248424835,Reject,"Gender, Age, ProgVar",2.02371433512985,0.301891902045984,0.0246870731522293,0.596136871249685,Reject,1.83901998598364,Reject,Accept,1.07946315168757
0.409106839453616,0.938371623186559,0.150367699483728,-0.127728862165624,0.537193949142642,Accept,"Gender, Age, ProgVar",1.44747063148566,0.150367699483728,-0.169033931147019,0.487408836569283,Accept,1.45584613922237,Reject,Accept,0.751197944133791
0.645867197374786,0.825205138401198,0.252368046906024,-0.0184493101434121,0.521208115283774,Accept,"Gender, Age, ProgVar",1.39548367263392,0.252368046906024,0.0221425805010648,0.488379655131073,Reject,1.55993588242377,Accept,Reject,1.35906978917024
0.79459438428185,0.815413842250228,0.29248774579866,0.12036045511441,0.560772972583913,Reject,"Gender, Age, ProgVar",1.38210443275756,0.29248774579866,0.0518130339681892,0.53241878870282,Reject,1.56801566472872,Reject,Accept,0.600439134241599
0.484163963413326,0.767303093361163,0.274144339530849,-0.127459430621436,0.661450206556784,Accept,"Age, ProgVar",1.77629729140001,0.274144339530849,-0.0940984180663098,0.650389190531995,Accept,1.69720818997349,Reject,Accept,0.401315046600812
0.390513753556593,0.848756353157751,0.354168864855686,0.11552151084639,0.592184627217168,Reject,"Gender, Age, ProgVar",1.13477657272407,0.354168864855686,0.133579948609697,0.573627614050313,Reject,1.01952959787559,Reject,Reject,1.48406693045942
0.211684280718063,0.851244705365141,0.364230494376646,0.100903983311637,0.741192187701398,Reject,"Gender, Age, ProgVar",1.7826857398003,0.364230494376646,0.0359380949998436,0.694974582304053,Reject,1.72144066966112,Reject,Accept,1.31414624465968
0.950459996618321,1.02016852406553,-0.0292311593173539,-0.245222562318016,0.268587274582265,Accept,"Gender, Age, ProgVar",1.44326244154443,-0.0292311593173539,-0.312097921604098,0.222363580922235,Accept,1.50224245050453,Reject,Accept,0.585182468548355
0.805316815542398,0.90932153353769,0.305082778324377,-0.0253219293799508,0.582233619159556,Accept,"Gender, Age, ProgVar",1.10794667347078,0.305082778324377,0.00199044697668653,0.613510857905541,Reject,1.53522875194591,Reject,Accept,1.04566536838584
0.60544419984669,0.939825728166092,0.293952296721148,0.0199151402541263,0.502313652614021,Reject,"Gender, Age, ProgVar",1.69097987981585,0.293952296721148,0.0562868395676513,0.533833970653124,Reject,1.57440051347773,Reject,Accept,1.36687298656836
0.664266809551039,0.904714835665238,0.0844816595240461,-0.133591606462766,0.453573915055953,Accept,"Age, ProgVar",1.62180674844179,0.0844816595240461,-0.160487467811395,0.320288317343742,Accept,1.3353688257565,Reject,Accept,1.25370414383679
0.227498774286652,0.705372102942998,0.529564138688641,0.170008295741062,0.818498319311688,Reject,"Age, ProgVar",1.72017046062675,0.529564138688641,0.242741475488129,0.792344781030794,Reject,1.72759763835414,Reject,Accept,1.02301068267716
0.739540873802098,0.926559400541736,0.0937708938219031,-0.190868819097905,0.413345286192793,Accept,"Gender, Age, ProgVar",1.61021087445482,0.0937708938219031,-0.20686831323025,0.385198508640966,Accept,1.66799809855145,Reject,Accept,0.895899048559876
0.520378951451594,0.657677010647959,0.268551611628522,0.116740263142631,0.716065593931504,Reject,"Gender, Age, ProgVar",1.25177044739807,0.268551611628522,-0.0301639199812938,0.585669556156175,Accept,1.50384702061658,Reject,Accept,0.845353189434813
0.543869328575689,0.851902048812758,0.368607784193547,0.033737348630418,0.633181290355188,Reject,"Gender, Age, ProgVar",1.56348549272682,0.368607784193547,0.067920302963602,0.65416732384978,Reject,1.46639567157193,Reject,Accept,0.552092482760587
0.294848357204365,0.841839813525766,0.303147756122209,0.130310479347512,0.684680628391253,Reject,"Age, ProgVar",1.43424222618849,0.303147756122209,0.0447470322801299,0.561509679685175,Reject,1.33936583194083,Reject,Accept,0.992570796166405
0.628481485257852,0.866400064050953,0.180699231888804,-0.0947945990817212,0.478084950230763,Accept,"Gender, Age, ProgVar",1.38327971591501,0.180699231888804,-0.110530238068965,0.469629704211855,Accept,1.49799881464293,Reject,Accept,1.11758593468927
0.592450994794332,0.828107860011096,0.206017015223618,-0.028415045185607,0.616388092764829,Accept,"Gender, Age, ProgVar",1.50660302253174,0.206017015223618,-0.090827705879241,0.513087310174384,Accept,1.22858471106436,Reject,Accept,0.542347684864378
0.644029582323998,0.795216010317614,0.0866586159773779,-0.151879174357913,0.43086400533648,Accept,"Gender, Age, ProgVar",1.46716679680879,0.0866586159773779,-0.198157500485711,0.372470959975557,Accept,1.32021787534183,Reject,Accept,0.798124430919208
0.219211592247754,0.839068417508796,0.43405330721727,0.0272924226176309,0.678928995431354,Reject,"Gender, Age, ProgVar",1.00457151113972,0.43405330721727,0.114981820229564,0.730488933214967,Reject,1.12697503148619,Reject,Accept,0.800971275026693
0.187048388972492,0.707948041075074,0.355901021760215,0.170996142577194,0.663592225286651,Reject,"Gender, Age, ProgVar",1.50550079938988,0.355901021760215,0.0917584211225534,0.610647878988716,Reject,1.75213647042281,Reject,Accept,1.09828446291689
0.61107798728338,0.970518761479174,0.0958185099664614,-0.245158217733207,0.338776292584424,Accept,"Gender, Age, ProgVar",1.12180384451083,0.0958185099664614,-0.180197000850662,0.369786338861341,Accept,1.23642569692682,Reject,Accept,0.413017670172173
0.150453086889531,0.832245329854503,0.129517049141983,0.124764936806653,0.573632511237699,Reject,"Gender, Age, ProgVar",1.15619825959271,0.129517049141983,-0.104183852480031,0.372211533908595,Accept,1.11973975901025,Reject,Accept,0.0970188431091583
0.902119462050431,1.0326332554201,0.00654027833439143,-0.330045078136194,0.317150113050038,Accept,"Age, ProgVar, X1",1.84580340455898,0.00654027833439143,-0.285013223313104,0.317792799363919,Accept,1.707952619931,Reject,Accept,0.924661350096842
0.887678007243921,0.881188265534325,0.0727862873963352,-0.216695739095099,0.404557479076299,Accept,"Gender, Age, ProgVar",1.30224301708273,0.0727862873963352,-0.253755316552077,0.387153520072069,Accept,1.58999971871249,Reject,Accept,0.607649760002577
0.315762630722069,0.869512791689797,0.201311734713902,-0.00120874199530654,0.539626681055123,Accept,"Gender, Age, ProgVar",1.34162827613145,0.201311734713902,-0.0722951591087037,0.474646247905429,Accept,1.46012463738885,Reject,Accept,1.18626371586956
0.380805763854809,0.844231963705792,0.316049114246317,-0.114998814145075,0.624865625120456,Accept,"Gender, Age, ProgVar",1.71445876075632,0.316049114246317,-0.0408727101957945,0.64906188839865,Accept,1.5266312741494,Reject,Accept,0.680046224115058
0.45172880224113,0.704847173778571,0.506616049201286,0.242383539702059,0.691252756096579,Reject,"Gender, Age, ProgVar",1.76934887140581,0.506616049201286,0.265094498706679,0.729021161599228,Reject,1.70135371796203,Reject,Reject,1.53722938473244
0.608021091973708,0.819785563847035,0.125487838031635,-0.190861384250906,0.590265156349657,Accept,"Gender, Age, ProgVar",1.20449726767317,0.125487838031635,-0.266953351121667,0.528022858473707,Accept,1.42822863570992,Reject,Accept,0.42009375403088
0.259904979465266,0.863500977204508,0.231372521975261,-0.0233631055812932,0.585622341118232,Accept,"Gender, Age, ProgVar",0.968423831116145,0.231372521975261,-0.0639851129299256,0.534998285807446,Accept,1.29302251589906,Reject,Reject,1.22203786474641
0.523231617653036,0.884542075076691,0.189075141309901,-0.0829238956197172,0.548817389280788,Accept,"Gender, Age, ProgVar",1.2043961416784,0.189075141309901,-0.120504048435215,0.502920077054326,Accept,1.37877251896876,Reject,Accept,1.19723714082279
0.595437019917534,0.799270589843565,0.338572353756362,0.00225014672586044,0.630711719741362,Reject,"Gender, Age, ProgVar",1.61243768591875,0.338572353756362,0.0366184927523466,0.630292434798138,Reject,1.62982965827211,Reject,Accept,1.15313313180544
0.215633410866338,0.779228215489456,0.284287426525962,0.0664512240727062,0.620256147483049,Reject,"Age, ProgVar, X2",1.16271741932942,0.284287426525962,0.0424891203796788,0.554816508099893,Reject,1.23990599058999,Reject,Accept,0.359671902951575
0.339525468023303,0.868287513633962,0.310591861805867,-0.109127241376059,0.621730766633461,Accept,"Age, ProgVar",1.48642036211792,0.310591861805867,-0.0109070710414412,0.62872984545106,Accept,1.59050807417756,Reject,Accept,0.813654963764134
0.42344716789126,0.836808191133198,0.271120016204416,-0.0032540369980258,0.574396088534838,Accept,"Gender, Age, ProgVar",1.60889224998827,0.271120016204416,0.000432956492917153,0.53756873430969,Reject,1.54320899381737,Reject,Accept,0.991130344303762
1.04216777637872,1.00614165139155,0.0895539099875436,-0.187328742788546,0.519655363626039,Accept,"Age, ProgVar",1.81973416341165,0.0895539099875436,-0.241102049600726,0.40017798268772,Accept,1.66356341121414,Reject,Accept,0.527980445837669
0.720630067239675,0.913662692544986,0.172885664121019,-0.15107354805716,0.404021482468373,Accept,"Gender, Age, ProgVar",1.2923778475234,0.172885664121019,-0.125954081447837,0.439733184012008,Accept,1.25578365157824,Reject,Accept,0.485751315955246
0.279657861160619,0.850974323855892,0.306068158411276,0.0672014093759052,0.565618101700628,Reject,"Gender, Age, ProgVar",1.17286684873829,0.306068158411276,0.0612987992157115,0.560458767223164,Reject,1.19791092263984,Reject,Accept,0.684236629152033
-0.308314570828466,0.78573037424323,0.390286863727786,0.325429425749755,0.947367535971124,Reject,"Age, ProgVar",1.13619858197727,0.390286863727786,0.112893645714083,0.666951030109682,Reject,1.05046068904359,Reject,Accept,0.630648940047747
0.761639936759324,0.964095075349141,-0.0809456827997156,-0.230261052471453,0.539706955731682,Accept,"Gender, Age, ProgVar",1.15204498005781,-0.0809456827997156,-0.474173961204226,0.314897962358027,Accept,1.47098441078793,Reject,Accept,0.243542261734589
0.251171191401653,0.8530523302426,0.269699926152381,0.0519105286149458,0.624748628652896,Reject,"Gender, Age, ProgVar",1.73058126752317,0.269699926152381,0.000989084001090552,0.528405246467998,Reject,1.33726138895687,Reject,Accept,0.677855772428763
0.630807378459697,0.902397813537837,0.109039804038375,-0.218810738141346,0.373771197728869,Accept,"Gender, Age, ProgVar",1.18101393341071,0.109039804038375,-0.180043793986629,0.387583464606796,Accept,1.31606571341876,Reject,Reject,1.35443421481579
0.902642029825151,0.889460321297943,0.0763805870708631,-0.145740349074449,0.345908536106619,Accept,"Gender, Age, ProgVar",1.50336972694545,0.0763805870708631,-0.175569035586881,0.315427665081447,Accept,1.41296791128465,Reject,Accept,1.152730304056
0.31082231051075,0.850989895701326,0.376709868776558,-0.0414167170879015,0.740381775203377,Accept,"Gender, Age, ProgVar",1.45799156541796,0.376709868776558,-0.0270290682314673,0.784627102015936,Accept,1.39016303860098,Reject,Accept,1.16122375239265
0.2753561088143,0.773565309350752,0.406058236550518,0.115660300657604,0.649098984807989,Reject,"Age, ProgVar",1.57757058466647,0.406058236550518,0.19138164945583,0.612385160920541,Reject,1.3553733692914,Reject,Accept,0.78513701362409
0.731161594357313,0.937465215765933,0.0631695250308109,-0.195803992091558,0.397124607442527,Accept,"Age, ProgVar",1.64233423792281,0.0631695250308109,-0.206707518249405,0.304373825247117,Accept,1.40896594039286,Reject,Accept,0.860967908229999
0.625989063634395,0.831139880401495,0.228327898321163,-0.0347809247724939,0.541022413572391,Accept,"Gender, Age, ProgVar",1.27480055192671,0.228327898321163,-0.0460904598772894,0.510285938285014,Accept,1.24598070974108,Reject,Accept,0.979013480062722
0.233859818135778,0.771439022778973,0.419158886144836,0.0359628085965266,0.784291032499736,Reject,"Age, ProgVar",1.30009557173431,0.419158886144836,0.102762862933972,0.738582303184197,Reject,1.37680787437774,Reject,Reject,1.31447731836558
0.0082919903105136,0.729500514475088,0.480832936749412,0.257780972814186,0.886225543813437,Reject,"Gender, Age, ProgVar",1.74798733616037,0.480832936749412,0.167991067576792,0.790380504606415,Reject,2.0430215755799,Reject,Reject,1.61233962631888
0.404589272928898,0.736294997008866,0.348767647668045,-0.00167847051016378,0.842767900757734,Accept,"Age, ProgVar",1.7058124421495,0.348767647668045,0.0621060804792085,0.630509030733033,Reject,1.38583696039525,Reject,Accept,0.988459300186756
1.18369005442119,0.921638332942162,0.0534383209270977,-0.382132748519658,0.441299847775472,Accept,"Age, ProgVar",2.18242530492549,0.0534383209270977,-0.323585037469748,0.424499299717352,Accept,1.75648289583871,Reject,Accept,0.768877088150087
0.246313861929734,0.675154979832682,0.318469632107064,0.170194061190599,0.980785658292038,Reject,"Age, ProgVar",1.9185722795937,0.318469632107064,-0.0330293595434321,0.694320884152931,Accept,1.65135403727833,Reject,Accept,0.899050963797736
0.630283684577176,0.975003354057767,0.0558278689730806,-0.213200465264898,0.551474890355367,Accept,"Gender, Age, ProgVar",1.20404684034635,0.0558278689730806,-0.298024524659767,0.385354545133888,Accept,1.27520478315771,Reject,Accept,0.926875169996829
0.639565576666125,1.01163429680623,0.190890819075614,-0.152330583317207,0.594270266741041,Accept,"Gender, Age, ProgVar",1.79693727259751,0.190890819075614,-0.163716886376862,0.551170465864285,Accept,1.63485152153261,Reject,Accept,1.01694515548423
0.229674262952666,0.769055715224516,0.284738962409296,0.030257777937578,0.614222200862048,Reject,"Gender, Age, ProgVar",0.89395882047131,0.284738962409296,-0.00630097227946101,0.563321566862849,Accept,1.01148104048732,Reject,Accept,0.486771943281482
0.277291366868233,0.714275923918954,0.265105317487472,-0.0124267244150647,0.658631116933503,Accept,"Gender, Age, ProgVar",1.08560000058501,0.265105317487472,-0.057036439113306,0.593999860277643,Accept,1.08266362095156,Reject,Accept,0.41494341358085
-0.0186842042978007,0.726042691924941,0.447201589753737,0.132665739229376,0.760530641732218,Reject,"Age, ProgVar",1.19326034282925,0.447201589753737,0.211063778856099,0.709428437478532,Reject,1.2206007678267,Reject,Reject,1.41844976849429
0.698851732651344,0.887353055938527,0.116781403355249,-0.186551934781011,0.622080093966653,Accept,"Age, ProgVar",1.72193160386273,0.116781403355249,-0.20499187170097,0.426324387403083,Accept,1.54161354434459,Reject,Accept,1.15809463351542
0.52015955498538,0.858862173243133,0.247930628779649,-0.0597209592753216,0.709233836219031,Accept,"Age, ProgVar",1.44628955607978,0.247930628779649,-0.0897826422963596,0.577358899171494,Accept,1.48941429186238,Reject,Accept,0.552728060471098
0.935741162073109,0.950027914854324,0.033572325403084,-0.273766219214181,0.320784467039497,Accept,"Gender, Age, ProgVar",1.30361738281661,0.033572325403084,-0.256918581658281,0.294908661444644,Accept,1.40108392841147,Reject,Accept,0.208986646187367
0.669195483846121,0.788634436779826,0.146469588529175,0.000561574776756585,0.529232616871904,Reject,"Gender, Age, ProgVar",1.48147374711792,0.146469588529175,-0.0902194733756586,0.378782496646991,Accept,1.69170680345963,Reject,Accept,0.64035946498527
0.278471371547566,0.864269856531595,0.423873153143563,0.16180520468386,0.724199710555433,Reject,"Gender, Age, ProgVar",1.09868958786041,0.423873153143563,0.153590190650259,0.687650731460996,Reject,1.18792895120486,Reject,Accept,0.755353196399514
0.534848241071538,0.87388301157047,0.291464596710861,-0.0422330166130518,0.725584738348853,Accept,"Age, ProgVar",1.10454267626859,0.291464596710861,0.0060031695177401,0.575345778716367,Reject,1.05793802905301,Reject,Accept,1.02044647440394
0.160868828775139,0.909007311568682,0.354818644894883,0.046902701522514,0.73045575784903,Reject,"Age, ProgVar",1.54119991911229,0.354818644894883,0.0525837390938395,0.651304952821907,Reject,1.60735758965845,Reject,Accept,0.336481526234702
0.377513072050441,0.799882938791814,0.291161475611403,-0.044381450650526,0.755221770447886,Accept,"Age, ProgVar",1.28818258717358,0.291161475611403,-0.0154216112451447,0.610660685667777,Accept,1.13718603577946,Reject,Reject,1.52857950945494
0.703709636259735,0.815937232473869,0.120377887741615,-0.069751082512425,0.477032095058407,Accept,"Gender, Age, ProgVar",1.24348474440016,0.120377887741615,-0.135896753459286,0.385931859867984,Accept,1.1112654759889,Reject,Accept,1.00774958628947
0.608253048340894,0.944866609440588,0.189914790647659,-0.106268387851815,0.493814118294172,Accept,"Gender, Age, ProgVar",1.54014115764743,0.189914790647659,-0.100151007261219,0.468396566713438,Accept,1.62798652629443,Reject,Accept,0.315660656198271
0.456394017941504,0.753727807133064,0.338547728578674,0.0317944013541248,0.654882575592692,Reject,"Age, ProgVar",1.58871401943899,0.338547728578674,0.103138054046865,0.565806594371358,Reject,1.44091019116063,Reject,Accept,0.745280778173938
0.35217681885327,0.740497393911762,0.291810160178366,-0.0168963661408514,0.742234678858813,Accept,"Age, ProgVar",1.77334281033324,0.291810160178366,-0.00642085593450409,0.592575465500206,Accept,1.44449604801523,Reject,Accept,0.611712466953928
0.101765542535,0.806068987310254,0.348611623366375,0.0971621793944802,0.607711014502838,Reject,"Gender, Age, ProgVar",1.58246809930626,0.348611623366375,0.103624817794107,0.591044846256285,Reject,1.44365303538023,Reject,Accept,1.23721676886259
0.537897848359362,0.970044210013618,0.0615258339102858,-0.136139681008797,0.591661936459189,Accept,"Gender, Age, ProgVar",1.29840909543321,0.0615258339102858,-0.316528472248859,0.445839853272468,Accept,1.31706512433394,Reject,Accept,0.497864178914691
0.759700261883782,0.931599003906245,0.241604876559269,-0.204120625716349,0.656399383525774,Accept,"Age, ProgVar",1.86712761871042,0.241604876559269,-0.0744392964066929,0.573543326461211,Accept,1.59105325933582,Reject,Accept,1.06648863351988
0.798945211891341,0.956844276670758,0.250182652155121,-0.261775425025359,0.47272948451817,Accept,"Age, ProgVar",1.56210386478876,0.250182652155121,-0.0677520692469871,0.54883475855797,Accept,1.17514224393325,Reject,Accept,0.181199945672294
0.374042099350303,0.701764582664643,0.386427976164052,0.115415121407234,0.754654811149948,Reject,"Age, ProgVar",1.71485252417129,0.386427976164052,0.122411491779693,0.633500623079653,Reject,1.3732238403206,Reject,Accept,1.20658847405042
0.665307052365151,0.816881858457128,0.118531976414215,-0.0716963554054192,0.387749159244475,Accept,"Gender, Age, ProgVar",1.59832639747704,0.118531976414215,-0.0869910325264379,0.33167010902278,Accept,1.56814827439715,Reject,Accept,0.407763077042661
0.927389144912168,0.977129219863154,0.177415851947637,-0.338923396367822,0.541062523343145,Accept,"Gender, Age, ProgVar",1.29255938884362,0.177415851947637,-0.221897607730285,0.557732514550927,Accept,1.36785783589677,Reject,Accept,0.0832856450403667
0.212340837262826,0.902090117173164,0.200674758162429,-0.0311029668449727,0.726212767246121,Accept,"Age, ProgVar",1.59552030258753,0.200674758162429,-0.118459468012163,0.516123609144239,Accept,1.61488568642161,Reject,Accept,0.753194936442361
0.389164429074918,0.875569625600458,0.475885146105439,0.020662798809177,0.75331214464946,Reject,"Age, ProgVar",1.72217212196805,0.475885146105439,0.16586072661023,0.778137284404077,Reject,1.62910932843009,Reject,Accept,1.27741561609888
0.947229393909567,1.02233599290967,0.0905271047779526,-0.359598925391304,0.319518026530314,Accept,"Gender, Age, ProgVar",1.61252150996654,0.0905271047779526,-0.223945206387159,0.399282957885215,Accept,1.49133703505461,Reject,Accept,1.03105437276266
0.235671075692642,0.86777107077162,0.516239718944139,0.250222310725044,0.956136933728837,Reject,"Gender, Age, ProgVar",1.60908611856276,0.516239718944139,0.148780179755716,0.862732945220771,Reject,1.32750383617479,Reject,Reject,1.39042976802479
0.35507048983647,0.783950456557945,0.123323185141809,-0.0729711969469438,0.519436972032656,Accept,"Gender, Age, ProgVar",1.2461313504718,0.123323185141809,-0.165133615458703,0.381647859251464,Accept,1.51918594214197,Reject,Accept,0.897220610618205
0.187949670033337,0.758946767498252,0.347514722511909,0.204860762262091,0.567781415795806,Reject,"Gender, Age, ProgVar",1.48724458641875,0.347514722511909,0.166215935555689,0.514624579877542,Reject,1.65527025941074,Reject,Reject,1.73685529057441
0.199308911974161,0.635382260940778,0.392535324338432,0.22011639999972,0.743667965446752,Reject,"Gender, Age, ProgVar",1.26063235599708,0.392535324338432,0.0961038564854142,0.67288174641216,Reject,1.52999643797051,Reject,Reject,1.4792659033899
0.422412564188655,1.03972137002902,0.351023379192614,-0.121030153510247,0.619755860530104,Accept,"Gender, Age, ProgVar",1.04671684938095,0.351023379192614,0.0117698339006983,0.692926799057933,Reject,1.43495801073645,Reject,Accept,0.818917964324851
0.666184612667327,0.854986096897522,0.151101570156967,-0.497393696930797,1.0345149583645,Accept,Age,2.53690148675952,0.151101570156967,-0.247396658291557,0.54272057418282,Accept,1.71051041793933,Reject,Accept,0.943437276552558
0.784522036572737,0.62399106926799,0.245626237670709,0.0400022513545664,0.534378101103618,Reject,"Gender, Age, ProgVar",1.8121980228947,0.245626237670709,-0.00916050175011145,0.496948476904869,Accept,1.65770423211487,Reject,Accept,0.981038400878961
0.690695915130041,0.890198531302198,0.142471181041603,-0.186700715557332,0.433676887636183,Accept,"Gender, Age, ProgVar",1.19415101518225,0.142471181041603,-0.155000880746686,0.427177752689821,Accept,1.21175708391922,Reject,Accept,0.88241448616015
0.430972594220545,0.760875052230465,0.197447316625485,-0.00394309708403236,0.502603852512416,Accept,"Gender, Age, ProgVar",1.55594925630975,0.197447316625485,-0.0620565562020383,0.446470268376942,Accept,1.58864568264112,Reject,Accept,0.788771634553744
0.310201076510443,0.514457640519609,0.476765038300865,-0.0785956091864194,1.01486478923658,Accept,"Age, ProgVar",1.08370653994553,0.476765038300865,0.0968584564766287,0.867371604801078,Reject,1.11773479022291,Reject,Reject,0.844010222120748
1.18523520753185,0.997647097718141,-0.241817257969757,-0.544329501618653,0.125239181946958,Accept,"Gender, Age, ProgVar",1.60223657765213,-0.241817257969757,-0.565616178617544,0.0839626071400081,Accept,1.62699552468526,Reject,Accept,0.344006975192662
0.921338819724239,1.04794753475971,0.170682471480547,-0.149795676861203,0.471080545107805,Accept,"Gender, Age, ProgVar",1.60783346017381,0.170682471480547,-0.150302772598535,0.471462301579497,Accept,1.33831808848644,Reject,Accept,1.19642695156848
0.948067292687458,0.861829175031483,0.175559571330408,-0.0721338104298902,0.392033937125654,Accept,"Gender, Age, ProgVar",1.70446241020403,0.175559571330408,-0.0428950904675649,0.402005398209397,Accept,1.64455353791017,Reject,Accept,0.232479115263248
0.287439014906035,0.818750052290627,0.210270322571042,-0.00133947941582148,0.748520608271201,Accept,"Age, ProgVar",2.11164926691017,0.210270322571042,-0.108555338174012,0.506275987468012,Accept,1.86762266190295,Reject,Accept,0.88433776676671
0.621866400278926,0.941053748861343,0.143172058575219,-0.287161071706928,0.641372928341561,Accept,"Age, ProgVar",1.90295327431222,0.143172058575219,-0.209382619139126,0.486042487513751,Accept,1.55949179438635,Reject,Accept,1.10769610369615
0.87890766531692,0.998749730570258,0.270192214320699,-0.134435619348293,0.670448055749702,Accept,"Gender, Age, ProgVar",1.72777798973775,0.270192214320699,-0.130828584765576,0.669724593376673,Accept,1.91326725081888,Reject,Accept,0.297305717846764
0.664094340347452,0.937625813319829,0.198194641054925,-0.0554865705763225,0.540394958621014,Accept,"Gender, Age, ProgVar",1.20406767441939,0.198194641054925,-0.0937186251765769,0.494152926751143,Accept,1.40969414774062,Reject,Accept,0.591241396636642
0.0934909458113962,0.787189364449247,0.4363701043023,-0.0453836139465767,0.76100674296904,Accept,"Age, ProgVar",1.4865646408269,0.4363701043023,0.0964474232230799,0.785211521470792,Reject,1.37202379069038,Reject,Accept,0.870394241623139
0.44161742478311,0.821245083852038,0.211561951704664,-0.128808183694012,0.624416651143893,Accept,"Age, ProgVar",1.83227043338092,0.211561951704664,-0.090300096256994,0.525823698570227,Accept,1.73369459419115,Reject,Reject,1.31858792762801
0.632655525493198,0.858407744741917,0.0233043106555247,-0.25520468852559,0.469652750441861,Accept,"Gender, Age, ProgVar",1.41793158669062,0.0233043106555247,-0.335999835172374,0.366525930277066,Accept,1.55844083107913,Reject,Accept,0.845932226160017
0.641714480613925,0.657926000873747,0.423832192764148,-0.183797350653178,0.85352597122797,Accept,"Age, ProgVar",2.50633920085951,0.423832192764148,0.0477010700801122,0.804466855438916,Reject,1.87506266570853,Reject,Accept,0.836125236725229
0.417619723223104,0.905380720095868,0.167832341556264,0.133299136199899,0.793814713760346,Reject,"Age, ProgVar",1.07455569049762,0.167832341556264,-0.128165042219445,0.437456987676007,Accept,1.39762447777431,Reject,Accept,0.543365599465601
0.904177352178302,0.894417899501988,0.266107171261881,-0.112520577250803,0.46574935493018,Accept,"Gender, Age, ProgVar",1.41316308095484,0.266107171261881,-0.010829979657347,0.525204497607983,Accept,1.36526509087036,Reject,Accept,0.777878276736082
0.566686872960966,0.649889893882312,0.380433793945238,0.140089813163771,0.709281003540848,Reject,"Gender, Age, ProgVar",1.89294555529464,0.380433793945238,0.119280314215732,0.644079261126592,Reject,1.68064170571129,Reject,Reject,1.23249127191772
0.513357453540614,0.910502865816133,0.194443652182079,-0.0484964426315048,0.450880295947144,Accept,"Gender, Age, ProgVar",1.57922282463265,0.194443652182079,-0.0458737979341353,0.444940384325838,Accept,1.44803062788736,Reject,Accept,0.733042283697372
0.307230532591005,0.79900786679986,0.281341878660115,0.00832292561419352,0.555537906934451,Reject,"Gender, Age, ProgVar",1.1695386947495,0.281341878660115,0.0116068641149884,0.553035444214837,Reject,1.09050696315745,Reject,Accept,0.945017992362572
0.499132985037255,0.825044181763177,0.263521163760078,-0.026644364372743,0.621491500493304,Accept,"Gender, Age, ProgVar",1.84466510803673,0.263521163760078,-0.0491393318665868,0.570945210593198,Accept,1.67375726541436,Reject,Accept,0.313030853926467
0.609407917810946,0.866491491445773,0.468736781031494,-0.0257216775161501,0.657169663430532,Accept,"Age, ProgVar",1.3905395403972,0.468736781031494,0.167682387352762,0.742049691406872,Reject,1.55468863533179,Reject,Accept,1.08886603256782
0.670667851692924,1.04141491429012,0.136303054725714,-0.0571545769639713,0.458318918665386,Accept,"Gender, Age, ProgVar",1.5252323788244,0.136303054725714,-0.126531225668418,0.383606729344156,Accept,1.39969721653352,Accept,Accept,0.82368766307605
0.472433234772657,0.947463307776109,0.0585365726015405,-0.10012365286166,0.373726234229821,Accept,"Gender, Age, ProgVar",1.69290497245328,0.0585365726015405,-0.166957438473417,0.274803217403889,Accept,1.47147849130067,Accept,Accept,0.675004308789934
0.68128869769783,0.861327985108588,0.20060638365676,-0.0424145809881765,0.485331294674566,Accept,"Gender, Age, ProgVar",1.13769781245629,0.20060638365676,-0.0691359310156336,0.463762209804671,Accept,1.48797503259338,Reject,Accept,0.400478862319748
0.0862602399996967,0.820358949575673,0.15626566929523,-0.0241637488244431,0.764915029380723,Accept,"Age, ProgVar",0.814199647466505,0.15626566929523,-0.182218970451698,0.484548110728344,Accept,1.13638065446459,Reject,Accept,0.897780490672708
0.5320328631616,0.776097930562067,0.362288365872628,-0.0395838024506969,0.618771128515328,Accept,"Gender, Age, ProgVar",1.37717593189096,0.362288365872628,0.0560520305926148,0.656732651676394,Reject,1.39785415479136,Reject,Reject,1.16991629680185
0.555909195635917,0.90652720103068,0.341241020023952,0.0637195978359417,0.688499357517122,Reject,"Gender, Age, ProgVar",1.79732117226663,0.341241020023952,0.0439096690126392,0.649275686173762,Reject,1.96320642214367,Reject,Accept,0.512672019137783
1.19276694639157,1.10580771946926,-0.182745150274177,-0.695948569541086,0.307076348233221,Accept,"Gender, Age, ProgVar",1.05040261211556,-0.182745150274177,-0.680626448012461,0.298964309522337,Accept,1.36392731878062,Reject,Accept,0.78746937997335
0.330697289157525,0.935605568412758,0.363151714057701,-0.0185999381228211,0.629528113556059,Accept,"Gender, Age, ProgVar",1.53270324549896,0.363151714057701,0.0542649427664339,0.685647716837593,Reject,1.39097081188821,Reject,Accept,0.275827788598824
0.525346174348614,0.954079173077146,0.20995083958482,-0.226689972312112,0.512296043629849,Accept,"Gender, Age, ProgVar",1.51337337976108,0.20995083958482,-0.147135460716515,0.55962943447434,Accept,1.66038444182711,Reject,Accept,1.04139668333107
0.851541817810417,0.931748098784143,0.00264800850590989,-0.279234941649875,0.385336640000694,Accept,"Age, ProgVar",1.09701007169824,0.00264800850590989,-0.247961207375491,0.279962067675268,Accept,1.18581615914333,Reject,Accept,0.408714283068676
0.368658906537315,0.867047277981081,0.260136506751687,0.0121778823469731,0.506380243329362,Reject,"Gender, Age, ProgVar",1.35041316540048,0.260136506751687,0.0117142225151886,0.489890497996796,Reject,1.25436350591321,Reject,Reject,1.60073342250559
0.59969775562982,0.832533905746323,0.309093388081692,-0.0491973182299521,0.755365460580222,Accept,"Age, ProgVar",1.85510715015017,0.309093388081692,-0.00614861528546169,0.6270740209921,Accept,1.42438002474917,Reject,Accept,0.961348598367976
0.095801786665475,0.724445520940289,0.559639951282875,0.229832052422695,0.922140174759068,Reject,"Gender, Age, ProgVar",1.9240568050453,0.559639951282875,0.243927525282727,0.872457386449465,Reject,1.64037265314303,Reject,Accept,1.1379108676188
0.539721471658476,0.78140697137799,0.185948977511318,-0.216668540806758,0.867667756785997,Accept,"Age, ProgVar",1.61425711047622,0.185948977511318,-0.272792628271159,0.650318454686654,Accept,1.7461456115317,Accept,Accept,1.07495233521712
0.659206325450093,0.746412029538232,0.21313310505143,0.0401446308069082,0.537662419845527,Reject,"Gender, Age, ProgVar",1.4057828201828,0.21313310505143,-0.0358054192534892,0.485291467697377,Accept,1.40572984061662,Reject,Accept,0.695329994405695
0.0531958420084689,0.703205736182885,0.52923162096653,0.368011600735194,0.774026404065053,Reject,"Gender, Age, ProgVar",1.62151346901651,0.52923162096653,0.327362965815151,0.723979221183544,Reject,1.38364548236839,Reject,Accept,0.899339640082971
-0.125356063946468,0.769708608780205,0.500613117818636,0.229667843132626,0.965101036438038,Reject,"Gender, Age, ProgVar",1.69285744666912,0.500613117818636,0.0876926565695947,0.869559436789465,Reject,1.46154540725146,Reject,Reject,1.37192597498977
0.207942120511172,0.698588449458651,0.296176524182818,0.104318575472551,0.605661785100402,Reject,"Gender, Age, ProgVar",1.11604866587174,0.296176524182818,0.0477785072850557,0.542116916137583,Reject,1.31607395941817,Reject,Accept,0.901036497446121
0.479627936353724,0.900481702062651,0.218686846727192,-0.0989958578579877,0.775894654736159,Accept,"Gender, Age, ProgVar",2.45113744639086,0.218686846727192,-0.192424161075799,0.619636526122403,Accept,1.96966764200831,Accept,Accept,0.445655068714532
0.177232517615829,0.724091597317221,0.420845245865207,0.128351887990635,0.780542825075624,Reject,"Gender, Age, ProgVar",1.346328512354,0.420845245865207,0.0735601392618727,0.762536070942759,Reject,1.6069250503817,Reject,Accept,0.494182805415539
0.3176535868921,0.814783951553609,0.263700153725446,-0.000776218182727014,0.520713378416175,Accept,"Age, ProgVar",0.954906868189663,0.263700153725446,0.019594041625562,0.509249524900349,Reject,1.074734446396,Reject,Accept,1.05810386045897
0.683515752804046,0.77451205611882,0.327022494879958,-0.00354948001262,0.569918889087086,Accept,"Age, ProgVar",1.54783470612755,0.327022494879958,0.081985032401303,0.595007193370881,Reject,1.5151322403923,Reject,Reject,1.34321451737473
0.422357693779974,0.926269319982127,0.292209833382464,-0.123193050299126,0.65074147823951,Accept,"Gender, Age, ProgVar",1.54535695631846,0.292209833382464,-0.0747070310496114,0.646448301862585,Accept,1.42726781992347,Reject,Accept,0.459403444095849
0.950253473573539,0.905305991683976,0.00355374216106401,-0.20225653135818,0.371935885980147,Accept,"Gender, Age, ProgVar",1.42225830568885,0.00355374216106401,-0.284470346577425,0.299449436202353,Accept,1.33437982917895,Reject,Accept,0.888570751963877
0.327031199400723,0.892325807337085,0.279878951053731,0.0225343881079203,0.671486468548744,Reject,"Gender, Age, ProgVar",1.50992578045053,0.279878951053731,-0.0120618304614232,0.57442496333755,Accept,1.33217838692124,Reject,Accept,0.745846458866782
1.44157971345536,1.01290852842847,-0.140376809207514,-0.645225519165377,0.0841361483532314,Accept,"Age, ProgVar",1.88481086975724,-0.140376809207514,-0.410214097746967,0.125756005737677,Accept,1.48115327457774,Accept,Accept,0.384478566720319
0.204806814459543,0.866215931823577,0.222753732057996,0.147411077736186,0.932110153083977,Reject,"Age, ProgVar",1.3883536474571,0.222753732057996,-0.118781851881174,0.56671228792194,Accept,1.82483588558589,Reject,Accept,0.415077846066881
0.192653980514456,0.843684437808663,0.334183137794828,-0.059480792022502,0.718947367647806,Accept,"Gender, Age, ProgVar",1.4689088492446,0.334183137794828,-0.0472840152081628,0.703613126320815,Accept,1.34284508343526,Reject,Accept,0.922630182486433
0.230994552505631,0.868727351360184,0.30760324861443,0.124832217692738,0.61380550649238,Reject,"Gender, Age, ProgVar",1.70289116937807,0.30760324861443,0.052373302205388,0.54965911878473,Reject,1.67112875523341,Reject,Accept,0.467274765949441
1.10482652626864,0.94240836653798,0.00359886785718431,-0.280278526280948,0.31349405442482,Accept,"Gender, Age, ProgVar",1.5017141598279,0.00359886785718431,-0.367907210197369,0.318225778060831,Accept,1.49010750035454,Reject,Accept,1.03090901385674
0.740186402179858,0.893824279205177,0.0609631775741621,-0.158059907981318,0.376338205568372,Accept,"Gender, Age, ProgVar",1.09293511442114,0.0609631775741621,-0.221798078442323,0.358038771039456,Accept,1.33924542857509,Accept,Reject,1.25708478313177
0.658846040732836,0.905045500367493,0.146626966456435,-0.0707077098691506,0.461626576895964,Accept,"Gender, Age, ProgVar",1.51480256493513,0.146626966456435,-0.126189660805467,0.418140718173658,Accept,1.70186368006342,Reject,Accept,0.590281288038787
0.729045980026116,1.03562894128186,-0.0723615342565112,-0.362181246873815,0.326954467637375,Accept,"Age, ProgVar",1.19156300189165,-0.0723615342565112,-0.364547912760976,0.228037305121018,Accept,1.30907693319039,Reject,Accept,0.562440166899213
0.414245310837915,0.8147981023143,0.172727862281781,-0.0170911291562148,0.547455816105163,Accept,"Age, ProgVar",2.19595782645297,0.172727862281781,-0.0582844142518045,0.417896263921402,Accept,1.73265057955766,Reject,Accept,0.525908681626962
1.04234145387566,0.853749456790236,0.0660250484527303,-0.342254865243989,0.37934420339411,Accept,"Age, ProgVar",1.98222490390099,0.0660250484527303,-0.267814148292555,0.389376991993073,Accept,1.91527935556812,Reject,Accept,0.99409737393917
-0.331876595671441,0.76967934432082,0.504011506446454,0.138600414141099,0.912805720181098,Reject,"Gender, Age, ProgVar",1.62131583808846,0.504011506446454,0.115954585623333,0.896859420421142,Reject,1.51038186174201,Reject,Accept,1.14506809355371
0.386697820962748,0.812465228072013,0.257105121776532,-0.00341189776867916,0.806928766812514,Accept,"Age, ProgVar",1.49352712041692,0.257105121776532,-0.100764279653763,0.585766277697629,Accept,1.47527128304918,Reject,Accept,0.69911006524871
0.657376440683085,0.855686501586203,0.250837557114046,-0.0433873931833348,0.649794841172438,Accept,"Age, ProgVar",2.29426411095721,0.250837557114046,-0.0374885391020996,0.557426353519654,Accept,1.77871843181993,Reject,Accept,1.27002961696542
1.69381580970028,1.28184232332768,-0.119360516576512,-1.30184612896796,-0.0476995296319384,Reject,Age,2.06830176988323,-0.119360516576512,-0.571946270034097,0.328484738525704,Accept,1.83610257541374,Accept,Accept,0.8919751198288
0.321758693204184,0.781381671014069,0.553238018522691,0.152808653706607,0.818855493993581,Reject,"Gender, Age, ProgVar",1.50331728091304,0.553238018522691,0.235623759990682,0.853110655428034,Reject,1.43006395450871,Reject,Accept,0.877330296894702
0.577109701318435,0.828613260215133,0.333793825339407,0.0264033731086183,0.546240222086419,Reject,"Gender, Age, ProgVar, X2",1.22674472302484,0.333793825339407,0.0763657282032821,0.601676650793431,Reject,1.42829250628979,Reject,Reject,1.31258254502384
0.579302288992055,0.820243593362159,0.446450152660553,0.0973278776409842,0.763889116198015,Reject,"Gender, Age, ProgVar",1.88993340510491,0.446450152660553,0.110427334126444,0.784540163685017,Reject,1.59310473792807,Reject,Reject,1.42706891455547
0.463957317629412,0.730442845243163,0.198817386622564,-0.0168242158627555,0.550060760082502,Accept,"Gender, Age, ProgVar",1.43767792045199,0.198817386622564,-0.0721319400453387,0.471821842764755,Accept,1.29588200358798,Reject,Reject,1.31396958037886
1.03047099983403,0.889002023097174,0.140689503878156,-0.220519072562664,0.430190182491633,Accept,"Gender, Age, ProgVar",1.36323311484987,0.140689503878156,-0.18657895244005,0.475571125467378,Accept,1.35123900468347,Reject,Accept,0.74187851636382
0.609753890046325,0.835239807675567,0.247843196312995,-0.0754106208321463,0.629865665261851,Accept,"Gender, Age, ProgVar",1.24034372307809,0.247843196312995,-0.0667172550021263,0.609078836825802,Accept,1.49017439633954,Reject,Accept,0.942750335266315
1.26880831716425,1.13938867712682,-0.119018967962191,-0.455023444731218,0.23305036322029,Accept,"Gender, Age, ProgVar",1.50502415004973,-0.119018967962191,-0.460815273574906,0.212404572458151,Accept,1.47383359596488,Reject,Accept,0.0831455314561543
0.201700503556277,0.809898854533297,0.560279273572625,0.0499831698025036,0.885607472763835,Reject,"Age, ProgVar",1.60725845085461,0.560279273572625,0.241194810599353,0.88508406524459,Reject,1.56374531633969,Reject,Accept,0.552840966708076
0.53803438668427,0.827211073446466,0.291392776445891,0.0338343713809873,0.494767209686059,Reject,"Gender, Age, ProgVar",1.05251391586631,0.291392776445891,0.0554942117258639,0.532499224130637,Reject,1.20593119135058,Reject,Accept,0.752913835807115
0.351017570109017,0.773718841748972,0.332399846187081,-0.0350401369068069,0.761643136010282,Accept,"Age, ProgVar",1.172176110478,0.332399846187081,0.0360355658752718,0.625814028199355,Reject,1.46986672909044,Reject,Accept,0.125411478185398
0.161089598273588,0.713586101361906,0.454892962288911,0.172094270874127,0.857631149664308,Reject,"Age, ProgVar",1.61606893637339,0.454892962288911,0.111501093693776,0.794344257608428,Reject,1.16846630932885,Reject,Accept,1.12310725273664
-0.665113608304717,0.52054985000853,0.574848557734394,0.480531985977905,1.14365992934454,Reject,"Age, ProgVar",1.52907739537516,0.574848557734394,0.303347840357225,0.848434310940017,Reject,1.57666187050307,Reject,Accept,0.633838934563789
0.279111767310515,0.809992367627314,0.209930236568722,-0.0380775189897766,0.78612701837143,Accept,"Gender, Age, ProgVar",1.52247113834249,0.209930236568722,-0.167729110082839,0.58984178596743,Accept,1.36793549645143,Reject,Accept,0.714636236642095
0.614097750455072,0.732188956005805,0.318956629741172,0.0186422287673796,0.665959813263087,Reject,"Gender, Age, ProgVar",1.98183571320493,0.318956629741172,-0.0166178578385905,0.639573682831456,Accept,1.79555502492747,Reject,Reject,1.68318512981665
0.525623339990072,0.74746137389294,0.209722356213194,-0.0425688516282414,0.495567934302601,Accept,"Gender, Age, ProgVar",1.4133981673644,0.209722356213194,-0.0389233487549555,0.478942035140791,Accept,1.53955531467945,Reject,Accept,0.615501795435743
0.73654797111882,0.97370369370761,-0.0586585288259362,-0.37281765553184,0.380043368521026,Accept,"Age, ProgVar",1.35731173532722,-0.0586585288259362,-0.376190935707805,0.269130205986595,Accept,1.51744998961506,Accept,Accept,0.575453949947532
0.419902080939359,0.70285089678414,0.467124320576011,0.22841332741195,0.861738361152937,Reject,"Gender, Age, ProgVar",1.30896121093934,0.467124320576011,0.161662957854982,0.817229971351526,Reject,1.6069746942106,Reject,Accept,0.0807041756960428
0.128502315430129,0.742741076279424,0.454763914795212,0.268359117151615,0.790939504241395,Reject,"Age, ProgVar",1.62573198978837,0.454763914795212,0.223549136239247,0.67037969817001,Reject,1.37756755651229,Reject,Reject,1.61133103543611
-0.143673199296019,0.589156780206789,0.527476816132363,0.230167640113155,1.28222422018827,Reject,"Age, ProgVar",1.78573695405723,0.527476816132363,0.141020382452712,0.945747773676337,Reject,1.62016291135541,Reject,Accept,0.412616676365316
0.503039209524225,0.765090948000143,0.391874125095208,0.151028032098631,0.66757898692949,Reject,"Gender, Age, ProgVar",1.74287535263473,0.391874125095208,0.129096190873765,0.636955187316993,Reject,1.63205741511718,Reject,Accept,1.28941714081728
0.47776415007877,0.939969378637878,0.0507958054121205,-0.178557196122315,0.321034243235873,Accept,"Gender, Age, ProgVar, X2",1.5449200396954,0.0507958054121205,-0.204177941974949,0.288914301205725,Accept,1.35035450495554,Reject,Accept,0.813684196485048
0.546672861636058,0.830656892133201,0.176193706362057,-0.208695767762759,0.559573822657359,Accept,"Age, ProgVar, X2",1.69585143252905,0.176193706362057,-0.149504389729003,0.491205102896395,Accept,1.3184726497242,Reject,Accept,0.946961454767264
0.695393933895719,0.833997861429261,0.204027389961038,-0.00992050725882872,0.589145393027984,Accept,"Gender, Age, ProgVar",1.38570967337351,0.204027389961038,-0.0799868659394464,0.494063332032315,Accept,1.27027995333226,Reject,Accept,1.06509011830657
0.551030750873916,0.791865851890253,0.265512569666552,-0.0650343130133967,0.496880572390291,Accept,"Gender, Age, ProgVar",1.60370633242191,0.265512569666552,-0.00207986519547189,0.536820746218316,Accept,1.42581811153358,Reject,Accept,1.06539661002043
0.164199858439558,1.03784873923275,0.326722969711965,-0.149920054345042,0.782339096523039,Accept,"Gender, Age, ProgVar",1.43587746905445,0.326722969711965,-0.151287614243312,0.786170075127446,Accept,1.65164761226502,Reject,Accept,0.360783094416854
0.520621579814194,0.859587135268588,0.394457039877689,-0.0437517457582428,0.626716316157524,Accept,"Age, ProgVar",1.70784496676149,0.394457039877689,0.0942128942636373,0.698868346774407,Reject,1.68230713151339,Reject,Accept,0.441554888650916
0.726705205759738,1.13241327750462,0.397348013971767,-0.5566267462618,0.666342289869913,Accept,"Age, ProgVar",1.15351284411231,0.397348013971767,-0.110933350713746,0.897692212151719,Accept,1.09820141112982,Reject,Accept,0.507874699834568
0.421439918535867,0.718670034746121,0.374813074283756,-0.067336751989109,0.778059371803369,Accept,"Gender, Age, ProgVar",1.94797926237622,0.374813074283756,-0.0529830364563367,0.773122576557038,Accept,1.93479760923059,Reject,Accept,0.924021713819999
0.496940198839251,0.925800048790657,0.333690706827085,0.070344186581578,0.835556348566806,Reject,"Gender, Age, ProgVar",1.76957468878892,0.333690706827085,-0.0595194306000588,0.740997935283318,Accept,1.63190352313929,Reject,Accept,0.951833677539505
0.685157791153412,0.767032002486692,0.0915114116597585,-0.0537088275076546,0.471451542399016,Accept,"Gender, Age, ProgVar",1.62768746825003,0.0915114116597585,-0.115517132425763,0.324709330903575,Accept,1.28684061141396,Accept,Accept,0.725245352314358
0.74669882802592,0.795763911071692,0.416158159456172,-0.0485997829132517,0.891257719259872,Accept,"Age, ProgVar",1.85170734283915,0.416158159456172,0.0394928660651963,0.796218117820273,Reject,2.00476400629326,Reject,Accept,0.850777944985003
1.0067132470481,0.949030380895548,0.160076078031759,-0.277698539551257,0.481013196780937,Accept,"Gender, Age, ProgVar",1.80024167863921,0.160076078031759,-0.19025816727208,0.498177553252179,Accept,1.68583706083046,Reject,Accept,0.35264622839606
-0.142836873075144,0.771098164399262,0.392806977327365,0.144805308378117,0.957678807009974,Reject,"Age, ProgVar",1.52266750322228,0.392806977327365,0.0773181543915163,0.690179750783248,Reject,1.53469530945336,Reject,Accept,0.46420259551237
0.396272635509869,0.839730523556341,0.312651946759923,0.0574413045325266,0.582348414852706,Reject,"Gender, Age, ProgVar",1.15017910879694,0.312651946759923,0.0358331579553583,0.571554821140695,Reject,1.26967390345966,Reject,Reject,1.45172975305034
N/A,N/A,N/A,N/A,N/A,N/A,N/A,N/A,N/A,N/A,N/A,N/A,N/A,N/A,N/A,N/A
-0.737054416304356,0.570717537040449,0.570657917400137,0.396192935665566,1.75632453801212,Reject,ProgVar,1.85590353678187,0.570657917400137,0.188546799376813,1.00492172915702,Reject,1.52876093500819,Reject,Accept,0.665122337708021
0.904316284442414,0.855496225158997,0.048463468873512,-0.221887348136375,0.535598908071407,Accept,"Gender, Age, ProgVar",1.85633913069097,0.048463468873512,-0.341791339763614,0.459056987922654,Accept,1.59024052405039,Reject,Accept,0.852195697121012
0.688046065738409,0.821538019484681,0.0759821145811121,-0.0628252755794815,0.627741500686638,Accept,"Age, ProgVar",1.73143352415299,0.0759821145811121,-0.18968943931862,0.339110145663403,Accept,1.36260307333418,Reject,Accept,0.937260486067031
0.60611664234029,0.815220976167245,0.271849507019983,0.0317526846782387,0.568185973827307,Reject,"Gender, Age, ProgVar",1.84692303897702,0.271849507019983,0.0176565365580555,0.528386644180545,Reject,1.28261259562997,Reject,Accept,0.901661169248007
0.760269460058926,0.917481385143181,0.261764928789824,-0.00871741922931393,0.505335210395172,Accept,"Gender, Age, ProgVar",1.56156690305243,0.261764928789824,0.00485569361330421,0.500565603159207,Reject,1.57328500857885,Reject,Accept,1.01920531080356
1.13185921986735,1.02959299566336,0.0148487673664071,-0.302220252921722,0.321122973402715,Accept,"Gender, Age, ProgVar",1.33052468837533,0.0148487673664071,-0.325320240932255,0.336033330218797,Accept,1.39682190464737,Reject,Accept,0.85781535454124
0.433164765791831,0.930581001945322,0.316345215629331,-0.0171901809270779,0.657212685831528,Accept,"Gender, Age, ProgVar",1.50649729886991,0.316345215629331,-0.0217362939691037,0.650806250210927,Accept,1.59654013585674,Reject,Accept,1.39899235453694
-0.200169818275782,0.726682959479127,0.472036116301399,0.140074649647161,0.77006013836541,Reject,"Age, ProgVar",1.28441940796449,0.472036116301399,0.20603300932263,0.725614083286006,Reject,1.27191454788668,Reject,Accept,0.336241539088562
0.713619591407437,0.976093510159836,0.088839765889543,-0.155213018083359,0.585560664850354,Accept,"Gender, Age, ProgVar",1.22724864720045,0.088839765889543,-0.240627747779083,0.441502514621933,Accept,1.32676635922423,Reject,Accept,0.654174537556687
0.546151176199683,0.686325464578062,0.359929561619006,0.0597861163060987,0.661643682377342,Reject,"Gender, Age, ProgVar",1.48653447804886,0.359929561619006,0.0305538179753186,0.655044301181858,Reject,1.48720242723696,Reject,Accept,0.313985261962072
0.375624211126686,0.860099033762566,0.272944649383823,-0.0132867951347637,0.469170558205882,Accept,"Gender, Age, ProgVar",1.29894823272521,0.272944649383823,0.0385347485317121,0.510470815944136,Reject,1.20155443132163,Reject,Accept,1.09393934280161
0.454841084640478,0.745319590305369,0.339078155351976,0.0545963765974596,0.603650590923995,Reject,"Gender, Age, ProgVar",1.33597794817868,0.339078155351976,0.0576229146622809,0.587110289664585,Reject,1.41562239599175,Reject,Accept,1.25776021084227
0.652455142170156,0.976081544433111,0.120703484760239,-0.125605435570057,0.401955319672215,Accept,"Gender, Age, ProgVar",1.44710567582613,0.120703484760239,-0.134870312227697,0.363747754328535,Accept,1.39593095711794,Accept,Accept,1.40109988784531
0.264205592049848,0.766695907888883,0.332470852158955,0.115867343672072,0.901847037659704,Reject,"Age, ProgVar",1.26968663881741,0.332470852158955,0.0120958899619402,0.643475485254497,Reject,1.60026250878198,Reject,Accept,0.92872378437237
0.868478831828237,0.800731724234363,0.315808567001009,0.0119400399768105,0.560667504033166,Reject,"Gender, Age, ProgVar",1.96305157276687,0.315808567001009,0.0644642119789338,0.569457294518491,Reject,1.79144502126157,Reject,Accept,0.384552014458947
0.689878500072167,0.727459834563313,0.293854255222644,-0.0664119699664993,0.504213913957662,Accept,"Gender, Age, ProgVar",1.43228809575855,0.293854255222644,0.00832317304751693,0.580295112394663,Reject,1.44839040310327,Reject,Accept,0.647749215845854
0.569807803615585,0.842209179700089,0.286165634375996,0.0236149115148406,0.643563351844071,Reject,"Age, ProgVar",2.41202861816355,0.286165634375996,-0.0102555300176641,0.550106824032802,Accept,1.81201375841684,Reject,Accept,1.37940736536157
0.650375298338426,0.752725252743731,0.229759637278882,-0.013206347776056,0.419826371683296,Accept,"Gender, Age, ProgVar",1.03917115259229,0.229759637278882,0.0293917794051481,0.424632212519996,Reject,1.39345093772857,Reject,Accept,0.768593387765854
0.760089042790639,1.07339589561515,0.35324180667552,-0.115552924146528,0.665204677511579,Accept,"Gender, Age, ProgVar",1.47641720458058,0.35324180667552,-0.0251931465162579,0.720787384210497,Accept,1.43400608844334,Reject,Accept,0.874530796220907
0.85683549341969,0.934254729235616,0.13847621499981,-0.130679557783719,0.416873784958907,Accept,"Age, ProgVar",0.98755457044938,0.13847621499981,-0.10402011350195,0.373294986990476,Accept,1.17713498537983,Reject,Accept,0.221041405771219
0.225683375756352,0.683715017975256,0.469338277374387,0.164752920024772,0.940584420067437,Reject,"Age, ProgVar",1.69836351115376,0.469338277374387,0.14567885791022,0.796608559865807,Reject,1.62362548814678,Reject,Reject,1.54796152055606
0.583543242279707,0.770558116232698,0.30039479104106,0.00603050793195645,0.550520489334374,Reject,"Gender, Age, ProgVar",2.0237793827417,0.30039479104106,0.0424535630955009,0.584020691830882,Reject,1.93471562897426,Reject,Reject,1.40290365376536
0.598396272254583,0.767893852589212,0.287860245295634,0.127386385790773,0.459506641473711,Reject,"Gender, Age, ProgVar",1.78286870141044,0.287860245295634,0.11951485775068,0.470914254740667,Reject,1.55481398332243,Reject,Accept,1.47043489528865
0.216970328628287,0.899870301824714,0.44184537568659,0.0460809150404416,0.853200171259551,Reject,"Gender, Age, ProgVar",1.47462900503503,0.44184537568659,0.0436441361760346,0.832532276361232,Reject,1.62212911261484,Reject,Accept,0.331767361349183
0.658376229283582,0.841734273854994,0.192418121556459,-0.1043938836502,0.763868199643645,Accept,"Age, ProgVar",1.51734399767867,0.192418121556459,-0.124173234483265,0.506638005417102,Accept,1.51522443138301,Reject,Accept,0.84974196556341
0.987276393836072,1.02701914440217,-0.112319137481264,-0.465568311275152,0.235469223622885,Accept,"Gender, Age, ProgVar",1.23186791536591,-0.112319137481264,-0.448809016519816,0.23824998939729,Accept,1.28045927445925,Accept,Accept,0.760305270990157
0.719317528401923,0.94899252544583,0.14685072615891,-0.119119198386305,0.42895168338031,Accept,"Gender, Age, ProgVar",1.61907154671444,0.14685072615891,-0.129716367373027,0.437366165440668,Accept,1.35411945828641,Reject,Reject,1.67018329028907
0.507730229077186,0.815590004417035,0.332748856018812,-0.0812664475401065,0.552394225546486,Accept,"Gender, Age, ProgVar",1.22343610637034,0.332748856018812,0.0417251759739734,0.645042927346682,Reject,1.25706198144604,Reject,Accept,1.04777931251181
0.588135548907721,0.903137483677841,0.299268869775217,-0.092552077852713,0.598687562395835,Accept,"Age, ProgVar",2.06130021412188,0.299268869775217,-0.00832397339446467,0.563916659965663,Accept,1.59572349226268,Reject,Accept,1.11203891240214
0.491628507208258,0.784464550197528,0.383844386610539,0.124932400923663,0.62876978746271,Reject,"Gender, Age, ProgVar",2.27365380214696,0.383844386610539,0.118580438192914,0.655806028008495,Reject,2.05205731597407,Reject,Reject,1.68469761679129
0.496782906681923,0.758446118559193,0.390928634769656,0.0642485877649009,0.653107277995915,Reject,"Gender, Age, ProgVar",1.40988746987429,0.390928634769656,0.0799033489252067,0.685294780905983,Reject,1.46128802316183,Reject,Reject,1.08425267653103
0.612460053968624,0.879760308731186,0.146257632268388,-0.188922855551273,0.61423415956153,Accept,"Gender, Age, ProgVar",1.49986528582256,0.146257632268388,-0.2254141874503,0.52215189212082,Accept,1.18320680511802,Reject,Accept,0.779449474969569
0.35355680564442,0.906236739459981,0.333095523689899,-0.228069765104869,0.594712412390936,Accept,"Age, ProgVar",1.48204351233723,0.333095523689899,0.0302160575240797,0.653070950527863,Reject,1.44078011103891,Reject,Accept,0.869461742406681
0.712810772875565,0.807966506092813,0.23605316264807,0.039050971245833,0.497078653848828,Reject,"Gender, Age, ProgVar",2.04399220450859,0.23605316264807,0.0100997008227278,0.472838049465048,Reject,1.69906458932105,Reject,Accept,1.27724588443678
0.308937324877265,0.843190541927807,0.290958909351128,-0.035861977228596,0.819415377388787,Accept,"Age, ProgVar",1.41074690657849,0.290958909351128,-0.0250622604351332,0.600529778284604,Accept,1.18233054347624,Reject,Accept,1.13014578714095
0.0290904720584084,0.733609635787257,0.407159796075771,0.12949661926042,0.802478559453658,Reject,"Gender, Age, ProgVar",1.45387712217551,0.407159796075771,0.062555875671551,0.735243807057434,Reject,1.50875002438973,Reject,Accept,1.11955132225509
0.2004385911725,0.877253935598581,0.230435240309691,-0.104407164969492,0.771187010609271,Accept,"Age, ProgVar",1.92837135782304,0.230435240309691,-0.149313129821383,0.600550263415062,Accept,1.69785505650124,Reject,Accept,0.84181373684073
0.214648409903441,0.695194579382489,0.396317196271101,0.147195613843957,0.866147474076125,Reject,"Gender, Age, ProgVar",1.52357575372974,0.396317196271101,0.00827487304180113,0.773957900408055,Reject,1.64154926994312,Reject,Accept,0.833097354264159
0.934536188973261,0.816542784252899,0.194004688727851,-0.0637045168118853,0.522006143917011,Accept,"Gender, Age, ProgVar",2.19102338216135,0.194004688727851,-0.0963572894969954,0.47888759787508,Accept,1.90989484515709,Accept,Accept,0.66041303101529
0.612831702173097,0.949793157217802,0.183410506923014,-0.358794491254508,0.442317764891493,Accept,"Age, ProgVar",1.04749529936584,0.183410506923014,-0.160498622517672,0.529165772484615,Accept,1.20834290135147,Reject,Accept,0.584127245478269
0.61522893889871,0.71648077865281,0.2639429797002,-0.0913878893319842,0.560419737966416,Accept,"Age, ProgVar",1.37253428014029,0.2639429797002,-0.0365004160832451,0.542554406595616,Accept,1.25743096788401,Accept,Reject,1.42214112790516
0.0494030561922887,0.715731715210205,0.322022977657205,0.0760701031256564,0.676744155954578,Reject,"Gender, Age, ProgVar",1.75264417789557,0.322022977657205,0.0223941450279331,0.62152896465134,Reject,1.44407765805036,Reject,Reject,1.53589678594362
1.00047678149011,1.04828084802382,-0.0226016285764183,-0.303269336795898,0.509000336957741,Accept,"Gender, Age, ProgVar",2.22105587499775,-0.0226016285764183,-0.377009171307061,0.340095463333157,Accept,1.53312703719498,Accept,Reject,1.24863533383786
0.508353605853907,0.821403825216715,0.415924434165421,0.217209747991117,0.614655176631813,Reject,"Gender, Age, ProgVar",1.66090062237293,0.415924434165421,0.202117230413115,0.622496591687039,Reject,1.69522756576002,Reject,Accept,0.783885738197654
1.14252866874698,1.22297123423733,0.0864043276379696,-0.490656913203986,0.422740765572596,Accept,"Age, ProgVar",1.02512693293066,0.0864043276379696,-0.286863312473804,0.456097870849985,Accept,1.31229717210752,Accept,Accept,0.537818262395009
0.613262736495375,0.89328197375795,0.0784420593014886,-0.117138467752558,0.405571823881093,Accept,"Gender, Age, ProgVar",1.69848101720587,0.0784420593014886,-0.183390533770134,0.35447926938582,Accept,1.6535853733417,Reject,Accept,1.30979968800187
0.84269313650953,1.04169789845647,0.0418897189556167,-0.239889731549382,0.302798736044914,Accept,"Gender, Age, ProgVar",1.36403663244413,0.0418897189556167,-0.257629276038732,0.320436021561334,Accept,1.291458561313,Reject,Accept,0.596099894863252
0.95104389381045,1.0405093391297,0.0492747155504464,-0.208028077130696,0.365489409793098,Accept,"Gender, Age, ProgVar",1.70636867031238,0.0492747155504464,-0.226543703465939,0.315433015108662,Accept,1.40698847461189,Reject,Accept,0.854644527494564
0.125199796389991,0.868476623841975,0.379706013779132,-0.0716153336000557,0.767439823990343,Accept,"Age, ProgVar",1.23686137689237,0.379706013779132,0.0281442537871352,0.746518042987665,Reject,1.17501716960355,Reject,Accept,0.519576317831528
0.980648352044823,1.0030457821686,-0.0108047486198191,-0.299701588235721,0.308811974247774,Accept,"Gender, Age, ProgVar",1.58580613406527,-0.0108047486198191,-0.309646972020202,0.300386298006879,Accept,1.44948822541585,Reject,Accept,0.25552176982435
0.783748971735679,0.887650726359147,0.068008312846764,-0.160029686562619,0.377675261965964,Accept,"Gender, Age, ProgVar",1.35616835217176,0.068008312846764,-0.188297674176353,0.313218129327359,Accept,1.24230643370993,Reject,Accept,0.317791445218682
0.130025237759313,0.767979143893698,0.599085786881608,0.293737367385661,0.889220657988545,Reject,"Gender, Age, ProgVar",1.40875945955703,0.599085786881608,0.321531365149965,0.889163470901474,Reject,1.61591592052987,Reject,Reject,1.46571247534239
0.684432823046916,0.882729748990356,0.297926012629356,0.0445495816489979,0.642344565832195,Reject,"Gender, Age, ProgVar",1.47239112000822,0.297926012629356,-0.0185759700432158,0.6247178471497,Accept,1.7113432732117,Reject,Accept,0.424688761164953
0.619447883308061,0.882277041999674,0.33430115905274,-0.0414590012249679,0.584365240334233,Accept,"Age, ProgVar",1.78562290575815,0.33430115905274,0.0767112154321037,0.583754611389465,Reject,1.57465190741847,Reject,Accept,0.677288175768081
0.212093659477712,0.818563093113648,0.371935106192322,0.0699819286911337,0.67100729450747,Reject,"Gender, Age, ProgVar",1.74357569560124,0.371935106192322,0.0944965080249611,0.657865048424698,Reject,1.46794807048808,Reject,Reject,1.62758696551161
-0.0133379788621162,0.65515947956042,0.518620264623976,0.293905608206914,0.811721247796215,Reject,"Gender, Age, ProgVar",1.77211387662783,0.518620264623976,0.233641579939037,0.800678096247816,Reject,1.65910965225352,Reject,Reject,1.40874877267339
0.313095118722478,0.754125121053078,0.336028790764559,0.170141121841458,0.580689812802391,Reject,"Gender, Age, ProgVar",1.82837245419635,0.336028790764559,0.105128150505579,0.546058270059833,Reject,1.58442566441498,Reject,Accept,1.36941777940632
0.317447767481779,0.753602046521797,0.348446350047584,0.127886009642035,0.669621100450275,Reject,"Gender, Age, ProgVar",1.20754373530059,0.348446350047584,0.0542742969403241,0.611512065636407,Reject,1.63428177341199,Reject,Reject,1.54170670013108
0.644713311820094,0.844103465855502,0.124088933066815,-0.0908832492829782,0.694902953061788,Accept,"Age, ProgVar",1.25867185187026,0.124088933066815,-0.195869502494221,0.440048742068911,Accept,1.53344080461555,Accept,Accept,0.230520268525555
2.18207478880441,1.19119978357446,0.371357706891989,-1.39606918372348,-0.151479504268545,Reject,Age,1.540865224431,0.371357706891989,-0.138758309497491,0.826728792357406,Accept,1.5417701777422,Reject,Accept,0.484711393293869
0.45468679619068,0.730228400999299,0.218375822231809,0.04548502881769,0.626587175004241,Reject,"Gender, Age, ProgVar",1.00326200486621,0.218375822231809,-0.068847051365039,0.51148304552491,Accept,1.34745518576192,Reject,Accept,0.683858103393415
1.46866319336504,1.17969642533383,-0.194365095350863,-0.512418970483582,0.0787100121925874,Accept,"Gender, Age, ProgVar",1.52258713232927,-0.194365095350863,-0.510230379107855,0.11696911607181,Accept,1.48075542484752,Accept,Accept,0.333871177938195
0.73058821909967,0.831592720815168,0.136884832011899,-0.180441815673434,0.458563627683086,Accept,"Gender, Age, ProgVar",1.82554630452353,0.136884832011899,-0.153832939687503,0.420986295830701,Accept,1.69923366512319,Reject,Accept,0.972076836962719
0.399303766847395,0.847308690431767,0.145524494524845,-0.0793235386378429,0.43749018217222,Accept,"Gender, Age, ProgVar",1.2942059237747,0.145524494524845,-0.093969932089419,0.41127965086127,Accept,1.28699927318886,Accept,Accept,0.689895441187836
0.578263986421321,0.82557617209057,0.325794344628933,0.0141771830046952,0.662535850257262,Reject,"Gender, Age, ProgVar",1.52784557717943,0.325794344628933,-0.00546635597234495,0.647565736621835,Accept,1.27739116220882,Reject,Accept,0.69599260284689
0.392766491043773,0.809865462202738,0.27202625082298,0.14510683228126,0.665260890050409,Reject,"Gender, Age, ProgVar",1.28871367350051,0.27202625082298,0.0128402970727436,0.523178549853465,Reject,1.34345882644937,Reject,Accept,0.753261344809908
0.468209262208799,0.985003719786434,0.242119894190574,-0.0798307598623735,0.563114465789206,Accept,"Gender, Age, ProgVar",1.46358556018259,0.242119894190574,-0.0960488565852107,0.5838029609277,Accept,1.46617219257953,Reject,Accept,0.572802794364602
0.514619770833937,0.89360420206252,0.241312959032685,-0.0941205336112796,0.556908319796315,Accept,"Gender, Age, ProgVar",1.72852616579754,0.241312959032685,-0.0945982122770063,0.581713258726798,Accept,1.5411023660585,Reject,Reject,1.50504647104561
0.81828277821719,0.966201055844495,0.241463939790641,-0.271337922213713,0.777808657586546,Accept,"Age, ProgVar",1.39822601976576,0.241463939790641,-0.196966547864512,0.677310950516329,Accept,1.3876189243511,Reject,Accept,0.403831731578402
0.669384100900207,0.892434290975903,0.160006271883599,-0.229467794632109,0.471609470755516,Accept,"Gender, Age, ProgVar",1.87566125639825,0.160006271883599,-0.151841477036541,0.493294755612681,Accept,1.67221628239689,Reject,Accept,0.662369445010652
0.453758594320807,0.932033851728174,0.156760509405417,-0.262494049485228,0.523385202183177,Accept,"Gender, Age, ProgVar",1.27845056825755,0.156760509405417,-0.218250888546476,0.524209403489341,Accept,1.43409078907337,Reject,Reject,1.26303782103129
0.485087636007829,0.772551876474525,0.338029504006402,0.164615007525528,0.805531811293037,Reject,"Age, ProgVar",1.98960528080437,0.338029504006402,0.103516527999724,0.590653818369253,Reject,1.57046137584133,Reject,Reject,1.58150291157885
-0.170861584886482,0.704152219180496,0.472035872508017,0.0556829010644446,1.15972655250559,Reject,"Age, ProgVar",1.82772426779142,0.472035872508017,0.0416956835570141,0.867775067888554,Reject,1.77144754168358,Reject,Accept,0.626259729598159
0.462959761718424,0.788527474371816,0.223999024248837,-0.02960788061506,0.441267591657889,Accept,"Gender, Age, ProgVar",1.73687170566786,0.223999024248837,0.00195409490461847,0.440767928519616,Reject,1.63206501499381,Reject,Accept,0.965053354554476
0.649259286203512,0.94610892935515,0.0266128349549334,-0.181152798150331,0.304981083550404,Accept,"Gender, Age, ProgVar",1.53756018473214,0.0266128349549334,-0.225671175987405,0.292083730985541,Accept,1.16570877687923,Accept,Accept,0.640954898702151
0.622337500201337,0.903933857566236,0.18454252192798,-0.085249146806969,0.43744325956674,Accept,"Gender, Age, ProgVar",1.23105246747736,0.18454252192798,-0.0758320149580025,0.466836454453177,Accept,1.2235100693951,Reject,Accept,0.999864495743115
0.161797498988071,0.635971123085332,0.28630445856989,0.208979527082592,0.696574623699349,Reject,"Gender, Age, ProgVar",1.71036904587749,0.28630445856989,0.03054540027443,0.553165487674213,Reject,1.31194710020781,Reject,Accept,0.578332912023666
0.324162369290195,0.808716375686951,0.330781041240955,0.0407199532237863,0.722050416699841,Reject,"Gender, Age, ProgVar",1.95934337816284,0.330781041240955,-0.00480361637449561,0.629774669412132,Accept,1.63256590737995,Reject,Reject,1.59016505097565
0.169424683915272,0.702237713145376,0.375118921777621,0.072294443014905,0.764639086100802,Reject,"Age, ProgVar",1.79598841124216,0.375118921777621,0.0477761233111771,0.670625513745621,Reject,1.48511751066364,Reject,Accept,1.11390097483109
0.670647994416707,0.889176980523184,0.262701885444147,0.0648881580927797,0.478614518509692,Reject,"Gender, Age, ProgVar",1.69715540496834,0.262701885444147,0.0453462969549172,0.49003055953437,Reject,1.85388268459673,Reject,Accept,0.968039808556949
0.716799234316117,0.919399808625911,0.0674092072803154,-0.30103939404692,0.457165849186667,Accept,"Gender, Age, ProgVar",1.64509249958559,0.0674092072803154,-0.332445518137116,0.464495515639271,Accept,1.21490952786141,Reject,Accept,0.923531058692892
0.560985754792964,0.785966643211068,0.22927636046636,-0.00443901388321519,0.519845073725405,Accept,"Gender, Age, ProgVar",1.49818148639754,0.22927636046636,-0.0228533032785254,0.476540472053744,Accept,1.4008019210976,Reject,Accept,0.439650489128456
0.6078483550739,0.774021687093011,0.298019312865576,-0.054155541086702,0.676329786385837,Accept,"Gender, Age, ProgVar",1.34101681331325,0.298019312865576,-0.090512867322516,0.657360763095075,Accept,1.61929306566216,Reject,Accept,0.702914754568149
0.513082463678532,0.936856660397498,0.136363768946717,-0.197857930362301,0.735407559205523,Accept,"Age, ProgVar",1.46579827385377,0.136363768946717,-0.240527494556196,0.494224364785224,Accept,1.1688727610308,Reject,Accept,0.856460282860357
0.0916880946610121,0.831960248966647,0.203492382918655,-0.0263769038845158,0.75928092390378,Accept,"Age, ProgVar",1.83393740772803,0.203492382918655,-0.0796050065908393,0.496558938922616,Accept,1.2002678989575,Reject,Accept,1.20782718160988
0.990078789141224,1.10550409767887,0.0940505711693778,-0.255444287371405,0.372597743411583,Accept,"Gender, Age, ProgVar",1.56499563761894,0.0940505711693778,-0.203258511838447,0.406180590507325,Accept,1.41875680675072,Accept,Accept,0.851725312926978
-0.300847736758141,0.818926935392945,0.289847696756933,0.0333269066456095,0.690297116410856,Reject,"Age, ProgVar",1.09596920589599,0.289847696756933,-0.0263973242045317,0.597321605821366,Accept,1.05190900604625,Reject,Accept,0.692980403103449
0.410161677284743,0.773705408854987,0.259622225695883,-0.00713110999720277,0.464623277888274,Accept,"Gender, Age, ProgVar",1.12878639493943,0.259622225695883,0.0289044694238086,0.489443400259553,Reject,0.986575703849617,Reject,Accept,1.07566807723788
0.433274434504146,0.842809397507074,0.352794423820384,-0.0456277943954569,0.645164331318016,Accept,"Age, ProgVar",1.73225120682745,0.352794423820384,0.028638987649792,0.681876005641306,Reject,1.69883027111454,Reject,Accept,0.581651686571407
0.589582223093285,0.900776461071433,0.211966860573083,-0.0663364201123783,0.44324787159324,Accept,"Gender, Age, ProgVar",1.0854298266035,0.211966860573083,-0.0378382308177505,0.475198984763134,Accept,1.25699569161949,Accept,Reject,1.35787928860873
1.0154743734849,0.822438344497158,-0.0507403884470467,-0.257866288331313,0.328751875862438,Accept,"Gender, Age, ProgVar",0.935670412815731,-0.0507403884470467,-0.349610951293527,0.256904450302952,Accept,1.23195174999603,Reject,Accept,0.565365040456935
0.303098053233235,0.85287667647475,0.357298241052761,0.0102997112225914,0.578353121897241,Reject,"Gender, Age, ProgVar",1.47721527801865,0.357298241052761,0.0757201165222709,0.636583217353539,Reject,1.24781939439161,Reject,Accept,0.955846876486637
0.0770708355264757,0.658980146382849,0.367082905472105,0.14784456672494,0.796198914069478,Reject,"Gender, Age, ProgVar",1.49293831081163,0.367082905472105,0.0647504076545818,0.680715827646217,Reject,1.03958699204197,Reject,Reject,1.37384696850095
1.02497798855897,0.856759501656813,0.0983645524418367,-0.186074191690722,0.353442541365896,Accept,"Gender, Age, ProgVar",1.70449633728083,0.0983645524418367,-0.204692466119455,0.380398439008497,Accept,1.74664877702993,Accept,Accept,1.05082873575873
0.42770788128642,0.723749800827096,0.327396061018951,0.0649806696883487,0.695247944725045,Reject,"Age, ProgVar",1.89762180172268,0.327396061018951,0.0584676046725826,0.610729395314755,Reject,1.69993645884131,Reject,Accept,0.996857815607767
0.745601972785654,0.846071663600761,0.100175849025746,-0.111599192031488,0.322173660252945,Accept,"Gender, Age, ProgVar, X2",1.1941482654774,0.100175849025746,-0.117306796737349,0.334877748117588,Accept,1.25042057085186,Reject,Accept,0.654425679172048
0.666562927331436,0.929587285467099,0.292816510816931,-0.0642802418930976,0.530036788352052,Accept,"Gender, Age, ProgVar",1.72241354650115,0.292816510816931,-0.0038850612943191,0.598953749877574,Accept,1.52728982947829,Reject,Accept,0.725596259646678
0.403688641231843,0.879706263000649,0.300739285985061,-0.0225225392688751,0.61683072637564,Accept,"Gender, Age, ProgVar",1.55264539995125,0.300739285985061,-0.00867584205810792,0.589258421301975,Accept,1.33385338179182,Reject,Accept,0.761182976717521
0.12972329527831,0.68136872037658,0.438394455451677,0.0433931084905918,0.786596893146455,Reject,"Age, ProgVar",1.44140245488568,0.438394455451677,0.129113634495827,0.742131625277734,Reject,1.27974865715042,Reject,Accept,0.998170307483161
0.420028271068318,0.857072618302858,0.283993442154482,-0.0364560381642108,0.580982102978472,Accept,"Gender, Age, ProgVar",1.46806431518835,0.283993442154482,-0.0147870104306826,0.580621706656134,Accept,1.3905766741481,Reject,Accept,1.38412127239791
0.456157976628722,0.827368537366801,0.147013006664269,-0.0260687650358763,0.564851553637328,Accept,"Gender, Age, ProgVar",1.33539986252522,0.147013006664269,-0.159943932409195,0.455573145165638,Accept,1.46881333182286,Reject,Accept,1.18274449941363
0.424809378798577,0.782279607362577,0.303658480204605,0.0302426101870169,0.586766971745707,Reject,"Gender, Age, ProgVar",1.85381085464439,0.303658480204605,0.0214529113669946,0.57615553717119,Reject,1.78848334442719,Reject,Reject,1.46935101484699
0.622244568867086,0.858707842000764,0.260011090568873,0.0488017991829638,0.429504626269173,Reject,"Gender, Age, ProgVar",1.56803765743028,0.260011090568873,0.0776543835526861,0.45134519005018,Reject,1.45472228243464,Accept,Accept,1.33586060697443
0.692063092456686,0.914820013419324,0.249671256137161,-0.0891353882019795,0.729337985606777,Accept,"Age, ProgVar",1.32940412586227,0.249671256137161,-0.0676155300545152,0.559706369963285,Accept,1.55010666422338,Reject,Accept,0.810951999306066
0.391160067622327,0.813100537553609,0.306912210421857,0.130898052966466,0.69186839405262,Reject,"Gender, Age, ProgVar",1.5776397091778,0.306912210421857,0.0304409765884281,0.586658346835739,Reject,1.4071247779465,Reject,Reject,1.32201531755014
0.467098264107092,0.78058999279056,0.365579106663673,0.0954908069756647,0.553215924142924,Reject,"Age, ProgVar",1.20549636110113,0.365579106663673,0.172060425770374,0.574135886942536,Reject,1.49872797555809,Reject,Reject,1.44816396250152
0.239632983670831,0.739829651786439,0.483299901962243,0.155055863690074,0.86392949852277,Reject,"Gender, Age, ProgVar",1.77338222849748,0.483299901962243,0.117938502920279,0.821418431364641,Reject,1.88237953960199,Reject,Accept,0.75187847805256
0.935863356280087,0.920628424626312,0.081139806542351,-0.203583777293785,0.463806007353226,Accept,"Gender, Age, ProgVar",1.61345218547305,0.081139806542351,-0.271504798403082,0.456190182263306,Accept,1.51894540200818,Accept,Reject,1.71724404254492
0.583516789823567,0.873812587239664,0.326823289274392,-0.0100033035885013,0.749503825971764,Accept,"Gender, Age, ProgVar",1.82422027070439,0.326823289274392,-0.0745338813145317,0.729382822610374,Accept,1.92674586484221,Reject,Reject,1.55295550255364
0.226644387765252,0.81960036084082,0.304008704337512,-0.0265728578279635,0.787719135436915,Accept,"Age, ProgVar",1.39723270558097,0.304008704337512,-0.0292710644058426,0.638963701377796,Accept,1.38048985181524,Reject,Accept,0.447654882262818
0.73662825157085,0.835837838145589,0.137544484149103,-0.168553031775116,0.39601462791998,Accept,"Gender, Age, ProgVar",1.56739828415795,0.137544484149103,-0.139076345810442,0.440007667585441,Accept,1.37945389801627,Reject,Accept,0.880809629801187
1.2337062356886,1.05986284831127,-0.162812917846419,-0.485221688499644,0.182304597535586,Accept,"Age, ProgVar",1.60731270800951,-0.162812917846419,-0.421593955613679,0.0757226394608985,Accept,1.32987929194004,Accept,Accept,0.826333886368369
0.41978626456909,0.611391667683387,0.538724340695993,-0.0097895695116576,0.782458380993743,Accept,"Age, ProgVar",1.68494660224455,0.538724340695993,0.195674218113168,0.870129078766464,Reject,1.77015367849597,Reject,Accept,0.830623830937845
0.526474866443334,0.952085420304235,0.212968317360686,-0.148770655438144,0.473667209415835,Accept,"Gender, Age, ProgVar",1.43079464358157,0.212968317360686,-0.101961316695293,0.524423409490105,Accept,1.59157374517617,Reject,Accept,0.583284445232897
0.497910789709007,0.821701395187071,0.347404271631972,-0.0954314399668025,0.561452633767284,Accept,"Gender, Age, ProgVar",1.15080593998511,0.347404271631972,0.0360775341863343,0.675172404711428,Reject,1.10166062574631,Reject,Accept,0.565847600067523
0.418112820549619,0.641980554007298,0.28234705378952,0.0898321170024497,0.804896598800644,Reject,"Age, ProgVar",1.45121475702411,0.28234705378952,-0.0365496318419172,0.570879171892935,Accept,1.48842680431836,Accept,Reject,1.38293302063164
0.630569838518628,0.911964188409062,0.228266476520778,-0.292335874826935,0.50076333960903,Accept,"Age, ProgVar",1.63262595091956,0.228266476520778,-0.0644948044242258,0.51465572118361,Accept,1.71405346157797,Reject,Accept,0.674216822201087
0.405653917361024,0.821807936055626,0.285726449514954,0.0475349946009816,0.531135673705076,Reject,"Gender, Age, ProgVar",1.71397175038694,0.285726449514954,0.0769621189901109,0.49690164718525,Reject,1.20452957350749,Reject,Accept,0.105825315609375
0.513603995410736,0.827669628827177,0.238262555190085,-0.0296745795937551,0.601424470060646,Accept,"Gender, Age, ProgVar",1.22926516949493,0.238262555190085,-0.0558878954268136,0.568186269358899,Accept,1.14339708048117,Reject,Reject,1.47864458534595
0.771128510956206,0.754651588798344,0.265977154520574,0.116278744139579,0.698882729969499,Reject,"Gender, Age, ProgVar",1.97569292216702,0.265977154520574,-0.011019142076756,0.546610254039989,Accept,1.47363413104472,Reject,Accept,0.176391061845732
0.831140044740375,0.826046893230488,0.167243932981964,-0.0828531919970095,0.405947656011118,Accept,"Age, ProgVar",1.3699907711824,0.167243932981964,-0.023450401101743,0.364868596395194,Accept,1.41059791826278,Reject,Accept,0.957231086312382
0.680500412538943,0.970725520926669,0.273275649657366,-0.177357623329927,0.404647141973848,Accept,"Age, ProgVar",1.3207459790958,0.273275649657366,0.0357315141759538,0.49954359229878,Reject,1.30140443628355,Accept,Accept,0.716632213024065
-0.15489399190911,0.765105954671099,0.298692776199929,-0.0366077440724768,0.750096020358812,Accept,"Age, ProgVar",1.575481921313,0.298692776199929,-0.0251655803613113,0.581623263597531,Accept,1.73234078387175,Reject,Reject,1.39787340617521
0.343010649340065,0.933263972400309,0.115397966049166,-0.0150884388475395,0.422592828616727,Accept,"Gender, Age, ProgVar",1.9043658267079,0.115397966049166,-0.106926270319963,0.335878419791043,Accept,1.51012991402172,Reject,Accept,1.27959124308897
0.0535338589262412,0.78403856318765,0.290803905466166,0.13151344331631,0.969347436040778,Reject,"Age, ProgVar",1.2702955111578,0.290803905466166,-0.0515683587782253,0.635796734186053,Accept,1.28417439346932,Reject,Accept,0.817801492735865
0.800095532154135,0.875577252268525,0.23402027627421,-0.270048495842362,0.45543002340286,Accept,"Age, ProgVar",1.50855858096111,0.23402027627421,-0.0541231289618005,0.525006310573446,Accept,1.38386249807497,Accept,Accept,0.786298816504551
1.15954468220821,0.803587875171687,0.21731267844594,-0.0881626894564559,0.477794832363257,Accept,"Gender, Age, ProgVar",1.72179001600975,0.21731267844594,-0.0715326652189666,0.507124134878729,Accept,1.92318377574762,Reject,Accept,1.08105877685864
0.82390105689776,0.774195572038354,0.324357388569049,-0.0142501478477709,0.690959652047709,Accept,"Gender, Age, ProgVar",2.1155308369179,0.324357388569049,0.0286218461918006,0.656789653365865,Reject,1.74971162227915,Accept,Accept,1.05781059828498
0.726715377192454,0.657276836964109,0.255061156266267,0.0326871605141083,0.80895698069363,Reject,"Age, ProgVar",1.67383801297839,0.255061156266267,-0.0523605712305272,0.557127626850769,Accept,1.84648984489988,Reject,Accept,1.05188347450256
1.25583559259708,1.05525760494837,0.0154673141824121,-0.363406729646836,0.200903189371251,Accept,"Gender, Age, ProgVar",1.57361953373368,0.0154673141824121,-0.246297052517717,0.291977633085479,Accept,1.47076576236426,Accept,Accept,0.517514026807349
0.666075048431171,0.947234861537011,0.0102678996008613,-0.131034298776282,0.728188542066994,Accept,"Age, ProgVar",2.02405638023439,0.0102678996008613,-0.35692222175185,0.365668852840846,Accept,1.43858335956573,Reject,Accept,1.10642262360381
0.968517066252998,1.10204972364984,0.110915763801723,-0.0867191007698183,0.610076676964509,Accept,"Gender, Age, ProgVar",1.7391157579141,0.110915763801723,-0.252151861023151,0.445638281072402,Accept,1.48740674293276,Reject,Accept,0.990326205064783
0.387013361409245,0.614370774241831,0.355745521993306,0.0909974870540941,0.790644433448262,Reject,"Gender, Age, ProgVar",1.54482698508068,0.355745521993306,0.0152058032877162,0.719955479137821,Reject,1.57375674182692,Reject,Reject,1.48066761422115
0.334313632584572,0.795554654031937,0.492515172767215,0.143983494520739,0.745497671534831,Reject,"Gender, Age, ProgVar",1.31199962405617,0.492515172767215,0.191249409565265,0.807708631266953,Reject,1.33209310197336,Reject,Accept,0.879227342859329
-0.0911350621072565,0.801952961010816,0.373968942979259,0.0157291910314483,0.939649495032932,Reject,"Gender, Age, ProgVar",1.24774322510292,0.373968942979259,-0.017039599997958,0.777791223301605,Accept,1.08800357828555,Reject,Accept,0.599050665577609
0.280154417896441,0.858421539120535,0.30562352074301,0.0792582198968397,0.609332640508259,Reject,"Gender, Age, ProgVar",1.68088761930826,0.30562352074301,0.0491983092252461,0.569294621229075,Reject,1.4100855743286,Reject,Accept,1.23097669535686
0.0319879284581705,0.674177079993857,0.545534604645834,0.284655204840267,0.793850004093229,Reject,"Gender, Age, ProgVar",1.55776157368032,0.545534604645834,0.314715580251544,0.786862105509202,Reject,1.43194202454216,Reject,Accept,1.11863846668877
0.723019134074067,0.86639423570388,0.153552256137969,-0.305679492855634,0.465749931433109,Accept,"Age, ProgVar",1.54745329636464,0.153552256137969,-0.119962034402258,0.443399820331327,Accept,1.46500940669829,Reject,Accept,0.405629666297048
0.720179766093606,0.96205703241177,0.0968983717003438,-0.285052645121818,0.478336621813354,Accept,"Gender, Age, ProgVar",1.31106533478637,0.0968983717003438,-0.261347522932423,0.435625488126184,Accept,1.3210981449427,Accept,Accept,1.09381493841969
0.701393715713487,0.91729607206826,0.102188549294094,-0.251066818096083,0.543940957353568,Accept,"Gender, Age, ProgVar",1.67616101608421,0.102188549294094,-0.273489261941635,0.462684400524233,Accept,1.38858368718322,Reject,Accept,0.675677061679104
0.88516158097501,1.06328574537477,0.22173179953745,-0.212448217132118,0.54484758781075,Accept,"Age, ProgVar",1.81191031780806,0.22173179953745,-0.133631435115804,0.542782896908131,Accept,1.61040111646705,Reject,Reject,1.56853564183179
0.716757906121836,0.871447948886601,0.230885394553106,-0.00298535655069757,0.587831281561858,Accept,"Gender, Age, ProgVar",1.86971817820771,0.230885394553106,-0.0588324306911714,0.524589415193859,Accept,1.94825959543011,Reject,Accept,1.2049738386818
0.42778827634759,0.876647321747857,0.239974699009159,-0.0942995128806566,0.441664274588529,Accept,"Gender, Age, ProgVar, X2",1.63901564132695,0.239974699009159,-0.0238315589088794,0.516138722672013,Accept,1.27650960732109,Reject,Accept,0.920010297575084
0.481304327516708,0.939379000356838,0.32315884683508,-0.00927665709682088,0.533561211749338,Accept,"Gender, Age, ProgVar",1.26137534165349,0.32315884683508,0.0605781355868385,0.608308700662501,Reject,1.04390327710754,Reject,Accept,0.410688460557425
-0.118518727717782,0.648960102515945,0.572285827251203,0.263785902006095,0.819469823532764,Reject,"Gender, Age, ProgVar",1.31036740285786,0.572285827251203,0.301577923877685,0.852713850821757,Reject,1.26748445355818,Reject,Accept,1.04377744823853
0.22518038693581,0.839502959913701,0.453146597650685,0.196692257946179,0.766720077654713,Reject,"Gender, Age, ProgVar",2.0733888261536,0.453146597650685,0.181132091208569,0.726740220703822,Reject,2.23139555722899,Reject,Accept,0.72559046815063
0.66019071523965,0.835040697147394,0.191870599853818,-0.0533422195365599,0.557711597030607,Accept,"Age, ProgVar",1.42816604266449,0.191870599853818,-0.0468893882663858,0.45006751693276,Accept,1.25292679425348,Reject,Accept,1.00368807618236
1.00272917840843,0.966912081034136,0.112364555880978,-0.158410987784156,0.415983237410506,Accept,"Gender, Age, ProgVar",1.16036731656593,0.112364555880978,-0.227791165387754,0.415530622819552,Accept,1.4251867215106,Reject,Accept,0.896775255968148
0.530457797197337,0.910523622133838,0.347999972222552,-0.172019899067087,0.600372552130314,Accept,"Gender, Age, ProgVar",1.43876227951968,0.347999972222552,-0.0446060683047959,0.701686117964239,Accept,1.41860167362283,Reject,Accept,0.651380196872507
0.453550954682946,0.660081950066743,0.388434003220061,0.00952027457166204,0.732114499407139,Reject,"Gender, Age, ProgVar",1.81528469362245,0.388434003220061,0.0494174459148023,0.745607964324425,Reject,1.6290499777695,Reject,Accept,1.06920258701864
0.754253818256819,0.841442202211351,0.205897134824747,-0.0336346322726772,0.364908044698453,Accept,"Gender, Age, ProgVar",1.03633261610642,0.205897134824747,0.0051962107076287,0.395295493666973,Reject,1.13896913642466,Reject,Reject,1.22985376879469
0.0427228487534644,0.72354785250202,0.416802848814954,0.218714497216354,0.80748096135799,Reject,"Gender, Age, ProgVar",1.65407617435119,0.416802848814954,0.134631507290407,0.719010545536323,Reject,1.73908261886007,Reject,Accept,0.746532718475113
0.923816094413675,1.00549292863634,-0.0891739498547828,-0.312940607024016,0.230850806171046,Accept,"Gender, Age, ProgVar",1.83239907982902,-0.0891739498547828,-0.352467022622237,0.168272885293984,Accept,1.62000611688489,Reject,Accept,0.484821185503436
0.292582708961342,0.744768935802298,0.263718653469332,-0.285906858457312,1.08405615115718,Accept,Age,2.06740028864298,0.263718653469332,-0.0961110113207486,0.64057494035543,Accept,1.57287888864018,Reject,Accept,0.917511551201954
0.0159840296597844,0.707143388059854,0.333403505868122,0.0908375086568961,0.749875901405431,Reject,"Age, ProgVar",1.19567242649849,0.333403505868122,0.0570066159101308,0.625469050769875,Reject,1.33018496473713,Reject,Accept,1.40495605949113
0.877533214279412,0.898124039894456,0.0731364361553381,-0.180314383006093,0.332978998925734,Accept,"Gender, Age, ProgVar",1.61898174724478,0.0731364361553381,-0.16772115671718,0.325187124406343,Accept,1.38732953821683,Reject,Accept,0.762737177172629
0.142278681055411,0.744469322726494,0.425804209654867,0.225063637574693,0.709924263059567,Reject,"Gender, Age, ProgVar",1.31638836889087,0.425804209654867,0.16947044783228,0.686711003798319,Reject,1.23811314918791,Reject,Accept,1.15141573020276
0.427780615257728,0.830688263046767,0.272462723506903,0.0182171223215339,0.446205790457571,Reject,"Gender, Age, ProgVar",1.39759816654742,0.272462723506903,0.0727784265717992,0.474259546898869,Reject,1.21847456814134,Reject,Accept,0.957165239602275
0.286891585382384,0.833720325727716,0.210035383217342,-0.0547482027138653,0.69921971759385,Accept,"Age, ProgVar",1.10347362745454,0.210035383217342,-0.109696905078706,0.497828595637686,Accept,1.30156997940021,Reject,Accept,0.194390080398319
0.480847996653435,0.94047851001827,0.121913065428855,-0.157087085090405,0.511113336737318,Accept,"Gender, Age, ProgVar",1.23569246983804,0.121913065428855,-0.206486698290583,0.466611997115666,Accept,1.13102382979449,Reject,Accept,0.906518428073623
0.398793111746603,0.731245570874914,0.353761259517603,0.105707929427242,0.701409897680711,Reject,"Gender, Age, ProgVar",1.55011148267667,0.353761259517603,0.0655138443774406,0.645582363500794,Reject,1.5845741442613,Reject,Accept,0.49812038891479
0.392048071058904,0.895349247289863,0.260620316213437,-0.0996474469962324,0.593737443868888,Accept,"Gender, Age, ProgVar",1.54041026276528,0.260620316213437,-0.0874579514699624,0.601656719560037,Accept,1.51821859964974,Reject,Accept,0.874217430770957
0.331366657688167,0.656913958706356,0.342260947991858,0.201447007659887,0.941621143110761,Reject,"Age, ProgVar",1.92868382407279,0.342260947991858,0.0456432755009845,0.632736829121197,Reject,1.58805023301755,Reject,Reject,1.50663863776673
0.410506752961387,0.92472968190869,0.0784095963328047,-0.201878790758819,0.390569081130987,Accept,"Gender, Age, ProgVar",1.37206194520233,0.0784095963328047,-0.23414552681607,0.369529726049203,Accept,1.32008026946618,Reject,Accept,0.924008083957072
0.388992916766621,0.813067619931054,0.372290384458281,-0.027157805898877,0.619605811063959,Accept,"Gender, Age, ProgVar",1.5829499354518,0.372290384458281,0.0673807495575842,0.67056634717559,Reject,1.56393990499088,Reject,Accept,1.09281781980217
0.30880708055519,0.712176009075737,0.351451290250051,0.178340538774805,0.623054555655456,Reject,"Gender, Age, ProgVar",1.2235250689774,0.351451290250051,0.133184611887131,0.58459678044838,Reject,1.29413205131217,Reject,Accept,0.782606739236562
0.908129425113856,0.806142466178968,0.102500850951913,-0.0155010986700977,0.431302593527436,Accept,"Gender, Age, ProgVar",1.45245652649624,0.102500850951913,-0.128828729658664,0.336486751646321,Accept,1.44364703752336,Reject,Accept,0.235989118527499
0.189877194875369,0.913919870481548,0.464637658700348,0.114703931792491,0.737816705497701,Reject,"Gender, Age, ProgVar",2.01400596066628,0.464637658700348,0.188949714151498,0.775495640367223,Reject,1.84886957025502,Reject,Reject,1.5496562944496
0.563872460519731,0.908903466778383,0.403822984087584,-0.0533843460788445,0.684398261610804,Accept,"Age, ProgVar",1.7285695474406,0.403822984087584,0.143253611752745,0.6780341194818,Reject,1.3611782263129,Reject,Accept,0.894383224141509
0.349460572831482,0.76479858599099,0.336022101531227,0.117852647961128,0.768942654841584,Reject,"Age, ProgVar",1.39229910267268,0.336022101531227,0.0610674841185374,0.620437269394677,Reject,1.39230071473301,Reject,Accept,0.739842057008085
0.546840670777292,0.869321698129294,0.319253634230264,-0.0098063854491741,0.592701729678263,Accept,"Gender, Age, ProgVar",1.35175547172356,0.319253634230264,0.0172155037317992,0.622849586960593,Reject,1.42750691992185,Reject,Accept,1.13265426915846
0.336774380002486,0.93722881489453,0.401828976671211,-0.106454879690525,0.785963430950443,Accept,"Gender, Age, ProgVar",1.22883294341235,0.401828976671211,-0.0209242509304921,0.830076879248821,Accept,1.22736588310309,Accept,Accept,0.56959103003838
0.900038354044706,0.884761650005544,0.0371438960511632,-0.162096499738162,0.427464483574869,Accept,"Gender, Age, ProgVar",1.9214966600693,0.0371438960511632,-0.266072664843649,0.337255491422805,Accept,1.91774078324363,Reject,Accept,0.535958833822084
0.432618379806135,0.699295243487939,0.508742436925556,-0.133811946205278,0.866554606306199,Accept,"Age, ProgVar",2.22571818647428,0.508742436925556,0.118294172446517,0.872041108990187,Reject,2.03373468750149,Reject,Accept,0.640956098659604
0.611710020503546,0.813390971019428,0.19996072982873,-0.0319457050377741,0.548483535387865,Accept,"Gender, Age, ProgVar",1.56244096832392,0.19996072982873,-0.117714932550284,0.507479863490197,Accept,1.65879269682957,Reject,Accept,0.457172792444289
0.579922045978283,0.781559280141781,0.30357027557725,0.00732362002432183,0.600685004843081,Reject,"Gender, Age, ProgVar",1.61182876846162,0.30357027557725,0.0137941096719193,0.57429216488203,Reject,1.60301709754468,Reject,Reject,1.83655890234064
0.966524059991911,0.828169279090662,0.11198897477954,-0.0395056192713661,0.389954935402934,Accept,"Gender, Age, ProgVar",1.56486587151033,0.11198897477954,-0.10184121311263,0.336709871253838,Accept,1.57670348820215,Accept,Accept,1.36911721763748
0.396799965520633,0.805566839224959,0.202853822885895,-0.0425833239306083,0.654138669205604,Accept,"Age, ProgVar",1.70703978758021,0.202853822885895,-0.0721031277579362,0.512033102495007,Accept,1.4409842556879,Reject,Accept,0.822331475876041
0.491805928760577,0.780819439769957,0.21616079586734,-0.00559629520665933,0.617158963285509,Accept,"Age, ProgVar",1.49237076626562,0.21616079586734,-0.0710161057864752,0.485089764610799,Accept,1.56338667397104,Reject,Accept,0.568025821895115
-0.077853618554792,0.779777398226123,0.418178450679476,0.276299273345534,0.92671381024783,Reject,"Gender, Age, ProgVar",1.5102304508096,0.418178450679476,0.10255618280786,0.752013313170674,Reject,1.65075576260892,Reject,Accept,1.06675727646092
0.720804599634378,0.991940448741885,0.00186690068609266,-0.279092979864353,0.437146448874423,Accept,"Gender, Age, ProgVar, X2",0.881398541589751,0.00186690068609266,-0.328375877655556,0.302812301945028,Accept,1.07847178410735,Reject,Accept,0.771593063267263
0.296497511222476,0.765272267162291,0.31170398347108,0.0489094157942901,0.52575213135351,Reject,"Gender, Age, ProgVar",1.3240926440488,0.31170398347108,0.0719124781263843,0.538284026928687,Reject,1.2472905389021,Reject,Accept,1.23354736586537
0.799638648397877,0.91565214825108,0.0444538676538968,-0.205922248960087,0.386440819480255,Accept,"Gender, Age, ProgVar",1.54893938047692,0.0444538676538968,-0.236551639551224,0.319612057388935,Accept,1.60482429392729,Reject,Accept,0.678555441937608
-0.134832945078342,0.750248162690364,0.53179020043987,0.240001657107483,0.975699466032863,Reject,"Gender, Age, ProgVar",1.59986623049476,0.53179020043987,0.195029892411176,0.886288615890454,Reject,1.45843610649183,Reject,Accept,0.751743569723011
0.442878714210882,0.904303412853555,0.127158443924291,-0.18849965528273,0.45685469091874,Accept,"Age, ProgVar",1.68481207174821,0.127158443924291,-0.136405155023256,0.389227009578347,Accept,1.37896269570392,Reject,Accept,0.716935787076106
0.158146944976042,0.719356745044366,0.520802811879111,0.114529668163193,0.802077845997321,Reject,"Gender, Age, ProgVar",1.21068643894653,0.520802811879111,0.198374130819689,0.842740360352817,Reject,1.18527011735563,Reject,Accept,1.18173687298329
1.17407007499053,0.900979158998172,-0.196990385783285,-0.425766295797796,0.511977537052298,Accept,"Gender, Age, ProgVar",2.66415929571418,-0.196990385783285,-0.610931745007055,0.241976371451399,Accept,1.74474055575015,Reject,Reject,1.19647183286783
0.832488940855834,0.959521332649232,-0.0216438291893967,-0.392802336700179,0.294106293445736,Accept,"Age, ProgVar",1.06865480866721,-0.0216438291893967,-0.286105753909261,0.244951207751901,Accept,1.10786080814181,Reject,Accept,0.545064948257103
0.662273616016685,0.751999852431274,0.36138298465027,0.110259716959579,0.618798412307411,Reject,"Gender, Age, ProgVar",1.49029770479391,0.36138298465027,0.0995906936517682,0.613744643705442,Reject,1.73431002671393,Reject,Accept,0.810162855775163
0.191615424696508,0.660173730075883,0.437978199680365,-0.0732197565694673,0.769863662180524,Accept,"Age, ProgVar",1.35511830564221,0.437978199680365,0.0796684317094032,0.8178908795495,Reject,1.19216897162139,Reject,Accept,0.727369562057667
0.142313630716758,0.852032593634138,0.306912886755816,0.402458655733824,1.13652281164318,Reject,"Age, ProgVar",2.10105759867543,0.306912886755816,-0.0244428039535232,0.655511372636319,Accept,1.54471535773014,Reject,Accept,0.835182507420286
0.423121607854163,0.822628801748943,0.180732904903755,-0.108510824389042,0.661203343580947,Accept,"Age, ProgVar",1.99196899896248,0.180732904903755,-0.159330878459767,0.513443069623397,Accept,1.58995997461063,Reject,Accept,1.19271330500726
0.181633180811892,0.89548826095485,0.269817303942496,-0.129451760996768,0.640808384145528,Accept,"Age, ProgVar",1.30638581206569,0.269817303942496,-0.0837466080056075,0.611906244038614,Accept,1.30984879388679,Reject,Accept,0.474905632830245
0.691490568896787,0.915443200349862,0.154873399390277,-0.21148219600453,0.434845331029584,Accept,"Gender, Age, ProgVar",1.69438142142154,0.154873399390277,-0.164057400984878,0.493340162454516,Accept,1.51654150599771,Reject,Accept,0.179377601240151
0.927826581051752,1.04223017089965,0.0446322250196806,-0.241675892165945,0.301227690677906,Accept,"Gender, Age, ProgVar",1.32965108337878,0.0446322250196806,-0.226124132150355,0.313073643142859,Accept,1.59768863611688,Accept,Accept,0.336512919713474
0.486319859451455,0.824233304555711,0.354619168528877,0.028403276804335,0.644222758787681,Reject,"Gender, Age, ProgVar",1.30518317969399,0.354619168528877,0.0427377987628317,0.658865025844037,Reject,1.45498811874955,Reject,Accept,0.564419590107013
0.0708732158582227,0.696691313740971,0.54666763606136,0.194829688012906,0.940711033398525,Reject,"Age, ProgVar",1.4266585887474,0.54666763606136,0.197755144798901,0.85113486195061,Reject,1.37146978390822,Reject,Accept,0.0759084676487939
0.247479724525147,0.716908914081153,0.497204391671607,0.250606066130044,0.735276236676698,Reject,"Gender, Age, ProgVar",1.38552236135304,0.497204391671607,0.250310810899,0.72939068961405,Reject,1.12723654180767,Reject,Accept,0.325954505633824
0.730137861148942,0.776185148716185,0.230537557988979,-0.0273261839114731,0.525256888508324,Accept,"Gender, Age, ProgVar",1.87924035049165,0.230537557988979,-0.0326354642080372,0.522826325382704,Accept,1.59207582038034,Accept,Accept,0.530799854870503
0.863543118816921,0.835351660497156,0.138791147122908,-0.152477412804107,0.379780461159944,Accept,"Age, ProgVar",1.52111925016686,0.138791147122908,-0.0749814454070565,0.378842182740586,Accept,1.54374403046551,Reject,Accept,0.685310682731112
0.0344867071666067,0.739220375851066,0.432577422869293,0.189549634235368,0.955376901013455,Reject,"Age, ProgVar",1.20430905388625,0.432577422869293,0.132687147254009,0.716654445041006,Reject,1.38079412255078,Reject,Accept,1.13183954273458
0.981095070366953,0.767151851756159,0.214246746277783,-0.145838393678972,0.473303657849305,Accept,"Gender, Age, ProgVar",1.61115364761942,0.214246746277783,-0.114949458863098,0.540700010379998,Accept,1.50494866820673,Reject,Accept,1.08156375630647
0.431300468201734,0.844801527056698,0.147986476682043,-0.0092460735298871,0.447980742961721,Accept,"Gender, Age, ProgVar",1.35360589203022,0.147986476682043,-0.0889557132876125,0.376529796786158,Accept,1.43393366083727,Reject,Accept,1.1470001027085
0.535122941829087,0.871228304063403,0.316210415861577,0.103976130718384,0.611051173848792,Reject,"Gender, Age, ProgVar",1.43129666153126,0.316210415861577,0.0617613877077063,0.566961358706101,Reject,1.44511909958774,Reject,Accept,0.590846549671056
0.26526307545158,0.652996269407354,0.384303579767406,0.0121535956553511,0.683246970736238,Reject,"Gender, Age, ProgVar",0.990855054727077,0.384303579767406,0.109866010486255,0.669009273210319,Reject,1.06915751158989,Reject,Reject,1.19064979908752
0.412545778778152,0.720096938729972,0.298373635169911,0.0844428576264439,0.55098883958978,Reject,"Gender, Age, ProgVar",1.19227596647359,0.298373635169911,0.0278791999759333,0.539734386035066,Reject,1.1017989126276,Reject,Reject,1.34189843123836
0.886829043270269,0.919213019062627,0.0456190648277092,-0.204763276230205,0.274168438014056,Accept,"Gender, Age, ProgVar",1.34865651544391,0.0456190648277092,-0.197800330250563,0.296184076026484,Accept,1.37455129366203,Accept,Accept,0.145708368652454
0.574712214886665,0.835413876208509,0.236313654051485,-0.070340582713433,0.546631167165466,Accept,"Gender, Age, ProgVar",1.22920746358637,0.236313654051485,-0.0680149422225252,0.538729605104766,Accept,1.21959287352368,Reject,Accept,0.46062129501718
1.09637751944936,0.966011971517352,0.135100963012893,-0.219287941643273,0.269075410502603,Accept,"Gender, Age, ProgVar",1.62642245615052,0.135100963012893,-0.0770152170311804,0.38123344366259,Accept,1.63395031522262,Reject,Reject,1.30628986137993
0.904724380216734,0.802511948801734,0.30062563914946,-0.21374051274246,0.626119386321954,Accept,"Age, ProgVar",1.37351141226132,0.30062563914946,-0.0499782864608007,0.651459356655389,Accept,1.42446410738429,Reject,Accept,0.884839984074885
0.62767481436034,0.955590549394352,0.143618371307354,-0.178435908473259,0.66747506420628,Accept,"Age, ProgVar",1.38825113817929,0.143618371307354,-0.166217740052761,0.450137207438546,Accept,1.47418593988675,Reject,Accept,0.564818471129088
0.138270751292356,0.786155850767771,0.433470494080912,-0.00834758888219551,0.681527900865272,Accept,"Gender, Age, ProgVar",1.5635826228034,0.433470494080912,0.171193739433976,0.701057662883048,Reject,1.09697563135666,Reject,Accept,0.280058333962245
0.730030691844744,0.928357648447542,0.173612395655485,-0.199753881961877,0.704084005786073,Accept,"Age, ProgVar",2.08871370547608,0.173612395655485,-0.218386312396346,0.556621960977879,Accept,1.5914564055267,Reject,Accept,0.570750501605882
0.635181456411022,0.95155321290111,-0.00265785143387095,-0.268632719151341,0.431796714609737,Accept,"Age, ProgVar",1.57640602042065,-0.00265785143387095,-0.290389918748874,0.298714771150324,Accept,1.60679773610547,Reject,Accept,0.535551957532755
0.846903657527076,0.695683455998617,0.171924020816429,-0.138539951311026,0.780779187002714,Accept,"Age, ProgVar",1.6281251352508,0.171924020816429,-0.161433229302657,0.523374602585721,Accept,1.91411639830354,Reject,Accept,0.867313667518625
0.928673774140802,0.888550014355697,0.0931669886194528,-0.170363906043862,0.496192632533327,Accept,"Gender, Age, ProgVar",1.6427758901009,0.0931669886194528,-0.265732108283319,0.445118047604446,Accept,1.5466942746069,Reject,Accept,0.919775324255495
0.19501511742956,0.732780489219651,0.400173161727356,0.14201591852119,0.669673411339684,Reject,"Age, ProgVar",1.59138340837253,0.400173161727356,0.163764159819706,0.646148505955376,Reject,1.53818119760968,Reject,Accept,0.310046452098783
1.15893955217259,0.990948330279784,-0.0219885102102625,-0.266395575000588,0.221706457007616,Accept,"Gender, Age, ProgVar",1.74881783910175,-0.0219885102102625,-0.288863861434073,0.243544335892548,Accept,1.93247826712818,Reject,Accept,1.23046400079597
0.379776911019467,0.813521963160184,0.35183798629596,0.102587399571597,0.575597239514663,Reject,"Gender, Age, ProgVar",1.34129563746188,0.35183798629596,0.114209641455189,0.597430209405116,Reject,1.39913581060012,Reject,Accept,1.17879119069493
0.661492253949309,0.958713039535586,0.189494656174222,-0.197855012306704,0.486877273283984,Accept,"Gender, Age, ProgVar",1.60136329992744,0.189494656174222,-0.17257121916082,0.551240723955606,Accept,1.62341674509117,Reject,Accept,1.23158242222141
0.710227471474229,0.822650556994513,0.414642183172389,0.00281065186783139,0.632143855383851,Reject,"Gender, Age, ProgVar",2.1956943327418,0.414642183172389,0.111948401973627,0.705550445109916,Reject,1.78132730548018,Reject,Reject,1.70557469320631
0.881484387611764,1.07601271622961,0.130954830954933,-0.334303986389282,0.708652385068916,Accept,"Age, ProgVar",0.940816819539582,0.130954830954933,-0.314936639969673,0.590321513491466,Accept,1.0693687512047,Reject,Accept,0.490626428947511
0.618134662642237,0.813802089649162,0.180344422453343,-0.0767510725911611,0.456052950363051,Accept,"Gender, Age, ProgVar",1.23575291924002,0.180344422453343,-0.0771304480273783,0.455656427461504,Accept,1.15609741649319,Accept,Accept,0.665908666976438
0.52657698545572,0.878742194619001,0.310248910001547,-0.0327203543364127,0.562519289372182,Accept,"Gender, Age, ProgVar",1.98653986571968,0.310248910001547,0.0567493020623772,0.589577582962394,Reject,1.63026593532597,Reject,Accept,0.195386958202725
0.596653690654668,0.944936650927058,0.280143690331911,-0.0795257580636048,0.610183056917609,Accept,"Gender, Age, ProgVar",1.54066205947541,0.280143690331911,-0.0413847227453008,0.620341130988383,Accept,1.47345398081948,Reject,Accept,0.551305803524825
0.63578078784714,0.807470434641577,0.23097829447847,-0.0316583074622239,0.418340579908773,Accept,"Gender, Age, ProgVar",1.39744726137162,0.23097829447847,0.00499638391448292,0.445010231779501,Reject,1.34696429600375,Accept,Reject,1.36162114414473
-0.171465048805368,0.679366723385356,0.327071038676054,0.176018233780782,0.948924574422917,Reject,"Age, ProgVar",1.48476062045535,0.327071038676054,-0.0236943259269483,0.698885313402461,Accept,1.67025202758296,Reject,Accept,0.880189107554175
0.947469372918676,1.15753158627961,-0.0396896306486782,-0.532957360609085,0.405794148971345,Accept,"Age, ProgVar",1.8408899689654,-0.0396896306486782,-0.377655410758681,0.31407990099488,Accept,1.86494337167456,Reject,Accept,0.442980166666131
0.154052277013346,0.77244629461757,0.304800412053008,0.165007708635703,0.721280433253791,Reject,"Gender, Age, ProgVar",1.09118683958703,0.304800412053008,0.0222544141499244,0.579380213703187,Reject,1.54921031006969,Reject,Accept,0.695152580762885
0.336493482397005,0.827744009927764,0.238957310210317,-0.0583050860924236,0.631885692532091,Accept,"Age, ProgVar",1.43150680933593,0.238957310210317,-0.0896374539249108,0.537576619021799,Accept,1.63893796935501,Reject,Accept,0.2796224613286
0.511241763370527,0.860300871273265,0.296192323710169,0.0142357902724926,0.42835955950368,Reject,"Gender, Age, ProgVar",1.61644307986722,0.296192323710169,0.103423587408596,0.494430106804065,Reject,1.71665669034382,Reject,Accept,0.449914723697132
0.694014587382448,1.07125670862416,0.0144729407334399,-0.294852059005249,0.39510992030777,Accept,"Gender, Age, ProgVar",1.94112710470052,0.0144729407334399,-0.279276844234294,0.30136404079513,Accept,1.4021415476307,Reject,Accept,0.274598879265245
0.263867957515504,0.893000455931722,0.385012770855201,0.0404459484156296,0.787601513944592,Reject,"Gender, Age, ProgVar",1.2087803846631,0.385012770855201,0.0395972173282574,0.744092339840269,Reject,1.32732930344312,Reject,Accept,0.909550392674639
0.358017690605819,0.895504199045568,0.104364776025619,-0.150762134495784,0.590185343091951,Accept,"Gender, Age, ProgVar",1.25789510553442,0.104364776025619,-0.257680967415181,0.517522966576411,Accept,1.37016658016142,Reject,Accept,0.796746392603774
0.547824923744554,0.682214129296445,0.309804879789538,0.130663356501496,0.622986990980784,Reject,"Gender, Age, ProgVar",2.17159808579897,0.309804879789538,0.0475623752768525,0.592089599537121,Reject,1.52577973038097,Accept,Reject,1.85950036212347
0.288094274685082,0.944758769742081,0.263238187807826,-0.000821145272939049,0.679631552370959,Accept,"Gender, Age, ProgVar",1.61510190375127,0.263238187807826,-0.0605567316114673,0.583964889629124,Accept,1.3814315105368,Reject,Accept,0.293896839115826
0.317380674876384,0.745452304847819,0.272686355475536,0.0446331582572698,0.737998427028266,Reject,"Gender, Age, ProgVar",1.79320647085958,0.272686355475536,-0.0937679892519853,0.605250814924671,Accept,1.64297776025496,Reject,Reject,1.31331711171158
0.661479519907379,0.865879642997454,0.212818898522432,-0.132221127641865,0.434199620361948,Accept,"Age, ProgVar",1.49516594130252,0.212818898522432,-0.0480193647968654,0.468526832768579,Accept,1.3909574146167,Reject,Accept,0.42006259906387
0.58948093105202,0.824495417516367,0.385934615194115,-0.0151053197079091,0.617981153950591,Accept,"Gender, Age, ProgVar",1.69056563409511,0.385934615194115,0.0971599608640915,0.6901330103307,Reject,1.43015705832434,Reject,Accept,0.896174383809535
0.501636540495165,0.868789893037274,0.423723233677769,0.199195014926635,0.809741597509077,Reject,"Gender, Age, ProgVar",1.44187922640474,0.423723233677769,0.141445086574987,0.729321045332928,Reject,1.53562367043038,Reject,Accept,0.960476627521329
0.429982003516295,0.84063587727307,0.228562430216038,-0.0377511526416178,0.456932014147518,Accept,"Gender, Age, ProgVar",1.5756031081106,0.228562430216038,-0.011952966769022,0.474416708548121,Accept,1.49162296163725,Reject,Accept,0.245203875716984
0.246449714424755,0.867635056880791,0.339825908248147,0.0834185502659447,0.590999109904331,Reject,"Gender, Age, ProgVar",1.43653576857651,0.339825908248147,0.0821236377623744,0.589795237387072,Reject,1.65704461352743,Reject,Accept,0.283775895297777
0.571136589059156,0.822451674133771,0.29441907219214,-0.0119144167817584,0.507997262529334,Accept,"Age, ProgVar, X2",1.47491108119047,0.29441907219214,0.0559632424314286,0.534948908749054,Reject,1.61315854092878,Reject,Accept,0.649179090939863
0.195856144660814,0.87317171345886,0.314261445856029,-0.0218651541426095,0.628229538079943,Accept,"Gender, Age, ProgVar",1.36701403477066,0.314261445856029,-0.00236429408009567,0.642587031537933,Accept,1.34852856584318,Reject,Accept,0.630194380856424
-0.121814493355897,0.823469637075461,0.505574125801185,0.181128656401989,0.816734978193117,Reject,"Gender, Age, ProgVar",1.34662945870029,0.505574125801185,0.224052864242928,0.799134768004993,Reject,1.59839105802636,Reject,Accept,1.01325981819928
0.196024349292071,0.736302688374152,0.348424180447975,0.0324449158498535,0.659161209539541,Reject,"Gender, Age, ProgVar",1.19638982388617,0.348424180447975,0.0510855732026007,0.650949697262559,Reject,1.2644612055881,Reject,Reject,1.27099336544925
0.643380986560325,0.867668272590457,0.112589673393537,-0.251324360254477,0.428735030044154,Accept,"Gender, Age, ProgVar",1.35307782182888,0.112589673393537,-0.225680191149891,0.472736065104399,Accept,1.40829945774774,Reject,Reject,1.41967681644551
0.63973075832926,0.758208581268938,0.363865183914121,0.00155509099822757,0.65085356014106,Reject,"Age, ProgVar",1.43656832955728,0.363865183914121,0.0796120305606624,0.683804286034084,Reject,1.3095368467706,Reject,Accept,0.306751456222045
0.654096456095839,0.892047536540628,0.157900876275668,-0.112146271731299,0.446817127713546,Accept,"Gender, Age, ProgVar",1.90366764844312,0.157900876275668,-0.140809482320891,0.433834324761337,Accept,1.73546109552864,Reject,Reject,1.26851113263628
0.53736721996277,0.785368040454624,0.277977841986316,-0.0851151729278511,0.720827320322749,Accept,"Gender, Age, ProgVar",1.84502697858538,0.277977841986316,-0.119571808999411,0.697501969215272,Accept,1.79271322168848,Reject,Accept,0.727008284433548
0.720324788238722,0.835819470083858,0.261540837109159,0.0625093430754808,0.492466957805738,Reject,"Gender, Age, ProgVar",1.11616627743925,0.261540837109159,0.0502835760002765,0.470295082173375,Reject,1.1904865678746,Reject,Accept,1.0651518691976
0.375983909862843,0.758349534606771,0.385719757891377,0.108534260280072,0.697630868357541,Reject,"Gender, Age, ProgVar",1.32456505740166,0.385719757891377,0.110476201012558,0.688569337083421,Reject,1.20055211555134,Reject,Accept,0.869338293993456
0.863147282774548,0.904124345248343,0.159329782455033,-0.0821837880478275,0.46589713088675,Accept,"Gender, Age, ProgVar",1.49672366756629,0.159329782455033,-0.129918689427168,0.441072688602188,Accept,1.44281749191094,Reject,Accept,0.819199707106279
0.70659003565865,0.822239316611114,0.243654254050635,0.00525090876625811,0.648029370249335,Reject,"Gender, Age, ProgVar",1.297859509515,0.243654254050635,-0.0800044898728735,0.555640598384201,Accept,1.47104921881395,Reject,Accept,0.497969239187074
0.58151565405873,0.836294898090839,0.248859826424788,0.0189450139124201,0.52790254274125,Reject,"Gender, Age, ProgVar",1.60325685164744,0.248859826424788,-0.0260200869792545,0.526311777156795,Accept,1.72547563072524,Reject,Reject,1.64838643297261
0.558455963735635,0.764846674978333,0.227763300679117,0.0460249001708522,0.619981524836516,Reject,"Gender, Age, ProgVar",1.18126321421272,0.227763300679117,-0.0614391721447744,0.524231645276354,Accept,1.25259802168289,Reject,Accept,1.06241319917849
0.0600037083276357,0.838803811750915,0.382117766742633,0.038680917001448,0.886497583523299,Reject,"Gender, Age, ProgVar",1.31728623795208,0.382117766742633,-0.0103408404944194,0.777100228025036,Accept,1.3370972653878,Reject,Accept,0.502980310543605
0.247302028717566,0.691183201769301,0.507007177721902,0.202616298367171,0.90727621304321,Reject,"Age, ProgVar",1.82880610878683,0.507007177721902,0.184292753466982,0.818188045656759,Reject,1.66642894445975,Reject,Reject,1.63711668497764
0.90115005353628,0.972283212353079,0.0435740789034037,-0.455399193531261,0.290937811123804,Accept,"Age, ProgVar",1.65331368593528,0.0435740789034037,-0.275775784493501,0.357105627608709,Accept,1.45669094725928,Accept,Accept,0.605927791517269
0.825001425570677,0.887314752483743,0.254364660764821,-0.00908174707337287,0.657025005283813,Accept,"Gender, Age, ProgVar",1.08578877221218,0.254364660764821,-0.0407583940984855,0.5382776438295,Accept,1.43868973918765,Accept,Accept,0.588713201171962
-0.440485607602107,0.557612530114442,0.604862237811255,0.460129883129845,1.17424296597662,Reject,"Age, ProgVar",1.23484594053969,0.604862237811255,0.304311188587778,0.888011415772294,Reject,1.46607475068322,Reject,Accept,1.06775545602047
0.0623994419509227,0.765332514050922,0.319081181929333,-0.00715956243562975,0.696658881710765,Accept,"Gender, Age, ProgVar",1.17276348602143,0.319081181929333,-0.0195116143548216,0.682799633396949,Accept,1.37493895332153,Reject,Accept,0.480954907157173
-0.0898498908480144,0.74703943975276,0.363158986455541,0.188951975511978,0.705079017160854,Reject,"Gender, Age, ProgVar",1.7146826923126,0.363158986455541,0.104271658269785,0.632246773290295,Reject,1.85191927158152,Reject,Accept,1.19785023043304
0.696531852951558,0.908298332101127,0.384951422025311,0.0823568320502451,0.704644904825625,Reject,"Gender, Age, ProgVar",1.68454511877037,0.384951422025311,0.0464188523132741,0.731050607323729,Reject,1.92417564058016,Reject,Accept,0.706206806558572
0.696493620999109,0.983270901843128,0.0924157552416564,-0.184799102732248,0.318976302558878,Accept,"Gender, Age, ProgVar",1.12483376399168,0.0924157552416564,-0.169152930550784,0.356951791852471,Accept,1.30766201225204,Accept,Accept,0.652715209082912
0.327826215357156,0.736920918638859,0.576547879144717,0.210927193116592,0.947405482021062,Reject,"Age, ProgVar",1.52862676116115,0.576547879144717,0.277598742044292,0.929534482713241,Reject,1.24736766439455,Reject,Accept,0.521018339205123
0.792339087254911,0.724742045129915,0.29348632895333,0.0432050142445158,0.42574988366182,Reject,"Gender, Age, ProgVar",1.78890296546704,0.29348632895333,0.106880920197906,0.476015423662926,Reject,1.28985768457303,Reject,Accept,0.600205585264423
0.57091098104536,0.991938388422438,0.0755616634947648,-0.263680113775853,0.392986307846256,Accept,"Gender, Age, ProgVar",1.58415673046855,0.0755616634947648,-0.230031796221875,0.373244715445015,Accept,1.47492246356571,Reject,Accept,1.05139979716943
0.439634015791763,0.852802048216189,0.267459469982719,-0.0840902890061008,0.703383952650004,Accept,"Age, ProgVar",1.19832909566462,0.267459469982719,-0.0174131620386618,0.576485489402213,Accept,1.39450591084335,Reject,Accept,0.459489073436031
1.23672033829614,1.13433717984562,0.109578666136809,-0.330684415794084,0.284088353730837,Accept,"Age, ProgVar",2.08105955124529,0.109578666136809,-0.123921237390098,0.332987694391445,Accept,1.33663056347415,Accept,Accept,0.599106081730065
0.697768853406694,0.892514843916117,0.39707663808742,-0.0672952782946521,0.595952872343198,Accept,"Age, ProgVar",2.12953615802134,0.39707663808742,0.109325951930348,0.679062194847578,Reject,1.71956406540953,Reject,Accept,0.628467003298134
0.548289030666052,0.87299697580241,0.1695281226599,-0.172103922504475,0.650984479693621,Accept,"Age, ProgVar",1.48796612691338,0.1695281226599,-0.148460723970973,0.48460207712874,Accept,1.48925482475889,Reject,Accept,0.560629213348216
0.465268749418857,0.940907074633434,0.175887523866753,-0.0630858495356527,0.647290014763158,Accept,"Gender, Age, ProgVar",0.879176458350812,0.175887523866753,-0.143815548486487,0.500788776258476,Accept,1.27398168875432,Reject,Accept,0.699698385018532
0.679083863246674,0.929745698200857,0.183954519523186,-0.0717273396521956,0.494534680927831,Accept,"Gender, Age, ProgVar",1.22711833059371,0.183954519523186,-0.118566009190351,0.478143844850049,Accept,1.3997333954079,Reject,Accept,0.173764429063241
0.461345837404193,0.785609810419453,0.280590241889395,0.0534255114921928,0.763704309165589,Reject,"Age, ProgVar",1.81144217988081,0.280590241889395,-0.0310310152040017,0.600687823186645,Accept,1.50991647325946,Reject,Accept,1.14997271299311
0.171878548437223,0.786263875906086,0.453523437981859,-0.159201871896567,1.01937991110399,Accept,ProgVar,1.50966575151389,0.453523437981859,0.164281991461679,0.738874436608622,Reject,1.32354907171056,Reject,Accept,0.633502014890731
0.796698544055934,0.734346089942591,0.244394201644158,-0.0137768552261192,0.539688101246485,Accept,"Gender, Age, ProgVar",1.80444452016155,0.244394201644158,0.00630745143203222,0.498618079112354,Reject,1.39081513323857,Reject,Accept,0.6933071039271
0.034400715593691,0.785933990411244,0.419630553578824,0.00747082049220654,1.05042736209151,Reject,"Age, ProgVar",1.37807315981856,0.419630553578824,0.0229484395582434,0.843320988636402,Reject,1.41555801728866,Reject,Accept,1.11035679938767
0.460507678913723,0.90695898405503,0.185055620129154,-0.132955468140065,0.459033580804843,Accept,"Gender, Age, ProgVar",1.37934930248863,0.185055620129154,-0.106854989063019,0.465868422328344,Accept,1.47068990464866,Reject,Accept,0.376970498575365
0.450884777390893,0.814055431770329,0.080780400054125,-0.0821439536806109,0.715954963450533,Accept,"Age, ProgVar",1.95357466828836,0.080780400054125,-0.241017034405027,0.397734685103087,Accept,1.64290777079005,Reject,Accept,1.04953983518034
-0.107752529475854,0.748275562625227,0.509452770666563,0.189700620311281,0.820935416694841,Reject,"Gender, Age, ProgVar",1.15415651325481,0.509452770666563,0.234924081503098,0.785794071748256,Reject,1.2182593666236,Reject,Accept,1.1754892324994
0.530118103619584,0.912299145905822,0.220808312368116,-0.0285517920937113,0.447731697126141,Accept,"Gender, Age, ProgVar",1.34314348542182,0.220808312368116,-0.0403907475405925,0.476061967316686,Accept,1.40234623904644,Accept,Accept,0.690497689440735
0.291990407968278,0.829441639007713,0.362408663362181,0.0618266589878298,0.667452850238367,Reject,"Gender, Age, ProgVar",1.33067818845498,0.362408663362181,0.0807134209457069,0.64127086614665,Reject,1.33135491374452,Reject,Accept,0.965812851010936
0.430300572102591,0.884641436150495,0.138119466834324,-0.271570655856402,0.493894188341441,Accept,"Age, ProgVar",1.20256280022545,0.138119466834324,-0.188245498706507,0.449811471519404,Accept,1.09849742608803,Reject,Accept,0.646709407637796
0.170911948117608,0.867467010772454,0.173816620023636,-0.240100035771316,0.749760734762179,Accept,"Gender, Age, ProgVar",1.59375800562239,0.173816620023636,-0.263985890372962,0.59528830792547,Accept,1.43235833739178,Reject,Accept,0.874886868584921
0.340368806514312,0.824283293622398,0.174199058892217,0.0623790491517648,0.66129713895003,Reject,"Age, ProgVar",1.83760722396885,0.174199058892217,-0.0904931610641169,0.44825379022146,Accept,1.42639817794839,Reject,Accept,1.15067986837938
0.618891692094875,0.935757250384642,0.174290743091744,-0.151369567898874,0.435111884913041,Accept,"Gender, Age, ProgVar",1.46582975594931,0.174290743091744,-0.112266921013983,0.45682686952049,Accept,1.52847853398152,Reject,Accept,0.253679887942049
0.50633350486323,0.800973970864216,0.223976092347254,-0.0319147341264559,0.557729117323518,Accept,"Gender, Age, ProgVar",1.02167360262218,0.223976092347254,-0.0636841171942714,0.499010541307401,Accept,1.0652711029877,Reject,Accept,0.86432118761908
0.956697872190091,1.0502875487526,-0.00545956196681687,-0.440343646401931,0.420738027947906,Accept,"Gender, Age, ProgVar",1.45890702577467,-0.00545956196681687,-0.44318962963388,0.424671197898749,Accept,1.4665522294017,Reject,Accept,0.643740060791985
0.28220552180037,0.88974232589938,0.195959909487278,-0.0163943387694921,0.628379294334888,Accept,"Age, ProgVar",1.121295021573,0.195959909487278,-0.0671080044929937,0.445991397666921,Accept,1.47845607510803,Reject,Accept,0.580466206177777
-0.0184815680245017,0.664600266687029,0.46482043696201,0.29990219039025,1.05083073771394,Reject,"Age, ProgVar",1.04619414833064,0.46482043696201,0.180460121976436,0.730455573310265,Reject,1.32146202881292,Reject,Reject,1.50869364286228
0.536822972273059,0.814381044020231,0.225308713539999,-0.0214609449889203,0.533169372757401,Accept,"Gender, Age, ProgVar",1.71660142774607,0.225308713539999,-0.06020995876638,0.479164590140391,Accept,1.59822259000651,Reject,Reject,1.38587338627875
-0.056983056131371,0.686247299374715,0.398159838119705,0.00344262145761778,0.939581407783806,Reject,"Age, ProgVar",1.17149058021271,0.398159838119705,0.0126192440185832,0.790727296130375,Reject,1.30086861187963,Reject,Accept,0.458332003018647
0.7534307027876,0.928892193106904,0.0760615557127953,-0.136977405999931,0.334251870464096,Accept,"Gender, Age, ProgVar",1.64884228510208,0.0760615557127953,-0.171218000894075,0.325240176809797,Accept,2.0290157631869,Accept,Accept,0.819919895572358
0.716844763920039,0.943719884580315,0.0505641276804494,-0.212123601602403,0.35615622392718,Accept,"Gender, Age, ProgVar",1.44265583834171,0.0505641276804494,-0.202894036988963,0.32237642129205,Accept,1.6013404879425,Reject,Accept,0.372328753136003
0.837666431686109,0.89224965151039,0.181460894972296,-0.295677347767191,0.48054561928073,Accept,"Age, ProgVar",1.89202613396142,0.181460894972296,-0.157213246527307,0.514526700924522,Accept,1.29912579536946,Accept,Accept,1.04687720367965
0.762093405908896,0.972665620844169,0.283825348301941,-0.049367446091393,0.660297139211802,Accept,"Gender, Age, ProgVar",1.79971935591644,0.283825348301941,-0.0329168127571091,0.620686284800984,Accept,1.59832193794417,Reject,Accept,0.544636023617347
0.641999625358244,0.86346162068361,0.285368501592258,-0.0382783794088302,0.679564698614324,Accept,"Age, ProgVar",1.79867625035961,0.285368501592258,-0.0551587947728206,0.601238165207906,Accept,1.63732968047847,Reject,Accept,1.20214439357092
0.69373893214871,0.934340556368874,0.135715509305933,-0.0918347611071175,0.444203664206775,Accept,"Gender, Age, ProgVar",1.41300747873846,0.135715509305933,-0.118936979848089,0.397336009688398,Accept,1.43065923408039,Reject,Accept,0.436364582785618
0.152911909322246,0.665828859438005,0.435714191267838,0.229822568040002,0.668018702751015,Reject,"Gender, Age, ProgVar",1.6802945064401,0.435714191267838,0.210042583041584,0.662010793730726,Reject,1.47180251793651,Reject,Accept,1.05031748702317
0.557030373376842,0.777360951429915,0.355223649211451,0.0800399128893871,0.633649933611701,Reject,"Gender, Age, ProgVar",1.74593167565925,0.355223649211451,0.0911458337400519,0.61732976658983,Reject,1.49350808375152,Reject,Accept,1.03533703205387
0.297577386145703,0.710956804752964,0.430549700125284,0.193839868770013,0.928877438496901,Reject,"Age, ProgVar",1.90716187452022,0.430549700125284,0.146593834014841,0.707492069561367,Reject,1.73837034144006,Reject,Reject,1.59436116612988
0.119345235799283,0.710768608737069,0.356957519511169,0.206637086992867,0.699279341950066,Reject,"Gender, Age, ProgVar",1.07909187392093,0.356957519511169,0.0902337543211369,0.63181277578576,Reject,1.35179986408211,Reject,Reject,1.48012146712807
1.01846865384806,1.06759419305827,0.189486068069548,-0.275141861450741,0.348250093127676,Accept,"Gender, Age, ProgVar",1.62549547726743,0.189486068069548,-0.117063193767391,0.502876539682119,Accept,1.57232526001477,Reject,Accept,1.3883284613541
0.410897806639662,0.858061975862462,0.156804820877286,-0.088692240441253,0.499341397121247,Accept,"Gender, Age, ProgVar",1.45571182445262,0.156804820877286,-0.130761642517766,0.456130403238506,Accept,1.32691252759019,Reject,Accept,1.00514740087366
0.39846452787721,0.766002576472636,0.281938139921261,-0.0700024766874639,0.665089237673449,Accept,"Age, ProgVar",1.64177141193475,0.281938139921261,-0.0120615125068562,0.576379510608184,Accept,1.65040616767689,Reject,Accept,1.13797841507586
0.525111770577928,0.745228213717063,0.375182374756424,0.104456364636638,0.667820385006165,Reject,"Gender, Age, ProgVar",1.17814515527104,0.375182374756424,0.0851205622673655,0.662993462615096,Reject,1.20985517808429,Reject,Reject,1.24757530050337
0.655914917273093,0.762476364332398,0.221930144674713,0.0143918354708478,0.502646436132552,Reject,"Gender, Age, ProgVar",1.43796762655225,0.221930144674713,-0.0171624855892403,0.459390969154683,Accept,1.40492400711976,Reject,Accept,0.869755632081301
0.54305629983686,0.682043417917201,0.412622681339956,0.0739051247639886,0.68420566967924,Reject,"Gender, Age, ProgVar",1.41379770442892,0.412622681339956,0.147785392570288,0.71597778148709,Reject,1.25956333980733,Reject,Reject,1.58274874247363
0.888538158128604,1.04908110637175,0.153173456144329,-0.576600980035277,0.613260565346945,Accept,Age,1.71251307862956,0.153173456144329,-0.198845896589334,0.508632059746136,Accept,1.30744023781913,Reject,Accept,0.599393780893416
0.663703511061066,0.899972459994275,0.223592918591964,-0.198458954796575,0.511230156702127,Accept,"Age, ProgVar",1.56918915902933,0.223592918591964,-0.134208764909622,0.55263282068338,Accept,1.56518938637118,Reject,Accept,0.291728732070824
0.359515428824161,0.959475523879105,0.190230304195296,-0.278083778912116,0.49889185649991,Accept,"Age, ProgVar",1.69628817619779,0.190230304195296,-0.119578516713681,0.512209479480429,Accept,1.46940465424632,Reject,Accept,1.05202141843823
0.519737201445503,0.927623668758012,0.176687575143338,-0.082404025482706,0.43432176499863,Accept,"Gender, Age, ProgVar",1.41376031125984,0.176687575143338,-0.0684287472510464,0.430313676344526,Accept,1.49622703485577,Reject,Accept,1.00392084173747
0.179856594643175,0.813221292909718,0.372202074193457,0.111406051150123,0.679176617713336,Reject,"Gender, Age, ProgVar",1.25654383768644,0.372202074193457,0.100255421361117,0.676299535988947,Reject,1.28231885491369,Reject,Accept,0.475313835979495
0.850932841712803,0.932115925232667,0.062317750689572,-0.151417125288192,0.447339980973336,Accept,"Gender, Age, ProgVar",0.947966805787708,0.062317750689572,-0.23170427993214,0.336589739225395,Accept,1.13508426494826,Reject,Accept,0.537185968110953
0.679138707802782,0.876716805136612,0.114246601696216,-0.143258412583663,0.424041117817379,Accept,"Gender, Age, ProgVar",1.68669717878378,0.114246601696216,-0.168391324637996,0.393352330205769,Accept,1.51284088373149,Reject,Accept,0.754547111159221
0.920292026158434,0.833225179966921,0.209577826521492,-0.112361076205419,0.461768617149132,Accept,"Gender, Age, ProgVar",1.8199792143193,0.209577826521492,-0.0544172099684962,0.481946026409944,Accept,1.76793970775684,Reject,Accept,0.959399605246888
0.360949028253643,0.883439747362561,0.207176433360636,-0.129627579319621,0.559952681013944,Accept,"Age, ProgVar",1.68137054277227,0.207176433360636,-0.0536078055934644,0.466161741293469,Accept,1.55707370473032,Reject,Accept,0.91297184059812
1.47232316442391,0.967515010608332,0.197356074810385,-0.949625354324879,0.573748953587813,Accept,Gender,1.94068771651851,0.197356074810385,-0.284168855608527,0.66771433971741,Accept,1.50712662023159,Reject,Accept,0.848235200553517
0.688877699524821,0.846630754747707,0.163483422987588,-0.199893986413315,0.44416014648459,Accept,"Gender, Age, ProgVar",1.54610029050041,0.163483422987588,-0.152902001133231,0.46930641431145,Accept,1.51982285565432,Reject,Accept,0.847019216067208
0.551598826203368,0.929261428261749,0.235267744101351,-0.0500506563788209,0.485692428169667,Accept,"Gender, Age, ProgVar",1.13764483062885,0.235267744101351,-0.0495686194727426,0.499411367439067,Accept,1.11739589321875,Reject,Accept,0.161500217637692
0.83235794743475,0.899643738454037,0.179552981182396,-0.0613652623472041,0.364872589642008,Accept,"Gender, Age, ProgVar",1.37128216739709,0.179552981182396,-0.0469823153651117,0.393328738048492,Accept,1.36182684775624,Accept,Reject,1.52222956186103
-0.362266769185863,0.736665008701191,0.434052903703576,0.254329434596699,0.76929049638179,Reject,"Gender, Age, ProgVar",1.11842573303518,0.434052903703576,0.151760457590935,0.699172765687018,Reject,1.25666108562502,Reject,Accept,0.124364071753213
1.04801278922004,0.805489332506166,0.16451218353295,-0.177029975492309,0.478069479267221,Accept,"Gender, Age, ProgVar",1.58982384519548,0.16451218353295,-0.190770919448323,0.504846711585095,Accept,1.52868913607021,Accept,Accept,0.725667848798478
0.50811769343725,0.885111059219518,0.251521377868388,-0.0849816438110519,0.465820216809753,Accept,"Gender, Age, ProgVar",1.77626312620324,0.251521377868388,0.00929504284310193,0.495188438187321,Reject,1.57673171428103,Reject,Reject,1.70694587713461
-0.0253446775827133,0.85379272148085,0.469924430735291,0.144451493342111,0.814140337017385,Reject,"Gender, Age, ProgVar",1.64459723479118,0.469924430735291,0.147709999793704,0.81191960562752,Reject,1.38256163876034,Reject,Accept,1.11503014050453
0.666006560853396,0.920358828834884,0.154718079513058,-0.168987661870599,0.630996380540727,Accept,"Age, ProgVar",1.91950005666799,0.154718079513058,-0.194670143542081,0.490101496388881,Accept,1.7464774189371,Reject,Accept,1.09187474965884
0.296122671294649,0.836125359468797,0.269638038426956,-0.0199024137111569,0.602124401024509,Accept,"Gender, Age, ProgVar",1.33692002553786,0.269638038426956,-0.0721266410995917,0.599856905420482,Accept,1.13332326333731,Reject,Accept,0.660636291869812
0.597673399960447,1.03296229337598,0.216835547416198,-0.0230642637474706,0.470787419063837,Accept,"Gender, Age, ProgVar",1.06783748892921,0.216835547416198,-0.0177470988067879,0.463908374829488,Accept,1.12690191258563,Reject,Accept,0.418802203891454
0.491451474119864,0.954516039115332,-0.0405910913119799,-0.204467494472918,0.683911623658932,Accept,"Age, ProgVar",1.35626057059635,-0.0405910913119799,-0.375157967797894,0.325546031178959,Accept,1.32426761201215,Reject,Accept,0.686354936553493
0.020079255159056,0.733425179200488,0.534559456320963,0.235624530389382,0.841064234021494,Reject,"Gender, Age, ProgVar",1.38863370798154,0.534559456320963,0.216241457434508,0.838979651489935,Reject,1.34579119438854,Reject,Accept,1.03585205220869
0.347059387840001,0.910350994437537,0.340483492775032,0.102225910607372,1.09621990730717,Reject,"Age, ProgVar",2.26711756710641,0.340483492775032,-0.0393509011992982,0.713037790339281,Accept,1.69288612855327,Reject,Accept,0.215130581746442
0.53598292758772,0.867777170599686,0.466952022375351,-0.0105135746119437,0.889640778823247,Accept,"Age, ProgVar",1.78001566790293,0.466952022375351,0.085516851188638,0.847219485549817,Reject,1.79721586202581,Reject,Accept,0.928142554714584
0.45330355066286,0.933581517406228,0.183335648960579,-0.0790248880855999,0.810753026964784,Accept,"Age, ProgVar",2.26590173115786,0.183335648960579,-0.180084393754855,0.52820907555998,Accept,2.03466543406705,Reject,Accept,1.28588607584479
0.698357860791922,1.03153441770893,-0.0717567641045853,-0.213424443536107,0.578515897642815,Accept,"Gender, Age, ProgVar",1.56476484113789,-0.0717567641045853,-0.426288362083465,0.294127795769261,Accept,1.93537108579834,Reject,Accept,1.2617630463996
0.439258936746499,0.779635172244671,0.401916031113844,0.0263146498642382,0.670410964894268,Reject,"Gender, Age, ProgVar",1.31170491544375,0.401916031113844,0.0922662024747072,0.707630437241851,Reject,1.48572869388674,Reject,Accept,0.931445676628349
-0.139649952371716,0.511296032806814,0.641313654442345,0.358310870015622,1.02882216305579,Reject,"Age, ProgVar",1.74902060636537,0.641313654442345,0.361487133452064,0.913412624991872,Reject,1.63545553362032,Reject,Accept,1.21790708384409
0.639995673431313,0.964094487767475,0.0806420982607604,-0.202905437897616,0.321094663490437,Accept,"Gender, Age, ProgVar",1.04701017734285,0.0806420982607604,-0.182504514478078,0.346550213605606,Accept,1.12008907661991,Reject,Accept,1.20008630306522
0.792334390061189,0.889896360215889,0.0959681943824976,-0.0425039649575302,0.326964061372583,Accept,"Gender, Age, ProgVar",1.90580419847471,0.0959681943824976,-0.114360132371854,0.318278472389254,Accept,1.53004805119885,Accept,Accept,0.565378004848174
0.766148625917188,0.915675117782832,0.0263498116438274,-0.152831961724631,0.378172542623939,Accept,"Gender, Age, ProgVar",1.06976802620549,0.0263498116438274,-0.236008475990339,0.305912554711062,Accept,1.22555551779714,Reject,Accept,1.10700760903074
0.16246543537408,0.810603145651589,0.353298822658485,0.00924353163549102,0.830000392280778,Reject,"Age, ProgVar",1.75617109022944,0.353298822658485,0.0037679223280489,0.710698085635263,Reject,1.73555531331991,Reject,Accept,0.316898746672983
0.492222810192142,0.957690226662971,0.419424086492844,0.115941258694779,0.702943920567735,Reject,"Gender, Age, ProgVar",1.02581734082988,0.419424086492844,0.121208911570658,0.710689503252749,Reject,1.17414099371686,Reject,Accept,1.02285064749583
0.457234764998955,1.00557393240776,0.119138830575899,-0.138028134052615,0.564147268012853,Accept,"Gender, Age, ProgVar",1.15319962770075,0.119138830575899,-0.201834626568769,0.45054213239361,Accept,0.961634677871821,Reject,Accept,0.0924954133040358
1.01241727446974,0.942775724340077,0.110592779172044,-0.276373864539582,0.382086831903383,Accept,"Gender, Age, ProgVar",2.21869189425068,0.110592779172044,-0.191132023033699,0.412010099405671,Accept,1.5831202972987,Reject,Accept,0.790717891749926
N/A,N/A,N/A,N/A,N/A,N/A,N/A,N/A,N/A,N/A,N/A,N/A,N/A,N/A,N/A,N/A
0.430519905774773,0.767932817383463,0.411588600906441,0.194559694070693,0.981120440316754,Reject,"Age, ProgVar",1.90934789696655,0.411588600906441,0.0790784846071517,0.732746678655511,Reject,1.6006963924631,Reject,Accept,1.16397917183105
0.237768599588502,0.734942141896264,0.50390291143185,0.16899928503378,0.885527123747267,Reject,"Gender, Age, ProgVar",1.75531349158118,0.50390291143185,0.147203501105398,0.839619932196037,Reject,1.51374777789235,Reject,Accept,0.665288567796022
0.798792223334404,0.921680384063042,0.19331236998674,-0.127139581056271,0.453575774597571,Accept,"Gender, Age, ProgVar",1.48365022092292,0.19331236998674,-0.0949091629771126,0.479790628938993,Accept,1.44657700091545,Reject,Accept,0.589913162415568
0.356919728814564,0.741667971567346,0.386932464736866,0.142440338840657,0.777329822192766,Reject,"Gender, Age, ProgVar",1.88385228863851,0.386932464736866,0.0588539938135218,0.698590404277282,Reject,1.67891857647122,Reject,Reject,1.43409766627563
0.509415164254206,0.831944852084262,0.359507865464805,0.0453158248093145,0.611400824649342,Reject,"Gender, Age, ProgVar",1.30389973116145,0.359507865464805,0.0887394943044836,0.633670667587254,Reject,1.51609235020256,Reject,Accept,1.15401127956944
0.495060208219149,0.798731866485656,0.499232838735135,0.0911940497926833,0.702444229619791,Reject,"Gender, Age, ProgVar",1.98313972204639,0.499232838735135,0.205343570891143,0.794372678391719,Reject,1.99953396994743,Reject,Reject,1.36721132301044
0.573545101418965,0.895493091335125,0.115289666687904,-0.0761810166205877,0.503199548495241,Accept,"Gender, Age, ProgVar",1.84958229958179,0.115289666687904,-0.17274393403937,0.400504254251116,Accept,1.50191253218477,Accept,Accept,0.359124972917184
0.605940772434025,0.838681842012049,0.333694163360931,0.0184201706806502,0.532201149630089,Reject,"Gender, Age, ProgVar",1.58273599520411,0.333694163360931,0.103464466028094,0.552875296608814,Reject,1.36974569119413,Reject,Accept,0.355769361106467
0.351049838079736,0.80282570647492,0.263784153530531,0.00268776854213795,0.651647765505436,Reject,"Gender, Age, ProgVar",1.82266740833766,0.263784153530531,-0.0375045157741226,0.573895216380404,Accept,1.48322788297257,Reject,Accept,1.08939920933736
0.0408368641132206,0.771396134886782,0.378297029786449,0.0510484545601902,0.789595284107966,Reject,"Gender, Age, ProgVar",1.93916662879243,0.378297029786449,0.0226128650946846,0.725852402918853,Reject,1.91122261644201,Reject,Accept,1.2533998395393
0.633493035185768,1.08196450766274,0.279704574875056,-0.047818852872244,0.64717274756658,Accept,"Gender, Age, ProgVar",1.44049785918006,0.279704574875056,-0.0797429908164422,0.645226854374853,Accept,1.57011275247231,Reject,Accept,0.0455258298636625
-0.176968957154958,0.800249154948164,0.632550233884574,0.335351241079067,0.941015407555913,Reject,"Gender, Age, ProgVar",1.23018551249944,0.632550233884574,0.341276831605861,0.93241772237626,Reject,1.26546219291953,Reject,Accept,0.909789437153358
1.04770840763951,0.917895061224529,0.0979729174897421,-0.242447912674449,0.446926311247313,Accept,"Age, ProgVar",1.97515869096733,0.0979729174897421,-0.224051636041248,0.409796327383315,Accept,1.87863120306728,Reject,Accept,0.83478020283845
0.486508379364093,0.742452704438966,0.399336531089109,0.105172283338923,0.595154523433407,Reject,"Gender, Age, ProgVar",1.57507211793457,0.399336531089109,0.169034161797837,0.64430098567418,Reject,1.46278752162343,Reject,Accept,0.949619970720512
0.464997992679909,0.731658096499422,0.408619181582584,0.049821307191102,0.696058282390884,Reject,"Gender, Age, ProgVar",1.52784124753037,0.408619181582584,0.0886471382991839,0.71070810566926,Reject,1.40797469999544,Reject,Accept,0.489002143919819
0.485992030580319,0.967109196271171,0.211826272108647,-0.0679042236372452,0.51135317427499,Accept,"Gender, Age, ProgVar",1.63830100434022,0.211826272108647,-0.103455419501095,0.505455184253557,Accept,1.51632779374114,Reject,Accept,1.07146015015
0.970101599434081,1.01349529901256,0.0377277032600491,-0.264246756707174,0.242738569458166,Accept,"Gender, Age, ProgVar",1.62735419186549,0.0377277032600491,-0.242255740696254,0.297440093349346,Accept,1.39444309396601,Reject,Accept,1.22006107796169
0.880625093278895,0.886175181396935,0.343870844646248,-0.195149233612484,0.632647805769258,Accept,"Age, ProgVar",1.56440762005219,0.343870844646248,-0.0262693237513854,0.706139420364836,Accept,1.6371402205164,Reject,Accept,0.435780131152443
0.332189945273482,0.798758730922227,0.185689767146941,-0.0986215065904335,0.754991315279124,Accept,"Age, ProgVar",1.34596800747108,0.185689767146941,-0.130466432299494,0.516086584998872,Accept,1.43798214768602,Accept,Accept,0.886004125792771
0.576094019546174,0.832449188078014,0.225659863816575,0.0120149488254269,0.570095120134541,Reject,"Gender, Age, ProgVar",1.22170047779451,0.225659863816575,-0.0467877197076372,0.473482501552049,Accept,1.36731568408514,Reject,Accept,0.60132975388067
0.109845030033809,0.7896328240431,0.503525854506665,0.148404547214142,0.839474670261024,Reject,"Gender, Age, ProgVar",1.44467836301179,0.503525854506665,0.162471568713676,0.823116558289064,Reject,1.45491591242983,Reject,Accept,1.21427110856818
0.300000245752095,0.718756100280482,0.487070111430191,-0.0233046807679262,1.05523650029081,Accept,"Age, ProgVar",1.6366983804345,0.487070111430191,0.0444498321051029,0.907544692160938,Reject,1.66698173160293,Reject,Accept,0.481420592222307
0.888824107333743,0.947824560546413,-0.0874803546321376,-0.311473851077017,0.230426956279738,Accept,"Gender, Age, ProgVar",1.17912184795125,-0.0874803546321376,-0.350369872045807,0.171387108845833,Accept,1.2570463338309,Reject,Accept,0.719496894310244
0.615034284728874,0.881745882470724,0.221042361129904,-0.0180002269247875,0.475315004082875,Accept,"Gender, Age, ProgVar",1.31418773416777,0.221042361129904,-0.0202703265669182,0.477793620259433,Accept,1.28390074467837,Reject,Accept,1.08760845952646
0.439147631696095,0.758232080138516,0.350293932673653,0.121203876478247,0.655569041252338,Reject,"Gender, Age, ProgVar",1.73971344383598,0.350293932673653,0.0920728915932337,0.600772361399279,Reject,1.7029570508838,Reject,Accept,0.773003234104671
0.315233852629914,0.759480783068977,0.456975372654849,0.100357909370728,0.688874386289767,Reject,"Gender, Age, ProgVar",1.47201253735176,0.456975372654849,0.164449578736806,0.733068190750991,Reject,1.50479391944555,Reject,Reject,1.40633208066888
0.80099172873156,0.841691213269682,0.198930064810473,-0.0341016484932266,0.583696012180598,Accept,"Gender, Age, ProgVar",2.08282054137098,0.198930064810473,-0.119316847301744,0.521644533291652,Accept,2.09861922104804,Reject,Accept,1.36369603749466
0.897923183216405,0.981624571573314,0.0409980329317331,-0.337435821264201,0.462852260146225,Accept,"Age, ProgVar",2.14006541595981,0.0409980329317331,-0.322514496860841,0.395588425239501,Accept,1.87588785824398,Accept,Reject,1.51769307082716
0.348896471996837,0.937431219322523,0.324994427935483,0.106276281485209,0.611840418974023,Reject,"Gender, Age, ProgVar",1.18255805809606,0.324994427935483,0.0816490628734481,0.546483377950601,Reject,1.18917952750148,Reject,Reject,1.34529523573099
0.254682926341266,0.766060012909887,0.352450704962954,0.10476325055522,0.755166917621369,Reject,"Gender, Age, ProgVar",1.45145583162259,0.352450704962954,0.0352736732070768,0.679001517086681,Reject,1.32437489670708,Reject,Reject,1.30421986740847
0.222394055226671,0.752752583899311,0.420912957635011,0.0842684263926872,0.710411599591719,Reject,"Gender, Age, ProgVar",1.74817638755307,0.420912957635011,0.0736632314973976,0.753423973208424,Reject,1.44207509680807,Reject,Reject,1.80361194858719
0.539038265924315,0.818770889681134,0.418749776493514,0.0349884578538743,0.807589217722489,Reject,"Gender, Age, ProgVar",1.88489558748685,0.418749776493514,0.0220470987580397,0.816899333176992,Reject,1.51053364292524,Reject,Reject,1.54997945020131
0.738282331763877,0.940998682305101,-0.0192631944821103,-0.305873435668286,0.309328204499313,Accept,"Gender, Age, ProgVar",1.50607534651399,-0.0192631944821103,-0.309241326330255,0.274332372353123,Accept,1.25965698925196,Reject,Reject,1.51249608861141
0.590311927148596,0.848366379793102,0.232046323699379,-0.0677606186369393,0.50880346097062,Accept,"Gender, Age, ProgVar",1.62693429600165,0.232046323699379,-0.0291468793555738,0.487591085197132,Accept,1.60301011507781,Accept,Accept,1.21041262603499
-0.0447802484115409,0.738658095549102,0.428074492798995,0.00065921498548184,0.886125505281661,Reject,"Gender, Age, ProgVar",1.27824462484449,0.428074492798995,0.0243360633951409,0.842618772333019,Reject,1.34065536043448,Reject,Accept,0.682842573041577
0.635381072134788,0.911838718081099,0.367879661762542,0.0211419514410895,0.904340481295756,Reject,"Age, ProgVar",2.00380237626968,0.367879661762542,0.00889427327073239,0.729199892983955,Reject,1.58880073695423,Reject,Accept,0.837115650022977
0.818850602229308,0.865962831122976,0.264330588216925,-0.225526374210518,0.462521527550776,Accept,"Age, ProgVar",1.38825002561441,0.264330588216925,-0.0284441909621649,0.560656986552248,Accept,1.77573505633043,Reject,Accept,0.40396592076293
0.73130721874313,0.931395327753803,-0.0353187810730983,-0.326582189941416,0.429904556194812,Accept,"Age, ProgVar",1.42007540604772,-0.0353187810730983,-0.333355631234053,0.293399538292344,Accept,1.34181730866808,Reject,Accept,0.910691793847651
0.55752198682379,0.784510605103805,0.258730674988065,0.0166684368286333,0.519413978489746,Reject,"Gender, Age, ProgVar",1.87537892885207,0.258730674988065,0.00774642770143942,0.518878263188205,Reject,1.86239880975668,Reject,Accept,0.387505135430765
0.372012649479527,0.90994799467546,0.210264119746031,-0.191331488629702,0.453310252505098,Accept,"Gender, Age, ProgVar",1.26553064682352,0.210264119746031,-0.110413104685402,0.498532410251937,Accept,1.25646321914836,Reject,Accept,1.10445452423615
0.994259296439004,0.964044355773881,0.131755104013308,-0.140224289039588,0.380309454449461,Accept,"Gender, Age, ProgVar",1.48215847897928,0.131755104013308,-0.143568722883089,0.408705873553896,Accept,1.84658712246255,Reject,Accept,1.26519921663442
0.709230992335681,1.00585751923302,0.0721764504928859,-0.246209273107422,0.490096769890095,Accept,"Gender, Age, ProgVar",1.22712893348222,0.0721764504928859,-0.282812890148889,0.419161305019583,Accept,1.16274258954192,Accept,Accept,0.338026200803197
0.649406959612078,0.898780981033717,0.33727745381734,-0.11836740851856,0.645359696900024,Accept,"Age, ProgVar",1.64738624078482,0.33727745381734,0.0405186993006404,0.640231328802233,Reject,1.50558409991064,Reject,Accept,0.922444514460892
0.718471723260889,0.770538979323072,0.232566055122515,0.0140596458427172,0.419731057865658,Reject,"Gender, Age, ProgVar",1.65328455146167,0.232566055122515,0.03544725411123,0.443687969463561,Reject,1.52374581025641,Reject,Accept,0.813860580164638
0.323807015047683,0.832152207874085,0.452583158122361,-0.100798286005609,0.8002091632277,Accept,"Age, ProgVar",1.94714136174175,0.452583158122361,0.120072803380544,0.823173820723229,Reject,1.81692542028489,Reject,Reject,1.69136712120129
0.437601842706165,0.752569047776839,0.309370300014953,0.0778831411646128,0.70542436577384,Reject,"Gender, Age, ProgVar",1.89960760854043,0.309370300014953,-0.0228097906087134,0.651553276820297,Accept,1.73051047718465,Reject,Accept,0.199719887866269
0.965993369367455,0.915576700063686,0.158843758786855,-0.307417680045726,0.535992362933494,Accept,"Gender, Age, ProgVar",1.72381838389974,0.158843758786855,-0.267566815587656,0.5823430473828,Accept,1.6754701379809,Reject,Accept,1.21483425095081
0.919999645912982,0.993524414516195,-0.167394457311043,-0.44276479641625,0.255001006125777,Accept,"Gender, Age, ProgVar",1.7613540075303,-0.167394457311043,-0.505300272320605,0.179565975786612,Accept,1.73254981812973,Accept,Accept,1.48641277340323
0.664502657430445,0.86104855307889,0.0946726407730928,-0.177373205657063,0.449327419033619,Accept,"Gender, Age, ProgVar",1.6705526934943,0.0946726407730928,-0.255057439896189,0.42368051467464,Accept,1.52245505803029,Reject,Accept,0.467355355625306
0.621081426938847,0.801800668638242,0.261206476617754,0.016445206077772,0.524678720810946,Reject,"Gender, Age, ProgVar",1.57098368689818,0.261206476617754,0.0118467029897846,0.50212809919342,Reject,1.07085574790412,Reject,Reject,1.29321823427158
0.683842865239331,0.814186789670968,0.224743953050128,-0.0313404745400927,0.536796764478063,Accept,"Gender, Age, ProgVar",1.50628887954818,0.224743953050128,-0.0455700417108897,0.49433651606044,Accept,1.50524591667959,Reject,Accept,1.1823284860084
0.79357615068285,0.847312816967806,0.209153710261922,-0.228623412401064,0.373388300609729,Accept,"Age, ProgVar",2.24572175223423,0.209153710261922,-0.0743655865078224,0.467904134549233,Accept,1.85299980647831,Reject,Accept,1.26089192647817
0.383924305239227,0.803038313257174,0.28930506827894,-0.00054040979411582,0.549591840978982,Accept,"Gender, Age, ProgVar",1.71146583635941,0.28930506827894,0.0273256655173489,0.56805924869888,Reject,1.30344766252634,Reject,Accept,0.6502659535978
0.920586896400681,0.935896620020857,0.116316983524373,-0.132002527721556,0.3540297002539,Accept,"Gender, Age, ProgVar",1.48593413730843,0.116316983524373,-0.132678076790099,0.370120876079597,Accept,1.22095172094472,Reject,Accept,0.707875577195792
0.733548088413634,1.07701986963972,0.178934815303951,-0.150685369404579,0.507864428345349,Accept,"Age, ProgVar",1.52833627901747,0.178934815303951,-0.103046979719371,0.467830945504692,Accept,1.21828295034343,Reject,Accept,1.13014264407819
0.42112475203661,0.794801766589509,0.283646915742535,0.0384878252148518,0.698299719654863,Reject,"Age, ProgVar",1.32528150408632,0.283646915742535,0.0107936696829806,0.564362865964393,Reject,1.20309569774681,Reject,Accept,0.598011414257869
0.662176377409702,1.04122336419547,0.0476955321552326,-0.309051967674009,0.439107076270404,Accept,"Gender, Age, ProgVar",1.19833729754185,0.0476955321552326,-0.330785753456311,0.409703518184937,Accept,1.40488185984921,Reject,Accept,1.09078672990879
0.675930472304732,0.862224238986758,0.228395261955582,-0.123143448282236,0.471394360604201,Accept,"Gender, Age, ProgVar",2.17761225565064,0.228395261955582,-0.0448002704381745,0.487842993774141,Accept,1.72616304368815,Reject,Accept,1.26586253363491
0.372873989944991,0.875473561943118,0.300047940257708,-0.0484797516117428,0.634006643764935,Accept,"Gender, Age, ProgVar",1.45000194230096,0.300047940257708,-0.0453511634966364,0.628117604191612,Accept,1.34806867660826,Reject,Accept,0.706198614853905
1.00117076626297,0.946848619578227,0.176639918241246,-0.410778422873899,0.341915285229654,Accept,"Age, ProgVar",1.90845616285814,0.176639918241246,-0.148993858010259,0.506569638566913,Accept,1.55774355454332,Accept,Accept,1.30813375267009
0.344502235431264,0.902252595395021,0.410657050473038,0.0885414165170532,0.783584593307354,Reject,"Age, ProgVar",1.88042277452929,0.410657050473038,0.118298032090897,0.717566956825937,Reject,1.68265138291444,Reject,Accept,0.762434250904353
1.24810910718977,1.08671798671174,0.0854811046914558,-0.312530053485394,0.407077420136987,Accept,"Gender, Age, ProgVar",1.75528715982148,0.0854811046914558,-0.264462280376159,0.469800660492001,Accept,1.82192541951749,Reject,Accept,0.802795808556269
0.474006042776915,0.712555597490221,0.496195435591288,0.183973362811484,0.720862103327163,Reject,"Gender, Age, ProgVar",1.89056441568562,0.496195435591288,0.209819433909602,0.762955565047766,Reject,1.63831039367827,Reject,Reject,1.37905617212133
0.0459640911216628,0.668670109856856,0.385550993987987,0.214945987183716,0.722873413160112,Reject,"Gender, Age, ProgVar",0.997469231540548,0.385550993987987,0.145934995057076,0.630664946701359,Reject,1.28757165831234,Reject,Accept,0.958827496498225
1.03303168620552,0.930631351641838,0.147941766737832,-0.0747646120969176,0.452046278612929,Accept,"Gender, Age, ProgVar",1.70662272512595,0.147941766737832,-0.0922301168218845,0.400132820940824,Accept,1.56084084675402,Reject,Accept,0.479803411938984
0.298858279480004,0.847921912335595,0.19376497449849,-0.100646532915154,0.500513739588379,Accept,"Gender, Age, ProgVar",1.50268939557065,0.19376497449849,-0.108798493372469,0.504406448902003,Accept,1.61156860721853,Reject,Accept,0.393071577709963
0.262067628607546,0.88476598838915,0.3498456610618,-0.0450990494202922,0.819074703358665,Accept,"Age, ProgVar",1.91317791095518,0.3498456610618,-0.00172357565818038,0.71179470246091,Accept,1.89669888215292,Reject,Accept,0.697797755474993
0.42672992043827,0.81212113412985,0.467532284500802,0.0302274451729476,0.721994591290509,Reject,"Age, ProgVar",1.43975175387129,0.467532284500802,0.213389892673746,0.725402413850704,Reject,1.21999701085593,Reject,Accept,0.904116472668837
0.372562308127969,1.0020805653239,0.387181213766666,-0.0960091589455979,0.781691481816294,Accept,"Gender, Age, ProgVar",1.82006208817972,0.387181213766666,-0.0363142901128339,0.802958016527819,Accept,1.7555776033997,Accept,Accept,1.25904054244838
0.471707041377184,0.659670582010166,0.35871368438828,0.164715739466384,0.766393049416126,Reject,"Gender, Age, ProgVar",1.74189865953845,0.35871368438828,0.0447313959506583,0.651814256729338,Reject,1.87607035484136,Reject,Accept,0.962503939788328
0.509362097589149,0.858157041601103,0.252215055318717,-0.0121279459422075,0.500946340985617,Accept,"Gender, Age, ProgVar",1.47475283757793,0.252215055318717,-0.0118631971593521,0.512945330010626,Accept,1.47405887576458,Reject,Accept,0.519541490463519
0.729596244005522,0.931388851041426,0.059461381167396,-0.159040178874546,0.290263558290769,Accept,"Gender, Age, ProgVar",1.10816765012865,0.059461381167396,-0.168953283044157,0.282723489906549,Accept,1.15387711507012,Accept,Accept,0.812318927338982
0.2714347017072,0.684943371522833,0.0526190585205738,0.0920628476057018,0.973887397584749,Reject,"Age, ProgVar",1.49699903362242,0.0526190585205738,-0.30423345787098,0.427002250775743,Accept,1.55085312011044,Reject,Reject,1.29576470791254
-0.0505081641723832,0.723371047432,0.390258826246795,0.16748378055356,0.710905524527459,Reject,"Gender, Age, ProgVar",1.7255163738154,0.390258826246795,0.135994193507825,0.625526347726898,Reject,1.37782111132754,Reject,Reject,1.65589461553952
0.68273616484303,0.856105591852233,0.215007010928012,0.0179738046817479,0.440499532540744,Reject,"Gender, Age, ProgVar",1.59992694976837,0.215007010928012,-0.0300032972594361,0.446861188721478,Accept,1.51674701713104,Reject,Accept,0.338342602878985
-0.126669315974247,0.719453329186376,0.48971539154335,0.277284934903734,0.841506052278459,Reject,"Gender, Age, ProgVar",1.32836577238446,0.48971539154335,0.199859368441115,0.78217879184788,Reject,1.15242123833532,Reject,Accept,0.806319795258838
N/A,N/A,N/A,N/A,N/A,N/A,N/A,N/A,N/A,N/A,N/A,N/A,N/A,N/A,N/A,N/A
-0.0545215559287216,0.745430019586634,0.464740928603132,0.133027832442304,1.03009702733229,Reject,"Age, ProgVar",1.34458250765614,0.464740928603132,0.128664837660619,0.791295113545215,Reject,1.37757325295371,Reject,Accept,0.234263531751082
0.0428372577884876,0.785493082832036,0.367298702443175,0.221520795074497,0.712536002154052,Reject,"Age, ProgVar",1.41882051190774,0.367298702443175,0.136983650435098,0.594894892154841,Reject,1.44814181060246,Reject,Accept,0.233269731335097
0.394881867766869,0.789439832222874,0.622699305431642,0.0579608737718093,1.04535336311933,Reject,"Age, ProgVar",1.54561851269424,0.622699305431642,0.255657318918987,0.995316512755221,Reject,1.44910994083747,Reject,Accept,0.778224544659159
0.862578384513976,0.841035280499991,0.133010617580187,-0.0741088626536308,0.408702261451194,Accept,"Gender, Age, ProgVar",0.90586093114451,0.133010617580187,-0.0949701274692658,0.353539343908049,Accept,1.19589166388846,Reject,Accept,1.07129048126963
0.850140932754161,0.981129995080122,0.23794309557103,-0.145772006658446,0.461879309692598,Accept,"Gender, Age, ProgVar",1.64577166186489,0.23794309557103,-0.0688768236017707,0.539237402284115,Accept,1.62274484798967,Accept,Accept,0.368258349372668
0.61743616404076,0.945226057554594,0.113623974529101,-0.211282179892783,0.468397717237029,Accept,"Age, ProgVar",1.66344054489977,0.113623974529101,-0.151346084049083,0.393147167550392,Accept,1.47838777660762,Reject,Accept,1.25431254754747
N/A,N/A,N/A,N/A,N/A,N/A,N/A,N/A,N/A,N/A,N/A,N/A,N/A,N/A,N/A,N/A
0.382045265955537,0.862722807267482,0.299229572081742,-0.0692929332720474,0.700350932520088,Accept,"Gender, Age, ProgVar",1.22195297824126,0.299229572081742,-0.0696491114780559,0.664186452744244,Accept,1.3284480335324,Reject,Accept,0.793946873380498
0.680178994328725,0.921942405801217,0.030835642540493,-0.194072980586965,0.416975475282457,Accept,"Gender, Age, ProgVar",1.04333359797409,0.030835642540493,-0.261441749728462,0.339740925751455,Accept,1.15950114310472,Reject,Accept,0.589334877374038
0.122857850068361,0.71787701492008,0.404080284628503,0.0911393156367025,0.794361846397094,Reject,"Age, ProgVar",1.37182698925182,0.404080284628503,0.124514797262106,0.716053375924636,Reject,1.14999865083701,Reject,Accept,1.01064482469896
0.765438681241997,0.928784012320897,0.141615078180342,-0.046685500896404,0.432126960321126,Accept,"Gender, Age, ProgVar",1.40007871313319,0.141615078180342,-0.10474375994227,0.384485848021248,Accept,1.2755728750577,Reject,Accept,1.11554068610585
0.0501441633909744,0.813208411599865,0.432577394733559,0.108821428679557,0.800222356963802,Reject,"Gender, Age, ProgVar",1.46361494451254,0.432577394733559,0.122377946207544,0.765802584538918,Reject,1.49439518555389,Reject,Accept,0.449441390514934
0.987481355459649,1.11810346669405,0.148021285826925,-0.310626038900765,0.507524856993965,Accept,"Gender, Age, ProgVar",1.21484629707443,0.148021285826925,-0.293965600929877,0.553055144919608,Accept,1.39560276224874,Reject,Accept,1.02080144245227
1.13440601753996,1.02998507991287,-0.00771087399411524,-0.388812327821319,0.264643098011396,Accept,"Gender, Age, ProgVar",1.32386505810419,-0.00771087399411524,-0.343783515852817,0.296384217429732,Accept,1.35156643564716,Accept,Accept,0.106175082271906
0.427041307886512,0.879892580848014,0.174538157303625,-0.0020466547488214,0.435103841715047,Accept,"Gender, Age, ProgVar",0.97934456083317,0.174538157303625,-0.0588791104111992,0.406704268248438,Accept,1.07988905168339,Reject,Accept,0.401583596368521
0.634051620943141,0.990706254181088,0.0158498382133759,-0.117304907173081,0.449379459810133,Accept,"Gender, Age, ProgVar",1.28202789610349,0.0158498382133759,-0.274765788605188,0.286057948138036,Accept,1.4004168155633,Reject,Accept,1.20706120286331
0.690529281585475,0.880435157124878,0.28289519803414,0.0445041622490235,0.585252010140931,Reject,"Gender, Age, ProgVar",1.69181711506778,0.28289519803414,0.0191254456967093,0.547849424185763,Reject,1.60535589172601,Reject,Accept,1.2356743521408
0.33820658803735,0.929219961997942,0.218715167289365,-0.0278134627375534,0.594371279969046,Accept,"Gender, Age, ProgVar",1.57546309556427,0.218715167289365,-0.0860654816340429,0.51462739876972,Accept,1.46826088955993,Accept,Accept,0.922690728840394
0.450648805877275,0.900002114263761,0.15953817763109,-0.0356007755147102,0.472448804572711,Accept,"Gender, Age, ProgVar",1.11747381523191,0.15953817763109,-0.0866212354924045,0.409323280267211,Accept,1.22501335798547,Reject,Accept,0.664760956728491
0.838832369783654,0.869865743712243,0.134150509310837,-0.316528056506671,0.580316716007098,Accept,"Age, ProgVar",1.44046099958467,0.134150509310837,-0.209924569378169,0.480932542709153,Accept,1.4919511894039,Reject,Accept,0.37042878905652
0.368520207468448,0.752110467545791,0.223299826524829,0.141407323223171,0.78423181030085,Reject,"Gender, Age, ProgVar",1.91986355346114,0.223299826524829,-0.0833579184297785,0.529838999639098,Accept,1.83000327564732,Reject,Accept,0.722776675207428
0.796145032235988,0.926175635839172,0.223991313993369,-0.0658678248593614,0.585926853633315,Accept,"Gender, Age, ProgVar",1.61062905854403,0.223991313993369,-0.106372430350374,0.534123878312048,Accept,1.73405583983289,Reject,Accept,1.04909584466525
0.587429444306263,0.777311523369168,0.339963945715375,0.034269856534737,0.592459478184187,Reject,"Gender, Age, ProgVar",1.38265927284961,0.339963945715375,0.076572197503136,0.614556124228748,Reject,1.54671603171449,Reject,Accept,1.09402960024781
0.329459563487252,0.75416540028147,0.256942547986584,0.0602538950864095,0.56931283476222,Reject,"Gender, Age, ProgVar",1.62842395274392,0.256942547986584,0.0144719246896487,0.492876375281976,Reject,1.25392803038187,Reject,Accept,0.833300342462793
0.637638474114729,0.941042253191863,0.136415821759666,-0.194000044626827,0.464434664827839,Accept,"Age, ProgVar",1.36007669195368,0.136415821759666,-0.0953026560614667,0.379722852715131,Accept,1.26442511982049,Reject,Accept,0.562155587858101
0.0556346508145842,0.703265678978753,0.501411801484387,0.286830294738069,1.27346157246304,Reject,"Age, ProgVar",1.8181666498854,0.501411801484387,0.0973337045338031,0.902312183191144,Reject,1.59146114683302,Reject,Reject,1.29801472774098
0.248594702649387,0.687494202579097,0.452957216445306,0.124177364422934,0.729549723993061,Reject,"Gender, Age, ProgVar",2.01496506865112,0.452957216445306,0.170444193576529,0.733567428984221,Reject,1.83314939162885,Reject,Accept,1.24220053729452
0.326977703596762,0.898742106432982,0.238146455826243,-0.106210230636416,0.661063127276346,Accept,"Gender, Age, ProgVar",1.25991210809191,0.238146455826243,-0.156079333422692,0.611475048644124,Accept,1.50219426857386,Accept,Accept,0.811081883616734
0.261161882022562,0.791287675675564,0.292829089828624,0.0237460847948526,0.846759513698708,Reject,"Age, ProgVar",0.972423865372299,0.292829089828624,-0.00797682647635922,0.61356232482236,Accept,1.26634889784738,Reject,Accept,0.833060515014286
0.48830944613969,0.84674610615844,0.303502049520076,0.0244359311378564,0.543331006281769,Reject,"Gender, Age, ProgVar",1.33238374805471,0.303502049520076,0.0521626614783968,0.572598647183564,Reject,1.37832833261233,Reject,Accept,0.756118998867965
0.466680627907716,0.697553311699726,0.281078914231097,0.0215340452277406,0.533089423730548,Reject,"Gender, Age, ProgVar",1.69553179263134,0.281078914231097,0.0451989157475735,0.51264818119299,Reject,1.56021910310093,Reject,Reject,1.74150983026153
0.311102472578313,0.756689951255691,0.392832823068073,0.228593369998952,0.702783060973206,Reject,"Gender, Age, ProgVar",1.73058994892817,0.392832823068073,0.144540955561251,0.642298731923475,Reject,1.46028582693692,Reject,Reject,1.24106586229462
0.593893201323807,0.84561609824942,0.222486483116038,-0.0647340511865909,0.657494468870869,Accept,"Gender, Age, ProgVar",1.03069354853699,0.222486483116038,-0.141338633056418,0.581301426601533,Accept,1.36754650053085,Reject,Accept,0.562615552104078
0.946215104171179,0.930476914542574,0.0303413870740754,-0.276442645621198,0.3457464077295,Accept,"Gender, Age, ProgVar",1.75573068613926,0.0303413870740754,-0.286453791385875,0.332943070911259,Accept,1.46545003349219,Reject,Accept,0.484362585884615
0.772263949169972,0.777883877569653,0.286346460901864,-0.132124457654606,0.730182388165417,Accept,"Age, ProgVar",1.48272981913839,0.286346460901864,-0.0418981531890368,0.650139346596424,Accept,1.57529469459785,Reject,Accept,1.1174628829358
0.801929339943208,0.826862744351189,0.198882536989541,-0.106656264358481,0.40071371393659,Accept,"Gender, Age, ProgVar",1.47487746183467,0.198882536989541,-0.0557609405401182,0.449564292704134,Accept,1.85526039479877,Accept,Accept,0.252791557001752
0.429749460319216,0.883042413701361,0.298034326434055,-0.0707733103458132,0.648989024348003,Accept,"Gender, Age, ProgVar",1.66107434908648,0.298034326434055,-0.0658548785405514,0.626724045676459,Accept,1.81052569656265,Reject,Reject,1.08824741407219
0.177561541313551,0.869509542546148,0.286949988594083,0.0134428575932126,0.577500136453961,Reject,"Age, ProgVar",1.63325602692454,0.286949988594083,0.054782101208075,0.520266968964929,Reject,1.29299693024416,Reject,Accept,0.837949188216155
0.442632350969327,0.871372777978263,0.368514718834472,0.0793832741541987,0.643581726652917,Reject,"Gender, Age, ProgVar",1.74471673195067,0.368514718834472,0.070672963665898,0.662271700374664,Reject,1.67062254422711,Reject,Accept,0.997107557826902
0.847525124477405,1.00069580093618,-0.0238581021232313,-0.326627518940144,0.274931711443995,Accept,"Age, ProgVar",1.36656853677532,-0.0238581021232313,-0.271560890629165,0.23279893963431,Accept,1.25253402637123,Accept,Accept,1.04148328331387
0.987888949809797,0.893733281532301,0.106987133081401,-0.25898667462547,0.525704294273754,Accept,"Age, ProgVar",1.80572939596759,0.106987133081401,-0.185871221650175,0.397934029642101,Accept,1.48872801300262,Reject,Accept,1.18833376312706
0.634796031351735,1.07366133840195,0.143383448244053,-0.150090410557901,0.546761572638398,Accept,"Gender, Age, ProgVar",1.36187271160568,0.143383448244053,-0.151592941020783,0.45125214359639,Accept,1.56714321385517,Reject,Accept,0.494215461253092
0.740921137471374,0.885795341256789,0.0605095578066425,-0.334034164223848,0.412429328580476,Accept,"Gender, Age, ProgVar",1.36400258981216,0.0605095578066425,-0.286064264861217,0.409278288979743,Accept,1.70221639388909,Reject,Accept,0.959339685957586
0.457953663543465,0.858363992053457,0.264755383123978,0.00553965363661497,0.493415714061246,Reject,"Gender, Age, ProgVar",1.71444268305424,0.264755383123978,0.0227180986043458,0.513024062361737,Reject,1.50263279097542,Reject,Accept,1.00396083136264
0.128226908496691,0.83200259072939,0.495403344741578,0.161743662998447,0.779266042161482,Reject,"Gender, Age, ProgVar",1.24256864075458,0.495403344741578,0.182923821796548,0.799127804447668,Reject,1.32793527963791,Reject,Accept,0.970187422018258
0.436662084293661,0.768218153810678,0.364606317778363,0.208199582899461,0.852837477701716,Reject,"Age, ProgVar",1.42077532336791,0.364606317778363,0.0823613206385078,0.642390003289793,Reject,1.3182409650836,Reject,Accept,1.11788022334146
-0.184633382701338,0.703600686956987,0.480258851652592,0.133815846871871,0.87135503558328,Reject,"Age, ProgVar",1.50484486284261,0.480258851652592,0.162552443970765,0.810356200022416,Reject,1.43396729524789,Reject,Reject,1.74376112566469
0.530276538324727,0.756791970212761,0.397786754305509,0.0416281874388468,0.638628945158095,Reject,"Age, ProgVar",1.40699307399066,0.397786754305509,0.144718616820646,0.645252443770604,Reject,1.4711111469919,Reject,Accept,0.982083578984008
0.726363054918773,0.836003047562732,0.224118860778499,-0.0937787643221958,0.505046389048028,Accept,"Gender, Age, ProgVar",1.83173607227599,0.224118860778499,-0.0774683086020692,0.51902871557765,Accept,1.37520373689139,Accept,Accept,0.472976834023022
0.919068715261012,0.962081951328973,0.0453764623402541,-0.244357678153021,0.428847170996944,Accept,"Gender, Age, ProgVar",1.0289207450549,0.0453764623402541,-0.309925849797901,0.372578370752954,Accept,1.15508804592256,Reject,Accept,0.634631540400047
0.75881431702777,0.838793622180968,0.131310062479661,-0.100570704368933,0.44894843791088,Accept,"Gender, Age, ProgVar",1.06719219329622,0.131310062479661,-0.164980611580936,0.436795007723372,Accept,1.37099461575442,Accept,Accept,0.657329203737976
0.39829778107671,0.750349770762545,0.461992745379085,0.196042404095355,0.677256052505334,Reject,"Gender, Age, ProgVar",1.30415980985884,0.461992745379085,0.228051932133725,0.694533029744544,Reject,1.27601112427554,Reject,Accept,1.01033294734228
1.04550174927495,0.962423291965897,0.0637250206858132,-0.252200326297827,0.316193583211515,Accept,"Gender, Age, ProgVar",1.61121943108862,0.0637250206858132,-0.217582939409962,0.327051665234378,Accept,1.35489833002699,Accept,Accept,1.02096538772145
0.890785028945597,1.05761382647493,0.0363750403747705,-0.247638075225368,0.325231765159031,Accept,"Gender, Age, ProgVar",1.08542663133345,0.0363750403747705,-0.246874572579838,0.292959872673078,Accept,1.05742416653673,Reject,Accept,0.168794555867912
0.0655056158428593,0.606076270525467,0.513075736481873,0.35832306596245,0.91988815750193,Reject,"Gender, Age, ProgVar",1.63264833078027,0.513075736481873,0.228904837459244,0.762065674458872,Reject,1.44947528575005,Reject,Reject,1.56790364135463
0.147101611128397,0.75708681944411,0.437849725977663,0.261776564976269,0.75488120778005,Reject,"Gender, Age, ProgVar",1.14988826017299,0.437849725977663,0.186029816572923,0.674656815576054,Reject,1.33352899899427,Reject,Reject,1.41239311601716
0.701337914026829,0.857210969566339,0.148602671062204,-0.146807716659682,0.450676986089312,Accept,"Gender, Age, ProgVar",1.56497338649196,0.148602671062204,-0.158127871845164,0.431637060302853,Accept,1.71097330658787,Accept,Accept,0.301651534527005
0.141084587350411,0.672549106775375,0.489328881045312,0.141830742365162,0.870194479623178,Reject,"Gender, Age, ProgVar",1.46809962607214,0.489328881045312,0.115644950498535,0.868165104765637,Reject,1.47417064364624,Accept,Reject,1.3516752828349
0.296167913712635,0.642902085309681,0.451802266556614,0.108275575839722,0.774159948553762,Reject,"Gender, Age, ProgVar",1.24733497393687,0.451802266556614,0.128194099096897,0.791824950411308,Reject,1.50740836986928,Reject,Accept,0.854616682679365
0.382401135162696,0.930708160908895,0.264783460742662,0.0410895877996606,0.750443170930898,Reject,"Age, ProgVar",2.29286362217924,0.264783460742662,-0.0553656171879269,0.574000650941895,Accept,1.80105175299494,Reject,Accept,1.16367227281522
0.36839270560109,0.777977759244659,0.398332257975895,0.0576008721239924,0.703684549015246,Reject,"Age, ProgVar",1.28388880715154,0.398332257975895,0.161060495753672,0.664589195647506,Reject,1.42929102708647,Reject,Accept,0.480378732401499
0.514329580446687,0.881180359524582,0.220652417724966,-0.242098416459204,0.65791912281245,Accept,"Gender, Age, ProgVar",1.58438206491371,0.220652417724966,-0.197203678073825,0.642601683065746,Accept,1.44842946392869,Reject,Accept,1.20605554393514
0.38820417015016,0.722122901820867,0.411580473980106,0.105685280388002,0.650384689558275,Reject,"Gender, Age, ProgVar",1.18335596532659,0.411580473980106,0.152900643070604,0.667426796328856,Reject,1.30113436833867,Reject,Accept,1.13572868837718
1.117463499323,0.952845080061188,0.0238339371777372,-0.237993910326712,0.287674786010347,Accept,"Gender, Age, ProgVar",2.01130838640648,0.0238339371777372,-0.238228623887307,0.266850922099989,Accept,1.64628245711641,Reject,Accept,0.472169272522366
0.803201700822642,0.972268100423652,0.0846265824011379,-0.185416797019905,0.519565124494803,Accept,"Gender, Age, ProgVar",1.70724913390691,0.0846265824011379,-0.261332149591316,0.416375865863128,Accept,1.34267594554991,Accept,Reject,1.33877548318093
0.763646015480527,0.917481223527132,-0.0505514346089321,-0.319355797229267,0.399509528546485,Accept,"Age, ProgVar",1.89951297040646,-0.0505514346089321,-0.318366074883348,0.235947164293331,Accept,1.46695224912434,Reject,Accept,0.833403597688492
-0.139287624489117,0.828659106170273,0.431151389974296,0.147030858293318,0.908804569970888,Reject,"Age, ProgVar",1.53079585867283,0.431151389974296,0.0762882075027841,0.756511388225506,Reject,1.37801454857497,Reject,Accept,1.23325694170032
0.419663509306689,0.67662267813547,0.308556924677464,0.0658701221383777,0.658119771144763,Reject,"Gender, Age, ProgVar",1.33285911270735,0.308556924677464,-0.025366693501351,0.608631305632663,Accept,1.26162264497055,Reject,Accept,0.99891310822414
0.458398660300391,0.783391158149108,0.333551372804577,0.0604123327087122,0.642876270593633,Reject,"Gender, Age, ProgVar",1.27316931549638,0.333551372804577,0.0152667117574434,0.622847140354475,Reject,1.27935615557403,Reject,Accept,0.667323638276136
0.736941065885696,0.828735645498618,0.163479844611539,-0.126386649624711,0.617507566922708,Accept,"Age, ProgVar",1.78345313445101,0.163479844611539,-0.171238306574584,0.491577451111152,Accept,1.58951101737043,Reject,Accept,0.365125794418176
0.329431316282366,0.752936832468093,0.327019153000418,0.00554419514301541,0.773965601085041,Reject,"Gender, Age, ProgVar",1.61144391333545,0.327019153000418,-0.0736113924633273,0.693485750663366,Accept,1.50464093953391,Reject,Accept,1.23380421904534
0.290119479974074,0.758480136829454,0.31694220556191,-0.0122327496389907,0.594129690026583,Accept,"Gender, Age, ProgVar",1.65920716333308,0.31694220556191,0.00513218815383396,0.616610098431589,Reject,1.64876780241101,Reject,Accept,0.735233394487934
0.424577539618403,0.806493030717596,0.257015552932777,-0.0579812291982008,0.892141041053498,Accept,"Gender, Age, ProgVar",2.11826337348819,0.257015552932777,-0.208697769954273,0.672083342379032,Accept,1.64838383346427,Reject,Accept,0.793361433374494
0.792407266372333,0.88548598117664,0.166025346022429,-0.0795750212030301,0.406494577289958,Accept,"Gender, Age, ProgVar",1.48019575720518,0.166025346022429,-0.0694143657188692,0.400754088499643,Accept,1.53458810237357,Reject,Accept,1.24247335508504
0.327735073943545,0.816195563946141,0.432423825146496,0.228097464530857,0.77307091284119,Reject,"Gender, Age, ProgVar",1.39594831561832,0.432423825146496,0.159574091746505,0.703908958752032,Reject,1.53768546891055,Reject,Accept,0.117628427930602
0.53221785234022,0.737177948713947,0.224671726295102,0.103188136248468,0.598434693032426,Reject,"Gender, Age, ProgVar",0.783913859615575,0.224671726295102,-0.0342699758196665,0.51151325736763,Accept,1.06130914152152,Reject,Accept,1.02942179710086
1.08816444464117,0.802580391577408,-0.0124115510495063,-0.203601628726045,0.246786879639665,Accept,"Gender, Age, ProgVar",1.53920055757414,-0.0124115510495063,-0.23484996390088,0.217168831546384,Accept,1.5604428802517,Reject,Accept,0.533893447847562
0.857524342277762,0.917455083315018,0.0722186950014674,-0.250637089084803,0.3136156376282,Accept,"Gender, Age, ProgVar",1.49002856168603,0.0722186950014674,-0.195654432343007,0.356816781039401,Accept,1.63445316861223,Reject,Accept,0.204798083200064
0.482051056501947,0.806151957370131,0.217651102192618,-0.0416283727624136,0.548966334865515,Accept,"Gender, Age, ProgVar",1.27033326610798,0.217651102192618,-0.0725480246366182,0.522781317924528,Accept,1.16671154410338,Reject,Accept,0.97024539650909
0.236326872000241,0.735104060028618,0.439172683537721,0.262296399744189,0.850969924762035,Reject,"Gender, Age, ProgVar",2.18612203264322,0.439172683537721,0.135851539831602,0.706357636593405,Reject,1.55308869904494,Reject,Accept,1.45893459181288
-0.146338250255959,0.765019445586318,0.416628709003355,0.379865967909114,1.20135447626203,Reject,"Age, ProgVar",1.21028374075013,0.416628709003355,0.066081907825457,0.753502518874347,Reject,1.34687931369065,Reject,Accept,0.485281099234018
1.71615650178529,1.05290565983684,-0.158661045004704,-0.661285028312818,0.116219189005255,Accept,"Age, ProgVar",1.42801775077597,-0.158661045004704,-0.512096342807199,0.208570441706127,Accept,1.57049691072874,Accept,Accept,1.23555972165429
0.875377953492772,0.694671742226839,0.228758229238636,-0.0222862009777729,0.50624023081618,Accept,"Age, ProgVar",1.65532696830721,0.228758229238636,0.0244929151402055,0.453688463930389,Reject,1.2394164529431,Reject,Accept,0.890476248241775
0.425152574711365,0.894543785566982,0.218553309221498,-0.137899449522522,0.657561425312438,Accept,"Age, ProgVar",1.08469006735262,0.218553309221498,-0.0758675199718279,0.523362472499698,Accept,1.13691334613346,Reject,Accept,0.701918566666463
0.679257954681474,0.987070585777243,-0.0483243175647508,-0.221833350924468,0.294003593230971,Accept,"Gender, Age, ProgVar",1.60457987779416,-0.0483243175647508,-0.292109055856779,0.187202579030312,Accept,1.38821589648596,Accept,Accept,0.781062422266065
0.828542044578424,0.910959681068271,0.250295660436289,-0.538505674328785,0.795111132125585,Accept,ProgVar,1.97738753322496,0.250295660436289,-0.114086639249433,0.600487322700173,Accept,1.60241480258606,Reject,Accept,0.999883237360078
0.26887606199817,0.846424063299008,0.43713681531691,0.169466345496395,0.73785700039935,Reject,"Gender, Age, ProgVar",1.39203639719309,0.43713681531691,0.15022094635519,0.724300572320209,Reject,1.56370912708244,Reject,Accept,0.35941140757704
0.152670196422377,0.886928693651137,0.35803870082592,0.0455769041551802,0.61008492432556,Reject,"Gender, Age, ProgVar",1.94898197023397,0.35803870082592,0.0694287277425153,0.618413248370611,Reject,1.61222368051209,Reject,Accept,1.30304916253277
0.831996200164569,0.992469459547009,0.199261694326795,-0.182642664902683,0.40859251218523,Accept,"Gender, Age, ProgVar",1.4274606050975,0.199261694326795,-0.13342560786912,0.48647250294386,Accept,1.46362172434295,Accept,Accept,0.333193891920461
0.817542946634714,0.89385521141826,0.216556494141309,-0.108416878926334,0.46902154766458,Accept,"Gender, Age, ProgVar",1.30174034063906,0.216556494141309,-0.0890670808070861,0.49861114465229,Accept,1.42930870908199,Reject,Accept,0.386317561223686
0.375125119437816,0.930721459598618,0.220476659150753,-0.0570115598544854,0.62854729936471,Accept,"Gender, Age, ProgVar",1.71892668826543,0.220476659150753,-0.125260122146517,0.569744496298348,Accept,1.36435190135948,Reject,Accept,1.04477950788924
1.11440485249784,1.15307208286579,-0.175131993237981,-0.573216232010304,0.203185143476318,Accept,"Age, ProgVar",1.11401311677234,-0.175131993237981,-0.51216018681458,0.194231336204337,Accept,1.10841240729549,Reject,Accept,0.680160390663949
0.398260265425112,0.61198690368901,0.438406520158438,0.0831502931359706,0.776501573656081,Reject,"Gender, Age, ProgVar",1.5487830521403,0.438406520158438,0.089194950185957,0.783652946323752,Reject,1.32126269677978,Reject,Accept,1.14560467454036
0.931466897794061,0.792407344008242,0.147426410508175,-0.307338059800679,0.571225126411827,Accept,"Age, ProgVar",2.23048173134061,0.147426410508175,-0.23501485210507,0.518841982923501,Accept,1.81375399413198,Accept,Accept,0.633342346501863
-0.0334139970340012,0.783548148859051,0.491643327461037,0.19263500491971,0.979530546837335,Reject,"Age, ProgVar",1.40235491411175,0.491643327461037,0.187264889140757,0.775566397364291,Reject,1.51872920561911,Reject,Accept,0.775353264728533
0.797833117288949,0.836072439893836,0.233152681950405,-0.0079066973131828,0.549693320784819,Accept,"Gender, Age, ProgVar",1.83187560819094,0.233152681950405,-0.0349219868090067,0.523427711650929,Accept,1.68358308936144,Reject,Accept,0.922705040654373
0.300535590778452,0.722349288454778,0.380523096335826,0.106543624544483,0.6244607596169,Reject,"Gender, Age, ProgVar",1.16464461649809,0.380523096335826,0.144539042931664,0.629867715434919,Reject,1.32135434037737,Reject,Accept,0.983007964369143
-0.185834164202497,0.703851731340805,0.535524318820599,0.321089357465926,1.04433964867378,Reject,"Age, ProgVar",1.49079786482048,0.535524318820599,0.263649169943243,0.81387683720586,Reject,1.53616055950803,Reject,Accept,0.951264293113452
0.80663092339754,1.01833066789888,0.0103816713851331,-0.196121142835554,0.595724711795428,Accept,"Age, ProgVar",1.53584764552968,0.0103816713851331,-0.320744369269714,0.352451732390942,Accept,1.57352578053553,Reject,Accept,0.881257593732656
0.759132166913105,0.934336843666591,0.107202508266114,-0.242269793417475,0.35592535747698,Accept,"Gender, Age, ProgVar",1.12793383569942,0.107202508266114,-0.174295546851684,0.403374596900659,Accept,1.3911189112413,Reject,Accept,0.659139566625781
0.440958692466091,0.832400415705198,0.415112586624785,0.163034413815844,0.750007084412727,Reject,"Gender, Age, ProgVar",1.72218898758278,0.415112586624785,0.122360950547495,0.695131788383335,Reject,1.5593572499519,Reject,Accept,1.28009638646964
0.0730466423270178,0.783942263318081,0.481886034865455,0.132857132965855,0.829054161942934,Reject,"Gender, Age, ProgVar",1.82566179036354,0.481886034865455,0.157212989004725,0.818968814140965,Reject,1.96442969905799,Reject,Accept,1.26599060940814
0.496078353011048,0.82191852148088,0.300309780132674,0.0542310642109935,0.624947979376419,Reject,"Gender, Age, ProgVar",1.28139843506504,0.300309780132674,0.033517887258971,0.59047585890924,Reject,1.18173384805309,Reject,Accept,0.382712995942793
0.747052309141253,0.88012307636567,0.143397896172602,-0.173425607597846,0.344344661494594,Accept,"Gender, Age, ProgVar",1.70541845522841,0.143397896172602,-0.110930297242402,0.364640796732041,Accept,1.36801640644132,Reject,Accept,1.10083425753568
0.575771697364742,0.925567499236743,0.376924632346799,0.07164020368343,0.677944762798088,Reject,"Gender, Age, ProgVar",1.63395389526222,0.376924632346799,0.0649324720236746,0.657621228015045,Reject,1.68438904477437,Reject,Accept,0.487300072662599
0.341022102912297,0.76556622489412,0.394985819813233,-0.069651967954729,0.677802127912398,Accept,"Age, ProgVar",1.26026055368537,0.394985819813233,0.0858525682201214,0.701247540456529,Reject,1.29637462147796,Reject,Accept,0.444047860289823
0.570182750200705,0.754267422018004,0.375973064797724,-0.0510152523032059,0.732508760586728,Accept,"Age, ProgVar",2.06287374646919,0.375973064797724,0.0825029244236493,0.672090578293037,Reject,1.89962793039694,Reject,Reject,1.5973776079085
0.49358145246316,0.850503980057418,0.20863595988013,-0.149019648417942,0.624916991980553,Accept,"Age, ProgVar",1.7133303863565,0.20863595988013,-0.0932559906529328,0.481711344569007,Accept,1.37055256196877,Reject,Accept,0.65988597282559
0.747452484146452,0.770289648528639,0.239765803782994,-0.0691405480136573,0.707121811818946,Accept,"Age, ProgVar",1.59487273122246,0.239765803782994,-0.145287349104701,0.587169818604773,Accept,1.67380218875054,Reject,Accept,0.707495446871946
