Beta_Trt,Beta_Risk,Beta_intx,Lower.CI,Upper.CI,rejection.Risk,SSVS_results,Prediction_Error,Beta_intx_Noise,Lower.CI_Noise,Upper.CI_Noise,rejection.Risk_Noise,Prediction_Error_Noise,rejection.interaction,rejection.SDIR,SDIR
0.33638580035618093,0.7295358440370694,0.5017069522962722,0.41654458999870403,0.6333066108584771,Reject,"Gender, Age, ProgVar",1.712869002493018,0.5017069522962722,0.39254743286297594,0.6073772946170423,Reject,1.7207261257574755,Reject,Accept,1.0713911888271261
0.420776610300608,0.6906638398948995,0.531785696384665,0.44783009346711317,0.6312265222379494,Reject,"Gender, Age, ProgVar",1.8414647956444603,0.531785696384665,0.4425292608123805,0.6234483831180793,Reject,1.8277285900092815,Reject,Reject,1.592637632737731
0.2566658460579455,0.6868211669803237,0.5652682950121735,0.49761104230349806,0.6999306891518642,Reject,"Gender, Age, ProgVar",1.5248516696718193,0.5652682950121735,0.4674262458078937,0.6635595169197037,Reject,1.7024318537052423,Reject,Reject,1.4920895712130333
0.2721212516644548,0.704648635415622,0.6155304015794663,0.5040579115949652,0.7395471322678752,Reject,"Gender, Age, ProgVar",1.7398442848847457,0.6155304015794663,0.4982157074865288,0.7325745988831472,Reject,1.7261719608854493,Reject,Reject,1.5548471830415183
0.5356425016993751,0.7281294473465287,0.5205656499935529,0.4245715580532068,0.6403269127161964,Reject,"Gender, Age, ProgVar",1.9301110991514066,0.5205656499935529,0.411345523110375,0.6320476630065411,Reject,1.7824184241036258,Reject,Reject,1.6138021011805488
0.473140030703483,0.7322205488265675,0.5769760775869265,0.4612136352636742,0.6892044936736136,Reject,"Gender, Age, ProgVar",1.741554550678423,0.5769760775869265,0.4677339561116173,0.6991961289478699,Reject,1.8085119839064274,Reject,Reject,1.9216466446659706
0.38020904713893217,0.714733355416338,0.5422889943898314,0.45270400619610923,0.6618366822381961,Reject,"Gender, Age, ProgVar",1.84001440663524,0.5422889943898314,0.44256720843441244,0.6421322230813945,Reject,1.728951863357129,Reject,Reject,1.6185607815664431
0.39645642257715114,0.6863683570745106,0.5519101267040868,0.48280404270201205,0.6656767103727241,Reject,"Gender, Age, ProgVar",1.8048048212517582,0.5519101267040868,0.4614155690127376,0.6385361285171612,Reject,1.9372135596946418,Reject,Reject,1.890200023327981
0.577204245514857,0.7300865763835808,0.49354356777008795,0.38803960226767054,0.6367153766496182,Reject,"Gender, Age, ProgVar",1.4983802217955815,0.49354356777008795,0.37309719748471104,0.6271624037567186,Reject,1.6603804179672355,Reject,Reject,1.4580764085807347
0.48305219421750095,0.7972115087923813,0.5275329725841235,0.4391556815740598,0.6675134158130497,Reject,"Gender, Age, ProgVar",1.6175160078225321,0.5275329725841235,0.41082814752220476,0.6477595149242484,Reject,1.6234150090556911,Reject,Reject,1.1998102386891718
0.1745614416528641,0.728048877823062,0.5978035338117756,0.4791700284460816,0.7146078911227512,Reject,"Gender, Age, ProgVar",1.650817225137749,0.5978035338117756,0.4839766664178127,0.7188171928020204,Reject,1.7870830285099095,Reject,Reject,1.6272591412491613
0.3609290467673384,0.7442686075108339,0.4995403619048992,0.4054756103548563,0.6364005127803352,Reject,"Gender, Age, ProgVar",1.6090394939858286,0.4995403619048992,0.3839045734563653,0.6176059061213235,Reject,1.76728251889078,Reject,Reject,1.3888584521784673
0.2883974192886811,0.7011865220051177,0.4978203029275093,0.4491317853263529,0.6567759109380569,Reject,"Gender, Age, ProgVar",1.7181512232797038,0.4978203029275093,0.3926222263280129,0.6040774137008456,Reject,1.5423676619530127,Reject,Reject,1.7231938719691802
0.24235894460687582,0.760065875106408,0.48983784818794646,0.3849142890901901,0.6042091358367353,Reject,"Gender, Age, ProgVar",1.4032431335401898,0.48983784818794646,0.36795013658237596,0.5920654220583427,Reject,1.5123534588830694,Reject,Reject,1.296959848453112
0.23966823087362532,0.7322279787353612,0.5331013635844797,0.432170029916781,0.6673766184697614,Reject,"Gender, Age, ProgVar",1.8098807384145004,0.5331013635844797,0.4139363300212231,0.654516867560782,Reject,1.7157358212453975,Reject,Reject,1.454774748230434
0.3721898589913072,0.723996965369738,0.4656278659326861,0.40046640281797924,0.5947305372042736,Reject,"Gender, Age, ProgVar",1.9292644645257204,0.4656278659326861,0.36827440912967885,0.5622828493928718,Reject,1.7716170234704176,Reject,Reject,1.7369916565619121
0.19392134578924183,0.6584644173866564,0.6268284957385751,0.531598237388009,0.7307121870375826,Reject,"Gender, Age, ProgVar",1.858391602532503,0.6268284957385751,0.525637271091528,0.7183722113907062,Reject,1.8971848545607435,Reject,Reject,1.7243193050745376
0.3431594214169365,0.7381204938843702,0.6089643788747395,0.4980578815983677,0.7375021781965377,Reject,"Gender, Age, ProgVar",2.132361728192695,0.6089643788747395,0.49423378599926715,0.7227268497711363,Reject,1.954668344779036,Reject,Reject,1.5664504385763973
0.43012860799862285,0.6910215298206444,0.5910859848148098,0.5070506763817851,0.7253031625637032,Reject,"Gender, Age, ProgVar",1.6291097747234582,0.5910859848148098,0.47966981389901725,0.7027704359524657,Reject,1.7746566654400673,Reject,Reject,1.6523076376759909
0.37442350866238666,0.6823108628083503,0.5078339432940513,0.4150759337181123,0.6214310240368134,Reject,"Gender, Age, ProgVar",2.0014489704437692,0.5078339432940513,0.4083387110240487,0.6133363886180986,Reject,1.707493936653473,Reject,Reject,1.8815311551366583
0.3806137320006196,0.7167589417616019,0.488454369834357,0.3984736231406556,0.5958203758752733,Reject,"Gender, Age, ProgVar",1.693440115322263,0.488454369834357,0.3890911756907735,0.5880158845141025,Reject,1.7461530141231436,Reject,Reject,1.5851698648228987
0.4923871442312404,0.7065264214355047,0.5037392283759117,0.398990700895103,0.6029737970394755,Reject,"Gender, Age, ProgVar",1.514316770022595,0.5037392283759117,0.40609476107013687,0.6018203331782292,Reject,1.620290179075274,Reject,Reject,1.7423011175686356
0.4471933708247569,0.7626740533489459,0.44885361123831674,0.35547733894258327,0.5584757630200996,Reject,"Gender, Age, ProgVar",1.690921840893931,0.44885361123831674,0.34745707966290756,0.5493629578760956,Reject,1.6676942538611828,Reject,Reject,1.3697485465477224
0.3620813600943818,0.6992132637994464,0.48646390181837956,0.37651509613226575,0.5867148513011426,Reject,"Gender, Age, ProgVar",1.8702469831649706,0.48646390181837956,0.38344279068356635,0.582651377483048,Reject,1.7850645376099434,Reject,Reject,2.0046561508782714
0.19928892914251042,0.6198678455153505,0.7074085516006529,0.618120451006619,0.8362671929086569,Reject,"Gender, Age, ProgVar",1.7820667822343594,0.7074085516006529,0.6036637965310623,0.8166551336232661,Reject,1.864871662276125,Reject,Reject,2.067045975784461
0.3982337576586029,0.7439518115649563,0.5626359035578805,0.4361530237174467,0.6456437327754349,Reject,"Gender, Age, ProgVar",1.8519366712089316,0.5626359035578805,0.4586682294866163,0.6686066539510983,Reject,1.6808621089280669,Reject,Reject,1.591229927690258
0.21676037337225523,0.6706510407630624,0.6526081520267683,0.5369211365518564,0.7853957538222007,Reject,"Gender, Age, ProgVar",1.603817633221076,0.6526081520267683,0.527440942333869,0.7768943005826985,Reject,1.5478038622946642,Reject,Reject,1.838686257332449
0.5065505698301672,0.7430551237445269,0.4735124657704945,0.363086373304887,0.5733176463731486,Reject,"Gender, Age, ProgVar",1.5446003965373094,0.4735124657704945,0.37022495170614206,0.5765173298549632,Reject,1.5568367359012356,Reject,Reject,1.4991447366042785
0.39237185695780274,0.7292869106075427,0.49805008904611214,0.41184597258741973,0.5907993743514622,Reject,"Gender, Age, ProgVar",1.4633636666506664,0.49805008904611214,0.4068913984339396,0.586673029991581,Reject,1.6197046135542112,Reject,Reject,1.7705300984040426
0.18657454851973945,0.7270896264966935,0.6301886684999364,0.5220252868480467,0.7614762197894324,Reject,"Gender, Age, ProgVar",1.7254802322377845,0.6301886684999364,0.5125884028404664,0.7512911405795516,Reject,1.6845248547935867,Reject,Reject,1.287074741608365
0.39101367341265003,0.745101602988767,0.5005245723738829,0.40130790458097854,0.6182360044282307,Reject,"Gender, Age, ProgVar",1.6426135380775424,0.5005245723738829,0.3928300352556354,0.6046689502588567,Reject,1.7575231321160143,Reject,Reject,1.3047317276388144
0.17546269945444326,0.6810318235951236,0.6741502658349007,0.5769072749010365,0.7793179697756158,Reject,"Gender, Age, ProgVar",1.8756272933699076,0.6741502658349007,0.5736788368118053,0.7704026938282252,Reject,1.8170079318698675,Reject,Reject,2.0090730802967007
0.37423505224275894,0.743803751759198,0.496604943510611,0.40490423247609686,0.6099080940850539,Reject,"Gender, Age, ProgVar",1.6424438712731,0.496604943510611,0.39278437122396487,0.60269255483299,Reject,1.6672517436861085,Reject,Reject,1.4777418107460165
0.4087960103946923,0.6775741110237098,0.529852865153229,0.4422822360898057,0.630310923727574,Reject,"Gender, Age, ProgVar",1.5496262552005156,0.529852865153229,0.4303871901441525,0.6200373875079089,Reject,1.6317091082648134,Reject,Reject,1.8318750846791836
0.16489413785474205,0.6717338891749809,0.7423971249053846,0.6640207589946979,0.8840637462869735,Reject,"Gender, Age, ProgVar",1.5104670813573897,0.7423971249053846,0.630113955563374,0.8506135352926604,Reject,1.5481159620132967,Reject,Reject,1.4757687741442325
0.26492507686086897,0.6861148750370912,0.5973234172685256,0.49641463948448245,0.7344053091902029,Reject,"Gender, Age, ProgVar",1.9668109712889552,0.5973234172685256,0.4775117864328967,0.7148377322189097,Reject,1.8170982397416717,Reject,Reject,1.9438585134044228
0.49987426953680564,0.735772791747664,0.4666967865204041,0.36041505670724455,0.583498507400449,Reject,"Gender, Age, ProgVar",1.562546819707697,0.4666967865204041,0.3592938638894654,0.5824870248933872,Reject,1.6915278911538083,Reject,Reject,1.4875533899917859
0.23380082511490993,0.7052471820548677,0.5726198203830215,0.516550725248146,0.7454523417852961,Reject,"Gender, Age, ProgVar",1.629594949086699,0.5726198203830215,0.4538674512139079,0.6845668360418934,Reject,1.8255894911860775,Reject,Reject,1.5530455202283842
0.4543076151952396,0.751785691488087,0.5240875629658318,0.43129945431099137,0.6275872203906968,Reject,"Gender, Age, ProgVar",1.9280018023957002,0.5240875629658318,0.426334947486851,0.6237492467661128,Reject,1.8228487015536263,Reject,Reject,1.465155546142304
0.399920188768339,0.81109561047907075,0.3949782984814225,0.3214173720330001,0.5476215175853008,Reject,"Gender, Age, ProgVar",1.4104960679160092,0.3949782984814225,0.28088592168920345,0.5123413311336125,Reject,1.4760001433901113,Reject,Reject,1.215009501284678
0.33537110641843604,0.7287049351348753,0.6885379927785342,0.5670342852764327,0.8112584739600718,Reject,"Gender, Age, ProgVar",2.0511962612339865,0.6885379927785342,0.5647097029902439,0.809259858357712,Reject,2.000411985899825,Reject,Reject,1.314314780746069
0.36582963160293624,0.7039354068342074,0.5677827585238016,0.4683566777601465,0.6730347006945937,Reject,"Gender, Age, ProgVar",1.6869910648301145,0.5677827585238016,0.4658216696740248,0.6680823049750567,Reject,1.7443729113448854,Reject,Reject,1.913875616851946
0.588648295476317,0.769714506055676,0.49003427997363935,0.39718291021899066,0.597878797790395,Reject,"Gender, Age, ProgVar",1.788048472483789,0.49003427997363935,0.38484310906746777,0.5902141935572639,Reject,1.6972899518642302,Reject,Reject,1.4547002148360233
0.37069549171335076,0.6994646498351944,0.5441270949927782,0.45466956339324094,0.6530752012496523,Reject,"Gender, Age, ProgVar",1.7430010475678717,0.5441270949927782,0.4495250550492308,0.646182077442254,Reject,1.7139590595552372,Reject,Reject,1.6534063945582556
0.38015929493801315,0.7392567135456621,0.5255603088507252,0.43235307177669313,0.6314275530578882,Reject,"Gender, Age, ProgVar",2.003577153211832,0.5255603088507252,0.42088758353484107,0.6268863556347724,Reject,1.8106734768880661,Reject,Reject,1.4465107071349446
0.4104993803504214,0.6562451667949692,0.5493118909610061,0.4600690375875162,0.6695028396565874,Reject,"Gender, Age, ProgVar",2.0952182657338883,0.5493118909610061,0.43995151985093733,0.6611532031678217,Reject,1.8134891353693288,Reject,Reject,2.1897147051395462
0.4668266339854812,0.7708282036842896,0.556039636183585,0.43903883447055303,0.6535940603684577,Reject,"Gender, Age, ProgVar",1.7175762668832264,0.556039636183585,0.45327061631543625,0.6685419267153307,Reject,1.7590410727789003,Reject,Reject,1.4283554873055695
0.3598745788220924,0.7080076035623816,0.5377896717444766,0.45205318245964116,0.6405416615654445,Reject,"Gender, Age, ProgVar",1.8992785528757157,0.5377896717444766,0.44412226573827374,0.6408098729251389,Reject,1.7353158171599974,Reject,Reject,2.1110487693691673
0.4222917727331006,0.819451078963738,0.4121968555028951,0.37688253258231497,0.5813617964657932,Reject,"Gender, Age, ProgVar",1.8380657237109677,0.4121968555028951,0.311110099978447,0.5127951134880016,Reject,1.5555885569651295,Reject,Reject,1.5836939475660596
0.37507614364041464,0.7403722362748667,0.5516125754694252,0.44297669458925487,0.6558301848514141,Reject,"Gender, Age, ProgVar",1.8180660574742036,0.5516125754694252,0.4403977191230598,0.6613268788404686,Reject,1.9267232094836375,Reject,Reject,1.5238659881259202
0.41813837154004335,0.7073004869125226,0.5447626980204995,0.44477958236887855,0.6373101097834973,Reject,"Gender, Age, ProgVar",2.078228578264573,0.5447626980204995,0.4501525703138658,0.6353112654468419,Reject,1.9556934813322102,Reject,Reject,1.7899507530033534
0.2809646733111976,0.673219676919709,0.5605637358165405,0.4865694623835746,0.6842543460137165,Reject,"Gender, Age, ProgVar",1.8803128057898644,0.5605637358165405,0.4565389125361081,0.6613580625797226,Reject,1.7046774096673512,Reject,Reject,1.8808781578963767
0.4403342764108687,0.7877974743302446,0.5290656801951129,0.44385477637753334,0.6471089534787254,Reject,"Gender, Age, ProgVar",1.8965086756259302,0.5290656801951129,0.4226265854468734,0.6314506264057059,Reject,1.762617615056317,Reject,Reject,1.406803055400035
0.46211202054826717,0.7628096917750773,0.4168446137049057,0.3390341167531995,0.5466864250196383,Reject,"Gender, Age, ProgVar",1.3636010149819566,0.4168446137049057,0.3168750286699402,0.5160921120593632,Reject,1.5435793759924326,Reject,Accept,0.8963140256331059
0.4487675052407305,0.6654904880337036,0.4756508671704088,0.40921214572941383,0.592577641908408,Reject,"Gender, Age, ProgVar",1.8186256951502502,0.4756508671704088,0.38695571710901155,0.5690322141004387,Reject,1.6164298746953756,Reject,Reject,1.8411652833459913
0.17468211039420728,0.7041284880375258,0.6693541082714375,0.560690249665274,0.8047819129879649,Reject,"Gender, Age, ProgVar",1.732562878033471,0.6693541082714375,0.5557912930893003,0.7940314462511912,Reject,1.7806302607152495,Reject,Reject,1.4127660914367064
0.38359240467408123,0.719199508454999,0.5983232224176219,0.5025622868039095,0.7248147946912821,Reject,"Gender, Age, ProgVar",1.8936129867827933,0.5983232224176219,0.4871184332468631,0.7117553669353737,Reject,1.70857789812733,Reject,Reject,1.7902980516563274
0.23088525367229418,0.7308103333304121,0.5465134171333743,0.41531924876000426,0.6737023988009623,Reject,"Age, ProgVar",1.7852964794336723,0.5465134171333743,0.4280035082056529,0.6604246066558696,Reject,1.7709051423664397,Reject,Reject,1.6815954071582735
0.3533245562605706,0.6979653306140203,0.5910658895932308,0.4898754514556963,0.7001254713403118,Reject,"Gender, Age, ProgVar",1.794980515087964,0.5910658895932308,0.49123432074000956,0.6918813566722504,Reject,1.7294932802797556,Reject,Reject,1.7542059194461017
0.3740351438685683,0.726708079181223,0.5845370174468092,0.48566183257098827,0.7081273651357417,Reject,"Gender, Age, ProgVar",1.7733363051782274,0.5845370174468092,0.47467449356347613,0.6957193589234205,Reject,1.8700687840214472,Reject,Reject,1.3633167629310174
0.3889203209293119,0.7507512965787356,0.5711077765445347,0.4659150077773865,0.6810130490253947,Reject,"Gender, Age, ProgVar",1.9645196053424498,0.5711077765445347,0.4610533600069205,0.6764799671969879,Reject,1.8408753837605678,Reject,Reject,1.6045885348994444
0.33551411965397404,0.7776534262481442,0.5339777497324133,0.4357223644973463,0.6436209086323342,Reject,"Gender, Age, ProgVar",1.7228947480124674,0.5339777497324133,0.4293440771858074,0.6378604524458287,Reject,1.630704812001765,Reject,Accept,0.8801454273685918
0.2799495014469254,0.6148650011567697,0.5823928888048062,0.48930209433246513,0.6937944628916243,Reject,"Gender, Age, ProgVar",1.6853556004310395,0.5823928888048062,0.479227230560941,0.6787950885770179,Reject,1.7752735984202752,Reject,Reject,1.49432157122726
0.10803035777462221,0.7278170504442458,0.5291410262939659,0.4406138145266463,0.6387311135315166,Reject,"Gender, Age, ProgVar",1.447084662711723,0.5291410262939659,0.43659803561590804,0.6276624629115238,Reject,1.4670282603085303,Reject,Reject,1.5478941686603134
0.3363149694062343,0.7748671252918831,0.5484058717862084,0.41783651770340213,0.6665436090555319,Reject,"Gender, Age, ProgVar",1.5353613199490983,0.5484058717862084,0.4296581871943607,0.6814866344253507,Reject,1.534330951178385,Reject,Accept,0.8325358434844559
0.3495139602346296,0.7115667185700382,0.5309782794353044,0.4353804960605874,0.6539849114161391,Reject,"Gender, Age, ProgVar",1.7070342759856532,0.5309782794353044,0.42557394367839835,0.6471167405602077,Reject,1.6191683968909285,Reject,Reject,1.565915362712463
0.4851487033083075,0.7109074665593581,0.4760773458885056,0.37203127914219797,0.5744749718431821,Reject,"Gender, Age, ProgVar",1.6283244541710389,0.4760773458885056,0.3760910096243195,0.5754905666426432,Reject,1.602512922211062,Reject,Reject,1.6069746090314163
0.36091758856568756,0.773138937225414,0.4725784186216226,0.37867278689943984,0.604564954953289,Reject,"Gender, Age, ProgVar",1.7169580396602924,0.4725784186216226,0.3610854972136454,0.5834140991106074,Reject,1.7065961806530938,Reject,Reject,1.1380545553509283
0.4195939601092275,0.7780469437245793,0.49991645744215246,0.3814813982836922,0.6302011974011176,Reject,"Gender, Age, ProgVar",1.6623114588971077,0.49991645744215246,0.38228871559845645,0.632402995607312,Reject,1.84427495240468,Reject,Reject,1.511662653769987
0.14470128049607012,0.758742756132363,0.6321389169458763,0.5158138719651818,0.7360001452964536,Reject,"Gender, Age, ProgVar",1.6317460773721322,0.6321389169458763,0.5274445644462397,0.7386563674724559,Reject,1.6433418514577494,Reject,Reject,1.2835516007462473
0.27201405857663175,0.7006806222027243,0.6131415027640622,0.5168047350981012,0.7368356273451445,Reject,"Gender, Age, ProgVar",1.993690217700361,0.6131415027640622,0.5025646332229936,0.7228203437996653,Reject,1.8238190460618855,Reject,Reject,1.4617618056311616
0.37709240253312853,0.7857515000534975,0.49418602373750936,0.3884012972478718,0.6164290160857216,Reject,"Gender, Age, ProgVar",1.6660915859799712,0.49418602373750936,0.3798195791721685,0.6024476910443848,Reject,1.530109226132734,Reject,Reject,1.3795350884629631
0.2049301964106197,0.6902927148495356,0.5955032358687321,0.5199774297631591,0.7077325943119823,Reject,"Gender, Age, ProgVar",1.7346641949125083,0.5955032358687321,0.49982663537680494,0.6946439784236466,Reject,1.7937275423528503,Reject,Reject,1.5961445037574515
0.24334564302853728,0.7398879274817783,0.5718717817269815,0.4657458193702854,0.6709123455918484,Reject,"Gender, Age, ProgVar",1.6761796788548649,0.5718717817269815,0.47218651564186354,0.678719427436069,Reject,1.710052186846667,Reject,Reject,1.3298802937795746
0.39657602326496155,0.7333782846148732,0.5556311791877386,0.44867179237961574,0.680001198551525,Reject,"Gender, Age, ProgVar",1.84885277895431,0.5556311791877386,0.4396188132632846,0.6732798625719172,Reject,1.6804387843780184,Reject,Reject,1.4719050454496427
0.5716859672027517,0.7649348220831874,0.4849821416949997,0.38984414662148165,0.6070976850182727,Reject,"Gender, Age, ProgVar",1.3246030461174159,0.4849821416949997,0.377093534706127,0.5968403540818413,Reject,1.5120029889250222,Reject,Reject,1.3660902076437662
0.3727682260461691,0.6896518044209762,0.5391352359247026,0.4298348136380508,0.6419622398964255,Reject,"Gender, Age, ProgVar",1.6661107895172353,0.5391352359247026,0.43308594277843754,0.6417437790762822,Reject,1.7570179391506102,Reject,Reject,1.697014603526194
0.5481961815006523,0.7396564092328817,0.45869761087132926,0.3817945075178315,0.6019196294861924,Reject,"Gender, Age, ProgVar",1.9166723073599305,0.45869761087132926,0.3486696778244485,0.5713541771236031,Reject,1.6947084256450018,Reject,Reject,1.515140751356007
0.5337923964208021,0.7168068024176244,0.544061347898969,0.45470490392687024,0.6721030469021905,Reject,"Gender, Age, ProgVar",1.6936837881302973,0.544061347898969,0.4368489913995165,0.6548843865765344,Reject,1.79772178101687,Reject,Reject,1.6255430630657983
0.053820339737781844,0.7899854087369348,0.6732544178156985,0.5678191696674758,0.8196222849603771,Reject,"Gender, Age, ProgVar",1.6647646674855034,0.6732544178156985,0.5512711117800043,0.7908285201136543,Reject,1.7562020767910942,Reject,Accept,0.4188567132228713
0.36372071709145687,0.7952233044012681,0.5298198000844044,0.41864188745854447,0.6402737197577557,Reject,"Gender, Age, ProgVar",1.7319543314097012,0.5298198000844044,0.41905844119854213,0.6397842021610622,Reject,1.8194069594264004,Reject,Reject,1.3794139994013412
0.4129172574820541,0.7018591907876938,0.5056109571932056,0.4230926887152901,0.6321955395175833,Reject,"Gender, Age, ProgVar",1.2570372232430465,0.5056109571932056,0.3967824625647109,0.6046304428892881,Reject,1.5278555750768839,Reject,Reject,1.545792742474016
0.4634042406858749,0.6552562424119699,0.5124351049473912,0.4434901863710834,0.6517906926870572,Reject,"Gender, Age, ProgVar",1.5060712801383391,0.5124351049473912,0.4031484645744758,0.6124312431069866,Reject,1.7366972176956537,Reject,Reject,1.5402116663768146
0.4454602341212403,0.736644087808008,0.5537836209041722,0.4455017012805267,0.6639972896237937,Reject,"Gender, Age, ProgVar",1.9470030730271497,0.5537836209041722,0.44286511189774924,0.6588291838569282,Reject,1.7982265450574686,Reject,Reject,1.2656461106877284
0.4419928628771212,0.7134911049499832,0.47927993457670565,0.41442014030459856,0.6279262742683536,Reject,"Gender, Age, ProgVar",1.2923697933868326,0.47927993457670565,0.37587036412567043,0.5859180480056092,Reject,1.407330847431257,Reject,Reject,1.4712625699325101
0.3936163958533214,0.7903260882713107,0.50975565185293,0.40282818997450165,0.6282908486505728,Reject,"Gender, Age, ProgVar",1.4969327232405372,0.50975565185293,0.3930808919267985,0.6212413430408427,Reject,1.5757898892421638,Reject,Reject,1.3824867768609028
0.19383585032425182,0.6981703761741945,0.6479616206135977,0.5421847026766371,0.7526466534550541,Reject,"Gender, Age, ProgVar",1.8361640605472074,0.6479616206135977,0.5461226024717516,0.7606674585080351,Reject,1.8351549488733157,Reject,Reject,1.4927351809682607
0.4163802764887905,0.6585333448133024,0.5112138654922826,0.4025823674610012,0.6290189799562017,Reject,"Gender, Age, ProgVar",1.9064899741646795,0.5112138654922826,0.39544574301209334,0.6200648419752013,Reject,1.6194889336610507,Reject,Reject,1.8289322874430758
0.3688721978195466,0.7171913124220027,0.5491810851239062,0.47237720963425617,0.6656684741935548,Reject,"Gender, Age, ProgVar",1.5074586662048832,0.5491810851239062,0.45828376555773614,0.6447563318155677,Reject,1.563149456275613,Reject,Reject,1.789474440805249
0.568079603728774,0.7869249049770582,0.42709367734453135,0.3559791723475788,0.5474709885028264,Reject,"Gender, Age, ProgVar",1.7839293711271225,0.42709367734453135,0.3319834493907759,0.5202923691099686,Reject,1.7843833924985046,Reject,Reject,1.6153356412464743
0.37291800300032746,0.7195831647363555,0.5047803369535645,0.4491006242779112,0.6592056693003527,Reject,"Gender, Age, ProgVar",1.6887708925659592,0.5047803369535645,0.39799662841350353,0.6047621730310156,Reject,1.75316048229842,Reject,Reject,1.6101931619783925
0.3710959829192078,0.7542494905194949,0.5577362879069487,0.4545927541550812,0.6754208896028666,Reject,"Gender, Age, ProgVar",1.9338393071153193,0.5577362879069487,0.44714514496268287,0.6660072749777642,Reject,1.7235102609424828,Reject,Reject,1.2768235812818225
0.48500663041253844,0.7674857928595232,0.43455651041814275,0.3309703108599346,0.5169478013685158,Reject,"Gender, Age, ProgVar",1.9034161312162172,0.43455651041814275,0.3404954784051524,0.5296525269247188,Reject,1.7093985369539935,Reject,Reject,1.7179580418766722
0.21848075400695421,0.6880192411067891,0.6322311369969016,0.5406347296103168,0.7649543714290573,Reject,"Gender, Age, ProgVar",1.4220933068122779,0.6322311369969016,0.5177955007468203,0.7498875931311996,Reject,1.5922270420197069,Reject,Reject,1.4915100330058864
0.2852356848608154,0.7839146072398446,0.5400267451963512,0.42280691791357883,0.6626302477699133,Reject,"Gender, Age, ProgVar",1.7947268490677513,0.5400267451963512,0.41121827213947076,0.658245854010361,Reject,1.7199343899135497,Reject,Reject,1.22090818560551
0.2373011820205284,0.7192080513883181,0.5421379114783441,0.4503413193044924,0.6781098468560984,Reject,"Gender, Age, ProgVar",1.478286752984683,0.5421379114783441,0.428838582318989,0.6481541058028483,Reject,1.5763738835754975,Reject,Reject,1.8289303378384232
0.1867128789510343,0.6153338293582526,0.7361858468799642,0.632624913608495,0.886851378293105,Reject,"Gender, Age, ProgVar",1.9424814704338584,0.7361858468799642,0.6088729471864102,0.8655280457028022,Reject,1.936000725420512,Reject,Reject,1.6472818105406808
0.30638649396175927,0.7757934770645573,0.5631949870846096,0.43266573895520466,0.6866290036399264,Reject,"Gender, Age, ProgVar",1.317830368043509,0.5631949870846096,0.44688028269919927,0.690699745360333,Reject,1.4551073562375256,Reject,Reject,1.1190154270556512
0.2812827110973899,0.7315437181261316,0.5603158221815774,0.4610326775302765,0.657701148978011,Reject,"Gender, Age, ProgVar",1.553934499488455,0.5603158221815774,0.46249261565472594,0.655814750659784,Reject,1.5785838604002924,Reject,Reject,1.5877600818195214
0.4065334672295984,0.6999165616062119,0.5685213737693688,0.46703744745977105,0.6795975402623601,Reject,"Gender, Age, ProgVar",1.7613772026099936,0.5685213737693688,0.46047712756080267,0.6762268448750701,Reject,1.8684245576934075,Reject,Reject,1.6986754019013364
0.37808532476785445,0.710682208367506,0.5432846553822709,0.4317425065988314,0.6665254923367583,Reject,"Gender, Age, ProgVar",1.9086145012112943,0.5432846553822709,0.4276662828685406,0.6564777309364473,Reject,1.8814705153907056,Reject,Reject,1.6092256294247198
0.28291349334825755,0.7075738200963213,0.520768734120085,0.4171935037074508,0.6299288048420726,Reject,"Gender, Age, ProgVar",1.565649068701932,0.520768734120085,0.4148180891664099,0.6244067598261983,Reject,1.4922835009689706,Reject,Reject,1.8287687900864982
0.32938667742063654,0.7054919778487998,0.44320829271882317,0.3437772243167229,0.5627634335733039,Reject,"Gender, Age, ProgVar",1.5004133884507576,0.44320829271882317,0.33707676607207077,0.5488930109868244,Reject,1.5403109346654407,Reject,Reject,1.5028124237663778
0.43531588327309056,0.807058482463214,0.4728431512582352,0.3831688644493427,0.5963827888001632,Reject,"Gender, Age, ProgVar",1.810142381161283,0.4728431512582352,0.3640255336376242,0.574275402684642,Reject,1.7465994921540835,Reject,Reject,1.5856398190255097
0.4000482347398682,0.7122779392862372,0.5306988484308524,0.4013711810999447,0.6379768274956619,Reject,"Gender, Age, ProgVar",1.72409037097096,0.5306988484308524,0.40807834273483606,0.6463249944574518,Reject,1.5808932860501743,Reject,Reject,1.4473899940555328
0.4033287833598722,0.7706846315484625,0.43197934670168203,0.35834305417772466,0.5448687709509246,Reject,"Gender, Age, ProgVar",1.7515628530989804,0.43197934670168203,0.3379131079615612,0.5201528571573876,Reject,1.6206411391443782,Reject,Reject,1.6271130547750212
0.3208831877053866,0.7297072585877914,0.5518178163351158,0.4569055690492099,0.6552515298582936,Reject,"Gender, Age, ProgVar",1.816856637072408,0.5518178163351158,0.45159822022966156,0.6475828356278959,Reject,1.760659688583587,Reject,Reject,1.5701364406693528
0.42167178105314673,0.6947483419611016,0.4969494853142132,0.3957936499002894,0.628671325254502,Reject,"Gender, Age, ProgVar",1.5531184042234634,0.4969494853142132,0.3856498309445193,0.6132940742192566,Reject,1.8118557121907972,Reject,Reject,1.3305770144800428
0.5136649645160618,0.725828050697326,0.48959170043572364,0.38036806508483484,0.597669549816886,Reject,"Gender, Age, ProgVar",1.721516734254318,0.48959170043572364,0.3800054099443416,0.6029317450361918,Reject,1.6022549944768238,Reject,Reject,1.5788518784348071
0.35440909413504534,0.7573118563754876,0.47853178893930465,0.37616698070491833,0.5854752455426431,Reject,"Gender, Age, ProgVar",2.036249471956107,0.47853178893930465,0.37888409614729796,0.577586260416557,Reject,1.888263028490513,Reject,Reject,1.5301471979402756
0.5817394902521679,0.7735543920801355,0.4628641265323641,0.3641960954602408,0.5693478205310334,Reject,"Gender, Age, ProgVar",1.642334352612647,0.4628641265323641,0.35985843420801034,0.5650955272553841,Reject,1.6454737351908095,Reject,Reject,1.4227278674733344
0.5049192628574423,0.7545503821717411,0.4755208144015283,0.35027882160136026,0.5843907548301036,Reject,"Gender, Age, ProgVar",1.8060030933891773,0.4755208144015283,0.3624523709327988,0.5935626932834103,Reject,1.689495864155848,Reject,Reject,1.3335268416757649
0.5498171182404367,0.7393795374342043,0.45812828298791974,0.3404750967288941,0.5647127076767032,Reject,"Gender, Age, ProgVar",1.731654268755713,0.45812828298791974,0.34230213802666476,0.5700691979362149,Reject,1.8026898071902904,Reject,Reject,1.6705658090389435
0.21468452109198158,0.7442331740813494,0.571655999630489,0.45402803870692643,0.7057499970487269,Reject,"Gender, Age, ProgVar",1.6242224870818829,0.571655999630489,0.45071552491032363,0.6960299695326485,Reject,1.6173089849725062,Reject,Reject,1.5245591453938112
0.3671264994846452,0.736212081180105,0.5428303594511193,0.46969522898062466,0.6683019970794857,Reject,"Gender, Age, ProgVar",1.9802142045851894,0.5428303594511193,0.4453418605834939,0.645118491281727,Reject,1.845609170413391,Reject,Reject,1.975610045780605
0.36103904325276726,0.6978595909915576,0.5402071307154285,0.4705077364249208,0.6404023077791903,Reject,"Gender, Age, ProgVar",1.9386528962971183,0.5402071307154285,0.4540095155741971,0.627884393401646,Reject,1.8203878721206832,Reject,Reject,1.9253672621022038
0.187811244246721,0.6808832382302562,0.5868986880191706,0.49259773718029315,0.7159248217197208,Reject,"Gender, Age, ProgVar",1.7608816278996686,0.5868986880191706,0.4735966479010483,0.6917329679443746,Reject,1.7389482896046118,Reject,Reject,1.5293598586616262
0.41347268397104614,0.7276318865578791,0.5327726175206261,0.4321013325558587,0.6425654495663787,Reject,"Gender, Age, ProgVar",1.8742389550164102,0.5327726175206261,0.4249155885103146,0.6347763454343643,Reject,1.8860595998961016,Reject,Reject,1.6166030569587784
0.4924362566922929,0.6752322897105407,0.5168404505093319,0.41524593760446843,0.616787723611069,Reject,"Gender, Age, ProgVar",1.934870574286766,0.5168404505093319,0.4182203815677223,0.6229406342075277,Reject,1.9362334926818279,Reject,Reject,1.7383050284892312
0.10348918315865818,0.650797935516779,0.6693000865446405,0.5718579186679241,0.7814969504432654,Reject,"Gender, Age, ProgVar",1.825726856672492,0.6693000865446405,0.5698642698917963,0.772272898918509,Reject,1.8250514234123494,Reject,Reject,1.6856500837989985
0.2636704440367927,0.7355789395528454,0.5636130969048592,0.4723293752455075,0.6669624121023128,Reject,"Gender, Age, ProgVar",1.9203784146595344,0.5636130969048592,0.46779085662109154,0.6641138159164977,Reject,1.6988337646471825,Reject,Reject,1.794666631664724
0.2708596816252514,0.7309235316029021,0.6143922901142729,0.501203487285025,0.7142103120754749,Reject,"Gender, Age, ProgVar",2.00403074667981,0.6143922901142729,0.5071847536478661,0.7214561229468455,Reject,1.9236089949326205,Reject,Reject,1.1299024051680544
0.48123322408067326,0.7995784795170852,0.429409067509838,0.31861006864201274,0.5520347277886611,Reject,"Gender, Age, ProgVar",1.7012378245756918,0.429409067509838,0.3136970885887014,0.5457569319739078,Reject,1.746039173224367,Reject,Accept,0.849601930786392
0.3971699094834695,0.7286030819275797,0.5962963177218973,0.48913093251030854,0.7101752473950506,Reject,"Gender, Age, ProgVar",1.7488097746437612,0.5962963177218973,0.4846097197042363,0.7047360308246531,Reject,1.8513642350548258,Reject,Reject,1.6969766985859023
0.3600202566791047,0.7694619700887224,0.5332686052674758,0.4374226774493833,0.665780660672362,Reject,"Gender, Age, ProgVar",1.7909306398049787,0.5332686052674758,0.423007003161619,0.6483335486758318,Reject,1.7067715796747978,Reject,Reject,1.330871201801272
0.2224267341870439,0.6557403234464662,0.6325110473424712,0.5544827835868091,0.7408908794082109,Reject,"Gender, Age, ProgVar",1.9679087451041621,0.6325110473424712,0.539970497378346,0.7242164350302309,Reject,1.7883200594082087,Reject,Reject,2.0093193532290754
0.5505861224870122,0.767017653161887,0.4127913003770594,0.31626776283198976,0.52147978986408,Reject,"Gender, Age, ProgVar",1.8033704928516496,0.4127913003770594,0.3147145313323707,0.5232366839140955,Reject,1.6764310363538464,Reject,Reject,1.5523367636169767
0.39883713824238587,0.6922900483108346,0.4700058057427532,0.356182803559017,0.5855769727859549,Reject,"Gender, Age, ProgVar",1.6168785922552238,0.4700058057427532,0.35686143725150754,0.5862818760234909,Reject,1.5816152775314831,Reject,Reject,1.8624625321787878
0.40280867925365976,0.7464354103328792,0.5437686495997831,0.44162559499387083,0.6468093877979361,Reject,"Gender, Age, ProgVar",1.8850180946017556,0.5437686495997831,0.43943821228019986,0.6488187772346978,Reject,1.8014406494333486,Reject,Reject,1.5039808813516569
0.1205529437474075,0.7121556213098895,0.5944104704282371,0.5019570911362399,0.7116439376460172,Reject,"Gender, Age, ProgVar",1.5701682136883277,0.5944104704282371,0.4838212610000988,0.7041490049829489,Reject,1.6095230225545045,Reject,Reject,1.4981908578432035
0.40355118840636023,0.7133637051077829,0.5475989331659981,0.43054636915326944,0.6774753548901963,Reject,"Gender, Age, ProgVar",1.5216174769122446,0.5475989331659981,0.42720086560667764,0.6742411480270257,Reject,1.5389894542235658,Reject,Reject,1.55359929203296
0.29286382153425417,0.7196174582955648,0.5752722222947584,0.45242875304519914,0.7033929748238897,Reject,"Gender, Age, ProgVar",1.8096746522528877,0.5752722222947584,0.45127796769700285,0.6929447799158149,Reject,1.7574709323856903,Reject,Reject,1.4494740536769215
0.4662364384546257,0.7058420823263915,0.5026957925187597,0.4064366613434853,0.6226007706311592,Reject,"Gender, Age, ProgVar",1.8044311554085453,0.5026957925187597,0.39545195282235923,0.6048683543455391,Reject,1.6694747165860813,Reject,Reject,1.8435236295805895
0.43974537845374845,0.6789990477676898,0.5893290356167711,0.5070916364141231,0.6955518957751959,Reject,"Gender, Age, ProgVar",1.6374731356639478,0.5893290356167711,0.49438527439503505,0.6838214894571305,Reject,1.8081225884293903,Reject,Reject,1.7687859318181354
0.5634960075142815,0.7320143774400497,0.4538674596927352,0.3519704328535657,0.5459900041880668,Reject,"Gender, Age, ProgVar",1.8060131013921572,0.4538674596927352,0.35767533806974317,0.5462328988026582,Reject,1.7060919001189498,Reject,Reject,1.7287974370197117
0.3176881296124868,0.678448359480748,0.5347113912322656,0.44485355579407354,0.6327691376846725,Reject,"Gender, Age, ProgVar",1.7158391425255863,0.5347113912322656,0.43653171037994715,0.6268880429030417,Reject,1.7071139926258059,Reject,Reject,2.0980028516992544
0.5429836456483439,0.8316128230638563,0.41969748352673897,0.2992222754064784,0.5442375270064007,Reject,"Gender, Age, ProgVar",1.6002597834635315,0.41969748352673897,0.2963852182845076,0.5418107955695425,Reject,1.4786233864068532,Reject,Reject,1.0296024700711912
0.2777738096805325,0.7111039063054324,0.6462179922448535,0.5366148697318351,0.7739706749523543,Reject,"Gender, Age, ProgVar",1.7768824541990205,0.6462179922448535,0.52830918130808,0.763565500903867,Reject,1.8519486095239572,Reject,Reject,1.1368806206892546
0.47608958013552055,0.7884359052277896,0.5334689014845192,0.4200676173577624,0.6252362891648546,Reject,"Gender, Age, ProgVar",1.5418695567850154,0.5334689014845192,0.4263358197147684,0.6328385042501266,Reject,1.6142823026806001,Reject,Reject,1.4980295033216733
0.4500225122059498,0.7370738019870773,0.5869912774931083,0.4842636246708613,0.7016490602693712,Reject,"Gender, Age, ProgVar",1.5033421622055039,0.5869912774931083,0.4772422402563299,0.695541486694885,Reject,1.6386322549584151,Reject,Reject,1.250146491736582
0.5105433246417407,0.7014618908812625,0.5511080286143992,0.42216536523121595,0.6398267347191944,Reject,"Age, ProgVar",1.6522663564677442,0.5511080286143992,0.4528003608748278,0.6569374750970897,Reject,1.808146342554845,Reject,Reject,1.736811501380715
0.22483255457970477,0.6664219993986453,0.6393956864590123,0.536963150849002,0.7599960906738071,Reject,"Gender, Age, ProgVar",1.6300125405421864,0.6393956864590123,0.5300978631436525,0.7481932497750833,Reject,1.75530876986837,Reject,Reject,1.6354388058324367
0.3977428111285246,0.6934716354330366,0.5301605516003625,0.4486338698965537,0.656929881454432,Reject,"Gender, Age, ProgVar",1.8123742129583287,0.5301605516003625,0.42672703942775053,0.6412470418305181,Reject,1.7383756311284757,Reject,Reject,1.8579595122465986
0.37859196516686905,0.6929306250341588,0.6033581053764929,0.5090125459194909,0.728056391402501,Reject,"Gender, Age, ProgVar",1.806310104424656,0.6033581053764929,0.49033887173758006,0.70925410201405,Reject,1.868027029937724,Reject,Reject,1.380171458721411
0.3508941081233352,0.7431118091733356,0.4647902831282825,0.35047504920168127,0.5838321844493801,Reject,"Gender, Age, ProgVar",1.3396120750782792,0.4647902831282825,0.34620341078500355,0.5723390394170473,Reject,1.50487801201822,Reject,Reject,1.2665604410235778
0.3179109147746008,0.6773938307995431,0.490583001619025,0.3965460749817701,0.5902967953072296,Reject,"Gender, Age, ProgVar",1.7704171867272152,0.490583001619025,0.3947013538724456,0.5861980794236936,Reject,1.729988234861596,Reject,Reject,1.667830027182869
0.23633325839072739,0.6792052988608658,0.5323047272465269,0.47742760500864057,0.6779581536914896,Reject,"Gender, Age, ProgVar",1.4875826141701134,0.5323047272465269,0.4334028612626994,0.6328341076159067,Reject,1.7428278800779504,Reject,Reject,1.2766298589152292
0.4051949580949335,0.7377245843202456,0.5428282948302886,0.4162513780206613,0.6832477852302392,Reject,"Gender, Age, ProgVar",1.7737902812827882,0.5428282948302886,0.41582144431259815,0.670191069308823,Reject,1.9162893850265617,Reject,Reject,1.1574011752233873
0.28088491588768427,0.7139524809817405,0.5547845483346169,0.45950009384556817,0.6589085215865953,Reject,"Gender, Age, ProgVar",1.6255873531453,0.5547845483346169,0.45685994685563225,0.6538089885956756,Reject,1.6464835356807412,Reject,Reject,1.7039409335883706
0.3681433944585547,0.732830247551759,0.6035668999795663,0.492041852689368,0.734330626016423,Reject,"Gender, Age, ProgVar",1.640490508877343,0.6035668999795663,0.4862314231143505,0.7267443387271357,Reject,1.6196751220127987,Reject,Reject,1.537962830688496
0.3821947869614254,0.6692467997650821,0.5487605708525436,0.4671087471426149,0.6510255711713343,Reject,"Gender, Age, ProgVar",1.5316829353284656,0.5487605708525436,0.45509436256142,0.6392991463729284,Reject,1.5514103020399475,Reject,Reject,2.0212686271428626
0.39344160825624264,0.7440086317648621,0.5081147195724189,0.41637990113433393,0.6254267175955605,Reject,"Gender, Age, ProgVar",1.8662456367736249,0.5081147195724189,0.40592216124390257,0.6132312691596297,Reject,1.808610854106891,Reject,Reject,1.9794014759875351
0.44351070284879257,0.7304125281339294,0.5136313003760589,0.4139260106994678,0.6133726478049731,Reject,"Gender, Age, ProgVar",1.736252755286459,0.5136313003760589,0.41467165025979474,0.6121104120770331,Reject,1.7799241946105115,Reject,Reject,1.8988425205752195
0.5422497411504236,0.679996941085518,0.5700888618192967,0.46861715503670137,0.6815622830009339,Reject,"Gender, Age, ProgVar",1.778880343774413,0.5700888618192967,0.46405660963431367,0.6760453297920672,Reject,1.8896307115497597,Reject,Reject,1.585659844220991
0.18055140745532683,0.7207159645507921,0.6798061495670038,0.5791644200607182,0.7746504784759102,Reject,"Gender, Age, ProgVar",1.6635563695524413,0.6798061495670038,0.5867742092393945,0.7763361217554221,Reject,1.6212827503096503,Reject,Reject,1.4704712325072506
0.22206210972641222,0.6915991631454588,0.7159300591651221,0.5870068408576331,0.8361784143032829,Reject,"Gender, Age, ProgVar",1.9724443242120862,0.7159300591651221,0.591918052061787,0.841282349290353,Reject,1.9120708118943832,Reject,Reject,1.6560256081247355
0.6417314371702217,0.7367164323273017,0.3768962044674905,0.286436697214021,0.4836661251916688,Reject,"Gender, Age, ProgVar",1.7722822929502724,0.3768962044674905,0.28637263117264306,0.47466759795214913,Reject,1.8010300006164741,Reject,Reject,1.614406656603194
0.3659688374550299,0.7102187441733382,0.5432235610229045,0.4498078130600979,0.6405199801501962,Reject,"Gender, Age, ProgVar",2.054105271418371,0.5432235610229045,0.4448061198257323,0.6404939834165884,Reject,1.9483498047943903,Reject,Reject,1.9886961025913665
0.39719928894453893,0.7361835344547945,0.5747004172777569,0.48883824110284774,0.6993591690919342,Reject,"Gender, Age, ProgVar",1.4690115024778052,0.5747004172777569,0.4719566776062712,0.6739861143455717,Reject,1.5586941968781978,Reject,Reject,1.7263750612686002
0.38618221922933266,0.7146022538457403,0.47586354247877166,0.3777984517613794,0.6278727700797484,Reject,"Gender, Age, ProgVar",1.6376972579550604,0.47586354247877166,0.3515174621138411,0.6017230583865483,Reject,1.5834213820623553,Reject,Reject,1.5489080176725707
0.38088564743296244,0.6779207120385756,0.5699509765385665,0.47205228274883665,0.6745538256404615,Reject,"Gender, Age, ProgVar",1.5898273743331337,0.5699509765385665,0.4650812561467343,0.6706229501041365,Reject,1.5767451000173762,Reject,Reject,1.827141720529829
0.5305001221375331,0.755080946939496,0.4231382755200874,0.35011976034159725,0.529678086483178,Reject,"Gender, Age, ProgVar",1.4763175709454421,0.4231382755200874,0.3311219823661248,0.5081171219385758,Reject,1.6261691875669118,Reject,Reject,1.4609651996954518
0.4573056127989678,0.7634082959736086,0.433362021092939,0.32922191606178663,0.5336485690595333,Reject,"Gender, Age, ProgVar",1.9736387253083245,0.433362021092939,0.32806442048589773,0.5313452826918057,Reject,1.831504149934438,Reject,Reject,1.3699656286520676
0.44718220177294565,0.7622827145200785,0.4096713548811725,0.32715106757894463,0.5321172332130347,Reject,"Gender, Age, ProgVar",1.7531083698739556,0.4096713548811725,0.3094395683918824,0.5154400223579528,Reject,1.7450640444408285,Reject,Reject,1.63772551763188
0.45132842636185044,0.7453355335738987,0.5056101311894111,0.41242522219191846,0.5920610602078075,Reject,"Gender, Age, ProgVar",1.6419985444182779,0.5056101311894111,0.4151193515926124,0.5978478133467667,Reject,1.6765945013355377,Reject,Reject,1.7501526207837068
0.45821980871763396,0.7212717971613791,0.5272372192827909,0.4219697416241564,0.6363046324051718,Reject,"Gender, Age, ProgVar",1.7802147068462406,0.5272372192827909,0.41522120356858344,0.6377842932095935,Reject,1.7808264453907408,Reject,Reject,1.773938833804338
0.4299022032161183,0.7440878709792279,0.4775411204692059,0.3888353334063518,0.5836916122094928,Reject,"Gender, Age, ProgVar",1.8265174436664326,0.4775411204692059,0.37825238768243613,0.5758324932460038,Reject,1.86026892967672,Reject,Reject,1.6915436620926998
0.44023764895291373,0.7280105983961559,0.542753250097352,0.45877644084244623,0.6279593982926409,Reject,"Gender, Age, ProgVar",1.5935694776694052,0.542753250097352,0.4602760296542945,0.6320657015338849,Reject,1.509438083692246,Reject,Reject,1.9949097393653403
0.4075530782315387,0.6797482174633777,0.5598505850074825,0.47771556097787954,0.68110648722962,Reject,"Gender, Age, ProgVar",1.7030733129469682,0.5598505850074825,0.46479719298335564,0.6618306791171499,Reject,1.737384386419209,Reject,Reject,1.9539829993239461
0.28017111936397954,0.7212691574202427,0.6037418230137761,0.5059903224832706,0.7136093613591146,Reject,"Gender, Age, ProgVar",1.704360527272695,0.6037418230137761,0.4992276230617669,0.7082584388951336,Reject,1.60006953322857,Reject,Reject,1.4053796028497616
0.5834641733270974,0.8102797176563029,0.39796262597654375,0.2927970771675097,0.5056522705017202,Reject,"Gender, Age, ProgVar",1.6781829660166707,0.39796262597654375,0.28897348633868736,0.5022937516706945,Reject,1.5986797464580769,Reject,Reject,1.229490940561655
0.5566659099919489,0.8266235864412373,0.49259186910191055,0.36725910568431924,0.627598848460604,Reject,"Gender, Age, ProgVar",1.7351685090915965,0.49259186910191055,0.35626076280558483,0.6242314793485693,Reject,1.7458647136259082,Reject,Accept,0.9300568020913491
0.4474662888624925,0.715521250680342,0.4726415951935368,0.39619308122704383,0.5677891835504678,Reject,"Gender, Age, ProgVar",1.8597688934429752,0.4726415951935368,0.3843465607219521,0.5618303021701407,Reject,1.9709557092987353,Reject,Reject,1.6837028660525004
0.42183518462032993,0.7378055989259534,0.5179762489963057,0.4022790704049186,0.628943153660121,Reject,"Gender, Age, ProgVar",1.7504572449255644,0.5179762489963057,0.39952848705345,0.6285742547670162,Reject,1.6799008165275695,Reject,Reject,1.1653948854138847
0.32557271345387934,0.7400604029398111,0.5102980218784702,0.4065164726580903,0.6369750657296834,Reject,"Gender, Age, ProgVar",1.6467087403303222,0.5102980218784702,0.39601561560444204,0.62611839056727,Reject,1.5577872680964646,Reject,Reject,1.8391046153224015
0.45599246034000784,0.7310118226465628,0.5328754733339974,0.43293487096138117,0.6451465200779264,Reject,"Gender, Age, ProgVar",1.5993454479855693,0.5328754733339974,0.4271230668666755,0.6352381797482672,Reject,1.6741001564427964,Reject,Reject,1.5849436682882632
0.29745740514741,0.7171494021591753,0.5371505180555746,0.4330592091456423,0.6533726157568918,Reject,"Gender, Age, ProgVar",1.8788281859936427,0.5371505180555746,0.42199523393629285,0.6379805807920933,Reject,1.7018944387530461,Reject,Reject,1.48069118635185
0.1452895020098734,0.605996591442379,0.6260176840774282,0.5577737031347606,0.770718477211619,Reject,"Gender, Age, ProgVar",1.9325971668497548,0.6260176840774282,0.518072831905778,0.7350553024106253,Reject,1.8528024928560642,Reject,Reject,2.10923132850064
0.4746083441466185,0.6783190305502248,0.5424244015558268,0.4398916280136042,0.647130736536317,Reject,"Gender, Age, ProgVar",1.8139850178009853,0.5424244015558268,0.44703476215235594,0.6436383105968934,Reject,1.9399590803416902,Reject,Reject,1.7994474863511802
0.5527140281292784,0.7251716644819387,0.5217100840762265,0.4119804845859854,0.7011448683961057,Reject,"Gender, Age, ProgVar",1.980020067955158,0.5217100840762265,0.3793344800214468,0.6611884308221525,Reject,1.9991179082308093,Reject,Reject,1.5261821872402663
0.49047480913545605,0.7730633894361738,0.46718050081483764,0.34390170090188266,0.565951640696675,Reject,"Gender, Age, ProgVar",1.6423677705014186,0.46718050081483764,0.3598629408618675,0.5871834493261796,Reject,1.6490972166006779,Reject,Reject,1.2177939740089196
0.4197071785947594,0.7204429347888107,0.5074474412421157,0.41269507958763224,0.6100862100511508,Reject,"Gender, Age, ProgVar",1.5396086510082376,0.5074474412421157,0.40326922439865626,0.6049877898583503,Reject,1.7081825150901417,Reject,Reject,1.5992792824486377
0.22936239657083982,0.7574775054582501,0.6136843514864351,0.49925500920704236,0.7276427259142221,Reject,"Gender, Age, ProgVar",1.5162444805516517,0.6136843514864351,0.5035824441951038,0.7309870774243102,Reject,1.5331490871768658,Reject,Reject,1.1232155111686442
0.38460089060721814,0.6883630673293909,0.5695014364347398,0.456039155546492,0.6759288298576693,Reject,"Gender, Age, ProgVar",2.002300881861592,0.5695014364347398,0.45996086965819294,0.6707475083919903,Reject,1.908881593996387,Reject,Reject,1.455411843431061
0.5227384803562186,0.6707686024647971,0.5809207897087206,0.48254875704320666,0.6968376103302979,Reject,"Gender, Age, ProgVar",1.8645448398218958,0.5809207897087206,0.470520358140439,0.6874864881884017,Reject,1.8390242615138743,Reject,Reject,1.6114498964725708
0.31253702143189416,0.6440535129872749,0.545856785735063,0.46554533296623357,0.6865707264426691,Reject,"Gender, Age, ProgVar",1.701091206335255,0.545856785735063,0.4368400065368652,0.6646799489798986,Reject,1.6038715231269052,Reject,Reject,1.8435990497799621
0.5773176486430464,0.6832040996506665,0.5165140181417702,0.3777970760195925,0.6466665198685267,Reject,"Gender, Age, ProgVar",1.7141430823161496,0.5165140181417702,0.38106956988917207,0.648147078924802,Reject,1.7464763522302953,Reject,Reject,1.2194495957337264
0.6836466645502496,0.7463406119436978,0.47117632497487233,0.3759958808123946,0.5832912074498973,Reject,"Gender, Age, ProgVar",1.6922933805057758,0.47117632497487233,0.36681408933180903,0.5733071526086922,Reject,1.732893362479549,Reject,Reject,1.1608159794786754
0.5154438262677328,0.7144875994339682,0.46386513016433145,0.3611841620123502,0.5782363918854999,Reject,"Gender, Age, ProgVar",1.3435797588883898,0.46386513016433145,0.35659608880864246,0.5756809831639219,Reject,1.4959492544451933,Reject,Reject,1.3181317305207705
0.290077164720102,0.7675028765252448,0.5026619135898546,0.396647511663596,0.6010216645945652,Reject,"Gender, Age, ProgVar",1.7141618884014156,0.5026619135898546,0.39389762929541655,0.6010884439119235,Reject,1.6651803790560016,Reject,Reject,1.5616144151047946
0.39960725173298395,0.7083395992491122,0.46897317508941405,0.36614663092166794,0.5804479638568798,Reject,"Gender, Age, ProgVar, X2",1.7831424954683757,0.46897317508941405,0.3636105941486254,0.5744210233380765,Reject,1.7677900558245119,Reject,Reject,1.646095708340542
0.3011329045077166,0.6900489070900141,0.5719353736826458,0.4670810792644215,0.6899052653597578,Reject,"Gender, Age, ProgVar",2.1899130319215883,0.5719353736826458,0.4549055229314837,0.6790314581643092,Reject,2.097491129024009,Reject,Reject,1.1185683436032516
0.45733740912698917,0.7348937418901691,0.5180286369338626,0.4318701257102063,0.6629629392085566,Reject,"Gender, Age, ProgVar",1.7166381631647567,0.5180286369338626,0.40856060759430096,0.6343358731861614,Reject,1.9811014224011498,Reject,Reject,1.3110879099868442
0.41065200211036285,0.7204612321386658,0.4370780454475188,0.3283809596576335,0.534598122403678,Reject,"Gender, Age, ProgVar",1.589177567812724,0.4370780454475188,0.32827819302473443,0.5406866247316315,Reject,1.565576969659168,Reject,Reject,1.6347441868986774
0.5119331596458254,0.8370718095305729,0.4139690628139243,0.31953299839240934,0.5297666979489043,Reject,"Gender, Age, ProgVar",1.507190486723509,0.4139690628139243,0.30843278544043684,0.5163400955279532,Reject,1.4453975653485918,Reject,Reject,1.5608922029874335
0.6020748218728761,0.7610237369018549,0.39588049125234337,0.2964110929778378,0.5070131254800823,Reject,"Gender, Age, ProgVar",1.5711010646402244,0.39588049125234337,0.2975897460038392,0.5055875506940999,Reject,1.741348545644373,Reject,Reject,1.1891545082873067
0.32918229615677264,0.707225643506439,0.5517578471254243,0.46380636280825416,0.684048119156898,Reject,"Gender, Age, ProgVar",1.5580587611784515,0.5517578471254243,0.44475161238761296,0.6605119072950764,Reject,1.5204165209501852,Reject,Reject,1.4487973919511634
0.14853627121595037,0.6696624055209837,0.7090409250290318,0.593439651765321,0.8237451511819125,Reject,"Gender, Age, ProgVar",1.7360158514083435,0.7090409250290318,0.5886682579696759,0.8284075132912865,Reject,1.5944559723328187,Reject,Reject,1.689235056424744
0.4124718836119851,0.7981433090366512,0.5140127345371245,0.4096418858810642,0.6250063284034092,Reject,"Gender, Age, ProgVar",1.6989957717542288,0.5140127345371245,0.4082315282325731,0.6255163542411118,Reject,1.6647994398434267,Reject,Reject,1.0945955967120802
0.4162428897504139,0.7396535015182646,0.5820750326416876,0.4824187350482075,0.677712609396131,Reject,"Gender, Age, ProgVar",1.7121955293458078,0.5820750326416876,0.48867898259730125,0.6793236657350885,Reject,1.6547968024842286,Reject,Reject,1.9881065062688907
0.2529272580646265,0.7160030778625576,0.5589539644856545,0.4385977741061549,0.6473187205346059,Reject,"Gender, Age, ProgVar",1.5345973986033556,0.5589539644856545,0.45447828028821824,0.662199907093085,Reject,1.6817277027045123,Reject,Reject,1.8712404284715176
0.3235980975735997,0.7610069224112193,0.5613063133335158,0.4604800136698902,0.6666064420874777,Reject,"Gender, Age, ProgVar",1.770776405626461,0.5613063133335158,0.45686835627078953,0.6644227328734397,Reject,1.6832579058371864,Reject,Reject,1.357935351999181
0.337521289642707,0.6654942263497178,0.5813779667342588,0.48711331278196934,0.6887464114853252,Reject,"Gender, Age, ProgVar",1.687595503148166,0.5813779667342588,0.4757224565350334,0.6801342897804263,Reject,1.6786828242111884,Reject,Reject,1.8433985993781379
0.43716847575917234,0.7944030695286443,0.486963025220514,0.4228274825086702,0.6880780724076171,Reject,"Gender, Age, ProgVar",1.8569115375756582,0.486963025220514,0.35615563888436913,0.6178694031048114,Reject,1.706740852438285,Reject,Reject,1.2007424422879307
0.30282346086874035,0.7736272102620461,0.5231862788846425,0.44515112581910704,0.6754141833503963,Reject,"Gender, Age, ProgVar",1.909919505772994,0.5231862788846425,0.410583989327466,0.640680995260793,Reject,1.8237689856821373,Reject,Reject,1.5717775904288231
0.1880948739222236,0.7478809888875909,0.5467565689884343,0.45504341275535765,0.6815697747900807,Reject,"Gender, Age, ProgVar",1.4878533910465177,0.5467565689884343,0.4299729854122583,0.657697875133483,Reject,1.5609488622949743,Reject,Reject,1.3285861803538086
0.5537945297365182,0.7128191849721682,0.5571588074235091,0.4606689708518358,0.6531610756251486,Reject,"Gender, Age, ProgVar",1.9663157765710657,0.5571588074235091,0.46128257032449316,0.6564736429106651,Reject,1.8641947859839894,Reject,Reject,1.6776318165453374
0.34441442816336343,0.7053615667881575,0.5033397612284789,0.4037642866001597,0.6342207821769934,Reject,"Gender, Age, ProgVar",1.797592214779111,0.5033397612284789,0.3905704157127445,0.6176483804110262,Reject,1.8015646872657505,Reject,Reject,1.6313194461156333
0.4273988233723089,0.6924055127756606,0.46403502121185664,0.3911007331486997,0.5637416129825867,Reject,"Gender, Age, ProgVar",1.628753399664665,0.46403502121185664,0.3833051332591185,0.5468195554882664,Reject,1.6973532035254306,Reject,Reject,1.7102172228742276
0.5036376945306223,0.6792978719182516,0.48082493641587876,0.38087288340557524,0.597982603868563,Reject,"Gender, Age, ProgVar",1.677346834539319,0.48082493641587876,0.37677239584594285,0.5916891801791148,Reject,1.8850008879134428,Reject,Reject,1.206045696527894
0.38576834017035644,0.7162586516831327,0.5121454605441945,0.4060097525016242,0.6133108526530952,Reject,"Gender, Age, ProgVar",1.7870237313093837,0.5121454605441945,0.4065455596604217,0.6145491164805652,Reject,1.8180294125446794,Reject,Reject,1.6866798556177085
0.4691958056972905,0.736088083291996,0.5168812675876551,0.4086335124747963,0.631762980772438,Reject,"Gender, Age, ProgVar",2.060591614917733,0.5168812675876551,0.4058774484160165,0.6265530996734108,Reject,1.9414516455584916,Reject,Reject,1.2317056734985088
0.47080668879761545,0.7434831945265303,0.5264225918380603,0.42649922868391416,0.6524641836687339,Reject,"Gender, Age, ProgVar",1.7261170297376232,0.5264225918380603,0.41364524962038596,0.6468698900787719,Reject,1.7795706567529692,Reject,Reject,1.3141297134575254
0.42450174720033096,0.7299383813889414,0.5400513478513554,0.4505430476845082,0.6515670644108766,Reject,"Gender, Age, ProgVar",1.7159303900512695,0.5400513478513554,0.43875757451549535,0.6426657857003509,Reject,1.6966120444984336,Reject,Reject,1.9446701421203498
0.48465789131769993,0.724180448267926,0.43626211008292204,0.39592235574176293,0.5935444310116488,Reject,"Gender, Age, ProgVar",1.757584590628,0.43626211008292204,0.3394015457174777,0.538641508188964,Reject,1.6806091366876914,Reject,Reject,1.772924486859617
0.21742564431343722,0.750052089509603,0.5636340508152673,0.45012166326699693,0.6698198008340206,Reject,"Gender, Age, ProgVar",1.4607778888925302,0.5636340508152673,0.4532895862471915,0.6716265110185652,Reject,1.4914865595364941,Reject,Reject,1.480243184525853
0.33868780687212596,0.6894239554440222,0.5976738518106794,0.5210264111576783,0.7332371078423715,Reject,"Gender, Age, ProgVar",1.5082874022154473,0.5976738518106794,0.4850304397903105,0.7018623860818803,Reject,1.6117126363524215,Reject,Reject,1.5253827459553655
0.3711826931990465,0.7315975737420983,0.4344283024371656,0.34912017973742887,0.5415265713562518,Reject,"Gender, Age, ProgVar",1.4797770219699362,0.4344283024371656,0.335786234416575,0.5366745816137057,Reject,1.5597750024822319,Reject,Reject,1.2572804196722331
0.2549583767758793,0.6840684711171808,0.589755306481986,0.4896488141079239,0.6897424117839134,Reject,"Gender, Age, ProgVar",1.817024522205533,0.589755306481986,0.48757846931641624,0.6861518486892579,Reject,1.787121420432423,Reject,Reject,1.6866454076812538
0.32675554787247124,0.736665964194316,0.5957798150416976,0.49093330677816444,0.7356016459550498,Reject,"Gender, Age, ProgVar",1.6939226948112502,0.5957798150416976,0.46146783156338855,0.715492847171444,Reject,1.932759063004643,Reject,Reject,1.4984550090255984
0.3231588679204729,0.6979633505621643,0.5278026708559397,0.42785650688259114,0.6386054671243452,Reject,"Gender, Age, ProgVar",1.6955080767885267,0.5278026708559397,0.4189051390179195,0.6331558412035782,Reject,1.7457244382552002,Reject,Reject,1.3018397491638405
0.3010316664207835,0.6881874378512463,0.5610692571589386,0.4528744334278241,0.705912718248426,Reject,"Gender, Age, ProgVar",1.4809289977444913,0.5610692571589386,0.4301343354028547,0.6814653295249408,Reject,1.4838853542879713,Reject,Reject,0.9960476252949514
0.3493546794254101,0.723620679172108,0.534330402133041,0.44574997068690886,0.6503742793314122,Reject,"Gender, Age, ProgVar",1.5551756522389721,0.534330402133041,0.43441016927094667,0.639676093317332,Reject,1.6472490965380837,Reject,Reject,1.5572698372722529
0.35054850270408633,0.7302093105220313,0.4822431587274514,0.38565424510521196,0.5742569795945421,Reject,"Gender, Age, ProgVar",1.562876438467174,0.4822431587274514,0.392787257689334,0.5747433909125593,Reject,1.6817028610379916,Reject,Reject,1.8003267571831343
0.18656563680794103,0.7549465111065302,0.6216424580168164,0.5338936955716524,0.7840471525189119,Reject,"Gender, Age, ProgVar",1.8598095830858277,0.6216424580168164,0.4991449459550587,0.7443251688220172,Reject,1.6428108138212456,Reject,Reject,1.0677090922278911
0.32447051230171065,0.694675359132039,0.5101931995180337,0.43811151635136014,0.6440151800052274,Reject,"Gender, Age, ProgVar",1.6372437990724338,0.5101931995180337,0.4051632515590052,0.6157193011045639,Reject,1.5950381580526334,Reject,Reject,1.5082175193662444
0.29496067480341237,0.6773250324334784,0.5886495004845687,0.49566831896042285,0.703182750345785,Reject,"Gender, Age, ProgVar",1.8558162022550457,0.5886495004845687,0.4882074461497305,0.6857573846898415,Reject,1.7847068451738568,Reject,Reject,1.6590569320844017
0.13034530809158215,0.7040272181868495,0.5913952117182252,0.4859062753750561,0.7034785468242887,Reject,"Gender, Age, ProgVar",1.7158482208773551,0.5913952117182252,0.48520166707400325,0.7031222072004505,Reject,1.6107480975381154,Reject,Reject,1.600027631322058
0.3789449193369931,0.7199759320144792,0.6001332835450097,0.5130362856492441,0.7121994083188136,Reject,"Gender, Age, ProgVar",1.7203026993587738,0.6001332835450097,0.5055511453083947,0.7018949071412186,Reject,1.809804465582546,Reject,Reject,1.8630403645870093
0.2587055146937577,0.693304017531655,0.5906888029318452,0.49396858241463726,0.6966334682707067,Reject,"Gender, Age, ProgVar",1.9079906402536642,0.5906888029318452,0.4901031437493475,0.6917706732739359,Reject,1.7655750385184064,Reject,Reject,1.8948666416725102
0.3842346094624731,0.7064004563677828,0.5434868542593716,0.44280382151923536,0.6593275755053077,Reject,"Gender, Age, ProgVar",1.7501163633518895,0.5434868542593716,0.43776169359066563,0.6493741272990307,Reject,1.6973827683178835,Reject,Reject,1.8400934873907462
0.5227400588971525,0.8243852262395687,0.46382252334415053,0.3324766815290745,0.5723927216952771,Reject,"Gender, Age, ProgVar",1.670986579500686,0.46382252334415053,0.3450508449447739,0.5877686143904786,Reject,1.5231408186369038,Reject,Accept,1.0456819475311168
0.37783318692693335,0.6977364244544102,0.5964153213393958,0.48490474711867754,0.6861159250390314,Reject,"Gender, Age, ProgVar",1.6662768229666107,0.5964153213393958,0.49691542355600915,0.6972401595342418,Reject,1.6451806745652109,Reject,Reject,1.841891580356253
0.40322282728873454,0.6791542104692887,0.5075840462971335,0.48449580402395886,0.6868670439736899,Reject,"Gender, Age, ProgVar",1.598497047520077,0.5075840462971335,0.4073116568042122,0.6054252633710462,Reject,1.8507448301930853,Reject,Reject,1.5088524361190152
0.22272126303705467,0.7245404309060993,0.604274824017635,0.5033881813761568,0.7580635475655579,Reject,"Gender, Age, ProgVar",1.7305601272440239,0.604274824017635,0.47941555067557917,0.7298934975366845,Reject,1.6476639058628633,Reject,Reject,1.7023896654546422
0.416074548745805,0.7447187695470403,0.5389207664811393,0.43211620144401813,0.6247249717390964,Reject,"Gender, Age, ProgVar",1.9776303486200737,0.5389207664811393,0.4360929464991073,0.629036469539791,Reject,1.8656985774616528,Reject,Reject,1.2833446354023443
0.20549410051526618,0.6622392784191256,0.5883210525479027,0.48848713671919747,0.6926124137277979,Reject,"Gender, Age, ProgVar",1.9940456552845789,0.5883210525479027,0.4869653381650385,0.6898076129972285,Reject,2.0223634344935646,Reject,Reject,1.8184334812840908
0.4424117925554413,0.7400497619084904,0.5307547692505662,0.41713322984409956,0.6662861054728957,Reject,"Gender, Age, ProgVar",1.9082178234556806,0.5307547692505662,0.40628572758552867,0.6520024522037706,Reject,1.8684106605581954,Reject,Accept,1.0184112046269915
0.33336915296887126,0.7302576474831436,0.523908216184189,0.42651457421457983,0.6281344416412863,Reject,"Gender, Age, ProgVar",1.559786723667846,0.523908216184189,0.42984265785194925,0.6318352002649491,Reject,1.556732351038321,Reject,Reject,1.66664853303037
0.14639720264014983,0.6995958329612068,0.5718663789668718,0.4786159664880103,0.676045886592446,Reject,"Gender, Age, ProgVar",2.047325136124373,0.5718663789668718,0.474428560014865,0.6714121816715031,Reject,1.8169849528085273,Reject,Reject,2.067413761483588
0.30771220891996265,0.6432275014696943,0.5528271034602598,0.472164143120749,0.6283321260290916,Reject,"Gender, Age, ProgVar",1.781947503499616,0.5528271034602598,0.47472092996996235,0.6326444755378227,Reject,1.8275822423105914,Reject,Reject,2.228431917798114
0.29344817083400454,0.7535048340107044,0.5331284674965682,0.4582268358727063,0.6935955566827201,Reject,"Gender, Age, ProgVar",1.8979868571119198,0.5331284674965682,0.4199931385738477,0.6564861676343229,Reject,1.6906688355371613,Reject,Reject,1.3473429108786807
0.31385517648833977,0.6634113738313446,0.6414704421984425,0.5348304449881509,0.7584868808297729,Reject,"Gender, Age, ProgVar",1.7713561011230565,0.6414704421984425,0.5278856926225444,0.7466699474198008,Reject,1.7863061788323964,Reject,Reject,1.6915516020741237
0.32347611364034967,0.7654187493854647,0.4755252534475208,0.4624345988269437,0.6564802558698272,Reject,"Gender, Age, ProgVar",1.6567840196487063,0.4755252534475208,0.3771052723569446,0.5782008293992245,Reject,1.7375303615538515,Reject,Reject,1.2867338925198015
0.7519313978179345,0.8044459826919009,0.4537139575165458,0.3379148705406139,0.5535722599583242,Reject,"Gender, Age, ProgVar",2.095108646574929,0.4537139575165458,0.3394163984918719,0.5657683401486471,Reject,1.8864053282560866,Reject,Reject,1.4427908014826045
0.36641995292260815,0.739407574911742,0.5257380442454442,0.44257303572471696,0.6395350513061322,Reject,"Gender, Age, ProgVar",1.771684830965923,0.5257380442454442,0.42408292562719263,0.6247167033715896,Reject,1.7016660839575461,Reject,Reject,1.3928677178398041
0.4866570302793666,0.7401536205342609,0.4604408515566241,0.35086447759322753,0.555048397517675,Reject,"Gender, Age, ProgVar",1.8528745838140486,0.4604408515566241,0.358932880011279,0.5595793855627695,Reject,1.7970349284275955,Reject,Reject,1.4622545603367119
0.6283098237863326,0.8060162443953744,0.41768962171910295,0.3063432996021986,0.5210696772885838,Reject,"Gender, Age, ProgVar",1.6235108521038852,0.41768962171910295,0.3121448858738019,0.520934975325721,Reject,1.616139907034473,Reject,Reject,1.4103671383295355
0.4202406074358164,0.7590632377593849,0.4708513385441126,0.3705178780213291,0.5779097358146963,Reject,"Gender, Age, ProgVar",1.5310460122005833,0.4708513385441126,0.3664569528831414,0.5743107408603809,Reject,1.5449303058374975,Reject,Reject,1.231938466157862
0.36541046564194324,0.7199184030598917,0.46408863925540145,0.3748673629834984,0.5733262856639307,Reject,"Gender, Age, ProgVar",1.3743865174998473,0.46408863925540145,0.3638426591094982,0.5619495001037448,Reject,1.4066205211068195,Reject,Reject,1.8583592068444046
0.49679604181499726,0.7502468669131525,0.47204566716162605,0.35512926342325524,0.5823149922717836,Reject,"Gender, Age, ProgVar",1.6639891952438648,0.47204566716162605,0.3570103088982403,0.5865076618729452,Reject,1.6248777160910737,Reject,Reject,1.3960154891104548
0.5631375601968004,0.7612147922127607,0.4350701768092588,0.30542288922315863,0.542520384560872,Reject,"Gender, Age, ProgVar",1.6011057212142177,0.4350701768092588,0.3203178070251547,0.5531496620042384,Reject,1.7074123585361627,Reject,Reject,1.4832882174502415
0.42893084151641175,0.7761484269526651,0.44579987160167106,0.35216633699404465,0.5675588900676907,Reject,"Gender, Age, ProgVar",1.9720476061996977,0.44579987160167106,0.3407521367108084,0.5553170754271263,Reject,1.8338411063237954,Reject,Reject,1.4650344906722266
0.2443603869700445,0.7120210326161578,0.6190501433846871,0.5014769008445346,0.7246898221533689,Reject,"Gender, Age, ProgVar",1.8840260936210393,0.6190501433846871,0.5090545898246991,0.7335773417508623,Reject,1.696077072024976,Reject,Reject,1.1261715833590178
0.415963330737812,0.6760084289998394,0.555768044705035,0.44205903327434054,0.6710231974122105,Reject,"Gender, Age, ProgVar",1.6286105051944162,0.555768044705035,0.43375701322510424,0.6700325343371154,Reject,1.7218033823792822,Reject,Reject,1.8532149877766846
0.39549663213279823,0.7624172060037466,0.5250750455083825,0.4516783931225643,0.6577666795377922,Reject,"Gender, Age, ProgVar",1.862638929944462,0.5250750455083825,0.42540653851968135,0.6313864897616592,Reject,1.8444610314421888,Reject,Reject,1.8421394911256668
0.36040658152411065,0.6824583282788794,0.5662259958834117,0.5035517499342619,0.6807548966625908,Reject,"Gender, Age, ProgVar",1.5594235284691047,0.5662259958834117,0.4765574080677595,0.6648196639661165,Reject,1.6177607329969812,Reject,Reject,1.7267700381603845
0.337930525114097,0.6936987409678339,0.6017662610912925,0.4978764436075653,0.7362109945308292,Reject,"Gender, Age, ProgVar",1.604857280032649,0.6017662610912925,0.48743008306447205,0.7232892531476477,Reject,1.6577514199685996,Reject,Reject,1.536600741455984
0.4002878726246567,0.6963031998429077,0.5776891561141195,0.45946578560514,0.6809794036257946,Reject,"Gender, Age, ProgVar",1.7732505929057214,0.5776891561141195,0.46254916189748396,0.6854480450064757,Reject,1.8500367199539682,Reject,Reject,1.4840464879154682
0.44916038773310124,0.7290620327777289,0.517228951614934,0.4316297471134806,0.6221530743308489,Reject,"Gender, Age, ProgVar",1.4755321704090556,0.517228951614934,0.41879866475624405,0.6153969073703234,Reject,1.437582519835135,Reject,Reject,1.6801580765978743
0.3360786620652991,0.7410991938263117,0.5829067728085747,0.47191550443587477,0.6967004981917647,Reject,"Gender, Age, ProgVar",1.5298349044945594,0.5829067728085747,0.47091061639136383,0.6888193054436111,Reject,1.632812951054014,Reject,Reject,1.6827804129605675
0.47232876415370756,0.7286121327669489,0.5415669944249657,0.4481811441478102,0.6751368846013703,Reject,"Gender, Age, ProgVar",1.5076635658640742,0.5415669944249657,0.42937702110997217,0.6595533158163047,Reject,1.6286397028292006,Reject,Reject,1.6127261701080935
0.12501920993965518,0.6653397788215629,0.6536928370063599,0.5923082469592842,0.8084772590520176,Reject,"Gender, Age, ProgVar",2.0457980232179387,0.6536928370063599,0.5450040230695877,0.7683297734451326,Reject,1.7739618107126314,Reject,Reject,2.0164102707833753
0.12604147061914567,0.6574194925796126,0.6316242456571576,0.5284215544959902,0.7524459149614839,Reject,"Gender, Age, ProgVar",1.5504636065407518,0.6316242456571576,0.5241911400917887,0.7413953918938332,Reject,1.6021798763581772,Reject,Reject,1.6656546249092152
0.47250318939581115,0.7576312201162375,0.5330521158373485,0.42830108364302116,0.6357527061176317,Reject,"Gender, Age, ProgVar",1.9429793700626083,0.5330521158373485,0.4295206192210781,0.6355479748411748,Reject,1.8222303841773981,Reject,Reject,1.5777717086061285
0.34304018247404705,0.7048508964299721,0.5037591014697882,0.3975087191904231,0.6254000081316106,Reject,"Gender, Age, ProgVar",1.3997351077706761,0.5037591014697882,0.38655885101948834,0.6172982055978764,Reject,1.4242935778109225,Reject,Reject,1.6070981518927112
0.32626838053574586,0.7313902642157956,0.6166635124686165,0.5121354172851319,0.7224901803525977,Reject,"Gender, Age, ProgVar",1.9379516461573194,0.6166635124686165,0.5127143686163671,0.7147488746229699,Reject,1.8916408872435415,Reject,Reject,1.8894105139855568
0.6239255810862145,0.763546281233556,0.4473425754243705,0.35234447264188073,0.5722933151680767,Reject,"Gender, Age, ProgVar",1.9730622722679272,0.4473425754243705,0.3365593756248608,0.5586434806866271,Reject,1.9314125295147873,Reject,Reject,1.1532507097472917
0.15942389845110025,0.6637401177763803,0.5477148194829162,0.43947610309622365,0.6782724365643787,Reject,"Gender, Age, ProgVar",1.9633205421780382,0.5477148194829162,0.4323948374340799,0.6623676975421885,Reject,1.8750026214834181,Reject,Reject,1.7100900497441174
0.40877324815705535,0.7210724829605195,0.5714658133969894,0.4716680445518871,0.68121380249924,Reject,"Gender, Age, ProgVar",1.6043879520660125,0.5714658133969894,0.46495076404809077,0.6758016583534412,Reject,1.798959607164498,Reject,Reject,1.4902885280521694
0.3204134180519023,0.7645073985965567,0.4954404682836146,0.409410630361793,0.61029129132833,Reject,"Gender, Age, ProgVar",1.9094111178717865,0.4954404682836146,0.3942731277953665,0.5917221596645137,Reject,1.6581143842868409,Reject,Reject,1.7434738275059
0.5153908692303483,0.7563107436343836,0.4278015516368276,0.33397031199891886,0.5248695411725809,Reject,"Gender, Age, ProgVar",1.5423909908603002,0.4278015516368276,0.332714707074817,0.5241720629037845,Reject,1.6407735728579131,Reject,Reject,1.619070281311886
0.3878212301566514,0.6574673530014231,0.5519665608601105,0.45810684681056885,0.6805540900968302,Reject,"Age, ProgVar",1.9115517769285264,0.5519665608601105,0.45899435156919455,0.6498881501365545,Reject,1.8514545969523128,Reject,Reject,1.953714735286126
0.45815590569253745,0.7099825695327855,0.5185810966524287,0.456483082277199,0.646822861756398,Reject,"Gender, Age, ProgVar",1.6709996873771558,0.5185810966524287,0.4232215450967549,0.6132976579946217,Reject,1.6794815819709676,Reject,Reject,1.8141446990337569
0.4804048525414241,0.7251390929218575,0.5307449600712199,0.44539341853741055,0.6444094220823032,Reject,"Gender, Age, ProgVar",1.6651548938586709,0.5307449600712199,0.4306824527475894,0.6328906342147115,Reject,1.689544155157843,Reject,Reject,1.7398235361174914
0.35452908886725293,0.7480346434548745,0.5126259701670409,0.4049927280198702,0.638447897146196,Reject,"Gender, Age, ProgVar",1.8775938734048199,0.5126259701670409,0.39908048495809767,0.6243551970861065,Reject,1.6500543228775169,Reject,Reject,1.4880753177510375
0.3649834922051835,0.6887223070268002,0.5779118862258167,0.455763580759471,0.6879649007657116,Reject,"Gender, Age, ProgVar",1.4995914532070114,0.5779118862258167,0.46279392870667,0.6994287821626902,Reject,1.6721985270822513,Reject,Reject,1.5803915096000902
0.44556667775795045,0.6999600435287179,0.5854397663624492,0.4857937032229311,0.6885136275261144,Reject,"Gender, Age, ProgVar",1.9621490846338878,0.5854397663624492,0.48379335493858994,0.6894896527928766,Reject,1.8250260179550906,Reject,Reject,1.5677143464799552
0.48017973521082064,0.7433524444277972,0.5172625527803416,0.4055264685831239,0.6197078238430374,Reject,"Gender, Age, ProgVar",2.251515805100479,0.5172625527803416,0.4056009270600379,0.6200014675438097,Reject,1.9808959237639783,Reject,Reject,1.6110041001365123
0.6965947859148721,0.7859559409987968,0.4798234713043631,0.3747006381986408,0.5844946050996732,Reject,"Gender, Age, ProgVar",1.763771312411848,0.4798234713043631,0.37421700443514005,0.5825963107023764,Reject,1.7939774694739525,Reject,Reject,1.4291005951309221
0.46909453724527433,0.7738163696718658,0.4962878347456009,0.42892240325028086,0.6353574085662457,Reject,"Gender, Age, ProgVar",1.77555208322984,0.4962878347456009,0.39767498887050773,0.60000022489164,Reject,1.6626212289412905,Reject,Reject,1.9058939290917802
0.41322935177922093,0.704799232988056,0.5075958718495085,0.4164800400577879,0.6213321294772475,Reject,"Gender, Age, ProgVar",1.4630510686999043,0.5075958718495085,0.4090983089713668,0.610551820763869,Reject,1.6529701714723068,Reject,Reject,1.2171609123607674
0.19986954741830515,0.7380037515765341,0.5075836815471407,0.4081368288985252,0.6288492231951689,Reject,"Gender, Age, ProgVar",1.5788235760882188,0.5075836815471407,0.3920106544695709,0.6120404002461428,Reject,1.7701530475445586,Reject,Reject,1.2921462334221758
0.2782965908632512,0.7024380860785175,0.48868720069046007,0.3935965109828346,0.5889856029346554,Reject,"Gender, Age, ProgVar",1.716930285026375,0.48868720069046007,0.39146602484070586,0.5857574479199785,Reject,1.7290628906749546,Reject,Reject,1.7707100488122514
0.49494000431432783,0.7280299886586987,0.42397418096654094,0.3353245910045576,0.512249594160215,Reject,"Gender, Age, ProgVar",1.6946677177853682,0.42397418096654094,0.3348486186286767,0.513495882266132,Reject,1.7409417694944693,Reject,Reject,1.6797381716688378
0.22997034661748003,0.7019392589550907,0.6601093152617353,0.5605693656637838,0.8169054722912984,Reject,"Gender, Age, ProgVar",1.7437454744787768,0.6601093152617353,0.5250202597333142,0.7863893186391775,Reject,1.9014641727049022,Reject,Reject,1.1503667238376651
0.42613818574868917,0.7751743107553504,0.43122195859655393,0.3381184862870961,0.5670738332970254,Reject,"Gender, Age, ProgVar",1.7323916130852042,0.43122195859655393,0.3168532139271011,0.5443032498531964,Reject,1.599239702801065,Reject,Reject,1.2837020745017185
0.6092469769757541,0.8108998914282325,0.5233479662648287,0.40697310320927776,0.6545948102723341,Reject,"Gender, Age, ProgVar",2.0633748431681744,0.5233479662648287,0.4055328007729106,0.6417504321363497,Reject,1.956673731683374,Reject,Reject,1.413873372179492
0.6499996231844478,0.7540986747654237,0.4111283615377068,0.31389860540141573,0.5170041948516142,Reject,"Gender, Age, ProgVar",1.6047444442191638,0.4111283615377068,0.31134549720217225,0.5200807719008403,Reject,1.678726531705277,Reject,Reject,1.3417099334214202
0.3455172458943557,0.715947495644083,0.5465066017535193,0.45188468153751266,0.6449438757320107,Reject,"Gender, Age, ProgVar",1.6502353320729777,0.5465066017535193,0.4494632267472833,0.6441677773200173,Reject,1.721026082269149,Reject,Reject,1.75224158268189
0.40213842696054075,0.6768672364238605,0.5001658326487176,0.4302160643574188,0.6634314353400341,Reject,"Gender, Age, ProgVar",1.935786915227638,0.5001658326487176,0.38785321044693405,0.6151148375329692,Reject,1.964638458422145,Reject,Reject,1.300084150039476
0.5223242275364021,0.7634564730700393,0.44052591481669495,0.32280252310591284,0.5538753786962582,Reject,"Gender, Age, ProgVar",1.7208785575115368,0.44052591481669495,0.3219364828467193,0.5489383291924671,Reject,1.8723315581787106,Reject,Reject,1.5711005202655264
0.5190811642199183,0.7296657308797795,0.45033461480296944,0.35241414790887343,0.5723195046960045,Reject,"Gender, Age, ProgVar",1.5348938103511656,0.45033461480296944,0.3397521522798539,0.5531899763903917,Reject,1.662979582693054,Reject,Reject,1.5479928607115814
0.39343831924799394,0.7116794638751955,0.5464568011909594,0.4395775705745384,0.6581598721473374,Reject,"Gender, Age, ProgVar",1.7921850650712778,0.5464568011909594,0.436105539876575,0.6552672207909193,Reject,1.7831907870358892,Reject,Reject,1.3214572376199365
0.330572814969692,0.7248892338552652,0.5402468403742452,0.4218088970615039,0.6553118110533356,Reject,"Gender, Age, ProgVar",1.84097819735154,0.5402468403742452,0.43054521474797885,0.6634179342628077,Reject,1.8741161239249908,Reject,Reject,1.490530821034147
0.5732374762997692,0.8074972778199643,0.39732208796307156,0.331903987304731,0.5486325351037968,Reject,"Gender, Age, ProgVar",1.5819015457286392,0.39732208796307156,0.28894597225469093,0.5076835270149188,Reject,1.5227356461331414,Reject,Reject,1.0584637356250084
0.5774957441115991,0.7092155101785464,0.542689010428339,0.45822915052502516,0.6464995277319819,Reject,"Gender, Age, ProgVar",1.8345927764370558,0.542689010428339,0.44619122643752235,0.633601604148907,Reject,1.826277625015596,Reject,Reject,2.1087402579295373
0.6171932315564224,0.7992572507624908,0.36597500324440124,0.2742492335547601,0.48341314423179593,Reject,"Gender, Age, ProgVar",1.7664266296516928,0.36597500324440124,0.2638433705952457,0.4675154296097268,Reject,1.6523676104916802,Reject,Reject,1.3419621478002326
0.4164697614702354,0.6828146606773764,0.5873174919561759,0.47758657211059086,0.6829115013677225,Reject,"Gender, Age, ProgVar",1.8117868750290904,0.5873174919561759,0.48116565367442554,0.6876277216170811,Reject,1.7987617039457158,Reject,Reject,1.8625316731698327
0.27410179078337515,0.6290182762196755,0.6102463531780941,0.529495880164221,0.7263482953525655,Reject,"Gender, Age, ProgVar",1.8576542920209413,0.6102463531780941,0.5101437568715578,0.7090332543566442,Reject,1.8240090270483722,Reject,Reject,1.9599591215099932
0.3000030448008118,0.6558490686850241,0.6179972560436973,0.5203369464851603,0.7348577276922018,Reject,"Gender, Age, ProgVar",1.5263343780392142,0.6179972560436973,0.5176293005828256,0.7239702416034747,Reject,1.6828481819801295,Reject,Reject,1.7916053940054273
0.16965916182886398,0.7239593096710665,0.5780822684030245,0.4849770933120385,0.700825818219298,Reject,"Gender, Age, ProgVar",1.8333896891897807,0.5780822684030245,0.4682816386301204,0.693648795617869,Reject,1.718266309657146,Reject,Reject,1.6693439136885866
0.525633792064297,0.6975095115542967,0.46933954376299647,0.388059440000177,0.5624203409375594,Reject,"Gender, Age, ProgVar",1.6266091721138383,0.46933954376299647,0.3800052717911746,0.5620917877173878,Reject,1.64922240999418,Reject,Reject,1.6279060039947744
0.5309464132157911,0.7517050471561755,0.535101706842716,0.4345959405627205,0.6547008497015034,Reject,"Gender, Age, ProgVar",1.9491208455755429,0.535101706842716,0.4226657562072027,0.6509527977648887,Reject,1.826725376439124,Reject,Reject,1.4575641636579313
0.5570235465487291,0.7618008559314924,0.47373687310956814,0.3691400154264538,0.6063104545478939,Reject,"Gender, Age, ProgVar",1.822784550560252,0.47373687310956814,0.3594158652571453,0.5829106934950002,Reject,1.658326444874983,Reject,Reject,1.4278705943750662
0.4679915804156672,0.7912654429364093,0.5382541183499233,0.43233968929352184,0.6458573973274252,Reject,"Gender, Age, ProgVar",1.7476736296410715,0.5382541183499233,0.42887730069774754,0.6392263034405192,Reject,1.781921648944037,Reject,Accept,0.7972865454640132
0.37845769813865493,0.8032364980062241,0.4609556549658415,0.335921932243299,0.5668759477878755,Reject,"Gender, Age, ProgVar",1.6733106807009062,0.4609556549658415,0.342062238663932,0.5763103491023275,Reject,1.6019508770569602,Reject,Reject,1.3897810993269473
0.4664883568103652,0.7249773424014524,0.5353680845869506,0.45394223732877503,0.6835935654117642,Reject,"Gender, Age, ProgVar",1.852783887215793,0.5353680845869506,0.4259228772488505,0.6482752920189543,Reject,1.9399400138163796,Reject,Reject,1.7211026246087495
0.411362496709949,0.7397964083274735,0.555690898662797,0.4648357858986993,0.6623413105046152,Reject,"Gender, Age, ProgVar",1.639307272133481,0.555690898662797,0.4534099715643594,0.6591339129619398,Reject,1.652534401777552,Reject,Reject,1.4070033195602947
0.36490291723377266,0.7318398251206447,0.5433434624169292,0.43730660911096175,0.6759697945919321,Reject,"Gender, Age, ProgVar",1.6317758250749403,0.5433434624169292,0.4221409605684181,0.6663256049352891,Reject,1.5994573675361923,Reject,Reject,1.629173207932843
0.3487538789395636,0.704398731712513,0.5658608056411426,0.43939155225315707,0.6886637298797129,Reject,"Gender, Age, ProgVar",1.757380702553949,0.5658608056411426,0.4359963110204971,0.6814925701028984,Reject,1.899785184483143,Reject,Reject,1.4549271435070543
0.43335401041684507,0.760664804639362,0.4563226312059753,0.3597414852334568,0.5729834678319732,Reject,"Gender, Age, ProgVar",1.6485619546689287,0.4563226312059753,0.34702512507049366,0.5631802740867107,Reject,1.727345930701913,Reject,Reject,1.3111551295977406
0.4606224764325412,0.7256929496936326,0.5343830376742079,0.41448933488850576,0.6359455446662363,Reject,"Gender, Age, ProgVar",1.6569495966549261,0.5343830376742079,0.4302203353688969,0.6432510999413282,Reject,1.7890055739157997,Reject,Reject,1.7735580903173735
0.4214876131203676,0.7203475267189359,0.611817054532103,0.5236992932733578,0.7269449337539352,Reject,"Gender, Age, ProgVar",1.7521165068117557,0.611817054532103,0.5093841854612421,0.7107786569208252,Reject,1.77715904624188,Reject,Reject,1.7399687442300804
0.510188899964285,0.7577770417725986,0.4826155866866665,0.3800910406225027,0.6017672581456353,Reject,"Gender, Age, ProgVar",1.809324201307779,0.4826155866866665,0.3682137336944227,0.5938022027115272,Reject,1.6860538811671302,Reject,Reject,1.4643288299584027
0.3156338719708005,0.6940635520879939,0.6243458628397539,0.5269310830355775,0.7093567511459453,Reject,"Gender, Age, ProgVar",1.7090772904421134,0.6243458628397539,0.5341237049838535,0.7131578401368507,Reject,1.7743403645095583,Reject,Reject,1.8321793279687455
0.23813391822357277,0.7013134503105946,0.5694480232079092,0.4710419934395126,0.6748620630601163,Reject,"Gender, Age, ProgVar",1.9909042488528899,0.5694480232079092,0.4672480646106774,0.6716654477066819,Reject,1.8902388037859417,Reject,Accept,0.9958770510787132
0.5281260215327007,0.7474153773904297,0.4572038987244456,0.38115884682289347,0.5985602389744447,Reject,"Gender, Age, ProgVar",2.0846203742010223,0.4572038987244456,0.3402716861635402,0.5693846577864913,Reject,1.991590290684496,Reject,Reject,1.7974227069034576
0.10199659008135725,0.692736866848705,0.6633174013651292,0.5963099229219533,0.821994922162457,Reject,"Gender, Age, ProgVar",1.5740633971612763,0.6633174013651292,0.5441765947166336,0.7752279441164384,Reject,1.76956931024693,Reject,Reject,1.2786135768224296
0.44879593466651063,0.7425089013543356,0.5144377197148892,0.44023930687563223,0.6542843948435887,Reject,"Gender, Age, ProgVar",1.8644313329119084,0.5144377197148892,0.4140045101644962,0.629670125830658,Reject,1.7170073676440902,Reject,Reject,1.7794399977293223
0.2877756875122752,0.7520132624201948,0.522494554464633,0.4247292736378674,0.6564637716754396,Reject,"Gender, Age, ProgVar",1.8844935976621142,0.522494554464633,0.4038029698361336,0.638334695390431,Reject,1.7457655115398765,Reject,Reject,1.521988756961351
0.2672498639108216,0.6686366367323533,0.6090771875529325,0.4986830646463724,0.7301267063728265,Reject,"Gender, Age, ProgVar",2.1422483589197077,0.6090771875529325,0.49188194831120513,0.7228172276610727,Reject,1.92435583051972,Reject,Reject,1.6660116214561227
0.25053787309226744,0.6742730034032262,0.5942903322897737,0.5125723634235589,0.7003264949641373,Reject,"Gender, Age, ProgVar",2.022211382184491,0.5942903322897737,0.5006140127334362,0.6859651243307698,Reject,1.8059420780438353,Reject,Reject,1.9917100566584238
0.5540352649609279,0.7434984822588762,0.5281077489553453,0.4589652016612653,0.6442333132851659,Reject,"Gender, Age, ProgVar",1.6152887886688831,0.5281077489553453,0.42905105949194516,0.6190542443122519,Reject,1.7593628737193807,Reject,Reject,1.4202398106906946
0.4623240872210438,0.7377467455590759,0.48496412641971526,0.3923839200040335,0.5893728121902246,Reject,"Gender, Age, ProgVar",2.09392368089445,0.48496412641971526,0.384668501359895,0.583565827914573,Reject,1.8753708181687259,Reject,Reject,1.6028860565883019
0.3598064662604137,0.7303573279966631,0.5309462092994021,0.41539012333200515,0.6430190701262918,Reject,"Gender, Age, ProgVar",1.6210067683968523,0.5309462092994021,0.4123407889854732,0.6485054125527915,Reject,1.757522117072953,Reject,Accept,0.9331044889924558
0.43889898780401293,0.693579922258015,0.5860888613448308,0.4728595939230014,0.6942693271668993,Reject,"Gender, Age, ProgVar",1.619783488959464,0.5860888613448308,0.47940116382846854,0.6988730924277679,Reject,1.6442903326621063,Reject,Reject,1.5322615416993302
0.3020725191140086,0.7263472895816241,0.5248831320211719,0.43379229021808785,0.6503773321549362,Reject,"Gender, Age, ProgVar",1.9419778473834044,0.5248831320211719,0.41802661423827514,0.6327826702413993,Reject,1.9110224776111693,Reject,Reject,1.3364362412813824
0.42687658257023103,0.7165769715345581,0.6147100261979789,0.5135382082132174,0.733255670453128,Reject,"Gender, Age, ProgVar",1.9928328085350409,0.6147100261979789,0.5003262997818341,0.7315058558811695,Reject,1.9995329904551808,Reject,Reject,1.6723916127314986
0.43465707926011693,0.7307028679700301,0.4691745085279113,0.37101858228469276,0.5656422090732176,Reject,"Gender, Age, ProgVar",1.5174957247924654,0.4691745085279113,0.3705838208432306,0.569053990285159,Reject,1.509964044080993,Reject,Reject,1.4632084077685577
0.33244273964782356,0.7111089674707602,0.49562665145313817,0.39057475060062696,0.5987688635215906,Reject,"Gender, Age, ProgVar",1.3456698265520808,0.49562665145313817,0.3864799496898073,0.5959834066271742,Reject,1.336004826289411,Reject,Reject,1.5945454668536343
0.43729271070673875,0.7318916654582839,0.5033777475297672,0.40770171375095376,0.608215508145169,Reject,"Gender, Age, ProgVar",2.0312257680163732,0.5033777475297672,0.4032224719441371,0.6022923804024922,Reject,1.8850053981963788,Reject,Reject,1.9469401309416643
0.4171627327439058,0.774696414657489,0.4728362003734163,0.3617326848943742,0.5727291742026899,Reject,"Gender, Age, ProgVar",1.4476935361011036,0.4728362003734163,0.36780315609573533,0.5751424980472504,Reject,1.6557851599861955,Reject,Reject,1.528821783681556
0.34920272178720735,0.6774883373730982,0.5794493900830334,0.46342262368500226,0.7357450495212376,Reject,"Gender, Age, ProgVar",1.9264932506455397,0.5794493900830334,0.4523302346107904,0.7122850285749758,Reject,2.0962806620254915,Reject,Reject,1.4627453592368234
0.32404593967953543,0.704644110814323,0.57822841605391,0.4812445657275748,0.7148172542225406,Reject,"Gender, Age, ProgVar",1.6877317375496355,0.57822841605391,0.4542862956744338,0.6932844103815923,Reject,1.7145205333922298,Reject,Reject,1.1305585795198008
0.42654674281620764,0.7856115180864923,0.4860672456572169,0.36218279322798047,0.6096612381142545,Reject,"Gender, Age, ProgVar",1.6076475654581197,0.4860672456572169,0.36230908061971867,0.6196773636316737,Reject,1.5743382712456013,Reject,Reject,1.2274838758048894
0.14405866443313342,0.6720465923079887,0.5169336111657494,0.4105862839291268,0.6528440032871116,Reject,"Gender, Age, ProgVar",1.3982144288420135,0.5169336111657494,0.4020383641910447,0.6361473388733133,Reject,1.3715024373032576,Reject,Reject,1.5905005135576822
0.20668912443338386,0.7029566142368562,0.5765846755097476,0.4790501156513184,0.6733025149580786,Reject,"Gender, Age, ProgVar",1.7096142115016335,0.5765846755097476,0.4773735948091681,0.6775938933744304,Reject,1.751649726439302,Reject,Reject,1.4793722359479224
0.2733080485997584,0.742713591611962,0.5556610542735037,0.44060499167019224,0.6613820748549479,Reject,"Gender, Age, ProgVar",1.5134148329142807,0.5556610542735037,0.4405132918034758,0.6684827382179318,Reject,1.5780980732473768,Reject,Reject,1.3072617614319302
0.5575676842007361,0.8214648280304881,0.4407677453520226,0.340102187943429,0.56811956059549,Reject,"Gender, Age, ProgVar",1.6872737064915015,0.4407677453520226,0.3253039838659782,0.5542973227913094,Reject,1.7208440367027216,Reject,Reject,1.560208901311281
0.5523575765528757,0.7370556752813514,0.5379051683613459,0.4157335844558524,0.6456411215605304,Reject,"Gender, Age, ProgVar",1.8101649079487112,0.5379051683613459,0.4266367252694349,0.655192736428389,Reject,1.688540581854535,Reject,Reject,1.51101564657889
0.1579091236128943,0.6884231671442238,0.6393959966529404,0.5297171408573084,0.7494741799003186,Reject,"Gender, Age, ProgVar",1.7949162926557622,0.6393959966529404,0.5296647020674238,0.7558686192701572,Reject,1.9265988700023189,Reject,Reject,1.5592158891739645
0.4639260214586948,0.7583747885126024,0.6031557557338855,0.5279750545942212,0.7123868638332967,Reject,"Gender, Age, ProgVar",1.6742948003915452,0.6031557557338855,0.5147121514098224,0.7045671765451812,Reject,1.6633054653784822,Reject,Reject,1.703161965575603
0.3146831393030737,0.7552789306116219,0.480361075194635,0.3849262659643847,0.5856606314396833,Reject,"Gender, Age, ProgVar",1.7479301315062656,0.480361075194635,0.3792413084023893,0.5818404688636156,Reject,1.6537848255381895,Reject,Reject,1.476596139653404
0.3109643060334135,0.7256911193711066,0.5158057305235774,0.4183078573613347,0.6179659133071094,Reject,"Gender, Age, ProgVar",1.5651274002058466,0.5158057305235774,0.4133236904118163,0.6151238244016121,Reject,1.6347849643325685,Reject,Reject,1.5661218420516516
0.3353356861209393,0.7260127383364147,0.5129538124861319,0.4180479784123766,0.6256952455319628,Reject,"Gender, Age, ProgVar",1.713017488795653,0.5129538124861319,0.4066870462891821,0.6166908736443203,Reject,1.6494400985588558,Reject,Reject,1.6940019727899183
0.4531750615454242,0.750010816446281,0.46748670725193553,0.3802285687392863,0.5962379919736885,Reject,"Gender, Age, ProgVar",1.9632106263215883,0.46748670725193553,0.3697976245213369,0.5757277426814018,Reject,1.7503929748231841,Reject,Reject,1.9191646273299332
0.5955483852578884,0.7242195893765861,0.4766346375217644,0.39897626434779915,0.598512626666733,Reject,"Gender, Age, ProgVar",1.549717550141605,0.4766346375217644,0.3747632830499217,0.5767364846276369,Reject,1.7194057585149838,Reject,Reject,1.9649783148703468
0.3694397009067002,0.7562638526272548,0.49603731036122817,0.40490444611698073,0.6124132346315978,Reject,"Gender, Age, ProgVar",1.6784354917716595,0.49603731036122817,0.39433729455015687,0.6080983736112656,Reject,1.7923836891749625,Reject,Reject,1.3025780564440945
0.34941501461135877,0.7558599832629027,0.5466281443388998,0.4374807342726655,0.6672016046022121,Reject,"Gender, Age, ProgVar",1.8204010234447605,0.5466281443388998,0.4286189384811007,0.6646115375726153,Reject,1.7157627735169052,Reject,Reject,1.543511346340945
0.48537960529271956,0.7334067369939455,0.4871576787919205,0.43837773541281916,0.641963447822314,Reject,"Gender, Age, ProgVar",1.3602147939321563,0.4871576787919205,0.385111236624071,0.5832332201400854,Reject,1.5934587824354898,Reject,Reject,1.3988736111822848
0.22519445513947958,0.7194751295729278,0.6892127975558034,0.6024451295032666,0.8645639615324133,Reject,"Gender, Age, ProgVar",1.5426597180190438,0.6892127975558034,0.5644402817278906,0.8193591399670382,Reject,1.7595924055287702,Reject,Reject,1.1742709744121418
0.42202849644543394,0.7240899435613629,0.5148346195993421,0.41541234033265406,0.6734192746654774,Reject,"Gender, Age, ProgVar",1.5500441761533919,0.5148346195993421,0.39065458454511554,0.638896913620719,Reject,1.6635649395927488,Reject,Accept,0.7677480302653438
0.45763727900874934,0.7012732185850675,0.5911686637558424,0.4839932274207324,0.7255997786572547,Reject,"Gender, Age, ProgVar",1.7370128276964383,0.5911686637558424,0.47392837643483754,0.7140220532401741,Reject,1.7191940663442753,Reject,Reject,1.935454191645855
0.2597841163835452,0.7250136784868955,0.5388538355236737,0.43964216006920837,0.663226571472367,Reject,"Gender, Age, ProgVar",1.5473495143667453,0.5388538355236737,0.42348146840673073,0.6488166759351575,Reject,1.636362968421838,Reject,Reject,1.3863553997734972
0.3320500412692985,0.6961313450945217,0.6033746261964567,0.5165177103214581,0.7369220483799196,Reject,"Gender, Age, ProgVar",1.5962171392087614,0.6033746261964567,0.48928055338004495,0.7147244364013791,Reject,1.5365817839697138,Reject,Reject,1.5846586147508999
0.5209831897532866,0.7413931296504165,0.5323297524774073,0.4161127234351529,0.659136418210672,Reject,"Gender, Age, ProgVar",1.689534070770498,0.5323297524774073,0.4045386660840258,0.6505851533944125,Reject,1.758385046967033,Reject,Reject,1.6734044667922638
0.515953048342899,0.7035779904727922,0.4230251336385894,0.3336442496480396,0.5398595741553056,Reject,"Gender, Age, ProgVar",1.7481847935013852,0.4230251336385894,0.32752349127845487,0.5255915868957791,Reject,1.732114874918562,Reject,Reject,1.4732500300351106
0.5390309984621589,0.7354262318132758,0.4853684700931922,0.39221718920047327,0.5934015281992272,Reject,"Gender, Age, ProgVar",1.7595655703905733,0.4853684700931922,0.37485178461905216,0.5915460738664502,Reject,1.8225004465185273,Reject,Reject,1.6884655166704776
0.19962620739196027,0.6808047645201648,0.6124712706952194,0.5516994490690422,0.7414415336318111,Reject,"Gender, Age, ProgVar",2.0213758933149264,0.6124712706952194,0.5178798167304512,0.7094287528287844,Reject,1.8529809673457556,Reject,Reject,1.9398904839392452
0.3360335055001505,0.7345604474987888,0.578909351977831,0.49246881509631807,0.691208907647565,Reject,"Gender, Age, ProgVar",1.7671594347815758,0.578909351977831,0.47294680349131657,0.6784126751716117,Reject,1.708805595353769,Reject,Reject,1.7131464939300594
0.257289090689794,0.6496660352295924,0.6061528935526995,0.4957962740767191,0.7201055067370298,Reject,"Gender, Age, ProgVar",1.855409051365062,0.6061528935526995,0.5001886908484061,0.7170108123946298,Reject,1.7501787163977456,Reject,Reject,1.7969680914516686
0.3078371589097146,0.6876264782313546,0.600786368225096,0.5239807385891175,0.7092470925110207,Reject,"Gender, Age, ProgVar",1.5412623919573825,0.600786368225096,0.5101284850330612,0.6932236673462009,Reject,1.4822999125172447,Reject,Reject,1.838536280385103
0.4973548086683643,0.7926243872501099,0.4387813230740967,0.2992654519701129,0.5747069635504273,Reject,"Gender, Age, ProgVar",1.577335566158196,0.4387813230740967,0.3018030510161933,0.5674116025727971,Reject,1.7074876909858074,Reject,Reject,1.3584521530222904
0.3029657705026669,0.6927337919629671,0.6144931233125744,0.5181531305008843,0.7093095612936829,Reject,"Gender, Age, ProgVar",2.011800793408028,0.6144931233125744,0.5225752240612214,0.7118455386003679,Reject,1.8459017757211433,Reject,Reject,1.7889158104309293
0.4699252041311326,0.7254142959501418,0.5804826322961041,0.4890209639500438,0.7164093475183999,Reject,"Gender, Age, ProgVar",1.6433310402479648,0.5804826322961041,0.46368413922122986,0.6926862245608815,Reject,1.7999388347686536,Reject,Reject,1.3858682403249818
0.6078487827072299,0.7476673797699943,0.42545514126225586,0.3174276773618859,0.5299876450655284,Reject,"Gender, Age, ProgVar",1.4853976819594146,0.42545514126225586,0.3162056453768438,0.5344634393764155,Reject,1.5538991108051063,Reject,Reject,1.3057018437262435
0.44874586532388594,0.7433963799356421,0.6087602332851431,0.5221342128642784,0.7829019187838768,Reject,"Gender, Age, ProgVar",1.6593594002968357,0.6087602332851431,0.4845988799649268,0.7386436822627525,Reject,1.7624308257785992,Reject,Reject,1.0734610896161139
0.48090904402647305,0.7775814301249526,0.49983805578267537,0.38092318687560645,0.5965118778840551,Reject,"Gender, Age, ProgVar",1.6228050885605088,0.49983805578267537,0.38691449658421756,0.6044280895391795,Reject,1.5915666212244957,Reject,Reject,1.2820002540759088
0.4999667033046986,0.7813027763523938,0.43853477913842054,0.3629550404697704,0.545000418110067,Reject,"Gender, Age, ProgVar",1.7760816203537113,0.43853477913842054,0.35067514300862346,0.5336793571387514,Reject,1.6665581421791733,Reject,Reject,1.9184021985366273
0.40199018853620605,0.6930738583298168,0.5217409224407707,0.40908752710885415,0.6206685730358558,Reject,"Gender, Age, ProgVar",1.6142055185967104,0.5217409224407707,0.42335890598774695,0.6260427353085123,Reject,1.7287498392650067,Reject,Reject,1.7336698896290823
0.2915685176868823,0.7019019929425317,0.5780879285888337,0.48449204261180745,0.6731504481639458,Reject,"Gender, Age, ProgVar",1.7689354258759724,0.5780879285888337,0.4758110172501581,0.6674917978206659,Reject,1.750615531420034,Reject,Reject,1.6567260288049832
0.3978587683984475,0.7310641469525505,0.5330881557876542,0.4460185372152195,0.6531725221205874,Reject,"Gender, Age, ProgVar",1.8153066888657785,0.5330881557876542,0.43119904962156674,0.6370913370501432,Reject,1.6822810200365905,Reject,Reject,1.3112986136508396
0.4772428071518252,0.6914150735434245,0.49127158356677875,0.39378375154429107,0.6178483452361179,Reject,"Gender, Age, ProgVar",2.0380611635017707,0.49127158356677875,0.38519760567820566,0.6070023890620319,Reject,1.9665575261434294,Reject,Reject,1.947601456137755
0.3175240751569012,0.6808810954451354,0.5824579819014196,0.4733100551295183,0.6855487275447691,Reject,"Gender, Age, ProgVar",1.6728839054098452,0.5824579819014196,0.4713190548711428,0.6812340113221693,Reject,1.7558998187949868,Reject,Reject,1.4352517386076944
0.39568461853547643,0.7094071274242131,0.5392848263314943,0.4493561149471568,0.6590000786389614,Reject,"Gender, Age, ProgVar",1.9112114048673916,0.5392848263314943,0.4317617927009423,0.6493067386393271,Reject,1.9330001261602427,Reject,Reject,1.694282769639322
0.34363232178395764,0.7085842143953943,0.50707067875264,0.40950116155759864,0.6453266942429359,Reject,"Gender, Age, ProgVar",1.5982448996780902,0.50707067875264,0.3853574227444473,0.627687193848693,Reject,1.7730255214823651,Reject,Reject,1.1135575555805886
0.34829067697270244,0.6815961484436119,0.6265957492257477,0.5306738609380462,0.7140409635373888,Reject,"Gender, Age, ProgVar",1.6849814653903747,0.6265957492257477,0.5370365191716744,0.7207824169116636,Reject,1.6800892891049823,Reject,Reject,1.5627125179444024
0.43672659351639287,0.7850997958854741,0.46490126082840344,0.3727271193801687,0.6015801910696454,Reject,"Gender, Age, ProgVar",1.717849627455956,0.46490126082840344,0.35760531902759507,0.5776448128158919,Reject,1.6136086703645005,Reject,Reject,1.0689978457721276
0.4434266620132286,0.7239024176393772,0.4679150574492051,0.3756259780608497,0.5955932435404796,Reject,"Gender, Age, ProgVar",1.535929615573927,0.4679150574492051,0.3564537986511833,0.5725242187740327,Reject,1.6206085560725814,Reject,Reject,1.6625010468868278
0.35778544063384177,0.6682993399073015,0.5382061377891451,0.44062230530538093,0.6405920673009378,Reject,"Gender, Age, ProgVar",1.712698719225546,0.5382061377891451,0.44222686844121906,0.6358206266706716,Reject,1.724502735611473,Reject,Reject,2.1260674658167935
0.1008950588240375,0.672376310974482,0.6627626739742457,0.585031958695873,0.7638489843434617,Reject,"Gender, Age, ProgVar",1.9483745432077129,0.6627626739742457,0.5719552290703069,0.7541599290949504,Reject,1.8512900478947136,Reject,Reject,1.9298700979983145
0.3035290136972521,0.734867057102091,0.522684922984853,0.4395023818151459,0.6700730810267193,Reject,"Gender, Age, ProgVar",1.6855923276170126,0.522684922984853,0.40471709573854414,0.6344791415641032,Reject,1.6439898209988775,Reject,Reject,1.4688260508228745
0.4873081410153337,0.7413749335041497,0.4773893353534709,0.3512095670349879,0.598813007154313,Reject,"Gender, Age, ProgVar, X2",2.084864416808314,0.4773893353534709,0.34425292710735633,0.597141885907278,Reject,1.9058024683062593,Reject,Reject,1.408566707551984
0.2485052165152701,0.7432147960702475,0.4665895084452994,0.3821636036507357,0.5848154258835437,Reject,"Gender, Age, ProgVar",1.5916439314233293,0.4665895084452994,0.3687496550596716,0.5612425351721783,Reject,1.586355777981476,Reject,Reject,1.6690540424457938
0.19855555460951757,0.70796326842595,0.5211362439696817,0.42422216309068916,0.6192790230231108,Reject,"Gender, Age, ProgVar",1.5568200157048329,0.5211362439696817,0.42339658827015125,0.6115966701296831,Reject,1.7245492517865757,Reject,Reject,1.2962778313454355
0.4607182513248399,0.7531596495862941,0.5829240837848075,0.45500345671090503,0.6761136275599302,Reject,"Gender, Age, ProgVar",2.10910456200233,0.5829240837848075,0.47148807863903747,0.694902781944599,Reject,1.9007172903702694,Reject,Reject,1.390600844786888
0.36624997076622906,0.7806733071567971,0.5138479630684584,0.4304091815775673,0.6513424308472906,Reject,"Gender, Age, ProgVar",2.047665539051422,0.5138479630684584,0.40423140373318805,0.6197617051115085,Reject,1.7871932865987226,Reject,Reject,1.4133277679069771
0.6191129930683846,0.791182606370051,0.41373336872084543,0.3197718953047987,0.5316182896562338,Reject,"Gender, Age, ProgVar",1.6376022460217328,0.41373336872084543,0.30847880565529473,0.5169448099940049,Reject,1.640792732760082,Reject,Reject,1.7204017444182762
0.5012501932072889,0.7038409636126266,0.4840891024159085,0.38747292798840394,0.5870812075954572,Reject,"Gender, Age, ProgVar",1.634821200301278,0.4840891024159085,0.3765234828497535,0.5820815152003044,Reject,1.5488888044897666,Reject,Reject,1.694740159446286
0.36966504930179916,0.7625908682683902,0.43629107807260575,0.3440653206290674,0.5560917061370447,Reject,"Gender, Age, ProgVar",1.5144887528027966,0.43629107807260575,0.3334635247337618,0.5357447447836227,Reject,1.5200863510718463,Reject,Reject,1.8285050501547129
0.3971147575387843,0.7527024690308548,0.47914877311223597,0.3727297490445178,0.6262202545435354,Reject,"Gender, Age, ProgVar",1.6285669569062535,0.47914877311223597,0.3594632350003259,0.5968074024293692,Reject,1.5677534597150524,Reject,Reject,1.5162621061228032
0.48482434892485204,0.6880620786798979,0.5153111681163869,0.41954579759918464,0.6536568272982434,Reject,"Gender, Age, ProgVar",2.0435772746146936,0.5153111681163869,0.39513718718249036,0.6334652447181665,Reject,1.7729119784769511,Reject,Reject,1.7816092213273318
0.37065728788380786,0.7022652894762743,0.49046515456494794,0.4025689451504296,0.6015949534824194,Reject,"Gender, Age, ProgVar",1.6980001903013788,0.49046515456494794,0.3884956283264081,0.5892711480609565,Reject,1.7685574697830748,Reject,Reject,1.486170378944071
0.3106168448816444,0.6761144765598879,0.5902717095906538,0.49420543240484627,0.7002961918813925,Reject,"Gender, Age, ProgVar",1.8713758648671983,0.5902717095906538,0.4850148869328397,0.6941859270167468,Reject,1.7854571155286378,Reject,Reject,1.8616135052045424
0.4198819397921366,0.7393656535624937,0.44316053576491415,0.34025890823835747,0.5544561865010255,Reject,"Gender, Age, ProgVar",1.5548463246617479,0.44316053576491415,0.3327869060607013,0.5521243116879767,Reject,1.5885045352076086,Reject,Reject,1.5853201327233342
0.4993536495461077,0.7855800289550452,0.5255573402710786,0.4131344304726709,0.6224847367849728,Reject,"Gender, Age, ProgVar",1.811468850180048,0.5255573402710786,0.4244674264182434,0.6286844510532652,Reject,1.8120120387908667,Reject,Reject,1.6537565104586782
0.4424270136629567,0.7251781900029056,0.5303238702553715,0.43199327932058296,0.619438958966717,Reject,"Gender, Age, ProgVar",1.6687689613504866,0.5303238702553715,0.4395594619850494,0.6257018510922951,Reject,1.6133088826405304,Reject,Reject,1.558359958544172
0.24915559476240687,0.6670358631368776,0.7280641251281805,0.6191526202559824,0.8565608561044514,Reject,"Gender, Age, ProgVar",1.7973749424106376,0.7280641251281805,0.6117192855775716,0.838829691784019,Reject,1.8107896009632685,Reject,Reject,1.5888066336618747
0.5662648343793608,0.6968398168159197,0.44853819001889544,0.35823765935889196,0.5754822148153096,Reject,"Gender, Age, ProgVar",1.9694967469845168,0.44853819001889544,0.34119805641195067,0.5653710832513237,Reject,1.7463168904403563,Reject,Reject,1.678130463756844
0.2446902595661835,0.683195812327398,0.5271213034039776,0.4112024150620969,0.650580139851468,Reject,"Gender, Age, ProgVar",1.4112412435048685,0.5271213034039776,0.4003850505735968,0.6435298256768855,Reject,1.5373545611415926,Reject,Reject,1.4673147828024724
0.4118949049779406,0.7766114864083922,0.4895945272898108,0.4038327237501017,0.6320884775179584,Reject,"Gender, Age, ProgVar",1.7965079868174023,0.4895945272898108,0.3703077596642075,0.6053107144923019,Reject,1.8874540446120807,Reject,Reject,1.4200849942214016
0.3195662683336809,0.7709343889591118,0.5222011750630724,0.4515905944918975,0.6538148216683911,Reject,"Gender, Age, ProgVar",1.5284814329491254,0.5222011750630724,0.4213442282343879,0.6311307615030423,Reject,1.5313649238132627,Reject,Reject,1.3752928986135264
0.25579553549347933,0.7335032019475639,0.5090960639826402,0.4243626723449335,0.6266910284111002,Reject,"Gender, Age, ProgVar",1.5739459287438187,0.5090960639826402,0.40070155682926956,0.6121255513802984,Reject,1.5907776744754705,Reject,Reject,1.34215761501763
0.153685489649662,0.7158819801330742,0.6414337158341228,0.5444717552451382,0.7463054674701208,Reject,"Gender, Age, ProgVar",1.8292951033806784,0.6414337158341228,0.5307333609805948,0.7451791795823929,Reject,1.823037173371705,Reject,Reject,1.692198644688944
0.5895878748589195,0.7390954466120327,0.481288530512182,0.385944351982596,0.5864802762558748,Reject,"Gender, Age, ProgVar",1.7234128825266546,0.481288530512182,0.37337579352964234,0.5795076950615596,Reject,1.7565175051824946,Reject,Reject,1.3586024869035598
0.4304521968228355,0.8397044401928868,0.51457369968719,0.39930912576848276,0.6449742364965272,Reject,"Gender, Age, ProgVar",1.7266137620094608,0.51457369968719,0.39611117263460754,0.6366838415407146,Reject,1.6339296124815732,Reject,Accept,1.0820991877328856
0.5230334755453551,0.7621626086513043,0.49855233915100194,0.40726363214010786,0.6492542307884247,Reject,"Gender, Age, ProgVar",1.7609873761190697,0.49855233915100194,0.3734379435737229,0.6200164323201914,Reject,1.690265856676697,Reject,Reject,1.2684224909959443
0.5040019196488579,0.7082828709362031,0.4993316900127955,0.4228885677254283,0.6063562749164149,Reject,"Gender, Age, ProgVar",1.614387215233907,0.4993316900127955,0.3992241333799616,0.5908561493636367,Reject,1.7136343450086957,Reject,Reject,1.6136329065861998
0.4580126143212197,0.7155425904251743,0.5379066018463591,0.4482008754606837,0.6462632670984491,Reject,"Gender, Age, ProgVar",1.9099393764492953,0.5379066018463591,0.4331882558757368,0.6404925739135746,Reject,1.7496474394825694,Reject,Reject,1.6450509635230564
0.35980882139083586,0.7190768549985386,0.6858675255627079,0.5475974122151638,0.8022498440183753,Reject,"Gender, Age, ProgVar",1.6681938356077686,0.6858675255627079,0.5612211933866225,0.8141514362464043,Reject,1.6783454897536503,Reject,Reject,1.6378169982464819
0.4608064379570917,0.755738395927471,0.5339882303102348,0.4463195527686809,0.6533805234326976,Reject,"Gender, Age, ProgVar",1.9769615414545914,0.5339882303102348,0.43194853408404393,0.6335885937781883,Reject,1.9537079488328464,Reject,Reject,1.5052209937406256
0.4006740829194614,0.7605263643311384,0.4198541986883589,0.32985945171938713,0.5302426461129083,Reject,"Gender, Age, ProgVar",1.5783028622314452,0.4198541986883589,0.3233567982528305,0.5228178417342175,Reject,1.6409312928603474,Reject,Reject,1.553178796336878
0.32719193761035054,0.7421395426185021,0.5718395153964627,0.4975357765625671,0.6953750680522167,Reject,"Gender, Age, ProgVar",1.6986037504049687,0.5718395153964627,0.4740241349442695,0.6740203883197976,Reject,1.7141615443414235,Reject,Reject,1.217547655010783
0.26712937927285924,0.7200199868927977,0.6140060443674371,0.501096544484595,0.7238504319943755,Reject,"Gender, Age, ProgVar",1.8449346705858818,0.6140060443674371,0.4964431459972849,0.7336282106072894,Reject,1.958551369988922,Reject,Reject,1.5399624983044689
0.3212417352488724,0.7239866841266412,0.5391314708329799,0.42250316807533905,0.6501591215995626,Reject,"Gender, Age, ProgVar",1.564050639465172,0.5391314708329799,0.429557924358198,0.6435504081005176,Reject,1.6344582565889718,Reject,Reject,1.3387570613058801
0.2935226620851234,0.6862435331378595,0.5232818172114447,0.4474062380342221,0.6683314248276534,Reject,"Gender, Age, ProgVar",2.0016571424395964,0.5232818172114447,0.4088825921724132,0.6428084719783155,Reject,1.7360413215959634,Reject,Reject,1.9526661922413973
0.37529286885926894,0.7663433500244354,0.47581890376297525,0.3598609898879406,0.5911266447152935,Reject,"Gender, Age, ProgVar",1.6905505380725017,0.47581890376297525,0.3625184020662917,0.5920505592373437,Reject,1.6790602719943573,Reject,Reject,1.330091405405026
0.46565315904394194,0.7452764993821817,0.4613086890801961,0.36778048258165463,0.572222816904071,Reject,"Gender, Age, ProgVar",1.7636857307953273,0.4613086890801961,0.36002375754794735,0.5618465381344366,Reject,1.702514314676151,Reject,Reject,1.6394105148883673
0.3841105170448559,0.707534493053131,0.5545658971344786,0.4658390083734464,0.6926370839675137,Reject,"Gender, Age, ProgVar",1.9782162662656433,0.5545658971344786,0.44281435311619943,0.6676425674445303,Reject,1.7951031534278314,Reject,Reject,1.7149760907930798
0.3103101890548615,0.7384075036287235,0.5080728199025111,0.4318185475005304,0.641738317843611,Reject,"Gender, Age, ProgVar",1.717451629478167,0.5080728199025111,0.39336822094113194,0.6111926987164504,Reject,1.660949735340622,Reject,Reject,1.2943160800010391
0.34169279310687584,0.7466692103735376,0.5356609858964018,0.4423807610349617,0.6951743736104794,Reject,"Gender, Age, ProgVar",2.016375351580618,0.5356609858964018,0.41305689102143,0.6611662013200298,Reject,1.9387193036246442,Reject,Reject,1.5342930806293011
0.39347043186481595,0.7151731425531437,0.6022081912144124,0.5161226172844523,0.7165568446647194,Reject,"Gender, Age, ProgVar",1.6143786511216052,0.6022081912144124,0.5047056306037029,0.6983318339360867,Reject,1.7926011249084497,Reject,Reject,1.6132492676956771
0.26228185842764723,0.7283470055653405,0.6479224122285407,0.5243698632494147,0.7752645122468893,Reject,"Gender, Age, ProgVar",1.9195686754183159,0.6479224122285407,0.5190315561186222,0.7698515715004305,Reject,2.0021880704755173,Reject,Reject,1.2774177641756648
0.36538700066020247,0.6745066466541931,0.5274779627153967,0.4353197753093986,0.6377839056171025,Reject,"Gender, Age, ProgVar",1.9376640107380687,0.5274779627153967,0.4278242503650236,0.6384782031198087,Reject,1.886141247041658,Reject,Reject,1.603595954676862
0.24598589498450607,0.6925338862666435,0.4772094606757703,0.39980768424868146,0.596644002794668,Reject,"Gender, Age, ProgVar",1.403916165305753,0.4772094606757703,0.38184827016046974,0.5701730210449643,Reject,1.558605550765875,Reject,Reject,1.5425244970790621
0.4516983906686121,0.7376382342032881,0.5362610130288883,0.437706067035341,0.6399200410508331,Reject,"Gender, Age, ProgVar",1.6905236528013645,0.5362610130288883,0.44054714464316824,0.6332007781597976,Reject,1.7714707922866624,Reject,Reject,1.6487432615133335
0.27960633282981806,0.7179379821381349,0.5190413438337599,0.4294826957538017,0.6550683459176433,Reject,"Gender, Age, ProgVar",1.679700083756374,0.5190413438337599,0.40811440994390225,0.6373667671182417,Reject,1.8361942215123164,Reject,Reject,1.3043434017514328
0.35405874738606097,0.6639280668192605,0.5117826203409522,0.4315646764270714,0.6045445667025198,Reject,"Gender, Age, ProgVar",1.765057380828664,0.5117826203409522,0.4212126047968964,0.5968431739641348,Reject,1.6054539360822793,Reject,Reject,2.1636182769404324
0.5425379540045187,0.7885183152698995,0.46603010171976494,0.3666631192717833,0.5729894144887554,Reject,"Gender, Age, ProgVar",1.5259617968873118,0.46603010171976494,0.3619992465549879,0.5678700190076171,Reject,1.6205005088981244,Reject,Reject,1.3669607565087425
0.3436503131059919,0.7822871539396393,0.4653450934118139,0.37009511388737154,0.5814277880067805,Reject,"Gender, Age, ProgVar",1.4871651235289391,0.4653450934118139,0.3601601702641031,0.5679746311463675,Reject,1.6470417498920573,Reject,Reject,1.1680783545481344
0.572194282160455,0.6985936002874864,0.48961170845300317,0.3960620698099487,0.5880350057244792,Reject,"Gender, Age, ProgVar",1.726297606770758,0.48961170845300317,0.39350371286760105,0.5836562419779987,Reject,1.7953610433885905,Reject,Reject,1.6638434642320306
0.32501871938478466,0.7024130743385453,0.5828406830926758,0.504826671365483,0.6863660943597651,Reject,"Gender, Age, ProgVar",1.8086133937427435,0.5828406830926758,0.48887430579461055,0.6756244517411469,Reject,1.9178409265573975,Reject,Reject,1.7939557164239404
0.5309887937904662,0.7075763933344972,0.5606853648564258,0.4485481143582235,0.6819930200023888,Reject,"Gender, Age, ProgVar",1.6239476574935936,0.5606853648564258,0.44350789426742276,0.6796853061772632,Reject,1.7435550408345049,Reject,Reject,1.701606753040576
0.16157603318607752,0.6947597927581922,0.5523539022489522,0.45776152132816095,0.652798689682852,Reject,"Gender, Age, ProgVar",1.6427492429027686,0.5523539022489522,0.4569819417569895,0.6468550286638848,Reject,1.6579830354284408,Reject,Reject,1.9020864737834027
0.5233737105503822,0.721430668749992,0.48898565979220043,0.3972879525373887,0.637233358740981,Reject,"Gender, Age, ProgVar",1.9980029274022686,0.48898565979220043,0.36872893380807054,0.6086885264493557,Reject,1.8342507566346589,Reject,Reject,2.0908958383708267
0.27436999447473986,0.7171123626727006,0.5619160585037849,0.4630927779587677,0.6554645233423411,Reject,"Gender, Age, ProgVar",1.6478560423554063,0.5619160585037849,0.4638484877915196,0.6579052860315768,Reject,1.6584319549324906,Reject,Reject,1.6749604168400665
0.3093046404101317,0.7060282835665754,0.5886883069879045,0.49910527816802447,0.681771338413265,Reject,"Gender, Age, ProgVar",1.9328645216306115,0.5886883069879045,0.4980736679391997,0.6816316147454862,Reject,1.767629249289262,Reject,Reject,1.6739816559455505
0.2897724004671615,0.7073408864130862,0.5715983571166423,0.4700312932109324,0.6707537300362838,Reject,"Gender, Age, ProgVar",1.788862550350737,0.5715983571166423,0.4660326933288382,0.6687084826867331,Reject,1.781032337067932,Reject,Reject,1.9230353820776693
0.0603782459540586,0.7197844990205198,0.6325819397765646,0.5306982653827443,0.7466471440702078,Reject,"Gender, Age, ProgVar",1.8593827449098828,0.6325819397765646,0.526491748621198,0.7418621236112363,Reject,1.7902969639638582,Reject,Reject,1.6930653145478376
0.40020397271338143,0.7008647623711952,0.5031637755880578,0.41408450848575734,0.6087505745274918,Reject,"Gender, Age, ProgVar",1.5148824679617618,0.5031637755880578,0.40682648269889343,0.5989215354732494,Reject,1.6589894347005747,Reject,Reject,1.4580765362033896
0.4156889454525253,0.7394353887140543,0.5048260063989929,0.36087583080012675,0.6295454439361823,Reject,"Gender, Age, ProgVar",1.8172065863667668,0.5048260063989929,0.3715850867651356,0.6354137891068786,Reject,1.857271099581766,Reject,Reject,1.5899014260226896
0.33472640305054435,0.7257692530397678,0.6094371405182062,0.49292433879922437,0.7441373372437919,Reject,"Gender, Age, ProgVar",1.9162177505882412,0.6094371405182062,0.4891128514382461,0.7273498404653977,Reject,1.810477093914738,Reject,Reject,1.6374505709652174
0.5270143304885344,0.7759155897832296,0.4963354193675482,0.3864532037744676,0.6086661718510213,Reject,"Gender, Age, ProgVar",2.0895346437547513,0.4963354193675482,0.3885188263423295,0.6057141553028745,Reject,1.8546473909198478,Reject,Reject,1.4644122935729307
0.45690329057214857,0.6973087258621574,0.41871345947219907,0.3267202266331787,0.5227439254454955,Reject,"Gender, Age, ProgVar",1.5218139986433012,0.41871345947219907,0.3185164500332538,0.5178749997732576,Reject,1.6387381503975507,Reject,Reject,1.690706012824777
0.3660479282916314,0.7504603228128113,0.6245822665801029,0.5181301327893754,0.7331123076862922,Reject,"Gender, Age, ProgVar",1.8329273914256874,0.6245822665801029,0.5216165768457381,0.7355310123945125,Reject,1.8147792887528655,Reject,Reject,1.524478216973054
0.3370691194308267,0.8037838113162393,0.5421055571120055,0.45051399971926503,0.6975674515242468,Reject,"Gender, Age, ProgVar",1.6968989863200772,0.5421055571120055,0.41157777765676823,0.6617860154604845,Reject,1.6067554502873036,Reject,Reject,1.4776547722556017
0.4171522208188132,0.6783173433823463,0.5748905467833196,0.50918586152694,0.7002331736834059,Reject,"Gender, Age, ProgVar",1.6700564163484612,0.5748905467833196,0.4740484835440553,0.6722291471949703,Reject,1.873788700405187,Reject,Reject,1.8059930457728808
0.4981684685123338,0.7192059222799211,0.583630366405508,0.4815246097018077,0.6975793094755648,Reject,"Gender, Age, ProgVar",1.6803844632864422,0.583630366405508,0.4831014327111478,0.6895676539378164,Reject,1.8344758263744694,Reject,Reject,1.5057246380071745
0.3742344901233426,0.6702209990428925,0.566266885438797,0.45231429696657716,0.6903602728136712,Reject,"Gender, Age, ProgVar",1.7064642283326104,0.566266885438797,0.44925740911729206,0.6817858775699344,Reject,1.6977421491486013,Reject,Reject,1.6422353851258584
0.28981253811044194,0.6671182997976512,0.5644475565016456,0.4832147006155728,0.6555160582303695,Reject,"Gender, Age, ProgVar",1.811639607069775,0.5644475565016456,0.4746301833125296,0.6594635959330737,Reject,1.7514315340320579,Reject,Reject,1.8494004830834943
0.40766953472281137,0.75782235165024,0.5888179376486233,0.4882945781571121,0.698749956649451,Reject,"Gender, Age, ProgVar",1.3906517520754225,0.5888179376486233,0.48570476594789724,0.6960843353733656,Reject,1.4530130552946496,Reject,Reject,1.3311011473121797
0.27735947379556153,0.7478953074432457,0.5909406915535061,0.4971606681031523,0.7411415819244614,Reject,"Gender, Age, ProgVar",1.405411556486766,0.5909406915535061,0.46233326977485717,0.7242310660510298,Reject,1.54824107043775,Reject,Reject,1.220793612763487
0.3544175969874843,0.6813038137795222,0.6726807109672239,0.5624328172525199,0.7877015962911187,Reject,"Gender, Age, ProgVar",1.5378124211456865,0.6726807109672239,0.5637849435756893,0.7832442933930434,Reject,1.6561221758235058,Reject,Reject,1.793840653308661
0.293750591906345,0.7269584339732392,0.4880444496926195,0.40993286695415154,0.618938899387733,Reject,"Gender, Age, ProgVar",1.4075847511612682,0.4880444496926195,0.381484473659337,0.5917116415208139,Reject,1.588879550098418,Reject,Reject,1.4858825777402769
0.4322810194435514,0.7135656767190246,0.4815261615945568,0.3792042605025227,0.5880060199782633,Reject,"Gender, Age, ProgVar",1.6929703786648471,0.4815261615945568,0.3848733934738371,0.5814100305554342,Reject,1.6565188397107484,Reject,Reject,1.5432344569928989
0.2937255116449843,0.6764657086930864,0.5536557272011499,0.4649553389593788,0.6747855824911093,Reject,"Gender, Age, ProgVar",1.5377652105598714,0.5536557272011499,0.4459159441596909,0.6574864274100984,Reject,1.8022789666845993,Reject,Reject,1.8118838147740306
0.45578401934436286,0.7422929381638381,0.5162571103217647,0.4149793762971273,0.617303500181013,Reject,"Gender, Age, ProgVar",1.7243833876971693,0.5162571103217647,0.4159292942075702,0.6212587921964575,Reject,1.7541909950356174,Reject,Reject,1.7556545655954694
0.5472632707536706,0.7187720602621506,0.507592810309866,0.40811485081107773,0.6172746377389569,Reject,"Gender, Age, ProgVar",1.9884568132286018,0.507592810309866,0.4027079940200661,0.611604996735297,Reject,1.798483932380679,Reject,Reject,1.4151810593918213
0.542658980845791,0.7529296578524605,0.5122680018473426,0.4128212988966001,0.599447752296989,Reject,"Gender, Age, ProgVar",1.7082790239288232,0.5122680018473426,0.41739543390398354,0.6021587974360856,Reject,1.8828550766518313,Reject,Reject,1.7301821820353371
0.5335856288265375,0.7437133215305128,0.4122503656299178,0.30649377396455374,0.5184401098625339,Reject,"Gender, Age, ProgVar",1.761968111832247,0.4122503656299178,0.30425018129989345,0.5187541149907521,Reject,1.6152329316781728,Reject,Reject,1.5915300577716804
0.45932245240440717,0.751855641891806,0.45340106203453406,0.3611561805729011,0.5976115481455091,Reject,"Gender, Age, ProgVar",1.4700845926845563,0.45340106203453406,0.3267945786786136,0.5739104523676346,Reject,1.6885259040500133,Reject,Reject,1.1806994050547581
0.39370534304357213,0.7463930746683766,0.5183628523399486,0.45470096564177637,0.6449385989644341,Reject,"Gender, Age, ProgVar",1.8160768761460455,0.5183628523399486,0.4297042708436469,0.6096898935211829,Reject,1.5732948248070975,Reject,Reject,1.8306537522585018
0.3578909871927377,0.7936882341193734,0.44913931960404996,0.34281573584933706,0.5836469914759321,Reject,"Gender, Age, Outcome_BL, ProgVar",1.6133071135080823,0.44913931960404996,0.3230762020737669,0.5644768196944681,Reject,1.604565540974712,Reject,Reject,1.2117555470666603
0.3745034995753322,0.7439843427065232,0.4954035418761843,0.40857611315546954,0.637733338466865,Reject,"Gender, Age, ProgVar",1.6879620270784803,0.4954035418761843,0.37740331348806194,0.6071868631982914,Reject,1.7184071664018492,Reject,Reject,1.563665453752369
0.19551479081754464,0.742731444116004,0.5358242932477093,0.4230143230262147,0.6466013453354931,Reject,"Gender, Age, Outcome_BL, ProgVar",1.6793234335460718,0.5358242932477093,0.43021604463360785,0.6437055180194357,Reject,1.6755957083644426,Reject,Reject,1.5878535235331184
0.5000675857982624,0.7182120140182705,0.4842556269913091,0.40036897695691437,0.5781885569469635,Reject,"Gender, Age, ProgVar",1.8066855116192713,0.4842556269913091,0.3878695945084263,0.569612443567336,Reject,1.7600958101489386,Reject,Reject,1.4655976309373002
0.14227612495252914,0.6745617674348771,0.6310803446971072,0.5448037530554494,0.7391171894617247,Reject,"Gender, Age, ProgVar",1.7063591113358723,0.6310803446971072,0.5326320881263544,0.7229232583646168,Reject,1.5845389377971673,Reject,Reject,2.0918574071233826
0.41190890390678414,0.7279668088523575,0.5286097403350108,0.42354796760340924,0.6194694126478706,Reject,"Gender, Age, ProgVar",1.8058587642639157,0.5286097403350108,0.426985173843095,0.6266103621430164,Reject,1.8184896418607528,Reject,Reject,1.7227910275571259
0.34082772740413614,0.7029850399446688,0.5590322964524836,0.48406837282559134,0.6735562724028514,Reject,"Gender, Age, ProgVar",1.9426597147885514,0.5590322964524836,0.4653483744722154,0.6535041992612767,Reject,1.928383374058449,Reject,Reject,1.7348842656190568
0.39925669726174684,0.6389301491546752,0.5757303902859201,0.4760112673962363,0.7150123459817942,Reject,"Gender, Age, ProgVar",2.1130143917489743,0.5757303902859201,0.45993785655040725,0.685198399586991,Reject,1.8323149293608756,Reject,Reject,1.8767246621323028
0.28215927888079423,0.6743028162426413,0.5988139443950339,0.49232065304836503,0.6997725651482413,Reject,"Gender, Age, ProgVar",1.9467985815023456,0.5988139443950339,0.4903333791254743,0.6997664119253891,Reject,1.8079563304111728,Reject,Reject,1.5927650702468654
0.21633224283569005,0.6763439672085254,0.6099592685891448,0.543930612314241,0.7670077622058653,Reject,"Gender, Age, ProgVar",1.5200739136482144,0.6099592685891448,0.4996837032457669,0.7172600356264249,Reject,1.6604294508311588,Reject,Reject,1.6361747677199872
0.37342107797889873,0.7623464197571619,0.5288579354933146,0.4321126933597537,0.629765827593193,Reject,"Gender, Age, ProgVar",1.7641953190822037,0.5288579354933146,0.43117506525423854,0.6237477773006188,Reject,1.7318313369552305,Reject,Reject,1.4211310008730789
0.1320094227311091,0.7404787629773395,0.509030625723429,0.3979231380993975,0.6448658989893825,Reject,"Gender, Age, ProgVar",1.5430375638893779,0.509030625723429,0.3845306308788005,0.636604296342241,Reject,1.651194087064417,Reject,Reject,1.249652436615674
0.39708835592123903,0.6861018091677225,0.5552699559042016,0.45497511789778217,0.685270580933599,Reject,"Gender, Age, ProgVar",1.923585847241714,0.5552699559042016,0.4404781442967845,0.6692686651598202,Reject,1.751075240612861,Reject,Reject,1.9377792413181374
0.22336074306660006,0.7672968375554574,0.5201810497015712,0.4193234819732702,0.6248114574113683,Reject,"Gender, Age, ProgVar",1.4220919842657929,0.5201810497015712,0.416953947298046,0.6205594096083423,Reject,1.4037682921451466,Reject,Reject,1.2766171819309653
0.4094405861972849,0.6612468905988557,0.6279567695505119,0.535845606613412,0.7305874976707105,Reject,"Gender, Age, ProgVar",1.678997810429886,0.6279567695505119,0.53367739984684,0.7290669992488202,Reject,1.7176358485712242,Reject,Reject,1.8628032544647548
0.4909836784735468,0.8551422300423658,0.3875043988246233,0.2802379021178243,0.5309311491869336,Reject,"Gender, Age, ProgVar",1.7008936736154172,0.3875043988246233,0.2624979435922086,0.5134125329012056,Reject,1.7041835149370195,Reject,Reject,1.1426398144321441
0.4072593007092036,0.7940592554785764,0.41967470870665374,0.3704678009337524,0.621265458433712,Reject,"Gender, Age, ProgVar",2.0597855337240145,0.41967470870665374,0.2899183008814099,0.5517301467596918,Reject,1.8190485904146063,Reject,Reject,1.5858181447639588
0.4710274902525296,0.7436544861543405,0.4985406926344371,0.4149151335459059,0.6174834822374693,Reject,"Gender, Age, ProgVar",1.2428583981191792,0.4985406926344371,0.3942505414579914,0.5962572785880724,Reject,1.4969618432536158,Reject,Reject,1.5911806683079202
0.3650365539955009,0.7434427514400099,0.4405355189467931,0.33707965872219176,0.5355909162183978,Reject,"Gender, Age, ProgVar",1.450833582371799,0.4405355189467931,0.3419092385539373,0.5418791330368216,Reject,1.5317340920762725,Reject,Reject,1.9111585711727703
0.2739592393994249,0.7010794278849025,0.5806976144474482,0.49788705489039214,0.7201496596641175,Reject,"Gender, Age, ProgVar",1.8458172478797548,0.5806976144474482,0.4628359249573458,0.6992710487483941,Reject,1.8251229298077005,Reject,Reject,1.5339146801478365
0.4615183511176149,0.6733042516407575,0.5562836305059001,0.47591599432886117,0.6759874345363427,Reject,"Gender, Age, ProgVar",1.6827447991820876,0.5562836305059001,0.45725893537408496,0.6604451858137895,Reject,1.8226030755168232,Reject,Reject,1.5246186375932689
0.3633086341599303,0.7060302991221118,0.49423494891338016,0.40022431556723226,0.6223016628661763,Reject,"Gender, Age, ProgVar",1.6915101855443206,0.49423494891338016,0.37592453504479684,0.6030721010395879,Reject,1.7678298200243046,Reject,Reject,1.5297820986404216
0.23642684344837336,0.7052044445785604,0.5453854712190895,0.44900506897803405,0.6586889254416238,Reject,"Gender, Age, ProgVar",1.7771630912424885,0.5453854712190895,0.43216885451141307,0.6451232457842049,Reject,1.7025355662575992,Reject,Reject,1.3928829470559791
0.27647576975663557,0.7866926429402835,0.4637057188722574,0.38752706723306823,0.627889679776052,Reject,"Gender, Age, ProgVar",1.6980470320746162,0.4637057188722574,0.3381054306387393,0.5824866983983993,Reject,1.7441522669679046,Reject,Reject,1.3226015252558951
0.2573205113229682,0.6807772132304555,0.4985466067518047,0.42181695872124086,0.6159553130912389,Reject,"Gender, Age, ProgVar",1.763777588182552,0.4985466067518047,0.39850543248326953,0.5999942689674712,Reject,1.7192567674433141,Reject,Reject,2.1866438207046204
0.26556738461871254,0.722460796937541,0.5111003018166146,0.4001775012550785,0.6212260556111461,Reject,"Gender, Age, ProgVar",1.395914772062321,0.5111003018166146,0.39680540779687296,0.6193593067982178,Reject,1.5032166289501852,Reject,Reject,1.2859083241808944
0.34016315839833977,0.7586870709877084,0.5908497719035645,0.4967746677025056,0.71603057326418,Reject,"Gender, Age, ProgVar",1.7876712900936647,0.5908497719035645,0.4785007515668372,0.7049265585011776,Reject,1.6603833830012544,Reject,Reject,1.4445731956320875
0.45966299966052426,0.6933835841434011,0.5179917856851899,0.4312991104797121,0.6615514935778474,Reject,"Gender, Age, ProgVar",2.1009798699249576,0.5179917856851899,0.40002102252708743,0.626887314310938,Reject,1.837454189275534,Reject,Reject,1.6114064983381198
0.3974730380392086,0.7080289244818149,0.6027934549335641,0.5221224174366883,0.7171466828576722,Reject,"Gender, Age, ProgVar",1.7101785518141508,0.6027934549335641,0.5019309836450484,0.6965129701051032,Reject,1.8983130247639257,Reject,Reject,1.4701394948075563
0.4607574955956532,0.7306023445145828,0.45922199732499003,0.36822201215134553,0.5613032214151471,Reject,"Gender, Age, ProgVar",1.8852647082647414,0.45922199732499003,0.3620660629504909,0.5549450224164623,Reject,1.7705557147406525,Reject,Reject,1.7362813347245651
0.4631877815373871,0.7604607560865841,0.3701962281592369,0.2829661121854149,0.5196455768164902,Reject,"Gender, Age, ProgVar",2.195228411597039,0.3701962281592369,0.2519593436290837,0.48021622529321845,Reject,1.7757063069964523,Reject,Reject,1.3160536130949314
0.3254292904607904,0.689872428658696,0.5669863710793974,0.4880401828063732,0.6676457757279566,Reject,"Gender, Age, ProgVar",1.8744608703200965,0.5669863710793974,0.4720248436899334,0.6644592390323412,Reject,1.7585592674450579,Reject,Reject,1.6596169393235527
0.12320576480055738,0.6903190700241195,0.6778741829267295,0.5862911337327854,0.8093471086762996,Reject,"Gender, Age, ProgVar",1.6228045418835115,0.6778741829267295,0.5658892561411379,0.7906874349378896,Reject,1.6952263563608967,Reject,Reject,1.5859234074361095
0.1629331588354646,0.7055162933949538,0.6047637717207798,0.5051933743054101,0.6922070461528512,Reject,"Gender, Age, ProgVar",1.443478899567794,0.6047637717207798,0.509043738201921,0.6959020516783506,Reject,1.5083411873281025,Reject,Reject,1.4115620669020383
0.44891939163553946,0.724367518217411,0.4940098991522892,0.41552843757548813,0.6167643157511413,Reject,"Gender, Age, ProgVar",1.7820621639480407,0.4940098991522892,0.3923826600644028,0.6054922156082303,Reject,1.6672239564043527,Reject,Reject,1.4125748853396576
0.11736486080684996,0.710806587389178,0.6262866416543801,0.515875997353059,0.7407728629838375,Reject,"Gender, Age, ProgVar",1.705550140541027,0.6262866416543801,0.5156762057010811,0.7438541088130338,Reject,1.6807938440100019,Reject,Reject,1.3944508434653746
0.32776998646893296,0.6708201672124464,0.5399611029521959,0.4350167612493817,0.6443512472515681,Reject,"Gender, Age, ProgVar",1.621117619287641,0.5399611029521959,0.43954729035882634,0.6476973248328919,Reject,1.7142292425023498,Reject,Reject,1.849715635284042
0.48861729898231376,0.7277993386140441,0.6043661607339312,0.5086667091738856,0.7372289245685565,Reject,"Gender, Age, ProgVar",1.9440964481820482,0.6043661607339312,0.4848093417871042,0.7113678649675707,Reject,1.9658787325950922,Reject,Reject,1.3774726772169705
0.3104665788719285,0.7530515941883872,0.4704038836891184,0.3718415636533849,0.5803565059087564,Reject,"Gender, Age, ProgVar",1.6909845826205596,0.4704038836891184,0.36422301993996536,0.5703001027286767,Reject,1.5873713115317885,Reject,Reject,1.5183671105445173
0.30377031565648394,0.7177940048401333,0.6094171960778766,0.5089124023610562,0.7402419459417273,Reject,"Gender, Age, ProgVar",1.7396509096417463,0.6094171960778766,0.4895556995499091,0.7274196914481666,Reject,1.7527268020573503,Reject,Reject,1.5387791813401657
0.2386619856520562,0.6450502452532837,0.557648862520518,0.47173060130854755,0.6713208726621724,Reject,"Gender, Age, ProgVar",1.6156970905665378,0.557648862520518,0.456273682923704,0.6558493475054628,Reject,1.5077847471496009,Reject,Reject,1.9815856887603627
0.3810917522861354,0.7267013271136323,0.6028727442627215,0.48642315858050444,0.6871347614137172,Reject,"Gender, Age, ProgVar",1.9127967886649861,0.6028727442627215,0.5002826085375875,0.6991464037925844,Reject,1.852318009117481,Reject,Reject,1.7037989904855568
0.3313547988177941,0.7326170703469256,0.5477819750890864,0.43807115654025425,0.6618950323109364,Reject,"Gender, Age, ProgVar",1.6496122528172545,0.5477819750890864,0.4323608674339498,0.6551000271444302,Reject,1.678525957451166,Reject,Reject,1.6130157116668153
0.46431685936023964,0.7554566720111184,0.45328617474756167,0.34885897389149234,0.5599689127044711,Reject,"Gender, Age, ProgVar",1.69904654323998,0.45328617474756167,0.34856069448563615,0.5564222002683366,Reject,1.7368681898580078,Reject,Accept,1.0252699579971856
0.3806293820382399,0.657030058504956,0.567932409037073,0.46788113050059554,0.6976744391150476,Reject,"Gender, Age, ProgVar",1.5541965566901053,0.567932409037073,0.4555389360177182,0.6778763781058775,Reject,1.6946639474276706,Reject,Reject,1.5032005761062637
0.4165744898606373,0.7518303348016724,0.487316330401475,0.38642992872912796,0.6060136729376057,Reject,"Gender, Age, ProgVar",1.7744454644201144,0.487316330401475,0.38312880013209627,0.5939722857142719,Reject,1.7788292328753283,Reject,Reject,1.4685477884021214
0.43027498177037066,0.7033313912862019,0.5400078187107278,0.4383496767496238,0.6526730644166364,Reject,"Gender, Age, ProgVar",1.5532756759616995,0.5400078187107278,0.4354264815883902,0.6465909331512064,Reject,1.5367899647017313,Reject,Reject,1.582748847362784
0.2197370038588738,0.7944745734401288,0.5029183627896617,0.3915748098526889,0.6238988306241139,Reject,"Gender, Age, ProgVar",1.4786727315551327,0.5029183627896617,0.38912859197548855,0.6155618945343768,Reject,1.6430272395356011,Reject,Reject,1.2150418519700943
0.3007179580992372,0.7828839967533202,0.4727105991312815,0.37583745102063915,0.5935401840475378,Reject,"Gender, Age, ProgVar",1.6551274060282102,0.4727105991312815,0.35902296842055825,0.5796167448094085,Reject,1.5832425589853651,Reject,Reject,1.3631033812579885
0.3083278859657417,0.7726122081741801,0.5725723621131,0.4892160372819756,0.6979479960992269,Reject,"Gender, Age, ProgVar",1.6225173456836848,0.5725723621131,0.4645353911214428,0.6762254743855414,Reject,1.8135303766416697,Reject,Accept,0.9648744666008636
0.3243677961415302,0.7271146548016317,0.6035858863441004,0.5005112326738848,0.7076110623314702,Reject,"Gender, Age, ProgVar",2.0510571273458083,0.6035858863441004,0.494871756747179,0.7086115477826641,Reject,1.9621796607857807,Reject,Reject,1.7450338021674112
0.4120653583591495,0.774069659728144,0.5057225042654248,0.3930450564419074,0.6184341122994121,Reject,"Gender, Age, ProgVar",1.8354493330975463,0.5057225042654248,0.3883025334878838,0.6183983705703642,Reject,1.636073312358414,Reject,Reject,1.7426165831056943
0.5086879601031614,0.7881314635318467,0.44788285662421495,0.3439995013687274,0.5511492544254818,Reject,"Gender, Age, ProgVar",1.5220057220675358,0.44788285662421495,0.3457270940725392,0.5594734480809223,Reject,1.6431502694566122,Reject,Reject,1.7017938325264284
0.3453083521329037,0.732638124603904,0.5519595924077579,0.46161439568651036,0.6579275347690913,Reject,"Gender, Age, ProgVar",1.835872532948373,0.5519595924077579,0.45221905815776686,0.6525476716340876,Reject,1.8012668322176935,Reject,Reject,1.6537087192600572
0.3038704479710096,0.6521961419116342,0.5120403823022383,0.42571318049044515,0.6411846517460199,Reject,"Gender, Age, ProgVar",1.5474167636241176,0.5120403823022383,0.4121122101807856,0.6143452321738887,Reject,1.700455491844762,Reject,Reject,1.669985133565312
0.22308681015906065,0.761024545496302,0.582550762547627,0.5008230372406405,0.7529169571250733,Reject,"Gender, Age, ProgVar",1.5827544718434985,0.582550762547627,0.4667468284442866,0.7050388569349004,Reject,1.7721528146065841,Reject,Reject,1.1074488197171133
0.3679439900960399,0.691872958625932,0.5651034112382954,0.4830329142993464,0.6866549326924012,Reject,"Gender, Age, ProgVar",2.1544259260056773,0.5651034112382954,0.461560255877726,0.6640801289989372,Reject,2.0175252268349197,Reject,Reject,2.1379728404839122
0.34769992141663464,0.7311671408973907,0.49060668749923914,0.40555334853947367,0.6365930805702728,Reject,"Gender, Age, ProgVar",2.079322487837141,0.49060668749923914,0.3738937921474852,0.6053847065691721,Reject,1.7314046139799097,Reject,Reject,1.7115508321408748
0.4026292049520823,0.7353426882466515,0.5951090673054584,0.48303033864557265,0.696344215325699,Reject,"Gender, Age, ProgVar",1.5883754520573659,0.5951090673054584,0.48815390579491824,0.6995512261385893,Reject,1.6648106302416903,Reject,Reject,1.3798207873077015
0.3941911067588085,0.7339185465100903,0.5967007464734727,0.4861683526962689,0.7159640094431338,Reject,"Gender, Age, ProgVar",1.851512063805987,0.5967007464734727,0.4818293225490082,0.7097258792432952,Reject,1.8455317029248917,Reject,Reject,1.8475653747056349
0.4583045856871707,0.6822140349041284,0.5745979814109078,0.49138196162319886,0.7078931600375155,Reject,"Gender, Age, ProgVar",1.768142931793176,0.5745979814109078,0.46624638423613957,0.6814944709373802,Reject,1.8282071462865348,Reject,Reject,1.702174203659983
0.45202060731024796,0.741774200596666,0.4844940196260124,0.3927696599477008,0.5787461014814799,Reject,"Gender, Age, ProgVar",1.6379235588238168,0.4844940196260124,0.39030252197398474,0.5728749425633441,Reject,1.5851343229987855,Reject,Reject,1.531378441311051
0.35525127371604465,0.6552037469191863,0.6271476434559823,0.5123529270070374,0.7311465834019797,Reject,"Gender, Age, ProgVar",1.5967563769732025,0.6271476434559823,0.5151561668944238,0.7356256357046059,Reject,1.594129379456457,Reject,Reject,1.623161687142734
0.5684334826116455,0.6867684635742942,0.5485041502259158,0.4327554525459737,0.6560410132838335,Reject,"Gender, Age, ProgVar",1.775727410816605,0.5485041502259158,0.4330239607419156,0.660687622629242,Reject,1.7261291589189593,Reject,Reject,1.5085079004448068
0.3662763201980172,0.7362589502906302,0.5347971431009347,0.4285414915878042,0.6459575769601316,Reject,"Gender, Age, ProgVar",1.6225459955112953,0.5347971431009347,0.4228456250752009,0.6516465517091092,Reject,1.6374387303053688,Reject,Reject,1.424112305285572
0.4093850824198808,0.7575765737761674,0.5574889447725334,0.44539479774132795,0.6901968768723717,Reject,"Gender, Age, ProgVar",1.7131829632588194,0.5574889447725334,0.43404476766633227,0.6841921378774811,Reject,1.6480391942208368,Reject,Reject,1.2283742124108612
0.31002301401287147,0.745129635350709,0.561993071505545,0.4948266118517498,0.696245390457947,Reject,"Gender, Age, ProgVar",1.4956028644059929,0.561993071505545,0.4580961313890005,0.6687562388472796,Reject,1.6819133971932267,Reject,Accept,1.0911672353907833
0.4459642758078499,0.735850276872224,0.5003542390815845,0.3722584361013297,0.6248536667576365,Reject,"Gender, Age, ProgVar",1.9526798272406551,0.5003542390815845,0.37087047173671595,0.6274001885017748,Reject,1.8323317634237648,Reject,Reject,1.4952903051059265
0.43094163583913375,0.7758165019448282,0.44293872997309375,0.34405716523486746,0.5634492419376611,Reject,"Gender, Age, ProgVar",1.8453180034759662,0.44293872997309375,0.3301584896453627,0.5509476893890448,Reject,1.7235350729394825,Reject,Reject,1.2319029994087507
0.23383978656331245,0.6503077678725613,0.6008272902374756,0.497272555464674,0.7305623704002873,Reject,"Gender, Age, ProgVar",1.511784287374414,0.6008272902374756,0.4837033291689008,0.7142385131692085,Reject,1.5930747917949049,Reject,Reject,1.8222644999342774
0.42772122557922526,0.7434972301867131,0.504722758465548,0.4210377250073243,0.6168476229495437,Reject,"Gender, Age, ProgVar",1.7267047153995327,0.504722758465548,0.4029487355217027,0.5988681568444814,Reject,1.834916238017104,Reject,Reject,1.5489741327774345
0.34769475348887147,0.7108680308792946,0.5243125188080279,0.4130296463810953,0.623369518071729,Reject,"Gender, Age, ProgVar",1.540530796031904,0.5243125188080279,0.4169097216617613,0.6225565049333945,Reject,1.6040896128092377,Reject,Reject,1.7457773019035625
0.29048487377827265,0.6760989850189205,0.5611958197076499,0.46154489058716175,0.6511393993325296,Reject,"Gender, Age, ProgVar",1.6660342555872518,0.5611958197076499,0.46426015139468524,0.6505548027642499,Reject,1.6707449109287082,Reject,Reject,1.965628879119987
0.5729078825090312,0.7640970741108694,0.41279582865323255,0.32374792143740183,0.5295433357519734,Reject,"Gender, Age, ProgVar",1.4730146041579844,0.41279582865323255,0.3058445559321599,0.5126330906947025,Reject,1.6178682733175231,Reject,Reject,1.5196066645661324
0.4392179783072463,0.7164094507040327,0.5392857050986236,0.4353855751250155,0.64163302513018206,Reject,"Gender, Age, ProgVar",1.7619883775720573,0.5392857050986236,0.43342938553769417,0.644162587440383,Reject,1.7837218372144263,Reject,Reject,1.9828357738459292
0.3088078325821857,0.72954868410898,0.5223723817066507,0.43208355219269007,0.6261152838400253,Reject,"Gender, Age, ProgVar",1.645909385411868,0.5223723817066507,0.42734505863436867,0.6122453239423113,Reject,1.68130345560674,Reject,Reject,1.7874904449204077
0.3941395232134327,0.6674167079040758,0.5406804768062433,0.4807710486978041,0.6650702903028088,Reject,"Gender, Age, ProgVar",1.2972006836361047,0.5406804768062433,0.4441561004636181,0.6387419752636937,Reject,1.5530238744342442,Reject,Reject,1.5250734848649161
0.2956490568106963,0.677742473966675,0.6167260377573451,0.5096241163592894,0.7386823100057915,Reject,"Gender, Age, ProgVar",1.8095975572782166,0.6167260377573451,0.5070778405705609,0.7315393469064895,Reject,1.8546093386933367,Reject,Reject,1.6819006742440492
0.43202167370278566,0.742598262031227,0.5187470848058224,0.4385219302053674,0.6314934031071836,Reject,"Gender, Age, ProgVar",1.8723748810771956,0.5187470848058224,0.42198685315936163,0.6150470154980204,Reject,1.8866765222848332,Reject,Reject,1.7161073133649847
0.18376659515030347,0.74365374124262,0.6394949201687158,0.5294445616424868,0.7705569137792605,Reject,"Gender, Age, ProgVar",1.5233083432977401,0.6394949201687158,0.5169615737037775,0.7592937145091795,Reject,1.5308583773135305,Reject,Reject,1.1705393364806378
0.2841398107103592,0.7012377597952886,0.5985175631966223,0.5001850874843512,0.7168563192059987,Reject,"Gender, Age, ProgVar",1.7553935273046832,0.5985175631966223,0.4882065126723767,0.7121842423306699,Reject,1.663017127777542,Reject,Reject,1.4749507082619564
0.5574650052084902,0.7649883942481704,0.4191072855837975,0.32361665660312655,0.5278952279921747,Reject,"Gender, Age, ProgVar",1.730953856616601,0.4191072855837975,0.3204473403790823,0.5199643962299382,Reject,1.6752217202375357,Reject,Reject,1.687956094945735
0.42252664297230763,0.7364063241111917,0.46826946125033037,0.38520876909701157,0.554865363972217,Reject,"Gender, Age, ProgVar",1.4425439499382942,0.46826946125033037,0.38301230741162123,0.5540400757723117,Reject,1.5528931144268256,Reject,Reject,1.6959627221334936
0.2176779981410946,0.6898223634673655,0.5213741162468429,0.42838206313301647,0.6124556713430178,Reject,"Gender, Age, ProgVar",1.8244933886208443,0.5213741162468429,0.4300592416512291,0.6165533775848073,Reject,1.8518887325672062,Reject,Reject,2.1380109283907918
0.2672756570672817,0.6581976096100677,0.5444192152183143,0.44332928773733343,0.6665731962493292,Reject,"Gender, Age, ProgVar",1.6915165282922606,0.5444192152183143,0.43743473307393216,0.6613003621736651,Reject,1.695888037201089,Reject,Reject,1.8579938082372736
0.23390158285052018,0.6751554821972187,0.6094537864165102,0.4896631386565865,0.7305183216546854,Reject,"Gender, Age, ProgVar",1.4552458449608947,0.6094537864165102,0.48762960360366747,0.7306763387090712,Reject,1.4809816777004634,Reject,Reject,1.690490872718113
0.3467257197215504,0.7484073988388666,0.5117662199692286,0.3887930663297551,0.6603529166104107,Reject,"Gender, Age, ProgVar",1.6207073206345797,0.5117662199692286,0.37635671930958936,0.6485272572074829,Reject,1.5162929423073697,Reject,Reject,1.3537184510907811
0.521828624331756,0.7750305634467055,0.4961437050592742,0.4026625704423948,0.6130225660197476,Reject,"Gender, Age, ProgVar",1.948935440627941,0.4961437050592742,0.3844746848602883,0.5998619760514774,Reject,1.8947415611739524,Reject,Reject,1.3830491617931846
0.27799148192323087,0.6425887212326991,0.5901173879183325,0.48646390880803086,0.686784866749323,Reject,"Gender, Age, ProgVar",1.8773658065301755,0.5901173879183325,0.48746269216179483,0.6933617179285293,Reject,1.8687790598732212,Reject,Reject,2.0497930034490968
0.36643812891444755,0.7442450614358348,0.6149438441899584,0.5290015054436494,0.7772487373294509,Reject,"Gender, Age, ProgVar",1.8330436977539792,0.6149438441899584,0.4948799782490075,0.7335113633849197,Reject,1.7167333885489047,Reject,Reject,1.8691201620564741
0.43326506889522204,0.6857626714447844,0.546511359812379,0.4559966879224383,0.6612221921175137,Reject,"Gender, Age, ProgVar",1.7856381124506961,0.546511359812379,0.45134719718143684,0.6565718013997596,Reject,1.8045985875712915,Reject,Reject,1.540838305424862
0.4126252305343507,0.720982215131641,0.5142348033368448,0.4035506408199561,0.6269177953968605,Reject,"Gender, Age, ProgVar",1.6822294593851514,0.5142348033368448,0.4037298457863202,0.629232291313256,Reject,1.6654840493384386,Reject,Reject,1.4188262119264199
0.25753350464680397,0.7063760881011327,0.5561341265163966,0.44991390903138423,0.6537135774650797,Reject,"Gender, Age, ProgVar",1.6594786411849654,0.5561341265163966,0.4432042402173472,0.6526683202470297,Reject,1.6822819678384127,Reject,Reject,1.5447844836162725
0.274997624858808,0.6646534989103993,0.613709030985572,0.5028269119447156,0.7055709468967686,Reject,"Gender, Age, ProgVar",1.7582899973436725,0.613709030985572,0.5120613725625934,0.7102156157388281,Reject,1.7141516227676388,Reject,Reject,2.04955675921066
0.13677556165544094,0.6336689691327789,0.6514465116997747,0.5553509099127438,0.7690704457792075,Reject,"Gender, Age, ProgVar",1.7129869675310343,0.6514465116997747,0.5336479259600098,0.7529594190078522,Reject,1.8717517801072165,Reject,Reject,1.655677511337253
0.2566962262644481,0.6739576976309487,0.5828856013431942,0.48924682990728424,0.6828950289586535,Reject,"Gender, Age, ProgVar",1.4729096037386815,0.5828856013431942,0.48765533157241453,0.6772027425065492,Reject,1.4958581488735154,Reject,Reject,1.7192623416294384
0.44501775613646877,0.6819316794280714,0.491367729301398,0.40396566663897326,0.5888264609169225,Reject,"Gender, Age, ProgVar",1.503747607544074,0.491367729301398,0.40274790575059305,0.5824836366116738,Reject,1.7157566338499866,Reject,Reject,1.4717828586681643
0.3704510742884562,0.7262438266939252,0.5075745657988868,0.44033914420494175,0.6582861737142864,Reject,"Gender, Age, ProgVar",1.4646909377578086,0.5075745657988868,0.4020391642169223,0.6147430867452566,Reject,1.5406857457725673,Reject,Reject,1.3465447635978425
0.5163025572361958,0.819246215989622,0.43303210274265375,0.3415229707166182,0.5443558740690434,Reject,"Gender, Age, ProgVar",1.6214578265254949,0.43303210274265375,0.34126672634071187,0.5305744318725124,Reject,1.5928072109573364,Reject,Reject,1.459630557864733
0.36094475983186497,0.7143507197762974,0.5349825830831669,0.428094017369414,0.6837976729526869,Reject,"Gender, Age, ProgVar",1.8208850080608898,0.5349825830831669,0.40714765147771437,0.6666485913785617,Reject,1.8013685386209195,Reject,Reject,1.47849593738378
0.3377834043441293,0.7606907447278771,0.46010521299709295,0.36961851645986427,0.5875906548817043,Reject,"Gender, Age, ProgVar",1.8218632340003849,0.46010521299709295,0.3514016781008169,0.5683530003450568,Reject,1.7075700685899868,Reject,Reject,1.8397938963336808
0.25435403868093043,0.6711372477233337,0.5775960039913105,0.49240053208491275,0.7023407002039048,Reject,"Gender, Age, ProgVar",1.923949907482394,0.5775960039913105,0.4684601693743036,0.6886365986267935,Reject,1.739011537723094,Reject,Reject,1.740780010278792
0.39594749684486585,0.6938812914379693,0.5207753953564503,0.41839803194910574,0.6335006260665386,Reject,"Gender, Age, ProgVar",2.4717331519403207,0.5207753953564503,0.4208807452383461,0.6246558605520154,Reject,2.169788739438318,Reject,Reject,1.6390866434632272
0.5023721251477437,0.6779776101152422,0.5289191528103337,0.4232206863986798,0.6410947152295997,Reject,"Gender, Age, ProgVar",1.828947302368359,0.5289191528103337,0.4198237234674776,0.6376437493590089,Reject,1.7231793159855155,Reject,Reject,1.7837984918229788
0.5035557447455151,0.7705512235442137,0.4972938349077526,0.39904232906797255,0.5994610344179556,Reject,"Gender, Age, ProgVar",1.7040265940796309,0.4972938349077526,0.3960259949649573,0.5966397481129923,Reject,1.6477841747952295,Reject,Reject,1.2329536312997744
0.49637953869813733,0.6922346012961351,0.5536773161053129,0.462797871650841,0.6702074279307384,Reject,"Gender, Age, ProgVar",1.7354086258545494,0.5536773161053129,0.4507246180079278,0.656320438915664,Reject,1.7668877820704583,Reject,Reject,1.725256834789178
0.2773072531457845,0.713262971911196,0.6278467901968426,0.5306638926753786,0.7427524823304406,Reject,"Gender, Age, ProgVar",1.8956673614825317,0.6278467901968426,0.5170891240059554,0.7317636049717029,Reject,1.9637608832111808,Reject,Reject,1.570251620858602
0.5803387466889695,0.7453409121795807,0.4533895873746636,0.3770893960514964,0.5671344873033609,Reject,"Gender, Age, ProgVar",1.5913349277760884,0.4533895873746636,0.35490290059418267,0.5463418806743403,Reject,1.6925840430006445,Reject,Reject,1.4748635040195117
0.3003052500632122,0.6549374165841791,0.4965180740460821,0.40229805632523175,0.6070065578066147,Reject,"Gender, Age, ProgVar",1.6025805199919716,0.4965180740460821,0.38927885138115775,0.5959585940896989,Reject,1.690766963612601,Reject,Reject,1.9303564203928745
0.29861307034386064,0.7416427711419695,0.5121030670872962,0.4225834024439277,0.6432234954165508,Reject,"Gender, Age, ProgVar",1.5529062767584227,0.5121030670872962,0.40362426110610944,0.6256826619158049,Reject,1.6750776952704098,Reject,Reject,1.3903389534185315
0.42052403015782625,0.7328305372171308,0.495586613560485,0.36278236269084424,0.5976470558959238,Reject,"Gender, Age, ProgVar",1.8749396959926907,0.495586613560485,0.37606615846704566,0.6144964357563066,Reject,1.880982422452696,Reject,Reject,1.4142756553952607
0.42152621862039613,0.7828602408418921,0.49571969909412505,0.40822984386213734,0.6106663001904906,Reject,"Gender, Age, ProgVar",1.8628013683232074,0.49571969909412505,0.392381420243501,0.6015686236750606,Reject,1.8207125300744713,Reject,Reject,1.77732682629931
0.4533379691229627,0.7158689080028025,0.5158987606620175,0.4249870900286924,0.6215507485102066,Reject,"Gender, Age, ProgVar",1.8027121175148328,0.5158987606620175,0.4085061784018433,0.6182724708431073,Reject,1.786799478881286,Reject,Reject,1.4240919445523483
0.4338587883376461,0.7403848110031936,0.568038161441123,0.46879199979370073,0.6722262747671754,Reject,"Gender, Age, ProgVar",2.067426469465642,0.568038161441123,0.46488307332732304,0.6694958262881171,Reject,1.8318520718682942,Reject,Reject,1.7816416786864202
0.32095849537820853,0.6835228257875869,0.616127438381968,0.4999291363740119,0.7253103916154054,Reject,"Gender, Age, ProgVar",1.7021618653077872,0.616127438381968,0.5084930201669584,0.7201930712645547,Reject,1.8717674446159949,Reject,Reject,1.923034192391556
0.4213737744638105,0.7217576221322805,0.42899134216496704,0.36557881636261863,0.5515494835214391,Reject,"Gender, Age, ProgVar",1.6507760452072444,0.42899134216496704,0.3363926078962547,0.525621312774716,Reject,1.7586403381404976,Reject,Reject,1.6319502019433847
0.5028274143835499,0.7320392891516435,0.5181578479964857,0.4124522798344881,0.6276126464329429,Reject,"Gender, Age, ProgVar",1.9183180375376718,0.5181578479964857,0.40179507552840005,0.6289434481057106,Reject,1.7984738017628268,Reject,Reject,1.655492607531368
0.30928126003056294,0.7188479490130365,0.5859835761347579,0.47526805801621996,0.6950581556453828,Reject,"Gender, Age, ProgVar",1.566147507409899,0.5859835761347579,0.47352682314791406,0.701942434300899,Reject,1.661313922603822,Reject,Reject,1.5602536249739758
0.416383798843571,0.7140667942570732,0.5507460704705661,0.4257864845050947,0.6560759142480227,Reject,"Gender, Age, ProgVar",1.9865687811980826,0.5507460704705661,0.4373518387876594,0.6615151791414781,Reject,1.7960995050682953,Reject,Reject,1.5648660205953362
0.5595983317996305,0.7358811047192677,0.47546488547682547,0.3694154030414058,0.5860894695218872,Reject,"Gender, Age, ProgVar",1.6481153614080524,0.47546488547682547,0.36015998785721787,0.5793110351234161,Reject,1.666101232973773,Reject,Reject,1.5480849763048392
0.443184768295463,0.7186292084516213,0.5890267749339527,0.48421693859488063,0.7084267059851145,Reject,"Gender, Age, ProgVar",2.0534104265049327,0.5890267749339527,0.4698833021062777,0.6969621796175165,Reject,1.9966773073970034,Reject,Reject,1.6149458828128864
0.35221194720268795,0.695851191292553,0.5582990808222442,0.48655257703508087,0.6817341816716865,Reject,"Gender, Age, ProgVar",1.6085042465300479,0.5582990808222442,0.4629764706865432,0.6499907739404366,Reject,1.6837868335755102,Reject,Reject,1.4935115052964285
0.24193211691890412,0.7502159467245979,0.5264189445621072,0.42175013395935435,0.6469289528468235,Reject,"Gender, Age, ProgVar",1.6290841054175882,0.5264189445621072,0.41331317882944296,0.6447709537137457,Reject,1.5599410472563462,Reject,Reject,1.4411483343832585
0.4696130383441622,0.7191857410694847,0.46130559162634993,0.3571626518740131,0.5808606577318336,Reject,"Gender, Age, ProgVar",1.709606697198875,0.46130559162634993,0.3494285327706835,0.5755893436904218,Reject,1.7954200982882151,Reject,Reject,1.6021413690107524
0.39116718773656395,0.7374201314015482,0.5293933769701727,0.42175387124709385,0.6330144264116222,Reject,"Gender, Age, ProgVar",1.6573393155036187,0.5293933769701727,0.41743974094092706,0.6326118123956537,Reject,1.6673953020084795,Reject,Reject,1.4840137484994322
0.2633016327050022,0.6619992379731494,0.6704990329471402,0.5682695031821983,0.7817131256183543,Reject,"Gender, Age, ProgVar",1.8513205604139142,0.6704990329471402,0.56441137901943,0.778819461822824,Reject,1.9066314049858837,Reject,Reject,1.7026257755299785
0.2635113962662492,0.7967056202433369,0.5857059387588797,0.4570138819505028,0.7004601454636832,Reject,"Gender, Age, ProgVar",1.6693281375092213,0.5857059387588797,0.46100304546090315,0.7004677355970419,Reject,1.7245507767374673,Reject,Reject,1.5397765588021097
0.3954661727897527,0.7686586283631518,0.5086952592545292,0.3910003368860098,0.6264721858466304,Reject,"Gender, Age, ProgVar",1.4819604045076713,0.5086952592545292,0.3929359975415272,0.6215434217182493,Reject,1.4602910838881764,Reject,Reject,1.6479459678539983
0.3965454732961527,0.7061125702210456,0.5075715270296898,0.41125664216569574,0.6031194364443097,Reject,"Gender, Age, ProgVar",1.7628730919220044,0.5075715270296898,0.4133360781398097,0.6096497308706531,Reject,1.7984315110779752,Reject,Reject,2.0325829964495434
0.3509762522771618,0.742084960721261,0.5946610100759325,0.4892237519384652,0.7555246713542823,Reject,"Gender, Age, ProgVar",1.7939802589814746,0.5946610100759325,0.4534955319158095,0.7302077203596362,Reject,1.638204608698756,Reject,Reject,1.6672555316076707
0.4172023830837914,0.730765196899172,0.5856925265255349,0.5127716852846829,0.705903875261093,Reject,"Gender, Age, ProgVar",1.9928354019997456,0.5856925265255349,0.48933577414689744,0.6824899764300566,Reject,1.760828135314381,Reject,Reject,1.6947800295904358
0.4238775390799646,0.7237195130081202,0.6190573662135656,0.5316928640803726,0.7455788636579898,Reject,"Gender, Age, ProgVar",1.9717338498231127,0.6190573662135656,0.5145420645554256,0.7198752436814599,Reject,1.9785987208544429,Reject,Reject,1.9581673925435314
0.2587496875663276,0.697994913686788,0.589168177239175,0.5171651396391233,0.7335396002413035,Reject,"Gender, Age, ProgVar",1.6166795744602729,0.589168177239175,0.4822698200197453,0.6974733995813882,Reject,1.8416460576536762,Reject,Reject,1.441836333546265
0.23190614179467742,0.6782834283078695,0.49424323611061793,0.40851478604919556,0.5980280504917771,Reject,"Gender, Age, ProgVar",1.436680342200208,0.49424323611061793,0.3973918713780672,0.5938201197604493,Reject,1.4846800563288158,Reject,Reject,1.8499728509394584
0.47186053417846835,0.7168337649254949,0.5349433016848877,0.45128734684553523,0.6613414872088217,Reject,"Gender, Age, ProgVar",1.5927059934560157,0.5349433016848877,0.4230188905403149,0.6390903913604562,Reject,1.8471436504858223,Reject,Reject,1.5106866467518971
0.27209916890101293,0.7477127222599388,0.5208802145766852,0.42676675866120395,0.6443240499465264,Reject,"Gender, Age, ProgVar",1.690505048288361,0.5208802145766852,0.40275446263499787,0.6313095387600954,Reject,1.6478831899476198,Reject,Reject,1.2254766568177198
0.4469150198547349,0.807136618378853,0.4652280573468233,0.3631282686884267,0.5796156873942531,Reject,"Gender, Age, ProgVar",1.550498970344484,0.4652280573468233,0.357514419735833,0.5710612410955519,Reject,1.553607707061535,Reject,Reject,1.8324284113133587
0.5037610515551495,0.6927565208948151,0.5275770469863635,0.43505562091429917,0.6245963344260018,Reject,"Gender, Age, ProgVar",1.7502307711794831,0.5275770469863635,0.4358902883064856,0.617071816295993,Reject,1.7454681138704373,Reject,Reject,1.6729532741144544
0.3485997681367534,0.6819729434413333,0.5433257830851016,0.4604651355090594,0.6575602053817597,Reject,"Gender, Age, ProgVar",1.757303095439952,0.5433257830851016,0.4489489105936204,0.6479303591059188,Reject,1.783100933707386,Reject,Reject,1.695872265222928
0.24595496160216318,0.668471753788603,0.6396504630453819,0.5173615045384666,0.7450487426047746,Reject,"Gender, Age, ProgVar",1.6563644872044179,0.6396504630453819,0.5277559560374859,0.7596942062850074,Reject,1.9313835451963903,Reject,Reject,1.7790006660960762
0.4364335648881707,0.6923284074143574,0.5968574271861461,0.49284494416384617,0.6890658582804391,Reject,"Gender, Age, ProgVar",1.8683959436493378,0.5968574271861461,0.4912742819265958,0.6914249566729258,Reject,1.7371775006549557,Reject,Reject,1.4920955814778023
0.41932170145516007,0.737664746938353,0.5235276169864542,0.4316219098714061,0.6436276301429013,Reject,"Gender, Age, ProgVar",1.8567721818673675,0.5235276169864542,0.4245006777538368,0.6238572921601601,Reject,1.8571612233209456,Reject,Reject,1.7949870488904072
0.46012848278593405,0.7880948836875489,0.49011432517824927,0.3894215623661885,0.595264576206962,Reject,"Gender, Age, ProgVar",1.629316476446077,0.49011432517824927,0.3833018395910191,0.5888896056653468,Reject,1.7384315340701384,Reject,Reject,1.529004630727703
0.24447675536713645,0.7189474362042815,0.5570499570886097,0.4497859616631763,0.6608370824193058,Reject,"Gender, Age, ProgVar",1.5992619079440382,0.5570499570886097,0.454103820186887,0.6568737428281836,Reject,1.6385973768984607,Reject,Reject,1.5847380392883204
0.5196010485201614,0.681400376629269,0.49990745036228407,0.4007290915764252,0.6071527533658078,Reject,"Gender, Age, ProgVar",1.7415941584469283,0.49990745036228407,0.3928932526744059,0.603469063059446,Reject,1.5729644795103044,Reject,Reject,1.823567457482201
0.29157736989105043,0.6723657650313488,0.571991605016639,0.4681116964453527,0.6678540593898562,Reject,"Gender, Age, ProgVar",1.7135228290798397,0.571991605016639,0.458435333101156,0.6747410599387877,Reject,1.8150563718881738,Reject,Reject,1.7831817272040378
0.39927209850725065,0.704515819226182,0.5464283275158892,0.44239183587765357,0.6709944005619783,Reject,"Gender, Age, ProgVar",1.5992704728345597,0.5464283275158892,0.43928065683919304,0.656399445074328,Reject,1.8381634005440457,Reject,Reject,1.7544400700004061
0.38778870121284925,0.7232661543399564,0.4688844184124685,0.38502124780173824,0.5889212479942241,Reject,"Gender, Age, ProgVar",1.6845841558987829,0.4688844184124685,0.36776772658257617,0.5697474720060143,Reject,1.648374429145442,Reject,Reject,1.697260895250507
0.2860759609320901,0.7341881515395241,0.5280122473750889,0.43093535242529923,0.659180356274864,Reject,"Gender, Age, ProgVar",1.7889122739659982,0.5280122473750889,0.40839740736961827,0.6418706097451402,Reject,1.798329108331331,Reject,Reject,1.6775292043127716
0.20525118047148022,0.6759018937647132,0.591395249121196,0.4800210591345173,0.6967790723871745,Reject,"Gender, Age, ProgVar",1.779531245078595,0.591395249121196,0.48611683414071943,0.7039847497161827,Reject,1.8007040437112776,Reject,Reject,2.0326528332772162
0.4384008757719348,0.7445941518863244,0.518367817039876,0.41941622243835347,0.6197592989182155,Reject,"Gender, Age, ProgVar",1.448051658442863,0.518367817039876,0.41189024051879003,0.615134757003923,Reject,1.5954942899921525,Reject,Reject,1.557751358417136
0.4068962043855154,0.739716480256278,0.523828276201821,0.42328268368536676,0.6310676906237632,Reject,"Gender, Age, ProgVar",1.744049464384246,0.523828276201821,0.42692627984679055,0.6325111904712926,Reject,1.7569288424399416,Reject,Reject,1.6336142589906362
0.2706848774652061,0.7489065905569255,0.5798892575191041,0.47940248392055884,0.6705157953376633,Reject,"Gender, Age, ProgVar",1.6464005397930912,0.5798892575191041,0.48305667773621536,0.6731737265211201,Reject,1.6215230561794092,Reject,Accept,0.9408849345276108
0.45473354468880256,0.688567678692766,0.5408538359209857,0.44176060879581625,0.6727607508322442,Reject,"Gender, Age, ProgVar",1.8865087463329098,0.5408538359209857,0.42704420769786655,0.6608308119841051,Reject,1.72692966498699,Reject,Reject,1.4043009867963534
0.34390354848939614,0.7344527540989781,0.5924157801534826,0.4879363067752427,0.7038820545420081,Reject,"Gender, Age, ProgVar",1.4903767723890666,0.5924157801534826,0.48398174657347565,0.7080580997511396,Reject,1.6554074846060935,Reject,Reject,1.5629077598794754
0.360271565019467,0.7818376469465086,0.44642431928833454,0.36942126155354454,0.5784947747175528,Reject,"Gender, Age, ProgVar",1.7639464935433895,0.44642431928833454,0.3443092498426456,0.5551818089291758,Reject,1.8744641318785165,Reject,Reject,1.2341098185952406
0.48932228630661606,0.7653642311788706,0.5948580803892877,0.4975438209572235,0.7158936299988736,Reject,"Gender, Age, ProgVar",1.9096957015023182,0.5948580803892877,0.4803655863646693,0.7021336107164458,Reject,1.7453629452046138,Reject,Reject,1.4985885734268536
0.43531082364916585,0.6779740451415954,0.6458709441412633,0.5366683075530566,0.7722620417147503,Reject,"Gender, Age, ProgVar",1.8195311390551685,0.6458709441412633,0.5260853910045413,0.7606442588308382,Reject,1.796114449052899,Reject,Reject,1.8882238878930275
0.2588624665481822,0.644227424752917,0.5902188192580794,0.510001293026657,0.674543214986033,Reject,"Gender, Age, ProgVar",1.7055036520253748,0.5902188192580794,0.5020112221706019,0.6781421324643938,Reject,1.723632031929135,Reject,Reject,1.9922695045844645
0.4475227464372025,0.7578435402503777,0.511024269379359,0.4098668780907429,0.607885783467241,Reject,"Gender, Age, ProgVar",1.6872846566713573,0.511024269379359,0.4151913515529066,0.6120179144019822,Reject,1.5874308492182874,Reject,Reject,1.6574101530974672
0.4509318892199039,0.7385301725162984,0.5899413695519248,0.4905935288955241,0.7133332248781897,Reject,"Gender, Age, ProgVar",1.9830698032579184,0.5899413695519248,0.4818567676342569,0.7090911312778074,Reject,1.8571178232739856,Reject,Reject,1.7551626020054645
0.40169764498659066,0.7100204100501794,0.598445870461328,0.5085506492424258,0.7039094222530773,Reject,"Gender, Age, ProgVar",1.7714109607066175,0.598445870461328,0.501911298107467,0.6985896454714933,Reject,1.839959640820193,Reject,Reject,1.6202887778497845
0.36957801432987547,0.75805870711295,0.4993382950659996,0.3901895940493817,0.6223996941286454,Reject,"Gender, Age, ProgVar",1.6180807195482705,0.4993382950659996,0.38512958575776157,0.6101804653688045,Reject,1.5933849514248444,Reject,Reject,1.5139505752122564
0.5406878114155836,0.73188350321822,0.4665331363271946,0.34357137218685063,0.5728573297733446,Reject,"Gender, Age, ProgVar",1.983676074133061,0.4665331363271946,0.35231057435283486,0.5855226093048608,Reject,1.881539292297196,Reject,Reject,1.7040943465395861
0.34237548558809755,0.7249914454085282,0.6246182118161526,0.5363308572415503,0.7632380323131512,Reject,"Gender, Age, ProgVar",1.7550363189069826,0.6246182118161526,0.5105524482892098,0.7380538259679547,Reject,1.7042999210459668,Reject,Reject,1.7612049939563355
0.3906293967129873,0.7492968803696207,0.5402611308860688,0.4525688404174511,0.6456037331096491,Reject,"Gender, Age, ProgVar",1.522929775399637,0.5402611308860688,0.4475068375614661,0.6386756668274957,Reject,1.5822078141693263,Reject,Reject,1.5143744713393368
0.2874003732539958,0.7035896403673364,0.523261554283181,0.4420927887846811,0.6691480530186003,Reject,"Gender, Age, ProgVar",1.6013671233024098,0.523261554283181,0.3994848069882828,0.6354127657244852,Reject,1.6415288460020516,Reject,Reject,1.3965519925840346
0.4173258861638659,0.7114575074804242,0.6140692652893187,0.4842766731052079,0.734920219021034,Reject,"Gender, Age, ProgVar",2.231108447878825,0.6140692652893187,0.4879345625037513,0.7386869825864344,Reject,2.0958467754030625,Reject,Reject,1.5646053447055248
0.48909278306793585,0.7881375189285573,0.48571447271164003,0.37439456432379237,0.5966509597562489,Reject,"Gender, Age, ProgVar",1.447709874270369,0.48571447271164003,0.3806298961302225,0.5964708543362063,Reject,1.527751502072679,Reject,Reject,1.4023111357554168
0.1643684741866811,0.6587685166373245,0.6851039309540832,0.5896754906492678,0.8224039826384336,Reject,"Gender, Age, ProgVar",1.9646554429585315,0.6851039309540832,0.5641151619718867,0.8041503915339745,Reject,1.8517276359748633,Reject,Reject,1.9083992056905008
0.28444927197017683,0.7298440754003487,0.5998983582121832,0.48428300680711217,0.7067645151216656,Reject,"Gender, Age, ProgVar",1.7285895420025321,0.5998983582121832,0.4875882055150972,0.7186852099655483,Reject,1.7687402329181656,Reject,Reject,1.4661982004658538
0.2569313785427063,0.6842330692792344,0.6059545313223722,0.4999734664900593,0.7158718012542062,Reject,"Gender, Age, ProgVar",1.9029970501185158,0.6059545313223722,0.5030819538604403,0.706909898596902,Reject,1.8555747299604146,Reject,Reject,1.7890355705340322
0.4460046272068694,0.6941609008327428,0.5772245210860157,0.4760944961479532,0.6528689124896812,Reject,"Gender, Age, ProgVar",1.850014116574977,0.5772245210860157,0.4878601777054639,0.6641149464007093,Reject,1.7331264778143185,Reject,Reject,1.6707044012716321
0.3865891655685574,0.7419962176678456,0.5241301883576912,0.4359218459445492,0.6598992644779542,Reject,"Gender, Age, ProgVar",1.5218147327402503,0.5241301883576912,0.4105049625712439,0.6321620283467543,Reject,1.7816048521111707,Reject,Reject,1.233517296393001
0.5137455833379208,0.7140693282621948,0.5092251118036681,0.41136108099487484,0.625531698138813,Reject,"Gender, Age, ProgVar",1.9162753036294913,0.5092251118036681,0.39877434544331447,0.6169166168319122,Reject,1.7838725241317972,Reject,Reject,1.3879817812435544
0.4050163573041558,0.6634490397445938,0.5984525656816637,0.4720030664523315,0.6934746530133794,Reject,"Gender, Age, ProgVar",1.7630748556970346,0.5984525656816637,0.49119682479526927,0.7092314519844868,Reject,1.777379996937985,Reject,Reject,1.675895789534256
0.5647561245948318,0.7262052892984266,0.4780346330289213,0.39383453047590067,0.5848726866286963,Reject,"Gender, Age, ProgVar",1.7897772707553938,0.4780346330289213,0.3837303958026494,0.5748260939575611,Reject,1.7928432365518945,Reject,Reject,1.9394379407593039
0.3568794975713019,0.7022918892000605,0.5872631148626182,0.47019015199761627,0.694414628695337,Reject,"Gender, Age, ProgVar",1.7073932751073702,0.5872631148626182,0.4720072290872947,0.6988723913444623,Reject,1.6797563092998602,Reject,Reject,1.5824040804998891
0.3797202063070363,0.773190778745229,0.4508511609456864,0.3611770816304566,0.5637971794061412,Reject,"Gender, Age, ProgVar",1.5611552418711625,0.4508511609456864,0.3501832775806307,0.5529744274480751,Reject,1.7151623307066128,Reject,Reject,1.2707231510497192
0.42002450936423963,0.750117435945865,0.5909630816073946,0.5023873965668992,0.7337769431223945,Reject,"Gender, Age, ProgVar",1.7187162764969188,0.5909630816073946,0.4775889336506517,0.696842885203205,Reject,1.8127723091390342,Reject,Reject,1.4979853509831436
0.34100822595947256,0.757652679123659,0.5406369105073877,0.43146290127145137,0.6768711553356067,Reject,"Gender, Age, ProgVar",1.7144757137471118,0.5406369105073877,0.4143533589645463,0.6624227717158627,Reject,1.7925134730463101,Reject,Reject,1.224619255988212
0.2952811262478038,0.69035979258225,0.5728387688474385,0.4828361690642033,0.672464533544635,Reject,"Gender, Age, ProgVar",1.668244192969364,0.5728387688474385,0.47448195970413054,0.6646196691837152,Reject,1.741547602057618,Reject,Reject,1.738102901818355
0.5073948940583255,0.724757076205028,0.5174417842896258,0.41062296474359944,0.6441601515210209,Reject,"Gender, Age, ProgVar",1.8714927102615024,0.5174417842896258,0.4091713818207552,0.6290431253231612,Reject,1.7272376446799351,Reject,Reject,1.7395927724751508
0.3909419833016114,0.6981614362928386,0.5945251147588546,0.4948608605544244,0.7387026574626702,Reject,"Gender, Age, ProgVar",1.5119354466702075,0.5945251147588546,0.4773584495196415,0.7101388734017714,Reject,1.5918094068963193,Reject,Reject,1.5446058822404116
0.26920373956432114,0.7013262988740694,0.5676358217807218,0.4823526913040418,0.7085026862965906,Reject,"Gender, Age, ProgVar",1.9326191918023372,0.5676358217807218,0.4539021156794108,0.6884745471888241,Reject,1.869685431723961,Reject,Reject,1.892276350317462
0.1777283187061613,0.6838730406316761,0.5674003706977107,0.49615307890006743,0.7383694889263869,Reject,"Gender, Age, ProgVar",1.8519694798961754,0.5674003706977107,0.4486846169013388,0.6961053139559961,Reject,1.6463110203933669,Reject,Reject,1.8710552692089588
0.4033913330059897,0.7125351790866294,0.5433044612874826,0.44721247962447763,0.6512019257315527,Reject,"Gender, Age, ProgVar",2.0209827593526994,0.5433044612874826,0.441430495255335,0.6472103468862932,Reject,1.77619254884952,Reject,Reject,1.9226352332197225
0.32081806696775994,0.6519271279541735,0.5672043718564154,0.47039815661506024,0.672258686536799,Reject,"Gender, Age, ProgVar",1.6570030702634446,0.5672043718564154,0.46566689477250506,0.6748183217576472,Reject,1.6881515380722383,Reject,Reject,1.7491120103605908
0.21629994727873,0.7424704441170851,0.5909870739554909,0.5259217501917194,0.7442314994146645,Reject,"Gender, Age, ProgVar",1.8426502965109541,0.5909870739554909,0.4885565127859469,0.7105552671567178,Reject,1.7381182287753163,Reject,Reject,1.593324068735436
0.627271711221558,0.7689338684984937,0.45353655571374324,0.38863928891154736,0.5674342162300223,Reject,"Gender, Age, ProgVar",2.002212989938909,0.45353655571374324,0.35084760023321737,0.5462790616339127,Reject,1.739929250841979,Reject,Reject,1.6737216326778537
0.4399623959551257,0.7618276605071695,0.5930578465385871,0.4394900491451177,0.6981259055982824,Reject,"Gender, Age, ProgVar",1.6827931138782415,0.5930578465385871,0.4654535177859463,0.722061330483174,Reject,1.7844147620374442,Reject,Reject,1.098978225670118
0.29117809973567366,0.7221939693461421,0.6021781819877158,0.5111602213933905,0.715046996304156,Reject,"Gender, Age, ProgVar",1.813901319193382,0.6021781819877158,0.4934462044598319,0.7049428043784779,Reject,1.8286639037441879,Reject,Reject,1.5448181755813435
0.2854106121072369,0.6506807360253619,0.6122518112893889,0.5108453846953922,0.7086773354554065,Reject,"Gender, Age, ProgVar",1.9614724598282087,0.6122518112893889,0.5160981006806599,0.7124144294309842,Reject,1.9183867466315498,Reject,Reject,1.925310671311473
0.3674527775834367,0.7379497647968938,0.53594002674486,0.42939135400732237,0.6473789334081591,Reject,"Gender, Age, ProgVar, X2",1.8121759305844791,0.53594002674486,0.4284848836899593,0.6418689735609904,Reject,1.7797644605485567,Reject,Reject,1.492362580362744
0.45172606960038797,0.7635332234771139,0.5147417208815647,0.35517037678570906,0.6099202673984622,Reject,"Gender, Age, ProgVar",1.5372116296991236,0.5147417208815647,0.39605532009910094,0.640069788699659,Reject,1.6922813858676082,Reject,Reject,1.4473299765565832
0.38886187210789835,0.7219417155209474,0.5604770682865116,0.46024894103438396,0.6780672634060176,Reject,"Gender, Age, ProgVar",2.105244029002814,0.5604770682865116,0.45265807148190906,0.6678680434908969,Reject,1.8949872991749461,Reject,Reject,1.9755204933731678
0.23029634793146372,0.6700942277811965,0.6474321589890638,0.5127180697474477,0.7773578436564245,Reject,"Gender, Age, ProgVar",1.7219259254180985,0.6474321589890638,0.5173329750698669,0.7732289943253282,Reject,1.71795000142691,Reject,Reject,1.5907478184315282
0.287780562446901,0.7119001038938555,0.54808706462566,0.43641769892578813,0.6680434961239252,Reject,"Gender, Age, ProgVar",1.733829080449296,0.54808706462566,0.4342811956604701,0.6580501883530211,Reject,1.6619234306793762,Reject,Reject,1.4760935451729005
0.47052969693225916,0.8076169815612312,0.4896212622398538,0.37646859408066913,0.6449383312225697,Reject,"Gender, Age, ProgVar",1.7639347023814091,0.4896212622398538,0.357492601367165,0.630626902740787,Reject,1.569778162142684,Reject,Reject,1.3389217390800545
0.40130294901507435,0.7216160772143365,0.5003253924358315,0.40302303944391904,0.6104877689827137,Reject,"Gender, Age, ProgVar",1.7351693876244618,0.5003253924358315,0.39890783674191205,0.6120232193701816,Reject,1.6903554640186795,Reject,Reject,1.5771784582110706
0.43647486958922815,0.6756942066851228,0.5722805554823784,0.472584247651354,0.6865350720512782,Reject,"Gender, Age, ProgVar",1.946460056107164,0.5722805554823784,0.46471613782117716,0.6797729961670017,Reject,1.8492277206236472,Reject,Reject,1.591324711303539
0.23537823184068168,0.6549504711067523,0.546034656427728,0.4746810059717973,0.6924068045535361,Reject,"Gender, Age, ProgVar",1.3978849006564298,0.546034656427728,0.4308377991713002,0.6531593475904973,Reject,1.6446483969292995,Reject,Reject,1.158462279966289
0.7210532589088832,0.7286068745438452,0.45641378797746857,0.36306072023593994,0.5663088821802689,Reject,"Gender, Age, ProgVar",2.0869499378292864,0.45641378797746857,0.3623750605491687,0.5613017802011713,Reject,1.8824038442380637,Reject,Reject,1.878451651829893
0.49515043634133116,0.7496761410128788,0.5453803644214874,0.45465855533896415,0.6566242715864817,Reject,"Gender, Age, ProgVar",1.8767014419604338,0.5453803644214874,0.43813361993131694,0.6455291501259953,Reject,1.8638201563106727,Reject,Reject,1.257366551270601
0.37293331771842525,0.7108481913347648,0.5737441667933618,0.4864340438173575,0.7056259769835073,Reject,"Gender, Age, ProgVar",2.1260664269222427,0.5737441667933618,0.46677269686725514,0.6824590872987752,Reject,1.9099901436810383,Reject,Reject,2.073005243195142
0.5470858578677983,0.7481133210105205,0.44772260614399023,0.3497174650006644,0.5423379297523749,Reject,"Gender, Age, ProgVar",1.8768333671153306,0.44772260614399023,0.3545610454294169,0.542482640210309,Reject,1.8303237324473127,Reject,Reject,1.4439944288388595
0.35196473330044553,0.7877520525819739,0.4681673108929687,0.35995763607988635,0.5672136677480707,Reject,"Gender, Age, ProgVar",1.726186420838491,0.4681673108929687,0.3669170169234282,0.5738933719454459,Reject,1.8484309423417664,Reject,Reject,1.5919152211405363
0.25782273490120516,0.7148214365447423,0.543662307637364,0.472243239177593,0.6831973705670394,Reject,"Gender, Age, ProgVar",1.5202323866342027,0.543662307637364,0.4385285615413225,0.6487764492561214,Reject,1.668618605994025,Reject,Accept,0.8827714644857032
0.34533192452447786,0.6886765492529695,0.5915003037082425,0.49837786197298833,0.6804966265013345,Reject,"Gender, Age, ProgVar",1.890412861101341,0.5915003037082425,0.49779803761760066,0.681676171367831,Reject,1.8244674944672588,Reject,Reject,1.8399919327308307
0.45452405824611497,0.7737592822524734,0.5157295228695936,0.39071127644205356,0.6447764993253935,Reject,"Gender, Age, ProgVar",1.967069671475233,0.5157295228695936,0.40123356589758363,0.6470902752144183,Reject,1.8022350691969766,Reject,Reject,1.2223540692060941
0.34776460048222096,0.6963715317733415,0.5793875321094327,0.4838354556146821,0.7022698777836429,Reject,"Gender, Age, ProgVar",2.0766089399441885,0.5793875321094327,0.46624189190789544,0.6853190960670749,Reject,1.9920016255433837,Reject,Reject,1.7368321093147845
0.3458372670698293,0.7663187115277997,0.5513200775264508,0.4386378308824818,0.6759990617762752,Reject,"Gender, Age, ProgVar",1.4495801929877539,0.5513200775264508,0.43221231591787246,0.6686244388087155,Reject,1.538275952039041,Reject,Reject,1.2736132633252109
0.261018332384895,0.7475009132610727,0.5317189723511718,0.41994275885460747,0.6382871395351823,Reject,"Gender, Age, ProgVar",1.5849839066569527,0.5317189723511718,0.4286854597847031,0.6444044464612955,Reject,1.6396236694336053,Reject,Reject,1.4785683429574352
0.4680407433620776,0.6854723191165459,0.48821962173243383,0.3846990908749275,0.6038607041041708,Reject,"Gender, Age, ProgVar",2.0311312279152918,0.48821962173243383,0.37819848652468474,0.6038697146655763,Reject,1.8577552851431458,Reject,Reject,1.611167215741498
0.17966510007819939,0.7202210602367867,0.649065648607851,0.5515667885807302,0.7603474751789482,Reject,"Gender, Age, ProgVar",1.6309731810682606,0.649065648607851,0.5416707361671681,0.754070042278243,Reject,1.7515279879178667,Reject,Reject,1.492548209066761
0.17721775229959372,0.7073808978562736,0.5969150616808827,0.5288737603057487,0.7386655869048709,Reject,"Gender, Age, ProgVar",2.022475021182387,0.5969150616808827,0.4917540101105773,0.7048460479454257,Reject,1.7685206256217243,Reject,Reject,1.7550985210747747
0.32306384950790734,0.6483746075382741,0.6034521720898529,0.4935926600693085,0.7254626931977535,Reject,"Gender, Age, ProgVar",1.755172611397225,0.6034521720898529,0.49242851816799554,0.7171757375669101,Reject,1.779192859126517,Reject,Reject,1.6307810479679161
0.5261167388390463,0.7331961801069853,0.48073497641620805,0.35975784512171183,0.5765532571353067,Reject,"Gender, Age, ProgVar",1.6811507610727876,0.48073497641620805,0.37298596753614227,0.5903708660725624,Reject,1.613883227156058,Reject,Reject,1.4584002171540893
0.4741717847172936,0.7596863494051368,0.5023890914666976,0.40553772218424644,0.6205537408481017,Reject,"Gender, Age, ProgVar",2.074675780463983,0.5023890914666976,0.39559168794739863,0.6046809543316323,Reject,1.7722737244388795,Reject,Reject,1.4903316890470357
0.5510029326068014,0.8099197190971076,0.4961728055234909,0.4025824640266206,0.615664392911976,Reject,"Gender, Age, ProgVar",1.4939449732054926,0.4961728055234909,0.3942100453319565,0.6056851316399269,Reject,1.5617481249004468,Reject,Reject,1.4008575739770066
0.37284701861437375,0.7111787680825815,0.57888519743088,0.4712329470775311,0.6865357486110887,Reject,"Gender, Age, ProgVar",1.7502405587977505,0.57888519743088,0.47193775170379565,0.690714571346454,Reject,1.8103235153662354,Reject,Reject,1.685188292412818
0.37735125181233137,0.7351248995760147,0.47622674023888056,0.3654086188572896,0.5934457993588187,Reject,"Gender, Age, ProgVar",1.56356018417942,0.47622674023888056,0.3693438129923793,0.5876649902339922,Reject,1.6445921401356833,Reject,Reject,1.4872121465484918
0.3576170751742491,0.6821604413073329,0.5383600386493156,0.44699852772337584,0.6556918905017461,Reject,"Gender, Age, ProgVar",1.7796688590490906,0.5383600386493156,0.4350786860510556,0.643058287763875,Reject,1.6022905421786575,Reject,Reject,1.484539592491105
0.5960862114769818,0.7395334477262742,0.48831902043516573,0.3887540676993845,0.591521844533227,Reject,"Gender, Age, ProgVar",2.0773645867199857,0.48831902043516573,0.39113404009808994,0.5914917917791024,Reject,1.891047134946543,Reject,Reject,1.5517479074870724
0.4354627035415764,0.7092712314188727,0.5407830468222379,0.42771092771689984,0.6434837051752462,Reject,"Gender, Age, ProgVar, X2",1.7422425313230028,0.5407830468222379,0.4300158842961727,0.6441170727027432,Reject,1.8187237497651383,Reject,Reject,1.5742733501221666
0.5055527855821486,0.7432543950060485,0.5336835937105153,0.45592636359229566,0.6724174432089035,Reject,"Gender, Age, ProgVar",1.5086421051309202,0.5336835937105153,0.4340027003998703,0.6430645328280482,Reject,1.701471598279376,Reject,Reject,1.4690402267343727
0.24611524640840124,0.7318143146597696,0.5104756083282661,0.42230765831928385,0.6223237195447497,Reject,"Gender, Age, ProgVar",1.4883312516237133,0.5104756083282661,0.4174848871548306,0.6134608704268328,Reject,1.4976288987931903,Reject,Reject,1.5641744794460013
0.44346939917074246,0.7430082070475194,0.44896987441270025,0.3647623121755407,0.5527145255477538,Reject,"Gender, Age, ProgVar, X2",1.885548472192606,0.44896987441270025,0.3567758418820607,0.5467125014340675,Reject,1.699390560822367,Reject,Reject,1.8872705885367838
0.5158832210847443,0.7806024397629246,0.5113973927843898,0.42823500974002715,0.6370894019155479,Reject,"Gender, Age, ProgVar",1.6601863179611305,0.5113973927843898,0.415358504688214,0.6221256808227031,Reject,1.589414880888423,Reject,Reject,1.5369172285263946
0.4746215811118074,0.7566949018852308,0.5544604665269771,0.46109192244669894,0.7025259340620904,Reject,"Gender, Age, ProgVar",1.6451855382907539,0.5544604665269771,0.4349714938710153,0.6804077191110024,Reject,1.710582285507114,Reject,Reject,1.289800213653905
0.3219366762107482,0.6956011836544019,0.6281187649527814,0.5218969859682324,0.7246957149382958,Reject,"Gender, Age, ProgVar",1.9181430801883708,0.6281187649527814,0.5286046065996622,0.7292182011378407,Reject,1.920805007350749,Reject,Reject,1.9866909541391788
0.42641496383564753,0.6426704288709233,0.6126483385532686,0.5144436636567751,0.7191130361931277,Reject,"Gender, Age, ProgVar",2.0951599074552245,0.6126483385532686,0.5100900493633486,0.7199661579234324,Reject,1.8619903178392332,Reject,Reject,2.198159971517349
0.46257524387819343,0.7548440215063897,0.49749196673056234,0.3807250247291958,0.6085679465972986,Reject,"Gender, Age, ProgVar",1.500067263115562,0.49749196673056234,0.3822077187878089,0.6078385060749026,Reject,1.4953536966892835,Reject,Reject,1.4387422499209557
0.4675256358461041,0.7275812393173046,0.6096556103907398,0.5079345145603594,0.7286734318415031,Reject,"Gender, Age, ProgVar",1.7540521997928225,0.6096556103907398,0.5061425462482038,0.7274616210180761,Reject,1.7543224067666126,Reject,Reject,1.5184998844825297
0.5272642498526916,0.7438652712118139,0.5419659603457115,0.4398052565705533,0.6475090058943,Reject,"Gender, Age, ProgVar",1.6775132402676585,0.5419659603457115,0.4368405380093163,0.6489390376817017,Reject,1.6475842031947388,Reject,Reject,1.6794259064781196
0.29072243605727804,0.6830943818220744,0.4898395055246848,0.40562324011178574,0.6381159144798829,Reject,"Gender, Age, ProgVar",1.6583772024455925,0.4898395055246848,0.3838681408639065,0.6098323323261704,Reject,1.4755133406763168,Reject,Reject,1.8277198103971153
0.3264785835636544,0.7752286079893681,0.4917268876939033,0.38062984945199313,0.6010629294743609,Reject,"Gender, Age, ProgVar",1.65962960821505,0.4917268876939033,0.37802016248217385,0.6022219540445692,Reject,1.5675847551682318,Reject,Reject,1.423491717692374
0.48715028562175017,0.7114056421428105,0.5268359058949331,0.4336568576021049,0.6281496068321523,Reject,"Gender, Age, ProgVar",1.7778557562437785,0.5268359058949331,0.42960529236493394,0.6282166121130325,Reject,1.8001158375097057,Reject,Reject,1.630615610956306
0.34826200953784453,0.5843563810039457,0.6485710604507513,0.5619150971835583,0.7381061299594346,Reject,"Gender, Age, ProgVar",1.8505612152866453,0.6485710604507513,0.564576036124842,0.7415220059976783,Reject,1.9584109725224519,Reject,Reject,1.9699786340911094
0.24743730884833803,0.7280233840598284,0.6112399042229334,0.5178275548314136,0.7337670254235649,Reject,"Gender, Age, ProgVar",1.5434492703156268,0.6112399042229334,0.49227784945963343,0.7218707517600271,Reject,1.6515703845698735,Reject,Reject,1.4866341870318873
0.427628111596941,0.7000538926795571,0.49946512906782287,0.4090446580380453,0.6191171602296809,Reject,"Gender, Age, ProgVar",1.7808227925456006,0.49946512906782287,0.40053324514872024,0.6040510295445009,Reject,1.7396137826100448,Reject,Reject,1.7737443848404513
0.399127117569625,0.7443936948553096,0.4571944311954162,0.3721821416597579,0.5527941207588036,Reject,"Gender, Age, ProgVar",1.3767928503739555,0.4571944311954162,0.3608851633653136,0.5471078589702479,Reject,1.5699643918281103,Reject,Reject,1.5953097042705995
0.3032100520675396,0.7207506902931585,0.49993068997066664,0.45716874752389935,0.6448361825488284,Reject,"Gender, Age, ProgVar",1.5373066724781845,0.49993068997066664,0.40630072274852613,0.6014068460462701,Reject,1.7846867034633462,Reject,Accept,1.0118872868129316
0.2953700301488325,0.72662941105086,0.5576710711356873,0.4651745705979529,0.6768681007943882,Reject,"Gender, Age, ProgVar",1.2320144899091408,0.5576710711356873,0.4486646596209013,0.6649276561029807,Reject,1.4080547189855672,Reject,Reject,1.7206872151797197
0.39287863047478416,0.7552892168524419,0.5511481226198706,0.44715387768842146,0.6808063082856803,Reject,"Gender, Age, ProgVar",1.877410648979688,0.5511481226198706,0.4259532185122994,0.6670916013705668,Reject,1.7809784029997946,Reject,Reject,1.575331101061723
0.3176547547908505,0.7547940203163683,0.5901533622828121,0.4520431955936414,0.700433225752598,Reject,"Gender, Age, ProgVar",1.88498599537177,0.5901533622828121,0.4655823627473466,0.7153887010741441,Reject,1.7889003812463233,Reject,Reject,1.1278106986067804
0.2600121866261607,0.6596482067565212,0.5609230281590827,0.49327229566239456,0.7073390107761153,Reject,"Gender, Age, ProgVar",1.6281823201911325,0.5609230281590827,0.46399900182729203,0.6620664863862207,Reject,1.7057412308510431,Reject,Reject,1.8154588391534132
0.2971257660112885,0.7379876646502624,0.5261471437999999,0.4866615111363589,0.6950766426105416,Reject,"Gender, Age, ProgVar",1.9774389304883484,0.5261471437999999,0.4229660783864928,0.6323441615127671,Reject,1.6874962559730597,Reject,Reject,1.9887218808224785
0.2323066911982359,0.672984082805686,0.5595495569713824,0.46236481900694865,0.6741171658598097,Reject,"Gender, Age, ProgVar",1.647119152823248,0.5595495569713824,0.44728195503919577,0.6736092389137859,Reject,1.656453518715824,Reject,Reject,1.6041741078233733
0.48926573685336155,0.6829611715909766,0.5213105283353487,0.4411448371370982,0.6448141859432805,Reject,"Gender, Age, ProgVar",1.4736157343177552,0.5213105283353487,0.41853473039563954,0.6299085220232831,Reject,1.632944336224792,Reject,Reject,1.7220694005663046
0.4007975371126284,0.8042105000268562,0.4801038142776697,0.3699856046202032,0.6164077826078923,Reject,"Gender, Age, ProgVar",1.5714385675238838,0.4801038142776697,0.3633118624426118,0.5987687280979231,Reject,1.524738167975312,Reject,Reject,1.3241738960550586
0.32824276085608556,0.7074513271990985,0.5547929116772161,0.44241427074978956,0.6929152495874167,Reject,"Gender, Age, Outcome_BL, ProgVar",1.8847567580504776,0.5547929116772161,0.4341651535594855,0.6842561232799276,Reject,1.8786523074071366,Reject,Reject,1.362787363558051
0.6361311563566169,0.6764870363046933,0.43950331137736726,0.355632987681734,0.5899292692244609,Reject,"Gender, Age, ProgVar",2.3188260077964373,0.43950331137736726,0.3208478916139281,0.5586602629628434,Reject,1.9388628918884026,Reject,Reject,1.660418474426095
0.19648405108239933,0.7087769973634405,0.6547933249407037,0.5662343122198248,0.7963273527351512,Reject,"Gender, Age, ProgVar",1.8657137504783057,0.6547933249407037,0.5350956970012253,0.7712148769723486,Reject,1.9248441829707192,Reject,Reject,1.5396716012938596
0.4620733838868318,0.6420775746177274,0.5414375590785498,0.4635664594002086,0.6614302761544449,Reject,"Gender, Age, ProgVar",1.8917733699343435,0.5414375590785498,0.4410730644030443,0.6425282898847954,Reject,1.7206283286838344,Reject,Reject,2.0099932553073083
0.35697097646039094,0.6970484290269026,0.5473905568300974,0.45090492330463317,0.6740214476992177,Reject,"Gender, Age, ProgVar",1.7134240643639749,0.5473905568300974,0.42691512200255666,0.6549829415151982,Reject,1.5804262580277595,Reject,Reject,1.803350932773837
0.5814820604780099,0.6649583322994852,0.5423135958421088,0.43949944542343894,0.6329230246795781,Reject,"Gender, Age, ProgVar",2.010657934448063,0.5423135958421088,0.44529289915448306,0.6408881074512264,Reject,2.064867962119675,Reject,Reject,1.756942229829335
0.437258248676734,0.7026324102541768,0.5292378414000658,0.4262798008287233,0.6498963940433596,Reject,"Gender, Age, ProgVar",1.6694757806195961,0.5292378414000658,0.4137349672615511,0.6411016556799817,Reject,1.6747588810061316,Reject,Reject,1.1380393517648753
0.28657760626706086,0.6783540988791914,0.591617769852327,0.515540776428642,0.7138624424575134,Reject,"Gender, Age, ProgVar",1.6788036366170758,0.591617769852327,0.49761475890751705,0.6982632809637029,Reject,1.5174128313682638,Reject,Reject,1.8930276537508783
0.41791057102077656,0.7924668313985109,0.5660018837629955,0.43891139817991576,0.6944174345421341,Reject,"Gender, Age, ProgVar",1.6546795501638598,0.5660018837629955,0.4430089740404207,0.6989201908607572,Reject,1.719026587089146,Reject,Reject,1.2995969050975815
0.3637362706576277,0.6972275085493254,0.506980803956017,0.41237241919228057,0.6246151729910198,Reject,"Gender, Age, ProgVar",1.6311139233151257,0.506980803956017,0.3999268699377055,0.6145906688820154,Reject,1.7166692886369668,Reject,Reject,1.725388158627351
0.4029829607410167,0.7505726172491951,0.4152316317671224,0.3262561246271891,0.5540506623186765,Reject,"Gender, Age, ProgVar",1.5208273416785922,0.4152316317671224,0.3030545508529234,0.5260193543982449,Reject,1.5492438729375095,Reject,Reject,1.721342005206398
0.3108631237868402,0.6463778718942661,0.5932086988768632,0.49862261683710885,0.7030479858020585,Reject,"Gender, Age, ProgVar",1.8281573733506304,0.5932086988768632,0.4966963360393997,0.6994349208974004,Reject,1.708226540874602,Reject,Reject,2.0130154576795665
0.35139150967447647,0.8005560895828765,0.5930788576401324,0.4729954597594746,0.6975321636094347,Reject,"Gender, Age, ProgVar",1.6057337762214055,0.5930788576401324,0.4852323134626878,0.7127566651267645,Reject,1.6800568319700333,Reject,Reject,1.4798167547452703
0.3253838935815542,0.7422083682309771,0.5347066224738444,0.44536922344629487,0.6489022929268966,Reject,"Gender, Age, ProgVar",1.5344549362883817,0.5347066224738444,0.43000200058832383,0.6345618968515127,Reject,1.672057840006303,Reject,Reject,1.5584509395917006
0.4474366530144895,0.6837855794772025,0.5359858510004619,0.45420122192805673,0.6455450795494047,Reject,"Gender, Age, ProgVar",1.4667453765298921,0.5359858510004619,0.43468158700623977,0.6326716234198336,Reject,1.6011207400231664,Reject,Reject,1.529250345126357
0.4964623582893569,0.7713816706231227,0.45658160809641807,0.37382759912455515,0.6051779222636311,Reject,"Gender, Age, ProgVar",1.9738751770473573,0.45658160809641807,0.33584116732967106,0.5737926060788285,Reject,1.7251667895653653,Reject,Reject,1.5013990675834896
0.3420675044824428,0.7262035913325116,0.5186188012846797,0.4345213225728222,0.6382152628569072,Reject,"Gender, Age, ProgVar",1.5241723060641368,0.5186188012846797,0.4210507211723846,0.6265490820154908,Reject,1.7358942554130212,Reject,Reject,1.2484458421000921
0.26022087721440346,0.6868646412082239,0.6087878324876096,0.552331324833963,0.7564266835073055,Reject,"Gender, Age, ProgVar",2.039162938795984,0.6087878324876096,0.5040567982348715,0.711665056594955,Reject,2.024595394192245,Reject,Reject,1.7594917112320856
0.43231811690239036,0.7448901939679926,0.5015890656110291,0.3991985841029131,0.614404083408804,Reject,"Gender, Age, ProgVar",1.8059448322448384,0.5015890656110291,0.39811332193914156,0.6177001805009694,Reject,1.7012408838253035,Reject,Reject,1.7360260256520779
0.48906602055124443,0.7471290335552435,0.5753802406801668,0.4795287926229883,0.6910507766828645,Reject,"Gender, Age, ProgVar",1.7214634017318975,0.5753802406801668,0.47276101891537875,0.6865259164721685,Reject,1.8417425679070607,Reject,Reject,1.4130049635936859
0.5102754882692693,0.8297631462177839,0.41628331992886286,0.32343118118054387,0.557853451500672,Reject,"Gender, Age, ProgVar",2.0709638952837888,0.41628331992886286,0.2923223880724435,0.5301713364866093,Reject,1.8302649111795741,Reject,Reject,1.2560273470559795
0.4089905144841106,0.7291722603956985,0.45748538822256685,0.3930445615691095,0.5680246868732761,Reject,"Gender, Age, ProgVar",1.5998037608447817,0.45748538822256685,0.3696952620204376,0.5516016232301686,Reject,1.762915804252714,Reject,Reject,1.2389780314321364
0.4305617784766067,0.7316593965806368,0.5748489379114585,0.46511841274524196,0.6852242840034427,Reject,"Gender, Age, ProgVar",1.7462450150761724,0.5748489379114585,0.46669362217758964,0.6841926589768118,Reject,1.7157899752099945,Reject,Reject,1.5769034919417475
0.337789582711594,0.7039024295831894,0.60352944320369,0.5042584564041382,0.6957812444897319,Reject,"Gender, Age, ProgVar",1.6677581868290858,0.60352944320369,0.49946238809661864,0.698658295756372,Reject,1.6213139798223324,Reject,Reject,2.0788220513095808
0.40380778102087767,0.7627290456379975,0.4828023085618685,0.38050595633196205,0.5931211258740311,Reject,"Gender, Age, ProgVar",1.7223290469681967,0.4828023085618685,0.36934625859286896,0.5862729642276424,Reject,1.7435045528963267,Reject,Reject,1.5711903035957067
0.31054764750927577,0.7242524836558422,0.48699183829401216,0.41950526009032774,0.6649292789688431,Reject,"Gender, Age, ProgVar",1.8706891735193296,0.48699183829401216,0.3598084801079524,0.6115310221712794,Reject,1.5083482854669699,Reject,Reject,1.2293582341662894
0.4241212130563515,0.6957622580699254,0.5603525377546458,0.45902546736025646,0.6651876472590214,Reject,"Gender, Age, ProgVar",2.0639853623822035,0.5603525377546458,0.4542228692575797,0.6642229845232006,Reject,2.039209567833228,Reject,Reject,1.8931705837370063
0.29326369853886913,0.7053969234813358,0.46000427046084963,0.41202154649986206,0.5960520844719039,Reject,"Gender, Age, ProgVar",1.4727708226216722,0.46000427046084963,0.36326616395746697,0.5581085979883302,Reject,1.5903514191199561,Reject,Reject,1.6588698068209726
0.4460018728254831,0.719002355962395,0.4711626908185312,0.3679311257096184,0.5731567454828194,Reject,"Gender, Age, ProgVar",1.6610043408577908,0.4711626908185312,0.36994001053907577,0.5699322529324292,Reject,1.626311812564864,Reject,Reject,1.613426063508506
0.45532437183964136,0.7388162858241637,0.5257267654136389,0.4201166042414549,0.6223332736428179,Reject,"Gender, Age, ProgVar",1.6553337279364468,0.5257267654136389,0.4195416870319273,0.6278304960179315,Reject,1.649782886610357,Reject,Reject,1.4798328414103528
0.38858740229831407,0.6930246100413968,0.49747794092847264,0.4200227022220719,0.6160587703230522,Reject,"Gender, Age, ProgVar",1.7567877951673554,0.49747794092847264,0.3975882028758803,0.6013541552883174,Reject,1.6569781494939884,Reject,Reject,1.9742353348614026
0.4048911231253444,0.655627264786719,0.5768051735905465,0.4829685428677367,0.6794458232748768,Reject,"Gender, Age, ProgVar",1.8516420374883031,0.5768051735905465,0.4785968128172527,0.6795033227301662,Reject,1.8427967094246398,Reject,Reject,2.0729401950714568
0.2854193164764231,0.709742234698544,0.5541034757842723,0.4480046531468418,0.6894543351118534,Reject,"Gender, Age, ProgVar",1.6938240582922077,0.5541034757842723,0.4276436431639666,0.6712431779221196,Reject,1.6410561675821846,Reject,Reject,1.2953139874220319
0.5135105618767625,0.7846966371773232,0.4314533809259298,0.31380446674009804,0.5440161686013326,Reject,"Gender, Age, ProgVar",1.525776643037843,0.4314533809259298,0.320062449191138,0.5409950040156354,Reject,1.6166386377789908,Reject,Reject,1.1087447893623947
0.43242636288552955,0.6827357082907286,0.5850863631988121,0.46198473551498165,0.6898944635450919,Reject,"Gender, Age, ProgVar",1.8997218221406638,0.5850863631988121,0.47092016716273577,0.6972398645289363,Reject,1.7245789797270084,Reject,Reject,1.4729757354286264
0.36785568084746145,0.7389614983495558,0.44857716361141214,0.3833935583451288,0.5735220759013308,Reject,"Gender, Age, ProgVar",1.7833365140238047,0.44857716361141214,0.3485870079654261,0.544652731263419,Reject,1.543773365043611,Reject,Reject,1.8711492355859942
0.26461768400804153,0.6623829917156533,0.6193928118478121,0.5181621915297968,0.7208029657320283,Reject,"Gender, Age, ProgVar",1.919371475610305,0.6193928118478121,0.5076563982031882,0.7197837291581246,Reject,1.684441990957368,Reject,Reject,1.8498023803775692
0.18991347173444884,0.7425177498682377,0.5435412261078336,0.4456590012193237,0.6626625345929259,Reject,"Gender, Age, ProgVar",1.6188770199278022,0.5435412261078336,0.43350721647216234,0.6484782197287677,Reject,1.751826955178635,Reject,Reject,1.323602487471091
0.13920950589589962,0.6811099095423433,0.5766529697169803,0.4776353423525538,0.6716639590260556,Reject,"Gender, Age, ProgVar",1.7746995323480137,0.5766529697169803,0.48555522722045263,0.6745361529452286,Reject,1.917664111332477,Reject,Reject,1.9074428264703087
0.41298095327261797,0.6816133082608107,0.5689512520957801,0.4664567993640332,0.6666679898869377,Reject,"Gender, Age, ProgVar",1.7340115606669984,0.5689512520957801,0.46503166268388113,0.667087215007568,Reject,1.6710958243632914,Reject,Reject,1.6957423938364697
0.4598311396144326,0.7177310169474713,0.5019260556898604,0.3959999243719146,0.6186583956945194,Reject,"Gender, Age, ProgVar",1.3443781287922758,0.5019260556898604,0.39515309520898567,0.613914135409686,Reject,1.5833737829163939,Reject,Reject,1.5340544124477578
0.38628315668652624,0.7260693824827597,0.6514087652904476,0.5355063467877721,0.7656713307032634,Reject,"Gender, Age, ProgVar",2.000529734630714,0.6514087652904476,0.5299279359218326,0.7652219027843934,Reject,1.9527179475073542,Reject,Reject,1.8082400989710004
0.5191762282610435,0.7446096920772938,0.5005852525608401,0.40418308516588797,0.604545655356637,Reject,"Gender, Age, ProgVar",1.754147636170161,0.5005852525608401,0.4017160852128242,0.602936410007108,Reject,1.8881090826272895,Reject,Reject,1.753005329326592
0.42638327945163174,0.7233102172803777,0.5476796544316336,0.47240332760385534,0.6720305595833457,Reject,"Gender, Age, ProgVar",1.773702472770969,0.5476796544316336,0.4374213563053496,0.647007893424353,Reject,1.8571566895755254,Reject,Reject,1.5038250828518491
0.3289868080949464,0.6800746550462803,0.6072134551476808,0.5039276358122526,0.7228710490176148,Reject,"Gender, Age, ProgVar",1.8763795193948274,0.6072134551476808,0.4981670607650891,0.7128606137300648,Reject,1.7596362738999867,Reject,Reject,1.5784969480117648
0.3688937272312076,0.7232463523130598,0.5211819473601963,0.43041316792046497,0.6433577696499281,Reject,"Gender, Age, ProgVar",1.5932278787497531,0.5211819473601963,0.4114889458978315,0.624604060368549,Reject,1.7010738351230357,Reject,Reject,1.5209492440893304
0.24470354559903004,0.7016389123279101,0.586698987566374,0.4634520156167857,0.7021709988058142,Reject,"Gender, Age, ProgVar",1.7022226473318929,0.586698987566374,0.4639868446402819,0.7054381883887908,Reject,1.7568191971010076,Reject,Reject,1.500662954280673
0.402485414627193,0.7733884398221395,0.6149527803731636,0.49883155508425975,0.7456832262861839,Reject,"Gender, Age, ProgVar",1.698959799726678,0.6149527803731636,0.4992496383229968,0.7423024097516998,Reject,1.6998365621680944,Reject,Reject,1.1661115146740013
0.2097711019067561,0.7059592247039025,0.5124332440635839,0.4109909006248046,0.6149103162816071,Reject,"Gender, Age, ProgVar",1.7131779385948065,0.5124332440635839,0.413411111979425,0.615450382403592,Reject,1.6403474018000666,Reject,Reject,1.8313751925866641
0.44382958639729236,0.6528491526822838,0.611439758165365,0.5198669072423405,0.7223757557776055,Reject,"Gender, Age, ProgVar",2.1018690713133195,0.611439758165365,0.5039822307925643,0.7142684342281805,Reject,1.9536076358766934,Reject,Reject,1.977235062506309
0.3764513919112541,0.7887772963124502,0.47665019016110083,0.3679955250517266,0.5878141296588798,Reject,"Gender, Age, ProgVar",1.466458268596692,0.47665019016110083,0.3736437839786539,0.5915360744805064,Reject,1.5672002885240572,Reject,Reject,1.3262653613207316
0.2531325805094296,0.7136893790619804,0.6026586760479649,0.48970804489227526,0.7361109585550811,Reject,"Gender, Age, ProgVar",1.7010676742985253,0.6026586760479649,0.4789633564562774,0.72343988908364,Reject,1.716797861290095,Reject,Reject,1.3226285476746023
0.3890334391009758,0.7509116336922717,0.5768880689765022,0.4558288217220734,0.682521673234657,Reject,"Gender, Age, ProgVar",1.681260738764558,0.5768880689765022,0.46970174063695397,0.6862610145127008,Reject,1.5917469861233124,Reject,Reject,1.3143980038850953
0.43166499133222175,0.7266820527199166,0.5999084766845793,0.4979749970663767,0.7198473610696228,Reject,"Gender, Age, ProgVar",1.8127788153733169,0.5999084766845793,0.48070454907156923,0.7121398197422082,Reject,1.842466942853186,Reject,Reject,1.526057090341515
0.32217462946876374,0.7783130694574905,0.49868219260240915,0.3902217039815845,0.6061333977098513,Reject,"Gender, Age, ProgVar",1.6997239197583645,0.49868219260240915,0.39342409390614497,0.6017440919832482,Reject,1.6957375227191926,Reject,Reject,1.5696024470684875
0.20151579010311374,0.6368896905752266,0.5882657300272757,0.518148264175261,0.7374358695778879,Reject,"Gender, Age, ProgVar",1.5870858088248476,0.5882657300272757,0.47630334687331927,0.6999754093996124,Reject,1.6854726659960568,Reject,Reject,1.5917288397052973
0.3958417577352648,0.7077341934321666,0.5873594065691448,0.5032553128614514,0.703945059231318,Reject,"Gender, Age, ProgVar",1.6500063169388863,0.5873594065691448,0.48474496753188046,0.6876099706052201,Reject,1.693041935602888,Reject,Reject,1.5724981033090641
0.4160600444510107,0.7864284637090582,0.6125560667629422,0.49892684645332774,0.7592306128932869,Reject,"Gender, Age, ProgVar",2.1469362177264473,0.6125560667629422,0.4882844813916989,0.7409201688697283,Reject,1.9809033208755056,Reject,Reject,1.6487930328442448
0.4947967682221148,0.7134096382508214,0.558712992985505,0.4778809051468714,0.6875125402197353,Reject,"Gender, Age, ProgVar",1.8118266952381605,0.558712992985505,0.45063772841784433,0.6611878567183587,Reject,1.750490447645517,Reject,Reject,1.5773690965991405
0.40775174011933085,0.778176723646642,0.4735143242600015,0.38303215123429374,0.5955503529042089,Reject,"Gender, Age, ProgVar",1.6220986298143143,0.4735143242600015,0.3603424645755442,0.5802509088363926,Reject,1.5404537656581305,Reject,Reject,1.1208561268956307
0.44895911660424276,0.7675802983997408,0.5255643302710322,0.4266834134950443,0.6267074059234329,Reject,"Gender, Age, ProgVar",1.722918480388799,0.5255643302710322,0.43037960332159364,0.6232742104796237,Reject,1.65494223738326,Reject,Reject,1.8391448826199441
0.429396933684483,0.7350987362447898,0.4751189221507613,0.3813262313623454,0.6045938037548015,Reject,"Gender, Age, ProgVar",1.472364906375198,0.4751189221507613,0.360896672042033,0.5878885192669236,Reject,1.7220002844644895,Reject,Reject,1.2488591419180566
0.33043814057529547,0.7686823092286681,0.4921492006133168,0.3917661530642803,0.6081725361669724,Reject,"Gender, Age, ProgVar",1.7647679713550566,0.4921492006133168,0.3840519381066915,0.5959123226685569,Reject,1.618279138894457,Reject,Reject,1.694827893562196
0.40113394670671376,0.725489984791931,0.4635459132181535,0.3572862107779989,0.5729363758777419,Reject,"Gender, Age, ProgVar",1.592606524386169,0.4635459132181535,0.35387134271098875,0.5685916035890761,Reject,1.5542872432953758,Reject,Reject,1.4374232767551285
0.4123614911304363,0.7607501051288267,0.4791019999253838,0.3608316062869866,0.5977085564068769,Reject,"Gender, Age, ProgVar",1.4504273335018738,0.4791019999253838,0.3632880403108402,0.6008908844164108,Reject,1.5990447574839473,Reject,Reject,1.3106944904572024
0.41980393996724524,0.7650624294022579,0.4716089952947309,0.3745277036554977,0.592059499767478,Reject,"Gender, Age, ProgVar",1.6259767784084036,0.4716089952947309,0.3492249189216504,0.5757123283161948,Reject,1.75285786154994,Reject,Reject,1.1687371879282575
0.6573692933316492,0.7517541191836465,0.3365580933757476,0.23715377226256334,0.45846861478768286,Reject,"Gender, Age, ProgVar",2.0504202262132534,0.3365580933757476,0.22843980886631624,0.4525895538560631,Reject,1.8919806245411634,Reject,Reject,1.9304096981361172
0.21455578678189338,0.7305399482961931,0.5716403465837402,0.4916374744823561,0.6951390927683797,Reject,"Gender, Age, ProgVar",1.6374886094683478,0.5716403465837402,0.4609150819480096,0.6710012907282101,Reject,1.7516137845425592,Reject,Reject,1.6487405032183362
0.30947297385355843,0.7482001501269848,0.6061842181399019,0.49394470812167945,0.7519065162878521,Reject,"Gender, Age, ProgVar",1.9622574835920517,0.6061842181399019,0.4764322210327518,0.7282327985470073,Reject,1.8375366437052885,Reject,Reject,1.4466421393013194
0.3144040349047939,0.7242863566697402,0.544169312940955,0.4525258737703034,0.6564145607984345,Reject,"Gender, Age, ProgVar",1.7150176273995286,0.544169312940955,0.4401844843123981,0.6509635708793307,Reject,1.7229782997947507,Reject,Reject,1.6007805507094834
0.35153121609948135,0.721959071124366,0.5609969431657486,0.47777257118990607,0.6859122986723561,Reject,"Gender, Age, ProgVar",1.9321377909764743,0.5609969431657486,0.46150200730979096,0.6671090431399413,Reject,1.9557069935729254,Reject,Reject,1.5563354135181389
0.34308924487178405,0.6984279599266842,0.6037559861621002,0.5130776898275095,0.729422264415589,Reject,"Gender, Age, ProgVar",1.5464280938407307,0.6037559861621002,0.495419781014212,0.7144388419910176,Reject,1.6990693326620312,Reject,Reject,1.72542351056348
0.40285819026761033,0.7489578598103397,0.5575355943782516,0.4429976213497231,0.6630562901649606,Reject,"Gender, Age, ProgVar",1.6565678889944746,0.5575355943782516,0.44826834874760163,0.6641228416471529,Reject,1.7196028384588171,Reject,Reject,1.7004235370645508
0.3467628394177541,0.7793315385480672,0.44622915535026453,0.3670459023815293,0.5622038026018594,Reject,"Gender, Age, ProgVar",1.6021442225638298,0.44622915535026453,0.3514642260869523,0.5514060490030557,Reject,1.710268518742155,Reject,Accept,1.1107772335355226
0.3092766547220103,0.732604892302455,0.5393954919081967,0.4537841953158367,0.692614360882071,Reject,"Gender, Age, ProgVar",1.6711441907846134,0.5393954919081967,0.42243638375394665,0.6611991774222509,Reject,1.5962611063612568,Reject,Reject,1.757827734031123
0.38704943939101266,0.8097351312103189,0.5389875663804418,0.4373719132600287,0.6677071314873421,Reject,"Gender, Age, ProgVar",1.7831292510886365,0.5389875663804418,0.428048741304383,0.6505492420422496,Reject,1.7380141003047391,Reject,Accept,0.9624524958926315
0.33342981066742045,0.7803820158395608,0.5026579065135729,0.3873006356135225,0.6211882487876874,Reject,"Gender, Age, ProgVar",1.5812060341071594,0.5026579065135729,0.3784558783277382,0.6236790998120995,Reject,1.4906118055576265,Reject,Reject,1.4146305479470618
0.4569890112904768,0.6917155426935369,0.6002498548539347,0.48496830803459695,0.7138899174934762,Reject,"Gender, Age, ProgVar",1.6654047031483536,0.6002498548539347,0.4791041442825521,0.7160242255770758,Reject,1.7885456512941755,Reject,Reject,1.4607652742410309
0.3726022779338938,0.7246243095476684,0.49427784027660265,0.40197383209872034,0.6341029046910146,Reject,"Gender, Age, ProgVar",1.3934070969075143,0.49427784027660265,0.3778895568242577,0.6162637885034422,Reject,1.6515296220144042,Reject,Reject,1.5261594381855097
0.5082718085637752,0.7546900261452855,0.4634958951780264,0.3761076365610695,0.6135924044638037,Reject,"Gender, Age, ProgVar",2.2699871753579517,0.4634958951780264,0.3535414499191459,0.5822910500862862,Reject,1.933513949232072,Reject,Reject,2.1578000320845514
0.6390281447858149,0.7350140308941147,0.4718275965941683,0.37586912685664,0.5663417038569263,Reject,"Gender, Age, ProgVar",1.9088669257912785,0.4718275965941683,0.3690376509680612,0.5699729094344741,Reject,1.7071760139261982,Reject,Reject,1.8588847676993134
0.2507493078907118,0.6818406271288538,0.5231830202483834,0.43949953734844205,0.6302963841447629,Reject,"Gender, Age, ProgVar",1.8493998151482194,0.5231830202483834,0.4242343995887277,0.619816608260384,Reject,1.6799161361608217,Reject,Reject,2.0148392348322703
0.36135009874910806,0.6979001576645035,0.5554388993408358,0.4582779938375026,0.6690310586289747,Reject,"Gender, Age, ProgVar",1.5341011833244473,0.5554388993408358,0.4413435780978147,0.6666580134902144,Reject,1.6503861602809204,Reject,Reject,1.6083802555940905
0.2244755976637004,0.6938014006531315,0.5916753762451975,0.4968465463936319,0.729946705966037,Reject,"Gender, Age, ProgVar",1.704643135558614,0.5916753762451975,0.4758442756383494,0.7066693055392648,Reject,1.700170323889582,Reject,Reject,1.6149550685973695
0.46527894181668267,0.7710943848322268,0.47580705731023487,0.37333354701053056,0.5786589233124059,Reject,"Gender, Age, ProgVar",1.541132958843356,0.47580705731023487,0.37426144500001723,0.580012900719674,Reject,1.5988929668726686,Reject,Reject,1.3188441591895124
0.3089473105079064,0.7856175297831508,0.5357831954825135,0.4305764778989447,0.6763504291410251,Reject,"Gender, Age, ProgVar",1.3172160449614285,0.5357831954825135,0.4187880341533326,0.6542197214730908,Reject,1.41921195451639,Reject,Reject,1.2407473547318029
0.23469009710078534,0.712623195584891,0.6052382874292926,0.4922690021317861,0.7317496744881488,Reject,"Gender, Age, ProgVar",1.516871479379333,0.6052382874292926,0.487281283657819,0.7234922295996272,Reject,1.6076365427029342,Reject,Reject,1.0841380648050882
0.4710279435814193,0.7805579315702019,0.4011160010304269,0.28567544598078787,0.5135727079413758,Reject,"Gender, Age, ProgVar",1.8376496360863137,0.4011160010304269,0.27410295262567486,0.5111331036114761,Reject,1.8183419898568585,Reject,Reject,1.6009255619665905
0.2519285739301119,0.7193641568361353,0.600112293754825,0.5138268199363648,0.7512871154195688,Reject,"Gender, Age, ProgVar",1.7573165457935878,0.600112293754825,0.4826476926113919,0.720491837151389,Reject,1.6910824098090906,Reject,Accept,0.9270843231867355
0.3500977508479754,0.8004594301815494,0.4797784015539792,0.37898691917630256,0.627579573508392,Reject,"Gender, Age, ProgVar",1.7947500374498175,0.4797784015539792,0.3558268499852365,0.601281525294963,Reject,1.7947123006146908,Reject,Accept,0.31859749346839666
0.33495451994118697,0.6843764688243934,0.5849078029558665,0.4807292438109319,0.6979621872588444,Reject,"Gender, Age, ProgVar",1.9683085713072268,0.5849078029558665,0.4715523845476951,0.6917209939906913,Reject,1.9576396094803865,Reject,Reject,1.7068451087013423
0.328159245020602,0.7365035455755583,0.5093442718422508,0.41821339885947023,0.608305078262277,Reject,"Gender, Age, ProgVar",1.5981145645835673,0.5093442718422508,0.4114519709409299,0.600606996380261,Reject,1.5916413045359945,Reject,Reject,1.9138658729335658
0.36431669510630516,0.7457345755434953,0.5003921753191903,0.4031775776920244,0.6339879865995767,Reject,"Gender, Age, ProgVar",1.5505765674057823,0.5003921753191903,0.3891244918688695,0.6170828591355623,Reject,1.5064912512916657,Reject,Reject,1.445635200968863
0.3552318214570235,0.7253514353024648,0.5858717195395258,0.4622591388392565,0.702640230553153,Reject,"Gender, Age, ProgVar",1.6251618723040797,0.5858717195395258,0.46733339514146577,0.7052446139560379,Reject,1.6266772636948659,Reject,Reject,1.37379059306041
0.43570680254472915,0.7091719934349909,0.5253089719470847,0.43313218592612834,0.6326572236268057,Reject,"Gender, Age, ProgVar",1.807028054901175,0.5253089719470847,0.4192300223587085,0.6221861463057309,Reject,1.7379382427713472,Reject,Reject,1.377448673910619
0.27883424019468894,0.7301754252247342,0.5542172144547923,0.44156182249197934,0.6805609426398196,Reject,"Gender, Age, ProgVar",1.5016766694998136,0.5542172144547923,0.43693638886828806,0.6827677474474795,Reject,1.5531745420784666,Reject,Reject,1.3203010511301736
0.5329148011300568,0.7862270112484868,0.43545698208301525,0.3206223355349738,0.5763299709957183,Reject,"Gender, Age, ProgVar",1.6133339647985792,0.43545698208301525,0.3035378348510163,0.5569065948046696,Reject,1.7129334162410543,Reject,Reject,1.422719316119231
0.34384042678212273,0.7740242831356391,0.4941723152463518,0.3993391848314072,0.5839672886175031,Reject,"Gender, Age, ProgVar",1.440616293069379,0.4941723152463518,0.40207841531645044,0.5833292621929068,Reject,1.4391066506496568,Reject,Reject,1.4444244321644168
0.3502237310641145,0.7986044064348189,0.5780768025889951,0.4606479287929466,0.7025343373184046,Reject,"Gender, Age, ProgVar",1.7351949434285177,0.5780768025889951,0.4567599562413861,0.6896890605520035,Reject,1.6842371246604801,Reject,Reject,1.3561785572265892
0.3474557550611556,0.8148902366384833,0.5308944120621499,0.40249869235634217,0.6463144025630407,Reject,"Gender, Age, ProgVar",1.6092034178327912,0.5308944120621499,0.4184196480344947,0.6503407244023426,Reject,1.6420011777605616,Reject,Reject,1.182811949939208
0.5995183767484445,0.7641765087886144,0.49727684084272356,0.39886866353781136,0.6217296253884486,Reject,"Gender, Age, ProgVar",1.7268704610750678,0.49727684084272356,0.37853568086124495,0.607698962902357,Reject,1.6664183660443632,Reject,Reject,1.740402115244765
0.19760458606385622,0.7020225435808235,0.5508402072038077,0.42931334963327406,0.6582978066569944,Reject,"Gender, Age, ProgVar",1.8422176696691936,0.5508402072038077,0.4301834177675766,0.6602609281702417,Reject,1.7962299494170102,Reject,Reject,1.5179248546220931
0.14751382680169026,0.6826148350461918,0.617220660121179,0.5206942741764166,0.7205459694460954,Reject,"Gender, Age, ProgVar",1.8732635499613983,0.617220660121179,0.5204414100353778,0.7123614290939864,Reject,1.8347134905851772,Reject,Reject,1.534674087119055
0.24338723834524104,0.7191678763059277,0.5605757178715859,0.4742886959941652,0.6642510936113643,Reject,"Gender, Age, ProgVar",1.6178282684299359,0.5605757178715859,0.45846111326941175,0.6522118446196198,Reject,1.7062167813916667,Reject,Reject,1.5184544789765382
0.3890874964623444,0.7050014332757916,0.5006016411897124,0.4059698304778001,0.6001007061551807,Reject,"Gender, Age, ProgVar",1.579304159010639,0.5006016411897124,0.4005220762840172,0.5971004183312053,Reject,1.6017230796393076,Reject,Reject,1.2268905143223532
0.39651356168452795,0.7055966957453049,0.5143206110513799,0.4290367652684034,0.6267699972958091,Reject,"Gender, Age, ProgVar",1.5925870199106713,0.5143206110513799,0.4099146665801638,0.6129479591547026,Reject,1.6697509096703802,Reject,Reject,1.382917265582394
0.5643715455765134,0.7505939856356442,0.44340218269459364,0.3787078251812111,0.5974146662535129,Reject,"Gender, Age, ProgVar",1.503937870350624,0.44340218269459364,0.32603905099691194,0.5517635422242004,Reject,1.8231983488583785,Reject,Reject,1.386224166191346
0.2714713381758313,0.6962638546662293,0.6179284426179262,0.5095861092687949,0.7270576482224343,Reject,"Gender, Age, ProgVar",1.9255820268646813,0.6179284426179262,0.5038614681820656,0.7309069641329112,Reject,1.8052050674261741,Reject,Reject,1.6700260126425621
0.35987492494262635,0.7859480619406279,0.5200745186575765,0.38756412468993534,0.63704909161732,Reject,"Gender, Age, ProgVar",1.5345427015924133,0.5200745186575765,0.39702584614380104,0.6455955325226689,Reject,1.5678410009440387,Reject,Accept,0.9307537119513761
0.412793620270604,0.7246053832394073,0.5011123514518955,0.42360309888409403,0.6156746893130665,Reject,"Gender, Age, ProgVar",1.7664548124022594,0.5011123514518955,0.40803291665364116,0.5961776483640198,Reject,1.7840796534974341,Reject,Reject,1.8586447045433876
0.402219624374887,0.6881908315601498,0.5245144345269828,0.44212152106464536,0.6659010379620456,Reject,"Gender, Age, ProgVar",2.0311450315730433,0.5245144345269828,0.4156085466960184,0.6370701624203513,Reject,1.7264074158516576,Reject,Reject,1.7181270002843843
0.2266438401579864,0.6929023331742191,0.5455254698411939,0.44704846364677203,0.6444515352051764,Reject,"Gender, Age, ProgVar",1.8242621191653368,0.5455254698411939,0.4444122581651975,0.647034848176555,Reject,1.7244838435276082,Reject,Reject,1.6068191087860868
0.42217037115643774,0.7355796116326051,0.47000519759642106,0.3760758174135981,0.5701563216460261,Reject,"Gender, Age, ProgVar",1.579759564191212,0.47000519759642106,0.36838403152041405,0.5657528792894487,Reject,1.6206896642003972,Reject,Reject,1.4549761128335816
0.3815319602406317,0.6974857495070436,0.6075646187259147,0.5046249303325935,0.7073983534048872,Reject,"Gender, Age, ProgVar",1.8214837683503449,0.6075646187259147,0.5118317793329039,0.7075084107664354,Reject,1.8219662491262683,Reject,Reject,1.9146921512311836
0.45540388497944917,0.7270178034755028,0.5679968746223223,0.4555790284828052,0.6887681895002346,Reject,"Gender, Age, ProgVar",1.8483634565831202,0.5679968746223223,0.4532900372214591,0.6873966363192703,Reject,1.77067539313427,Reject,Reject,1.580939938549415
0.39447992495739415,0.7358851828756049,0.5025880715517372,0.4073052050158321,0.6276773174434266,Reject,"Gender, Age, ProgVar",1.7351252122025478,0.5025880715517372,0.3936923517912379,0.6187301279565792,Reject,1.580830164252978,Reject,Reject,1.4566106740842646
0.4683449391062536,0.7381669573535948,0.46505239581838853,0.36271700508140525,0.5757194616053265,Reject,"Gender, Age, ProgVar",1.8076042312590075,0.46505239581838853,0.3633018641084166,0.5726606779467761,Reject,1.7716640930076637,Reject,Reject,1.793521138907625
0.490289603825461,0.7721551412601083,0.550137391063913,0.4393662542869518,0.6596894717224084,Reject,"Gender, Age, ProgVar",1.821322228679991,0.550137391063913,0.43707744333832205,0.6568960684563476,Reject,1.7002658608877963,Reject,Reject,1.4530815091509215
0.454733923819502,0.7100064668410565,0.5568927569259945,0.4547290587615227,0.6620053880689967,Reject,"Gender, Age, ProgVar",1.7946283581137947,0.5568927569259945,0.4510850683397653,0.6511828680003,Reject,1.7610295468425832,Reject,Reject,1.5373903952916
0.3558930962262138,0.7595977503189337,0.570781531559102,0.4625117964952257,0.6666377183664256,Reject,"Gender, Age, ProgVar",2.072493622484446,0.570781531559102,0.4675484762274264,0.6721141689147346,Reject,1.983763418733994,Reject,Reject,1.5296123986279595
0.5128846106818498,0.7155345074862732,0.4684218403528226,0.38362629654763003,0.5881843541368471,Reject,"Gender, Age, ProgVar",1.6740453733244691,0.4684218403528226,0.3696434083013699,0.5696686413400387,Reject,1.6374286172176311,Reject,Reject,1.9572743257074114
0.34078190890702215,0.7416847288012784,0.5090097138423182,0.4051400290131487,0.6346550015221668,Reject,"Gender, Age, ProgVar",1.5477189867321288,0.5090097138423182,0.3989679533363916,0.6212562769138931,Reject,1.6518783884777266,Reject,Reject,1.41459058437342
0.37406012838454256,0.6946175661826862,0.5458708138982478,0.4299471088715701,0.6469071202100555,Reject,"Gender, Age, ProgVar",1.7608440133319245,0.5458708138982478,0.42729042631080033,0.6501549610948716,Reject,1.7729737192140962,Reject,Reject,1.520434103377566
0.441311197468801,0.7400374935431545,0.5022515788933559,0.3743211442089831,0.6203027449967723,Reject,"Gender, Age, ProgVar",1.6060744393116422,0.5022515788933559,0.37770170372474143,0.619814418588179,Reject,1.7379984356886584,Reject,Reject,1.680800658230649
0.2113542453360987,0.7783064677001008,0.5328257097788281,0.4268166270714322,0.6395661271475195,Reject,"Gender, Age, ProgVar",1.5433052139141632,0.5328257097788281,0.4200689604436661,0.6422632118392447,Reject,1.5365934905828453,Reject,Reject,1.2858472775844851
0.4057325510610635,0.7473716096311026,0.5145975186182618,0.40669112413453884,0.6225731450433524,Reject,"Gender, Age, ProgVar",1.8152333233404203,0.5145975186182618,0.4064579268486209,0.6261758922568051,Reject,1.6769530586192314,Reject,Reject,1.6061361675537158
0.5343378885186368,0.7555459716926419,0.47665743147071205,0.37634253019839614,0.5872259750579867,Reject,"Gender, Age, ProgVar",1.8825527527065447,0.47665743147071205,0.36944915570040465,0.5777794973297071,Reject,1.9166814435328206,Reject,Reject,1.1354710569735436
0.37907634576300603,0.6905120212457758,0.5532431515867559,0.46687371030310315,0.6744260284939647,Reject,"Gender, Age, ProgVar",1.6036137127779475,0.5532431515867559,0.4504934944203025,0.6588413326245901,Reject,1.7027589692370313,Reject,Reject,1.5214368045151578
0.24547482883461014,0.6709301000773839,0.6268460828304173,0.5260893954203146,0.721623311790184,Reject,"Gender, Age, ProgVar",1.879881172329329,0.6268460828304173,0.5313097049394552,0.7246592542906404,Reject,1.8692253510849912,Reject,Reject,1.9933156841749886
0.5147257912239865,0.7192986998256143,0.45364972869142367,0.37738911960999194,0.5703832205093152,Reject,"Gender, Age, ProgVar",1.5682168566843493,0.45364972869142367,0.3572994964143994,0.5472392112679817,Reject,1.6886403553198457,Reject,Reject,1.6654805762175389
0.4557671787459343,0.7856191661424544,0.5475560485558232,0.42253872979333257,0.664903253526848,Reject,"Gender, Age, ProgVar",1.5782023496059983,0.5475560485558232,0.4295016172491363,0.6650278986258986,Reject,1.6024213050677383,Reject,Reject,1.4577945770960175
0.2647247394514082,0.6606492730727316,0.7182553558247047,0.608494505185373,0.8242850316194303,Reject,"Gender, Age, ProgVar",1.806112210099758,0.7182553558247047,0.6137643569154795,0.8296987460677563,Reject,1.9246197746186178,Reject,Reject,1.7541910189344951
0.24449399752367507,0.7103056035045321,0.5654132567031237,0.452951026207571,0.6695218723566357,Reject,"Gender, Age, ProgVar",1.4683527989385874,0.5654132567031237,0.46021147798146217,0.6747519889633694,Reject,1.5485565900817482,Reject,Reject,1.7437784816432191
0.459760398516501,0.7634939998502974,0.5480451167274717,0.4395386956423487,0.6773510601687296,Reject,"Gender, Age, ProgVar",1.815686358804267,0.5480451167274717,0.4229301013706438,0.6704476518501806,Reject,1.6880007926063145,Reject,Reject,1.4663536048596668
0.2021951328001218,0.6839255743946561,0.6366116814645792,0.5231523611476305,0.7359897572400235,Reject,"Gender, Age, ProgVar",1.8630504825045235,0.6366116814645792,0.5219639313964108,0.7454325521851188,Reject,1.7469950858295866,Reject,Reject,1.5570440513067736
0.16669978300223515,0.6807089455639338,0.7221090886029884,0.6313625264870621,0.8719118332640529,Reject,"Gender, Age, ProgVar",1.7739103909508205,0.7221090886029884,0.6039227540912513,0.8383340047586303,Reject,1.8207132566812962,Reject,Reject,1.469701090287074
0.39213399695945617,0.7307786192667344,0.5741333099574432,0.45677660977333806,0.6926111392249419,Reject,"Gender, Age, ProgVar",1.7243709598610764,0.5741333099574432,0.45660922259853026,0.6926796307861116,Reject,1.7441850622002197,Reject,Reject,1.6481570009882
0.2737678433686193,0.7071282580072362,0.6365472716172684,0.5493009848182107,0.7515653687013854,Reject,"Gender, Age, ProgVar",1.571018428817526,0.6365472716172684,0.537103370383267,0.735008490641405,Reject,1.7209719361676625,Reject,Reject,1.5138976559322275
0.40491760114791486,0.7273783964517404,0.525727724433853,0.4587016955886026,0.6547984477984612,Reject,"Gender, Age, ProgVar",1.8339859202699167,0.525727724433853,0.4314546388734615,0.6302383379570564,Reject,1.6650857710350855,Reject,Reject,1.5231768611404293
0.42169822937713036,0.8019778615887946,0.5031934377070872,0.401968358152022,0.639697033232709,Reject,"Gender, Age, ProgVar",1.5714128925823463,0.5031934377070872,0.3829341908630018,0.6257916653482509,Reject,1.6339226722632991,Reject,Reject,1.153635107682722
0.28762792285940614,0.6746910968826166,0.6153697202238798,0.49971580176797686,0.7333786351184102,Reject,"Gender, Age, ProgVar",2.043601975613165,0.6153697202238798,0.4969945321573323,0.7308135443042604,Reject,1.939251861431668,Reject,Reject,1.5546469180461526
0.22064627909850293,0.7480177780248952,0.5655188605630626,0.4591729572217284,0.6841160791787595,Reject,"Gender, Age, ProgVar",1.670756514623886,0.5655188605630626,0.4579042920365923,0.6753531146377342,Reject,1.7665279085837158,Reject,Reject,1.5396035774835684
0.297116231131289,0.695146631235579,0.5818870749943841,0.4944182613098332,0.6956310401834152,Reject,"Gender, Age, ProgVar",1.5366571817192989,0.5818870749943841,0.4815433394566796,0.6851963008838641,Reject,1.6954449632646995,Reject,Reject,1.712149999435979
0.4439237661428419,0.663883751302677,0.5404651051770414,0.44669875084407873,0.6600778181592197,Reject,"Gender, Age, ProgVar",1.7471310856109212,0.5404651051770414,0.4291975406874707,0.6519958293527872,Reject,1.8922822808045998,Reject,Reject,1.8361589121099229
0.18676444402941061,0.6811101589586234,0.5899949908757419,0.4686495636730702,0.7149494960449275,Reject,"Gender, Age, ProgVar",1.7627141302604725,0.5899949908757419,0.45692278338981446,0.7111816902248228,Reject,1.7725815804041432,Reject,Reject,1.6639475946384064
0.3634849715205587,0.7107140783149666,0.615613622564009,0.5078074198763127,0.720816046393829,Reject,"Gender, Age, ProgVar",1.6983144675538417,0.615613622564009,0.5096533534672721,0.7214258643468061,Reject,1.6419970378461302,Reject,Reject,1.509575096791742
0.27026119126757764,0.6934212248838115,0.64106766832141715,0.5338911306152279,0.7378351948077427,Reject,"Gender, Age, ProgVar",1.781659643153443,0.64106766832141715,0.5337465176674191,0.7443872169217839,Reject,1.6900688527047796,Reject,Reject,1.572375536807413
0.3211809281356712,0.7247571514710172,0.5527733479445187,0.4445523841414335,0.6909013966083143,Reject,"Gender, Age, ProgVar",1.961690022251325,0.5527733479445187,0.42987870046167864,0.6783296685671243,Reject,1.8325107912167526,Reject,Reject,1.9145939737274957
0.4787325175819639,0.7143811808903494,0.5549088598471604,0.46455746992343994,0.6647436815106327,Reject,"Gender, Age, ProgVar",1.9119706057017907,0.5549088598471604,0.46055540489914154,0.6593739444070006,Reject,1.7407852415944591,Reject,Reject,1.8526113164472808
0.43413322548207883,0.785030346166348,0.5215103859667128,0.4111121692356926,0.6322801533941984,Reject,"Gender, Age, ProgVar",1.7098283792537021,0.5215103859667128,0.4063702368692405,0.6361277391595774,Reject,1.6177128341335298,Reject,Reject,1.3487884904326566
0.4557882708035974,0.733284101865847,0.568668449099648,0.4732601129686161,0.7052285519613587,Reject,"Gender, Age, ProgVar",1.754332015871777,0.568668449099648,0.45379684242556506,0.682898784476118,Reject,1.6962024050816114,Reject,Reject,1.7871923039537243
0.22612117700272713,0.7617491995451632,0.6210995906026234,0.5336709437421793,0.7376414477753761,Reject,"Gender, Age, ProgVar",1.8398151893691874,0.6210995906026234,0.5150343959163795,0.7287334500685542,Reject,1.8476125781957071,Reject,Reject,1.0757656979787824
0.4260977745796715,0.7383407061977423,0.44955801143974966,0.3812441397727696,0.6317591860743907,Reject,"Gender, Age, ProgVar",1.6703763573391612,0.44955801143974966,0.30783375866133783,0.5753034271561889,Reject,1.657012096978072,Reject,Reject,1.1360218484615976
0.33073335878666005,0.7480827579818472,0.5388130853710886,0.4295895639981142,0.6390724056785773,Reject,"Gender, Age, ProgVar",1.5259905340603028,0.5388130853710886,0.43556047347238697,0.6497102379763464,Reject,1.5293339777648396,Reject,Reject,1.5370940039970291
0.42508041078521625,0.7666242613256237,0.49267888346719185,0.3821891441323755,0.6214799939062319,Reject,"Gender, Age, ProgVar",1.7841501536151396,0.49267888346719185,0.3713319633256582,0.6027030773266835,Reject,1.628404302171829,Reject,Reject,1.5319549185575363
0.28327363598553074,0.711687889346528,0.6447575412117115,0.525320304591215,0.7684058783712211,Reject,"Gender, Age, ProgVar",1.7048725018854183,0.6447575412117115,0.516483564758658,0.7628350764331998,Reject,1.7517010161277797,Reject,Reject,1.680665289905815
0.5713374127993202,0.728166055295909,0.579360916619635,0.48293821644077484,0.6924144277696824,Reject,"Gender, Age, ProgVar",1.9392266348637306,0.579360916619635,0.4757314882000068,0.6910609701606819,Reject,1.818120619239846,Reject,Reject,1.978947266400903
0.3553416773416598,0.6934683157621295,0.596496885970394,0.5044010506700791,0.7184738896954357,Reject,"Gender, Age, ProgVar",1.86331138283444,0.596496885970394,0.4886007862725176,0.703649433232262,Reject,1.71998998742551,Reject,Reject,1.7620754251686037
0.34620243473290335,0.6665086441248185,0.505035971735803,0.4233973524541129,0.6029205713346988,Reject,"Gender, Age, ProgVar",1.7483123086105943,0.505035971735803,0.41374345452255124,0.5972423518074546,Reject,1.6037652406392204,Reject,Reject,2.3473886485876694
0.26237066809665305,0.7626601265478865,0.5558817179016295,0.4475500451901135,0.6583450726795043,Reject,"Gender, Age, ProgVar",1.4716077291556307,0.5558817179016295,0.45101391629740406,0.6627951154943117,Reject,1.5175282583398189,Reject,Reject,1.306016641915981
0.3203534505419707,0.760145281735698,0.5355246692402297,0.4477247009237505,0.6608168540324381,Reject,"Gender, Age, ProgVar",1.896893590990211,0.5355246692402297,0.42362776531370216,0.6441240880680277,Reject,1.6797921006197827,Reject,Reject,1.6808352206115613
0.3020052724937394,0.746615792022439,0.5964967791249071,0.47956406051258205,0.7020208519860677,Reject,"Gender, Age, ProgVar",1.7450724054188986,0.5964967791249071,0.4836570297563267,0.7076177914084205,Reject,1.7593241635037307,Reject,Reject,1.5352358283625078
0.5696389682441237,0.7929430275182714,0.4089620105710806,0.30344781832086387,0.5117575927194528,Reject,"Gender, Age, ProgVar",1.8083719772532034,0.4089620105710806,0.312906480142062,0.513109776672205,Reject,1.767530137798414,Reject,Accept,1.0254890812939228
0.4954550173525269,0.7783265965084363,0.4723184607141501,0.37022295418585177,0.5871033647014013,Reject,"Gender, Age, ProgVar",1.6699255765283039,0.4723184607141501,0.3695665357885664,0.5795907905994295,Reject,1.694211468081083,Reject,Reject,1.5294850891936995
0.38787234700278805,0.7676500893958936,0.5665861308312444,0.47135137786760906,0.6662567631533676,Reject,"Gender, Age, ProgVar",1.8114342578885543,0.5665861308312444,0.4733080061227756,0.6597745542627754,Reject,1.6149429021641517,Reject,Reject,1.5279146893506477
0.5652986175734429,0.7782799210788414,0.46143136939913626,0.381608271120625,0.5783199378739743,Reject,"Gender, Age, ProgVar",1.9844626892435968,0.46143136939913626,0.3598672925890232,0.5647974062061556,Reject,1.7913453474503682,Reject,Reject,1.94348724451758
0.4402374971138278,0.7313217184327766,0.5149849501968006,0.3987998809361393,0.6397066343569429,Reject,"Gender, Age, ProgVar",1.6793706798077104,0.5149849501968006,0.38855855242361725,0.6288430179367183,Reject,1.7256916596644485,Reject,Reject,1.7516772251956192
0.4499282380699323,0.7704453559933611,0.37822539655161447,0.2680307629704611,0.4951693995969992,Reject,"Gender, Age, ProgVar, X2",1.7056634756340228,0.37822539655161447,0.25887445249681273,0.4935862041307852,Reject,1.6718051754924,Reject,Reject,1.2062126710489933
0.2931208053013164,0.7440390170161657,0.5492685413618992,0.4519296191978749,0.6661165307134859,Reject,"Gender, Age, ProgVar",1.7659699843307595,0.5492685413618992,0.442804722751983,0.6555999431817868,Reject,1.742450334036854,Reject,Reject,1.7518634077962332
0.3296409947557244,0.6899703746465226,0.5549370785030134,0.4478188235540709,0.6721255510074459,Reject,"Gender, Age, ProgVar",1.803532945996497,0.5549370785030134,0.4428943271723036,0.6615027572090441,Reject,1.7447168738392849,Reject,Reject,1.1927276282504136
0.4882883675097288,0.6961980781489913,0.4778873028307443,0.40568400386362435,0.5714282203527962,Reject,"Gender, Age, ProgVar",2.0745239844596113,0.4778873028307443,0.3942127980908909,0.5625226251989113,Reject,1.9033632799860007,Reject,Reject,2.0582742367572284
0.2167710223242619,0.709840072642657,0.5843005547104684,0.4945526519314792,0.6837047456413483,Reject,"Gender, Age, ProgVar",1.699935703923653,0.5843005547104684,0.48947135232389466,0.6733039358185566,Reject,1.6338694970800114,Reject,Reject,1.6284208896115508
0.29768743111637636,0.7385860662557804,0.5749143240938563,0.4791166650406854,0.709160919977219,Reject,"Gender, Age, ProgVar",1.9991812694407634,0.5749143240938563,0.46502144774933024,0.6894733534573014,Reject,1.6929079079810125,Reject,Reject,1.7174121387471804
0.348499071222687,0.7997078223198354,0.4794620538568286,0.3988697087863655,0.590394697624179,Reject,"Gender, Age, ProgVar",1.5857929822700123,0.4794620538568286,0.38410934103802336,0.5743947383713416,Reject,1.5438288319854476,Reject,Reject,1.359019617202977
0.3132007073524451,0.6752484779931501,0.5270267423696561,0.44089000887903607,0.641773218245641,Reject,"Gender, Age, ProgVar",1.521374745550842,0.5270267423696561,0.42621673417600503,0.6252849703076288,Reject,1.6292546768126692,Reject,Reject,1.6696724952050925
0.2849945477550562,0.7151929158831986,0.6353530033318918,0.5233314845542103,0.7654026382741533,Reject,"Gender, Age, ProgVar",1.7192759876072898,0.6353530033318918,0.5199055611627493,0.7562855629048921,Reject,1.6989188374476385,Reject,Reject,1.474214525213564
0.3886976290770101,0.7201678519273218,0.5085514923587446,0.4061373980777013,0.6187050641157333,Reject,"Gender, Age, ProgVar",1.824656971445622,0.5085514923587446,0.4025635494808453,0.6139849676279003,Reject,2.0277802011806534,Reject,Reject,1.407919529897297
0.29518348332848965,0.6879735218759913,0.5265109824002611,0.4464208681456476,0.64674090526819,Reject,"Gender, Age, ProgVar",1.6110930556559169,0.5265109824002611,0.42158158821137254,0.6258274407783543,Reject,1.591898218412331,Reject,Reject,2.083705913421103
0.35319293957806547,0.7371491191896214,0.5386436332310789,0.4222162372276301,0.6521957995796127,Reject,"Gender, Age, ProgVar",1.8270753953339207,0.5386436332310789,0.4233847941177763,0.6483223551529229,Reject,1.7312347713028522,Reject,Reject,1.5566448782138302
0.4468942396815026,0.655647231187052,0.6182447862575233,0.518950718677452,0.7380447139633669,Reject,"Gender, Age, ProgVar",1.8848329016560104,0.6182447862575233,0.501722833974222,0.7336261708448634,Reject,1.9335898240267055,Reject,Reject,1.7716232650513304
0.33515912414046994,0.6663791992773429,0.5305967141879726,0.4463870638643947,0.6525715518007287,Reject,"Gender, Age, ProgVar",1.895931317996001,0.5305967141879726,0.4242030867925604,0.635288977011814,Reject,1.81417730845242,Reject,Reject,1.9193244171206485
0.4016484040060807,0.6921910682471148,0.6932440110970817,0.5720498581617234,0.810972712597111,Reject,"Gender, Age, ProgVar",1.8542382486785032,0.6932440110970817,0.5716127706878179,0.8046405990839184,Reject,1.8374587821455017,Reject,Reject,1.212788662141501
0.41374729410833144,0.727274731985032,0.622993857014612,0.5125968736707421,0.7297399602302529,Reject,"Gender, Age, ProgVar",1.628685196349553,0.622993857014612,0.51533762581154,0.7295124438054948,Reject,1.6530234640337707,Reject,Reject,1.8536578391340353
0.48329995219013383,0.7439281713495673,0.509816871831315,0.41037862315156076,0.6156830775257225,Reject,"Gender, Age, ProgVar",1.8144786799831576,0.509816871831315,0.41086464513844634,0.6100022116167818,Reject,1.752498250341094,Reject,Reject,1.6993418385779335
0.4740796498635318,0.6413259759911243,0.5875454111931826,0.48510615956116265,0.6569394593535094,Reject,"Gender, Age, ProgVar",1.7435656989312904,0.5875454111931826,0.5096018970354201,0.6738351637793387,Reject,1.6188139782374895,Reject,Reject,1.9346597507576837
0.36664970840963484,0.7921830813213101,0.5290848219935106,0.4058624382233647,0.6616267148248683,Reject,"Gender, Age, ProgVar",1.7596739354907651,0.5290848219935106,0.40617749907554695,0.659175060089198,Reject,1.7097946964970658,Reject,Reject,1.770417167752662
0.42881284135330316,0.7080855772247406,0.553360155057193,0.460948830547378,0.6665173382939649,Reject,"Gender, Age, ProgVar",1.6595339172534649,0.553360155057193,0.44621072918533145,0.6492859113859287,Reject,1.779147639502602,Reject,Reject,1.8258556152751229
0.34880055632865026,0.7101707068027412,0.5616735031494403,0.4726313902883147,0.6767005723535464,Reject,"Gender, Age, ProgVar",1.4940185368507728,0.5616735031494403,0.4566225762019083,0.663579816625079,Reject,1.5463676882454833,Reject,Reject,1.4208986233812002
0.4087920072059533,0.6777506168830235,0.5121825501703092,0.41168464555162837,0.609144032583011,Reject,"Gender, Age, ProgVar",1.7410922519902912,0.5121825501703092,0.4138489926523265,0.612123907086869,Reject,1.7374347996860668,Reject,Reject,1.640334009373811
0.40310989777954126,0.7285098065593959,0.4774041080488178,0.36719014043145864,0.5825430734162412,Reject,"Gender, Age, ProgVar",1.2591232085369186,0.4774041080488178,0.3792695962895285,0.5929659462163869,Reject,1.4447812974421261,Reject,Reject,1.8530632485963365
0.3761875409352592,0.7282053772005052,0.6071200840068333,0.5489853681486001,0.8102258984539914,Reject,"Gender, Age, ProgVar",1.8252832000749262,0.6071200840068333,0.47150737792021513,0.7420829863795346,Reject,1.7986739058996637,Reject,Reject,1.550614852379933
0.41358970572942183,0.7398649472744031,0.5148688506379953,0.42329351863348164,0.6486903466755642,Reject,"Gender, Age, ProgVar",1.6249857114564585,0.5148688506379953,0.40360658599300686,0.6296113408355799,Reject,1.7355607506395787,Reject,Reject,1.2977936213143255
0.3088721930792776,0.7041666570733915,0.5605426373494823,0.48082250007234867,0.6760337716311764,Reject,"Gender, Age, ProgVar",1.719420254854611,0.5605426373494823,0.4649724489683323,0.6555354364157142,Reject,1.6587579431227135,Reject,Reject,1.6968844080847167
0.4147552170890521,0.6958699749967192,0.5019678598964258,0.40380569899106794,0.6215875467462715,Reject,"Gender, Age, ProgVar",1.5299797844554133,0.5019678598964258,0.38682158066989764,0.6050983814737356,Reject,1.5755655847339778,Reject,Reject,1.8515361315026313
0.5546233238417345,0.7791500550236422,0.47974533368223893,0.3852276958640188,0.5749094782781417,Reject,"Gender, Age, ProgVar",1.5890943214306799,0.47974533368223893,0.38200927417444797,0.5667134480385482,Reject,1.635191699682562,Reject,Reject,1.6052350504134425
0.4725082717152982,0.667838580799217,0.5775383686427084,0.5093675694306251,0.6888286653365564,Reject,"Gender, Age, ProgVar",1.7960906002096138,0.5775383686427084,0.48310446599418755,0.6666903363156595,Reject,1.704619445373338,Reject,Reject,1.9527754049634036
0.39723105562600564,0.7491822109467438,0.5561265659559037,0.4445767884151715,0.6940972347119657,Reject,"Gender, Age, ProgVar",1.881509155416205,0.5561265659559037,0.4342087097032009,0.6772056530678779,Reject,1.9426721125568391,Reject,Reject,1.5731494185305026
0.4745188051877984,0.7571632374256976,0.5173584045670957,0.4256492772015402,0.6193924972890886,Reject,"Gender, Age, ProgVar",2.073081434944097,0.5173584045670957,0.4233322614572827,0.6111734368583711,Reject,1.8987567884323382,Reject,Reject,1.9286866947501713
0.21690354327165043,0.713523492866265,0.6225597118307981,0.5250420527695443,0.7260449039898519,Reject,"Gender, Age, ProgVar",1.8202674239024381,0.6225597118307981,0.5205901085867288,0.7213251449850788,Reject,1.8512733018027285,Reject,Reject,1.728805015319079
0.4702839238936127,0.7242501894083528,0.4826348155599603,0.40016211576501565,0.6131606203998164,Reject,"Gender, Age, ProgVar",1.8449373468595667,0.4826348155599603,0.38119850519878734,0.5919422892538178,Reject,1.6689895433517024,Reject,Reject,1.5102808571617259
0.26081119776993156,0.6840773544073828,0.5144167119311794,0.44019172387088307,0.6395041362815371,Reject,"Gender, Age, ProgVar",1.5756552218020357,0.5144167119311794,0.4091952221036867,0.620830732554809,Reject,1.7549434641949215,Reject,Reject,1.393843440018228
0.5135904619481723,0.7466857465423348,0.4608767701679919,0.36175446621937596,0.5743433251656429,Reject,"Gender, Age, ProgVar",1.5876158149612898,0.4608767701679919,0.362222919401422,0.5737527563803387,Reject,1.576937241293358,Reject,Reject,1.3093801759985264
0.49415774801333784,0.726072651013439,0.5287212047104263,0.43397969895652105,0.6342727881889075,Reject,"Gender, Age, ProgVar",1.9623382531925235,0.5287212047104263,0.428582257946255,0.6257340453882371,Reject,1.842914593258596,Reject,Reject,2.160772032809484
0.23152586849334383,0.7063253934261623,0.5806589391180678,0.47113639627762915,0.6999616690978443,Reject,"Gender, Age, ProgVar",1.6288219356801081,0.5806589391180678,0.4611395963710443,0.6954402143528242,Reject,1.6624429868657662,Reject,Reject,1.3133003602242663
0.40468437820030534,0.7688399327668354,0.4613299370808402,0.35293502405020466,0.5654886684816629,Reject,"Gender, Age, ProgVar",1.7035359055812684,0.4613299370808402,0.3558814297212023,0.5740640050610305,Reject,1.5762771885387148,Reject,Reject,1.6603522645425826
0.5004841827747583,0.7065839486053502,0.5183854884773379,0.4097493231188507,0.6252152040743951,Reject,"Gender, Age, ProgVar",1.7157588582979741,0.5183854884773379,0.4078714520614321,0.6273412691506145,Reject,1.7735705247309619,Reject,Reject,1.4392075893114877
0.3617327231949807,0.731862199034902,0.5013020489613167,0.403102302479205,0.598188696361006,Reject,"Gender, Age, ProgVar",1.9294844967987772,0.5013020489613167,0.3995300979206273,0.6013246219528534,Reject,1.704902447845755,Reject,Reject,1.3464051366191507
0.47143894213787774,0.7297764584989477,0.5282581164296105,0.4459132760506647,0.662375722444081,Reject,"Gender, Age, ProgVar",2.0024274764209387,0.5282581164296105,0.42056109972300365,0.6371230370891937,Reject,1.9109702219831128,Reject,Reject,1.576914522690869
0.32454011511302616,0.6670847027049158,0.5307451547362759,0.45253406010162756,0.6478307914346538,Reject,"Gender, Age, ProgVar",2.0756890068112064,0.5307451547362759,0.4350401002887852,0.6296805785791364,Reject,1.895399545059868,Reject,Reject,2.211824496342931
0.6395949740423488,0.7749284603748422,0.43386542369706527,0.3056083532406095,0.5400450325327573,Reject,"Gender, Age, ProgVar",1.810054124576553,0.43386542369706527,0.31804531373650474,0.5470649525466155,Reject,1.6701970545644158,Reject,Reject,1.1590381381975827
0.2656610236734472,0.676644781512086,0.6258992144265051,0.5481808275108156,0.7302456134651896,Reject,"Gender, Age, ProgVar",1.8119700350858161,0.6258992144265051,0.5310931019314526,0.7197141764233176,Reject,1.6656469255918733,Reject,Reject,2.2219077375653398
0.387675467089494,0.6770731707233856,0.577981268389251,0.4573691554390478,0.687525709777103,Reject,"Gender, Age, ProgVar",1.9838059343545544,0.577981268389251,0.46240251737305743,0.6807065818050195,Reject,1.957518865356992,Reject,Reject,1.7397001890811095
0.47558757343852653,0.7563377345010966,0.45841188007068856,0.36191038020563226,0.5692454272552802,Reject,"Gender, Age, ProgVar",1.6558517740638239,0.45841188007068856,0.3552877808515945,0.562516550049391,Reject,1.5763889933467954,Reject,Reject,1.2989056232929315
0.2984753537585407,0.6754553342405843,0.568890393058249,0.4975066888160608,0.6872456039126144,Reject,"Gender, Age, ProgVar",1.6094636220350622,0.568890393058249,0.4782032656060522,0.6663865047702434,Reject,1.7122126809949294,Reject,Reject,1.6893541616476104
0.4835473553201149,0.7243081137817191,0.49125613950311475,0.4138823197785337,0.6313682264355418,Reject,"Gender, Age, ProgVar",1.9611272646126547,0.49125613950311475,0.3825710624140662,0.6006583964357571,Reject,1.6718346532157307,Reject,Reject,1.697120383267285
0.3130117367278582,0.7494321761659206,0.5524884925048887,0.47603898491253366,0.7009368817032298,Reject,"Gender, Age, ProgVar",1.9401164964402242,0.5524884925048887,0.4424320899611131,0.6631069016409541,Reject,1.745840791718318,Reject,Reject,1.6490339668531373
0.42486701676093813,0.7322616603412785,0.5019857924016907,0.4195247966231716,0.6381678031182205,Reject,"Gender, Age, ProgVar",1.7702619667562232,0.5019857924016907,0.3953743343000253,0.6077508738608645,Reject,1.7443839622469406,Reject,Reject,1.5313005372535313
0.41828622371912294,0.7369187270622028,0.5059382311305947,0.43383857004545945,0.6489217348582437,Reject,"Gender, Age, ProgVar",1.2817032539039326,0.5059382311305947,0.3962305240647156,0.6035662597138827,Reject,1.5880739188937794,Reject,Reject,1.2696814576300708
0.23301030367685777,0.6957635710767949,0.6393689489275342,0.5405636323275653,0.7562649187362517,Reject,"Gender, Age, ProgVar",1.835241216932112,0.6393689489275342,0.5402583341870815,0.7415101536600927,Reject,1.8603996608005358,Reject,Reject,1.5415759659578367
0.2172038376700992,0.7016893714873434,0.7211573753721295,0.5985830269716674,0.8584288956568268,Reject,"Gender, Age, ProgVar",1.7637802348564628,0.7211573753721295,0.5906815213925838,0.8407392568980628,Reject,1.8523415888433985,Reject,Reject,1.6134991613298562
0.19938432008494245,0.7569099219793337,0.5435066949211377,0.4510020202058328,0.678338769059109,Reject,"Gender, Age, ProgVar",1.8389011286566315,0.5435066949211377,0.43562899159880036,0.6589038790723994,Reject,1.802638945717078,Reject,Reject,1.447118761349038
0.4545746958280154,0.7450791457117792,0.5704745340972337,0.48338892221346097,0.6982382914796506,Reject,"Gender, Age, ProgVar",1.5916182430495305,0.5704745340972337,0.4657935071327409,0.6735280453602015,Reject,1.7570732467113563,Reject,Reject,1.3823829490462467
0.17489632008832004,0.7123917779777992,0.5099335463528042,0.41866819899238844,0.618732412690577,Reject,"Gender, Age, ProgVar",1.6591294841522262,0.5099335463528042,0.4055592325814196,0.612550708853672,Reject,1.7107050238610122,Reject,Reject,1.5670855645475896
0.35226043564528026,0.6866695930392088,0.5039980539865667,0.39546542388536604,0.6347651315363485,Reject,"Gender, Age, ProgVar",1.6115036370424634,0.5039980539865667,0.3881094294675366,0.6256034289020482,Reject,1.6054721465532191,Reject,Reject,1.660471948322738
0.2495722593462584,0.7324764081497923,0.5397618143313837,0.4751274544256359,0.7114754173486324,Reject,"Gender, Age, ProgVar",1.966540410580551,0.5397618143313837,0.4277738131756978,0.6565601280357101,Reject,1.790084071555769,Reject,Reject,1.3242421852938486
0.47292705374554556,0.7612677338616307,0.5668941828202992,0.5469527980313598,0.7674274670713676,Reject,"Gender, Age, ProgVar",2.1357448902327554,0.5668941828202992,0.4540785138468052,0.6794275508103536,Reject,1.7325680431830741,Reject,Reject,1.9427982030821385
0.4664302627056433,0.7238450379395358,0.45861379180825707,0.37038118444589546,0.584313144973674,Reject,"Gender, Age, ProgVar",1.9204986196458245,0.45861379180825707,0.3590944748340026,0.5635485534787769,Reject,1.8879606248017076,Reject,Reject,1.8426921933656595
0.37136908765911575,0.7742800393462684,0.45849124118090434,0.3477678870712577,0.5838182972451442,Reject,"Gender, Age, ProgVar",1.6249639239432516,0.45849124118090434,0.3382686247074199,0.5749843392612495,Reject,1.5918239847459352,Reject,Reject,1.472554236983287
0.48792888177211874,0.7356565217948766,0.506126174979408,0.3916077932273714,0.61124002760015,Reject,"Gender, Age, ProgVar",1.8624942206833381,0.506126174979408,0.3904225309237069,0.608808536037423,Reject,1.8917373819603507,Reject,Reject,1.4911401661843142
0.4396712955630468,0.7724613817435686,0.4900237344169896,0.4043545342621312,0.6271109728200569,Reject,"Gender, Age, ProgVar",1.4444527620076368,0.4900237344169896,0.3778620010281205,0.5985681286220972,Reject,1.5321554855999122,Reject,Reject,1.3632093967321095
0.274873573375489,0.7520894722831641,0.5393411062707435,0.49710600958232254,0.7101416809340898,Reject,"Gender, Age, ProgVar",1.3725248158248522,0.5393411062707435,0.43782713563355313,0.6517660213220422,Reject,1.613801242382121,Reject,Reject,1.1629249995730497
0.4622034847240609,0.7313374558339808,0.54734446123593,0.4569130048045213,0.660916145440099,Reject,"Gender, Age, ProgVar",1.7043979049737166,0.54734446123593,0.44534867962315783,0.6423418564396698,Reject,1.8214339003174818,Reject,Reject,1.7639601084234486
0.41861585300794185,0.7628522644009622,0.5356728726621871,0.45264083157079527,0.7055368347841009,Reject,"Gender, Age, ProgVar",1.6535080133480458,0.5356728726621871,0.4056162910508743,0.6606192839464455,Reject,1.6990489944499503,Reject,Reject,1.6014283936368774
0.40863277463626557,0.6610911231089623,0.5131165011162474,0.4063717252084142,0.6149523217719132,Reject,"Gender, Age, ProgVar",1.6830722650055037,0.5131165011162474,0.4033257299697085,0.6173969848261215,Reject,1.7526755233551887,Reject,Reject,1.6164450108282462
0.3389723660033139,0.7035431735485476,0.6318679642693912,0.5361652004592264,0.7483347495073868,Reject,"Gender, Age, ProgVar",1.6057287852416269,0.6318679642693912,0.519201783019669,0.7347868268896511,Reject,1.8096347732731337,Reject,Reject,1.6867680978086619
0.391115340797875,0.6951382605275218,0.5600431789801624,0.4774451913882537,0.7103588379518919,Reject,"Gender, Age, ProgVar",1.870716020346799,0.5600431789801624,0.437967642257876,0.6791037822116339,Reject,1.947576097823834,Reject,Reject,1.443798406183727
0.3448855969240525,0.7671068485860388,0.5018988396838711,0.43644918298979263,0.6326762722644089,Reject,"Gender, Age, ProgVar",1.7630217227873894,0.5018988396838711,0.4069870237967286,0.6012802575675531,Reject,1.4947456787248847,Reject,Reject,1.333635923411899
0.35290658404764097,0.7084101438333994,0.5678449782525614,0.45909530991942527,0.6670527924089789,Reject,"Gender, Age, ProgVar",1.5709193162835924,0.5678449782525614,0.4692569869176399,0.6725086194600396,Reject,1.6761748436868873,Reject,Reject,1.7689321416225103
0.32316882046892464,0.7361723680592319,0.465018608647961,0.3888153436120506,0.5949026725079201,Reject,"Gender, Age, ProgVar, X2",1.4095663779086056,0.465018608647961,0.35292054532027967,0.5673924430626501,Reject,1.6545918781366573,Reject,Reject,1.436002281245228
0.43800784109963126,0.7733969010702433,0.5532949019961662,0.47817834531808895,0.7091960933594478,Reject,"Gender, Age, ProgVar",1.9649967580403465,0.5532949019961662,0.4340887168494856,0.6622035223747207,Reject,1.820914828089194,Reject,Reject,1.5915670075687536
0.29128833218653083,0.6986992514143241,0.6079249246884804,0.4928902513639341,0.7195006609697855,Reject,"Gender, Age, ProgVar",2.1218616803292245,0.6079249246884804,0.4989525187426222,0.7229605362985801,Reject,2.00265774736222,Reject,Reject,1.5986127602368339
0.31572736229809517,0.7216774637157249,0.5033249930860177,0.38128435274473277,0.6387522185251868,Reject,"Gender, Age, ProgVar",1.9090502827165057,0.5033249930860177,0.375671037299879,0.6222088284428585,Reject,1.7836865911211333,Reject,Reject,1.5475227145227952
0.295635208865633,0.7413905052740759,0.5132892595795276,0.43304754798713735,0.6206303436994551,Reject,"Gender, Age, ProgVar",1.6388493286214978,0.5132892595795276,0.40666499633522524,0.6044326183732156,Reject,1.670850011533026,Reject,Reject,1.6124310093609777
0.275442909739117,0.691285123824364,0.5798576709029671,0.48560354469984157,0.689659400475673,Reject,"Gender, Age, ProgVar",1.769683305085544,0.5798576709029671,0.4768324169940323,0.6823866946240766,Reject,1.7768645052235408,Reject,Reject,1.9287554187555533
0.5741376956604329,0.8125771262645807,0.4023182759763747,0.312050396967872,0.5204428750805556,Reject,"Gender, Age, ProgVar",2.035221471495053,0.4023182759763747,0.29799155340523176,0.506607704982023,Reject,1.8334787011783142,Reject,Reject,1.4994810515041936
0.31255477703625706,0.6771616903081805,0.5095900304039389,0.4230446883740844,0.6128774383058025,Reject,"Gender, Age, ProgVar",1.687151579749341,0.5095900304039389,0.40983320556582636,0.6078762386908321,Reject,1.7010642653367676,Reject,Reject,1.6542418390052223
0.3967044158700873,0.7340684397548987,0.544691077559028,0.46442108832774726,0.6495452968629081,Reject,"Gender, Age, ProgVar",1.9341794473475031,0.544691077559028,0.44952384582023275,0.6356826322627628,Reject,1.5829714649661093,Reject,Reject,1.8604255536442649
0.5278089041285848,0.6743102042417666,0.49875800859718633,0.40873593549565446,0.6142789414774131,Reject,"Gender, Age, ProgVar",1.7713898123931484,0.49875800859718633,0.3945786556531112,0.6022608366218704,Reject,1.7411562680018546,Reject,Reject,1.7605866436702673
0.3140300485249661,0.6910985721534426,0.5153179451351659,0.4558758086899661,0.657573132324128,Reject,"Gender, Age, ProgVar",1.726622658902017,0.5153179451351659,0.411242663476122,0.6229187879178315,Reject,1.6387230806455428,Reject,Reject,1.7136429967170577
0.37056789167812326,0.7564982957948079,0.47134867159889354,0.3645954792981256,0.5850872664313985,Reject,"Gender, Age, ProgVar",1.7994597146723295,0.47134867159889354,0.35947720125492794,0.576980163712569,Reject,1.820553166486372,Reject,Reject,1.6675704679256287
0.47335441697510816,0.736431687657617,0.4238908215445802,0.3250082543132712,0.5367565398503837,Reject,"Gender, Age, ProgVar",1.8843037284165467,0.4238908215445802,0.3137460520904294,0.5240127310195136,Reject,1.783008151097961,Reject,Reject,1.5044411426123465
0.25576447979718064,0.7308868991801581,0.5467627900713663,0.43084710678916127,0.6708780887953233,Reject,"Gender, Age, ProgVar",1.8028002092262794,0.5467627900713663,0.43123529386854215,0.6635663681597662,Reject,1.801984736450676,Reject,Reject,1.569764775193688
0.47019422638906455,0.7968074185172086,0.4431334121934356,0.33908097984629015,0.5512537993704528,Reject,"Gender, Age, ProgVar",1.757184460406413,0.4431334121934356,0.3299774766768204,0.5533796376167872,Reject,1.570770219037494,Reject,Reject,1.4410352369357684
0.3088016073002151,0.7299117099218396,0.5488238423238094,0.4414977020612931,0.6515497661624242,Reject,"Gender, Age, ProgVar",1.6891898524082343,0.5488238423238094,0.44539396673454956,0.6523760198996166,Reject,1.6155198574877536,Reject,Reject,1.295392398441092
0.3751901489581003,0.7644399230126436,0.6202834068070258,0.5195650596833097,0.7479089467583662,Reject,"Gender, Age, ProgVar",1.8508374997405432,0.6202834068070258,0.5070996272503618,0.7384618653620486,Reject,1.7286972748083445,Reject,Reject,1.5910460925872718
0.29825046024617824,0.7323469605288591,0.5896740364057019,0.4821082982198609,0.7120067942803721,Reject,"Gender, Age, ProgVar",1.5833149012245158,0.5896740364057019,0.4710215104418534,0.7023916737042125,Reject,1.6934694705313322,Reject,Reject,1.404838302686856
0.4713241532129799,0.6771486080597348,0.5336404071211837,0.4616337092984272,0.6670906449655103,Reject,"Gender, Age, ProgVar",1.3290101950130973,0.5336404071211837,0.4291425701606397,0.6296351141801699,Reject,1.5897783389042508,Reject,Reject,1.3611997806072607
0.3120004265489508,0.7992345994810033,0.528272989135786,0.42048180962021714,0.6497946222645163,Reject,"Gender, Age, ProgVar",1.4627012972810847,0.528272989135786,0.41140016842830435,0.6428610659326435,Reject,1.603114827065197,Reject,Reject,1.0892985768248595
0.5000710434548636,0.7496934508779578,0.5505554801849629,0.4492824451927412,0.6484522980109988,Reject,"Gender, Age, ProgVar",1.8806735496789693,0.5505554801849629,0.4513540052389328,0.6470700834377098,Reject,1.702753658437731,Reject,Reject,1.8075170083515992
0.5370388317456516,0.7087297770371677,0.4861011848769558,0.3897752243729121,0.59773131077552,Reject,"Gender, Age, ProgVar",2.0277408776535,0.4861011848769558,0.381067395310137,0.5894699489027947,Reject,1.8125505517125589,Reject,Reject,1.8367351280858673
0.41923013466571046,0.7955289615266887,0.5540092236438916,0.4250969297715407,0.7140563619570562,Reject,"Gender, Age, ProgVar",1.8039041855277305,0.5540092236438916,0.41232522205708866,0.6921618562564908,Reject,1.625828545902709,Reject,Reject,1.3474095627924856
0.2946359546193246,0.6960293516249144,0.6467604154925062,0.5298391928257891,0.7489876493061594,Reject,"Gender, Age, ProgVar",1.621540950826458,0.6467604154925062,0.5369432793171166,0.7561193998008252,Reject,1.6378317789031533,Reject,Reject,1.612398320719582
0.43159377097819845,0.7504632988613991,0.47904492572888924,0.37307390512333005,0.5837294516909275,Reject,"Gender, Age, ProgVar",1.709353832389411,0.47904492572888924,0.3797828403192227,0.5903101664385875,Reject,1.7364832479834005,Reject,Reject,1.2903653091231746
0.40894359977647715,0.7380896230388039,0.5549410761514723,0.46185479707005156,0.6660102047967262,Reject,"Gender, Age, ProgVar",2.0097238603545393,0.5549410761514723,0.45141567113614295,0.6553919862337041,Reject,1.865551532765714,Reject,Reject,1.302554482626395
0.4138357744752985,0.7460429756960264,0.49300925098495657,0.38052717164741934,0.6127294655043842,Reject,"Gender, Age, ProgVar",1.498984883164901,0.49300925098495657,0.3851094184612842,0.6120977408472502,Reject,1.5150902390700929,Reject,Reject,1.1561330383364563
0.3894569116400637,0.6411841864949288,0.6377018924968513,0.5567568650450998,0.7540589909814751,Reject,"Gender, Age, ProgVar",1.7101451131101368,0.6377018924968513,0.5428624409862223,0.738712430724443,Reject,1.8656441874645202,Reject,Reject,1.6522486494135045
0.4333003142018623,0.7549216953969615,0.4360295416302304,0.34342728987003135,0.5310789061693432,Reject,"Gender, Age, ProgVar",1.4728565013405557,0.4360295416302304,0.3393759568405801,0.5369950784816614,Reject,1.5948937007390784,Reject,Reject,1.1293021689473692
0.41658617401799897,0.7811320851598191,0.47820924741966253,0.38930064736001946,0.5899975941016956,Reject,"Gender, Age, ProgVar",1.5950390688661886,0.47820924741966253,0.37100282189122996,0.5750819722846773,Reject,1.5207376590567026,Reject,Reject,1.4286978892293127
0.3732266361147042,0.6818695005065399,0.646649190245729,0.5649361475036395,0.8021668322902203,Reject,"Gender, Age, ProgVar",1.7637283621805684,0.646649190245729,0.5277563289913857,0.7642177808475168,Reject,1.9554942515110334,Reject,Reject,1.439326738204433
0.4655731278815891,0.6997337385883055,0.4915787303109448,0.37010738738006543,0.6093815115206848,Reject,"Gender, Age, ProgVar",1.7409208950164754,0.4915787303109448,0.37761945205174224,0.6069647891469125,Reject,1.7951626369235845,Reject,Reject,1.3134760540331536
0.323646591171558,0.6678815674795352,0.5810703463798039,0.4772617453607777,0.6754604160755062,Reject,"Gender, Age, ProgVar",1.7454337102794508,0.5810703463798039,0.4791389292650622,0.6862157830595634,Reject,1.8362310713369054,Reject,Reject,1.5119663351172374
0.5751231610489113,0.7692337236121376,0.35907188950243235,0.2775960491173905,0.5014803061807792,Reject,"Gender, Age, ProgVar",1.6899141697508275,0.35907188950243235,0.2369446123695637,0.47318629024397685,Reject,1.4732470467388301,Reject,Reject,1.5600951772930942
0.24586455440190658,0.741527115486235,0.5067694678044353,0.4140589953882152,0.6085945821495186,Reject,"Gender, Age, ProgVar",1.7525979382916819,0.5067694678044353,0.4083381501209608,0.5988419520042891,Reject,1.6829864279656985,Reject,Reject,1.8091270971759352
0.36489165355070835,0.683752545869295,0.5954708342061757,0.5142814379479079,0.6939535040945222,Reject,"Gender, Age, ProgVar",1.8138081387679603,0.5954708342061757,0.5063803798754923,0.6851953067803089,Reject,1.755008316435211,Reject,Reject,1.4973764997045402
0.3319944502590296,0.7453432576292555,0.4433813704855582,0.3250734532793251,0.5530825354801915,Reject,"Gender, Age, ProgVar",1.7536982945183375,0.4433813704855582,0.3330369271905386,0.5571607983506844,Reject,1.759894572694819,Reject,Reject,1.4977122436889116
0.36211169002073085,0.7514981191838042,0.557947897878582,0.4620819279207259,0.6771536953687911,Reject,"Gender, Age, ProgVar",1.7716969221168823,0.557947897878582,0.4464997069433807,0.6653427805535467,Reject,1.7643917030660532,Reject,Reject,1.3673297724024798
0.14246124556507933,0.7056858354426346,0.6013245404085658,0.501687102774901,0.7223728115197239,Reject,"Gender, Age, ProgVar",1.5273829689705898,0.6013245404085658,0.4850997946153299,0.7120293432425416,Reject,1.586725134527255,Reject,Reject,1.4064052151360833
0.29058805337236915,0.7112365458267167,0.5951953051867775,0.5009502522629092,0.7350249628873853,Reject,"Gender, Age, ProgVar",1.806500562765387,0.5951953051867775,0.4876658379411652,0.7150674261020563,Reject,1.8293646670612103,Reject,Reject,1.7261290466629573
0.4918088248114573,0.7369458633072518,0.5535838101581178,0.4633059011669742,0.6645594273272476,Reject,"Gender, Age, ProgVar",1.619897685344071,0.5535838101581178,0.4541094696489583,0.6564206891935861,Reject,1.6764131316401896,Reject,Reject,1.7046717340641582
0.12710192974705228,0.6598066139425542,0.7091336581289925,0.5963206563720156,0.8292431049422717,Reject,"Gender, Age, ProgVar",1.6555914247923698,0.7091336581289925,0.5987783332971444,0.8241590511455771,Reject,1.684205518314872,Reject,Reject,1.8197940332176654
0.5438458380675202,0.6973772433863509,0.4984118554325979,0.4294838283748426,0.6469386849535738,Reject,"Gender, Age, ProgVar",2.2475628807431676,0.4984118554325979,0.3891751433257014,0.6091783810045328,Reject,1.9751219567935165,Reject,Reject,1.4753316802557834
0.18644177103754206,0.7306623289028956,0.592378652581021,0.47155930132016405,0.6950465613757061,Reject,"Gender, Age, ProgVar",1.700988763041015,0.592378652581021,0.4770370231419012,0.7026785974070765,Reject,1.7077224516801754,Reject,Reject,1.8492431617778686
0.4810006946332978,0.7105057149815516,0.467542011321749,0.3543754608426703,0.5695696795560721,Reject,"Gender, Age, ProgVar",1.643354399747128,0.467542011321749,0.355345396400686,0.5775676546284332,Reject,1.679120046560232,Reject,Reject,1.8485583665277325
0.23244465479436166,0.6913523497233233,0.4753774914209789,0.38171176002996865,0.5970450869160675,Reject,"Gender, Age, Outcome_BL, ProgVar",1.51023566717588,0.4753774914209789,0.36710315158074486,0.5827858249565875,Reject,1.5060551557838802,Reject,Reject,1.9746656339628277
0.09760136269558567,0.6761932412999041,0.6971197623077059,0.5962078332269244,0.8067874092140355,Reject,"Gender, Age, ProgVar",1.9637259547017478,0.6971197623077059,0.5899161524887857,0.7998420247726159,Reject,1.8524336843184748,Reject,Reject,1.73269457955516
0.2639123758770668,0.6828557475366546,0.5765173496129415,0.4787743020539592,0.6758163153155667,Reject,"Gender, Age, ProgVar",1.5641685425362402,0.5765173496129415,0.477326421464239,0.6728595916179582,Reject,1.729472540284596,Reject,Reject,1.7373160808380903
