Beta_Trt,Beta_Risk,Beta_intx,Lower.CI,Upper.CI,rejection.Risk,SSVS_results,Prediction_Error,Beta_intx_Noise,Lower.CI_Noise,Upper.CI_Noise,rejection.Risk_Noise,Prediction_Error_Noise,rejection.interaction,rejection.SDIR,SDIR
0.695748685884178,0.7907255451394947,0.2815588445688977,0.14780566881345356,0.4840763146758373,Reject,"Gender, Age, ProgVar",1.963172019303989,0.2815588445688977,0.11062572873019945,0.4595031520103729,Reject,1.9411286188406092,Reject,Accept,1.2067601139301105
0.6798472897864422,0.8100090738946025,0.31465780296052936,0.14788930452857493,0.4615770492540009,Reject,"Gender, Age, ProgVar",1.4773556588471641,0.31465780296052936,0.15798780806871443,0.475956182438265,Reject,1.5362458671062003,Reject,Accept,1.0692575190201712
0.5322411510634965,0.8042964837099297,0.23716501798082484,0.11729523245179685,0.3815294055958082,Reject,"Gender, Age, ProgVar",1.380901254083355,0.23716501798082484,0.1165349857650102,0.3735420040719969,Reject,1.274375369503587,Reject,Reject,1.2186331145731477
0.6889510626368839,0.8851196863913942,0.25705546134672164,0.14604694883911132,0.4315728231802888,Reject,"Gender, Age, ProgVar",1.4150726004836907,0.25705546134672164,0.10145340137856315,0.404683761534006,Reject,1.4662517915554514,Reject,Accept,0.7245023773707119
0.5538973441117255,0.8387927028862284,0.32436953690622783,0.1904082592820418,0.45688463765232973,Reject,"Gender, Age, ProgVar",1.2865073665964646,0.32436953690622783,0.18500221124119093,0.46092538664611504,Reject,1.278225836724815,Reject,Accept,0.9011832595748893
0.5582441113681157,0.8819347911000602,0.23197278402691754,0.1429646422248591,0.42129992041471365,Reject,"Gender, Age, ProgVar",1.123546271674646,0.23197278402691754,0.0911269774028916,0.36467642597364863,Reject,1.317721207063755,Reject,Accept,0.9262507596182836
0.5420258522353746,0.856734469317539,0.35360729691048615,0.1969126743635341,0.5049401181866146,Reject,"Gender, Age, ProgVar",1.5330223752254435,0.35360729691048615,0.20650614711169735,0.5076310680461711,Reject,1.4352895064483742,Reject,Accept,0.20439961045014904
0.5272808134874681,0.7336016088529629,0.4349133587763726,0.33948585542307497,0.6105143466417748,Reject,"Gender, Age, ProgVar",1.3784342382556318,0.4349133587763726,0.29557132113591017,0.5733789043978257,Reject,1.5803108366689473,Reject,Reject,1.4374348302159212
0.8778245121637086,0.8673460258312861,0.3089010739983546,0.1344137501134468,0.4287297029676088,Reject,"Gender, Age, ProgVar",1.168856127280554,0.3089010739983546,0.16777478000871832,0.45212111513019415,Reject,1.3793410272307147,Reject,Reject,1.3263336598255953
0.43922674503018644,0.8470820026238655,0.27260644996686834,0.13627006364224195,0.5030372841116341,Reject,"Gender, Age, ProgVar",1.0670796481287044,0.27260644996686834,0.09143635042733135,0.45726918779261594,Reject,1.197415748794328,Reject,Accept,0.08301960710188294
0.6317508387070584,0.8453301859765704,0.3001384578680207,0.13580660711718334,0.44885670845326753,Reject,"Gender, Age, ProgVar",1.7332142977496747,0.3001384578680207,0.14273343406508046,0.4474327658609891,Reject,1.6431799046859252,Reject,Accept,0.6689716938004212
0.5909546296802978,0.7247745721428155,0.3924510084057575,0.26360807449810686,0.5308486562835293,Reject,"Gender, Age, ProgVar",1.6192581514092514,0.3924510084057575,0.257958871486967,0.5318244434632211,Reject,1.5706830106378624,Reject,Reject,1.3241433530400852
0.6534425884197526,0.8075895720549671,0.2864374042398323,0.14056239590369635,0.42242760147412395,Reject,"Gender, Age, ProgVar",1.4989586577141565,0.2864374042398323,0.14293180969363825,0.4262170604939248,Reject,1.5933475315457173,Reject,Accept,1.1159892752776568
0.3891122065624133,0.7468128433418079,0.44657050282021643,0.3485776189254655,0.713281409457919,Reject,"Age, ProgVar",1.7130344772761372,0.44657050282021643,0.28022781632766797,0.6009891242257233,Reject,1.590563828253719,Reject,Reject,1.475550791329273
0.7282141612175457,0.8679043163474978,0.25860926030589565,0.02057727155735188,0.485724968755352,Reject,"Gender, Age, ProgVar",1.6933135277373608,0.25860926030589565,0.049752920697608255,0.4766940319847341,Reject,1.574398167657629,Reject,Accept,1.092985410272688
0.5169662782054107,0.752702107689188,0.3690881522356936,0.23986921066118153,0.5247017854348255,Reject,"Gender, Age, ProgVar",2.0190481535505014,0.3690881522356936,0.224621742091985,0.5182498151137213,Reject,1.7843591936851133,Reject,Reject,1.572736857885324
0.8942129311473211,0.8682885003162065,0.1729709582183556,-0.003187525982026332,0.33696548602471416,Accept,"Gender, Age, ProgVar",1.5875334471204317,0.1729709582183556,0.0033049830980491045,0.34547079675044734,Reject,1.4516582175894177,Reject,Accept,0.8626288227317556
0.6028988615231375,0.8593437597274942,0.22009948525446588,0.07888787503761818,0.4393466128617174,Reject,"Age, ProgVar, X1",1.734886050632637,0.22009948525446588,0.054346366953361425,0.38534483183362683,Reject,1.7378367823127743,Reject,Accept,0.7523017059932836
0.9684798999388594,0.818518012300302,0.25682869831416266,0.10449096960251994,0.4394054254278942,Reject,"Gender, Age, ProgVar",1.8736292774874483,0.25682869831416266,0.07801363276186689,0.41927212068544567,Reject,1.7701879130682534,Reject,Reject,1.5200885616842406
0.8647199476517266,0.8927659160981749,0.21756443804771025,0.13633010592876663,0.3759358638772339,Reject,"Gender, Age, ProgVar",1.4933106547933006,0.21756443804771025,0.08789687798749135,0.33695895642507656,Reject,1.6104733757673595,Reject,Accept,0.8051845509842873
0.551590022418076,0.8635471704819598,0.33749542253759224,0.15791319093312417,0.47651840521292993,Reject,"Gender, Age, ProgVar",1.7612580718986277,0.33749542253759224,0.18397880474544995,0.49750064950728873,Reject,1.5108028201029706,Reject,Accept,0.6033982760688631
0.53925478219575,0.8295913218915889,0.30902389689762744,0.14723762905399784,0.4966361130291925,Reject,"Gender, Age, ProgVar",2.206237650564061,0.30902389689762744,0.13831386152984904,0.4728334299399164,Reject,1.9210779123631514,Reject,Reject,1.547159602645921
0.7446575824328543,0.8762669671694681,0.23859053786634718,0.09287711953317014,0.386941902322099,Reject,"Gender, Age, ProgVar",1.5425645993861652,0.23859053786634718,0.08732310179094395,0.38554028384701894,Reject,1.441627715455909,Reject,Accept,1.145318705634943
0.7007828984972971,0.8044411828303782,0.3387756584486023,0.17495963142239052,0.493525254966372,Reject,"Gender, Age, ProgVar",1.5729723048362905,0.3387756584486023,0.17990142103696544,0.4910842605090532,Reject,1.6047337694089134,Reject,Accept,1.1102523925420555
0.63036253014269,0.8835520892719185,0.2781269002975167,0.154682966856613,0.5376195413057683,Reject,"Gender, Age, ProgVar",1.5884524523370627,0.2781269002975167,0.07100336470668037,0.4631282642969079,Reject,1.461038252849908,Reject,Reject,1.1873032635578118
0.8071032250893129,0.7816201694354853,0.29828657914758394,0.10070725003983379,0.45518438196618277,Reject,"Gender, Age, ProgVar",1.6151688178861117,0.29828657914758394,0.12272280199948084,0.4859618631773612,Reject,1.596342912330979,Reject,Reject,1.20438028299443
0.7324292990910521,0.8733346393186081,0.3107471262352416,0.14713010388248735,0.4546862402008064,Reject,"Gender, Age, ProgVar",1.7288883424936747,0.3107471262352416,0.1682247519371774,0.4496416575796195,Reject,1.5600206772077405,Reject,Accept,0.09430806003267865
0.5189013324759398,0.7389593283527105,0.3351475113810521,0.17458046808687538,0.48342884170855727,Reject,"Gender, Age, ProgVar",1.510014542627053,0.3351475113810521,0.1776983089532406,0.4827909217302396,Reject,1.4328235289960938,Reject,Reject,1.484229091420703
0.632215483754458,0.8280481837094764,0.27868359910531315,0.13371476115585368,0.4479528553613573,Reject,"Gender, Age, ProgVar",1.8887952185342511,0.27868359910531315,0.11726342172275103,0.42921322058639894,Reject,1.611821299054543,Reject,Accept,1.0281971874373235
0.6308445907741257,0.8297132705079172,0.4005642286895852,0.24205315655716197,0.621131412014883,Reject,"Gender, Age, ProgVar",1.4777654451270001,0.4005642286895852,0.21163128538223683,0.5949497603671227,Reject,1.589849145440156,Reject,Accept,0.9939815227433896
0.6842032446345196,0.9437206266095837,0.28096503043879034,0.07221836080909709,0.4336525688000048,Reject,"Gender, Age, ProgVar",1.6450060647636764,0.28096503043879034,0.10764746872536872,0.46118475677435267,Reject,1.8604989318052068,Reject,Accept,0.673825591022821
0.36202640146458875,0.7730316112533004,0.4429192201595817,0.30302336220014586,0.6268545599308133,Reject,"Gender, Age, ProgVar",1.428228472701907,0.4429192201595817,0.27931999212709363,0.6068456875726409,Reject,1.4143888439403123,Reject,Accept,0.8956086177399337
0.4276995197419895,0.8023566265890254,0.36698842891272887,0.23919882581880697,0.5537884439170614,Reject,"Gender, Age, ProgVar",1.743849375483935,0.36698842891272887,0.21886267657388314,0.5124592511804767,Reject,1.5086906368806154,Reject,Reject,1.3423814590626537
0.7234851391058038,0.854374681025678,0.24555020465711608,0.09016851297795896,0.39523302983112674,Reject,"Gender, Age, ProgVar",1.7545756835193658,0.24555020465711608,0.08656131937719169,0.39940428204755385,Reject,1.7449404070043562,Reject,Accept,1.1776245677527792
0.7549582500559611,0.858989111264438,0.2621331357271876,0.104582792852941,0.4654620378040416,Reject,"Gender, Age, ProgVar",1.52640409523778,0.2621331357271876,0.08134964979141648,0.4530739019899346,Reject,1.7306947408866085,Reject,Accept,0.7428575255109222
0.5459971672479916,0.8678178704331231,0.30379557949140473,0.14254803093522353,0.4524865028533424,Reject,"Gender, Age, ProgVar",1.6773421366016317,0.30379557949140473,0.14000482109928314,0.44804409253669636,Reject,1.5579815158141326,Reject,Accept,0.9377924546995549
0.6146646166514085,0.8152863781870917,0.1997795701502218,0.0748698711923812,0.373887675708591,Reject,"Gender, Age, ProgVar",1.378231503304677,0.1997795701502218,0.05428480856075075,0.3464606976231769,Reject,1.4062182307027964,Reject,Reject,1.1648940145055218
0.5639749574851223,0.8331604574243313,0.22775361101303365,0.12454404765144317,0.4032684336566387,Reject,"Gender, Age, ProgVar",1.480696922284653,0.22775361101303365,0.08943850217763709,0.36644526940407673,Reject,1.3696268844012889,Reject,Accept,1.0058012737195303
0.4974207763305312,0.798050819608716,0.3941887141946292,0.22392047265078668,0.5679388979007269,Reject,"Gender, Age, ProgVar",1.993618503902494,0.3941887141946292,0.22598506890577807,0.5584201745524648,Reject,1.9049855415590722,Reject,Reject,1.6955966501807425
0.6206571029965979,0.8549688461624085,0.30631564206818024,0.12928602336585132,0.4528626000325275,Reject,"Age, ProgVar",1.7678763894342715,0.30631564206818024,0.16879198116325084,0.4449598509918342,Reject,1.6570203489695203,Reject,Accept,0.9626671172825295
0.7410380413184167,0.8399639591686465,0.2929055153251151,0.18617563150195113,0.5339286794339958,Reject,"Gender, Age, ProgVar",1.5648718495975993,0.2929055153251151,0.11813944415392603,0.46091972375912005,Reject,1.5375494043815991,Reject,Accept,0.48508461351729804
0.5421041721144614,0.8603207965493661,0.2985289256346968,0.1410841747324446,0.45960205251889374,Reject,"Gender, Age, ProgVar",1.7169153891485422,0.2985289256346968,0.13770014898582694,0.4572898668899462,Reject,1.6415094544890367,Reject,Accept,0.4130025282761819
0.7312206384590538,0.926627011126869,0.15483638356626767,0.018116389999875672,0.32720144299012444,Reject,"Gender, Age, ProgVar",1.347336935179862,0.15483638356626767,-0.0019253985088731676,0.29699603799859486,Accept,1.477170510121035,Reject,Accept,0.5898510413225355
0.6168492523755053,0.9255428456661241,0.33390095982873685,0.131764580282825,0.5362934334306696,Reject,"Gender, Age, ProgVar",1.5053137247469364,0.33390095982873685,0.13868758501204595,0.5337613493105723,Reject,1.5614693032101343,Reject,Accept,0.9131400540773202
0.44003859199626627,0.7894321619019259,0.2934396542925187,0.17368261466713958,0.4485203019698089,Reject,"Gender, Age, ProgVar",1.4083755947340963,0.2934396542925187,0.15454918900189507,0.4400493522193005,Reject,1.246875819105525,Reject,Accept,1.1239683447061029
0.7518534516849326,0.8414315748761447,0.3682680665228246,0.18731289548201274,0.5190530641287809,Reject,"Gender, Age, ProgVar",1.6748552568703594,0.3682680665228246,0.19677099122596287,0.5317305779996474,Reject,1.6941627236415389,Reject,Accept,1.0864625307089761
0.5109731291441476,0.8618822375271625,0.4128110756781032,0.16020519384160953,0.6451155039920838,Reject,"Gender, Age, ProgVar",1.356988961251264,0.4128110756781032,0.17765316548003263,0.6495186653914968,Reject,1.4331949654266147,Reject,Accept,0.8630490798153627
0.7762095304371819,0.8458552695656888,0.24522814613697516,0.12209325880388966,0.39219635209337556,Reject,"Gender, Age, ProgVar",1.3174653863502344,0.24522814613697516,0.11439899340423951,0.365289147863974,Reject,1.4040741770875746,Reject,Accept,0.981593174525446
0.5489307024134941,0.7990139813117658,0.29791903776247514,0.1740339756494681,0.4810515556057893,Reject,"Gender, Age, ProgVar",1.9425809244653045,0.29791903776247514,0.14922261280159457,0.44367314826289195,Reject,1.7429271771915862,Reject,Reject,1.775021645748114
0.5320065708696179,0.7771037973892426,0.3512288678585706,0.15934779221852702,0.5317631458584937,Reject,"Gender, Age, ProgVar",1.5887693199255974,0.3512288678585706,0.1778384323177269,0.5238132312253247,Reject,1.573805511076337,Reject,Reject,1.139667582879566
0.4643676052254359,0.8382699007443053,0.3360762963152995,0.18770476554837576,0.4877794106762721,Reject,"Gender, Age, ProgVar",1.2390153613736354,0.3360762963152995,0.18143653936769347,0.48343287612978353,Reject,1.2957185338619024,Reject,Accept,0.7874966398601029
0.7387653504234999,0.8128447108124791,0.35747478641073366,0.18357688216788662,0.49326119733981605,Reject,"Gender, Age, ProgVar",1.799765273775484,0.35747478641073366,0.20702537438466415,0.5044718589975554,Reject,1.653851459292286,Reject,Accept,0.6525291633268007
0.7428086520185146,0.8656655389479975,0.32884619787878977,0.1575881276620716,0.5137656962649908,Reject,"Gender, Age, ProgVar",1.7273684882337215,0.32884619787878977,0.1636787629734175,0.4969709198728535,Reject,1.6554406521146459,Reject,Accept,1.1771896359179628
0.8520767656786551,0.8909618043084968,0.3013526970147605,0.1476092147002735,0.4374138922340405,Reject,"Gender, Age, ProgVar",1.726937728473927,0.3013526970147605,0.14948840725243548,0.44563421707855855,Reject,1.6060306988556283,Reject,Reject,1.6280663856432336
0.5802519278770548,0.7716653597382663,0.30392504638597706,0.1498727375662781,0.4466068583623529,Reject,"Gender, Age, ProgVar",1.4597518511294683,0.30392504638597706,0.16089475275984785,0.44952749922207114,Reject,1.498565828784735,Reject,Reject,1.360098234869694
0.6217337904931028,0.9034410653237239,0.2177777576284964,0.05224582645117329,0.3903096863571971,Reject,"Gender, Age, ProgVar",1.387785721504591,0.2177777576284964,0.06410196623061261,0.37892305031854095,Reject,1.3833343017388113,Reject,Accept,0.8331823070359258
0.7329566768110544,0.8470016371753073,0.20142533927875128,0.04634507102984349,0.39808512325043566,Reject,"Gender, Age, ProgVar",1.7874858611863678,0.20142533927875128,0.03315326628616344,0.3681713834063822,Reject,1.4989379497580644,Reject,Accept,0.6482024241969139
0.5953558081048642,0.7961466731953819,0.29341138305979747,0.11700119428459207,0.48221999906134067,Reject,"Gender, Age, ProgVar",1.2100090263587129,0.29341138305979747,0.11556247840404447,0.47821769769667716,Reject,1.3925640885413721,Reject,Accept,0.7636944165023879
0.5873193800720498,0.8614204079380428,0.19541134110484037,0.10579854552546117,0.41032027314031044,Reject,"Gender, Age, ProgVar",1.2542249538020827,0.19541134110484037,0.05484005332819328,0.3428381367674635,Reject,1.4839000519353749,Reject,Accept,0.649960903723386
0.7369609521662456,0.9239204546850803,0.15156355694769688,0.0602924699896762,0.45228252889199305,Reject,"Gender, Age, ProgVar",1.8373696482471866,0.15156355694769688,-0.04787458775290414,0.34392657754717487,Accept,1.608931577907274,Reject,Reject,1.4047340949815914
0.7147796441955128,0.8733564293125207,0.11774797372590032,0.019427739782963693,0.3260648369536419,Reject,"Gender, Age, ProgVar",1.940366067480843,0.11774797372590032,-0.039739552922187796,0.2741319939273023,Accept,1.6261145487566753,Reject,Reject,1.3246883618561596
0.4615881333325097,0.8436501051699574,0.31805069824144383,0.18124913193909972,0.47141526668146555,Reject,"Gender, Age, ProgVar",1.2774809253677812,0.31805069824144383,0.18083899923828034,0.458812314624522,Reject,1.2093469167396134,Reject,Reject,1.4283698640356803
0.6812627036525328,0.8614765588204635,0.2535339645112105,0.12188946083400443,0.4097584188322266,Reject,"Gender, Age, ProgVar",1.462458513579865,0.2535339645112105,0.10952246626798991,0.39856203699679227,Reject,1.397541419899351,Reject,Reject,1.3909198247513406
0.7478436056353066,0.9432765588298767,0.17316788023406196,-0.0014231196765821666,0.31528628218927746,Accept,"Gender, Age, ProgVar",1.6157903680076702,0.17316788023406196,0.008053937675692749,0.32861841974839523,Reject,1.5145931774453296,Reject,Accept,0.8365491937145295
0.46411645629169057,0.795070993108439,0.3912064206389035,0.24454114605809937,0.5560623097898154,Reject,"Gender, Age, ProgVar",1.4017090828377792,0.3912064206389035,0.23521474851398316,0.5508976236095434,Reject,1.4272735593971126,Reject,Reject,1.4447589051719172
0.7895336744836247,0.8915512594430713,0.10020814251019743,-0.032706775506998485,0.23167034135591716,Accept,"Gender, Age, ProgVar, X2",1.0953964787504327,0.10020814251019743,-0.022602093559708165,0.23801762834933168,Accept,1.2176986993581835,Reject,Reject,1.3335166420364704
0.45459895045491466,0.8588200948732796,0.4617820667216455,0.2624141671853692,0.572714198684313,Reject,"Gender, Age, ProgVar",1.8557812662246715,0.4617820667216455,0.31407730246495275,0.6089879880531041,Reject,1.6221344117318799,Reject,Accept,0.8668291452094825
0.7988774325994069,0.808901195171544,0.2659116387170133,0.11340333739988909,0.39625509626373245,Reject,"Gender, Age, ProgVar",1.6960855930502137,0.2659116387170133,0.13536165605879721,0.40117921733118295,Reject,1.7279310937672587,Reject,Accept,0.6936852257045365
0.4145963818764548,0.769295645854123,0.38095991813295793,0.2079528379711202,0.5275862134562634,Reject,"Gender, Age, ProgVar",1.2742567281176544,0.38095991813295793,0.2319140224379261,0.5355377567206492,Reject,1.41443181269907,Reject,Accept,0.7276174186318715
0.8448654955282101,0.8835485279348252,0.312013836777178,0.07476026090155394,0.500621305392221,Reject,"Age, ProgVar",1.6439198888656008,0.312013836777178,0.13554229526057326,0.4858519519756888,Reject,1.7250004470810283,Reject,Accept,0.7987915046655734
0.5411408244479032,0.8599560565254163,0.33075511959743914,0.1766318749904483,0.5208564641717004,Reject,"Gender, Age, ProgVar",1.3141041146100063,0.33075511959743914,0.16170654419088543,0.49807673659043267,Reject,1.426801692486154,Reject,Accept,0.6056810584632505
0.9202905869312858,0.903024888250566,0.15361863543014354,-0.008176518782631056,0.29106975481591224,Accept,"Gender, Age, ProgVar",1.4002036713524169,0.15361863543014354,-0.0015675601943127976,0.3028318354763466,Accept,1.5565530927022906,Reject,Reject,1.3989376663579485
0.40523431895681045,0.8587594565259091,0.3209909047516079,0.14203809732593622,0.5150348841637482,Reject,"Gender, Age, ProgVar",1.2842277659814076,0.3209909047516079,0.13655720571953467,0.49121434074228,Reject,1.4194529863542968,Reject,Accept,1.1955270410433116
0.6894551089819766,0.7639065693839187,0.2905826228730844,0.11233604034197917,0.44559538434630935,Reject,"Gender, Age, ProgVar",1.3653371434227868,0.2905826228730844,0.12446776992507269,0.46221315658051637,Reject,1.4542377461698155,Reject,Reject,1.0855966450970012
0.84053762335458,0.9061951282689228,0.15544441198745007,0.009512944665119205,0.3453640522761988,Reject,"Gender, Age, ProgVar",1.9421287795021147,0.15544441198745007,-0.0031265517924812572,0.317054088379559,Accept,1.8661595821244727,Reject,Accept,0.9704200591533926
0.5202482017310557,0.7811886837563727,0.2954117647204075,0.16454610554631457,0.4548865964875244,Reject,"Gender, Age, ProgVar",1.384505546324118,0.2954117647204075,0.14900373573910267,0.44080601108375855,Reject,1.3922967089038747,Reject,Reject,1.2410412605559098
0.4957392226346482,0.7706879064181594,0.36210477483715453,0.18205094581181971,0.5251029181759886,Reject,"Gender, Age, ProgVar",1.6323742419339857,0.36210477483715453,0.19622583004725289,0.5313423282746921,Reject,1.62040144580256,Reject,Accept,1.09680838940619
0.8695189607122913,0.9393157187643774,0.1867566185677256,0.020171679184899045,0.3407183580232911,Reject,"Gender, Age, ProgVar",1.4356486979094287,0.1867566185677256,0.03307385249347432,0.3363667826558586,Reject,1.4333958316590876,Reject,Accept,0.8481942441787791
0.5297695840160374,0.8912339830576225,0.23124596532800265,0.0758565489475305,0.41453079481108873,Reject,"Gender, Age, ProgVar",1.3156207009690748,0.23124596532800265,0.04752965825535179,0.3883229734059689,Reject,1.244910258705819,Reject,Reject,1.3751927721139916
0.5975555896925815,0.7629123465058306,0.3367732527444866,0.20388971631065447,0.47980625022997825,Reject,"Gender, Age, ProgVar",1.2649394176731397,0.3367732527444866,0.20723483926837646,0.4708470687298128,Reject,1.3033505217212167,Reject,Accept,1.0808092114830037
0.3780192671266695,0.7712148021213698,0.5215684788038975,0.36180597042696827,0.6565879135220247,Reject,"Gender, Age, ProgVar",1.6596566940901738,0.5215684788038975,0.375438453364578,0.6571957210244702,Reject,1.488395739932467,Reject,Accept,1.2461327620359886
0.7257976157060688,0.8580180915212148,0.17282075968582622,8.173738595430025e-4,0.31388702505068966,Reject,"Gender, Age, ProgVar",1.1557456281043605,0.17282075968582622,0.02195087422447125,0.3282970464946078,Reject,1.3363377413915345,Reject,Reject,1.4918006743460903
0.8406463491963376,0.7287107963152996,0.2737268958261464,0.15675267928805783,0.4349745722199,Reject,"Gender, Age, ProgVar",1.4728640240437962,0.2737268958261464,0.1367774926550606,0.427235154378804,Reject,1.6494545271710883,Reject,Accept,0.7272961458956442
0.6613939265802539,0.9154007929627984,0.22437651210131157,0.07519083439146981,0.3709960247310518,Reject,"Gender, Age, ProgVar",1.3364456846614166,0.22437651210131157,0.07790148989131271,0.3641455832697341,Reject,1.2957153349092962,Reject,Accept,0.8101264489042234
0.5740499657684952,0.8886518228715664,0.36295608185681283,0.23006668741486033,0.5229068261849057,Reject,"Gender, Age, ProgVar",1.4398955235189521,0.36295608185681283,0.21916630429483025,0.5003041638963652,Reject,1.4867542222537782,Reject,Accept,0.3880270107149269
0.7835145738723622,0.8954257080571539,0.18000611259763044,0.00813005776124942,0.3526712987555796,Reject,"Gender, Age, ProgVar",1.5056501373451256,0.18000611259763044,0.019893044640736796,0.3394631042537225,Reject,1.4517887920822927,Reject,Reject,1.2178534540241663
0.8268255499105782,0.8976051331769275,0.1265601527575133,0.01993811737396662,0.27194973331361233,Reject,"Gender, Age, ProgVar",1.4528772477484353,0.1265601527575133,-0.0058041357516651765,0.25890188987377627,Accept,1.5353108721071362,Reject,Accept,0.7532576368415773
0.8344003452690242,0.927155073693876,0.11796234686879797,-0.023361492519738083,0.25874385295495184,Accept,"Gender, Age, ProgVar",1.62973791650749,0.11796234686879797,-0.02742776176104474,0.2559527447817645,Accept,1.593536408203968,Reject,Accept,0.14898444539644037
0.6312484361437682,0.8441217647169624,0.274564737780134,0.09503704879499181,0.437296777374717,Reject,"Gender, Age, ProgVar",1.5498994075324324,0.274564737780134,0.09044220329756852,0.450964256091548,Reject,1.6846164127613783,Reject,Accept,0.5158998810363327
0.8020397119761843,0.7997015671107971,0.2775365021251856,0.13472775539720214,0.44304339654495206,Reject,"Gender, Age, ProgVar",1.3741296394560027,0.2775365021251856,0.12686290602286981,0.4404011652509548,Reject,1.5500920493776351,Reject,Accept,0.5035490673655402
0.6953077670097999,0.8886418309709636,0.20226179049817827,0.05868255325582854,0.38831004253930157,Reject,"Gender, Age, ProgVar",1.7273390714590462,0.20226179049817827,0.030738783834991124,0.35294730173462957,Reject,1.5252584885258949,Reject,Reject,1.2622949468338656
0.6990680671001884,0.7946555146225087,0.3350789692796582,0.16451951247172064,0.4815663347384604,Reject,"Gender, Age, ProgVar",1.8610752307164207,0.3350789692796582,0.16765472381649044,0.48961883118891636,Reject,1.5696449136226054,Reject,Accept,1.0435052543021666
0.6076326002686728,0.8098781291045825,0.3032527553077925,0.15722410851978452,0.4433997563950389,Reject,"Gender, Age, ProgVar",1.2080434912345894,0.3032527553077925,0.17343332748762785,0.4527050207257356,Reject,1.1959012008366472,Reject,Reject,1.0672760672380288
0.7108109504291134,0.8572625913388725,0.24740401203680407,0.06582807193740486,0.4162362173191737,Reject,"Gender, Age, ProgVar",1.4613054128204381,0.24740401203680407,0.08128958248720347,0.4047362932391851,Reject,1.5282075920949465,Reject,Accept,0.6541800572161544
0.5977407665981176,0.7066803177328675,0.30437394148151725,0.18153839145479445,0.5497151165725365,Reject,"Gender, Age, ProgVar",1.7439416518999562,0.30437394148151725,0.12384552729052292,0.47950661778542447,Reject,1.7908003622879056,Reject,Reject,1.7729068905281593
0.28047503718011246,0.7591832618363746,0.4327244120997241,0.2986247733867955,0.6134478103532226,Reject,"Gender, Age, ProgVar",1.3798534024423796,0.4327244120997241,0.27347239970386067,0.5864422842053268,Reject,1.5605708395730133,Reject,Accept,1.174358307984798
0.6239189863731577,0.8846898848403631,0.24369522150523892,0.09967110062986663,0.3993885005631487,Reject,"Gender, Age, ProgVar",1.8414679389596285,0.24369522150523892,0.09490417659048773,0.39484135683884725,Reject,1.674027633846987,Reject,Accept,1.1506184625836646
0.8881202482849497,0.8833637518347285,0.18446497905946574,-0.016158388935408774,0.32857056440688676,Accept,"Gender, Age, ProgVar",1.5754976415008455,0.18446497905946574,0.01734137606547876,0.36588693839527164,Reject,1.5891134604813686,Reject,Accept,1.1042789339550338
0.6760448138466774,0.9157351214212156,0.1249027029346174,0.004140602157207664,0.3110772104963582,Reject,"Gender, Age, ProgVar",1.3878221868540908,0.1249027029346174,-0.029507931204370275,0.2705089528797059,Accept,1.1729141125775921,Reject,Accept,0.08272936896371173
0.5027762365156232,0.7859317970109757,0.3724008515241529,0.21039661106167817,0.5366317795050545,Reject,"Gender, Age, ProgVar",1.3262230291415937,0.3724008515241529,0.21549251851893128,0.5334172351625485,Reject,1.3685792430330992,Reject,Accept,0.8733748577988234
0.6205645864120204,0.8784326123975567,0.24211731740224457,0.11281878100234202,0.37990465371042026,Reject,"Gender, Age, ProgVar",1.5798739414090657,0.24211731740224457,0.11255248001469009,0.3818471992762889,Reject,1.5948304374661797,Reject,Accept,0.8416291340494941
0.7894155480800391,0.8903095125334856,0.22806370047341357,0.07443516161934503,0.39118320511604143,Reject,"Gender, Age, ProgVar",1.6082562119098924,0.22806370047341357,0.07509636039165343,0.3847159416916594,Reject,1.4746961819188855,Reject,Reject,1.3541560194817386
0.9287666078427683,0.9423474388188046,0.14547244420539035,-0.0132071431563041,0.3171142861069158,Accept,"Gender, Age, ProgVar",1.9332569942779505,0.14547244420539035,-0.021972860485789197,0.3000949734142077,Accept,1.5387479650425937,Reject,Reject,1.2166332251401808
0.4899329031817401,0.7651409773097047,0.40487566076190334,0.2074809442126607,0.6040359854350574,Reject,"Gender, Age, ProgVar",1.4742206788898842,0.40487566076190334,0.20735090061782827,0.6207914537683644,Reject,1.688540214914273,Reject,Accept,0.8902575862736222
0.8591059839771024,0.9475378880589801,0.1983234233915023,0.03331929480196631,0.3478842723526045,Reject,"Gender, Age, ProgVar",1.5890434238411695,0.1983234233915023,0.05088695579366434,0.3559287502315032,Reject,1.6220497573763684,Reject,Reject,1.2473224445325668
0.25660791283939655,0.7431404765331304,0.5267347720858994,0.35854465297892457,0.7437686151881923,Reject,"Gender, Age, ProgVar",1.289607138631221,0.5267347720858994,0.3462415450091844,0.7190388541662149,Reject,1.395503352760063,Reject,Reject,1.2424628859365525
0.6376725979200211,0.8510787819705897,0.21262566131480004,0.06883176190072703,0.34469453174107123,Reject,"Gender, Age, ProgVar",1.5855759976602881,0.21262566131480004,0.07721610503714015,0.33472932241627684,Reject,1.5876864475053636,Reject,Accept,1.0873572367495385
0.5072925841091523,0.9497925016924461,0.1832136062103668,0.03663622645718018,0.37980300982054216,Reject,"Gender, Age, ProgVar",1.4889166796513087,0.1832136062103668,0.01995388761425099,0.3454045104113984,Reject,1.2699347525250884,Reject,Accept,1.014933263299707
0.4248602493036167,0.8694055858403088,0.2852270221615353,0.16147142010436824,0.5060041034881309,Reject,"Gender, Age, ProgVar",1.6948850184224946,0.2852270221615353,0.11676823547230636,0.45840319347850567,Reject,1.5397607217195701,Reject,Accept,1.253461951005414
0.7792694025909181,0.9066282401193986,0.3042005362784243,0.12343236813343299,0.4759337087496942,Reject,"Gender, Age, ProgVar",1.6360110671222516,0.3042005362784243,0.14351893494174373,0.4979548053957782,Reject,1.4492218535856676,Reject,Accept,0.6833732483681098
0.4890215835977976,0.8204042932919717,0.35895142512704725,0.23494790787965708,0.5545456081902103,Reject,"Gender, Age, ProgVar",1.4442598800032633,0.35895142512704725,0.1920131973934061,0.5169034093769137,Reject,1.5371263943249636,Reject,Accept,0.5189961362893013
0.8357764807290665,0.8600970057813284,0.23350185004510127,0.08719840492087275,0.4287498634844276,Reject,"Gender, Age, ProgVar",1.5646133672835438,0.23350185004510127,0.054031847038460604,0.4030309681955241,Reject,1.491053419595343,Reject,Reject,1.148524569658134
0.6810359359292046,0.9127094805690477,0.1469281660385317,-0.014162808671992183,0.3773464762891681,Accept,"Gender, Age, ProgVar",2.089525197350946,0.1469281660385317,-0.043092631478343746,0.35605733107508997,Accept,1.939150297751479,Reject,Accept,1.0421522226992816
0.8091330811425099,0.9556123935865668,0.1907690388747572,0.02344774186419181,0.3131207095098263,Reject,"Gender, Age, ProgVar",1.4420712303202448,0.1907690388747572,0.04129303027628009,0.32800812009998853,Reject,1.352622773543334,Reject,Accept,1.010773300862041
0.4519794097916836,0.7826027012395993,0.41620982262441614,0.24768352634818508,0.6271633542470179,Reject,"Gender, Age, ProgVar",1.3205060028758435,0.41620982262441614,0.22304937533686328,0.6051895514309712,Reject,1.2538550409538036,Reject,Reject,1.3564800435363722
0.8295287734490836,1.0048096257181085,0.12013940551575736,-0.018911462290397044,0.3482760539633751,Accept,"Gender, Age, ProgVar",1.4525967832947493,0.12013940551575736,-0.06500757211245961,0.31624715585056956,Accept,1.443691941797068,Reject,Accept,0.33788903246231305
0.6792527314841454,0.8032897363050403,0.19392516397241097,0.10315968416901626,0.3426436312247483,Reject,"Gender, Age, ProgVar",1.3429558580286507,0.19392516397241097,0.0735564584384,0.30921768683304923,Reject,1.5089669972937854,Reject,Reject,1.4256251617705744
0.6659313241176736,0.9215308570278508,0.18806136690485784,0.06636140825195844,0.4257593471251779,Reject,"Gender, Age, ProgVar",1.4770061718824377,0.18806136690485784,0.020891674761511048,0.3468105511108385,Reject,1.5393644007022727,Reject,Accept,0.5200954112696714
0.5184537697263494,0.869204321012023,0.28039130945539775,0.13396318800122708,0.4395111263790231,Reject,"Gender, Age, ProgVar",1.4101202891277074,0.28039130945539775,0.11378184856435777,0.44789847148508477,Reject,1.5280903756581607,Reject,Reject,1.2576070342548382
0.67652844046026706,0.863185629987512,0.2455267495399855,0.12290056186720939,0.4735904216648018,Reject,"Gender, Age, ProgVar",1.5292047492047212,0.2455267495399855,0.06051901351790486,0.4074941375867749,Reject,1.4601063315417553,Reject,Accept,0.18769455837667498
0.7384846385315944,0.84283609591255515,0.2672753550540071,0.16892363581372755,0.4842754245031492,Reject,"Gender, Age, ProgVar",1.5653439980808375,0.2672753550540071,0.11166880607594676,0.4244524254896669,Reject,1.6814517872193815,Reject,Accept,0.9613465736636267
0.7905279827327995,0.9138079690225628,0.2313724744682502,0.09091686725771037,0.4214191842057039,Reject,"Gender, Age, ProgVar",1.4596592927166467,0.2313724744682502,0.05666782497947782,0.3933813140315651,Reject,1.4796859210378626,Reject,Accept,1.1327054540399022
0.7949025838777048,0.92175237422299,0.14530308089988384,-0.009318021581435878,0.3041829543698695,Accept,"Gender, Age, ProgVar",1.7639914040415838,0.14530308089988384,-0.020563123630861678,0.29701801647496046,Accept,1.696520231519587,Reject,Accept,0.6623250226657088
0.6105401591095596,0.8284295734530016,0.31541636140668833,0.15435187428630742,0.48479040319212696,Reject,"Gender, Age, ProgVar",1.5826094861932314,0.31541636140668833,0.1419204732087201,0.4751831631107929,Reject,1.4957854780492403,Reject,Accept,1.072537999290465
0.7403396868600074,0.9337010155807994,0.1939027936161749,0.0016088369012427772,0.4287537622212325,Reject,"Gender, Age, ProgVar",1.6413807129474574,0.1939027936161749,-0.038438678670703844,0.398568990721637,Accept,1.7739123800776824,Reject,Accept,0.6894997759180123
0.4334179693323352,0.7968551446075793,0.4038677031190989,0.26092509246901535,0.5854009707359804,Reject,"Gender, Age, ProgVar",1.9695176721082006,0.4038677031190989,0.24220517858225274,0.5680808999253553,Reject,1.7887517878644281,Reject,Reject,1.5339119555858547
0.508839706221867,0.8750197211786918,0.326742198930537,0.15859471827032673,0.5543085570644325,Reject,"Gender, Age, ProgVar",1.587377032205129,0.326742198930537,0.12877494731034247,0.5132318765898326,Reject,1.7000224355835274,Reject,Accept,0.4343319875995287
0.5642378297879826,0.9111700380007972,0.26281797269551926,0.1441723091905606,0.4925430734179955,Reject,"Gender, Age, ProgVar",1.4991228590008479,0.26281797269551926,0.08528399524095445,0.4423427784277493,Reject,1.64232532133017,Reject,Accept,0.49436497251359385
0.444035279718327,0.8329592121828759,0.31298213237962746,0.14160222703301728,0.48361551448298484,Reject,"Age, ProgVar, X1",1.3164292343010693,0.31298213237962746,0.16353749280578328,0.46892000461479,Reject,1.5022626264284185,Reject,Reject,1.183917471210956
0.6780540071535113,0.8653906231824647,0.31055574033383193,0.15785386300009768,0.46101447656913214,Reject,"Gender, Age, ProgVar",1.2311527076679631,0.31055574033383193,0.16540944274568517,0.4590465383739739,Reject,1.519597394103764,Reject,Reject,1.3558901643493653
0.41003600573822546,0.8799247477919648,0.35634870350660275,0.15512370000789377,0.5775108185937062,Reject,"Gender, Age, ProgVar",1.5146311011112754,0.35634870350660275,0.13693316836971775,0.5731257569400512,Reject,1.4971946902035156,Reject,Accept,0.677006576791002
0.8172616737407785,0.9011935696416021,0.26218802721092654,0.16995798644032412,0.48344122632948516,Reject,"Gender, Age, ProgVar",1.7285728232410793,0.26218802721092654,0.09825495715761046,0.4233908313163242,Reject,1.4433323498582553,Reject,Reject,1.3297509677329633
0.5758174868691607,0.8528785499298294,0.4671051197416807,0.1971537119493304,0.6461101817877388,Reject,"Age, ProgVar",1.5566516264718964,0.4671051197416807,0.2607662316782662,0.6676181386907675,Reject,1.5331865503094753,Reject,Accept,1.0204098477298893
0.5598816515349297,0.7844525283669548,0.339857781606218,0.24922145683221084,0.5718792643502025,Reject,"Gender, Age, ProgVar",1.228415816873792,0.339857781606218,0.1672237281390287,0.5059160358983826,Reject,1.5174142551533918,Reject,Accept,0.7935740572840715
0.2551098187675221,0.8310553558663304,0.45861018082941035,0.32195709792619565,0.7388127341391303,Reject,"Gender, Age, ProgVar",1.7538111170706288,0.45861018082941035,0.2311440273918888,0.6655624738690815,Reject,1.4477698170718214,Reject,Reject,1.1643433760851492
0.7411251670306616,0.8736315396275434,0.3090230837962915,0.1598614833405466,0.4480665609505968,Reject,"Gender, Age, ProgVar",1.5473506168828066,0.3090230837962915,0.16551332082193393,0.45853373477119974,Reject,1.4510907937157873,Reject,Accept,0.7718222149864288
0.5452888222881975,0.7584991630275439,0.30393182480956316,0.14515853996263325,0.4706513476563635,Reject,"Gender, Age, ProgVar",1.372477505014372,0.30393182480956316,0.14254733083855275,0.46380155413583146,Reject,1.4521460540346554,Reject,Reject,1.3182818725080263
0.675777494107853,0.8311713078256732,0.2021113319468676,0.07916445877712552,0.32173478504581804,Reject,"Gender, Age, ProgVar",1.605755688934241,0.2021113319468676,0.07947023602275786,0.3265940040105834,Reject,1.554469980674208,Reject,Accept,0.6022918854813347
0.881686273642535,0.8626095505695227,0.2097741528481176,0.04433128698540174,0.38260954644750983,Reject,"Gender, Age, ProgVar",1.4639202264018363,0.2097741528481176,0.04195784151113062,0.3796804236365902,Reject,1.4346492410902831,Reject,Accept,0.8787265014647665
0.7707097127700732,0.9866231211241578,0.16479307061079052,0.016105332244684578,0.4913186886286278,Reject,"Gender, Age, ProgVar",2.1260066664164317,0.16479307061079052,-0.06717637021904935,0.4178006417415874,Accept,1.6727198363598117,Reject,Accept,0.7905660658077702
0.621956196197613,0.8302757443681149,0.34835764042733947,0.23181987892151507,0.6059410620706424,Reject,"Gender, Age, ProgVar",1.8051551747682033,0.34835764042733947,0.17558975065300209,0.5289925969733927,Reject,1.535179888192119,Reject,Reject,1.173246354193848
0.7125532498299276,0.8316636517528969,0.2266916359349654,0.08185374853767881,0.37207150729346583,Reject,"Gender, Age, ProgVar",1.5017993450848766,0.2266916359349654,0.07599164610201722,0.3691741382417855,Reject,1.4116564721000042,Reject,Reject,1.7682297586388511
0.7086907638377428,0.9088611350953608,0.2252820666155476,0.04319175453354793,0.40946620370912906,Reject,"Gender, Age, ProgVar",1.3691067990776415,0.2252820666155476,0.05315310372589051,0.40344070323690623,Reject,1.4764641115662582,Reject,Accept,0.9282588026461934
0.829986599336421,0.8462018961952154,0.11890947177894773,0.050383983071095824,0.35732407009317424,Reject,"Gender, Age, ProgVar",1.261808769419211,0.11890947177894773,-0.041695718206568505,0.28080796699820426,Accept,1.465087876337228,Reject,Accept,0.9236032733120688
0.5131376477746615,0.8242882758369815,0.32400879136797545,0.20042858315470286,0.4999757641649956,Reject,"Gender, Age, ProgVar",1.1839220567337507,0.32400879136797545,0.17224946269855432,0.47887710928700467,Reject,1.429442449512149,Reject,Accept,0.8474162196614173
0.7330461247381203,0.9614996516403624,0.18724917890311482,-0.028727027377900456,0.3692980456196345,Accept,"Gender, Age, ProgVar",1.7811905811920588,0.18724917890311482,-0.01989700550219134,0.38468485823532206,Accept,1.6882262650693067,Reject,Accept,0.8083279795255603
0.6432706501516285,0.8886952639105016,0.18040148531818848,0.04732856722147887,0.36107761985362946,Reject,"Gender, Age, ProgVar",1.5288693592032985,0.18040148531818848,0.015279344723604687,0.33707292765074487,Reject,1.4247779806339782,Reject,Accept,1.06013076885398
0.8180031247881961,0.9381981036860683,0.2140859718312069,-0.03268831901439058,0.39078195339778954,Accept,"Gender, Age, ProgVar",1.7832136639046332,0.2140859718312069,0.007204592865669691,0.4367153978621215,Reject,1.654761284362823,Reject,Reject,1.3017959423570167
0.4450786506968221,0.8304354952137784,0.43588154840412024,0.24198270399428423,0.6086701203692941,Reject,"Gender, Age, ProgVar",1.5273076232810407,0.43588154840412024,0.2485772509810401,0.6178284508498929,Reject,1.423043765606317,Reject,Accept,0.21999857455600946
0.6450921443606694,0.7874003635613819,0.37632376213468377,0.23349590491218625,0.509447502129678,Reject,"Gender, Age, ProgVar",1.3186570105876485,0.37632376213468377,0.24467165320718243,0.5125334557408989,Reject,1.328158523491581,Reject,Accept,0.8977834222551908
0.6688644596175433,0.8887045161886636,0.19580658391366523,0.03283106517228347,0.3408274320235737,Reject,"Gender, Age, ProgVar",1.1550636956472935,0.19580658391366523,0.053581004019423076,0.35022481284322154,Reject,1.4763552846841004,Reject,Accept,0.7926824596222488
0.596272872535348,0.816748748843481,0.3199315059556519,0.16806268056505225,0.5467305313364068,Reject,"Gender, Age, ProgVar",1.3957576820861954,0.3199315059556519,0.1216825500624282,0.5002356091052421,Reject,1.4362202292787538,Reject,Accept,0.8098102444537295
0.7303177906778386,1.0272806653501831,0.06882014814874701,-0.12760423470008914,0.22851222263077248,Accept,"Gender, Age, ProgVar",1.492924973559196,0.06882014814874701,-0.0885879921347827,0.24118801575850934,Accept,1.4590594104614243,Reject,Accept,0.5224259074829579
0.604984256871131,0.8192603950284448,0.25118249550029564,0.08481537325526124,0.4718095787166278,Reject,"Gender, Age, ProgVar",1.3676528580675802,0.25118249550029564,0.07448572428328892,0.43153817462753774,Reject,1.3400806143990232,Reject,Accept,0.8245009364430989
1.0176412269738802,0.9477850131306663,0.024876781702079406,-0.13854589751970925,0.24135279812053287,Accept,"Gender, Age, ProgVar",1.6064935069237856,0.024876781702079406,-0.1666647605101812,0.2140831248595791,Accept,1.6818645872182927,Reject,Accept,0.8261719537613618
0.8305516079687267,0.7893343951099757,0.2461867846300945,0.08574349653802753,0.3884447324736411,Reject,"Gender, Age, ProgVar",1.7211649504310156,0.2461867846300945,0.09984318488006601,0.4044089292380521,Reject,1.7462583786563572,Reject,Reject,1.9834167885126737
0.7165458354709656,0.8285716807971052,0.36587347140325555,0.21959570085655317,0.5342648681434305,Reject,"Gender, Age, ProgVar",1.709618018376289,0.36587347140325555,0.20807874644053287,0.5216191490387024,Reject,1.5788029845805314,Reject,Reject,1.4308490773230584
0.5871771905521829,0.8733973808123499,0.19594400420759303,0.04722761991077999,0.3809452041437614,Reject,"Gender, Age, ProgVar",1.6713417110909825,0.19594400420759303,0.02319156959036691,0.37513892179428787,Reject,1.4038976437305084,Reject,Accept,1.0931793829255794
0.4590759458098258,0.8148882903179411,0.3595781849647807,0.18872656583824557,0.5083661965232928,Reject,"Gender, Age, ProgVar",1.5877703395722715,0.3595781849647807,0.1994830398873194,0.5149602573365062,Reject,1.6126936874233664,Reject,Accept,0.9501160132028706
0.6489286604427638,0.9014159972271549,0.24198190344286857,0.11973402128421995,0.43083310866532576,Reject,"Gender, Age, ProgVar",1.5158246960005572,0.24198190344286857,0.07831228782404967,0.40623391519697444,Reject,1.3332233758170424,Reject,Accept,1.1828277063819672
0.6833561660828456,0.8772481294538816,0.25204172675058706,0.09475742624764051,0.4373192185790465,Reject,"Gender, Age, ProgVar",1.4860048012445752,0.25204172675058706,0.07741847953531991,0.4185729597990992,Reject,1.5596333736014114,Reject,Accept,1.2488535263448202
0.4875616409464177,0.8304066997479401,0.4392096794737008,0.23989728526045234,0.5777914396566094,Reject,"Gender, Age, ProgVar",1.5752215439452089,0.4392096794737008,0.2757966956833233,0.6056333707811635,Reject,1.5167136276705875,Reject,Accept,0.8659621256311492
0.4815399501008031,0.7656399862235306,0.3839159243189776,0.25036604223256687,0.5535855358766434,Reject,"Gender, Age, ProgVar",1.3962893024703158,0.3839159243189776,0.22814600733858137,0.5362640079447932,Reject,1.573177787588865,Reject,Accept,1.2787681010029113
0.9231810232090588,0.8871380449746279,0.13083772384859746,-0.005357451750452713,0.2725285506229791,Accept,"Gender, Age, ProgVar",1.7798083912844083,0.13083772384859746,-0.01028105118695129,0.26390004609084894,Accept,1.672758752239645,Reject,Accept,1.2645600491370275
0.5517352452083831,0.8977590354222558,0.1924250954327571,0.026988433230596645,0.37968047790256626,Reject,"Gender, Age, ProgVar",1.479866747326684,0.1924250954327571,0.019331851245058894,0.37961864534178347,Reject,1.6183547601217938,Reject,Accept,0.7295764426735721
0.4890077695600402,0.7981182352860557,0.3710881278643169,0.26037139724270314,0.5662610544373555,Reject,"Gender, Age, ProgVar",1.5191473171857561,0.3710881278643169,0.22149927302596126,0.527571126132382,Reject,1.5406724151305105,Reject,Accept,1.1059708319740067
0.5507406929976154,0.7904032706501242,0.3942115363470438,0.2416509760402336,0.5049898229041614,Reject,"Gender, Age, ProgVar",1.7799659071789626,0.3942115363470438,0.2652459746369435,0.5171069976880518,Reject,1.5929703114699862,Reject,Reject,1.2490949489762555
0.9718994024784837,0.9942422835227724,0.025710322510076076,-0.10547838734437605,0.22634097785618393,Accept,"Gender, Age, ProgVar",1.5844601489638017,0.025710322510076076,-0.12536370963016413,0.1931612464067049,Accept,1.3727196641214114,Reject,Accept,1.1754880974620683
0.5892307810507627,0.8812232801124054,0.34330453162827135,0.18976369452095823,0.4929585268589403,Reject,"Gender, Age, ProgVar",1.6010365409505196,0.34330453162827135,0.18451928750133012,0.4857608352515944,Reject,1.6293450735338033,Reject,Accept,1.0266444775791186
0.8188638703563278,0.9083992309550795,0.17259160063550041,0.013893183752097846,0.3334414540887324,Reject,"Gender, Age, ProgVar",1.6447280063375522,0.17259160063550041,0.026222554701529385,0.33281544806648156,Reject,1.6877706657118963,Reject,Accept,0.8930670932187967
0.5891410667665463,0.8589408671270292,0.42588191518899843,0.28779877932745856,0.6161763682217117,Reject,"Gender, Age, ProgVar",1.4438518681524892,0.42588191518899843,0.26175961885377574,0.5837413905173863,Reject,1.51056051972773,Reject,Accept,0.7394239201421394
0.650424266898232,0.8646800743614371,0.2582811547262657,0.09268759525284005,0.4091848034512972,Reject,"Gender, Age, ProgVar",1.3081812538706792,0.2582811547262657,0.09816842572665188,0.4161852564520662,Reject,1.4562729933411982,Reject,Reject,1.1630770437410032
0.6774245151395881,0.9067586547021813,0.31008797413613104,0.12715175322164435,0.5064713861759763,Reject,"Gender, Age, ProgVar",1.706465501547862,0.31008797413613104,0.12459850210072473,0.5030300822494143,Reject,1.6295619649918702,Reject,Accept,1.1926190060423036
0.6033286471857704,0.8620850290503081,0.29387578864437497,0.10072278928376013,0.4034302437570927,Reject,"Gender, Age, ProgVar",1.000339477124668,0.29387578864437497,0.14315906762481753,0.4441711163072734,Reject,1.2501390696660517,Reject,Reject,1.2320178087984628
0.6457498472785936,0.7938971453108645,0.39101074878842207,0.2500072149376601,0.542434208953185,Reject,"Gender, Age, ProgVar",1.7676094881400628,0.39101074878842207,0.23417774384523019,0.5342803228128159,Reject,1.5931823715165419,Reject,Reject,1.550091396553557
0.39846707939852716,0.8902580647216729,0.3030585899466251,0.05329470438166985,0.5761810725992473,Reject,"Age, ProgVar",1.298553916493841,0.3030585899466251,0.07881873189737766,0.545025420637141,Reject,1.2414333231086963,Reject,Accept,0.719805092220099
0.959583294847043,0.9528170675783866,0.11218798110923185,-0.03764488585756965,0.2844303863235883,Accept,"Gender, Age, ProgVar",1.2371421242550766,0.11218798110923185,-0.04983392054984449,0.2805029821508097,Accept,1.2979617592166637,Reject,Accept,0.8244007973612425
0.36799550577051887,0.8276160706658295,0.42011110553944075,0.2652430757498112,0.6113397996939284,Reject,"Gender, Age, ProgVar",1.617627700317443,0.42011110553944075,0.24467527554377058,0.6053732097389282,Reject,1.6540771193912862,Reject,Accept,0.6293658974019565
0.5253750008809056,0.8378367481839554,0.3413237261327141,0.21825248266893654,0.520723189619375,Reject,"Gender, Age, ProgVar",1.4780651304470067,0.3413237261327141,0.18718909833943478,0.5025744809769667,Reject,1.4501910338665516,Reject,Accept,0.9762297809186102
0.6109883104428572,0.9029466442106504,0.16698981412106334,-5.348736224103715e-4,0.3385025831045322,Accept,"Gender, Age, ProgVar",1.1092591774512863,0.16698981412106334,-0.008999919034091466,0.32994084604668766,Accept,1.1808830650659659,Reject,Accept,0.6821867526923389
0.5859212057712512,0.9466770601543486,0.24361186794158676,0.07368668432350302,0.4139197147723754,Reject,"Gender, Age, ProgVar",1.3284246686196721,0.24361186794158676,0.07531081261631699,0.4190135338329649,Reject,1.399877632328551,Reject,Accept,0.6149641515641845
0.5641201780190699,0.8664396075681992,0.28315664621745423,0.1339092223238891,0.43884715888273534,Reject,"Gender, Age, ProgVar, X2",1.1106604639085003,0.28315664621745423,0.12364132823683077,0.4260737914608896,Reject,1.3549118204625554,Reject,Accept,0.639908735107134
0.5019381289699019,0.8109708972213139,0.3284497011618311,0.20271841992848488,0.5176658620673122,Reject,"Gender, Age, ProgVar",1.5228285319621166,0.3284497011618311,0.17442800449848164,0.48159920041860205,Reject,1.650853586795316,Reject,Reject,1.2707332121216406
0.551328572926271,0.8344203349133679,0.3367802047677776,0.2057223931762808,0.48833832205566385,Reject,"Gender, Age, ProgVar",1.4191230347120274,0.3367802047677776,0.18984817765097678,0.4818329964168163,Reject,1.3828677630382575,Reject,Accept,0.9708130559040385
0.4819595633694266,0.8235880466896571,0.3713103939703971,0.23182790319549101,0.544262578169819,Reject,"Gender, Age, ProgVar",1.5653481133983285,0.3713103939703971,0.2067297967186292,0.526568797213195,Reject,1.5943233126044618,Reject,Accept,0.9065713522504296
0.45228406437676344,0.8686592268864758,0.34843301850586583,0.21648603602942312,0.5494378744389603,Reject,"Gender, Age, ProgVar",1.348827744890549,0.34843301850586583,0.1839549436150108,0.5297082976190858,Reject,1.3321639031904937,Reject,Reject,1.5057933247050983
0.5061032553598566,0.8085891769500309,0.35496153471546116,0.18890663954445075,0.5566287049232536,Reject,"Age, ProgVar",1.6335410165689805,0.35496153471546116,0.19223547643885658,0.526235391285129,Reject,1.3392254971542203,Reject,Reject,1.3283410949061358
0.6768549495312203,0.8424201557604227,0.22671716474195497,0.05907671330427952,0.37576926330950555,Reject,"Gender, Age, ProgVar",1.3904785327584261,0.22671716474195497,0.07133395656989551,0.38020336635093327,Reject,1.4213352677943676,Reject,Reject,1.3789277114011316
1.030303226239776,0.9254953243789251,0.11060905288907877,-0.03683080160799218,0.3056261654460057,Accept,"Gender, Age, ProgVar",1.965010534699353,0.11060905288907877,-0.04322125623902438,0.268118439844672,Accept,1.7423932335547312,Reject,Accept,0.5305255379257624
0.5720702573160398,0.7203750365878454,0.3818080010444507,0.3047644675259859,0.564266694351446,Reject,"Gender, Age, ProgVar",1.3606769252502864,0.3818080010444507,0.25040044110735066,0.5161966688274756,Reject,1.4001837440682083,Reject,Reject,1.2426492881710842
0.769277868159145,0.8343253679759293,0.3037892997944521,0.15135878698805688,0.5051700525554484,Reject,"Gender, Age, ProgVar",1.3853499519397265,0.3037892997944521,0.12820729786803156,0.5051535024232489,Reject,1.5672163132684025,Reject,Accept,0.25044985714382134
0.7763041789413688,0.8781083577940272,0.22301362722759643,0.05318452972891625,0.3946280931743932,Reject,"Gender, Age, ProgVar",1.250129004387824,0.22301362722759643,0.0433172562577117,0.4010319664432066,Reject,1.4001709382082266,Reject,Accept,0.5208521003538434
0.6188387138040938,0.8328669471481079,0.23262280346896086,0.09710173386267122,0.43810688965430206,Reject,"Gender, Age, ProgVar",1.8877340365901671,0.23262280346896086,0.06326214783840564,0.39001268749336937,Reject,1.591772649657449,Reject,Reject,1.3390247403282154
0.6827951655615465,0.8631644857807043,0.2651997556128113,0.0722330918315504,0.38110843440284137,Reject,"Age, ProgVar",1.5769082899114568,0.2651997556128113,0.1253860489386569,0.4034624905587695,Reject,1.3841153620918984,Reject,Reject,1.2601525580638009
0.46391895502511377,0.864300152999358,0.31067805180875013,0.15433735585758862,0.5025012671092235,Reject,"Gender, Age, ProgVar",1.1991835261195127,0.31067805180875013,0.1470838715131297,0.48719065737158773,Reject,1.286504367139719,Reject,Accept,0.7923414071880246
0.5263611143429681,0.8810745678225655,0.2786825960355857,0.10320920057953116,0.4664750489518886,Reject,"Gender, Age, ProgVar, X2",1.4743966156098713,0.2786825960355857,0.10049321063899319,0.4716873222694816,Reject,1.4448612403462782,Reject,Accept,0.7315940596705376
0.7457217569004937,0.8329109389395399,0.19746783361620518,0.04181946921907868,0.3509602485369892,Reject,"Gender, Age, ProgVar",1.633811643965361,0.19746783361620518,0.05120161179515798,0.34817231473165866,Reject,1.6401359087355936,Reject,Accept,0.9598976744646748
0.6941358308385923,0.859255572010611,0.30197710237769687,0.10507750033460145,0.530428627402566,Reject,"Gender, Age, ProgVar",1.3999766345144722,0.30197710237769687,0.08259023877428151,0.4963621876085579,Reject,1.6672868352235362,Reject,Accept,0.9827412015773378
0.748655710519277,0.954346417827974,0.28761767724002546,0.11180175058607793,0.46404392753990065,Reject,"Gender, Age, ProgVar",1.5214083792567603,0.28761767724002546,0.10468824009640679,0.4524336138115872,Reject,1.5532887297373785,Reject,Accept,0.8838899362191902
0.7533179873853312,0.8219972011882491,0.29862755166857297,0.15077440317692958,0.5181020720981097,Reject,"Gender, Age, ProgVar",1.8184152830858633,0.29862755166857297,0.12253437366997072,0.4880699076631408,Reject,1.8102541069426814,Reject,Accept,0.6219244578447617
0.6007035871369348,0.8300396713371299,0.27385825644065437,0.15806952815177747,0.4300773195680023,Reject,"Gender, Age, ProgVar",1.6450731531195053,0.27385825644065437,0.13926962843591184,0.4174038455645686,Reject,1.637998206601923,Reject,Accept,1.1904774304856431
0.5886970491969064,0.8681782288851295,0.33487029977133287,0.17267316285509088,0.5152083037802567,Reject,"Gender, Age, ProgVar",2.0845660743559313,0.33487029977133287,0.18174289539151664,0.49151288222205985,Reject,1.7197283632269507,Reject,Accept,0.8042600802016958
0.6383075771647202,0.8134325934463946,0.30979898252089916,0.16797533060415257,0.4457443047084763,Reject,"Gender, Age, ProgVar",1.228040006628728,0.30979898252089916,0.1686051513157032,0.44402934454835014,Reject,1.349019479912578,Reject,Accept,1.0592924444140013
0.6456711703990379,0.9066086342604656,0.20551108512826963,0.023076923503127192,0.3420638700246559,Reject,"Gender, Age, ProgVar",1.5229884448973419,0.20551108512826963,0.05443524413868711,0.3578587186574446,Reject,1.266421434663257,Reject,Accept,0.4764790840760726
0.630248635526333,0.8690343176755743,0.28724673784014787,0.1509035261672167,0.44322754258240965,Reject,"Gender, Age, ProgVar",1.6363279693662485,0.28724673784014787,0.14268323956137605,0.43303598897334844,Reject,1.693083026685467,Reject,Accept,1.3026587960001992
0.7026605771236416,0.8949482216746698,0.2182257271557299,0.038273917917652944,0.3625114955179157,Reject,"Gender, Age, ProgVar",1.114594129906745,0.2182257271557299,0.04961127678876926,0.3791805883160908,Reject,1.4144408778145592,Reject,Reject,1.4465172769822312
0.6740118479527595,0.8237030169638849,0.2663314357022275,0.09081986327528385,0.411592029956332,Reject,"Gender, Age, ProgVar",1.8737227551007256,0.2663314357022275,0.11515532989180986,0.4252566972658707,Reject,1.8394356091536652,Reject,Accept,1.2158210732582255
0.7920557202632087,0.8058829768875502,0.2511877164033616,0.08642704036691687,0.43421410555258516,Reject,"Gender, Age, ProgVar",1.7828270663454262,0.2511877164033616,0.08867127911463883,0.42660933289053904,Reject,1.5927886419967867,Reject,Accept,1.1068083916220954
0.5842486562144407,0.7387208203190266,0.40660566149563704,0.2823541281911323,0.5472058773513014,Reject,"Gender, Age, ProgVar",1.6430820196979945,0.40660566149563704,0.26790005169487674,0.5376113891534187,Reject,1.6010638486899686,Reject,Reject,1.3103848398696618
0.8075302344464808,0.8824579913867175,0.2622388871863548,0.12839963553503692,0.4086998680452506,Reject,"Gender, Age, ProgVar",1.432248617237013,0.2622388871863548,0.12105331510812725,0.3982626413921462,Reject,1.6751202622522519,Reject,Accept,0.30086117900160875
0.6046315932758324,0.8413822579569549,0.2870030254678581,0.16936826031472477,0.4243750135585458,Reject,"Gender, Age, ProgVar",1.5946622981037029,0.2870030254678581,0.15128561976895766,0.41680195386262797,Reject,1.5327039344627251,Reject,Reject,1.734471295645229
0.4762702612260098,0.8057301995797982,0.33123020483453736,0.20320243438827196,0.4943175411606896,Reject,"Gender, Age, ProgVar",1.3081166580319796,0.33123020483453736,0.17573320908944012,0.46870498260825816,Reject,1.50163888807405,Reject,Reject,1.4048310850947765
0.815385627832224,0.9053161013441622,0.2753497068544221,0.09251183280826744,0.47890917317962517,Reject,"Gender, Age, ProgVar",1.621715513355104,0.2753497068544221,0.07478707462864695,0.46544521264539535,Reject,1.7581936774077114,Reject,Accept,0.35547777444416534
0.5043963148512501,0.7526403686359132,0.40791460270957947,0.2453440187770098,0.5658885310190452,Reject,"Gender, Age, ProgVar",2.026958931530902,0.40791460270957947,0.25474158633469146,0.5699364671990368,Reject,1.9209104641803603,Reject,Reject,1.5337121681018588
0.5894145557181457,0.8190832995148085,0.3912204892250647,0.2774191127649857,0.5770049433844203,Reject,"Gender, Age, ProgVar",1.3810304508925983,0.3912204892250647,0.23511361743884537,0.5493439975739728,Reject,1.423945014281195,Reject,Reject,1.4749201130381075
0.6638266767659571,0.8800035810266525,0.1537618750210843,0.050701224815765666,0.3448181992246688,Reject,"Gender, Age, ProgVar",1.09738913536441,0.1537618750210843,0.0165532518194835,0.29853065646681853,Reject,1.4380924334975242,Reject,Accept,0.5959112019272891
0.5410214986338838,0.885205371214132,0.2921015538489675,0.1398693503557676,0.4709196095467103,Reject,"Gender, Age, ProgVar",1.4310345399566033,0.2921015538489675,0.13818593496794868,0.45101914477967947,Reject,1.2720340201333453,Reject,Accept,1.0577628852476901
0.6571205059095903,0.7990731400058925,0.3048952974593733,0.13481391587115754,0.4699787078998669,Reject,"Gender, Age, ProgVar",1.9323054404219562,0.3048952974593733,0.15414003892520448,0.4597115514620316,Reject,1.6898606708996002,Reject,Accept,1.0365884092276887
0.3325272526504497,0.8235114077706148,0.33840616908573085,0.18503874590815872,0.4928088526406716,Reject,"Gender, Age, ProgVar",1.7609477756264778,0.33840616908573085,0.19237588159047564,0.4933391786634935,Reject,1.6860749683828784,Reject,Reject,1.651449367027062
0.7163497274458225,0.801763826892006,0.25395744842903567,0.11927665520536387,0.39944350888336894,Reject,"Gender, Age, ProgVar",1.5525531333643812,0.25395744842903567,0.12590445349645274,0.3892199048705528,Reject,1.4468628054819985,Reject,Accept,1.2015479382589738
0.6476692470007641,0.8253927392279112,0.26955130097884344,0.13047179188948876,0.45646937497820034,Reject,"Gender, Age, ProgVar",1.3810795517007448,0.26955130097884344,0.0926715465729881,0.4245480812029225,Reject,1.486080259626475,Reject,Accept,0.9622897324932952
0.7181090393786377,0.9223153054482536,0.22453256249779133,0.09614258497733508,0.36591171073484463,Reject,"Gender, Age, ProgVar",1.0744212685391121,0.22453256249779133,0.09282781121945402,0.3654324749894272,Reject,1.269566899124841,Reject,Accept,0.5509772536798226
0.5843388460654222,0.7560308367793485,0.2972285401088257,0.18967738971141618,0.47831310110291075,Reject,"Gender, Age, ProgVar",1.420801856342481,0.2972285401088257,0.15933114394751924,0.4318133607297105,Reject,1.5478843081829143,Reject,Accept,1.206426152432048
0.8987059099974122,0.8925024956565202,0.14084364080378342,-0.02816371788493635,0.2901871766380759,Accept,"Gender, Age, ProgVar",1.4292036898200486,0.14084364080378342,-0.038265305484182936,0.31020464276366744,Accept,1.6260929239694448,Reject,Reject,1.0929457215144136
0.7864488758200847,0.9439950711418543,0.1186474761548091,-0.03872815449886774,0.2498746862853325,Accept,"Gender, Age, ProgVar",1.4719702582635978,0.1186474761548091,-0.02412400277506173,0.26464606772201926,Accept,1.451959758609046,Reject,Accept,0.307351359298749
0.6018266311334047,0.836089960718548,0.2609074150350049,0.12485804743395515,0.42394721562741816,Reject,"Gender, Age, ProgVar",1.4487908857721363,0.2609074150350049,0.1101275532424138,0.4184004951349575,Reject,1.350188599020444,Reject,Accept,0.9672228098148496
0.8495172944631624,0.9386388273063051,0.17490212625866097,-0.018114622019944994,0.3393939206330739,Accept,"Gender, Age, ProgVar",1.7288003027532641,0.17490212625866097,-0.006816404583287083,0.364884990767074,Accept,1.5888086712460048,Reject,Accept,0.9080214912623099
0.7020321056056846,0.8720728373727841,0.16522461471761127,-2.996226971662269e-4,0.3433667787332699,Accept,"Gender, Age, ProgVar",1.7151495983137508,0.16522461471761127,-0.006148842042417231,0.345871965500951,Accept,1.6179778974209231,Reject,Accept,0.7214908574715674
0.5611862940925325,0.8725184215674872,0.36039747186853494,0.2277822308515018,0.5449184903160956,Reject,"Gender, Age, ProgVar",2.014068958102124,0.36039747186853494,0.2072166114434899,0.5109758857088578,Reject,1.8024516140236915,Reject,Accept,1.1936004668009506
0.576393213399354,0.84585999773946,0.25749361757218947,0.11631030598873007,0.4083282595380791,Reject,"Gender, Age, ProgVar",1.37754367464101,0.25749361757218947,0.10709838038673805,0.4067926620733494,Reject,1.4299991380953023,Reject,Accept,0.27880653513061743
0.7597523902413357,0.8573737173273853,0.29392618182117414,0.08997215521158591,0.49159417680865836,Reject,"Gender, Age, ProgVar",1.498935114765658,0.29392618182117414,0.09036909351302269,0.49004720275731234,Reject,1.6272501308006548,Reject,Accept,0.585736810532097
0.8580023919025149,0.8896485994426279,0.24750198296099257,0.1284041208351025,0.43719921896275526,Reject,"Gender, Age, ProgVar",1.1857825765475325,0.24750198296099257,0.0835274669385753,0.4093344704107613,Reject,1.4114759698972899,Reject,Accept,0.23628460077954813
0.7069271094888534,0.8110005642522169,0.22156950384951532,0.12682088587069007,0.43849574186847873,Reject,"Gender, Age, ProgVar",1.7019835602884603,0.22156950384951532,0.06075275072768679,0.36703508793802264,Reject,1.4218828026468031,Reject,Reject,1.3476884260128286
0.8579876022311729,0.902382118305332,0.3082690719632118,0.07641168654797033,0.4732644131890603,Reject,"Gender, Age, ProgVar",1.3121502106038425,0.3082690719632118,0.10386282811343953,0.4913575501392518,Reject,1.548700100633952,Reject,Accept,0.5689449967535195
0.7381910053932788,0.8734478439160093,0.33105560026689557,0.1541982127622944,0.49569983991342725,Reject,"Gender, Age, ProgVar",1.48711019639437,0.33105560026689557,0.1552931780119593,0.500621341686048,Reject,1.400272342529652,Reject,Reject,1.2004524488070258
0.48799493498016105,0.7857622555433598,0.3933703383450642,0.22062857649616047,0.5251847271279708,Reject,"Gender, Age, ProgVar",1.631882893166597,0.3933703383450642,0.24597696773026756,0.542801850002025,Reject,1.6546571595349653,Reject,Accept,0.5204014289160439
0.6394246033970274,0.7449733696242027,0.36152630989865625,0.2048547645957776,0.5146000569018377,Reject,"Gender, Age, ProgVar",1.2636359168589153,0.36152630989865625,0.2147587569948078,0.5229865139264334,Reject,1.3149386587378782,Reject,Accept,0.9719554971710398
0.7778170518844048,0.8729813344021368,0.2618961550200183,0.12593055907716275,0.3923162836685635,Reject,"Gender, Age, ProgVar",1.323621330577073,0.2618961550200183,0.13305811790535502,0.3984570166217042,Reject,1.4478315350878048,Reject,Accept,0.9307925273815633
0.710378228052642,0.8309963148880466,0.22345782048591287,0.09923659740029084,0.39506767359394507,Reject,"Gender, Age, ProgVar",1.3995580895094661,0.22345782048591287,0.07320265678619658,0.376299135596409,Reject,1.461478549213731,Reject,Reject,1.3111305098935866
0.6560652691683924,0.8354862540753684,0.36402751918038,0.12650859378845197,0.5212887299036998,Reject,"Gender, Age, ProgVar",1.6862249650860752,0.36402751918038,0.1730948673660545,0.5605679741712715,Reject,1.7719943207273154,Reject,Reject,1.182693498732676
0.5293067381947336,0.8470996284257029,0.3050875439321482,0.050447720339577284,0.5581716018551998,Reject,"Age, ProgVar",1.6410402393773256,0.3050875439321482,0.07957299679577437,0.5295299008818628,Reject,1.5639219530891606,Reject,Reject,1.358917446925997
0.5889838903294748,0.8789373802818663,0.2742358018751195,0.1216714783883268,0.38491422916483453,Reject,"Gender, Age, ProgVar",1.69475477414097,0.2742358018751195,0.1380022930816043,0.4003569623373312,Reject,1.5414243911642322,Reject,Accept,0.8855394753211704
0.6487438792435766,0.8650748917711335,0.2361359804488105,0.03903730931244606,0.39719324344295726,Reject,"Gender, Age, ProgVar",1.2112432628980911,0.2361359804488105,0.06255034569448746,0.4070244353094804,Reject,1.3217770982314605,Reject,Accept,0.5123084145990213
0.4695369597376197,0.8002042834801929,0.2778201948570442,0.12144776758253574,0.4815316278673781,Reject,"Gender, Age, ProgVar",1.357157713646593,0.2778201948570442,0.08819998069084731,0.4476454411348372,Reject,1.421855375613338,Reject,Reject,1.4660643251169936
0.6699126601832338,0.9010753073830398,0.16447468419197364,0.027758285092594634,0.3497315422304814,Reject,"Gender, Age, ProgVar",1.2313736354199016,0.16447468419197364,0.004280983530846133,0.32287369020136086,Reject,1.385200231558138,Reject,Accept,0.8591071232883848
0.8138648353553442,0.8781746018654448,0.15701005303436824,-0.004851991826534577,0.3626438385703942,Accept,"Gender, Age, ProgVar",1.084967373713963,0.15701005303436824,-0.030313183980745062,0.34217762218472925,Accept,1.3028173327296062,Reject,Accept,0.8400149081441484
0.6173798117344709,0.7468259562472302,0.40658728734697014,0.26296582913785876,0.5898663080305974,Reject,"Gender, Age, ProgVar",1.4249721739006649,0.40658728734697014,0.2464598707999559,0.5626062984548316,Reject,1.446694039769425,Reject,Accept,0.9970690671704456
0.5337396636890983,0.8744016508551196,0.31734570674512125,0.08380081812671318,0.4508615528991993,Reject,"Age, ProgVar",1.247064916656705,0.31734570674512125,0.1576712753046535,0.4852052183016073,Reject,1.417400603629402,Reject,Accept,0.5758924392009559
0.44581005440806315,0.8454048872930002,0.31067719663293936,0.1752288078957501,0.5027418344711224,Reject,"Gender, Age, ProgVar",1.7285867452868453,0.31067719663293936,0.16638693968090823,0.4645639123038493,Reject,1.4490132302129444,Reject,Accept,1.0364168495383372
0.5037870376508136,0.8416677963101514,0.26483924230155,0.13542779507352648,0.446261341247817,Reject,"Gender, Age, ProgVar",1.8638299146299968,0.26483924230155,0.10904737961273503,0.40976178180736483,Reject,1.6238806975771292,Reject,Reject,1.4475427233098523
0.8082315757036962,0.910221982022178,0.2304036151188008,0.049899213415835045,0.4114366513476064,Reject,"Gender, Age, ProgVar",1.489222487909919,0.2304036151188008,0.06090537611222262,0.40286885449267523,Reject,1.5501301234594629,Reject,Accept,1.0053464176495122
0.5640882458659099,0.8160495361142293,0.31626051857719906,0.19172945335444155,0.48080761965541624,Reject,"Gender, Age, ProgVar",1.6937727083340308,0.31626051857719906,0.1728072336374765,0.4586733597402313,Reject,1.5673660509295058,Reject,Accept,1.1360421585424705
0.648747385220986,0.7576375096903473,0.35144728644761775,0.19687376669906936,0.5002118326483838,Reject,"Gender, Age, ProgVar",1.418722416898421,0.35144728644761775,0.2150090291422297,0.49240583563206825,Reject,1.4766866664667342,Reject,Accept,1.0182304547776309
0.5696387963387525,0.774066353831182,0.2884152573464514,0.15026219021723614,0.4659402593493939,Reject,"Gender, Age, ProgVar",1.657594982207918,0.2884152573464514,0.14523163032664252,0.4377415333494545,Reject,1.572880872888283,Reject,Accept,1.1194023250928844
0.622135746849261,0.7527201695223771,0.3752776310487442,0.24775183162877465,0.5454948025936677,Reject,"Gender, Age, ProgVar",1.4771911440617047,0.3752776310487442,0.22997596802788117,0.5176788299613502,Reject,1.5161462396994043,Reject,Accept,0.9349691572672465
0.545533519215279,0.9201318783326773,0.31094181368752094,0.12087798026237813,0.4545054352240635,Reject,"Gender, Age, ProgVar",1.183727635161304,0.31094181368752094,0.13935613800444463,0.48531598442189444,Reject,1.3472644506792122,Reject,Reject,1.1614505557180932
0.6920186565120469,0.8708867488623026,0.2629099578932396,0.10499820896067293,0.42071663674181703,Reject,"Gender, Age, ProgVar",1.7053585322639169,0.2629099578932396,0.10858762352183288,0.4215532708420171,Reject,1.7484258805792137,Reject,Accept,1.0434276762997143
0.7526385321446354,0.8254818647712495,0.36131185327569193,0.1810818212292143,0.521829403385792,Reject,"Gender, Age, ProgVar",1.9091487178953903,0.36131185327569193,0.19047356734653803,0.5576363312835988,Reject,1.7760613634081264,Reject,Reject,1.339641347126786
0.8863634022192212,0.878114712992781,0.10895878150574693,-0.03538323769447764,0.2725082253681904,Accept,"Gender, Age, ProgVar",1.3848651553921039,0.10895878150574693,-0.05593071399191679,0.2787259959583066,Accept,1.3247540095095443,Reject,Reject,1.5068768624332805
0.4922451899442409,0.8016294862237667,0.39142525772876186,0.26645724897534995,0.5853690211273018,Reject,"Gender, Age, ProgVar",1.5561838430510204,0.39142525772876186,0.22188998141542757,0.556198604521438,Reject,1.6951277132853584,Reject,Accept,1.0669641854268843
0.5351902038327462,0.7997667813926234,0.2838443345300841,0.19598714621919297,0.4428702749473204,Reject,"Gender, Age, ProgVar",1.3546818495198152,0.2838443345300841,0.14583278714557663,0.4160954103082652,Reject,1.4827030709065319,Reject,Accept,0.9622617946537728
0.8506201847727887,0.9179872285314596,0.1126093038760474,-0.008074419614083499,0.30472584730464725,Accept,"Gender, Age, ProgVar",1.4762672247121063,0.1126093038760474,-0.040409922312516514,0.2758736138763505,Accept,1.6452607475609964,Reject,Accept,0.7936928846801179
0.5010612465705132,0.7705735449942659,0.4076227812099352,0.24765269375728938,0.5818699818862931,Reject,"Gender, Age, ProgVar",1.5580447842135985,0.4076227812099352,0.24440476856839774,0.5743405180495611,Reject,1.564213241428464,Reject,Reject,1.2852841904298344
0.6466567614776749,0.7859681455789832,0.38913948602245046,0.26904606656328434,0.5734835027123372,Reject,"Gender, Age, ProgVar",1.8009318400534124,0.38913948602245046,0.22197900510694377,0.5484034357626054,Reject,1.5952908360099425,Reject,Reject,1.394791674784952
0.7541998405993718,0.8602726091780482,0.18765168668394927,0.0281604370212414,0.34514869907373974,Reject,"Gender, Age, ProgVar",1.5455659517552136,0.18765168668394927,0.04404995813055959,0.33122363227320273,Reject,1.4501796321577112,Reject,Accept,1.1875783760395913
0.585601763564872,0.9129760836727832,0.3180624687188593,0.1269520172395721,0.48050533258705225,Reject,"Gender, Age, ProgVar",1.6739174850323266,0.3180624687188593,0.1360522748880416,0.4830704516502622,Reject,1.4829931636823488,Reject,Accept,0.2823901491792909
0.6910125923403206,0.8621458500723022,0.20492674722990406,0.05083399277519828,0.3976640534999948,Reject,"Gender, Age, ProgVar",1.0796308870943796,0.20492674722990406,0.0269601423300488,0.3763089711366062,Reject,1.3637909412266598,Reject,Accept,0.5513826784610799
0.5845995803331155,0.8415109054788705,0.31097064399628754,0.09330389104793735,0.5188104259805764,Reject,"Gender, Age, ProgVar",1.7735867127410365,0.31097064399628754,0.11113702550300553,0.5214993332616207,Reject,1.6422117779946042,Reject,Reject,1.1215381450859097
0.5085258979571845,0.8367948944861708,0.4141894292051224,0.2674875542529656,0.5837105497329168,Reject,"Gender, Age, ProgVar",1.1945516446949513,0.4141894292051224,0.26689054215605074,0.5621069061506127,Reject,1.3538050663852315,Reject,Reject,1.1496910350541398
0.5350287011770899,0.847816552810007,0.21783693268038473,0.09300894972465135,0.41834036846308015,Reject,"Gender, Age, ProgVar",1.2614428236890831,0.21783693268038473,0.04718799618814194,0.384623043758411,Reject,1.4689253305334666,Reject,Reject,1.257551157240675
0.6630212153755846,0.8047624761894543,0.3186830980597912,0.20153689730918847,0.47889073928745773,Reject,"Gender, Age, ProgVar",1.62233785824103,0.3186830980597912,0.17322930807523182,0.452487738528145,Reject,1.5326557740511069,Reject,Accept,1.1511762848913345
0.7653400853833848,0.8705646845526593,0.3125913946132026,0.09845118251189502,0.4880148713698788,Reject,"Age, ProgVar",1.7485436447063003,0.3125913946132026,0.14835027882547686,0.47293683414266935,Reject,1.5888273935027812,Reject,Accept,1.1006578012518415
0.7317382841553459,0.8933730524273286,0.1957811239190931,0.020620512412553735,0.37679616682099454,Reject,"Gender, Age, ProgVar",1.616288559381489,0.1957811239190931,0.010661805257153378,0.3670740821253599,Reject,1.603977213105736,Reject,Accept,0.8286254680954849
0.6380834755142053,0.8289112279087303,0.250527710725603,0.11016155948715645,0.4091228124432288,Reject,"Gender, Age, ProgVar",1.3605304130535711,0.250527710725603,0.09609146107305012,0.40664432471818857,Reject,1.3624548989662588,Reject,Reject,1.3215116497871278
0.532402512019982,0.8006312310629733,0.2964728670153876,0.19008901198030398,0.4797558156662517,Reject,"Gender, Age, ProgVar",1.5419746627932058,0.2964728670153876,0.15534797287532454,0.43144480480877817,Reject,1.732916584665377,Reject,Accept,0.6468913735701289
0.5450743906054624,0.8290104948029636,0.2332970340729412,0.1482708925177468,0.4254334620436214,Reject,"Gender, Age, ProgVar",1.335928207325275,0.2332970340729412,0.09535350359364522,0.3700150402430479,Reject,1.5544433814284893,Reject,Accept,1.0940836457016507
0.8218248517475213,0.8026850758573161,0.2916176330722433,0.13013054618813358,0.41729866816484923,Reject,"Gender, Age, ProgVar",1.303249188187355,0.2916176330722433,0.15314579744190643,0.4298731545826383,Reject,1.5919789260464372,Reject,Accept,0.9668724704700902
0.7346597876953944,0.8776513860586231,0.23957825489302992,0.11652745820230871,0.40878946265297417,Reject,"Gender, Age, ProgVar",1.5736524693183713,0.23957825489302992,0.09704016090217663,0.38251461877400295,Reject,1.3770981705619496,Reject,Accept,1.0830105072871967
0.4902414757346448,0.773682804886539,0.41609746459600927,0.20456490436442057,0.5993786898517729,Reject,"Gender, Age, ProgVar",1.625271167587548,0.41609746459600927,0.22479110250285186,0.6098936725813279,Reject,1.7155542798419097,Reject,Accept,0.21653950800379076
0.8103139372598629,0.9288750645269666,0.23709297954731426,-0.03984548551109922,0.4265795536431307,Accept,"Age, ProgVar",1.8177071696012626,0.23709297954731426,0.03839504285448282,0.4616166406623387,Reject,1.612072925174038,Reject,Accept,0.5258302731991011
0.6719528761024495,0.8690774472251053,0.22013492616701724,0.05218607034002593,0.45137742280685533,Reject,"Gender, Age, ProgVar",1.3303876342722,0.22013492616701724,0.029253145978897138,0.4251335790629135,Reject,1.4415619165575992,Reject,Reject,1.6254131006894377
0.544747306278364,0.8072497323840863,0.2575517550343897,0.16323029464426655,0.4397752354764416,Reject,"Gender, Age, ProgVar",1.6934188838317576,0.2575517550343897,0.11971193396068291,0.3919911814056216,Reject,1.4745892584254383,Reject,Reject,1.4267034638014113
1.0053814355429629,0.948978099315004,0.04990571908119181,-0.05868158869551226,0.23143243851846262,Accept,"Gender, Age, ProgVar",1.4823345406987132,0.04990571908119181,-0.08595805837574381,0.19879229775180868,Accept,1.2398917675030292,Reject,Reject,1.1667973840035282
0.5920164464686047,0.8067102330222937,0.3427759561123579,0.1689990607216656,0.5839255081341495,Reject,"Gender, Age, ProgVar",1.6298141937927906,0.3427759561123579,0.13176566170035908,0.5486982283351238,Reject,1.756543642576905,Reject,Accept,1.1880691098826344
0.7172073027135961,0.8055421288885244,0.24081108755185687,0.10876002086178554,0.38775094810607647,Reject,"Gender, Age, ProgVar",1.4068804874712444,0.24081108755185687,0.10650218164820875,0.37736079729967503,Reject,1.5428886076820383,Reject,Accept,0.8467525166710497
0.6720937775838254,0.8180964804193918,0.31456969693085146,0.1526022099120564,0.46514326798804256,Reject,"Gender, Age, ProgVar",1.414903336939437,0.31456969693085146,0.14963889299333039,0.46598067227426593,Reject,1.5655762372523845,Reject,Reject,1.3125532124039678
0.7626313750080176,0.8837003219852696,0.15575790485463142,0.013135599246296838,0.29953613481178737,Reject,"Gender, Age, ProgVar",1.3636681638633672,0.15575790485463142,0.023403834210002264,0.28618534693567793,Reject,1.302984126902721,Reject,Accept,0.9702881939675635
0.6093211163409746,0.8626288010119108,0.2447094431766979,0.11866154990103406,0.4556390537026721,Reject,"Gender, Age, ProgVar",1.6949180441684744,0.2447094431766979,0.08185550852463959,0.42158838939161397,Reject,1.655002192086471,Reject,Accept,0.8326691542758233
0.6274823986939095,0.8440826526246444,0.30331501512644055,0.13111951534487853,0.4789823818779302,Reject,"Gender, Age, ProgVar",1.6242944914614734,0.30331501512644055,0.12975267472664206,0.4910990407478898,Reject,1.5388346094189358,Reject,Accept,0.8649344229630233
0.8236681299854567,0.9279131915748285,0.13247419658094173,-0.021135833509553382,0.300413999295688,Accept,"Gender, Age, ProgVar",1.350070285520891,0.13247419658094173,-0.02662063046320897,0.2817920895740301,Accept,1.3202736301066702,Reject,Reject,1.197481878338621
0.5120691363561224,0.8166843616349723,0.34537748579417343,0.20384169506670785,0.4911440346019968,Reject,"Gender, Age, ProgVar",1.7692261687147421,0.34537748579417343,0.20344495985332053,0.4932652582029284,Reject,1.5636569863091905,Reject,Reject,1.475281943264264
0.6658143212532347,0.8354467198979062,0.2668810100980319,0.09483926700163446,0.4394589214791864,Reject,"Gender, Age, ProgVar",1.401663061468642,0.2668810100980319,0.11272418654452895,0.4339573249316013,Reject,1.6732709144235671,Reject,Reject,1.3782165422012795
0.5449881307172696,0.9230383807782531,0.20431529597724243,0.025221136779392857,0.3545738013650964,Reject,"Age, ProgVar",1.6315049427498958,0.20431529597724243,0.0683376126213399,0.3517522647000174,Reject,1.362265218535754,Reject,Accept,1.067912517828474
0.646961845263618,0.7924537154995486,0.3146286983027313,0.2020602449414785,0.5176217408434953,Reject,"Gender, Age, ProgVar",1.6369019580692492,0.3146286983027313,0.15436929768973784,0.4678551063736829,Reject,1.4131159631439743,Reject,Reject,1.596460875266087
0.7528297623537823,0.8629155619739077,0.20140079934674388,0.029590986429423635,0.40202157574590286,Reject,"Gender, Age, ProgVar",1.8205670895856312,0.20140079934674388,0.008616440571564632,0.40636863721936267,Reject,1.6476326368617515,Reject,Accept,0.8330244843238405
0.7715220194207351,0.8344521093665668,0.16561529192379526,0.06885834230841517,0.28026375264356046,Reject,"Gender, Age, ProgVar",1.8424133450058062,0.16561529192379526,0.06217429197576172,0.27159255280740097,Reject,1.6740790872704903,Reject,Reject,1.55693395041075
0.6633967913983573,0.8704533397538373,0.2252571290384348,0.06703792193366437,0.46223616484552515,Reject,"Gender, Age, ProgVar",1.359887543163974,0.2252571290384348,0.03097969348446089,0.42341623341304147,Reject,1.5431870974715938,Reject,Accept,0.7210857796071078
0.776326579304218,0.8603297624113426,0.19105074576355568,0.05073593160567595,0.3689308435538306,Reject,"Gender, Age, ProgVar",1.7475740726430353,0.19105074576355568,0.030670282828023712,0.3523130835909086,Reject,1.5039658948904502,Reject,Accept,1.0832201135644581
0.5692691550228306,0.8793179227250438,0.23080424071608394,0.12083720758995356,0.5071269957916327,Reject,"Gender, Age, ProgVar",1.337952620566434,0.23080424071608394,0.05156759420725479,0.41565268219842727,Reject,1.3600187663494154,Reject,Accept,0.9964000467230081
0.5833012203854626,0.8736486666079107,0.3693441246548413,0.18917398838354826,0.5213237983568146,Reject,"Gender, Age, ProgVar",1.4047564894740816,0.3693441246548413,0.2015773337573893,0.5363799370667982,Reject,1.4418448555347552,Reject,Reject,1.3800569854976987
0.5541606755314489,0.7956106814683876,0.3823193659881146,0.24490256758695378,0.5374579693435836,Reject,"Gender, Age, ProgVar",1.4664306266757035,0.3823193659881146,0.23727139842415218,0.5208488323006613,Reject,1.476612794221544,Reject,Accept,1.307694643891887
0.6174886834646686,0.9510456028674623,0.23510331281666383,0.03789074649663156,0.3923414341890311,Reject,"Gender, Age, ProgVar",1.7443743301743568,0.23510331281666383,0.05979559552832248,0.4001026065912226,Reject,1.5440165939395691,Reject,Accept,0.6169550501342611
0.9029404172835744,0.8755958811101431,0.14734342524166602,0.030509411838975407,0.35843698227858256,Reject,"Gender, Age, ProgVar",1.4735352718961647,0.14734342524166602,-0.01574240728083781,0.3092428272746411,Accept,1.610574383042581,Reject,Accept,0.5851940179615188
0.5149726610936584,0.8774585896192917,0.25308922676166895,0.1457545193954185,0.42982866419320764,Reject,"Gender, Age, ProgVar",1.3093488770284105,0.25308922676166895,0.10161347263598325,0.39462944572284353,Reject,1.0916791498959957,Reject,Accept,1.156218048134936
0.7441984647169382,0.954290686728344,0.2969600918662148,0.10488697113948936,0.47413631093124853,Reject,"Gender, Age, ProgVar",1.4347846859820108,0.2969600918662148,0.11175013267208476,0.47495651937383154,Reject,1.473580051025591,Reject,Accept,0.2461658076841278
0.6730995489027839,0.8672923346318611,0.23286413009774812,0.10356035832532037,0.45634695896003885,Reject,"Gender, Age, ProgVar",1.6302666697449137,0.23286413009774812,0.06794508464117244,0.4102396765799988,Reject,1.31568313706849,Reject,Accept,0.3592957832926655
0.7512010467009064,0.77750368757209,0.40213450028541575,0.254460074497935,0.5278980761897661,Reject,"Gender, Age, ProgVar",1.5405469144442758,0.40213450028541575,0.26854782134493327,0.5398264102650125,Reject,1.5491897163260577,Reject,Accept,0.7048126170470687
0.758861860662204,0.9122800123175399,0.3170850742101375,0.1138259382626644,0.475890040296812,Reject,"Gender, Age, ProgVar",1.7014246818267882,0.3170850742101375,0.1424096362743541,0.49644217888118325,Reject,1.7165954868826214,Reject,Accept,0.4889635666956443
0.7568461996247096,0.8857731369151497,0.25003609872352944,0.12934541176164768,0.45533983768687764,Reject,"Gender, Age, ProgVar",1.4504854578124686,0.25003609872352944,0.08326540844915685,0.4105788625291671,Reject,1.6045346200402089,Reject,Accept,1.201733756553133
0.682994511017801,0.8890057529669728,0.2922467676026942,0.16738205899207814,0.44003553705695025,Reject,"Gender, Age, ProgVar",1.377840062196946,0.2922467676026942,0.15553399297158194,0.43493258970229876,Reject,1.389564016666801,Reject,Accept,0.1638934584440791
0.46917933821727403,0.9025413820032698,0.33319019167799363,0.14837188772374257,0.5479299125025427,Reject,"Gender, Age, ProgVar",1.29690078556441,0.33319019167799363,0.12611131483107704,0.5525737542576513,Reject,1.3785508128414512,Reject,Accept,0.8671813093885796
0.5491276937794057,0.8116842235927642,0.27047804581228146,0.14907370695816682,0.49938402042125507,Reject,"Gender, Age, ProgVar",1.4204446562413071,0.27047804581228146,0.08440671180847353,0.4532591042636425,Reject,1.558642245930663,Reject,Accept,0.41304825565036035
0.8439966488320402,0.8027573839624239,0.2742774885889301,0.16213309780055035,0.4272698060342546,Reject,"Gender, Age, ProgVar",1.569887091707435,0.2742774885889301,0.14394085172627238,0.40785063695050733,Reject,1.582322608705814,Reject,Accept,0.5030427742215712
0.49299293680365425,0.8259392169168033,0.3893827758570528,0.23043339711501998,0.5701619280185836,Reject,"Gender, Age, ProgVar",1.4373265071758337,0.3893827758570528,0.21068751309825628,0.5674010525087578,Reject,1.448988632848517,Reject,Accept,0.9842218102193854
0.9134445073455775,0.8248630567360185,0.17003926080790982,0.031267204075251055,0.3022466695557254,Reject,"Gender, Age, ProgVar",1.4484026772902114,0.17003926080790982,0.032665792447439876,0.31063904925802377,Reject,1.4092437314216228,Reject,Accept,0.0754451442604124
0.6607758937638252,0.908791912684436,0.16877682480070805,-0.021326527180416124,0.3401637768752942,Accept,"Gender, Age, ProgVar",1.711263661825492,0.16877682480070805,-0.020721836773680082,0.361387710763727,Accept,1.604738489231736,Reject,Reject,1.2171885849794433
0.7769564842939243,0.8817744382186424,0.19656858470678057,0.03641696059065812,0.3690315537933778,Reject,"Gender, Age, ProgVar",1.4196389968468313,0.19656858470678057,0.019812727838404348,0.36820828803609224,Reject,1.4283984941425367,Reject,Reject,1.2304746224225978
0.7057188248416766,0.8202709677844944,0.3291857609452241,0.16708046814751837,0.5255947796413863,Reject,"Gender, Age, ProgVar",1.89693361875905,0.3291857609452241,0.16027695425058353,0.5105792856560426,Reject,1.6778892419150646,Reject,Accept,1.0352924903005847
0.48698548566229766,0.819434398965215,0.3173905782663054,0.1521815404766112,0.44978614482906193,Reject,"Gender, Age, ProgVar",1.4381688926731058,0.3173905782663054,0.16606360477871926,0.4662488989292639,Reject,1.396631111136059,Reject,Accept,1.214010477493327
0.8288526246885077,0.9394693096455616,0.14980887525234418,0.014265512495328106,0.27701182805793556,Reject,"Gender, Age, ProgVar",1.1935189966786972,0.14980887525234418,0.01876632525892623,0.2737792826602825,Reject,1.4557978723515774,Reject,Reject,1.5500867831756155
0.4199425621473749,0.8438407604753309,0.38426224387903823,0.24150299180313295,0.5486176153839295,Reject,"Gender, Age, ProgVar",1.561881442401236,0.38426224387903823,0.229051440763759,0.5411663700026972,Reject,1.475851828862077,Reject,Accept,0.8435969735302363
0.8139856889620369,0.9060998896345636,0.19227142297517102,0.07114126829885627,0.3637616882034869,Reject,"Gender, Age, ProgVar",1.4622482318755552,0.19227142297517102,0.048688701495492356,0.34313216172597083,Reject,1.4193600350013509,Reject,Accept,0.4497672669455253
0.6756852765574212,0.8515336760570502,0.444869661898798,0.268049540262048,0.6531777485049103,Reject,"Age, ProgVar",1.472334458087426,0.444869661898798,0.2658622495984243,0.6189316712056914,Reject,1.4495030652550154,Reject,Accept,1.0276512330004837
0.3402305963093178,0.8036453825485229,0.3564882658450732,0.22981159811460858,0.4815353103337685,Reject,"Gender, Age, ProgVar",1.4073816590488,0.3564882658450732,0.2305291698212002,0.4841715634756175,Reject,1.4846469777064706,Reject,Reject,1.768219501348611
0.4211279299810868,0.8512583907204105,0.42197249960646055,0.2583152957520444,0.6138778538200899,Reject,"Gender, Age, ProgVar",1.4204178913688998,0.42197249960646055,0.22798790371205865,0.6019638682440234,Reject,1.4579438187488463,Reject,Accept,0.5321287291719043
0.7431877385391052,0.93905698484484,0.2518015395918462,0.07544287742714138,0.4388104815943019,Reject,"Gender, Age, ProgVar",1.4389358319312837,0.2518015395918462,0.06290787541596776,0.429672957089119,Reject,1.4569583421459946,Reject,Accept,0.6571031018510557
0.5943256046995645,0.8461344805486989,0.3240049013867296,0.2004184149569237,0.47695274241638974,Reject,"Gender, Age, ProgVar",1.7695474061473642,0.3240049013867296,0.17617100886918574,0.45875635897287115,Reject,1.4842745199902814,Reject,Reject,1.417627499356269
0.5794652389681644,0.9203874991745664,0.36721656790051366,0.15370733000209036,0.5150069092692289,Reject,"Gender, Age, ProgVar",1.4575751215702537,0.36721656790051366,0.19736829603489459,0.540583159814763,Reject,1.715043474512472,Reject,Accept,0.7766703742846076
0.5702454632914387,0.8293717524223808,0.24886262857259894,0.08585747390111649,0.39358841294300634,Reject,"Gender, Age, ProgVar",1.4621539116605542,0.24886262857259894,0.1018658750890847,0.41286982675729733,Reject,1.419693277327905,Reject,Reject,1.3267184075272223
0.5737613076369249,0.8255470389364997,0.3110551037807101,0.16854687737804291,0.4919591634019729,Reject,"Gender, Age, ProgVar",1.728529208839578,0.3110551037807101,0.15158199059096758,0.48107909657478964,Reject,1.7798036019271606,Reject,Accept,1.1973775149009138
0.6257887223044046,0.8552300961094721,0.26844831389219376,0.1533650770574041,0.558593622268568,Reject,"Gender, Age, ProgVar",1.734349770125111,0.26844831389219376,0.06279764571169395,0.47030362774481255,Reject,1.396573994104636,Reject,Accept,0.8004152389137494
0.7166282647366423,0.9043557736467301,0.24937191303158132,0.09090675819181482,0.4002800804313913,Reject,"Gender, Age, ProgVar",1.970021149275286,0.24937191303158132,0.09460791446681531,0.39635565210891954,Reject,1.5982658643363306,Reject,Accept,0.9706528850125
0.6409894627927294,0.8224261142603174,0.3212623984458745,0.1445322757011608,0.5103822727008537,Reject,"Gender, Age, ProgVar",1.742021512986864,0.3212623984458745,0.13607784538531992,0.4867418339307849,Reject,1.6191675875204796,Reject,Reject,2.02043828946616
0.7960826983702193,0.8565137731244566,0.282652837506657,0.1115532420508585,0.4394637544535262,Reject,"Gender, Age, ProgVar",1.9884102921929983,0.282652837506657,0.11717615462730827,0.44129541517384197,Reject,1.9729422725178463,Reject,Reject,1.6140984327066614
0.6712392660961747,0.9269601060694256,0.16254704754566288,1.848906004641021e-4,0.3625717480866373,Reject,"Gender, Age, ProgVar",1.7487333867016353,0.16254704754566288,-0.006365932907441578,0.3382932331355468,Accept,1.601726438704174,Reject,Accept,0.8585806070843601
0.7179957528042874,0.9075783369667225,0.22814859600296028,0.07461906051101244,0.40863390332087857,Reject,"Gender, Age, ProgVar",1.5506871191054898,0.22814859600296028,0.05895242404206762,0.40051434844061945,Reject,1.5175616721382508,Reject,Accept,0.7045325267139131
0.6185495994325798,0.8101745363171241,0.3097313722099988,0.1304067617088478,0.4777113708545405,Reject,"Gender, Age, ProgVar",1.1646189018179034,0.3097313722099988,0.15028870669193395,0.49595279373801243,Reject,1.3194181743090951,Reject,Accept,0.2951629577346392
0.8196750621851105,0.856207969324854,0.1596698427917661,-0.004286776247284012,0.35711475093563283,Accept,"Gender, Age, ProgVar",0.9590971070647306,0.1596698427917661,-0.011801631203133607,0.34214969459596534,Accept,1.1947677433184036,Reject,Accept,0.7425643357371355
0.29724319780038955,0.7903933577529245,0.43858382642827043,0.26816586317242136,0.6279789022502933,Reject,"Gender, Age, ProgVar",1.4224719150046432,0.43858382642827043,0.24894822512037246,0.6241661455177967,Reject,1.4070831012494331,Reject,Reject,1.2365990113867162
0.6275128568913486,0.9320872978243695,0.27617570012903253,0.09723036723521061,0.5098643472124441,Reject,"Gender, Age, ProgVar",1.3403680585922746,0.27617570012903253,0.07963238593511919,0.47601519643002566,Reject,1.4365630213917087,Reject,Accept,1.184324331066273
0.5930362362854164,0.8531408055662115,0.29052482272817376,0.13545278244523284,0.42936344143500565,Reject,"Gender, Age, ProgVar",1.411494074178714,0.29052482272817376,0.14751599799936332,0.4363894607575948,Reject,1.3710970915889866,Reject,Accept,0.4762178517066856
0.637768890668088,0.8764220549143276,0.24645672364173146,0.11608440918426814,0.41694832308879737,Reject,"Gender, Age, ProgVar",1.906046610884855,0.24645672364173146,0.09654695157919473,0.3947834408819246,Reject,1.786169733249545,Reject,Accept,1.2067728973048
0.5491846519936072,0.8058453604561495,0.3405736607922792,0.11506488217530439,0.5159832843881805,Reject,"Gender, Age, ProgVar",1.7410599948504688,0.3405736607922792,0.15258338216221942,0.5313454606017918,Reject,1.5918596294365548,Reject,Accept,0.29038495051151253
0.5779208832805376,0.7811858376734464,0.31230035900545844,0.16410880361683428,0.4500894560582479,Reject,"Gender, Age, ProgVar",1.5810816795804314,0.31230035900545844,0.16260828397186544,0.44666001452774984,Reject,1.4556044909378523,Reject,Reject,1.4669148159115744
0.8537135321091356,0.9153427925157988,0.20146943782271368,0.038735116581914524,0.3956406042357331,Reject,"Gender, Age, ProgVar",1.391234964921922,0.20146943782271368,0.02112754432200714,0.37421732375409494,Reject,1.349228296218498,Reject,Accept,0.714787671483839
0.46374868970872807,0.8134743882261175,0.4254776745823937,0.24991894562676975,0.6078917066586903,Reject,"Gender, Age, ProgVar",1.6581642169707416,0.4254776745823937,0.2572798353108783,0.6087118873286005,Reject,1.570509971464165,Reject,Reject,1.4116738510358555
0.7564809484226355,0.8769010878044052,0.1602375906745501,-0.034537868499344926,0.3338749102070036,Accept,"Gender, Age, ProgVar",1.501261525787213,0.1602375906745501,-0.005611520388194541,0.34180574006387276,Accept,1.427391258675515,Reject,Reject,1.5002012389917632
0.8895310624144672,0.8981213179143964,0.26800528281297703,0.12921450653972327,0.46125970023941126,Reject,"Gender, Age, ProgVar",1.4226935647923218,0.26800528281297703,0.09920191227466373,0.43225972282690356,Reject,1.5659516239747129,Reject,Accept,1.0107940961489001
0.9010305530194612,0.8867996337736166,0.231688583100105,0.08020902497568198,0.36016372761919657,Reject,"Gender, Age, ProgVar",1.4531286041121836,0.231688583100105,0.07949313035043523,0.3770675504501225,Reject,1.7758579606976692,Reject,Reject,1.1570086922048286
0.5859154701031877,0.9085890140496604,0.27901150038285516,0.12056630077263891,0.46896504927668525,Reject,"Gender, Age, ProgVar",1.47895981151505,0.27901150038285516,0.11141087626076383,0.44127385712383693,Reject,1.4268386838326321,Reject,Accept,0.8586337355649487
0.42203168387576023,0.8352119560311887,0.3318073576150717,0.20322101588404573,0.4619844709910592,Reject,"Gender, Age, ProgVar",1.5264970394276085,0.3318073576150717,0.19776436380312407,0.4682601662382774,Reject,1.352356102239824,Reject,Accept,1.263587624257014
0.5978795294982813,0.8279320650267509,0.31210995864322366,0.14714579637718764,0.46283572595811545,Reject,"Gender, Age, ProgVar",1.8046843502732295,0.31210995864322366,0.15425520122267122,0.4843233336932968,Reject,1.6397254684104465,Reject,Accept,0.6723572992933622
0.74786156497922,0.8753875478948788,0.13043684549214973,0.006088383301832534,0.32430452816589883,Reject,"Gender, Age, ProgVar",1.2484454774891534,0.13043684549214973,-0.02963579388435336,0.30300253656332343,Accept,1.274499204328353,Reject,Accept,0.20111900152271228
0.7454553972435881,0.8041623095105143,0.22888015243113444,0.08987070130607933,0.347765515966243,Reject,"Gender, Age, ProgVar",1.1638411470049403,0.22888015243113444,0.09853801671226027,0.3565256266491089,Reject,1.2538194071240572,Reject,Reject,1.5433228173768005
0.5722469224136376,0.8687081844631499,0.16960954560075037,0.04961720570323694,0.3521880118701209,Reject,"Gender, Age, ProgVar",1.7916361605391886,0.16960954560075037,0.018999794372480942,0.31906883773769207,Reject,1.530636674978413,Reject,Reject,1.3346141972615135
0.5468740440481515,0.756807634461733,0.36430675708967525,0.2065681360800174,0.5089812089027177,Reject,"Gender, Age, ProgVar",1.0873373072814605,0.36430675708967525,0.2186873387455995,0.5127306336153262,Reject,1.2915128496672181,Reject,Reject,1.1813510483092884
0.4316985931144458,0.8253407915407487,0.2880876797928857,0.18852778223936684,0.44641890987617283,Reject,"Gender, Age, ProgVar",1.3306822070740005,0.2880876797928857,0.16530478964265316,0.4158738828557187,Reject,1.4366773569410254,Reject,Reject,1.4178657027471362
0.9720795414736152,0.893689654698557,0.18531241054034941,0.03468208488496412,0.346985207121621,Reject,"Gender, Age, ProgVar",1.6053934131428529,0.18531241054034941,0.020176068632051417,0.3416880847555052,Reject,1.6598583548135923,Reject,Accept,1.1054723161858944
0.45646657460830864,0.8682069779956166,0.505844948801507,0.2555370034405334,0.7256586974572682,Reject,"Gender, Age, ProgVar",1.807477710915224,0.505844948801507,0.2700580521428285,0.7353772590374709,Reject,1.7903017692815255,Reject,Accept,1.0092945091248402
0.46334494713160673,0.8039769211728871,0.38601059708085267,0.21567514832976767,0.5893886234498174,Reject,"Gender, Age, ProgVar",1.7072824648509768,0.38601059708085267,0.19017956396324334,0.5663102672930552,Reject,1.6660063681123694,Reject,Accept,1.2499104547774105
0.6203404827197734,0.8174139654226932,0.3066839057702404,0.18516352419090068,0.4834525754639354,Reject,"Gender, Age, ProgVar",1.6228400929051212,0.3066839057702404,0.15807093037747957,0.45159990182387555,Reject,1.3973638577442173,Reject,Reject,1.6650141397221823
0.6106314266699157,0.7424382852295025,0.4193449414914673,0.2567351643650436,0.5915611548733658,Reject,"Gender, Age, ProgVar",1.4721630776205197,0.4193449414914673,0.24085841121451868,0.5893289405213081,Reject,1.5594984265426906,Reject,Reject,1.4107622004020925
0.7562497823753168,0.9780621376013102,0.18276474724955358,0.02434785277647005,0.37203792880270237,Reject,"Gender, Age, ProgVar",1.5236694583405512,0.18276474724955358,0.011809631301259286,0.36176183577478804,Reject,1.5653975107083375,Reject,Accept,0.8878892380958991
0.5627458670526891,0.9176454178791555,0.16593588084505875,0.002705145065190283,0.3440603229247751,Reject,"Gender, Age, ProgVar",1.546504103650811,0.16593588084505875,-0.0061123674174275305,0.33017758415956977,Accept,1.4488241018996597,Reject,Accept,1.0939238784555032
0.798322028545532,0.9541158988507055,0.2906517700210645,0.10460488310611589,0.45778397026390716,Reject,"Gender, Age, ProgVar",1.9901053273523248,0.2906517700210645,0.11459330122399437,0.46821702310460417,Reject,1.785784941540312,Reject,Accept,0.4717179025279505
0.34242194178687485,0.7818621761447769,0.44647095692023536,0.3241162446707474,0.64777792901655,Reject,"Gender, Age, ProgVar",1.3211920586574946,0.44647095692023536,0.2848484814644511,0.6160631596339848,Reject,1.480396170609206,Reject,Accept,0.5572931303979778
0.5958715125264481,0.8572520074309367,0.4222215258635011,0.27002733766514886,0.6726839557325077,Reject,"Gender, Age, ProgVar",1.6783633652148153,0.4222215258635011,0.21782319400512243,0.6186424315882435,Reject,1.4900632085242844,Reject,Reject,1.401458733288398
0.46188892496536976,0.836764248208501,0.3827042254762627,0.21661397813367483,0.5064670035647894,Reject,"Gender, Age, ProgVar",1.2195350766326551,0.3827042254762627,0.2289938531668281,0.5278930539466086,Reject,1.371938969103997,Reject,Reject,1.601910112816348
0.6992391790197934,0.9007742796821793,0.2195226431899513,0.04949184284815712,0.35741531420744793,Reject,"Gender, Age, ProgVar",1.1626827344796495,0.2195226431899513,0.07071685174212927,0.3707401962115743,Reject,1.3310578552756487,Reject,Accept,0.9248186660729243
0.4281252855008707,0.8271098529997905,0.4428563081653071,0.2847455831403696,0.6361669699697319,Reject,"Gender, Age, ProgVar",1.3500466306265764,0.4428563081653071,0.2650428845717584,0.6134850797354444,Reject,1.3942753200791322,Reject,Accept,0.93046259724724
0.46154903185715596,0.9296793936972362,0.21194664959888238,0.06940128358336735,0.3897778323705432,Reject,"Gender, Age, ProgVar",1.4114437337899244,0.21194664959888238,0.046880738448633344,0.36531108749567415,Reject,1.4180609239947999,Reject,Accept,0.5808163964743949
0.825531555091491,0.8731980685054275,0.26855830995409397,0.14135014189668899,0.44708317084445925,Reject,"Gender, Age, ProgVar",1.5416016488011826,0.26855830995409397,0.10500028149817815,0.4102826171701952,Reject,1.5424148885129103,Reject,Accept,0.4654302279729788
0.7164401632116625,0.7924834126558836,0.3417492969945971,0.14390780087907581,0.45826495405458656,Reject,"Gender, Age, ProgVar",1.508245123200382,0.3417492969945971,0.17533940961107386,0.5058357426576903,Reject,1.7262496476264317,Reject,Reject,1.2553296497168545
0.8486811914750424,0.9582478304397942,0.08530428122337705,-0.06378385425722922,0.3243559260118817,Accept,"Gender, Age, ProgVar",1.8892573675693152,0.08530428122337705,-0.11036970550010315,0.29232066091986175,Accept,1.7056618111238968,Reject,Accept,0.5302079218463189
0.683632001650594,0.8298910662132009,0.2524748038046666,0.11988139766683578,0.4296095058324725,Reject,"Gender, Age, ProgVar",1.427143886200667,0.2524748038046666,0.10578576220995609,0.40243989577792805,Reject,1.4115108705663821,Reject,Accept,0.34415040859909346
0.7345277702423586,0.8722818199565239,0.22170888365831443,0.07272124687425646,0.3910455114024127,Reject,"Gender, Age, ProgVar",1.3523478873293644,0.22170888365831443,0.06490921262713893,0.38940844076607156,Reject,1.433124171489846,Reject,Accept,0.35106169665269377
0.8456263595207114,0.9001497506809474,0.21446951500313938,0.0738384927220529,0.37755344225509757,Reject,"Gender, Age, ProgVar",1.794738223835653,0.21446951500313938,0.05681951065826255,0.3660890129569157,Reject,1.6868229305290134,Accept,Accept,0.9223587867269402
0.5826559018032837,0.9003786475408534,0.22207918932318343,0.0482721916083602,0.4243446960353803,Reject,"Gender, Age, ProgVar",1.123108924382241,0.22207918932318343,0.033297872214068436,0.41171087699080544,Reject,1.2944095784005767,Reject,Accept,0.13504371051462702
0.39359816608861675,0.717746349536884,0.4356867712909231,0.3219200734724249,0.5763971011384831,Reject,"Gender, Age, ProgVar",1.520526129307583,0.4356867712909231,0.31196010836037164,0.5620163880464412,Reject,1.5402404813007453,Reject,Reject,2.0192947851118634
0.6891042066052148,0.8946567323349055,0.16802853734541195,0.029523765349987775,0.3233122257846867,Reject,"Gender, Age, ProgVar",1.2328078747676736,0.16802853734541195,0.02336791010966964,0.32786882593764877,Reject,1.2923512388001699,Reject,Accept,0.15730879076738122
0.585870549844283,0.9229452917852405,0.23878601910060232,0.07080363420784286,0.42348740506429494,Reject,"Gender, Age, ProgVar",1.8207659337081668,0.23878601910060232,0.05422757755753801,0.41649066130158474,Reject,1.5847775927358188,Reject,Accept,0.20137491220133819
0.7892265270824512,0.8930413571181869,0.16148419458739202,-6.63037592826543e-5,0.3092844836054954,Accept,"Gender, Age, ProgVar",1.3646168181252432,0.16148419458739202,-9.974912379639572e-4,0.32015793523202324,Accept,1.466791484963564,Reject,Reject,1.3139775140478533
0.6924600176094013,0.9070628938666789,0.15145092406429034,-0.02989823045505172,0.3278473702046822,Accept,"Gender, Age, ProgVar",1.5635571865911941,0.15145092406429034,-0.02371974251915461,0.3460493947512306,Accept,1.4148097015435552,Reject,Accept,0.223165732965158
0.3641644570060142,0.7727420185626079,0.48948329297758775,0.2805036679879832,0.6351378156858116,Reject,"Age, ProgVar",1.6683342910410308,0.48948329297758775,0.3324948658587396,0.6575610811768434,Reject,1.4655538557059165,Reject,Reject,1.2824764831366509
0.5802917112569149,0.8942812464435184,0.205905520933938,0.10538049423871501,0.40329813502970185,Reject,"Gender, Age, ProgVar",1.7803809557634074,0.205905520933938,0.07519214223126283,0.3459127691547939,Reject,1.5582280141046778,Reject,Accept,0.6924280292277303
0.4487054601618232,0.7617526097963391,0.44712238031897844,0.28575391994553484,0.6433822949960131,Reject,"Gender, Age, ProgVar",1.5084527674912294,0.44712238031897844,0.2582502933846905,0.6291638061652766,Reject,1.6093274512657,Reject,Reject,1.402738664162053
0.5364861884777657,0.7776982880096402,0.29305270590547045,0.19691735687842846,0.4857275043590046,Reject,"Gender, Age, ProgVar",1.811390914737319,0.29305270590547045,0.1525710128003932,0.43953244042029843,Reject,1.4840398209898096,Reject,Reject,1.8693037894455409
0.525508710399766,0.8157965038903687,0.357830084202479,0.23007605801488148,0.5021069773687531,Reject,"Gender, Age, ProgVar",1.1732801205792953,0.357830084202479,0.21786761332407134,0.5089562486441555,Reject,1.3207508952893434,Reject,Reject,1.302285767677789
0.7578940675960496,0.8327423069271753,0.2536251004278634,0.10835084266722081,0.457900622344124,Reject,"Gender, Age, ProgVar",1.5121575267351104,0.2536251004278634,0.07433250148295291,0.4389159617716051,Reject,1.434637273310096,Reject,Accept,1.097966950287619
0.7482073782705718,0.884771716836623,0.2880169360536497,0.12671212467982965,0.44708872848114933,Reject,"Gender, Age, ProgVar",1.3799602330646963,0.2880169360536497,0.12970207588312005,0.4573570717304809,Reject,1.488730252131859,Reject,Accept,0.9163438595047098
0.7012136594504578,0.7946762050143548,0.3432408804515879,0.21417128895035675,0.5270078442217598,Reject,"Gender, Age, ProgVar",2.018145577469678,0.3432408804515879,0.18531650062733032,0.5099119992683829,Reject,1.9655960053846426,Reject,Accept,1.3757335446698815
0.5899836120014443,0.846483912952555,0.35078582592791047,0.16461078383377337,0.5264337272374628,Reject,"Gender, Age, ProgVar",1.597611761177939,0.35078582592791047,0.17923541336686838,0.5358453560734546,Reject,1.5482069919048742,Reject,Reject,1.4179140832869261
0.7457876701492673,0.8602544394370247,0.2683785255361075,0.12079107435534532,0.42748331765836906,Reject,"Gender, Age, ProgVar",1.2804191422759557,0.2683785255361075,0.12336799888158913,0.42995873536639473,Reject,1.3353655938446567,Reject,Reject,1.3657525582394578
0.6409166404109791,0.8975649139588895,0.2127746800642363,0.05105901349222836,0.3468994676012607,Reject,"Gender, Age, ProgVar",1.4160964750852705,0.2127746800642363,0.06708772310969766,0.35724867404487193,Reject,1.2046712739114802,Reject,Accept,0.9940203056262754
0.6421798668401092,0.8393565063068688,0.25918661507416285,0.16092115185167907,0.5061175072617105,Reject,"Gender, Age, ProgVar",2.0922535197566647,0.25918661507416285,0.07995932144158509,0.4306280775527041,Reject,1.6460283839475267,Reject,Reject,1.4610348619533329
0.6335442777705204,0.8013360349719284,0.34266713697790235,0.15663472161787645,0.5020711567869419,Reject,"Gender, Age, ProgVar",1.3041507395221688,0.34266713697790235,0.16905882477365233,0.5118928929298467,Reject,1.4483683450928246,Reject,Accept,1.117893840906685
0.6506982861015008,0.9303283928359438,0.16011148079925114,-0.008297862068234001,0.27971784755703083,Accept,"Gender, Age, ProgVar",1.1581824914461927,0.16011148079925114,0.009362025740372506,0.3044583493227089,Reject,1.1273118226396464,Reject,Reject,1.6005572532935113
0.6642636862017999,0.9176129055885724,0.26596867798822793,0.03730430131016674,0.42483769347764716,Reject,"Gender, Age, ProgVar",1.3239608406004928,0.26596867798822793,0.06924940522502634,0.443164881247991,Reject,1.4469396062056676,Reject,Accept,0.7181963005666986
0.6159731281710971,0.8102430237338399,0.2846313249179983,0.20318652661654418,0.4789383761202966,Reject,"Gender, Age, ProgVar",1.5611029871500488,0.2846313249179983,0.1340702015801933,0.42849968124588644,Reject,1.512689008607563,Reject,Reject,1.2655945952555878
0.5689070602088411,0.8146296372445768,0.3191186878691851,0.19637022644407798,0.511919058306741,Reject,"Gender, Age, ProgVar",1.444384651930673,0.3191186878691851,0.1636006245886057,0.49052582086678803,Reject,1.507860954163984,Reject,Accept,1.0749377059870848
0.9330721276937294,0.8427503726923611,0.2199995054968595,0.0762659793867487,0.3579421226588928,Reject,"Gender, Age, ProgVar",1.9270095233006879,0.2199995054968595,0.06635812846689386,0.36880224805449474,Reject,1.6681978941688242,Reject,Accept,1.1306372246807794
0.6965640606956613,0.7657027993730956,0.30999653093512536,0.1409060197685023,0.4749271834900453,Reject,"Gender, Age, ProgVar",2.0341170584185853,0.30999653093512536,0.13430007781884357,0.4785357014613628,Reject,1.7983750301245334,Reject,Reject,1.1951830412840392
0.7729286309311915,0.9092653163805648,0.25927806135543746,0.09572218800340268,0.4507263438051884,Reject,"Gender, Age, ProgVar",1.8849906538916255,0.25927806135543746,0.07638357914218558,0.4411248515264655,Reject,1.7529959254913052,Reject,Reject,1.3310334306716642
0.6232072644658769,0.8567400819974895,0.25777093593232914,0.136301225204996,0.4278881784608589,Reject,"Gender, Age, ProgVar",1.3902601821045137,0.25777093593232914,0.11532116494588564,0.4077961995434869,Reject,1.320328382869859,Reject,Accept,1.0135003309981772
0.43843333428524495,0.709152591692375,0.48108122076147963,0.30386407950258304,0.6690656965943211,Reject,"Gender, Age, ProgVar",1.4397550428750037,0.48108122076147963,0.3038914829761498,0.670227898946601,Reject,1.6326245786834312,Reject,Accept,1.0636092973696314
0.4777183792990427,0.84265944128329,0.2701339001097744,0.11208041480313612,0.4235139893986752,Reject,"Gender, Age, ProgVar",1.8266965232321306,0.2701339001097744,0.11701231396742684,0.4201388594790046,Reject,1.8023364088600495,Reject,Reject,1.8668454882108578
0.5338842262461233,0.8326208838483147,0.31936209590641784,0.14224476103116102,0.46917750985658874,Reject,"Gender, Age, ProgVar",1.6664544327475386,0.31936209590641784,0.16172843655898053,0.47178547114026437,Reject,1.479441182295181,Reject,Accept,0.9740511070354119
0.4939701616413184,0.7803914593015469,0.45140045693746056,0.28656208883476025,0.6170734266976159,Reject,"Gender, Age, ProgVar",1.2008722098347482,0.45140045693746056,0.285991951909384,0.6151154776136686,Reject,1.2654959688959682,Reject,Reject,1.1383930938459716
0.6932236603898134,0.9547358513595462,0.24187233359305044,0.022830096574408543,0.429381222085429,Reject,"Age, ProgVar",1.378312063801318,0.24187233359305044,0.057170560168055565,0.41290134651059973,Reject,1.3989688894219565,Reject,Accept,0.032858320162379925
0.8269437674673119,0.8681379379719026,0.24665170413541668,0.10578208628002769,0.39226370018448614,Reject,"Gender, Age, ProgVar",1.701928016734904,0.24665170413541668,0.09373937798560283,0.3838350034388423,Reject,1.6588955064037656,Reject,Reject,1.5003439754246437
1.0009420631791346,1.0036700421012468,0.1880183340812927,0.03189481395342669,0.3591539315517617,Reject,"Gender, Age, ProgVar",1.2526160915292992,0.1880183340812927,0.018100879265920633,0.3440464185187878,Reject,1.5200508255140541,Reject,Accept,0.8603104531934195
0.6075359993843991,0.7960828985356568,0.29900121109761696,0.13525629901858593,0.47590535146889335,Reject,"Gender, Age, ProgVar",1.3535671713347985,0.29900121109761696,0.1269939948853805,0.4728077671741335,Reject,1.3935428056509758,Reject,Accept,0.8755222294175308
0.491472724948878,0.7684264565096921,0.36291659167066614,0.22492866729617858,0.500054290963048,Reject,"Gender, Age, ProgVar",1.6734490575452619,0.36291659167066614,0.23256561309890408,0.502215735099077,Reject,1.6821577112887454,Reject,Reject,1.2534892118524
0.47120249096886874,0.8189864122282892,0.3823171108574806,0.2566026390035687,0.5837327177767926,Reject,"Gender, Age, ProgVar",1.5521948807150583,0.3823171108574806,0.22618150202173612,0.5558543187587005,Reject,1.606583669392815,Reject,Accept,1.0616996712138365
0.910031000139041,0.8537283390109035,0.18064028462882176,0.0459973170112504,0.310573778071164,Reject,"Gender, Age, ProgVar",1.9114026456828075,0.18064028462882176,0.046702559243668784,0.31529542913320346,Reject,1.721962392259681,Reject,Reject,1.3303215183088526
0.6709441278903823,0.8378763526484672,0.29688007423075835,0.15173011331355046,0.4847806774893931,Reject,"Gender, Age, ProgVar",1.5658754238670654,0.29688007423075835,0.1306285556918093,0.46138324821342913,Reject,1.6253636914057976,Reject,Reject,1.280551111013076
0.8698571569060897,0.9595630637706518,0.1593806608647937,0.001122754766317166,0.26348760590799664,Reject,"Gender, Age, ProgVar",1.5121490085229528,0.1593806608647937,0.02456762463679739,0.2848054342737652,Reject,1.563665643963509,Reject,Accept,0.9148908182711329
0.6869185187358309,0.9023572645744622,0.24068247171510432,0.13230492204148786,0.40093544409052284,Reject,"Gender, Age, ProgVar",1.4737637608368834,0.24068247171510432,0.0998700952864953,0.37502932227390906,Reject,1.6425029296926883,Reject,Accept,0.1514876606013076
0.5186454451463007,0.8555321806312407,0.334151390811383,0.16435052145387238,0.5155396895989505,Reject,"Gender, Age, ProgVar",1.2568745752157313,0.334151390811383,0.17835959069422586,0.49232961337876463,Reject,1.60714465620405,Reject,Accept,0.3216113900130783
0.7186131301446235,0.8263652016461148,0.27350122449588804,0.11298424203065627,0.40816153922745574,Reject,"Gender, Age, ProgVar",1.538494844436383,0.27350122449588804,0.12969772055390727,0.424303401462285,Reject,1.603746661183703,Reject,Accept,1.2258504050838681
0.6244155550651436,0.8940349612247395,0.29190727535096517,0.08588244326527954,0.49961578861904055,Reject,"Gender, Age, ProgVar",1.4360702343882794,0.29190727535096517,0.10063431523767746,0.48118157614253787,Reject,1.6568101534161592,Reject,Accept,0.537877705860022
0.4672440970863488,0.8590448865036423,0.26015715403058476,0.09012095392905026,0.43452558608050323,Reject,"Gender, Age, ProgVar",1.656078077820651,0.26015715403058476,0.08643846294697755,0.4307328173320833,Reject,1.7486421093862117,Reject,Accept,0.2570396485252388
0.433196370614191,0.8292596051099687,0.3095622600818852,0.17353526574963643,0.5385863999208763,Reject,"Gender, Age, ProgVar",1.1979371727307442,0.3095622600818852,0.13898092526505582,0.492787596585372,Reject,1.266958752314491,Reject,Accept,0.8271416047920863
0.39577668768044355,0.7823357120199809,0.45426729694442325,0.3048431077314073,0.640948110193889,Reject,"Gender, Age, ProgVar",1.482192599826946,0.45426729694442325,0.3020649059581624,0.6393004621269844,Reject,1.4862855788527733,Reject,Accept,1.1108948337429092
0.6412911337255565,0.7839873860362903,0.32558013970702193,0.19905065226321983,0.48225937617782894,Reject,"Gender, Age, ProgVar",1.4352490372030697,0.32558013970702193,0.1943696512004413,0.47058461354577164,Reject,1.638293341209585,Reject,Accept,1.0010023353726192
0.5317064571979105,0.7441019193644797,0.31581899419849807,0.18555621209106873,0.45623748888658894,Reject,"Gender, Age, ProgVar",1.709054541687654,0.31581899419849807,0.18545769666759943,0.4557747288660372,Reject,1.624886490397153,Reject,Reject,1.4546969970219819
0.90367864549683,0.9087669119463362,0.15710111836978843,0.024868984795952814,0.3137731662696639,Reject,"Gender, Age, ProgVar",1.615488775935205,0.15710111836978843,0.016509556648548186,0.30896402459610134,Reject,1.651042763798158,Reject,Accept,0.2039637663662196
0.5168443654644217,0.8922240984875994,0.36086147370888866,0.12730757086653066,0.48133796086418945,Reject,"Gender, Age, ProgVar",1.7152600786637335,0.36086147370888866,0.18970963381730072,0.5420539706385908,Reject,1.511002999858742,Reject,Accept,0.8314040796721589
0.5606604209338834,0.7723796989203716,0.35559430554707566,0.1525796321454578,0.487510423978648,Reject,"Gender, Age, ProgVar",1.388310563351723,0.35559430554707566,0.17872251199476086,0.5221826317558258,Reject,1.546939248259866,Reject,Reject,1.3572898690183592
0.7034055811775626,0.8450648116643091,0.2842797182542007,0.13353329224707394,0.5428840903481221,Reject,"Gender, Age, ProgVar",1.6145807663934013,0.2842797182542007,0.073711770860943715,0.4782578113226593,Reject,1.7321581489537556,Reject,Accept,0.5212382464080556
0.6511395200964448,0.7722501701102477,0.33082686012779144,0.2027598763213005,0.5128501567441383,Reject,"Gender, Age, ProgVar",1.6386815954413194,0.33082686012779144,0.180598182092739,0.483915172277018,Reject,1.5438450132774801,Reject,Reject,1.634808381569821
0.8614289834920837,0.8163895479339335,0.19965756233328008,0.053515590144577595,0.37501295304228577,Reject,"Gender, Age, ProgVar",1.582275513161629,0.19965756233328008,0.019844526919121093,0.36028285458113757,Reject,1.6079912098299922,Reject,Reject,1.6718264971923817
0.6533116341047037,0.8253382252731766,0.279888249907665,0.141791971402352,0.41416269395150435,Reject,"Gender, Age, ProgVar",1.9074939108371296,0.279888249907665,0.14198142940504602,0.4197384419573076,Reject,1.7134366606081033,Reject,Accept,1.0340483309740254
0.5497231313406835,0.8920540241411272,0.21152433587695585,0.05338684459952975,0.38982747367205933,Reject,"Gender, Age, ProgVar",1.703080287557092,0.21152433587695585,0.039053458332412035,0.3826278532193868,Reject,1.5906437651583887,Reject,Accept,0.790209993714035
0.5759937444162435,0.7961376320433474,0.24305602703798942,0.14862779240409096,0.4204658218245644,Reject,"Gender, Age, ProgVar",1.4223153199234622,0.24305602703798942,0.09696263849548226,0.3723525248886958,Reject,1.6755899674891932,Reject,Accept,1.1279533967636386
0.6906219796488512,0.855493975097276,0.25277788336076096,0.10784384393512349,0.39027762788392484,Reject,"Gender, Age, ProgVar",1.622884103909338,0.25277788336076096,0.11010347281344793,0.3824316747886932,Reject,1.633580277374883,Reject,Accept,1.080131839967008
0.7101672940256571,0.8849557103840036,0.2670026961863414,0.07783969841638519,0.45594514220626775,Reject,"Gender, Age, ProgVar",1.3674156824535277,0.2670026961863414,0.08247686643310845,0.4498975078439063,Reject,1.4552548369547393,Reject,Reject,1.1286016729298405
0.46816474591321067,0.84186099750650345,0.2883216056343188,0.15605648872783365,0.43533893230325504,Reject,"Gender, Age, ProgVar",1.5446193491534062,0.2883216056343188,0.1480769991676416,0.4206204375018612,Reject,1.3422075862895628,Reject,Reject,1.226597502997235
0.633835220654374,0.8506103219326738,0.3085362994754714,0.1659160358208222,0.4977592621599085,Reject,"Gender, Age, ProgVar",1.2413149772784329,0.3085362994754714,0.12997812818777982,0.4736358184955667,Reject,1.325554962571087,Reject,Accept,0.965240045408807
0.5576147596716746,0.8270361727844988,0.22134165989825502,0.08628404993921973,0.37915616685290393,Reject,"Gender, Age, ProgVar",1.480478708426432,0.22134165989825502,0.07360990282459368,0.3697821570602201,Reject,1.4466739704566782,Reject,Reject,1.4753806061613846
0.8421291745352478,0.8734064808583403,0.26754386486764653,0.10359518224517156,0.411475317197465,Reject,"Gender, Age, ProgVar",1.3559294956342376,0.26754386486764653,0.1116864816841709,0.4256098935180253,Reject,1.6086776919753836,Reject,Reject,1.2412936501069056
0.5741592212276437,0.7578031964132024,0.32287019415944734,0.172820644864262,0.46201354381817206,Reject,"Gender, Age, ProgVar",1.5288902412297327,0.32287019415944734,0.1689092528116953,0.4569648142319859,Reject,1.6310719176492356,Reject,Reject,1.4675435991483372
0.48892439251195224,0.8760593482452996,0.3330791628670677,0.20334807377068892,0.5948650368675236,Reject,"Gender, Age, ProgVar",1.6382783209250682,0.3330791628670677,0.13080077305115223,0.5430619577526722,Reject,1.3854112637646212,Reject,Accept,0.8926761357905298
0.5815814542725164,0.8294089835281026,0.3463539559881281,0.16171542470616063,0.5912116699433929,Reject,"Age, ProgVar",1.8190189994012014,0.3463539559881281,0.1632138601681432,0.5218840853770864,Reject,1.8297999900461301,Reject,Accept,0.44955432297883724
0.6559559967710396,0.8410923611927418,0.34519036319231744,0.16047287340536537,0.5039421516751804,Reject,"Gender, Age, ProgVar",1.4063205933004415,0.34519036319231744,0.1821097272434491,0.519039745318544,Reject,1.529315526654794,Reject,Accept,1.1019240298806485
0.8315568414837919,0.8755970316379822,0.2529821951714696,0.09836190172568898,0.40014291162753524,Reject,"Gender, Age, ProgVar",1.7310922743175476,0.2529821951714696,0.09614150526621315,0.4090593199423302,Reject,1.4952616623645099,Reject,Accept,0.21113044280796517
0.5665257459756706,0.8490861159916164,0.3947590493598325,0.22360185574536828,0.49710874746305744,Reject,"Gender, Age, ProgVar",1.6744088389360963,0.3947590493598325,0.25573992026318965,0.5423897554490357,Reject,1.4900469958402807,Reject,Accept,1.0865151587161714
0.644972420061601,0.9158740443001403,0.2956378672938338,0.10060070120846329,0.5128311813376337,Reject,"Gender, Age, ProgVar",1.2067899175778782,0.2956378672938338,0.09037364510374336,0.49132205758326564,Reject,1.3480111991514168,Reject,Accept,0.4769293558534401
0.44752091248978243,0.93722562232258,0.261174148033345,0.08903542478585416,0.47988496483421417,Reject,"Gender, Age, ProgVar",1.4865251044802759,0.261174148033345,0.07190806605472745,0.4528498672458199,Reject,1.4789022400948462,Reject,Accept,0.46942401518459304
0.8847013223920295,0.8350920138614789,0.1720802437091048,0.043568837417973655,0.3258700830519989,Reject,"Gender, Age, ProgVar",1.3628327062447452,0.1720802437091048,0.02816581847243517,0.31792201867173175,Reject,1.4284457613663963,Reject,Accept,0.13824047375399315
0.6221932199656601,0.8344098057608466,0.3215934690447898,0.14661901336180896,0.47124588891634794,Reject,"Gender, Age, ProgVar",1.3375018104708714,0.3215934690447898,0.16031705885518727,0.4831562530686586,Reject,1.3069964996851247,Reject,Reject,1.717029475707377
0.6220894574089709,0.8788974049332897,0.2609149870567628,0.08931643572581177,0.43078430840498644,Reject,"Gender, Age, ProgVar",1.589364738830848,0.2609149870567628,0.09502261399867575,0.433490711832815,Reject,1.5078035555869949,Reject,Reject,1.3488549113674508
0.6312901296181538,0.8151352061852072,0.35539729955784877,0.17594619790635094,0.5137756942157069,Reject,"Age, ProgVar",1.2615009577103427,0.35539729955784877,0.20828974393719157,0.501449750823108,Reject,1.2769299301946928,Reject,Reject,1.3408241919899264
0.48216343201763495,0.7306730772841276,0.4566991127051089,0.32876735106932653,0.6015681850643606,Reject,"Gender, Age, ProgVar",1.7529019995402815,0.4566991127051089,0.32120525337730854,0.5963018898568329,Reject,1.6375703165140445,Reject,Accept,1.2514470721832816
0.6204911878960085,0.8299384143454218,0.312247268196525,0.17684226443473733,0.45775875266452454,Reject,"Gender, Age, ProgVar",1.897551680819837,0.312247268196525,0.1726145942134371,0.4457102100614502,Reject,1.7474877644906448,Reject,Reject,1.7752351766660466
0.6538490661212308,0.9314200057308655,0.28276045110475195,0.12185142594559434,0.40630065537352067,Reject,"Gender, Age, ProgVar",1.102594176606193,0.28276045110475195,0.14029801945945253,0.42538427223145875,Reject,1.2756010421851294,Reject,Reject,1.2610580144594443
0.7651682318476101,0.8568533336834736,0.254109317587631,0.0772441393754934,0.4019977783179929,Reject,"Gender, Age, ProgVar",1.5460245607045615,0.254109317587631,0.08035598071463532,0.4223302830786276,Reject,1.5665515531448135,Reject,Accept,1.122987079147413
0.4932560024743969,0.8048627464120488,0.3550862545170491,0.26327915591387885,0.5515191544471219,Reject,"Gender, Age, ProgVar",1.5151531369727658,0.3550862545170491,0.21666792597929718,0.5106364943429988,Reject,1.541352341259518,Reject,Accept,0.6227469245532924
0.7051911725247673,0.8966288154965556,0.23832222136668013,0.10805797695284652,0.3991010925016635,Reject,"Gender, Age, ProgVar",0.9439818915927692,0.23832222136668013,0.09860670708651184,0.3955982389384187,Reject,1.171196198884,Reject,Accept,0.6340354098408306
0.5773344605544848,0.763524374755412,0.3601144674513689,0.1691673795235722,0.5393055686610999,Reject,"Gender, Age, ProgVar",1.6815590276800958,0.3601144674513689,0.17052692642311043,0.5380261649645901,Reject,1.5512878923950788,Reject,Accept,0.9792744096483338
0.6863537571783961,0.8471160790394587,0.22351294259116672,0.07297828251818064,0.3615607491728394,Reject,"Gender, Age, ProgVar",1.495122040718939,0.22351294259116672,0.07085666623182807,0.35989182791806124,Reject,1.5951585659727392,Reject,Reject,1.6312140818280447
0.8151895491290997,0.8971160838938055,0.3553521474841309,0.13652111934554545,0.5062780874054603,Reject,"Gender, Age, ProgVar",1.862073154744741,0.3553521474841309,0.1806744824973488,0.5491719723398424,Reject,1.6577075162538648,Reject,Accept,0.5847043938308506
0.5881609431446512,0.7516153204395453,0.332450256153409,0.17899377021287446,0.4613944597990489,Reject,"Gender, Age, ProgVar",1.9155924853696176,0.332450256153409,0.2033501535098989,0.47468471260945827,Reject,1.7220812178422356,Reject,Accept,1.1189561611047778
0.8453123465045165,0.9227506141464716,0.2688673811788228,0.102781670817065,0.41219127058848626,Reject,"Gender, Age, ProgVar",1.7419023129122766,0.2688673811788228,0.10840128376627965,0.42369575584861774,Reject,1.6014283201990325,Reject,Accept,0.6467541875581949
0.4308324429474518,0.8623898511174457,0.3805233627135575,0.22740128808265575,0.5433341168913444,Reject,"Gender, Age, ProgVar",1.317446872520162,0.3805233627135575,0.21835845555791322,0.5347383449615466,Reject,1.4971656302680276,Reject,Accept,0.6217968258949392
0.6240010296275885,0.8715212236788381,0.2180605055009682,0.11088144944029994,0.39860444835618686,Reject,"Gender, Age, ProgVar",1.5662033991780728,0.2180605055009682,0.065355726541039,0.36023504719233534,Reject,1.3876752836257622,Reject,Reject,1.467918459497075
0.6319129350702986,0.8284153888380786,0.30309116841754186,0.10413376224800566,0.4729004685622572,Reject,"Gender, Age, ProgVar",1.753970143039041,0.30309116841754186,0.11818279374372749,0.4864484900337307,Reject,1.6513450499796056,Reject,Accept,0.9561755249514758
0.48607867172524344,0.7821689687958577,0.3450332177437945,0.22653440332913802,0.5337394720213795,Reject,"Gender, Age, ProgVar",1.540811532662151,0.3450332177437945,0.18950355940310612,0.5065798903146991,Reject,1.4155410117867044,Reject,Reject,1.6882842913021119
0.8376796734084543,0.9438793114436261,0.18176258010796842,0.08563396925203141,0.4066100819220883,Reject,"Gender, Age, ProgVar",1.7987081825624733,0.18176258010796842,0.03058274351401874,0.33070677850409097,Reject,1.5590346143022953,Reject,Accept,0.6168749572621043
0.8464040950759454,0.9681674588101747,0.12027350158009796,-0.052251279390684,0.26159023477352655,Accept,"Gender, Age, ProgVar",1.4534330037969647,0.12027350158009796,-0.035173800721305507,0.2685419061621341,Accept,1.5763624758582182,Reject,Accept,0.7349132666350338
0.649310997083149,0.9104798561956675,0.29758298402746597,0.16476067986098936,0.4923250570167347,Reject,"Gender, Age, ProgVar",1.4274025345282055,0.29758298402746597,0.13571464070932343,0.46092530188204933,Reject,1.5777230712794446,Reject,Accept,0.7826695305192837
1.128078658274858,1.03482727319359,0.03771956153993958,-0.1265352736677716,0.23197088053885623,Accept,"Gender, Age, ProgVar",1.5167174353962856,0.03771956153993958,-0.12939215453735728,0.20871765645429352,Accept,1.5269979676485144,Reject,Accept,0.9895272240956079
0.9424587029702545,0.8661900995351363,0.1419716401022122,0.014545042555364422,0.38238243840158653,Reject,"Gender, Age, ProgVar",1.7485869579597604,0.1419716401022122,-0.03454968556891597,0.3209773174275478,Accept,1.879554167769137,Reject,Accept,1.0603464289200697
0.4721965561053949,0.8293414194268095,0.3562424572465819,0.24715040581642725,0.5424932749765703,Reject,"Gender, Age, ProgVar",2.0239063142564975,0.3562424572465819,0.20808806571186447,0.5051050366137457,Reject,1.674570203790602,Reject,Reject,1.466041462157067
0.6778081828544624,0.7722334384290379,0.3003072800495577,0.15885078686607476,0.45547350671727577,Reject,"Gender, Age, ProgVar",1.5063656274536599,0.3003072800495577,0.14720699892919942,0.4496682902857586,Reject,1.5047725658146849,Reject,Reject,1.1585375497516064
0.6198480160978392,0.8315834531120484,0.2807954664587407,0.1424156552116677,0.4644472073939148,Reject,"Gender, Age, ProgVar",1.6138797374478193,0.2807954664587407,0.12169093297115932,0.44963064488639004,Reject,1.6271596224862788,Reject,Accept,0.522539747346509
0.6899531270311706,0.8114020022617896,0.2694463959378411,0.10609225316414439,0.4500006945488011,Reject,"Gender, Age, ProgVar",1.7345339429717337,0.2694463959378411,0.10847738921756073,0.4486522544967785,Reject,1.6747003772225864,Reject,Accept,0.8346837027370365
0.6187410963022077,0.8576248493484343,0.29316986982927024,0.12406348593742127,0.4475304916182949,Reject,"Gender, Age, ProgVar",1.6184528988984104,0.29316986982927024,0.1316231099843172,0.46852463433528896,Reject,1.7392664029358296,Reject,Reject,1.4638191583073632
0.6870391786551899,0.9417175578234784,0.1276314157482073,-0.0334088255835044,0.30211391781981284,Accept,"Gender, Age, ProgVar",1.3642165984836074,0.1276314157482073,-0.03342263635478718,0.2880510868087391,Accept,1.5037296788782688,Reject,Accept,0.47995204985689077
0.5485345765816905,0.8807164399351541,0.2797453170663517,0.11459432901256367,0.4579787873606142,Reject,"Gender, Age, ProgVar",1.1416728150773254,0.2797453170663517,0.11280541640511901,0.46173469855616417,Reject,1.2623821449637103,Reject,Accept,0.7176032622567498
0.5533221465095034,0.8106586065031803,0.3355191402367182,0.16922109545420433,0.5207697252411375,Reject,"Gender, Age, ProgVar",1.4630244476519403,0.3355191402367182,0.15237592747780412,0.505148008478152,Reject,1.4151437124056951,Reject,Reject,1.2151893461347154
0.6733089150769836,0.7890083671340234,0.25501697769474563,0.12875143491919028,0.3998047663770408,Reject,"Gender, Age, ProgVar",1.4093962683588495,0.25501697769474563,0.11077580021728788,0.38492152989939993,Reject,1.327955003968835,Reject,Reject,1.539426581953797
0.4616022514589446,0.8570659954936399,0.26332740070202554,0.11325509084159566,0.39110220869201173,Reject,"Gender, Age, ProgVar",1.482006430480685,0.26332740070202554,0.11960980306396354,0.4069694842900658,Reject,1.5485360666310946,Reject,Reject,1.5533197583615808
0.636234444237655,0.8710997023995392,0.33000268642406294,0.18910011163683488,0.46670253361576397,Reject,"Gender, Age, ProgVar",1.2679586192495222,0.33000268642406294,0.19706307708832582,0.47717752037221084,Reject,1.4557627866589786,Reject,Accept,1.0752875715391483
0.6841253279160049,0.7968841763903718,0.3487977429907816,0.22192927791984868,0.5058127609431284,Reject,"Gender, Age, ProgVar",1.5148988782711916,0.3487977429907816,0.20306920809451173,0.48760223877026976,Reject,1.5349605398302546,Reject,Reject,1.3019743531550652
0.6574324429498637,0.863001674374244,0.2017746406734378,0.11333772237227942,0.3690664608462091,Reject,"Gender, Age, ProgVar",1.2936606442195395,0.2017746406734378,0.07452689313596102,0.33219631390062554,Reject,1.4886024716936257,Reject,Accept,0.8288097962690747
0.7621455714387136,0.8498459838110359,0.24776977300911585,0.07926036658869584,0.42799767205564354,Reject,"Gender, Age, ProgVar, X1",1.3364412192515365,0.24776977300911585,0.0776115299845401,0.4276838018899569,Reject,1.4873806905722118,Reject,Reject,1.4132273865886251
0.6967663017271657,0.9275632878413129,0.26502269019282565,0.09330755432601565,0.4459552884054544,Reject,"Gender, Age, ProgVar",1.7325439227960715,0.26502269019282565,0.08740077216970843,0.4460404446332432,Reject,1.5783051156445458,Reject,Reject,1.3352268966488388
0.7636107149416672,0.8780224626319247,0.19746403907144722,0.039242923202819247,0.3382776865602012,Reject,"Gender, Age, ProgVar",1.3393647310488521,0.19746403907144722,0.03718333503480509,0.3421982601974096,Reject,1.5260662215421172,Reject,Accept,0.5521221438545463
0.5272678699640814,0.8717887063246833,0.4217338263503779,0.3028554973825938,0.6920589165991768,Reject,"Gender, Age, ProgVar",1.4920692034918874,0.4217338263503779,0.23440123668043655,0.6130756951464827,Reject,1.6413822588399074,Reject,Accept,0.2019849976514589
0.8150994682510783,0.8889182316885555,0.11797229512268784,-0.001167488948275383,0.29126756035272267,Accept,"Gender, Age, ProgVar",1.2396432588792714,0.11797229512268784,-0.019720384306741626,0.25716702229583244,Accept,1.5135615162920633,Reject,Accept,0.9807452883758949
0.5654520691331522,0.8288154731932826,0.3284923901326222,0.19942300002888577,0.4795137046986883,Reject,"Gender, Age, ProgVar",1.7419691968498539,0.3284923901326222,0.18126927351646663,0.47097799890109393,Reject,1.545740856909054,Reject,Reject,1.3515443305346388
0.6665948354680041,0.827397728340862,0.2914837625373442,0.13993907719165344,0.44510852690481556,Reject,"Gender, Age, ProgVar",1.82010480154519,0.2914837625373442,0.1385168360482922,0.4480680474677282,Reject,1.5724274555188194,Reject,Accept,0.9036578290789756
0.41943104140590126,0.8014059751211237,0.3264823463489995,0.19609649092769185,0.5448814357481719,Reject,"Age, ProgVar",1.7602637379533324,0.3264823463489995,0.1644764428031112,0.4810565140295285,Reject,1.4881988928383523,Reject,Reject,1.5412164697868926
0.8049460098259269,0.9636867593565602,0.1814128784713018,0.029156500254448874,0.35509019070569703,Reject,"Gender, Age, ProgVar",1.548211717080212,0.1814128784713018,0.01887752032745882,0.34066709269185347,Reject,1.5959028256220373,Reject,Accept,0.5191003580392788
0.6121788310580258,0.8555716991617995,0.2644775368951344,0.11665212238397521,0.40475999869049595,Reject,"Gender, Age, ProgVar",1.1609532263946827,0.2644775368951344,0.11233068804856852,0.4091561605797698,Reject,1.3250102069186642,Reject,Reject,1.417458358290284
0.8331303027812208,0.8868584731073771,0.26535990346318167,0.1201902130333054,0.4397179691106167,Reject,"Gender, Age, ProgVar",1.5977780917883433,0.26535990346318167,0.11704966709845513,0.4227611031062676,Reject,1.6433389084675087,Reject,Accept,0.9299732091268775
0.6736037757147072,0.7881282537581474,0.27040205076543483,0.12491999303671264,0.4282573506765365,Reject,"Gender, Age, ProgVar",1.5271682060233724,0.27040205076543483,0.12509516820594946,0.4195255398441144,Reject,1.6408367259323113,Reject,Accept,0.9269777598742938
0.652924126542255,0.8185647490757895,0.33000170561475245,0.22940408499726167,0.5181612971680513,Reject,"Gender, Age, ProgVar",1.5356382999790983,0.33000170561475245,0.17806884597503247,0.4710679500333557,Reject,1.7457898330686297,Reject,Reject,1.7405470552458333
0.5726503845428269,0.7844055773241057,0.37244101608426966,0.17996415991278183,0.5606862017161658,Reject,"Gender, Age, ProgVar",1.4649481904934682,0.37244101608426966,0.1852248611294689,0.5552008485244218,Reject,1.443759740287665,Reject,Reject,1.4990140041994238
0.63561909536425365,0.7782094213255503,0.3045890311895431,0.20087314569038664,0.45162039008267546,Reject,"Gender, Age, ProgVar",1.4677678626168211,0.3045890311895431,0.18068362943148997,0.429550259231084,Reject,1.3206318202794916,Reject,Reject,1.3799610221379495
0.6891473617453417,0.7723667429101889,0.25738908611478667,0.12353930243490106,0.3871969407146731,Reject,"Gender, Age, Outcome_BL, ProgVar",1.5025125253680858,0.25738908611478667,0.13288230691487948,0.39055237707394286,Reject,1.4975836871267096,Reject,Reject,1.5176254130366023
0.62342731853513,0.8364811333074912,0.2972099140794477,0.21935986500161597,0.47928913256076844,Reject,"Gender, Age, ProgVar",1.0864136447940864,0.2972099140794477,0.16633087342243383,0.43081371612426156,Reject,1.4094055773230747,Reject,Accept,1.0363350300704344
0.7662178151013004,0.9367129099930493,0.1579587858030587,0.06926565970717813,0.39903987323232953,Reject,"Gender, Age, ProgVar",1.8621012911946986,0.1579587858030587,-0.011325796439998152,0.3293275448102715,Accept,1.5497180834669728,Reject,Accept,1.0620352716911652
0.8216900201992906,0.8910238751880959,0.2635267570699359,0.13701823965277637,0.39078739554619746,Reject,"Gender, Age, ProgVar",1.651642809433038,0.2635267570699359,0.13864892695457431,0.3893160618056681,Reject,1.6222124993351976,Reject,Accept,1.2366056185911134
0.747399346577387,0.9475751629789206,0.10313047566279523,0.02362888860704728,0.3018591910801891,Reject,"Gender, Age, ProgVar",1.4734639996542582,0.10313047566279523,-0.03564820396868652,0.23516250842536135,Accept,1.3079545126229857,Reject,Reject,1.8518444422785358
0.5730924740847197,0.7300246365792749,0.41908293940321206,0.2648764278259789,0.5796501814671862,Reject,"Gender, Age, ProgVar",1.7901101074948351,0.41908293940321206,0.25844975014624877,0.5741804876755144,Reject,1.7773107617514103,Reject,Reject,1.2000828860786632
0.6019647766945792,0.8815123798665533,0.38034790036579075,0.13680786347261056,0.6190376050385523,Reject,"Gender, Age, ProgVar",1.6161817545558548,0.38034790036579075,0.15045748930916455,0.6223869460229036,Reject,1.6434789562441667,Reject,Accept,0.5210267320671693
0.6892618945081824,0.8000082779401807,0.2854780996313558,0.14081021304828123,0.4290973532740837,Reject,"Gender, Age, ProgVar",1.0151540924509574,0.2854780996313558,0.14445042293456972,0.42780618417083194,Reject,1.2309370749562654,Reject,Reject,1.5592756778597214
0.6380864852591476,0.9197778158947498,0.24874513306820356,0.10035100229768702,0.39793587075108555,Reject,"Gender, Age, ProgVar",1.2308818725016482,0.24874513306820356,0.09171447243966681,0.39107919858822815,Reject,1.2686661888088957,Reject,Reject,1.2705251595598661
0.6458472201005644,0.9173403199630099,0.28484431459834164,0.11807806426063011,0.4387952834846792,Reject,"Gender, Age, ProgVar",1.6015054146468772,0.28484431459834164,0.11979307329000202,0.4534935781633913,Reject,1.5167074632691964,Reject,Accept,0.515757828659513
0.6506104368747209,0.8201149144421205,0.3082627350258307,0.21421955009484656,0.5113587842724527,Reject,"Gender, Age, ProgVar",1.3006299523371356,0.3082627350258307,0.15785983018658414,0.4615768581966905,Reject,1.4015518900054562,Reject,Accept,1.1726698992171949
0.7055063836863561,0.9770823433386097,0.2545631638125365,0.031453399826052185,0.40247847733570696,Reject,"Gender, Age, ProgVar",1.2434409547823717,0.2545631638125365,0.07451995236034514,0.45221101212140297,Reject,1.2242376361353888,Reject,Accept,0.9262960942014387
0.6706859761004242,0.7735251087371338,0.478471629520037,0.293474997594821,0.6271388688206936,Reject,"Gender, Age, ProgVar",1.7304539062811133,0.478471629520037,0.31223962449893805,0.6409166658309758,Reject,1.7624347459665095,Reject,Reject,1.4857218383172623
0.6391837301954468,0.7912123685013678,0.34498978207570963,0.17391878814554992,0.5312402868618166,Reject,"Gender, Age, ProgVar",1.4840719933578959,0.34498978207570963,0.1743652387645453,0.522239297936931,Reject,1.4195000915088984,Reject,Accept,1.1381401362651988
0.7608243214608825,0.840248005723717,0.21749653568997657,0.0854473148745716,0.3581146288775275,Reject,"Gender, Age, ProgVar",1.5243535312397163,0.21749653568997657,0.0867760550183199,0.35492922800689053,Reject,1.5191774602447927,Reject,Accept,0.6453290467465086
0.7182315427749475,0.9876952990414742,0.12522807210962777,-0.044081387887620366,0.3508580005644769,Accept,"Gender, Age, ProgVar",1.543773776262566,0.12522807210962777,-0.07298792525090007,0.3205984517227008,Accept,1.5727328022167024,Reject,Accept,0.6943219186502342
0.46699437884001654,0.8398869486230492,0.22498990616594117,0.07329116825936767,0.3794426953649296,Reject,"Gender, Age, ProgVar",1.3328449969568816,0.22498990616594117,0.07847810503863528,0.3754521887744429,Reject,1.4894265361505676,Reject,Accept,0.7439328113361197
0.6241062778810119,0.761412867550586,0.30775934574654384,0.1868266690539779,0.48720011384899603,Reject,"Gender, Age, ProgVar",1.7102090308658513,0.30775934574654384,0.1580326788472434,0.447238467983717,Reject,1.4655891698774943,Reject,Accept,1.2059004128335284
0.2734095554071506,0.7572039785905601,0.4359571199681065,0.2779372554293568,0.6332829649236681,Reject,"Gender, Age, ProgVar",1.297380214040124,0.4359571199681065,0.2545694920243071,0.6122932522222673,Reject,1.485184949276402,Reject,Accept,0.8024878341812881
0.5703902133958848,0.821558731447511,0.32523209460548036,0.15804172034563818,0.4658132270108516,Reject,"Gender, Age, ProgVar",1.8879839804659841,0.32523209460548036,0.1744571947235373,0.4720352661829407,Reject,1.6817028075428617,Reject,Accept,0.32187816214800047
0.6650933293415284,0.8487283157290447,0.218375646028122,0.07843469972624813,0.4333511232162236,Reject,"Gender, Age, ProgVar",1.3183051437223599,0.218375646028122,0.05247751728289734,0.39446919094851834,Reject,1.507632892665773,Reject,Accept,1.1216208956316305
0.5253884259256675,0.9374094344376246,0.11738947172850575,-0.038590284465129306,0.2965763756446832,Accept,"Gender, Age, ProgVar, X1",1.258641670920295,0.11738947172850575,-0.04814650155037307,0.283626054253037,Accept,1.1630838828224663,Reject,Reject,1.385652507839088
0.5626052435452746,0.7899216349539421,0.37099813874551724,0.2215418923663928,0.556965370563535,Reject,"Gender, Age, ProgVar",1.8359677585671497,0.37099813874551724,0.20014395121094608,0.5379850019567473,Reject,1.8195071240566605,Reject,Accept,0.8386720988140098
0.7281037362536764,0.892926793073878,0.28800629836071223,0.17194865638329018,0.42725325913140944,Reject,"Gender, Age, ProgVar",1.6597229819481802,0.28800629836071223,0.15206576872056235,0.42002003881078254,Reject,1.6331202279268595,Reject,Reject,1.6273420654748574
0.34963753885112847,0.7738113226814105,0.40907517235956664,0.23708964551262912,0.5478085057205044,Reject,"Gender, Age, ProgVar",1.7195988090079566,0.40907517235956664,0.2538104453744334,0.5662977540490771,Reject,1.6313771455040118,Reject,Accept,1.063290948379942
0.49784116646447274,0.7110532503947636,0.3926565304438314,0.23754531117636044,0.6013047098755246,Reject,"Gender, Age, ProgVar",1.683539337186761,0.3926565304438314,0.2171860484248611,0.5899097958249261,Reject,1.7080305155136335,Reject,Reject,1.295202313758358
0.4762148553678122,0.8461237601333556,0.3172292057089317,0.15088163781702787,0.4668119622247129,Reject,"Gender, Age, ProgVar",1.3256501486410306,0.3172292057089317,0.16069100745872866,0.4767017991305207,Reject,1.5361194027943026,Reject,Reject,1.4849893568029504
0.8126788465840532,0.8006693774031626,0.2792786901929513,0.13151528613621094,0.43278880551090704,Reject,"Gender, Age, ProgVar",1.6163787116132518,0.2792786901929513,0.13607150400165513,0.4389719840662136,Reject,1.5953997214709634,Reject,Accept,0.8093217015878288
0.6958112894824211,0.9601982836049111,0.12686948466371628,-0.014912136874862952,0.31856485927237865,Accept,"Gender, Age, ProgVar",1.5351536391795388,0.12686948466371628,-0.04763082215779624,0.292496397627877,Accept,1.5810220168025981,Reject,Accept,0.8101268632576968
0.7156232540619252,0.8234892898506375,0.34331268375594437,0.2366542189599612,0.48930905841353967,Reject,"Gender, Age, ProgVar",1.591157088258896,0.34331268375594437,0.2057119611290273,0.4775335605462131,Reject,1.5588673204101655,Reject,Accept,1.2331965041247546
0.6999335308826248,0.8626788749172313,0.2709498245390091,0.07939449762861467,0.43691452017502647,Reject,"Gender, Age, ProgVar",1.316381566215314,0.2709498245390091,0.1008289029113015,0.44877470301405176,Reject,1.4302706945094592,Reject,Accept,0.47496837802139796
0.6618329377181149,0.792621951349957,0.27952248696688875,0.1172737013075962,0.43824893332184345,Reject,"Gender, Age, ProgVar",1.5605352971822544,0.27952248696688875,0.11965961471807614,0.42863210506065114,Reject,1.5158109563759015,Reject,Reject,1.0826509523806442
0.8059585327655316,0.878265064973658,0.1856669983237334,0.02266172950971871,0.3204883448374908,Reject,"Gender, Age, ProgVar",1.8584456086724543,0.1856669983237334,0.0379413319424841,0.34142231871394785,Reject,1.6502461126595132,Reject,Accept,1.0249187537270175
0.8870675361606932,0.8455267948922095,0.26858998601912665,0.15451008780477046,0.36610397281022894,Reject,"Gender, Age, ProgVar",1.2960743480562027,0.26858998601912665,0.16847070271374548,0.3685439429638449,Reject,1.4253484563453056,Reject,Reject,1.5161195415983313
0.5947201953592743,0.9107997308635929,0.2566692770122027,0.06106259636950192,0.4459498179615973,Reject,"Gender, Age, ProgVar",1.511875661614072,0.2566692770122027,0.07195502706390589,0.4408467329889747,Reject,1.5993857300637264,Reject,Accept,0.9571238541084875
0.40571153737909543,0.9127656657828687,0.2826964359784722,0.08280636661595524,0.48327853994519954,Reject,"Gender, Age, ProgVar",1.2572979416841548,0.2826964359784722,0.06874167945310158,0.49035529667003064,Reject,1.336812579308626,Reject,Accept,0.8431385483838936
0.6119240517353237,0.8466367272867421,0.24826626706969074,0.07677916069860105,0.40340861660649335,Reject,"Gender, Age, ProgVar",1.6848441846799553,0.24826626706969074,0.08486238027228928,0.40885842808068157,Reject,1.7086926084161091,Reject,Accept,0.8646180960125857
0.7483088794202355,0.8869404135137983,0.2259776153472956,0.08909258405832704,0.4172779149535829,Reject,"Gender, Age, ProgVar",1.2744847413371492,0.2259776153472956,0.06022028012519469,0.38889368905073374,Reject,1.286966816056647,Reject,Accept,0.6969823790889176
0.40046048359366343,0.7430308977819298,0.47997043948550966,0.37389757742428076,0.6426590541593503,Reject,"Gender, Age, ProgVar",1.4953701244031012,0.47997043948550966,0.34550206018874163,0.612287792471697,Reject,1.5178120851113304,Reject,Accept,1.1319154571373566
0.30686193307483084,0.8311852709023044,0.3320976466278721,0.20635846279214734,0.4912747811882536,Reject,"Gender, Age, ProgVar",1.3526052872804954,0.3320976466278721,0.18508776218300918,0.46480840869288753,Reject,1.3851700302513958,Reject,Accept,0.8257109928464937
0.9744395577490205,0.9742969994653955,0.05609313222169709,-0.1559800672524647,0.32603621496647917,Accept,"Gender, Age, ProgVar",1.9211252310436149,0.05609313222169709,-0.18520950205047215,0.2791288737430258,Accept,1.694444910147629,Reject,Accept,0.7023607909049483
0.44703833885192157,0.8166495021916225,0.2954002815301927,0.14618503668510807,0.4897955315365486,Reject,"Gender, Age, ProgVar",1.47673287274177,0.2954002815301927,0.11517810491997897,0.46417095358177235,Reject,1.5242555534388895,Reject,Accept,0.9489255314493692
0.28733020401585224,0.6687853037501579,0.5317449392988157,0.3581390458780721,0.6893434783699093,Reject,"Gender, Age, ProgVar",1.8775353342575196,0.5317449392988157,0.3784451475161661,0.6961977302390443,Reject,1.6830352962743185,Reject,Reject,1.3828970739108009
0.647489578110223,0.8541936368710658,0.2318510211142714,0.11510037832026884,0.4389834522838651,Reject,"Gender, Age, ProgVar",1.8384735041274154,0.2318510211142714,0.073900326517536,0.3910999130813044,Reject,1.6679332851975217,Reject,Reject,1.9410532694915725
0.660735564970819,0.7603030343510321,0.37112960950137514,0.23589168172044137,0.5128631342756845,Reject,"Gender, Age, ProgVar",1.8143956685923,0.37112960950137514,0.23752423909570558,0.5233528194320876,Reject,1.6250474217717383,Reject,Reject,1.6700013511072167
0.6683196947301929,0.7444540830209808,0.3691327572772277,0.26348439207090113,0.5129799591203009,Reject,"Gender, Age, ProgVar",1.469276129628198,0.3691327572772277,0.24009240162396922,0.5061235857103692,Reject,1.6666642857992857,Reject,Accept,1.0480434187168572
0.5682847279895312,0.8510426784351075,0.2199390830195985,0.07008113813427712,0.3810809054704603,Reject,"Gender, Age, ProgVar",1.6720751512457648,0.2199390830195985,0.07877343903365258,0.3758465485761828,Reject,1.7263325605768105,Reject,Accept,1.0303903998436277
0.7615699145358524,0.8532517307435916,0.21339419687514058,0.08791234616215679,0.37797182519907246,Reject,"Gender, Age, ProgVar",1.4644125185595072,0.21339419687514058,0.06101492787413974,0.36190379355247637,Reject,1.5125533250085073,Reject,Accept,0.5784188337855819
0.5933152454768548,0.8233053185822979,0.41101183857447754,0.24375773131931047,0.5884443916363798,Reject,"Gender, Age, ProgVar",1.347833440791484,0.41101183857447754,0.24447867509375754,0.5769225701944518,Reject,1.576061205797244,Reject,Reject,1.2917178623058283
0.7626564904834476,0.8966777079113475,0.2108728546996333,0.04619167186577665,0.3990806299410865,Reject,"Gender, Age, ProgVar",1.612787334622356,0.2108728546996333,0.023592896889166423,0.3820517158550378,Reject,1.4115623879358206,Reject,Accept,0.9952339795295583
0.7396894641176989,0.9154990100550241,0.18412223733879512,0.015817153287711487,0.4044304018854861,Reject,"Gender, Age, ProgVar",1.5846879160104297,0.18412223733879512,-0.017199813239147224,0.36993081950519924,Accept,1.4777165573543598,Reject,Accept,0.588489532545814
0.434027027796341,0.7192532230328972,0.450660387445234,0.33316620983938633,0.611833015777792,Reject,"Gender, Age, ProgVar",1.4391026851270932,0.450660387445234,0.31867486357743074,0.5913771624548084,Reject,1.5986886748125255,Reject,Reject,1.4343863019239458
0.9394749585307822,0.9641735771641932,0.12224038570885198,-0.0371436392123827,0.30704971740911224,Accept,"Gender, Age, ProgVar",1.366039049654992,0.12224038570885198,-0.05023474633870263,0.29938133626752095,Accept,1.2911808349289353,Reject,Accept,0.7880785905778316
0.6548256565386278,0.8451422615916965,0.31246311140550115,0.14498615410790908,0.4624896200524823,Reject,"Gender, Age, ProgVar",1.3411855882232786,0.31246311140550115,0.15379413974357703,0.46435639074252344,Reject,1.4260283060535146,Reject,Reject,1.0486212382465172
0.673536661157244,0.876182985378023,0.3209720149811743,0.19127069949122838,0.48459087787410815,Reject,"Gender, Age, ProgVar",2.059237491767122,0.3209720149811743,0.16711016445667704,0.46874908631490386,Reject,1.7986966433944551,Reject,Accept,0.8227397572420918
0.453059358196855,0.8056798630087362,0.38612666000690615,0.23445459858307371,0.5671713561307544,Reject,"Gender, Age, ProgVar",1.4903098441665605,0.38612666000690615,0.21667160484712827,0.5607726194963313,Reject,1.421901528192239,Reject,Reject,1.1143211675237015
0.6169752480570327,0.8520698985745648,0.28514587401114055,0.1349351595928967,0.416449197278631,Reject,"Gender, Age, ProgVar",1.5033503756650455,0.28514587401114055,0.14214374267121915,0.420200024024931,Reject,1.4839799403287197,Reject,Reject,1.4565112725868958
0.8475492784805712,0.8439562050150903,0.181474619020529,0.061623812098281085,0.3513209945315904,Reject,"Gender, Age, ProgVar",1.589442168567341,0.181474619020529,0.02757220574961515,0.3194832427675841,Reject,1.531127604679552,Reject,Accept,0.37377285606388094
0.6270756945675042,0.8632956695108277,0.21630933319571877,0.08264826590825738,0.3519754179459117,Reject,"Gender, Age, ProgVar",1.3165152355239804,0.21630933319571877,0.08347861744214077,0.3576670591672386,Reject,1.3662129289049703,Reject,Accept,1.2677941471637624
0.6063554909902794,0.7531582203591605,0.36837134659186677,0.21483889897677844,0.52037265659652,Reject,"Gender, Age, ProgVar",1.8118109291376123,0.36837134659186677,0.20839180841765,0.5305164565786742,Reject,1.6651202256612785,Reject,Accept,0.0536245534228769
0.5606672391604359,0.9386315990297874,0.20705550238460416,0.009999092099979484,0.4067077543904013,Reject,"Gender, Age, ProgVar",1.4757617902805689,0.20705550238460416,-0.006814776424956865,0.4072181209320064,Accept,1.485747773033109,Reject,Accept,0.4070747478096337
0.6653575416779242,0.8976222772239199,0.17324825871667282,0.020456895254088253,0.3664261402859651,Reject,"Gender, Age, ProgVar",1.6221022047815656,0.17324825871667282,7.721652450337346e-4,0.34198607713707613,Reject,1.4662201232625136,Reject,Reject,1.40506904873203
0.6607705910196235,0.749977097510621,0.4323902399010155,0.25982712793051255,0.6023283082745724,Reject,"Gender, Age, ProgVar",1.3948441344210978,0.4323902399010155,0.26661596686483247,0.5994744842646598,Reject,1.559076430654322,Reject,Accept,1.0778323189247696
0.6439320383287898,0.7911344189835254,0.37487994035225675,0.1930107235555246,0.5900237679440262,Reject,"Gender, Age, ProgVar",1.4847721251552017,0.37487994035225675,0.19108941818474612,0.561655477561866,Reject,1.425874936444556,Reject,Reject,1.1872097319378554
0.4566592078938508,0.8150490918534934,0.254890517898992,0.18124915337340552,0.5520416480186776,Reject,"Gender, Age, ProgVar",1.4519505941955488,0.254890517898992,0.06595539333414423,0.45808088601638186,Reject,1.5211068195434232,Reject,Reject,1.272934469254952
0.6104863942572711,0.9728011445662835,0.1507400685572968,-0.0380853406848206,0.32006687677173995,Accept,"Gender, Age, ProgVar",1.3715376598540003,0.1507400685572968,-0.021883890602680166,0.3276036626441536,Accept,1.341290051296803,Reject,Accept,0.20522799903524788
0.7297158665392299,0.7949395762657696,0.3806788940000735,0.24627896280435163,0.570900385856772,Reject,"Gender, Age, ProgVar",1.650121879202212,0.3806788940000735,0.2249438608752954,0.5517568502440244,Reject,1.5186189900522107,Reject,Reject,1.4518569849134368
0.5530856279716109,0.8600404060235214,0.3572661010490718,0.2193156497971181,0.5709416284212925,Reject,"Gender, Age, ProgVar",1.3954719521813155,0.3572661010490718,0.1819990627199179,0.5407899025622468,Reject,1.199112868143434,Reject,Reject,1.1564146319528734
0.6534116171285969,0.8122970347750588,0.288918596848944,0.1674377473534527,0.4528790530670282,Reject,"Gender, Age, ProgVar",1.412265933984416,0.288918596848944,0.13755201084755334,0.4467712454196513,Reject,1.4850016259280412,Reject,Accept,0.6756130503702785
0.8441722866893261,0.9238455930136662,0.2689089619624968,0.026173045043579007,0.3643266815364742,Reject,"Gender, Age, ProgVar",1.4823386262550766,0.2689089619624968,0.09532456625887568,0.4353531873614967,Reject,1.5112099364786196,Reject,Reject,1.4882726011330192
0.6284816735713055,0.7647969115386606,0.3297795103042022,0.11124219172608242,0.5296597445565544,Reject,"Gender, Age, ProgVar",1.5179930801081385,0.3297795103042022,0.11347961111360207,0.5457346874291118,Reject,1.5566505994286643,Reject,Reject,1.1575211111816042
0.8869300462662106,0.896866046402127,0.13753208770423586,0.0028101303047002313,0.3349525601468727,Reject,"Gender, Age, ProgVar",1.7224619828993002,0.13753208770423586,-0.03281816006929224,0.3072549632063346,Accept,1.5262233200079873,Reject,Accept,1.2171751594195452
0.6287626729895555,0.8232383293996792,0.2143367499508137,0.05086949460091371,0.3788670022572408,Reject,"Gender, Age, ProgVar, X2",1.3751218461114345,0.2143367499508137,0.05539826263756104,0.3755929549853365,Reject,1.4002244908358503,Reject,Reject,1.3561775434624668
0.7065522529141554,0.8699705949588364,0.26733584757578965,0.1033409046588913,0.4572819337120651,Reject,"Gender, Age, ProgVar",1.8275986717467692,0.26733584757578965,0.07906598640404104,0.45343199169837134,Reject,1.8430880729378072,Reject,Reject,1.3263992860702036
0.5608728508817509,0.7799495871135479,0.2866451332888561,0.12012106163369385,0.4520707158527789,Reject,"Gender, Age, ProgVar",1.228995561917087,0.2866451332888561,0.12580562947239646,0.4468526213814187,Reject,1.284365270323239,Reject,Reject,1.320628242816958
0.6975804892622071,0.869084428541537,0.241699099546056,0.06569551432991805,0.4324158120551685,Reject,"Gender, Age, ProgVar",1.4876890070556856,0.241699099546056,0.05500061772130316,0.43064173156322305,Reject,1.4438935669706303,Reject,Reject,1.2604308066252803
0.4434411965576712,0.8136273549438666,0.3116516024962124,0.17228630465632694,0.5357108893338586,Reject,"Gender, Age, ProgVar",1.5317532196827393,0.3116516024962124,0.12809590014627464,0.49133399042753045,Reject,1.3917524688710463,Reject,Reject,1.4678996736058747
0.6674041563929686,0.8635571410216124,0.2943429020363111,0.11748978600861425,0.4747729708767195,Reject,"Gender, Age, ProgVar",1.5348976418163611,0.2943429020363111,0.1239886479440982,0.45625988381141075,Reject,1.6347746867347102,Reject,Accept,0.8320224129270413
0.5849114955848684,0.9342367913756738,0.2900539438026393,0.10783149548503436,0.4739154518080211,Reject,"Gender, Age, ProgVar",1.4766879816901377,0.2900539438026393,0.10698244692205264,0.4641572494838923,Reject,1.4755599451861985,Reject,Accept,1.027715565251991
0.8035725483407691,0.8953635713982113,0.36423997095732447,0.12836279781312682,0.592019539933279,Reject,"Gender, Age, ProgVar",1.7789135294004956,0.36423997095732447,0.14753313196119344,0.5956710004032814,Reject,1.861418584996666,Reject,Accept,0.8570309998527048
0.6400423039933862,0.9451344131348923,0.23605403825787324,0.08629280499853217,0.4530062370917583,Reject,"Gender, Age, ProgVar",1.320530863821145,0.23605403825787324,0.054378975366049354,0.413739915823938,Reject,1.4714353000167284,Reject,Accept,0.45655889886335616
0.6476937888809285,0.8713493817292219,0.24076173133046727,0.07581618050375415,0.383436883492208,Reject,"Gender, Age, ProgVar",1.5290179630491156,0.24076173133046727,0.09090709869911279,0.3882281487399719,Reject,1.3799121399657164,Reject,Accept,0.6050493153829468
0.7628343538103212,0.8345760359239344,0.20438125634318088,0.011277789603735877,0.3777924407730092,Reject,"Gender, Age, ProgVar",1.35428955300014,0.20438125634318088,0.022858433719830044,0.38685087826707715,Reject,1.5623733563249085,Reject,Accept,0.32955046155707723
0.48883601979727853,0.7369707702610455,0.35818830654601314,0.25534418103134987,0.5516472103079126,Reject,"Gender, Age, ProgVar",1.2970774747361231,0.35818830654601314,0.20752943963553636,0.5020553052171326,Reject,1.3914392586026025,Reject,Reject,1.2632689055459072
0.6894289567182599,0.8911659224751154,0.24198172978507368,0.11928151096258185,0.40817347238649726,Reject,"Gender, Age, ProgVar",1.4680143387867783,0.24198172978507368,0.08863705010285476,0.3942272549300928,Reject,1.507347175410446,Reject,Accept,0.881456181147597
0.9220355231769659,0.8027798484369594,0.3578980527539196,0.15486565779673908,0.49897153384526516,Reject,"Gender, Age, ProgVar",1.3737368568055723,0.3578980527539196,0.19251475803732698,0.5276895724113227,Reject,1.4899662792792967,Reject,Accept,0.5684961227133889
0.7841629768558144,0.9584432239561357,0.20811792678956037,-0.0013119636994095019,0.3502946625606172,Accept,"Gender, Age, ProgVar",1.2973220232918827,0.20811792678956037,0.03617340569443184,0.37626756963765884,Reject,1.3286156967804557,Reject,Accept,0.2872906248585942
0.48307092136373175,0.74894500994197,0.45561663694423,0.30002391379360643,0.6426445597508345,Reject,"Gender, Age, ProgVar",1.613764678111061,0.45561663694423,0.2755299510293253,0.6264242389789128,Reject,1.5443403730259695,Reject,Reject,1.683453477030949
0.500401788554609,0.8081027802922224,0.44071962538872056,0.29526713283103295,0.6293407355016759,Reject,"Gender, Age, ProgVar",1.583179934537103,0.44071962538872056,0.28032615473040134,0.607239550174804,Reject,1.5319347089856143,Reject,Reject,1.2690443960630649
0.5621020578714652,0.8964687882107613,0.30047217095999873,0.15364530730704234,0.4388260884188495,Reject,"Gender, Age, ProgVar",1.2442629688312175,0.30047217095999873,0.15466317026806323,0.4493871226993486,Reject,1.511655323303129,Reject,Accept,0.7506806562284902
0.7921348332090873,0.8595293393184976,0.1448749634555996,-2.863763969455091e-4,0.3281450929978959,Accept,"Gender, Age, ProgVar",1.2020558069902412,0.1448749634555996,-0.01931129807207923,0.2935545333705691,Accept,1.3834004921409935,Reject,Accept,0.8098881481634096
0.7194779306287371,0.9457506718680472,0.12396051618374317,0.004225878747455537,0.3328266532476454,Reject,"Gender, Age, ProgVar",1.7665077674705862,0.12396051618374317,-0.03990284799299973,0.2844944147621894,Accept,1.4285583327303755,Reject,Accept,1.1497969910250396
0.627558188627755,0.8285145530635815,0.2688273868285774,0.11489129750234353,0.47851016266573654,Reject,"Gender, Age, ProgVar",1.4610283973810076,0.2688273868285774,0.08961501105365578,0.4581300397447972,Reject,1.2839393825963326,Reject,Accept,1.042073751794749
0.8594972618215233,0.8928858142115832,0.21830538855867726,0.018187350555586623,0.3583776243862806,Reject,"Gender, Age, ProgVar",1.82686484457445,0.21830538855867726,0.03944835756085319,0.400678540235033,Reject,1.5469585406568445,Reject,Accept,1.1389854057135913
0.6846817680759052,0.8311555849794373,0.2689392091910917,0.06942684516750496,0.41921274970825273,Reject,"Gender, Age, ProgVar",1.2507172060342844,0.2689392091910917,0.09486531914036664,0.4406234915617686,Reject,1.420851353546036,Reject,Reject,1.146584376028751
0.5298964254073528,0.8117783524683757,0.27077795070832433,0.11224230053430193,0.44199477178651564,Reject,"Gender, Age, ProgVar",1.3231274901918615,0.27077795070832433,0.1109942608808941,0.4239289566000563,Reject,1.5093408826750498,Reject,Accept,0.6457787786000521
0.4364692520454864,0.8025756128414735,0.3729993120211151,0.18815292728434663,0.565084438993482,Reject,"Age, ProgVar, X2",1.5956319314264176,0.3729993120211151,0.20288885160050174,0.5362202725136832,Reject,1.458566318531133,Reject,Accept,0.6860684346537427
0.8339966421925198,0.8593576033540151,0.20774494281337916,0.030990977346705355,0.33417408341481736,Reject,"Gender, Age, ProgVar",1.2816358606281357,0.20774494281337916,0.05869727302323112,0.355772470355325,Reject,1.4643350437382008,Reject,Reject,1.242593125290787
0.9524102282747388,0.8923466995614852,0.1336547249486231,-0.05179433169257032,0.3461271528118403,Accept,"Gender, Age, ProgVar",1.968951152632341,0.1336547249486231,-0.06673221751501149,0.33162965902056823,Accept,1.8551573496720908,Reject,Accept,0.8150994191380869
0.45087177963672326,0.8063344840741413,0.26803178562539615,0.18861348209807696,0.485739143347379,Reject,"Gender, Age, ProgVar",1.2931969363080995,0.26803178562539615,0.11618169488362633,0.41885002996941195,Reject,1.3998065547487468,Reject,Accept,1.2181040019465013
0.6602314739297275,0.8021356513544182,0.2907114641293192,0.16135670594625742,0.4220886560697559,Reject,"Gender, Age, ProgVar",1.6677070491372925,0.2907114641293192,0.16023506758840297,0.41529628479368763,Reject,1.6399016053237154,Reject,Reject,1.4829378905011914
0.5717299947753761,0.769492057331325,0.38735779403767373,0.25555478629504313,0.57021244290919,Reject,"Gender, Age, ProgVar",1.6540529236955428,0.38735779403767373,0.23603762776924572,0.5443984757857773,Reject,1.4914654443969264,Reject,Accept,1.1327984241216151
0.5849810554405088,0.8832377420977089,0.24555415166827402,0.09830517548852888,0.4571851084179123,Reject,"Gender, Age, ProgVar",1.2794599798165924,0.24555415166827402,0.06793332273679187,0.43261068018593724,Reject,1.3579262652758481,Reject,Accept,0.7952586354486949
0.5629622074296773,0.8743320859398647,0.27842756363121457,0.08447069353648799,0.43950511262659303,Reject,"Gender, Age, ProgVar",1.5120359365866534,0.27842756363121457,0.09901897124904031,0.44085850367436513,Reject,1.622962099289335,Reject,Reject,1.4070443345441404
0.5960135333894766,0.8022423547417914,0.3275444911596343,0.19694307035139308,0.4898068638054446,Reject,"Gender, Age, ProgVar",1.6908580564069353,0.3275444911596343,0.17762544393736496,0.47674293580212346,Reject,1.520673981577833,Reject,Accept,1.0393782381855188
0.5734844790061987,0.7768818146503005,0.3321748575039864,0.20890085345050544,0.4857097252984757,Reject,"Gender, Age, ProgVar",1.6701225890787523,0.3321748575039864,0.1899717031510241,0.48175702481497545,Reject,1.5563281731567513,Reject,Accept,1.1375682050026399
0.5383785836289561,0.6989163214361033,0.38703692360500785,0.2140283919918551,0.5490832078581818,Reject,"Gender, Age, ProgVar, X2",1.590767973980409,0.38703692360500785,0.2180063535766482,0.5544883720681614,Reject,1.6923606263815403,Reject,Accept,1.1001528966945537
0.6095570304022859,0.8411995742905177,0.24075399688872226,0.0523310814873061,0.4617300995220749,Reject,"Gender, Age, ProgVar",1.352545089459732,0.24075399688872226,0.037374381922173384,0.44179504631991534,Reject,1.5226375112006323,Reject,Accept,0.6601548535669326
0.5949882707996678,0.9894104738253542,0.30259855239447503,0.035249977082593566,0.5814018513078869,Reject,"Gender, Age, ProgVar",1.374575808363383,0.30259855239447503,0.03126065346799377,0.5712835626253264,Reject,1.3868839248483016,Reject,Accept,0.23777762179655662
0.6511651900803184,0.9386255698691913,0.11450995249803497,0.017747940977325585,0.383934507378011,Reject,"Gender, Age, ProgVar",1.846582557250931,0.11450995249803497,-0.06332948916590667,0.29651024436744594,Accept,1.4936552617105567,Reject,Accept,1.0245031540133334
0.6678754017953096,0.8585066336716819,0.23292393387329577,0.05419681429302069,0.41607808808782104,Reject,"Gender, Age, ProgVar",1.2423545696884046,0.23292393387329577,0.07011159700598671,0.40324827354115594,Reject,1.409218144466038,Reject,Reject,1.4856559065986399
0.6259156682246231,0.7509769090327928,0.398089293476823,0.197573291519672,0.5750938848820334,Reject,"Gender, Age, ProgVar",1.7980905045047408,0.398089293476823,0.21097957890291194,0.590864860229796,Reject,1.7100091110705173,Reject,Accept,0.5313093064797961
0.7112319718557011,0.8557972121971426,0.23632806552938374,0.09125851984592542,0.4675289656405924,Reject,"Age, ProgVar",1.8822442175867495,0.23632806552938374,0.08463844555245943,0.400624408705739,Reject,1.5925696697770224,Reject,Reject,1.2952471134588193
0.6756390406647084,0.8830858676356872,0.2787017219055357,0.08342210801518639,0.4879804757199343,Reject,"Gender, Age, ProgVar",1.5861218864978783,0.2787017219055357,0.09675542581162311,0.4740775649017307,Reject,1.4737319470985815,Reject,Accept,0.3687372988312161
0.516799575668238,0.8895199680847506,0.2737486242348468,0.03657827658938329,0.5162742103581609,Reject,"Age, ProgVar",1.6332102037171885,0.2737486242348468,0.06005883058352472,0.49302645534309486,Reject,1.5823704585198257,Reject,Accept,0.5145579230071109
0.8004206409584397,0.839468042625026,0.27231449892555265,0.08932405178663932,0.4963724621102208,Reject,"Gender, Age, ProgVar",1.4899520149021996,0.27231449892555265,0.0643537565891933,0.46068032360794486,Reject,1.6825006171897559,Reject,Accept,0.5283214050677725
0.31588614933215287,0.7237871836087565,0.495634585829446,0.32361746059345553,0.6691451555785324,Reject,"Gender, Age, ProgVar",1.3918823445480137,0.495634585829446,0.3209794237232522,0.6679610136634272,Reject,1.3390630559599652,Reject,Reject,1.4453708616748886
0.634100206093821,0.7796039753877624,0.3847081359983033,0.1945999940210298,0.5877013753785568,Reject,"Gender, Age, ProgVar",1.8850483679061067,0.3847081359983033,0.19196324112711804,0.5831827968830001,Reject,1.8044127101356187,Reject,Accept,1.1215304535416009
0.7391905316203329,0.908180745118885,0.20044118344179512,0.04250063951231981,0.4095544724850814,Reject,"Gender, Age, ProgVar",1.4577414058642042,0.20044118344179512,0.027609570864460257,0.3839183302736622,Reject,1.5028697316099238,Reject,Accept,1.136183847158433
0.9092940937945798,0.9922455938081475,0.05558179632800871,-0.1338979105900158,0.23336843848408845,Accept,"Gender, Age, ProgVar",1.3709581131681718,0.05558179632800871,-0.12249145685328139,0.2441637787999853,Accept,1.4454201220744958,Reject,Accept,0.1996105228822131
0.6053402469497949,0.8501109546416324,0.31087480952925894,0.13867321975380567,0.5120130845023327,Reject,"Gender, Age, ProgVar",1.6631317947141164,0.31087480952925894,0.12471986498390226,0.4980531677804256,Reject,1.7429962034915492,Reject,Accept,0.8105269986598507
0.7779515284749114,0.9129498670341042,0.21641020262531047,0.1097953390380249,0.43935215199298944,Reject,"Gender, Age, ProgVar",1.3208944316677118,0.21641020262531047,0.04498587296368285,0.3791793552997056,Reject,1.4599095279434369,Reject,Accept,0.7333272761459099
0.5646850565424163,0.951465824210465,0.2739623835936081,0.04866976376199832,0.44294824740125716,Reject,"Gender, Age, ProgVar",1.6302219524804453,0.2739623835936081,0.08827060711802992,0.460217083257631,Reject,1.5739207490399927,Reject,Accept,0.9016786322050196
0.9247658855121464,0.9474440550213443,0.05012078429608079,-0.10680751839035563,0.23715465780454634,Accept,"Gender, Age, ProgVar",1.5048477282801276,0.05012078429608079,-0.12404452170562288,0.22607029686023977,Accept,1.4522796773488913,Reject,Accept,0.7184830892811308
0.4896947940626762,0.8157111261321464,0.40462767056305876,0.25109009968237694,0.5824374762848366,Reject,"Gender, Age, ProgVar",1.4340157908394924,0.40462767056305876,0.24964055741713442,0.5684629486634037,Reject,1.3149048856106658,Reject,Reject,1.2617278265352574
0.5958074162930292,0.8022086300063117,0.3111694644728334,0.17860150133576477,0.4470799217453164,Reject,"Gender, Age, ProgVar",1.3941691275971342,0.3111694644728334,0.1798670895815287,0.4335646532919786,Reject,1.3156418987517575,Reject,Reject,1.4533089642185528
0.9398348604157634,0.8725349234095212,0.25721424406201193,0.1305649254356388,0.4549525740434134,Reject,"Gender, Age, ProgVar",1.5489998685337503,0.25721424406201193,0.10409831019203117,0.42567009396996625,Reject,1.4803661532764536,Reject,Reject,1.2010178508685643
0.6794689606284812,0.8667509670546392,0.28598103173992795,0.11704864240473634,0.42399003243944056,Reject,"Gender, Age, ProgVar",1.4095589680952367,0.28598103173992795,0.1378024132141939,0.43211282726671835,Reject,1.5172513346313676,Reject,Accept,0.8292500928672011
0.7637395203211548,0.8953876373246539,0.28026320629069285,0.09253497100621033,0.4640885914883003,Reject,"Gender, Age, ProgVar",1.4586938955374118,0.28026320629069285,0.10724757636034793,0.45210629950810965,Reject,1.4864208301633803,Reject,Accept,0.949074915791998
0.9048002668439343,0.948304141909541,0.14334229386490882,-0.010283796228454146,0.36321436973176346,Accept,"Gender, Age, ProgVar",1.8778049960795402,0.14334229386490882,-0.03921963527402911,0.3168498827998545,Accept,1.4824305854051156,Reject,Accept,1.0651191134853533
0.503894989443776,0.835368554723172,0.43198468706622434,0.25954733217341386,0.5811235499826931,Reject,"Gender, Age, ProgVar",1.5657592298709286,0.43198468706622434,0.27348085146074175,0.587550233611203,Reject,1.5788998183637297,Reject,Reject,1.358168451919529
0.4656350854141562,0.7755645630825514,0.3172295133456371,0.1737476058267908,0.4869617846776388,Reject,"Gender, Age, ProgVar",1.4759692476442328,0.3172295133456371,0.14436351344073595,0.47155121466874805,Reject,1.6257440000068275,Reject,Accept,0.8704659494614219
0.850385311717385,0.8914009928190647,0.18791092896174133,-0.008057412091963296,0.3499615026216948,Accept,"Gender, Age, ProgVar",1.7559906279035884,0.18791092896174133,0.01917940532738914,0.37119860861214193,Reject,1.7418873074743046,Reject,Accept,0.6035842751976477
0.5700977614621342,0.7645847737524402,0.31993594615003773,0.20367897800331575,0.4662073878118159,Reject,"Gender, Age, ProgVar",1.3078583154082706,0.31993594615003773,0.18687305766691695,0.45247054772085327,Reject,1.2441784827554137,Reject,Reject,1.4533057394581292
0.7451187060597251,0.8475249043280438,0.28176053491929415,0.15731079069723775,0.41594303968301105,Reject,"Gender, Age, ProgVar",1.6254426517591483,0.28176053491929415,0.15203620597597622,0.41542583936657185,Reject,1.5957950760534612,Reject,Reject,1.269850369803971
0.6134393712568124,0.9063697751194635,0.22143402467423492,0.06842924078214896,0.3859776761680497,Reject,"Gender, Age, ProgVar",1.505250283190801,0.22143402467423492,0.05491847144849876,0.3745183068788084,Reject,1.6356400049632733,Reject,Reject,1.1242292689128006
0.856289025551525,0.8220406311114256,0.18346442056886464,0.015276118180408513,0.4113564177580978,Reject,"Gender, Age, ProgVar",1.5830632292907445,0.18346442056886464,-0.010305119312030538,0.3808309718206325,Accept,1.5043263890561287,Reject,Accept,0.27994200780708167
0.5067094981849897,0.8452506887972643,0.32508912294780645,0.16419331909379026,0.5126473949666729,Reject,"Gender, Age, ProgVar",1.7149112493172782,0.32508912294780645,0.16299824901636872,0.49403763982366894,Reject,1.5580556035670836,Reject,Accept,0.6284030403672893
0.5981640094401981,0.8946587780969485,0.28683019976119367,0.07139742745027226,0.46539219893128375,Reject,"Gender, Age, ProgVar",1.671980934548539,0.28683019976119367,0.09077640359768013,0.4855119052728709,Reject,1.4614462664623513,Reject,Accept,0.4608832923999507
0.807758164790554,0.8597713812579825,0.2655979403907105,0.141536426466348,0.4251195190067765,Reject,"Gender, Age, ProgVar",1.3069425454419823,0.2655979403907105,0.11994731098666847,0.4063301547080046,Reject,1.3719204740591948,Reject,Reject,1.1374270789923606
0.5366797904634036,0.8359395459872104,0.40546727530697146,0.22725456531685578,0.557142968612131,Reject,"Gender, Age, ProgVar",1.2448048051555742,0.40546727530697146,0.24393531994473994,0.5641582540080577,Reject,1.379002999367734,Reject,Reject,1.2322718370695829
0.6313555821974183,0.8608504510334286,0.20178098653579468,0.07656860473510092,0.36190354418327225,Reject,"Gender, Age, ProgVar",1.4184409266579667,0.20178098653579468,0.05345852668184273,0.3427182528496339,Reject,1.4541426091280885,Reject,Reject,1.3699138324052038
0.6294670278303549,0.8351434363044451,0.3525672492245232,0.16994962585061477,0.5331689921312077,Reject,"Gender, Age, ProgVar",1.6482193247042618,0.3525672492245232,0.17995207833711246,0.5303447311501148,Reject,1.6895029549349596,Reject,Accept,0.7583084240195027
0.7758798410315051,0.8495848610244394,0.33962469371871323,0.11306816126732583,0.49594099535253405,Reject,"Gender, Age, ProgVar",1.75760552046239,0.33962469371871323,0.1521893813855747,0.5137797350037533,Reject,1.5825127245311807,Reject,Reject,1.247444487826283
0.5569457552410507,0.8638113306249917,0.25132382823958255,0.15038891395986323,0.41844623758293,Reject,"Gender, Age, ProgVar",1.5769000065027996,0.25132382823958255,0.13291487725971265,0.38770591262941867,Reject,1.3818041863704595,Reject,Reject,1.1772325281178422
0.9201125025033563,0.9311970212414754,0.1575061736920769,-0.012445141902017632,0.3610848395477235,Accept,"Gender, Age, ProgVar",1.6849921715445317,0.1575061736920769,-0.024290659969050974,0.3377819657005711,Accept,1.7551362826402905,Reject,Accept,1.0111712489761577
0.7956078416218088,0.8542895770050114,0.29556892602471613,0.12985314347276983,0.4465344608486081,Reject,"Gender, Age, ProgVar",1.7834826104446813,0.29556892602471613,0.1408579142028334,0.4527249671400071,Reject,1.6298205095397023,Reject,Reject,1.479050620640079
0.8737101018174742,0.8130573362080461,0.3076543693379544,0.16622539566463151,0.46913710762517974,Reject,"Gender, Age, ProgVar",1.8977380845718301,0.3076543693379544,0.14345665287567483,0.4650487993425494,Reject,1.7054928729020988,Reject,Reject,1.3965449581242815
0.6285899745859969,0.8301217093974194,0.30418571042322445,0.15167178191943184,0.49257458367239226,Reject,"Gender, Age, ProgVar",1.4417203588128151,0.30418571042322445,0.13346168951880985,0.4709093415718281,Reject,1.5323182191446216,Reject,Accept,0.8086057251672317
0.39001330652775207,0.855787664457387,0.44154852246780796,0.2415163769524084,0.5996573639384484,Reject,"Gender, Age, ProgVar",1.7269010748517397,0.44154852246780796,0.27135270679474527,0.6359075288289379,Reject,1.8368731231757456,Reject,Accept,1.270351214461257
0.8021847719700068,0.896331366977252,0.296975573814471,0.11433065778442539,0.48910605757168635,Reject,"Gender, Age, ProgVar",1.510076020763819,0.296975573814471,0.10930990819761074,0.4890511914662129,Reject,1.4319349179628187,Reject,Accept,1.029446970172604
0.7331199537083689,0.8819088677088314,0.2216464818766403,0.07929958436299119,0.39070349509468066,Reject,"Gender, Age, ProgVar",1.9092487402265943,0.2216464818766403,0.06767091343770296,0.3745403243000122,Reject,1.538090032832306,Reject,Accept,1.027063336652222
0.5601862561567585,0.8009226785041793,0.31090132185943653,0.14093961029093782,0.4413407183422169,Reject,"Gender, Age, ProgVar",1.3522769675483806,0.31090132185943653,0.1665577186571531,0.4577593967274932,Reject,1.353372302935323,Reject,Reject,1.2145692392814358
0.56204518130622,0.8859029476674447,0.32720851199466994,0.13975474359883827,0.4747970572727328,Reject,"Gender, Age, ProgVar",1.379525149034373,0.32720851199466994,0.1720079923640016,0.49702066364256126,Reject,1.255552471328399,Reject,Accept,1.121813176983275
0.6451871984595439,0.816547121270987,0.2806296185719881,0.14150526444593398,0.45311488841857916,Reject,"Gender, Age, ProgVar",1.5660518629942106,0.2806296185719881,0.1248984330837137,0.4399239591483546,Reject,1.4127454554671652,Reject,Reject,1.779827401639295
0.74579640500109,0.8538855539607763,0.3165276339063879,0.18113397212623428,0.4728459629464362,Reject,"Gender, Age, ProgVar",1.3205326316056094,0.3165276339063879,0.1656457492984797,0.4573496322846768,Reject,1.4383043466892078,Reject,Accept,1.1171061728969505
0.7442401689008853,0.9273170759823006,0.17527178865453663,-0.010673731956474263,0.3668802688105359,Accept,"Gender, Age, ProgVar",1.5705786246988729,0.17527178865453663,6.138767264190909e-4,0.3476183139208398,Reject,1.5319414979166985,Reject,Accept,1.0163893234153503
0.8643034632212415,0.9052153753190985,0.22562710082373622,0.0767753795015445,0.3911480530053396,Reject,"Gender, Age, ProgVar",1.3364583057643176,0.22562710082373622,0.07672492439046055,0.3835841169081966,Reject,1.5613105763902868,Reject,Accept,0.8187363882892632
0.9792517634964716,0.8786431442232725,0.2315002717992557,0.06788082652020336,0.4428521114397756,Reject,"Gender, Age, ProgVar",1.6538544711194516,0.2315002717992557,0.03688061286521888,0.4152995660588364,Reject,1.6420221527945296,Reject,Accept,0.8110860491074608
0.6623413142082529,0.8630960523178313,0.31104458368534826,0.16040529038917678,0.49236332349886786,Reject,"Gender, Age, ProgVar",1.5596787033130886,0.31104458368534826,0.1484418601946213,0.4813996222741113,Reject,1.438844235503421,Reject,Reject,1.4555176041045346
0.9460210722338479,0.9712968371304399,0.1077399172937477,-0.011990265927923096,0.2946367492305487,Accept,"Gender, Age, ProgVar",1.4196695857181891,0.1077399172937477,-0.042904766784433425,0.2596073357624022,Accept,1.2939474211385409,Reject,Accept,0.06975757393134649
0.4980563033965542,0.8315985391550985,0.36227507162515876,0.1704969387210037,0.5011115443631771,Reject,"Gender, Age, ProgVar",1.3040635758861898,0.36227507162515876,0.19313219045401644,0.5250614275442106,Reject,1.4943748997019577,Reject,Accept,0.9717279772589492
0.48781581529179147,0.7094497485834004,0.48289278552336284,0.3064838353117914,0.659301407151392,Reject,"Gender, Age, ProgVar",1.6704739823180006,0.48289278552336284,0.3011206664542673,0.658866005788159,Reject,1.6207159748904343,Reject,Reject,1.2429320054662376
0.6474097218270632,0.8873546152966935,0.3035902037420498,0.14580370099402512,0.47040278854549056,Reject,"Gender, Age, ProgVar",1.886819599817899,0.3035902037420498,0.14622602845201882,0.461453116153816,Reject,1.6781144026791823,Reject,Accept,0.7208347275628849
0.7042203349243942,0.9192243360482291,0.10098103352070346,-0.045678273644575135,0.24762641163086602,Accept,"Gender, Age, ProgVar",1.546177204321574,0.10098103352070346,-0.05485521833815275,0.24243945165088038,Accept,1.6068750488593302,Reject,Accept,1.0412224020271064
0.6868389210563899,0.8649683086353857,0.21668950924040992,0.04116236725526068,0.42863344042435175,Reject,"Gender, Age, ProgVar",1.7990768469160237,0.21668950924040992,0.01200779920092482,0.41042481064063807,Reject,1.6970309648601767,Reject,Accept,0.7270147231384348
0.41768815034112217,0.7884065865555873,0.29042428685346855,0.12049158413326838,0.4517582869554663,Reject,"Gender, Age, ProgVar",1.2878888555821444,0.29042428685346855,0.11620109612989178,0.44830189376637186,Reject,1.390331655791106,Reject,Reject,1.632522427291108
0.33550006373389774,0.7542870213422918,0.5416906163535419,0.4184402860829085,0.7727985299335011,Reject,"Gender, Age, ProgVar",1.531092832019563,0.5416906163535419,0.3643610341303689,0.7248005361576109,Reject,1.5826170065155185,Reject,Reject,1.301529785947562
0.5570529044164628,0.8477405550458013,0.32885641943379895,0.17437733962602087,0.4575629150208186,Reject,"Gender, Age, ProgVar",1.5599915713974604,0.32885641943379895,0.18659160635913008,0.472253770139722,Reject,1.7006360499452255,Reject,Accept,1.033102363716307
0.6720004473522485,0.8026090285507277,0.2562084413251505,0.06796117952448431,0.40344334146549943,Reject,"Gender, Age, ProgVar",1.5424751100529253,0.2562084413251505,0.09452772073852209,0.4154366727810815,Reject,1.4826412458571554,Reject,Reject,1.1958261966109045
0.7338478350052695,0.8847919838261666,0.358287366841358,0.2068248060598657,0.5072801085652648,Reject,"Gender, Age, ProgVar",1.348298769993424,0.358287366841358,0.2121145069597353,0.49957777461441255,Reject,1.3977428180996478,Reject,Accept,1.1002886729251733
0.7135124369969943,0.8829868307498999,0.15943802295049916,0.0036490978336867997,0.3389120242961594,Reject,"Gender, Age, ProgVar",1.5972053956816936,0.15943802295049916,-0.0024108543216157415,0.3326130850069629,Accept,1.5565458100307152,Reject,Reject,1.143187758915154
0.5754815348569072,0.8924894570321877,0.2873040224826757,0.1326089265237292,0.49216135588077,Reject,"Gender, Age, ProgVar",1.348359070461253,0.2873040224826757,0.11935895943803927,0.4654168495674626,Reject,1.3827782861306839,Reject,Reject,1.2618202704692807
0.8159506418029028,0.9157534141999262,0.1904546530192877,-0.026427065035220465,0.38720810724796606,Accept,"Gender, Age, ProgVar",1.5717456327731052,0.1904546530192877,0.005415076361141843,0.3843289386178675,Reject,1.4557912081093527,Reject,Accept,1.1816201426649264
0.4188642020680567,0.8361695994612635,0.2786558982946149,0.10243676169139684,0.4385402215430436,Reject,"Gender, Age, ProgVar",1.1978487939370286,0.2786558982946149,0.11557687488945145,0.43825082915123575,Reject,1.3004862911782056,Reject,Accept,1.171242223070278
0.6018129922167292,0.7871568685138828,0.33825949044139125,0.16609588671554887,0.5284577727831341,Reject,"Gender, Age, ProgVar",1.5850296719134855,0.33825949044139125,0.16892895764829496,0.5175308176013766,Reject,1.5225611583950225,Reject,Accept,1.1238077177568413
0.7536853199471494,0.8224289290575432,0.27661305419392485,0.08698390326169504,0.40058861023582015,Reject,"Gender, Age, ProgVar",1.492622755205062,0.27661305419392485,0.12083931939366768,0.43587308505227434,Reject,1.5307012547519785,Reject,Reject,1.2293372665248463
0.3533954509811878,0.8014652969255834,0.42948771660834734,0.2884572852974156,0.5944842679099744,Reject,"Gender, Age, ProgVar",1.6492008562996026,0.42948771660834734,0.27553946066778684,0.5862491965247303,Reject,1.6503384548814741,Reject,Accept,1.2708832427663066
0.7033468749337994,0.8757319530725828,0.3919213579522608,0.24819532338281214,0.5992944043376683,Reject,"Gender, Age, ProgVar",1.8571249485488799,0.3919213579522608,0.22776874693761479,0.567591529456543,Reject,1.7276086131282995,Reject,Accept,0.39703735579770116
0.6618010666482176,0.8682540509802088,0.27895872449450787,0.11529502841932725,0.42599708305493905,Reject,"Gender, Age, ProgVar",1.6604580540584186,0.27895872449450787,0.12068342133284352,0.4287000717359292,Reject,1.520190679957966,Reject,Accept,0.7889322404083798
0.5536116454528904,0.8509465782082837,0.39714446628512595,0.21225364433087304,0.5409432325199645,Reject,"Gender, Age, ProgVar",1.620195930829677,0.39714446628512595,0.2315721463318373,0.5465293004356275,Reject,1.6570401692695913,Reject,Accept,1.1296562577947724
0.4538412216187424,0.8337305511470751,0.3248631485342724,0.18910688550389526,0.4650249157954868,Reject,"Gender, Age, ProgVar",1.361735481615551,0.3248631485342724,0.19953848313316075,0.46277704835010697,Reject,1.2905176455759602,Reject,Reject,1.3849745458431388
0.7639784705511997,0.9295526291558964,0.21106051330450482,0.06650153983258504,0.40084511905007375,Reject,"Gender, Age, ProgVar",1.4195977548376553,0.21106051330450482,0.04627454499988021,0.3748063942366238,Reject,1.588986303660979,Reject,Accept,0.24379688628494128
0.47670024578123976,0.8517279684673321,0.3569123471224798,0.17426793562424991,0.4833050207579519,Reject,"Gender, Age, ProgVar",1.3509981494623984,0.3569123471224798,0.20046350317235034,0.5124412716228659,Reject,1.2116753016401582,Reject,Accept,0.6896642958890038
0.5516159992619869,0.8407468527288738,0.38157750311487204,0.211215505274637,0.5673082346618232,Reject,"Gender, Age, ProgVar",1.7994255475773073,0.38157750311487204,0.20719968688914675,0.5610350384313317,Reject,1.799930728484721,Reject,Accept,0.9887115778143718
0.6016333932366724,0.798416826049976,0.2572300320214622,0.0933989259392205,0.404372040843281,Reject,"Gender, Age, ProgVar",1.8017246497183645,0.2572300320214622,0.09506296903891152,0.4142852957765947,Reject,1.6695867830981839,Reject,Accept,0.47747791854169397
0.5797467992645442,0.8803262119386678,0.17762079623503393,0.07390929044864299,0.38428628103086193,Reject,"Gender, Age, ProgVar",1.225771306946462,0.17762079623503393,0.017840940292741872,0.3294956920197163,Reject,1.0290418642676267,Reject,Accept,1.062239363173172
0.5609753287349267,0.8075740672894305,0.386673598372042,0.22300089604830398,0.5421187371728036,Reject,"Gender, Age, ProgVar",1.4781137025028854,0.386673598372042,0.23194142076858637,0.5440765296587771,Reject,1.5356862614415865,Reject,Accept,0.7254296287961592
0.4437147470349253,0.8286646500483982,0.2593566731431736,0.14900178030165984,0.4158969960876709,Reject,"Gender, Age, ProgVar",1.299316652345005,0.2593566731431736,0.1250105842172718,0.39864457828326166,Reject,1.3770836748874928,Reject,Accept,0.8911165839116337
0.7965913593974602,0.8581979776918617,0.2074924929167313,0.06401211756750849,0.39585129523613183,Reject,"Gender, Age, ProgVar",1.149782816085484,0.2074924929167313,0.035517490252086434,0.3651493166465872,Reject,1.2332179743937832,Reject,Accept,0.7183400503200325
0.6882892226139642,0.8374163189561042,0.26211366145996834,0.09524793088625731,0.42332763246375404,Reject,"Gender, Age, ProgVar",1.4685462024432863,0.26211366145996834,0.0961616231222919,0.434186656416389,Reject,1.5111353818732005,Reject,Accept,1.1623308652299948
0.40690371025361527,0.7894329271823569,0.42326658276733004,0.28839204219745773,0.5804775757972112,Reject,"Gender, Age, ProgVar",1.4622105652505764,0.42326658276733004,0.270416967098382,0.58098101574633,Reject,1.458061833052353,Reject,Reject,1.6035101409382675
0.5093173125147326,0.7983289981586521,0.31418018378681,0.18822228541344868,0.49862120069170435,Reject,"Gender, Age, ProgVar",1.4663202513178453,0.31418018378681,0.1540905808841968,0.47677586421884205,Reject,1.4910667635212353,Reject,Accept,0.47779121065818975
0.5012898875072739,0.8493338065147628,0.28983251458090264,0.11375302923012151,0.4388558893366858,Reject,"Gender, Age, ProgVar, X2",1.499538156085052,0.28983251458090264,0.129171976400985,0.44895932415203527,Reject,1.4205213697905574,Reject,Accept,0.670449864231221
0.6201036740640136,0.757582670901284,0.2877958176912455,0.04370199316926809,0.5249909412668068,Reject,"Age, ProgVar",1.5836120066052146,0.2877958176912455,0.095719571622403,0.4956343045140721,Reject,1.528808166722971,Reject,Accept,1.084383405770742
0.4373035816745777,0.8187510182051155,0.31388416011001535,0.14829555302754652,0.5699637477375022,Reject,"Gender, Age, ProgVar",1.5424903011066857,0.31388416011001535,0.0982462644119259,0.5166477134688403,Reject,1.6561770018961837,Reject,Accept,0.7589521945986657
0.6746856312668746,0.6962229945830228,0.41446142827195076,0.24686083998594407,0.5629333310163245,Reject,"Gender, Age, ProgVar",1.469786240293821,0.41446142827195076,0.25205724122129813,0.5719821031441942,Reject,1.7735304649852095,Reject,Accept,0.5920106447517952
0.8280477995790929,0.8472443721049066,0.16419025455048314,0.0435897208271356,0.37665694580371534,Reject,"Gender, Age, ProgVar",1.3411059669821108,0.16419025455048314,6.958299595319515e-4,0.33926173453989306,Reject,1.5958186294710393,Reject,Accept,0.3626284688478818
0.5551346701571789,0.8270959837117157,0.32754535057875617,0.21095400099233408,0.5706167730387705,Reject,"Gender, Age, ProgVar",1.48977181982308,0.32754535057875617,0.15898454568527984,0.4992551162679995,Reject,1.701345470300822,Reject,Accept,0.5493299507496807
0.719385080170562,0.8602968289987319,0.4014364152642229,0.22519588622012726,0.548518034755773,Reject,"Gender, Age, ProgVar",1.5668822447206014,0.4014364152642229,0.24804432674015775,0.5634814807625494,Reject,1.3993093809113324,Reject,Accept,0.780428423471448
1.034270618431973,0.9558623366001401,0.1435967399756427,-0.04754770206786432,0.3532683945841766,Accept,"Gender, Age, ProgVar",1.4228245241282378,0.1435967399756427,-0.060386183683585073,0.34997256741486965,Accept,1.4703393318219804,Reject,Accept,0.5734360574634516
0.4971108330307895,0.8608973368283986,0.30733050482666535,0.1908101904575828,0.5837856462249358,Reject,"Gender, Age, ProgVar",1.4893553142393905,0.30733050482666535,0.10942829064040129,0.49528263567555564,Reject,1.5160519226932752,Reject,Accept,0.544485663543275
0.8425231488458378,0.9001833867992778,0.37509798142414774,0.17257265471043864,0.5495843760727626,Reject,"Gender, Age, ProgVar",1.8086052893099585,0.37509798142414774,0.19948856861629888,0.5482770571730615,Reject,1.6098441476459695,Reject,Accept,0.7873945618067801
0.8271854513605358,0.8368828327400278,0.2652278855490027,0.10413133339860399,0.44357451171336026,Reject,"Gender, Age, ProgVar",1.4565704645787434,0.2652278855490027,0.08841542710968822,0.43030817758284934,Reject,1.3850698341631342,Reject,Accept,0.592137417953677
0.633332643956785,0.8558835122168762,0.43445036992700625,0.25763101264570054,0.5922511461194201,Reject,"Gender, Age, ProgVar",1.5815746804296305,0.43445036992700625,0.2700406682770644,0.5990344048009447,Reject,1.5667662650586698,Reject,Accept,1.111591112674342
0.7571702580667362,0.8935273448235216,0.23626238537419858,0.08969224410242276,0.38591306888615867,Reject,"Gender, Age, ProgVar",1.7185702397925398,0.23626238537419858,0.08783095228246875,0.3880103331634039,Reject,1.7562086659108331,Reject,Reject,1.2996448100521054
0.8916520535071668,0.9576944985656413,0.30022275603618176,0.014958865782855733,0.5056837279184669,Reject,"Gender, Age, ProgVar",1.8930308659160857,0.30022275603618176,0.056215729544416254,0.5388628450311779,Reject,1.8263853926405056,Reject,Reject,1.207207922217601
0.6479413186843599,0.8334835086115121,0.321181996828964,0.12323497773539026,0.5092127927458596,Reject,"Gender, Age, ProgVar",1.5507611811311401,0.321181996828964,0.12854120117031997,0.5158014025830878,Reject,1.544926811196015,Reject,Accept,0.588540794978183
0.5231640972003918,0.9757010821474831,0.2855435114466217,0.12315883795828118,0.5126926039290325,Reject,"Gender, Age, ProgVar",1.6287874495740442,0.2855435114466217,0.09178836493803644,0.47393205762518753,Reject,1.4681720397416766,Reject,Accept,0.3472064006692035
0.17065423164169136,0.834185319971774,0.6070665234901171,0.37662903665373076,0.8039781216147853,Reject,"Gender, Age, ProgVar",1.4693148279333668,0.6070665234901171,0.39583322071541605,0.8322292986562039,Reject,1.398568934851984,Reject,Accept,0.8914688328286449
0.7104366040083792,0.8711487757930518,0.2942537739694488,0.15418968207366077,0.4588574743474015,Reject,"Gender, Age, ProgVar",1.5317495861390225,0.2942537739694488,0.13781919465059356,0.4477772302018095,Reject,1.4972646930911306,Reject,Accept,1.033212709955022
0.5538061175771684,0.7819986654133014,0.38504025096205247,0.2057882237977594,0.5637241374130204,Reject,"Gender, Age, ProgVar",1.5703377049031906,0.38504025096205247,0.20229190021062277,0.5627145861987358,Reject,1.5681271375252246,Reject,Accept,1.0342433086717
0.6421273351245673,0.8099418947032694,0.28748905394756963,0.17563430536660138,0.5440074964957047,Reject,"Gender, Age, ProgVar",1.2060211213037138,0.28748905394756963,0.09956876660772104,0.48729976595528424,Reject,1.4211479968350462,Reject,Accept,0.321882729875094
0.6799505712210149,0.8949111380357165,0.24101566683550882,0.05164030736346029,0.4292483367272618,Reject,"Gender, Age, ProgVar",1.3696327316488297,0.24101566683550882,0.06102259177515269,0.4122838008445029,Reject,1.5978042595659376,Reject,Accept,0.6176480999554325
0.4588686220197426,0.7899088387211632,0.4020729112218602,0.237598356713526,0.5700185553855622,Reject,"Gender, Age, ProgVar",2.0353364923697996,0.4020729112218602,0.24342530536326193,0.5589421217009912,Reject,1.7981591194288964,Reject,Reject,1.3603406745946647
1.1748833217683632,1.0107415104857371,0.08616977541351897,-0.12374243447528878,0.2236522979294334,Accept,"Gender, Age, ProgVar",1.6968601705593278,0.08616977541351897,-0.08790873807762029,0.24443899562221172,Accept,1.7273586482981924,Reject,Accept,1.1265594868836284
0.753523063677997,0.8527648330104446,0.32329843778383,0.1955799827351068,0.482731305014844,Reject,"Gender, Age, ProgVar",1.8140996771386175,0.32329843778383,0.1666218613534964,0.4611848630158999,Reject,1.7245969575921145,Reject,Reject,1.8292344445344577
0.7188133562679695,0.9014636764357035,0.1908184193529569,0.05056705681285294,0.37204010424182926,Reject,"Gender, Age, ProgVar",1.3779084263238306,0.1908184193529569,0.029034484360981508,0.34827293986404917,Reject,1.4538185348526098,Reject,Accept,0.7787546628056572
0.6852416383170069,0.839339201870153,0.3716103391201661,0.20495153286466286,0.5582661879267636,Reject,"Gender, Age, ProgVar",1.3721677852978689,0.3716103391201661,0.1915565152553112,0.5433638754189271,Reject,1.3837397990882083,Reject,Accept,0.9790229426292548
0.5832928495220687,0.791445059393383,0.3451047825955945,0.22447106037606107,0.53438508942884,Reject,"Gender, Age, ProgVar",1.3961049697856307,0.3451047825955945,0.17190474114904616,0.49543675767818396,Reject,1.6196383225317499,Reject,Accept,1.1966226039169467
0.512738153164606,0.8501222526257581,0.2447080149592361,0.09068946101194576,0.3770624039295972,Reject,"Gender, Age, ProgVar",1.7276847290355908,0.2447080149592361,0.10407226395841207,0.38495447847529296,Reject,1.671033948322544,Reject,Accept,0.7666384475546365
0.759277061294242,0.7546924253367234,0.3590187420713363,0.15994329650197858,0.5477081869039929,Reject,"Gender, Age, ProgVar",1.5609718708297335,0.3590187420713363,0.16225362954637332,0.5557923057213217,Reject,1.7010117196978636,Reject,Accept,1.124313042975394
0.7824872906213131,0.8313280364265896,0.37056891152051324,0.16497576613081089,0.47090084826442186,Reject,"Gender, Age, ProgVar",1.6303205869343802,0.37056891152051324,0.21597891299321972,0.5335777545413523,Reject,1.4112391266673285,Reject,Accept,0.7630586441745475
0.6049564647018484,0.7636770461871558,0.31775277863951,0.13131780814083444,0.47222653606540177,Reject,"Gender, Age, ProgVar",1.8801661549335966,0.31775277863951,0.1506145068672043,0.4827821789887963,Reject,1.8160035595678297,Reject,Reject,1.4929253199444454
0.7750050827417247,0.8466501362066048,0.3518224448471144,0.1870256206357897,0.5494434146830749,Reject,"Age, ProgVar",1.3187112376395842,0.3518224448471144,0.188800004593286,0.5106452655217643,Reject,1.4593641484541908,Reject,Reject,1.1426469354277025
0.591001633291202,0.8911080316563009,0.2140610078528083,0.059089263235537585,0.36870486280492737,Reject,"Gender, Age, ProgVar",1.3662966285065852,0.2140610078528083,0.06462105073582208,0.3680547558527378,Reject,1.3907910209060657,Reject,Reject,1.5903287351564899
0.7194624974165698,0.9134564991162826,0.19511934604714898,0.09965538292020597,0.4017186364341604,Reject,"Gender, Age, ProgVar",1.5839415247916677,0.19511934604714898,0.046100712709067945,0.34818062929130694,Reject,1.3570786272630673,Reject,Accept,1.1615430776241258
0.7607253988438418,0.7885633217442598,0.2424195404471186,0.13242100984049748,0.4558609585527154,Reject,"Gender, Age, ProgVar",1.2816364551661874,0.2424195404471186,0.08076413627028192,0.40912782770981265,Reject,1.4070490326322718,Reject,Reject,1.2486413705562214
0.5514911572442002,0.8642872649691105,0.36389349953529393,0.20381943611613973,0.5190206087187305,Reject,"Gender, Age, ProgVar",1.9692640937917851,0.36389349953529393,0.2102604687886688,0.5251768071726391,Reject,1.6766775135064405,Reject,Accept,1.0471642297668196
0.6920929897679123,0.9359841906599597,0.42829219518962075,0.20669173673385416,0.6274445367999965,Reject,"Gender, Age, ProgVar",1.4747300046609166,0.42829219518962075,0.21940064352179972,0.6374200193850359,Reject,1.5185158978595465,Reject,Accept,0.5546250652866653
0.6676909724975917,0.7681328635771211,0.3180947333790927,0.16464276612054854,0.4882482879638882,Reject,"Gender, Age, ProgVar",1.5813483100659746,0.3180947333790927,0.1609616509440219,0.48576382655234945,Reject,1.7428984672685777,Reject,Accept,0.9880613141358068
0.7254660840925776,0.9550689297577092,0.26991288936523394,0.07411917873896026,0.4721204820468591,Reject,"Gender, Age, ProgVar",1.50271226029273,0.26991288936523394,0.07208532652655186,0.472561106032241,Reject,1.5057550314190111,Reject,Accept,0.3977529361398851
0.45603740055119163,0.7856285554796565,0.42364788281239096,0.2849539472627839,0.5520075333576904,Reject,"Gender, Age, ProgVar",1.6111672228700318,0.42364788281239096,0.2938251453952949,0.5617999995942572,Reject,1.4635096712974471,Reject,Reject,1.4135106464528633
0.8563843186461892,0.8804450678702804,0.10043368876476787,0.006349940261791379,0.2581634981691225,Reject,"Gender, Age, ProgVar",1.4227954897397967,0.10043368876476787,-0.027591965772797926,0.23306940392740302,Accept,1.4925030123397816,Reject,Accept,0.8336403556616774
0.5825210123811798,0.7913120640551342,0.36370929649778566,0.2520395909794973,0.5886711601700501,Reject,"Gender, Age, ProgVar",1.5821688658584605,0.36370929649778566,0.19659276576176218,0.5382802311913183,Reject,1.3907896098013799,Reject,Accept,1.0783005621241446
0.7424737695369233,0.8118664575209961,0.4176943287878723,0.2582738310499716,0.5819233554797839,Reject,"Gender, Age, ProgVar",1.740864803407633,0.4176943287878723,0.251465043743787,0.5700603962531939,Reject,1.6086008688656495,Reject,Reject,1.3968583736674027
0.6902408474406239,0.9194260992406772,0.3267863041318146,0.0732493951596696,0.46473839789491594,Reject,"Gender, Age, ProgVar",1.4279868323921394,0.3267863041318146,0.1265524283356342,0.5052396987367921,Reject,1.542606670257235,Reject,Accept,0.9980011850559547
1.0127353127559724,0.8297177540493711,0.2349483701883681,0.10035915148564811,0.38200366047178924,Reject,"Gender, Age, ProgVar",1.6960451435158022,0.2349483701883681,0.09101598646559081,0.3740267138710721,Reject,1.8680805383170915,Reject,Reject,1.3423158659501266
0.6695698422299493,0.8621444772662432,0.3040840195100091,0.161105732878643,0.44472214567792867,Reject,"Gender, Age, ProgVar, X2",1.3223333643211566,0.3040840195100091,0.16495859939029534,0.44573993533616735,Reject,1.4884547073238752,Reject,Accept,0.680716323868662
0.7251279491478413,0.7893225916916834,0.24157140706205626,0.1371467058099044,0.4442052905649814,Reject,"Gender, Age, ProgVar",1.446273688147955,0.24157140706205626,0.084687740390233,0.3957441954776814,Reject,1.8179340773476733,Reject,Accept,0.768862787843186
0.775293152425312,0.9382481135426423,0.12339259333333144,0.00990591913776799,0.3213764981646293,Reject,"Gender, Age, ProgVar",1.4869801115260868,0.12339259333333144,-0.030529602512982527,0.2793707294855225,Accept,1.3578257730511853,Reject,Accept,1.0639242138215201
0.6429206656819735,0.911087563520675,0.24997337948670792,0.10634263344388313,0.4691963776297243,Reject,"Gender, Age, ProgVar",1.2585143516554047,0.24997337948670792,0.07607604646865233,0.41351364419168757,Reject,1.459516505739599,Reject,Reject,1.226344502893783
0.6798378239482965,0.8612829422015894,0.15768979363584676,0.031055981555431336,0.31386114414463734,Reject,"Gender, Age, ProgVar",1.3852231533402914,0.15768979363584676,0.022453647195872735,0.29622304265173877,Reject,1.4044049590671353,Reject,Reject,1.366115787580118
0.5445971510824474,0.8922132831830805,0.2919042110456027,0.20108934077437757,0.4926373688389829,Reject,"Gender, Age, ProgVar",1.6069068552653658,0.2919042110456027,0.14787639605703579,0.454006658371009,Reject,1.4734253749069957,Reject,Reject,1.3799222233332264
0.7953407039929768,0.9113134113522007,0.30768232351785957,0.04618575426822708,0.48836620680598025,Reject,"Gender, Age, ProgVar",1.7403371064507203,0.30768232351785957,0.08530132157096969,0.5188808006857066,Reject,1.6604484947694789,Reject,Reject,1.387088991689966
0.598315826378393,0.837095529618573,0.35119590037838844,0.17068529831476045,0.4961801895073935,Reject,"Gender, Age, ProgVar",1.642221568316177,0.35119590037838844,0.19593121094097157,0.5096334604224074,Reject,1.6692494950343957,Reject,Accept,0.41576816682096357
0.8051002556817388,0.878644471480118,0.30582391623430855,0.18278933953097387,0.4654845468000472,Reject,"Gender, Age, ProgVar",1.3373416061840688,0.30582391623430855,0.1508773717703249,0.44463131817526563,Reject,1.4856273440037706,Reject,Accept,0.5143018313461765
0.7822550162361842,0.8364115387744743,0.2577963176244416,0.12492242551933233,0.3903514204076136,Reject,"Gender, Age, ProgVar",1.714020952111922,0.2577963176244416,0.12342915045956225,0.38484128263717693,Reject,1.5222744538869764,Reject,Accept,0.9489158966716733
0.5717248402479049,0.8277422008250074,0.39487346394669465,0.24031575331457733,0.5562451454710134,Reject,"Gender, Age, ProgVar",1.7119905155812714,0.39487346394669465,0.23440532664878905,0.561029379936516,Reject,1.5895207988102582,Reject,Reject,1.2479305673127414
0.5661243511530676,0.8017344376160149,0.41097690166119044,0.24748392782373554,0.6062850556999592,Reject,"Gender, Age, ProgVar",1.528991406075238,0.41097690166119044,0.23756295716421977,0.5923698301827842,Reject,1.4544646757390987,Reject,Accept,0.9779803533982473
0.5921154464225314,0.9025003956425968,0.2987824479719519,0.0879741581489633,0.4920998766540781,Reject,"Gender, Age, ProgVar",1.2351856030403239,0.2987824479719519,0.10088714969609594,0.49428776377886635,Reject,1.2745435089738284,Reject,Accept,0.2820475019862098
0.5595134998862052,0.8781467667826911,0.3658851144987265,0.1988940847112123,0.5538292869654153,Reject,"Gender, Age, ProgVar",1.6817735965865763,0.3658851144987265,0.1920327697184301,0.5525067711234122,Reject,1.748977779626579,Reject,Accept,1.1386733274511085
0.4366340267877788,0.8405358404265088,0.3209787484970418,0.17844402779108215,0.4860418935074008,Reject,"Gender, Age, ProgVar",1.4133977045083899,0.3209787484970418,0.1699605559030022,0.47265203305530107,Reject,1.421502658364776,Reject,Accept,0.6637949682291333
0.6141932533394785,0.9378206126826238,0.12370877532872103,-0.01912501876274301,0.2964555684801135,Accept,"Gender, Age, ProgVar",1.3718220070440459,0.12370877532872103,-0.038831059040729,0.2860502631253973,Accept,1.416793599488521,Reject,Accept,1.0256128860668783
0.5127177711010148,0.8204466486175291,0.2020355746294715,0.06592131069283172,0.35216950385487905,Reject,"Gender, Age, ProgVar",1.3445139477119037,0.2020355746294715,0.06271745607316573,0.34860826868934197,Reject,1.3715547476634484,Reject,Reject,1.305137199357956
0.8742874689840044,0.8519085897560672,0.25947223792137664,0.1554371469859639,0.48339412720422964,Reject,"Gender, Age, ProgVar",1.6529052259632877,0.25947223792137664,0.09334074036835574,0.4227808582939699,Reject,1.6586084171562872,Reject,Accept,0.7920203938083632
0.7777570662271964,0.9271629613582174,0.22985581835139263,0.09461920257125196,0.3760393498171859,Reject,"Gender, Age, ProgVar",1.444678676578657,0.22985581835139263,0.09354449273441025,0.37110093838633584,Reject,1.4075112189104866,Reject,Accept,1.0574711394486478
0.6956970591200697,0.8263489855650781,0.3234372565443033,0.166109470529831,0.5028346295624482,Reject,"Gender, Age, ProgVar",1.531875666206391,0.3234372565443033,0.15066762757572405,0.49658235171635634,Reject,1.4573090678791973,Reject,Reject,1.3320101583744437
0.37086465049388434,0.7934071347825,0.3183169907727298,0.17701150001369226,0.4660719452707164,Reject,"Gender, Age, ProgVar, X2",1.641842210059794,0.3183169907727298,0.16786119996228321,0.4594193366617773,Reject,1.5138363566991566,Reject,Reject,1.6231444987870907
0.7870745524335356,0.7850343323788982,0.2266986126506525,0.10940014678432933,0.41143404673376754,Reject,"Gender, Age, ProgVar",1.4368800431753725,0.2266986126506525,0.07931647270977588,0.37395753231899764,Reject,1.3724504473102193,Reject,Reject,1.2099220702720068
0.6368726886802117,0.9072551346161214,0.15900312992158389,0.05224894611781716,0.40158626559583416,Reject,"Gender, Age, ProgVar",1.3673382529549503,0.15900312992158389,-0.023797917248485997,0.3316575248469305,Accept,1.3008117317161552,Reject,Accept,1.0349223943200085
0.7129971055210657,0.8630246839025804,0.23552417800247175,0.09701373783486657,0.3774148714485454,Reject,"Gender, Age, ProgVar",1.7278855143673755,0.23552417800247175,0.09469467438687032,0.37171170072689297,Reject,1.6078744389811033,Reject,Accept,0.933034400582208
0.6703690566305134,0.8647866420246977,0.2716481453711696,0.08763953712787895,0.47180897517996145,Reject,"Gender, Age, ProgVar",1.5809183890982257,0.2716481453711696,0.0907632534593633,0.450332685590617,Reject,1.4968361625975444,Reject,Reject,1.3029175471122088
0.4348867597749711,0.8010176677762079,0.40179519177898326,0.28159903287833965,0.5734764513943091,Reject,"Gender, Age, ProgVar",1.309375982157537,0.40179519177898326,0.24118204892092562,0.5487976551499125,Reject,1.2247486613923215,Reject,Reject,1.4808609369977246
0.4526470954897247,0.8500202468473983,0.2640823229428744,0.11823585048339486,0.473488179370449,Reject,"Gender, Age, ProgVar",1.6351024716321936,0.2640823229428744,0.09018132426480595,0.4403009645560368,Reject,1.59945252075674,Reject,Accept,1.0168449767205316
0.8037412078807977,0.8098830422313789,0.28169094763724406,0.11646184644538146,0.4377524314476962,Reject,"Gender, Age, ProgVar",1.5426465211081655,0.28169094763724406,0.11190955115577347,0.4515380357587091,Reject,1.4825143379974035,Reject,Reject,1.3842821115614574
0.5072756268619366,0.7586560676599989,0.4299032086584711,0.31665382333092196,0.6081376392182741,Reject,"Gender, Age, ProgVar",1.419902505223436,0.4299032086584711,0.2804425995005413,0.5780133787545491,Reject,1.4081792958355126,Reject,Reject,1.8101512356015095
0.6952225068353848,0.8180785773085499,0.26880988252307286,0.10680090051928516,0.45908135732054645,Reject,"Gender, Age, ProgVar",1.7425129029082875,0.26880988252307286,0.09646801664626696,0.4356203640748833,Reject,1.819550913996501,Reject,Accept,0.25163951203759105
0.42220342220060114,0.7780631197328504,0.41055096793192997,0.2892580221523975,0.6150786877341939,Reject,"Gender, Age, ProgVar",1.3593803133238338,0.41055096793192997,0.2455963123592335,0.5757344419737763,Reject,1.2611020187202278,Reject,Reject,1.3328641029651551
0.6433834913200968,0.8523731240851347,0.24679941964551663,0.10521901235138002,0.42372145193596356,Reject,"Gender, Age, ProgVar",1.4321910132239535,0.24679941964551663,0.08529456525027057,0.3999390385084352,Reject,1.3971310371527454,Reject,Reject,1.4962920448382842
0.7390018869992409,0.8456964403811392,0.2813957607964778,0.12646152625159424,0.45600713611139243,Reject,"Gender, Age, ProgVar",1.8803721131478042,0.2813957607964778,0.12656545754222515,0.443771269598977,Reject,1.6772828143384622,Reject,Accept,0.46126640558377496
0.7114420233080373,0.82400791273796,0.24240252702853218,0.09855332065442841,0.446246938466343,Reject,"Gender, Age, ProgVar",1.1277257845429802,0.24240252702853218,0.06883235242433909,0.40693500709594127,Reject,1.2684456396050274,Reject,Accept,0.7260484535495636
0.64337822887539875,0.8760250751515664,0.23140677536436335,0.12082976340512952,0.4278644497138935,Reject,"Gender, Age, ProgVar",1.7668442716845567,0.23140677536436335,0.0785174279590077,0.3838502499238939,Reject,1.588178806849456,Reject,Reject,1.7603171948028586
0.6763612694228484,0.890628444580174,0.1862938767570669,0.014376132948419662,0.3539848572112091,Reject,"Gender, Age, ProgVar",1.470118957500311,0.1862938767570669,0.019452037088351866,0.35007215278070086,Reject,1.4131259283422697,Reject,Accept,0.5619057427707076
0.36304671410828987,0.7751006415181309,0.4132859398404207,0.2804900510208757,0.5728593432549213,Reject,"Gender, Age, ProgVar",1.5693808176075839,0.4132859398404207,0.2650877779339131,0.5619728013433978,Reject,1.5441105418511314,Reject,Reject,1.40842578647572
0.43425166438401985,0.8051469071120215,0.3709265562792064,0.16187329804565906,0.6052993983313453,Reject,"Gender, Age, ProgVar",1.6290076014389896,0.3709265562792064,0.12744814145982758,0.5937448180338173,Reject,1.6454037093781009,Reject,Accept,1.0512815915295834
0.7488224269101317,0.9018673650177572,0.3133197567180084,0.09112477702509397,0.47639932908235727,Reject,"Gender, Age, ProgVar",1.2477770432476496,0.3133197567180084,0.11139780172035797,0.49183632060354654,Reject,1.3269310162064394,Reject,Accept,0.6608889257358795
0.49666524812218193,0.7880299601967202,0.39819393972398176,0.2700176933424139,0.6179667538784975,Reject,"Gender, Age, ProgVar",1.3267603139959858,0.39819393972398176,0.22451785394016527,0.5616352476140848,Reject,1.4373921037516562,Reject,Accept,1.007695060130668
0.8138054622270765,0.9545764681465618,0.14091641088980747,-0.004516713145482028,0.28087981734605794,Accept,"Gender, Age, ProgVar",1.7303684682179408,0.14091641088980747,-0.0038564035540054192,0.28257868842447936,Accept,1.632393107064813,Reject,Accept,0.8958994813846175
0.7184249784054528,0.8724047130232074,0.1523730903361093,0.004973732283941348,0.36839908672507865,Reject,"Gender, Age, ProgVar",1.3795250599341267,0.1523730903361093,-0.029893574132264362,0.3253712402463234,Accept,1.5810272102769354,Reject,Reject,1.239009557927975
0.705439992289371,0.884399959516066,0.26180971655532137,0.04994657829953211,0.41101248536217694,Reject,"Gender, Age, ProgVar",1.6610147375649766,0.26180971655532137,0.08135561000807603,0.4343960735774895,Reject,1.5630101434764656,Reject,Accept,1.066468058150986
0.5508906709324053,0.8808037469421831,0.39070453890619017,0.17738487255938984,0.6180018903151739,Reject,"Gender, Age, ProgVar",1.286176284988393,0.39070453890619017,0.17085112382812673,0.6001840884716791,Reject,1.4512643866831783,Reject,Accept,0.9226470284133111
0.5629392191821969,0.7740768256372459,0.3745446202533244,0.20540178997751726,0.535366594167119,Reject,"Gender, Age, ProgVar",1.714702856643402,0.3745446202533244,0.21697401188139315,0.5400960861048864,Reject,1.6611686043704788,Reject,Reject,1.4542511085735204
0.6350628087105659,0.8173347926881398,0.3073532669226882,0.20447524548342572,0.4657398394928208,Reject,"Gender, Age, ProgVar",1.4276548192332905,0.3073532669226882,0.1776979543932802,0.4396634063156921,Reject,1.466451091177104,Reject,Accept,0.9627392707721188
0.8343452548248005,0.7975883831401984,0.31103224322227685,0.15206141621633484,0.46931116384514515,Reject,"Gender, Age, ProgVar",1.3873510736292693,0.31103224322227685,0.16791511723361177,0.46210574537812543,Reject,1.5218864355432233,Reject,Accept,1.1028000118836876
0.7732591165234971,0.8478763674827899,0.2846938101526604,0.11661715542528671,0.3711504859874016,Reject,"Gender, Age, ProgVar",1.5982698356831568,0.2846938101526604,0.15344901738126251,0.40460250700221595,Reject,1.6470640653799835,Reject,Reject,1.853975188292369
0.6926669035081847,0.9172823073606681,0.2076056353163729,0.06697058800291354,0.3701558847280113,Reject,"Gender, Age, ProgVar",1.9316647626293073,0.2076056353163729,0.05377763455666835,0.364257829520948,Reject,1.8114441368025496,Reject,Accept,0.8712718843257176
0.6644627629010642,0.8865235085852976,0.2892574294976761,0.10651814634174969,0.4687744001672257,Reject,"Age, ProgVar, X2",1.350554948827587,0.2892574294976761,0.11008802160296643,0.46472481747417715,Reject,1.4335973586364086,Reject,Reject,1.1519802717961212
0.5628066882080801,0.8753213580834359,0.28453693388048806,0.15588697671147217,0.4761347761545367,Reject,"Gender, Age, ProgVar",1.7706954234778365,0.28453693388048806,0.12654327355858266,0.43958731713673577,Reject,1.6911519539373927,Reject,Accept,0.73061234903591
0.7740596970348315,0.8378045073366858,0.22559217233295464,0.06905021226447272,0.4329457163321095,Reject,"Gender, Age, ProgVar",2.001868326465223,0.22559217233295464,0.04583821891539395,0.4034725460277714,Reject,1.883840705399526,Reject,Accept,0.9470158751050792
0.8575456469104987,0.8193873990586826,0.2219292600747007,0.0654940845317706,0.38542837957865733,Reject,"Gender, Age, ProgVar",1.7152587777912793,0.2219292600747007,0.0629334370714139,0.37949920513793467,Reject,1.6893906990986562,Reject,Accept,0.993617103695556
0.25461823601400646,0.7884842169674452,0.35296412161118895,0.23647431768060087,0.4983579362206773,Reject,"Gender, Age, ProgVar",1.5913032447270785,0.35296412161118895,0.22235200327619725,0.4838248666788989,Reject,1.5187598651123562,Reject,Reject,1.2305251414322977
0.4890025305033397,0.8375298450927728,0.34562692810216805,0.19445057218791484,0.5123917415243121,Reject,"Gender, Age, ProgVar",1.6578470076317897,0.34562692810216805,0.19400487604390415,0.5075029859166584,Reject,1.6761487729422269,Reject,Accept,1.3873293438478032
0.8600128745339722,0.9205121701748088,0.21724294743933342,0.10659030174991216,0.4542509043989317,Reject,"Gender, Age, ProgVar",1.5554707850652076,0.21724294743933342,0.05237524453800163,0.38377695913299986,Reject,1.7774391445370181,Reject,Accept,0.47006540114920414
0.7349465651408396,0.9477611702883627,0.31647034225373566,0.10280011127912009,0.49426057819303093,Reject,"Gender, Age, ProgVar",1.7585336581355846,0.31647034225373566,0.11009661785574304,0.5070821843610471,Reject,1.655453666497678,Reject,Accept,1.0932656469270914
0.8799139816803313,0.8031755950209842,0.2554359774105222,0.12457204162403097,0.37948340116851526,Reject,"Gender, Age, ProgVar",1.729572833478774,0.2554359774105222,0.13162827379917716,0.38387246248124696,Reject,1.7205355014575483,Reject,Accept,0.9542528730161721
0.6167082362842109,0.8971681814309307,0.21279937666094098,0.06500153618374888,0.3599453783052227,Reject,"Gender, Age, ProgVar",1.386026989385233,0.21279937666094098,0.06927621945176886,0.364756828980172,Reject,1.4767561634386206,Reject,Accept,0.19219931285539033
0.5376261287094017,0.7363422506557142,0.4263099815254087,0.28144092891441314,0.5500497613621584,Reject,"Gender, Age, ProgVar",1.5397389694125336,0.4263099815254087,0.29816274900340756,0.5614456763002748,Reject,1.72162149483366,Reject,Reject,1.8087689965848979
0.45473949128243435,0.805626763960854,0.2974955952415893,0.14118212214664555,0.49334333505292743,Reject,"Age, ProgVar",1.8104119612568021,0.2974955952415893,0.14274213470746988,0.45622108504156744,Reject,1.5359126768195253,Reject,Accept,0.9490585427888295
0.5981104860226967,0.8026481362029646,0.3858004787147159,0.18073357799203935,0.5225203894028962,Reject,"Gender, Age, ProgVar",1.8196241091122665,0.3858004787147159,0.21368263531137674,0.5626064841431606,Reject,1.698832081501223,Reject,Accept,0.7899353695487098
0.8141764153605971,0.9178132573760679,0.201363967508272,0.05480314809856536,0.3767504110612552,Reject,"Gender, Age, ProgVar",1.439768220304788,0.201363967508272,0.044332076868462696,0.3739680306273907,Reject,1.659030604391143,Reject,Accept,0.10531321003810544
0.6394155539296213,0.7919790738300831,0.2167631156871572,0.1254691892422729,0.3938344250672032,Reject,"Gender, Age, ProgVar",1.1001202275190975,0.2167631156871572,0.08609236621716773,0.35122669659811245,Reject,1.4103982426308013,Reject,Accept,0.8821185668728679
0.6615340998062027,0.8677688946325729,0.20558520541688358,0.04508657402784372,0.4048520610955454,Reject,"Gender, Age, Outcome_BL, ProgVar",1.5577734894794915,0.20558520541688358,0.028395238637744374,0.3884056116808359,Reject,1.5561049206140978,Reject,Accept,1.019810303012743
0.5290754056235064,0.8726368119402235,0.3111198311965263,0.2114460225743738,0.4704584916217206,Reject,"Gender, Age, ProgVar",1.5235655021050487,0.3111198311965263,0.16612098086821503,0.4401693754773234,Reject,1.5725370377122416,Reject,Accept,0.6309078590836324
0.6873640429464458,0.8164158917984113,0.33946895217705675,0.20547468981606082,0.5152635749470922,Reject,"Gender, Age, ProgVar",1.345452268555561,0.33946895217705675,0.18392955183848558,0.49324076754133706,Reject,1.4742621067662909,Reject,Reject,1.4788957158763265
0.6376179918662148,0.9470605760996775,0.24776459689631755,-0.07126561318260374,0.43111294995317345,Accept,"Age, ProgVar",1.5832493171070425,0.24776459689631755,0.026846093120717257,0.46569291404644186,Reject,1.5391003657628224,Reject,Reject,1.088820811582396
0.7207712433103259,0.9245748655470891,0.20399170120167046,0.049356653642782994,0.36552378405444763,Reject,"Gender, Age, ProgVar",1.4118356585977554,0.20399170120167046,0.048828519117436325,0.357960015285776,Reject,1.2851276918775332,Reject,Accept,0.8726157909859695
0.5991526266703157,0.749003465079962,0.2857711059072871,0.1564002289313015,0.46096175682707186,Reject,"Gender, Age, ProgVar",1.6058392367315621,0.2857711059072871,0.12917993986724388,0.43650367603468393,Reject,1.5393293025281327,Reject,Reject,1.4492358090304256
0.6335539416164538,0.854570372826543,0.2681144133722912,0.1451756170938244,0.4373911361140542,Reject,"Gender, Age, ProgVar",1.2329442003486253,0.2681144133722912,0.11876003797876752,0.40633669605164513,Reject,1.4166917222508442,Reject,Accept,0.867536778133627
0.5316236345887714,0.8351254688999402,0.3002284849302249,0.1476547289935733,0.46054390174132803,Reject,"Gender, Age, ProgVar",1.1671572027742452,0.3002284849302249,0.14088508718463127,0.45384666206654684,Reject,1.4500422599033598,Reject,Accept,0.6147036750761704
0.7167557061310514,0.8149470805551126,0.24150046254811366,0.1781565363246788,0.42396277949359984,Reject,"Gender, Age, ProgVar",1.7745435026689755,0.24150046254811366,0.1229141957937824,0.36834557205876234,Reject,1.78104685560603,Reject,Reject,1.5337517287711404
0.5321456323912945,0.8079227740603216,0.3733999157194304,0.20669517581166647,0.5746875548928322,Reject,"Gender, Age, ProgVar",1.4556467741312717,0.3733999157194304,0.16771920376112248,0.5643462603491104,Reject,1.5543780493432429,Reject,Accept,1.0725119710462003
0.4930332806157611,0.8982101100196729,0.30232931360908083,0.1619002305971185,0.4914201411683739,Reject,"Gender, Age, ProgVar",1.5460418923631922,0.30232931360908083,0.14002079281896473,0.4718881052387674,Reject,1.6722247736940685,Reject,Accept,0.7527153602705917
0.660769456843399,0.8290835543905081,0.19760961201688035,0.07668865534860503,0.3600847712859828,Reject,"Gender, Age, ProgVar",1.5286301028563574,0.19760961201688035,0.04169875725693571,0.3435487377521221,Reject,1.5421315331766798,Reject,Accept,0.6069214508492229
0.8434218156586684,0.8832556961450152,0.1874766306861993,0.044921651075484584,0.35697089986528846,Reject,"Gender, Age, ProgVar",1.79536957722952,0.1874766306861993,0.022502547071983847,0.3471568607885144,Reject,1.7471598106559727,Reject,Accept,1.0436123627689957
0.49738025976241956,0.8591519529121426,0.30321390337713955,0.1298316265591199,0.43800685206309464,Reject,"Gender, Age, ProgVar",1.533956375638042,0.30321390337713955,0.14532223096259844,0.4512797883661566,Reject,1.6216082977530946,Reject,Accept,1.2811684764195173
0.8152201100234004,0.8698792766332609,0.18436353635986785,0.035006437010884475,0.3485674963915386,Reject,"Gender, Age, ProgVar",1.18836604050258,0.18436353635986785,0.026010982333922794,0.351838580393388,Reject,1.2218173553927385,Reject,Accept,0.2868455212021213
0.6385476007726588,0.9090095534825636,0.3329949683900694,0.1061238541259994,0.5257991466300209,Reject,"Gender, Age, ProgVar",1.5515464941395276,0.3329949683900694,0.1280138109233645,0.5530443846435732,Reject,1.6029567957919062,Reject,Accept,0.15673462666447693
0.5504680271268849,0.7820241770906926,0.3842574871723462,0.22632090192482476,0.5209206755626102,Reject,"Gender, Age, ProgVar",1.8006634145514013,0.3842574871723462,0.24629960533965117,0.5256187620876043,Reject,1.7239200359599363,Reject,Reject,1.462109303110563
0.53116827767803,0.7964493290803384,0.2589887448042517,0.1452324713904851,0.4434723339617568,Reject,"Gender, Age, ProgVar",1.3737857858138423,0.2589887448042517,0.11667663700593928,0.40289537439473816,Reject,1.3388631823062735,Reject,Reject,1.355487559551921
0.6888131268896216,0.7805570151761021,0.2838741602644934,0.13297432912762763,0.44975694228795376,Reject,"Gender, Age, ProgVar",1.589374613806829,0.2838741602644934,0.1255360164748899,0.4458784888421722,Reject,1.5606969380666746,Reject,Reject,1.1163224036758126
0.71550604068142,0.9067035818750075,0.2239902615330804,0.06728082327458058,0.38826842834227254,Reject,"Gender, Age, ProgVar",1.3194718095855764,0.2239902615330804,0.063677566673995,0.38143391935281895,Reject,1.4510872360830385,Reject,Accept,0.5294899772133508
0.5561203921687428,0.8784003890168964,0.28412523011791724,0.1402302992226492,0.5016422030268362,Reject,"Gender, Age, ProgVar",1.6342369534620511,0.28412523011791724,0.09804422591626095,0.4528559189611316,Reject,1.4400715903325791,Reject,Accept,0.28010561426201847
0.4543692917517452,0.7667364315292801,0.38142991009985866,0.2099560952078474,0.54857671671312,Reject,"Gender, Age, ProgVar",1.5795741932159129,0.38142991009985866,0.21598084672477735,0.5623782671129726,Reject,1.6067755361182947,Reject,Reject,1.609854722255994
0.6980092843610558,0.8685647398864279,0.2623482500769146,0.12310020562698394,0.3907346543382139,Reject,"Gender, Age, ProgVar",1.4780812075214302,0.2623482500769146,0.12775092522851622,0.3963955682719157,Reject,1.3637496362350257,Reject,Accept,0.7487994634852392
0.6680081044242298,0.897211171190243,0.34767891678673707,0.23837941048364097,0.5956886320675935,Reject,"Gender, Age, ProgVar",1.239204916672258,0.34767891678673707,0.17281306086385376,0.5275226550007908,Reject,1.4538595282462652,Reject,Accept,0.6835494350741478
0.4399765543861666,0.9087235729258614,0.2431153602959636,0.06376276278250922,0.4091863094798077,Reject,"Gender, Age, ProgVar",1.4654306087566107,0.2431153602959636,0.062352312235448355,0.4082925324489926,Reject,1.36931729709249,Reject,Accept,0.8290097581123279
0.6900681311281214,0.8300887142251389,0.25611168837402276,0.08767738717698978,0.4473651292742938,Reject,"Gender, Age, ProgVar",1.3980899252031862,0.25611168837402276,0.0843664604994463,0.45148114892209806,Reject,1.4759546493377191,Reject,Accept,0.9141529250180279
0.5823558746989538,0.8431640469711315,0.33991894275525475,0.16642018170197234,0.5221960585065737,Reject,"Gender, Age, ProgVar",1.8309999526163352,0.33991894275525475,0.15845784124095383,0.5266348433190177,Reject,1.8665468124292237,Reject,Accept,0.7935765702909955
0.4634177106883154,0.8667056798346444,0.37499546420447893,0.23300431289637438,0.5582560585111692,Reject,"Gender, Age, ProgVar",1.2443083853040622,0.37499546420447893,0.21941196130927268,0.5390445171106154,Reject,1.4560285524280445,Reject,Accept,0.7222133394260675
1.0066603970796333,0.8972566331523002,0.23987093493737985,0.0862336510080313,0.36889858730376057,Reject,"Gender, Age, ProgVar",1.485221076656173,0.23987093493737985,0.09287564093382261,0.38492629643696474,Reject,1.4786110997773094,Reject,Accept,0.5035517436911756
0.6805951425157504,0.8531964495889625,0.3280951000353754,0.15452232530458593,0.5499757396579438,Reject,"Gender, Age, ProgVar",1.709124648509335,0.3280951000353754,0.12221242391624393,0.5415227411217058,Reject,1.7165500452468039,Reject,Reject,1.1900774933949902
0.5541162509003437,0.8092189051606535,0.3479501685127613,0.18551622242569857,0.5227008495315854,Reject,"Gender, Age, ProgVar",1.899164754734994,0.3479501685127613,0.17211095737072835,0.5045777780152099,Reject,1.6518799341650878,Reject,Accept,0.6942462728496226
0.6033547103130114,0.8526105468165684,0.22168154437619414,0.10037526731906124,0.3840584135164056,Reject,"Gender, Age, ProgVar",1.58724644435029,0.22168154437619414,0.08289371396048852,0.36636310166942365,Reject,1.4829453464899474,Reject,Reject,1.6377146350169771
0.9751406222050208,0.905101400230363,0.14576037387458943,-0.017810122580049853,0.2961562487066196,Accept,"Gender, Age, ProgVar",1.7370736141417231,0.14576037387458943,-0.00786529270078646,0.3046989529985874,Accept,1.5216806839028894,Reject,Accept,0.7923393318683977
0.7092156485242657,0.849432463264622,0.35325402478382517,0.16516177291954515,0.514262800704548,Reject,"Gender, Age, ProgVar",1.561029932521136,0.35325402478382517,0.18433052131264197,0.5276287482719323,Reject,1.5038260049041199,Reject,Reject,1.4425956575516043
0.5432936061813309,0.7816836062618591,0.3029577946254731,0.12187669101745766,0.4739648579342303,Reject,"Gender, Age, ProgVar",1.4122118294238004,0.3029577946254731,0.12387818714205262,0.47868661038565885,Reject,1.3621309910437638,Reject,Reject,1.1589006200528225
0.8232770855548887,0.8568094515224554,0.23971100453520705,0.08001640110765755,0.39040346686453525,Reject,"Gender, Age, ProgVar",1.7500842032518307,0.23971100453520705,0.07490985622419108,0.40346145604593225,Reject,1.6666611589631588,Reject,Reject,1.4834646160184484
0.5708247105363938,0.9221393872122561,0.22463782039092928,0.0868078906701883,0.38889622875812724,Reject,"Gender, Age, ProgVar",1.6439826230664634,0.22463782039092928,0.07349769167320801,0.3713162487314881,Reject,1.5302895058821775,Reject,Reject,1.5939398229939543
0.800390465575749,0.8676975170835298,0.21042972680206426,0.07141130681031119,0.4037909077462854,Reject,"Gender, Age, ProgVar",1.6325379397281257,0.21042972680206426,0.03738953055164519,0.37891620552470456,Reject,1.61582339617738,Reject,Reject,1.3196055262495279
0.7903069297444484,0.8960231673319361,0.20942693057004536,0.03961095788567752,0.392906082726381,Reject,"Gender, Age, ProgVar",1.792238295907846,0.20942693057004536,0.04901131999345802,0.3811945459889628,Reject,1.626097567561553,Reject,Accept,0.3119708120228909
0.7047006342276458,0.8788137454149866,0.2736329903059184,0.11533619384390326,0.4568692815661559,Reject,"Gender, Age, ProgVar",1.4881719369920865,0.2736329903059184,0.10130774121401379,0.45703280348260844,Reject,1.6489551940854594,Reject,Accept,1.071467018943061
0.6562796591325808,0.8458981298683265,0.24689291224441987,0.11348961098531866,0.4068298335822273,Reject,"Gender, Age, ProgVar",1.4909522535205557,0.24689291224441987,0.106249094039202,0.3972436467447642,Reject,1.5158261552969803,Reject,Accept,0.7526515279378174
0.6270422779722682,0.8550816831613177,0.2289415241185239,0.05729974267403857,0.39775754549930936,Reject,"Gender, Age, ProgVar",1.454987154218697,0.2289415241185239,0.05290508993473829,0.40287776410660797,Reject,1.4298912294007178,Reject,Accept,0.812953273908575
0.3740044214008125,0.8295526127818001,0.33854364836471595,0.19908784554640552,0.48965961376307676,Reject,"Gender, Age, ProgVar",1.2268906198231195,0.33854364836471595,0.19692021039758703,0.4926077822556685,Reject,1.2574806186354142,Reject,Accept,1.040366019044156
0.5043712125710571,0.8906616925703206,0.41138660646043446,0.22249693592330133,0.6261459888269477,Reject,"Gender, Age, ProgVar",1.53986780662096,0.41138660646043446,0.2051890552485674,0.6137078297610703,Reject,1.4995304230058861,Reject,Accept,0.7982516044703387
0.8011256782333496,0.8209460043544979,0.20555902048974176,0.06950051677713447,0.3413523990602755,Reject,"Gender, Age, ProgVar",1.4389341609122481,0.20555902048974176,0.07877697327477105,0.33840109328321244,Reject,1.5564059532512888,Reject,Accept,1.0914442491676926
0.5801134617661888,0.8543367253575157,0.2743646845384711,0.11085428418993802,0.48164244229733644,Reject,"Gender, Age, ProgVar",1.8637466204286306,0.2743646845384711,0.07890415214470572,0.4525730950217782,Reject,1.728078865497628,Reject,Accept,0.942507528177125
0.9163039324855639,0.8974718088626737,0.1909780490484622,0.05106050770103539,0.3856094341310034,Reject,"Gender, Age, ProgVar",1.5038757022453586,0.1909780490484622,0.015803818667914332,0.356759038043076,Reject,1.5634184150167827,Reject,Accept,0.9417002825932358
0.6432769046380032,0.876911449599043,0.2915159764615629,0.08038517860818176,0.4538930974241548,Reject,"Gender, Age, ProgVar",1.9431569410807967,0.2915159764615629,0.09898785238010348,0.4654555821276459,Reject,1.938411093826597,Reject,Accept,0.997733822863174
0.7473746782089653,0.8184909953982991,0.21191553164244703,0.0744545896145599,0.36859063439278633,Reject,"Gender, Age, ProgVar",1.517967916413175,0.21191553164244703,0.07203766224675513,0.36148057860828225,Reject,1.5359023561393328,Reject,Accept,1.1432198418937443
0.602480818397304,0.9300686877744705,0.171758580254239,-0.015391630747439586,0.35478198252623966,Accept,"Gender, Age, ProgVar",1.3951060935987658,0.171758580254239,-0.006345186277335208,0.36778809268060164,Accept,1.3866802859159109,Reject,Accept,0.18821274304662367
0.3486765733818728,0.7939649538144025,0.3431809585788934,0.21622009092507866,0.4790280526317481,Reject,"Gender, Age, ProgVar",1.1375713079588017,0.3431809585788934,0.20562093247864438,0.4849369938108364,Reject,1.144647843423341,Reject,Reject,1.2305396084793991
0.7548249835143568,0.8524575169777442,0.23775889711620615,0.1455537813675496,0.45976744861662605,Reject,"Gender, Age, ProgVar",1.4844386487503565,0.23775889711620615,0.07690160573201611,0.3921632066413621,Reject,1.6141170795960011,Reject,Accept,0.5323034946489756
0.7519099080974302,0.8392005299580827,0.23843131131538553,0.13437728501048682,0.37054947892164974,Reject,"Gender, Age, ProgVar",1.4301470377221883,0.23843131131538553,0.11180475970421207,0.3623423437456359,Reject,1.3445122422217557,Reject,Accept,0.733534717898191
0.8164793569052522,0.9407623878395837,0.20265332836528194,-0.010143328667722308,0.4183817496661153,Accept,"Age, ProgVar",1.8209152473733727,0.20265332836528194,0.002531100539947923,0.39168679206519563,Reject,1.4972672895387236,Reject,Reject,1.237534792987216
0.4678988928835567,0.7892866413120733,0.30714977337867544,0.15450177955269342,0.5003943440881097,Reject,"Gender, Age, ProgVar",1.501767623854748,0.30714977337867544,0.1329736542342686,0.48882202080298787,Reject,1.524460840866901,Reject,Accept,0.5791211695846428
0.8611363076803479,0.8017762392630097,0.31067513063037866,0.1435316047522029,0.4737668146249199,Reject,"Gender, Age, ProgVar",1.7861996476404676,0.31067513063037866,0.15094377107188672,0.469165699052389,Reject,1.632474760240492,Reject,Accept,1.1417749075203758
0.929154486194289,1.0064203209509697,0.18033939152659936,0.00542801886284304,0.34495967272816325,Reject,"Gender, Age, ProgVar",1.3843315824240028,0.18033939152659936,0.006833565376479431,0.3537408887314827,Reject,1.3990102682373455,Reject,Accept,0.6955100498382959
0.7623681745356715,0.7761013539691783,0.20227451301432442,0.11171170306812539,0.3790506017884624,Reject,"Gender, Age, ProgVar",1.6676181048594156,0.20227451301432442,0.07492219519877857,0.3401509954756325,Reject,1.4245970616073993,Reject,Reject,1.3743504250547092
0.7749619985946103,0.8563203348521493,0.16533003562058837,0.03741770209726263,0.3235566914682385,Reject,"Gender, Age, ProgVar",1.857746075241179,0.16533003562058837,0.020782562895675913,0.3084452723639626,Reject,1.5988266661390689,Reject,Accept,0.8460729442880881
0.5739195287903955,0.860077051042484,0.29916492531771977,0.17947418512890081,0.47861185229499853,Reject,"Gender, Age, ProgVar",1.8128982152883304,0.29916492531771977,0.1522459461174503,0.446538790061914,Reject,1.4973733657614687,Reject,Accept,0.7394824115643566
1.0264815266860399,0.9111497279296422,0.03502837917446788,-0.10999814398170284,0.17855666980124588,Accept,"Gender, Age, ProgVar",1.4480963335102282,0.03502837917446788,-0.10655428185778641,0.17790980030584572,Accept,1.5638918888546098,Accept,Accept,1.0392074048635438
0.6298942015359401,0.8913390475707783,0.14284059319223721,-0.05586611227147849,0.35332142938351974,Accept,"Gender, Age, ProgVar, X2",1.6853988329662513,0.14284059319223721,-0.06254395535235008,0.33811565561662,Accept,1.489492125227722,Reject,Accept,0.7863913111892608
0.7984632582092746,0.8761909433239653,0.28221798604602166,0.13509557135718211,0.5334437395689602,Reject,"Gender, Age, ProgVar",1.7896505575232269,0.28221798604602166,0.08765823860113317,0.4772734268462933,Reject,1.8362904817071128,Reject,Accept,0.952014913662782
0.7750231453300462,0.927969608680183,0.21429333998450711,0.03720024501796618,0.3844245901387355,Reject,"Gender, Age, ProgVar",1.2566579730782923,0.21429333998450711,0.036879001303970524,0.38948861438306254,Reject,1.4746468486252007,Reject,Accept,0.7969180140755884
0.7957773390055608,0.8524344659550186,0.19839388873040534,0.03222592148079785,0.35375549452563,Reject,"Gender, Age, ProgVar",0.965637593858134,0.19839388873040534,0.02509908193631509,0.364045691042888,Reject,1.1585603856048132,Reject,Accept,0.9223282146821151
0.752445350962193,0.8544117906698524,0.14958853931073476,0.06102354278504868,0.38428697537065143,Reject,"Gender, Age, ProgVar",1.5665454526528564,0.14958853931073476,-0.013151198116529934,0.30162802344237627,Accept,1.5921465605390106,Reject,Accept,0.6171945487631384
0.5622910854860015,0.8660817700899539,0.29401172983176754,0.15021795713343503,0.4240758092337874,Reject,"Gender, Age, ProgVar",1.3543133077661365,0.29401172983176754,0.15626071078108242,0.4300544142543369,Reject,1.3730675140090562,Reject,Reject,1.3878943914917212
0.5965589024337712,0.8758246154993694,0.3194606798899687,0.1829007459727149,0.5221430163076575,Reject,"Gender, Age, ProgVar",1.537450318555843,0.3194606798899687,0.15445460525266272,0.4840201011675782,Reject,1.495248246045233,Reject,Reject,1.636386829715345
0.5287027958909389,0.7846360839987773,0.2846816345507323,0.10042858003761716,0.4652869135385831,Reject,"Gender, Age, ProgVar, X1",1.5821537332594573,0.2846816345507323,0.09728085357935301,0.4544948891165601,Reject,1.5202502603881964,Reject,Reject,1.1553491022764153
0.8443681391326919,0.9319831403697857,0.2041625027357693,0.047470229081402734,0.39779801803940606,Reject,"Gender, Age, ProgVar",1.4413286583489135,0.2041625027357693,0.0199908375665777,0.3894166440090436,Reject,1.465984202447744,Reject,Accept,0.9602066357308083
0.9379714926204262,0.8955044937158047,0.19007460276774818,0.039023824043423694,0.3948330506453573,Reject,"Gender, Age, ProgVar",1.911356232474499,0.19007460276774818,0.011303517789100511,0.3633686892573309,Reject,1.612534489700719,Reject,Accept,0.7619772606189824
1.0074356091181602,0.9541617850359324,0.16359302942891357,-0.004861481539626287,0.31509046459819223,Accept,"Gender, Age, ProgVar",1.530045222217939,0.16359302942891357,0.005199640036239732,0.3308164718646757,Reject,1.6557852793868957,Reject,Accept,1.0957068922669742
0.4849075963610635,0.8956097355010381,0.34558325986681726,0.13940338761124274,0.5570352303567537,Reject,"Gender, Age, ProgVar",1.634407309965903,0.34558325986681726,0.13875776242439256,0.5628575096481031,Reject,1.662295635517685,Reject,Accept,0.2296570224600232
0.679204007556066,0.8041000260961656,0.19750504840762972,0.054153571955458765,0.3680974384091951,Reject,"Gender, Age, ProgVar",2.0539626189071125,0.19750504840762972,0.048779750957561444,0.3495111670173841,Reject,1.7157089660925668,Reject,Accept,1.2708577983700016
0.8576802452306767,0.9614291009154698,0.1925179150597984,0.05312908685634449,0.36285313085146303,Reject,"Gender, Age, ProgVar",1.7857654780667602,0.1925179150597984,0.0323508584928434,0.345013996698746,Reject,1.4749366993275546,Reject,Accept,1.262769280588434
0.6780393938627685,0.8853517854692086,0.18111427760926768,0.012146940083369084,0.34659781623211067,Reject,"Gender, Age, ProgVar",1.8632527078485195,0.18111427760926768,0.013049566846132765,0.3446259991171682,Reject,1.588635261015145,Reject,Accept,0.5068144099613869
0.9971397651908571,0.9305927867405078,0.1827389562335976,0.013068673340682443,0.37383619638236554,Reject,"Age, ProgVar",1.308635646039913,0.1827389562335976,0.023470118257506216,0.3438712338804745,Reject,1.6059889405905239,Reject,Accept,0.7955612548941632
0.5138651468560804,0.8537330365800493,0.2663900921964487,0.1382376202654116,0.42583130227127863,Reject,"Gender, Age, ProgVar",1.4547311761674033,0.2663900921964487,0.12392544583504068,0.4167812438204101,Reject,1.4956060763659444,Reject,Reject,1.754587283398194
0.4139571600830597,0.8843488060034463,0.23177328359899688,0.06645928677821869,0.38032200557949203,Reject,"Gender, Age, ProgVar",1.3502291965716853,0.23177328359899688,0.07761562812900073,0.38361228581193213,Reject,1.5045980498120288,Reject,Accept,0.7817029952015956
1.0593614085271252,0.8179432682704562,0.3028819049981152,0.18481361089285397,0.5071643343019256,Reject,"Gender, Age, ProgVar",2.2436448531032225,0.3028819049981152,0.146129828353423,0.46583675229099114,Reject,2.1319548659225673,Reject,Reject,1.6137657676843853
0.8458782470589525,0.9144253543536349,0.23069104988340217,0.04355214364441956,0.34676835305757137,Reject,"Gender, Age, ProgVar",1.511705309444496,0.23069104988340217,0.07407656966463232,0.38029810913275103,Reject,1.5881043208858938,Reject,Accept,0.9846545374442729
0.5902523358631966,0.8386566218689059,0.3073888715385739,0.13719460575202302,0.49746937658771767,Reject,"Gender, Age, ProgVar",1.4581995236905874,0.3073888715385739,0.12901441789734114,0.4900881234454666,Reject,1.3495893487042383,Reject,Reject,1.5455288695921963
0.9038909661555437,0.8614751860295525,0.15732596182145636,0.007301506694268503,0.32507975972593456,Reject,"Gender, Age, ProgVar",1.76352163455187,0.15732596182145636,-0.013764941374024002,0.3250977645264413,Accept,1.7225938515904529,Reject,Accept,0.37502228188387704
0.6663098334327037,0.8719772342407665,0.24003855808788527,0.12210335988165766,0.4240541973481517,Reject,"Gender, Age, ProgVar",1.1000387025997078,0.24003855808788527,0.08573341859298783,0.38363855165992566,Reject,1.3815736139574957,Reject,Accept,0.9710403402771599
0.7106221579723234,0.8338958193962516,0.31356439670173525,0.1611229191057019,0.4858204328030183,Reject,"Gender, Age, ProgVar",1.9352174130105007,0.31356439670173525,0.14679603110317038,0.47085519287912875,Reject,1.753226664014125,Reject,Accept,1.10402688861979
0.3768657634981244,0.8649096167780657,0.45628629071488747,0.2749698481444576,0.6854410943525373,Reject,"Gender, Age, ProgVar",1.4521561021279568,0.45628629071488747,0.2517560195504994,0.6541261722732692,Reject,1.592586777711248,Reject,Accept,0.7655882614074354
0.5993879140586714,0.8007630008036236,0.25133215328343267,0.08555503966046724,0.4015328896207712,Reject,"Gender, Age, ProgVar",1.8923335856093093,0.25133215328343267,0.08648800209741137,0.4039418140672828,Reject,1.7854678406306481,Reject,Accept,1.1642374840785974
0.4328698433824261,0.8813331383635423,0.36554045079272307,0.1838958789353991,0.547358352228804,Reject,"Gender, Age, ProgVar",1.5403828697550521,0.36554045079272307,0.1851851073014031,0.5505002896077003,Reject,1.605516064199787,Reject,Accept,1.1432612469686383
0.7019152962747239,0.866120648523378,0.28064298465599324,0.15456103940256738,0.4414568311011404,Reject,"Gender, Age, ProgVar",1.6269039776759677,0.28064298465599324,0.1382065688804097,0.430305734776725,Reject,1.4560933432687,Reject,Accept,0.3499071030378458
0.45330699711945,0.8026023767935824,0.36464888420899877,0.19307558584943058,0.53410974207841,Reject,"Gender, Age, ProgVar",1.2520638008245246,0.36464888420899877,0.18596823682955604,0.5305213455358058,Reject,1.3387576354829371,Reject,Reject,1.0723693874621425
0.4315292620400055,0.8161485116714844,0.41508338767906144,0.23689504327003008,0.6357788771467782,Reject,"Gender, Age, ProgVar",1.6859906766888735,0.41508338767906144,0.21205596444391966,0.6157579030227711,Reject,1.7802372948074847,Reject,Accept,0.8835386725928861
0.8272134954665433,0.8248332755926958,0.2622390936501574,0.18848714363140562,0.5528838356767345,Reject,"Gender, Age, ProgVar",1.01382062824233,0.2622390936501574,0.08309423993423351,0.4327661423479913,Reject,1.2719582438140946,Reject,Accept,0.7362491313259487
0.5971787488674303,0.8839499765097639,0.22002068133711583,0.07212937155355902,0.3631073313682534,Reject,"Gender, Age, ProgVar",1.3109282663182213,0.22002068133711583,0.07938159873007983,0.362083579802915,Reject,1.407915624511989,Reject,Reject,1.3077870159768317
0.4914110507662039,0.7759487243612085,0.3592169649019691,0.17871787586835347,0.559358466113367,Reject,"Gender, Age, ProgVar",1.638855880085698,0.3592169649019691,0.1583797875335802,0.5402848265248604,Reject,1.5450046689186308,Reject,Reject,1.490610654530644
0.6909032387112998,0.9033540692372197,0.324582065927574,0.20184500225261537,0.5037447437383613,Reject,"Gender, Age, ProgVar",1.6105778764383396,0.324582065927574,0.18110527036419424,0.47582389498204347,Reject,1.467353574842017,Reject,Accept,0.692223892848593
0.7103102887618357,0.8814312718966236,0.22415511808703598,0.04131449732806157,0.40013506789610725,Reject,"Gender, Age, ProgVar",1.6837058887080596,0.22415511808703598,0.029789884075905354,0.4108348777812738,Reject,1.5977535397831224,Reject,Accept,0.3341305799383725
0.7258959488709994,0.9469798581339258,0.2621592852269464,0.07770542172749151,0.4006104010785476,Reject,"Gender, Age, ProgVar",1.5560913742671056,0.2621592852269464,0.10274641477096247,0.4337900432017043,Reject,1.6089738568782257,Reject,Accept,0.8173587556841547
0.4607578183358745,0.8107590234661908,0.36533697639174767,0.2435659256358706,0.5468017592629579,Reject,"Gender, Age, ProgVar",1.2211844512409473,0.36533697639174767,0.20785101670244066,0.5259632346294192,Reject,1.303465104167783,Reject,Reject,1.2125750549158745
0.8317548592529233,1.020871564098815,0.07018320563374873,-0.06372371455578602,0.21548929176274087,Accept,"Gender, Age, ProgVar",1.3791820967724773,0.07018320563374873,-0.07748232903541068,0.20591183549591713,Accept,1.2841365407585688,Accept,Accept,0.8036357234382808
0.9844487022852345,0.9970954209490318,0.04676518283287661,-0.09260683583942639,0.22198193901783964,Accept,"Gender, Age, ProgVar",1.9978254363792258,0.04676518283287661,-0.12015917068753584,0.20756496307644887,Accept,1.8245289972532452,Reject,Accept,0.4708652002430537
0.48010057482062585,0.7721042627384664,0.327324422575251,0.21473310423541128,0.5375653603067088,Reject,"Gender, Age, ProgVar",1.3159634786501808,0.327324422575251,0.16444853718396324,0.49274429800682823,Reject,1.5308122280677716,Reject,Reject,1.468983628499376
0.7268578686578331,0.8758536036874602,0.2289802407020526,0.1318535869661993,0.41145634270036485,Reject,"Gender, Age, ProgVar",1.3853982084029932,0.2289802407020526,0.08830246069818085,0.36797175952271816,Reject,1.460058369696714,Reject,Accept,0.9065046204850524
0.5493032764178072,0.8646619040567418,0.2747207191344852,0.1341352575709367,0.4282676432958576,Reject,"Gender, Age, ProgVar",1.377219581192606,0.2747207191344852,0.11455833104811441,0.424639207365877,Reject,1.4914556165888389,Reject,Accept,1.0747578545466243
0.6797517387203862,0.7753115666965806,0.26354550949658423,0.08138761736395603,0.45768320112026467,Reject,"Gender, Age, ProgVar",1.7519611770717782,0.26354550949658423,0.07943354852059153,0.442363892186081,Reject,1.6007263202286415,Reject,Accept,0.7539176210402108
0.5862465143110387,0.9290683074713266,0.19557903642793234,0.0694295386204999,0.36364906747156656,Reject,"Gender, Age, ProgVar",1.3209230044805418,0.19557903642793234,0.05608881742315355,0.34746875231790697,Reject,1.2650394128477638,Reject,Accept,0.5712577260388453
0.4115275873904531,0.7545991905813869,0.36006350029956746,0.19945218537512405,0.5062891499486681,Reject,"Gender, Age, ProgVar",1.5645773815253277,0.36006350029956746,0.20846627033961812,0.5211520433749124,Reject,1.5590810787474754,Reject,Accept,1.2205890107729378
0.5164833144480035,0.8140359503180077,0.3834756691307259,0.21574178000607594,0.5709079969336073,Reject,"Gender, Age, ProgVar",1.632506086922575,0.3834756691307259,0.2053030490779207,0.5651358195635857,Reject,1.6413409212063856,Reject,Accept,0.48800983571955625
0.5175036457027071,0.8195745359700439,0.29938951515473805,0.19892182140174158,0.5436828533773058,Reject,"Gender, Age, ProgVar",1.8126611677101383,0.29938951515473805,0.12855417911051348,0.4726189735934734,Reject,1.5496788671120365,Reject,Reject,1.3835069376633267
0.7864830487443438,0.9454034614544662,0.22687188087850188,0.07747403679486278,0.4515674365944403,Reject,"Gender, Age, ProgVar",1.4265982898231833,0.22687188087850188,0.04234800145368181,0.4085244025989488,Reject,1.5770500565218297,Reject,Accept,0.3947114083001617
0.5482177804078948,0.8534668508237264,0.23190377965649536,0.08089297465877507,0.39105701574106555,Reject,"Gender, Age, ProgVar",1.429695420890061,0.23190377965649536,0.07511397723635047,0.3826091426562223,Reject,1.5651656768748916,Reject,Accept,0.15274024769839223
0.5794801142761932,0.738037636914853,0.37695081235114275,0.22259685883926608,0.5184505413161781,Reject,"Gender, Age, ProgVar",1.5430465945923828,0.37695081235114275,0.22105341296981096,0.512472513565646,Reject,1.4351650855107225,Reject,Accept,1.0999300124603961
0.3389656980165087,0.8714175997639433,0.41427557706772933,0.31583361180215874,0.650367733397733,Reject,"Gender, Age, ProgVar",1.5080939962875806,0.41427557706772933,0.23793416643093024,0.5922052820763677,Reject,1.4169069942620627,Reject,Accept,0.9495764614567761
0.5734705660510949,0.7980190638558252,0.3234560337220535,0.20868206896427666,0.47413818584086603,Reject,"Gender, Age, ProgVar",1.5825219164221036,0.3234560337220535,0.18672964627612634,0.46226862568878113,Reject,1.5715462253310488,Reject,Accept,0.09104612728556234
0.5303144063141709,0.8551493368525886,0.3316344594198034,0.2219323950688618,0.5198465542420376,Reject,"Gender, Age, ProgVar",1.53040326740588,0.3316344594198034,0.17921874495203302,0.47374660373139355,Reject,1.6456745350248505,Reject,Accept,0.644040409155174
0.886625986837881,0.9558766597482956,0.2547584407044598,0.08516765364502984,0.4474586384360989,Reject,"Gender, Age, ProgVar",1.6715606804945102,0.2547584407044598,0.08417761365884702,0.4326210381443362,Reject,1.6494051067906657,Reject,Accept,0.7013819095760928
0.6446248320317021,0.7929504095220694,0.2830108732617913,0.1417120385905227,0.41639788393129007,Reject,"Gender, Age, ProgVar",1.6496374314364415,0.2830108732617913,0.14085189259390515,0.4191563911894644,Reject,1.6842312150564882,Reject,Reject,1.40715089530529
0.5755780953578082,0.9584796707245552,0.21643811695002235,0.076310837300570325,0.39193214955704925,Reject,"Gender, Age, ProgVar",1.7251766352647173,0.21643811695002235,0.04866787831970312,0.38000285703535397,Reject,1.6548219539659659,Reject,Accept,1.131794630788576
0.8793869973850122,0.9123237102161281,0.15931570847561027,-0.0027776258856964525,0.31093140182873624,Accept,"Gender, Age, ProgVar",1.8060064448888207,0.15931570847561027,0.015306370943836418,0.30665912298755443,Reject,1.5463762297799732,Reject,Reject,1.6389211635338163
0.343843331086291,0.8901177581329113,0.3316104592070088,0.14948945922401677,0.4766548987768662,Reject,"Gender, Age, ProgVar",1.150621918162051,0.3316104592070088,0.1799388703755586,0.49410847739881575,Reject,1.1695753675470018,Reject,Accept,0.839009779425047
0.6225302687424621,0.8946529996653546,0.2522277567590391,0.1336968579367934,0.47680467906496515,Reject,"Gender, Age, ProgVar",1.7588536295227624,0.2522277567590391,0.08816185598427353,0.4178690684379071,Reject,1.5307387872851654,Reject,Accept,0.7647203216504739
0.7544422732698803,0.9137081946082333,0.22216021357553953,0.08121647681628552,0.37956042306576915,Reject,"Gender, Age, ProgVar",1.6127755022488512,0.22216021357553953,0.06937313439401173,0.3682434687472301,Reject,1.5008674458192877,Reject,Accept,0.6283199361866783
0.6429774742077877,0.8749767465484027,0.19351951917136895,0.038053702487264564,0.35017098171480143,Reject,"Gender, Age, ProgVar",1.654688103929812,0.19351951917136895,0.03905977577257978,0.34833103889230027,Reject,1.6360457923284428,Reject,Accept,0.5289974028942211
0.7236304889807501,0.9335126650298754,0.11397040068456965,-0.07027907910024236,0.27252615436372674,Accept,"Gender, Age, ProgVar",1.6358199588361166,0.11397040068456965,-0.05030978357996298,0.2905042382575348,Accept,1.621594342613089,Reject,Reject,1.4120677953571288
0.5855115255034992,0.8017977134366432,0.26581209822139146,0.15114602242050668,0.4536935434952055,Reject,"Gender, Age, ProgVar",1.575004857050787,0.26581209822139146,0.11820035938685816,0.4208736570630615,Reject,1.6794418408812382,Reject,Reject,1.5363113950363345
0.6226975409983887,0.8274138415406246,0.2475016069910227,0.11552547642754135,0.40389030754713034,Reject,"Gender, Age, ProgVar",1.089957551323137,0.2475016069910227,0.10153659835482501,0.3921941144413011,Reject,1.1615534326747865,Reject,Reject,1.0926142141383361
0.9644436816479599,0.9465228444608274,0.1363711266769266,-0.01024236690103366,0.2981684875542281,Accept,"Gender, Age, ProgVar",1.3652863138027542,0.1363711266769266,-0.023919303674883863,0.289876207644374,Accept,1.424592289963204,Reject,Reject,1.3419470182132762
0.7557364442990087,0.8849250149061193,0.22934248500141866,0.10849536255220683,0.3921720241615364,Reject,"Gender, Age, ProgVar",1.4517745514073663,0.22934248500141866,0.08028636093535428,0.3732926078465883,Reject,1.4593088385056294,Reject,Accept,0.3258575148331211
0.6638952457803426,0.8169089063060649,0.4225545018896144,0.21993628432930692,0.5952376613758416,Reject,"Gender, Age, ProgVar",1.8666561217472308,0.4225545018896144,0.2357610099259423,0.6178606111289338,Reject,1.6326268833160986,Reject,Accept,1.036803448651949
0.7214568642074691,0.8017735074258664,0.263932145341648,0.11956262403397194,0.4571475318413023,Reject,"Gender, Age, ProgVar",1.7303446237740514,0.263932145341648,0.0842651879994193,0.4248232525198014,Reject,1.5646198530354143,Reject,Reject,1.2066440752412046
0.33428937770842376,0.7761477519915,0.5725491100286036,0.4252421559721003,0.7552681689947568,Reject,"Gender, Age, ProgVar",1.4439779217572035,0.5725491100286036,0.4015038210145717,0.7421854501914908,Reject,1.3326386716159706,Reject,Reject,1.1504632181855294
0.6762634132824796,0.9053782392264486,0.24177164048311472,0.06582105062657655,0.37463084703462873,Reject,"Gender, Age, ProgVar",1.5821329006718816,0.24177164048311472,0.08055085655300646,0.40276609128031493,Reject,1.4075919623348172,Reject,Accept,0.3756871574827044
0.3306026198462688,0.7972062162761919,0.4761881960536988,0.3043852616859486,0.6535946037834589,Reject,"Gender, Age, ProgVar",1.3675478413113924,0.4761881960536988,0.3057131555851538,0.6411199541405788,Reject,1.384528116129521,Reject,Reject,1.2025395782185067
0.6368291334281413,0.8410941928209188,0.19094802493363017,0.023045840202151606,0.34119085444184927,Reject,"Gender, Age, ProgVar",1.3157739366337031,0.19094802493363017,0.034369731985555756,0.35927573715646144,Reject,1.2488132710495197,Reject,Accept,0.8420879377589597
0.5255270151304761,0.9027339524164839,0.26967414361873254,0.16138691392864302,0.4350896546595654,Reject,"Gender, Age, ProgVar",1.3412553913140612,0.26967414361873254,0.12699916415809237,0.4025791283130844,Reject,1.4870025583032427,Reject,Accept,0.47414665044854154
0.335284397081016,0.7532771165097015,0.33084098728823386,0.198742922738314,0.46407016312913973,Reject,"Gender, Age, ProgVar",1.1190438468833157,0.33084098728823386,0.20036367667530555,0.466872256023028,Reject,1.1197401974019447,Reject,Reject,1.4180798716206353
0.7445965497057706,0.8933983883269343,0.21938176244695387,0.006804603059432042,0.3207250902203595,Reject,"Age, ProgVar",1.590002198325611,0.21938176244695387,0.07656667855830393,0.3613868241340175,Reject,1.484602847393865,Reject,Accept,0.6358722427908295
0.536281256059148,0.8473186067975608,0.2873565987679108,0.13274412904190908,0.4413277624114527,Reject,"Gender, Age, ProgVar",1.2540720321971002,0.2873565987679108,0.1260256510334191,0.4457770834050355,Reject,1.3040897513117335,Reject,Accept,0.9829961884124213
0.4888927955107022,0.83163943628471,0.2487489216139386,0.1390712259535648,0.43707613576208404,Reject,"Gender, Age, ProgVar",1.6858571427345306,0.2487489216139386,0.10712636090122421,0.3920682199842529,Reject,1.26606377886484,Reject,Reject,1.5054280970304377
0.6846598126354779,0.8601267217596811,0.2149282683876703,0.09563893281125378,0.330839354367945,Reject,"Gender, Age, ProgVar",1.323610627797188,0.2149282683876703,0.09214234617344319,0.331919787859274,Reject,1.3107554146388947,Reject,Reject,1.4764944474472894
0.8624081305337269,0.9466010499819713,0.12010008773664367,-0.08586887511075214,0.2759314041090153,Accept,"Gender, Age, ProgVar",1.4640904464315856,0.12010008773664367,-0.06056518220886208,0.2993179040274627,Accept,1.63165320446989,Reject,Accept,1.0804664481573536
0.8314683693055843,0.767059106627204,0.21450058041226944,0.14197313307762544,0.46091362037361133,Reject,"Gender, Age, ProgVar",1.3534670057804399,0.21450058041226944,0.05327514093485155,0.3700565878725788,Reject,1.6413868410096901,Reject,Accept,1.0119931948327785
1.0105810651088676,0.8868418271189737,0.0908800267080599,-0.04642386986700519,0.2592758138712612,Accept,"Gender, Age, ProgVar",1.7352564379164128,0.0908800267080599,-0.06283412622729138,0.2473115856072586,Accept,1.6486638178919488,Reject,Accept,0.518893335341064
0.6060136849022147,0.8230912386654907,0.3451598313234334,0.18284517410350737,0.5043199850668879,Reject,"Gender, Age, ProgVar",1.5299818454332978,0.3451598313234334,0.1741759530140603,0.5035863437101009,Reject,1.6258966084665472,Reject,Accept,0.7624408859260963
0.9083716210676875,0.9766134977122654,0.08451957304524463,-0.03287053963299413,0.2619728013826941,Accept,"Gender, Age, ProgVar",1.6781804773293518,0.08451957304524463,-0.05560766910060523,0.23197722902798307,Accept,1.450733365502123,Reject,Accept,0.5354683771775327
0.6953779886455833,0.8261186034788645,0.2622124551738141,0.10052707859215203,0.3949644032428209,Reject,"Gender, Age, ProgVar",1.5154422842755095,0.2622124551738141,0.11623038628257128,0.4061785766471586,Reject,1.3885256060869167,Reject,Accept,0.3382244833836408
0.804828882671881,0.883444347558282,0.2091258559402481,0.07475268606444377,0.3508116268745511,Reject,"Gender, Age, ProgVar",1.779468472194142,0.2091258559402481,0.06691208256479565,0.34795704607529154,Reject,1.5888888649509385,Reject,Accept,0.9864361476372828
0.44570247938896507,0.8590216448476201,0.2027348370897205,0.06465138125270747,0.3923953562574579,Reject,"Gender, Age, ProgVar",1.4773650536191463,0.2027348370897205,0.04034199619247955,0.36060252154444516,Reject,1.3611775333666187,Reject,Accept,0.9406565739129898
0.4416659644879918,0.7700627991768704,0.3902677876161101,0.2242936319059298,0.6054263763626835,Reject,"Gender, Age, ProgVar",1.5015614697163053,0.3902677876161101,0.20950121140054911,0.5617557059426019,Reject,1.3082301376368783,Reject,Reject,1.311456992403635
0.6404508850380878,0.8423663592569104,0.2609399476899176,0.15024186372882786,0.39663801922717423,Reject,"Gender, Age, ProgVar",1.390371503174323,0.2609399476899176,0.14061241878142075,0.39226028992699735,Reject,1.3926254603927695,Reject,Accept,0.9594746235403181
0.8973655405206835,0.7693057158557242,0.3343557866961508,0.18416821954092624,0.5023913572457265,Reject,"Gender, Age, ProgVar",1.967016673555337,0.3343557866961508,0.1836376934452042,0.49372361478294263,Reject,1.8091666549864924,Reject,Accept,1.1500061271106519
0.661326930241259,0.8924975253294228,0.28077542561269125,0.12091851859097855,0.4464346128804814,Reject,"Gender, Age, ProgVar",1.6632609442809043,0.28077542561269125,0.12005535118330886,0.44011153674825126,Reject,1.686178411007308,Reject,Accept,1.1590394279206615
0.6043142825199099,0.8826792359228528,0.2938245506191009,0.14815659926295605,0.4702804347329943,Reject,"Gender, Age, ProgVar",1.5349379533065044,0.2938245506191009,0.13870292022309672,0.45785888622888166,Reject,1.507907889759131,Reject,Accept,0.3219851058054171
0.4528341910416742,0.8227536316652497,0.33526951093292223,0.1620304665281718,0.49266810795846816,Reject,"Gender, Age, ProgVar",1.2001221149671535,0.33526951093292223,0.1674812622668962,0.4883839619753763,Reject,1.2664528404826636,Reject,Accept,0.637782474500509
0.5338639832529319,0.8498037002632103,0.33138054100999953,0.18689039806955754,0.5238405720760861,Reject,"Gender, Age, ProgVar",1.4761455823581195,0.33138054100999953,0.1604240022056449,0.5064556867047226,Reject,1.4989537470702516,Reject,Accept,0.6402174170572114
0.6669356531001526,0.8295948138216611,0.3674370489518439,0.20460157740397,0.5714385891429364,Reject,"Gender, Age, ProgVar",1.2922521143727457,0.3674370489518439,0.18499374212932612,0.5562980671336469,Reject,1.3437698446742856,Reject,Accept,0.8288748884481543
0.7384483316591556,0.882911366281458,0.2348416287440443,0.062390558646499436,0.41855590874183773,Reject,"Gender, Age, ProgVar",1.5343796048864642,0.2348416287440443,0.05775861846821107,0.4131631960910035,Reject,1.4521448462713118,Reject,Accept,0.7925726508667301
0.5910687634056687,0.8213896176810078,0.31499127669628524,0.14343122964328472,0.47876548345658776,Reject,"Gender, Age, ProgVar",1.5284167746068789,0.31499127669628524,0.1478198702007993,0.47440980693237655,Reject,1.5242316518082617,Reject,Reject,1.2373780208375316
0.5697343812773779,0.7948417539149273,0.4822434286769998,0.295538666743113,0.7030288704368832,Reject,"Gender, Age, ProgVar",1.802524964485007,0.4822434286769998,0.27499696508722266,0.6913880777310073,Reject,1.6821094979149434,Reject,Reject,1.0829537816010228
0.6358536616514917,0.952833930400973,0.12825575170294454,-0.05273866703653304,0.3116070597957783,Accept,"Gender, Age, ProgVar",1.40058007657683,0.12825575170294454,-0.04222920556310092,0.30144776084790487,Accept,1.3520442223577454,Reject,Reject,1.1727321705386506
0.5440402085278722,0.72409799661917,0.43903006300240927,0.30230681177027424,0.6159038437920464,Reject,"Age, ProgVar",1.3961904703274208,0.43903006300240927,0.3068783232184873,0.5837175727384563,Reject,1.4560724001502314,Reject,Reject,1.7750086413147703
0.7239783119471993,0.939239793969646,0.28635178737671735,0.1311263359461075,0.49792668971122533,Reject,"Gender, Age, ProgVar",1.518503629171294,0.28635178737671735,0.11564566471765296,0.4602966629465888,Reject,1.6488164301024537,Reject,Accept,0.7799755382905289
0.8297795437174019,0.91534644204887194,0.11166541608096948,-0.05995832036060261,0.24700711804863723,Accept,"Gender, Age, ProgVar",1.4100153113596539,0.11166541608096948,-0.03980039096630909,0.2606854297962118,Accept,1.5169885822005145,Reject,Reject,1.5149979051809745
0.45570753614389614,0.8736321493366915,0.317007272551468,0.16162513480351423,0.4959388081914204,Reject,"Gender, Age, ProgVar",1.3432564653756196,0.317007272551468,0.15034576607107206,0.47485815723584807,Reject,1.3649782364303653,Reject,Accept,0.46371950116706234
0.634651431823427,0.9136792985208888,0.2755828653552401,0.08324995335972571,0.47020293104186156,Reject,"Gender, Age, ProgVar",1.5799041673455594,0.2755828653552401,0.0784995498480913,0.4573932811803119,Reject,1.4208482973809282,Reject,Accept,0.5601201492966266
0.41778007166629,0.7958894698712099,0.4088752452145154,0.22403047533807988,0.5948702111950762,Reject,"Gender, Age, ProgVar",1.7460921703033738,0.4088752452145154,0.24653058117000048,0.5852992846929812,Reject,1.4861884814190605,Reject,Reject,1.3419477476001924
0.7174840798051995,0.8844058602844879,0.19968499647750082,0.06612157405261218,0.39280736358975504,Reject,"Gender, Age, ProgVar",1.7625264661457305,0.19968499647750082,0.037510487072679385,0.36700332259315294,Reject,1.6645975092227687,Reject,Accept,1.2300896894795443
0.43828492674394975,0.7477283566483361,0.3772154136989495,0.23625394621086954,0.5512918258188623,Reject,"Gender, Age, ProgVar",1.1488392023717338,0.3772154136989495,0.21612581296879044,0.5336373475059123,Reject,1.2405416924650716,Reject,Reject,1.251161512812112
0.645930373982375,0.9193762332186873,0.3594744643374966,0.2047641837950147,0.5450126464031079,Reject,"Gender, Age, ProgVar",1.939443148261271,0.3594744643374966,0.18828362123544018,0.5318087827957941,Reject,2.040677226665524,Reject,Accept,0.8003902302993626
0.6612828481653039,0.7807489163107155,0.3041203436969234,0.16231998043321966,0.4546781728543967,Reject,"Gender, Age, ProgVar",1.5304074737898974,0.3041203436969234,0.16198023380449145,0.44698756393179273,Reject,1.6679171046793124,Reject,Reject,1.3224342501931323
0.6274048898183495,0.8823983707689322,0.16041806167875408,-0.011003701081995748,0.312626861376265,Accept,"Gender, Age, ProgVar",0.9975562524610164,0.16041806167875408,-0.0032304430871154532,0.31636318942755937,Accept,1.01609929961012,Reject,Accept,0.7855314152019244
0.40185268603425384,0.834160636556044,0.35929847155070993,0.21640001651446872,0.5139260347744778,Reject,"Gender, Age, ProgVar",1.3283468202800528,0.35929847155070993,0.20566564585197686,0.5076196125384047,Reject,1.4202016050141948,Reject,Accept,1.013610723825688
0.5813077223239063,0.8360008044056598,0.49164415180654775,0.33728461715440095,0.7291709981895566,Reject,"Gender, Age, ProgVar",1.0513372925395865,0.49164415180654775,0.29187998394444814,0.6837087431252955,Reject,1.3201561736951015,Reject,Accept,0.9314940464880926
0.6772420510125478,0.8163096018895888,0.2124461133206456,0.1001882611513182,0.4054472200780995,Reject,"Gender, Age, ProgVar",1.3728222177049563,0.2124461133206456,0.05885128482326789,0.3742030236023052,Reject,1.2516312470922595,Reject,Accept,0.8221184296364131
0.5069435942056344,0.9040821648965033,0.38650626291941964,0.21660010615650277,0.6318139920337629,Reject,"Gender, Age, ProgVar",1.485131298659595,0.38650626291941964,0.1764871884330952,0.5931825524850316,Reject,1.6599674010417527,Reject,Accept,0.2804165581217249
0.5563419350247655,0.8432189789662883,0.17469494796577592,-8.871551277354894e-5,0.37971663522088644,Accept,"Gender, Age, ProgVar",1.9033582607895996,0.17469494796577592,-0.010873576621071447,0.3601429036850169,Accept,1.7981019002020617,Reject,Reject,1.311922355940427
0.6922075491386949,0.8511752370053927,0.17135698627985857,0.04246099142715383,0.3817496654995341,Reject,"Gender, Age, ProgVar",1.2468130965891882,0.17135698627985857,-0.002448226921144686,0.3468930856862511,Accept,1.3871734283885333,Reject,Accept,0.708662215016949
0.4771589579501376,0.8755838016462705,0.27760243901137494,0.0963440283425648,0.45214799946408224,Reject,"Gender, Age, ProgVar",1.3266806820817416,0.27760243901137494,0.10105498400368686,0.4467471125068213,Reject,1.3690907710027453,Reject,Reject,1.3153159847453868
0.5999945785627,0.9157605267602017,0.18420394292290393,0.069175036761001,0.34986863526458856,Reject,"Gender, Age, ProgVar",1.433503631328445,0.18420394292290393,0.05047427828185004,0.3254408848703711,Reject,1.6208742556872588,Reject,Accept,1.1379673092510287
0.5747120458262608,0.8671811368661823,0.2354134533624601,0.10077113485881475,0.37202233641685545,Reject,"Gender, Age, ProgVar",1.5285522493076622,0.2354134533624601,0.10342171590523806,0.3780978061916884,Reject,1.5764502001989578,Reject,Accept,0.947431235479884
0.6182688905891686,0.878289244766832,0.25110862579252435,0.0781863209897474,0.4264412781895227,Reject,"Gender, Age, ProgVar",1.5674343495044647,0.25110862579252435,0.08166015504616855,0.41469465763759633,Reject,1.299714223775216,Reject,Accept,1.1947314162848461
0.7623945981863435,0.8455148040548484,0.19693620671613987,-0.00211152103545352,0.32314753267546237,Accept,"Gender, Age, ProgVar",1.3401248918994944,0.19693620671613987,0.0367632402555602,0.3554422305699984,Reject,1.3049676597369855,Reject,Accept,0.678136377017496
0.9319418087700664,0.9821781446517251,0.17280694782448058,0.0445971215763374,0.34753147378478116,Reject,"Gender, Age, ProgVar",1.5663970453789846,0.17280694782448058,0.019109258922954425,0.3298703768527071,Reject,1.578724939232024,Reject,Accept,0.6580308295852897
0.43565558471324767,0.6945516199443403,0.5264795639378851,0.3782382670854353,0.7037615606764289,Reject,"Gender, Age, ProgVar",2.0339058809752957,0.5264795639378851,0.37051442428460907,0.6807760756490278,Reject,1.805968427133404,Reject,Reject,1.2628298669254554
0.8104621257879043,0.9347620697618004,0.18730283265206368,8.265064475767026e-4,0.3507062694578918,Reject,"Gender, Age, ProgVar",1.5002552801081566,0.18730283265206368,0.022575545510616662,0.36039438073032604,Reject,1.5889925149849131,Reject,Reject,1.2132210305335893
0.8848573400255824,0.8285096333469053,0.19932120923372276,0.07591861352767106,0.3172914808762146,Reject,"Gender, Age, ProgVar",1.7016748273097269,0.19932120923372276,0.06928543003790996,0.3285700011840253,Reject,1.4807438936944224,Reject,Accept,0.6432744568248863
0.871345802963167,0.93247662919696,0.17885174919631794,-0.002989357575472043,0.2945605230440021,Accept,"Gender, Age, ProgVar",1.1895842665219267,0.17885174919631794,0.02784280197559115,0.3369176163683581,Reject,1.2653101737707613,Reject,Accept,0.9066207486696332
0.730578693732862,0.8824602228769672,0.20722042465999088,0.06562920600008429,0.3609153474195171,Reject,"Gender, Age, ProgVar",1.4561979353576717,0.20722042465999088,0.06136850369280312,0.3564154495207577,Reject,1.5518771530405158,Reject,Accept,0.23364539876278514
0.6465945284497766,0.8633975540313179,0.2765044385511421,0.13645323583661226,0.49160012551887367,Reject,"Gender, Age, ProgVar",1.4143583557154276,0.2765044385511421,0.08515629648207633,0.46631168585118515,Reject,1.5040464378467409,Reject,Accept,0.8078070636963512
0.7356838523475469,0.7636164801125876,0.2737800690305528,0.11809124551824011,0.42400113408855006,Reject,"Gender, Age, ProgVar",1.3181371712145669,0.2737800690305528,0.11045858448602289,0.4267478806813777,Reject,1.3910684967320353,Reject,Reject,1.5320770990411345
1.1437882326296058,0.9791296555703648,0.046039558880050034,-0.0997957973049471,0.2399162401557915,Accept,"Gender, Age, ProgVar",1.9699251505616755,0.046039558880050034,-0.12298351865214883,0.2046901239381773,Accept,1.735730906307213,Reject,Accept,0.5099301051707982
0.5751514240424638,0.7933412827509788,0.3216647602548967,0.1665424739153456,0.4810662252270719,Reject,"Gender, Age, ProgVar",1.4861780597877643,0.3216647602548967,0.1610995124354004,0.47073207168722736,Reject,1.4745580612413018,Reject,Reject,1.2984421840195872
0.6715863411915249,0.828832433746085,0.41383569860069447,0.20768921083102848,0.5479893164228323,Reject,"Gender, Age, ProgVar",1.8436271663366046,0.41383569860069447,0.23284224651204777,0.58548091293298,Reject,1.6926661241986127,Reject,Reject,1.466007142555666
0.8780564320258486,0.8244322406824619,0.29754981678453024,0.2011800561204996,0.4415738125206309,Reject,"Gender, Age, ProgVar",1.3857727957647514,0.29754981678453024,0.17907228406571957,0.41910197572716423,Reject,1.5561679995055102,Reject,Accept,0.9825773529113736
0.7461335358046705,0.8464748690654585,0.22729193192089114,0.0683639145624743,0.35770089371334424,Reject,"Gender, Age, ProgVar",1.509764973990292,0.22729193192089114,0.07868656274193249,0.3755641671802085,Reject,1.4220928811480058,Reject,Accept,0.4376112687973323
0.7839978052598374,0.8954401181356824,0.2330911660316346,0.01991881753200115,0.34360332828350504,Reject,"Gender, Age, ProgVar",1.7286835052106446,0.2330911660316346,0.0779692002316829,0.39562588589970793,Reject,1.5680645790837542,Reject,Reject,1.2346668561806402
0.6520941814936859,0.8497020379913776,0.44878946363407823,0.28899360881000596,0.6160560787791709,Reject,"Gender, Age, ProgVar",1.3134647609887915,0.44878946363407823,0.28575177627258125,0.6144982456020401,Reject,1.4097073282073682,Reject,Accept,0.2764613840167027
0.8793242087392535,0.8464403526851764,0.1558440454762317,-0.010775743970337755,0.34629772296655636,Accept,"Gender, Age, ProgVar",1.5884225169109216,0.1558440454762317,-0.01687783991068281,0.34160551812949397,Accept,1.473329817945218,Reject,Accept,1.0786373182236821
