Beta_Trt,Beta_Risk,Beta_intx,Lower.CI,Upper.CI,rejection.Risk,SSVS_results,Prediction_Error,Beta_intx_Noise,Lower.CI_Noise,Upper.CI_Noise,rejection.Risk_Noise,Prediction_Error_Noise,rejection.interaction,rejection.SDIR,SDIR
0.8803064774189588,0.9413349306477271,0.16969371276307205,0.04784597859713193,0.46878663561592593,Reject,"Gender, Age, ProgVar",1.8609280959804757,0.16969371276307205,-0.046733890281876425,0.38186041763292483,Accept,1.5408148394186372,Accept,Accept,1.319189275908467
0.6593823085397565,0.981785492238012,0.2549199040758116,-0.14456914259542702,0.7023033122368001,Accept,"Age, ProgVar",0.9438425199291308,0.2549199040758116,-0.0870417980919235,0.6055247265896168,Accept,1.1576462586268836,Accept,Accept,0.9341154664468293
0.7332382769519694,0.8603226247219211,0.2609444970107485,0.033000978127298256,0.49356387824431586,Reject,"Gender, Age, ProgVar",1.8147577882150019,0.2609444970107485,0.04510425148999381,0.4932237710332168,Reject,1.6979449294248965,Reject,Accept,0.6941007949509188
0.8649745733217534,0.9719922428742795,-0.1032253995935028,-0.3264282677855538,0.26754756180756045,Accept,"Age, ProgVar",1.3466914022908716,-0.1032253995935028,-0.3481259403381216,0.13543011192626186,Accept,1.3134957359650974,Accept,Accept,0.7838135621659089
0.8910340891675694,0.918419792146759,0.2708239974844028,-0.07247079997484192,0.5138627473386103,Accept,"Age, ProgVar",1.5972175763936078,0.2708239974844028,0.01271501834577344,0.5302718023658137,Reject,1.5174652626967904,Reject,Accept,0.3509334981611389
0.6175151759914004,0.7892611685332401,0.26936383527288943,0.0422121567048615,0.48646036326812064,Reject,"Gender, Age, ProgVar",1.215028085390424,0.26936383527288943,0.043784913644857565,0.4973371833410126,Reject,1.1045360715103465,Reject,Accept,0.7471931515362286
0.9006568611390603,0.8945761943857514,0.09572703224015881,-0.1539446257476943,0.2685430940991132,Accept,"Gender, Age, ProgVar",1.5291039857281843,0.09572703224015881,-0.1094486567924579,0.2992825383537868,Accept,1.638740345046425,Accept,Accept,0.7708890392016787
0.5531312455484504,0.864206357996623,0.1881082559906985,-0.016082708928710603,0.4151346007620853,Accept,"Gender, Age, ProgVar",1.6240576964427462,0.1881082559906985,-0.019752499959509034,0.3883915427798645,Accept,1.594395091516423,Reject,Accept,0.8161381041029444
0.5441893171419652,0.9201501155676025,0.027968741926306637,-0.15681723457755792,0.3304170607161328,Accept,"Gender, Age, ProgVar",0.876922800066567,0.027968741926306637,-0.20141920943166092,0.25611510182412234,Accept,1.1060618776388786,Accept,Accept,0.6141120345948431
0.5456992126989965,0.931186454626397,0.08293206855139222,-0.13573714110464463,0.33379938769654,Accept,"Gender, Age, ProgVar",1.50532425115591,0.08293206855139222,-0.1544520650578527,0.3292557888907939,Accept,1.4032287324116952,Accept,Reject,1.514347303746196
0.575018710617314,0.868173592133136,0.27609705491714054,0.061851657488527834,0.5176816848753616,Reject,"Gender, Age, ProgVar",1.613025290990588,0.27609705491714054,0.05707431809214432,0.4919504397562419,Reject,1.6087218265496688,Reject,Accept,0.7133853836588944
0.8342527769205054,0.8879339235353009,0.18294856565253267,-0.08899884640748393,0.4372959307738613,Accept,"Gender, Age, ProgVar",1.6200349933349572,0.18294856565253267,-0.07364205020509501,0.4293686016445901,Accept,1.617221178451326,Accept,Accept,0.8483169432866613
0.5862609175487031,0.7685396315978127,0.24913493367891543,-0.10632199084604652,0.7362946996457443,Accept,"Age, ProgVar",1.8001346915396257,0.24913493367891543,-0.16224465222055265,0.6236775784531499,Accept,1.934672659926547,Accept,Accept,0.9493258850772545
0.7063806651667489,0.9078194693462391,0.13412524473712686,-0.07530060035131139,0.3685188942656675,Accept,"Gender, Age, ProgVar",1.5002935731810862,0.13412524473712686,-0.08005105300991744,0.35260773268745277,Accept,1.415098779774852,Accept,Accept,0.9246723652919767
0.6161211509621954,0.8945340203346873,0.2239761377430268,-0.05602209484015257,0.5183185945454821,Accept,"Gender, Age, ProgVar",1.5446532985632053,0.2239761377430268,-0.05562486655706753,0.5002963187761955,Accept,1.401968066301404,Accept,Accept,0.8592730211322598
0.8922829413419708,0.9797783014236867,0.2549653897128053,-0.011513745874784306,0.5334249749416694,Accept,"Age, ProgVar",1.4608399096663793,0.2549653897128053,0.0037076119121502993,0.5119673257703664,Reject,1.1683832041030926,Reject,Accept,0.4626483718841163
0.8021231561069802,0.9335891194067253,0.06396716389780298,-0.1655005906834907,0.2452903308883721,Accept,"Gender, Age, ProgVar",1.775517256947205,0.06396716389780298,-0.11339165702836262,0.24222258819886183,Accept,1.4425373289612557,Accept,Accept,0.769060414319432
0.5474301706385588,0.966923146020173,0.16728240997232963,-0.055786335771852824,0.39410370983799065,Accept,"Gender, Age, ProgVar",1.3244392950704584,0.16728240997232963,-0.053239794348139836,0.386702874804204,Accept,1.697398804778289,Reject,Accept,0.9220315197787077
0.8465710612128101,0.9708172274810197,0.10033707657330772,-0.17936678227112446,0.3015322841489104,Accept,"Gender, Age, ProgVar",1.4160762680621928,0.10033707657330772,-0.12608321217469257,0.3379473234264032,Accept,1.6471428416010816,Accept,Accept,1.1492662311107589
1.1942420598166894,0.9749151562311534,0.14267085608917465,-0.16317521173146332,0.30711523230973037,Accept,"Gender, Age, ProgVar",1.918170375696168,0.14267085608917465,-0.08269689259123966,0.35706929707030455,Accept,1.625073551657826,Accept,Accept,0.6889973941347861
0.7853409442031137,0.8354242156517723,0.19791118745129957,-0.11177290862991127,0.4262259758639342,Accept,"Gender, Age, ProgVar",1.7277668370637247,0.19791118745129957,-0.04033869862695126,0.45700119234587716,Accept,1.9830615368222708,Accept,Accept,1.2229116383114147
0.660980796255754,0.8837192848341151,0.19266641133877058,-0.0546316514892243,0.4153679638333518,Accept,"Gender, Age, ProgVar",1.232528393888173,0.19266641133877058,-0.041199674691757227,0.421410518940484,Accept,1.1973188774116914,Accept,Accept,0.5950905897933179
0.6814836371368741,0.8553917553578122,0.2773705238721237,0.07965899560141447,0.4556135341365112,Reject,"Gender, Age, ProgVar",1.7953945893108978,0.2773705238721237,0.08770473512713696,0.45594405057402787,Reject,1.8615081628376478,Reject,Accept,0.34928907594079306
1.3945408723296717,1.1151844744948278,0.037991257380611335,-0.34855849362682323,0.13080399760291148,Accept,"Age, ProgVar",1.3896761423448871,0.037991257380611335,-0.16482074795793383,0.24365854178857824,Accept,1.1884342992104047,Accept,Accept,0.6113076374800721
0.8805452431615154,0.9972313110879749,0.10904875809901624,-0.13963537311692686,0.3617880198165268,Accept,"Gender, Age, ProgVar",1.6453640352195353,0.10904875809901624,-0.13153372160539592,0.33621532520538666,Accept,1.4058582535162754,Accept,Accept,0.913505750486697
0.5629960507870396,0.8655213359204482,0.1301522164145241,-0.09946912811027656,0.5530385231667301,Accept,"Age, ProgVar",1.8593808570508568,0.1301522164145241,-0.14983411565275076,0.4086063949465368,Accept,1.4996504059730333,Accept,Accept,0.47170906710156674
0.8243641448960536,0.8975667699202993,0.02359788558170707,-0.07758296810808679,0.2946962448929161,Accept,"Gender, Age, ProgVar",1.0940772552536537,0.02359788558170707,-0.17547915853421503,0.20487030723684624,Accept,1.165606628462734,Accept,Accept,1.093228615561556
0.6693822699851606,0.8566025850531402,0.2053194331626064,-0.049627172643586376,0.37677781537414395,Accept,"Gender, Age, ProgVar",1.5181679678344022,0.2053194331626064,-0.006958223703977071,0.42762381558829043,Accept,1.28282294993462,Reject,Reject,1.7717522946425515
0.9301040813472629,0.9643589494183636,0.07680170872284292,-0.11700191647442255,0.35544917511281626,Accept,"Gender, Age, ProgVar",1.4746618692434321,0.07680170872284292,-0.17025620876096081,0.3159437692071321,Accept,1.5731878230147842,Accept,Accept,0.9839681314200085
0.8517649301280519,0.8996954254812577,0.012741368539446388,-0.1386885092052123,0.30530157250755285,Accept,"Gender, Age, ProgVar",1.143603421743868,0.012741368539446388,-0.2055446798213435,0.2250255411169028,Accept,1.2943364058931175,Accept,Accept,0.40350528776823213
0.7243882747783503,0.8891030732824654,0.11960001148060372,-0.086422877241759,0.34999858266394746,Accept,"Gender, Age, ProgVar",1.7295651753605747,0.11960001148060372,-0.09052691193098962,0.33567728155181153,Accept,2.0802648683870157,Accept,Accept,0.9104536188108824
0.5233267348880809,0.8173122525437525,0.27141033902029144,0.053636967245951454,0.48643133902336655,Reject,"Gender, Age, ProgVar",1.5510355466428387,0.27141033902029144,0.05915138292505212,0.4971152838566523,Reject,1.4774199416113143,Reject,Accept,0.9609925308092337
0.8714985178809922,0.9979735968244703,0.11355852735124956,-0.022907946140906493,0.528781157155591,Accept,"Gender, Age, ProgVar",1.8305028782546584,0.11355852735124956,-0.19334750224706546,0.4053227123259171,Accept,1.7110738756873158,Reject,Accept,0.794717841370687
1.1651832492955931,1.086048650618451,-0.14562539253036957,-0.3743215023618585,0.130333230023954,Accept,"Gender, Age, ProgVar",1.2787039949212065,-0.14562539253036957,-0.3987747907550847,0.08077854187764237,Accept,1.3378584847491282,Accept,Accept,0.5225559463550691
0.6290380680946529,0.863732737411894,0.20738981322483102,-0.03091787240536112,0.46152312096656395,Accept,"Gender, Age, ProgVar",1.2039820154993626,0.20738981322483102,-0.049903826406869425,0.4598049805326375,Accept,1.1868994286344587,Reject,Accept,0.416285803680801
0.8710724754037981,0.9636419251451025,0.16049764152349116,-0.14014299308198463,0.36577791492861467,Accept,"Age, ProgVar",1.3378341824334705,0.16049764152349116,-0.08007294644577782,0.396887801912134,Accept,1.567042727513853,Reject,Accept,0.2859366059998256
0.47700492857094545,0.8600902008025079,0.17083787382719065,-0.046187229543921016,0.4598177853722644,Accept,"Age, ProgVar",1.7564280654765456,0.17083787382719065,-0.02355668924758484,0.36615242357029,Accept,1.615059237934971,Accept,Accept,0.5776569228609598
0.7942410710233179,1.0152550434436227,0.1312645698169801,-0.11871542083606713,0.39473257580492344,Accept,"Gender, Age, ProgVar",1.1516862300322182,0.1312645698169801,-0.12570331451216313,0.37094029243565274,Accept,1.5229648463071928,Accept,Accept,0.940890485696036
0.8736012314060034,1.0326963807159997,-0.023806066700459937,-0.25052476467246726,0.19757343581297077,Accept,"Gender, Age, ProgVar",1.274619795030878,-0.023806066700459937,-0.23741348639296334,0.2097006706519171,Accept,1.308193019099341,Accept,Accept,1.0788134720685345
0.665721141325269,1.0441724699831727,0.1091669236932913,-0.23035575765709315,0.4856033487602038,Accept,"Gender, Age, ProgVar",1.2585955222740892,0.1091669236932913,-0.24754268364431042,0.4788810437256972,Accept,1.4628928003203827,Reject,Accept,0.9001297638305019
0.5660511226386398,0.9304388072332243,0.10380070061048542,-0.11015835908144214,0.4414391392672502,Accept,"Gender, Age, ProgVar",1.2082047110950045,0.10380070061048542,-0.1518972012158292,0.4059797849223564,Accept,1.342385828518529,Accept,Accept,0.7496718086641847
0.43295545330457685,0.9274095036149024,0.31274116546852665,-0.1913173349597573,0.6013118986968267,Accept,"Age, ProgVar",1.608586257505165,0.31274116546852665,-0.04257840190226253,0.6258086745887752,Accept,1.5362804499153169,Reject,Accept,0.5229245346498925
0.7688780829479556,0.8737278333568673,-0.004650414473764,-0.15464560671880098,0.3436754244147646,Accept,"Gender, Age, ProgVar",0.8013950031687326,-0.004650414473764,-0.2188018974366777,0.21269070570549398,Accept,1.189304175937509,Accept,Accept,1.3310122972687468
0.7083786159624268,0.9501189202977844,0.07276065753566444,-0.21776146249924636,0.3263210181629687,Accept,"Age, ProgVar",1.6752118198599468,0.07276065753566444,-0.16848317547128433,0.3005018793861224,Accept,1.4906390829287304,Reject,Accept,0.6937077555247264
0.9512330550090332,0.8816536903751577,0.19166915476154048,-0.15070162472595489,0.4289670890551539,Accept,"Gender, Age, ProgVar",1.9767541702081224,0.19166915476154048,-0.10177095741793092,0.4831848897614809,Accept,1.7274402129496769,Accept,Accept,0.9886104200130891
0.6124967774007704,0.7953065134996228,0.2637587774536844,-0.003002216883177429,0.5239096226812036,Accept,"Gender, Age, ProgVar",1.0626857861859136,0.2637587774536844,-0.005136871647293539,0.5198305190444136,Accept,1.2795504087361587,Accept,Accept,0.7400528169603499
0.52406021431217,0.858731670784038,0.34995882327834354,0.3040965891681212,0.9594527238190895,Reject,"Age, ProgVar",1.6898793383952622,0.34995882327834354,0.06108829464940159,0.6212134714296195,Reject,1.7433492626459883,Reject,Accept,0.5710021658778273
0.6418174402822866,0.81934359330970985,0.24267983875584664,-0.040479625484786765,0.5068361482464586,Accept,"Gender, Age, ProgVar",1.4282152798693317,0.24267983875584664,-0.025215938305187674,0.5100156592730415,Accept,1.5300460889863885,Reject,Accept,0.6893812172497803
0.8569437975798373,0.8411810906804817,0.13868525706286816,-0.037384391878946974,0.3496689842890686,Accept,"Gender, Age, ProgVar",1.4409459273869984,0.13868525706286816,-0.040930523243084785,0.3218889044241969,Accept,1.6978793184575083,Accept,Accept,0.37214081391569115
0.7564798027457741,0.9379818103179672,0.06214590213807169,-0.16273971813019322,0.33629756245544795,Accept,"Gender, Age, ProgVar",1.5087379826503962,0.06214590213807169,-0.18759729991489796,0.30950443630854246,Accept,1.6921731532114614,Accept,Accept,0.9423245591911524
0.6688656033512307,0.9102760204322117,0.15955882711105918,-0.12589942759323944,0.41912030868691436,Accept,"Gender, Age, ProgVar",1.590928332221714,0.15955882711105918,-0.11735229127191517,0.43161385198128555,Accept,1.6307187995543577,Reject,Accept,0.46109901569353334
0.46967394985337424,0.9446271133189094,0.09473616427008169,-0.07177964851595404,0.43234321698947836,Accept,"Gender, Age, ProgVar",1.2927794851344734,0.09473616427008169,-0.13343991250495893,0.3201688451851195,Accept,1.4796277692566286,Reject,Accept,0.4728572806844562
0.8002809120055128,0.9009229272658814,0.026456785028742796,-0.09643657342781482,0.49578988477616226,Accept,"Age, ProgVar",1.34362334655358,0.026456785028742796,-0.2192820056197536,0.2816110636051019,Accept,1.3879820225762631,Accept,Accept,0.9229058235848372
0.40851898175397494,0.9422742197177809,0.1633958756416612,-0.032978749604663724,0.4006292503523965,Accept,"Gender, Age, ProgVar",1.1867238214034677,0.1633958756416612,-0.04442864151379089,0.3658942337032517,Accept,1.4754214768040967,Accept,Accept,0.18018208420857262
0.9442396275465789,0.9864666934288997,0.026218594842175452,-0.1489590508399115,0.3011670732850095,Accept,"Gender, Age, ProgVar",1.0878600036090518,0.026218594842175452,-0.20495238754244635,0.26394635646217407,Accept,1.154283946803077,Accept,Accept,0.13673263454865114
0.7812164146184626,0.7925969785030438,0.27228443846523054,0.01275689556002723,0.4442140559917053,Reject,"Gender, Age, ProgVar",1.4923130705084942,0.27228443846523054,0.0697138303468966,0.4823101136692799,Reject,1.30267555736718,Accept,Accept,1.0082333976308555
1.26135231815606,1.0489544990343014,-0.010764651883975863,-0.2088250537985237,0.2478859332882397,Accept,"Gender, Age, ProgVar",1.7155403882982534,-0.010764651883975863,-0.2302018259818639,0.21378315710095036,Accept,1.4272868765899647,Accept,Accept,0.6858547805625084
0.9067661014704561,0.9132141352528568,0.03593931944810977,-0.14526768896060643,0.2331393476201038,Accept,"Gender, Age, ProgVar",1.5442585240066098,0.03593931944810977,-0.15926462676533143,0.22759491215530103,Accept,1.6186136440726404,Accept,Accept,0.5516471111959174
0.9644108214157403,0.9417365224437946,-0.008865009438155767,-0.21121003945194616,0.2868970668744961,Accept,"Age, ProgVar",1.058754490075544,-0.008865009438155767,-0.2214056324381075,0.2048769686043031,Accept,1.297623571349929,Accept,Accept,0.6725737826364485
0.581472412188082,0.7883057902491278,0.19365995892344215,-0.03628335968970976,0.4369891083113215,Accept,"Gender, Age, ProgVar",1.244619512854203,0.19365995892344215,-0.042209887627934914,0.42387647021350855,Accept,1.4963354621294647,Reject,Accept,0.6076213048364879
1.3752145697719174,1.0732759661844966,-0.09655763178598331,-0.39143251577796473,0.11234062535795694,Accept,"Gender, Age, ProgVar",1.5179282427377903,-0.09655763178598331,-0.3291650870492599,0.1395234257403033,Accept,1.3982812509050697,Accept,Accept,0.2336188941690538
0.9513561890382074,1.0245830256591861,0.16350028633959085,-0.09539588195496387,0.39047442121375747,Accept,"Age, ProgVar",1.5528925396451083,0.16350028633959085,-0.0288290050811649,0.35178355321209986,Accept,1.6633353371294655,Accept,Accept,0.5068688296149779
0.7478941202178421,0.9370673616584788,0.10666149483927226,-0.1302226802723202,0.380625436507564,Accept,"Gender, Age, ProgVar",1.1267326494128853,0.10666149483927226,-0.1464994596140846,0.35719731271729094,Accept,1.3061167108398002,Accept,Accept,0.5271507445907564
1.027546149081729,1.0756933343498534,-0.05814155390949579,-0.4738428861834091,0.11457582775440991,Accept,"Gender, Age, ProgVar",1.3405418469520876,-0.05814155390949579,-0.342485734503185,0.2187202177404992,Accept,1.650693488113545,Accept,Accept,0.8318203611166336
0.835251814234755,0.8258939612250716,0.19150158596821867,-0.06728593927105966,0.41979822309438103,Accept,"Gender, Age, ProgVar",1.237376694657161,0.19150158596821867,-0.048250951232090944,0.4345723458486352,Accept,1.2559902662657876,Reject,Reject,1.2663679159361299
0.8522882081607307,1.019400181102723,-0.08465600326684604,-0.2314229116856879,0.12840635620179716,Accept,"Gender, Age, ProgVar",1.3186925265969438,-0.08465600326684604,-0.25755553572696166,0.07896484990828077,Accept,1.341556168930039,Accept,Accept,1.3495539925824127
0.6818437682628737,0.8532828573208354,0.22985221020621796,-0.014717147122216792,0.4414719162048789,Accept,"Gender, Age, ProgVar",1.58165368574497,0.22985221020621796,0.013792200091243302,0.43700503282314984,Reject,1.3711224363265735,Accept,Accept,0.6595986350816274
0.8798571410720125,0.8538097406754348,0.15475727521859658,-0.06921642887778251,0.41065085514800276,Accept,"Gender, Age, ProgVar",1.8969616190649645,0.15475727521859658,-0.09359964838609126,0.3935852633311133,Accept,1.8638396908988961,Reject,Accept,1.0176952860958972
0.7560762233700811,0.970613261520709,0.17698576890038772,-0.049265565704766694,0.43462993671640193,Accept,"Gender, Age, ProgVar",1.2718604810129714,0.17698576890038772,-0.0671694826379534,0.4107257062004312,Accept,1.3253533616968005,Accept,Accept,0.5419205676904953
0.5760495554903552,0.8744930843207092,0.23284032776133512,0.044145763390296446,0.4482927237319577,Reject,"Gender, Age, ProgVar",1.3450947310264916,0.23284032776133512,0.03140690794073894,0.4242629443955047,Reject,1.3346463985202357,Accept,Accept,1.2548826019743653
0.886637657327283,1.1138365127687369,-0.0944016115106818,-0.4621243090329198,0.14499101957433178,Accept,"Age, ProgVar",1.549877850889286,-0.0944016115106818,-0.3441975268736955,0.1424232687256883,Accept,1.4352567203696354,Accept,Accept,1.1234102561169113
0.8366301756347486,0.8831344724137017,0.10365432580202322,-0.18373157948576943,0.4101922801148327,Accept,"Age, ProgVar",1.5163475918019071,0.10365432580202322,-0.14353997630561088,0.335077474628048,Accept,1.242999374170575,Accept,Accept,0.9258811600674324
0.9718805970241966,1.0390707845871663,0.01655520828068104,-0.18730617584612233,0.21106134291200968,Accept,"Gender, Age, ProgVar",1.0279482565615936,0.01655520828068104,-0.1575973140050053,0.20268688063466134,Accept,1.306574444927864,Accept,Accept,0.9388875478914354
0.8855406058280659,1.0324076714797132,0.09814441593808722,-0.13344114767878246,0.47011930925252987,Accept,"Gender, Age, ProgVar",1.7680601470175126,0.09814441593808722,-0.19438918287634085,0.3661995153396427,Accept,1.766165741735985,Reject,Accept,1.216486749497772
1.0521726637125683,0.9295216115638633,0.03099340028114854,-0.27368872031889047,0.2822364902875828,Accept,"Gender, Age, ProgVar",1.9732287160285196,0.03099340028114854,-0.23823922465241312,0.2978903827280797,Accept,1.8446488344606502,Accept,Accept,0.758333647562212
0.7803832745432762,0.8586990403055252,0.1508706328162478,-0.0906250363939224,0.37371538463034865,Accept,"Gender, Age, ProgVar",1.101653587839256,0.1508706328162478,-0.08270617122709353,0.40325468438154033,Accept,1.0294296660096,Reject,Reject,1.3586551120639885
0.7259132391891597,0.839614576819225,0.10189664220148835,-0.198666785059597,0.39293374318770563,Accept,"Age, ProgVar",2.2832153623681926,0.10189664220148835,-0.12666903794483209,0.33266117948501034,Accept,1.6847596280649975,Accept,Reject,1.4227520112313168
0.6781836471489119,0.954575833571983,0.038804969604551875,-0.17775507263401708,0.2556067587387949,Accept,"Gender, Age, ProgVar",1.19168020724132,0.038804969604551875,-0.163247842529877,0.25611723556540306,Accept,1.3300351378220625,Reject,Reject,1.527555638241453
1.4190869838704039,1.227865269047115,-0.03803436451265108,-0.4853619769743115,0.13414166195132604,Accept,"Age, ProgVar",1.6566549441740397,-0.03803436451265108,-0.2971251650314731,0.2545526032809562,Accept,1.5385090191318636,Accept,Accept,1.0366357342024068
1.0154624098811653,0.7903789846585105,0.14408967210029341,-0.08894914248704365,0.40812617216882074,Accept,"Age, ProgVar",1.5169208246615726,0.14408967210029341,-0.09381892250835949,0.38197427809341883,Accept,1.407974487045408,Accept,Accept,0.34622386966017826
1.0826948525244855,1.0548494794392194,-0.03732936376505145,-0.1871570502978479,0.22603893373040648,Accept,"Gender, Age, ProgVar",1.1230941300427655,-0.03732936376505145,-0.24393058728271644,0.15026126994652877,Accept,1.0860130444473715,Accept,Accept,0.6556993358570371
0.8563963912813695,0.8652872928059749,0.06726052772001552,-0.06201000432218386,0.22520549722061878,Accept,"Gender, Age, ProgVar",1.4155304297800426,0.06726052772001552,-0.07345290400465339,0.21363393422951224,Accept,1.3133461806917837,Accept,Accept,1.2139950459691484
0.8450128291677279,0.8757931487324397,0.13438520873892212,-0.09747140729342654,0.40478097399884333,Accept,"Gender, Age, ProgVar",1.2071072022131057,0.13438520873892212,-0.11998404225451342,0.38958373807304453,Accept,1.1332005467227924,Accept,Accept,0.4390569626762594
0.3962103218082924,0.7898347019115444,0.30100008227273783,3.962445820118591e-4,0.6336572512100087,Reject,"Age, ProgVar",1.7144432507549765,0.30100008227273783,0.011425126415327502,0.5682216170777235,Reject,1.4191191797895248,Reject,Accept,0.740363784059234
0.657604272938155,0.9562342315182962,0.1127597159127686,-0.21001116162927583,0.4541666933542604,Accept,"Age, ProgVar",1.0158275385757076,0.1127597159127686,-0.1890566219333139,0.4104553399842272,Accept,0.9602063814977977,Accept,Reject,1.3772954704418714
0.803718729707208,0.8481627590738153,0.19255754866721175,0.017197112868045983,0.4412950935006742,Reject,"Gender, Age, ProgVar",1.294292820347109,0.19255754866721175,-0.01730598935019497,0.4082252578838938,Accept,1.3104375138997082,Reject,Accept,0.447584369075066
0.7831586976205014,0.9129328972498404,0.10159111072707197,-0.09564748910461095,0.3705655439754667,Accept,"Gender, Age, ProgVar",1.6666519122581624,0.10159111072707197,-0.15022797475751967,0.33403240651619476,Accept,1.5647236106810198,Accept,Reject,1.4525649958875
0.9601869866571855,0.8284121166819839,0.08598380040812299,-0.08978644818977012,0.38926230669126527,Accept,"Gender, Age, ProgVar",1.9806905773346168,0.08598380040812299,-0.16228661938427513,0.34259850684232696,Accept,1.8079983430686297,Reject,Reject,1.5107081423008426
0.8743978605011271,0.9337974012586399,0.0970203752573215,-0.12514085353955273,0.2773773115505803,Accept,"Gender, Age, ProgVar",1.4673991874206826,0.0970203752573215,-0.1078494556568606,0.3004826580250769,Accept,1.4721407428161901,Accept,Accept,1.0311474566200396
0.6889155832853231,0.9354874421485303,0.25129641906261363,0.022200474776369467,0.554357331380382,Reject,"Gender, Age, ProgVar",1.357742315155957,0.25129641906261363,-0.007842715071788514,0.5386555432253917,Accept,1.2624011763671006,Accept,Accept,1.149227356959907
0.7950244149307181,0.9698046306131265,0.05633735684387705,-0.1380991130486887,0.28076233575813225,Accept,"Gender, Age, ProgVar",1.2785778321947203,0.05633735684387705,-0.16730454596615713,0.2545420973766487,Accept,1.3853979210374059,Reject,Accept,0.28153461405122154
0.7660106154782199,0.8187712180819618,0.32623008155390465,0.056156133809246736,0.4923138169230597,Reject,"Gender, Age, ProgVar",1.219100959540412,0.32623008155390465,0.11607296259901193,0.5314019075319141,Reject,1.2802412754425938,Reject,Accept,0.9812102605587345
0.7795751472148664,0.9010305561102,0.14587974297222295,-0.2217658812212705,0.4191170567679983,Accept,"Age, ProgVar",1.2255588695397193,0.14587974297222295,-0.10423024998849997,0.3898887555186586,Accept,1.1347940256206968,Accept,Accept,0.36078517160564366
0.6205744139500133,0.9036380452128477,0.2562964751859368,0.04308671362946176,0.5461830850943964,Reject,"Gender, Age, ProgVar",1.1617243188397242,0.2562964751859368,-0.008705705617900742,0.5028446279200449,Accept,1.2054309841484985,Reject,Accept,1.0224901653164586
0.7132306046909422,0.9665876981822721,0.09849860533739321,-0.192871573697401,0.3783881760727647,Accept,"Gender, Age, ProgVar",1.102142236511865,0.09849860533739321,-0.16309325165234304,0.3924065079757486,Accept,1.392752178311364,Accept,Accept,0.5380804156210535
0.8568737490774672,1.031982157356462,0.035412179717744054,-0.09192573675933177,0.39133655805696177,Accept,"Gender, Age, ProgVar",1.2149998063819438,0.035412179717744054,-0.20353574738989805,0.2709924651048543,Accept,1.6255159997245945,Accept,Accept,1.302438838908751
0.7687623606404266,0.8540284227118733,0.046577524931980516,-0.14469277014449367,0.4482817014859186,Accept,"Age, ProgVar",1.3959021344833489,0.046577524931980516,-0.21433807875639213,0.3042153815653286,Accept,1.4041293103007622,Accept,Accept,0.723335612895863
0.5061733148258767,0.8627411735966803,0.15801129629229108,-0.0739826032946036,0.40394092331696824,Accept,"Gender, Age, ProgVar",0.9703803620217133,0.15801129629229108,-0.08408932587891997,0.40165759352785835,Accept,0.9152120928700381,Reject,Accept,0.4845999743315849
0.7733875251872937,0.8923438594391278,0.1685084713096577,-0.09087321701766943,0.4315503345850697,Accept,"Gender, Age, ProgVar",1.7192926538533595,0.1685084713096577,-0.10223274357367625,0.4251596665861562,Accept,1.524389974175677,Reject,Accept,1.0323324142610912
0.8436011275332415,0.8881339047869409,0.222154342573534,0.018331983362359,0.5398529170824397,Reject,"Age, ProgVar",1.8172037245204395,0.222154342573534,-0.001311919274892502,0.44284562921106607,Accept,1.9263608977882958,Reject,Accept,0.3006906553507505
1.0085362652790852,0.9869337482758227,-0.0860531827624402,-0.2291356449118184,0.21584051047986758,Accept,"Gender, Age, ProgVar",1.4216939354359468,-0.0860531827624402,-0.30851659012908883,0.12977056007987625,Accept,1.1761525416177678,Accept,Accept,0.8344138352239368
0.9498964876691318,0.9691760951617274,0.1055526042273931,-0.06733665258742362,0.3888790978406624,Accept,"Gender, Age, ProgVar",1.1633868935802079,0.1055526042273931,-0.1403495599905456,0.3308221823272335,Accept,1.2224585233696197,Reject,Accept,0.5503998147080194
0.9123064817512756,0.9991545064862327,0.006498516796722908,-0.25875978483660445,0.3292619117402297,Accept,"Age, ProgVar",1.2949942849151603,0.006498516796722908,-0.265617246075186,0.2718384082174039,Accept,1.4611157171394222,Accept,Accept,0.8940345805331469
0.40235209150555856,1.005338414840758,0.1265894040125359,-0.16132594567092673,0.4584438581562251,Accept,"Age, ProgVar",1.4800732376554324,0.1265894040125359,-0.14051611328704983,0.3752498838300805,Accept,1.554613681637363,Reject,Accept,0.7904954339593662
0.6435612298892518,0.8057539355700848,0.18777196364041113,-0.011531742564575679,0.3962688053699766,Accept,"Gender, Age, ProgVar",1.260423457219742,0.18777196364041113,-0.015754054360514164,0.39563152939397284,Accept,1.3032396716760701,Reject,Accept,0.31942342915851485
0.9124878109726254,0.9149276322423554,0.05364270213907964,-0.10348431020043532,0.42930797047063834,Accept,"Age, ProgVar",1.551359662815108,0.05364270213907964,-0.19884268445037642,0.29240386962293174,Accept,1.366711357326895,Reject,Accept,0.6739314597150967
1.1980335756600935,0.8694201709625271,0.058742349907657566,-0.18219806406914982,0.2763096669149812,Accept,"Gender, Age, ProgVar",2.187676085599916,0.058742349907657566,-0.17665931777534508,0.28437101552527927,Accept,2.3275818327417084,Accept,Accept,0.7363249802589452
0.32783298253116255,0.8927137210143197,0.2053468014314642,0.03540989619288665,0.5248046709357206,Reject,"Gender, Age, ProgVar",1.5848083357283194,0.2053468014314642,-0.046872461796433215,0.4476817502479218,Accept,1.3498389976565466,Reject,Accept,1.0145515360660304
0.6972433945864552,0.8943774286474628,0.25386740929042795,0.012513078921411805,0.4621721025049725,Reject,"Gender, Age, ProgVar",1.6921689223601075,0.25386740929042795,0.03601874524290319,0.4757496553446444,Reject,1.4735777181928302,Accept,Accept,0.6975891228953006
0.8572565731124637,0.9127346341775632,0.11645975645016683,-0.049114246874638653,0.38334439208817567,Accept,"Gender, Age, ProgVar",1.5749501570684816,0.11645975645016683,-0.08731432000903651,0.3134897159436775,Accept,1.0748459771658847,Accept,Accept,0.5131288150329213
0.7371864390233017,0.9463039335947678,0.17921068506184903,-0.24782130282264125,0.48930959319785555,Accept,"Age, ProgVar",1.3335847018477114,0.17921068506184903,-0.10624801903184783,0.4692689312312839,Accept,1.4153756354597113,Accept,Accept,1.086687123673109
1.2378430751865361,1.0169809920518564,0.03556764519347173,-0.424408168524475,0.1534584733671392,Accept,"Age, ProgVar",1.4801130893978063,0.03556764519347173,-0.20818940991177545,0.2672215173273495,Accept,1.476610162317665,Reject,Accept,1.3962225179733982
1.0703015517414785,1.06011679635574,0.11709599035056016,-0.221657747993937,0.39975655420692097,Accept,"Age, ProgVar",1.1686943984868816,0.11709599035056016,-0.16060719767708634,0.3839305123110066,Accept,1.1944379698871643,Accept,Accept,1.0594660409132375
0.6471023320366656,0.8672501552826317,0.20062382052757982,-0.07327264498998307,0.4110305413356027,Accept,"Gender, Age, ProgVar",1.7611888702455536,0.20062382052757982,-0.056900397909718466,0.43274243075848595,Accept,1.2723070055157282,Accept,Accept,1.221429744262124
0.4399496986902159,0.8706191140473578,0.2155848428474564,0.08218318019820134,0.7005105116879982,Reject,"Age, ProgVar",1.612531445844363,0.2155848428474564,-0.049405800063900746,0.4792439415791134,Accept,1.4406095456127495,Accept,Accept,0.8896466094800249
0.6726644314569675,0.8612046014478989,0.13857768930720657,-0.10665010757211826,0.4559373858760394,Accept,"Gender, Age, ProgVar",1.1943338504815089,0.13857768930720657,-0.15779311961937192,0.42360902033161923,Accept,1.4256933207571594,Accept,Accept,1.303175479590211
0.8410328714972983,0.9183786867800585,0.01095616772028259,-0.1969270240182415,0.40188676400893997,Accept,"Gender, Age, ProgVar",1.1867336472778618,0.01095616772028259,-0.2954447311347098,0.2949532873820202,Accept,1.19151356597978,Reject,Accept,0.1943177904516255
0.7520938723408074,0.9237226463338809,0.0874034566617824,-0.08665367779789478,0.3590080636968278,Accept,"Gender, Age, ProgVar",1.0617524353564056,0.0874034566617824,-0.14119985627299322,0.2955536249017586,Accept,1.3217175113305322,Accept,Accept,1.4355552577021606
0.8032968692902118,0.93550063725783,-0.06767126773274268,-0.21411046655859053,0.1792246391996741,Accept,"Gender, Age, ProgVar",1.3840249050088063,-0.06767126773274268,-0.2634059407438857,0.10971411089903699,Accept,1.5158723225942643,Accept,Accept,0.4038667358726149
1.0588349764885325,1.1147044667819561,-0.1565245218649293,-0.3454004388800558,0.09878411345873898,Accept,"Gender, Age, ProgVar",1.789215307171828,-0.1565245218649293,-0.3770571363930773,0.054564372259988135,Accept,1.5673327120481926,Accept,Accept,0.4252457224754633
0.8714364002253057,0.8634059119638656,0.13293400850478865,-0.04318883949432334,0.37395105238548476,Accept,"Gender, Age, ProgVar",1.1976489974244116,0.13293400850478865,-0.07878958839905367,0.3477567202721381,Accept,1.1769486433736223,Accept,Accept,0.8920637626316198
0.597003919567578,0.92757074912605,0.14325730996284466,-0.02760216663589142,0.34454755676096377,Accept,"Gender, Age, ProgVar",1.3438894929885636,0.14325730996284466,-0.05392258554184534,0.33082830721157774,Accept,1.575969079062144,Accept,Accept,0.7779162807894404
0.759956066040337,0.800215772802211,0.18795029859261003,-0.057252793177357576,0.41541463863252237,Accept,"Age, ProgVar",1.573421775701473,0.18795029859261003,-0.02756198381389928,0.4282399069186726,Accept,1.7086008531857118,Accept,Accept,1.314926983393319
0.9009879563302489,1.0129340659816408,0.02015724729812456,-0.2414830936700468,0.2275941645086071,Accept,"Gender, Age, ProgVar",1.3032219691328897,0.02015724729812456,-0.2295900466401246,0.2408104202683928,Accept,1.339697052815683,Accept,Accept,0.5250750524467309
0.5199241135069906,0.8460606605929218,0.31372994176474955,0.09547629271548519,0.5794995750174866,Reject,"Gender, Age, ProgVar",1.2213599747149677,0.31372994176474955,0.09972946010840955,0.5432681006678999,Reject,1.3190118717945665,Reject,Accept,1.2806997489339074
1.045089076900128,0.9547416855421293,-0.005807142382748462,-0.1512108740062265,0.18966939487298357,Accept,"Gender, Age, ProgVar",1.1337285518100328,-0.005807142382748462,-0.16732986789814308,0.16128515321217146,Accept,1.4072615942337088,Accept,Accept,1.1979710023225587
1.2197503157150564,1.0743925548008717,-0.07488332097023699,-0.39826842695109077,0.09962819986385965,Accept,"Age, ProgVar",2.0086827112984804,-0.07488332097023699,-0.28699808333150006,0.12409250102570794,Accept,1.4683041358860376,Accept,Accept,0.8618454624368885
0.9183137947503265,0.9032007823291927,0.03444622597089035,-0.1847128813373155,0.2895941306586288,Accept,"Gender, Age, ProgVar",1.276759360996344,0.03444622597089035,-0.19811851611759343,0.27832024091337315,Accept,1.5444523662958503,Accept,Accept,0.8623975763192383
0.64321716248054706,0.7772866408002046,0.1582229679147215,0.09256552794203604,0.5729770688182149,Reject,"Age, ProgVar",1.715771019582663,0.1582229679147215,-0.035556356958068906,0.36641298477063344,Accept,1.5994764122304408,Reject,Reject,2.065742985791029
0.9161852672985116,0.9698444473842177,0.09721172252786014,-0.06987462492370264,0.28508424669471677,Accept,"Gender, Age, ProgVar",1.082479293070501,0.09721172252786014,-0.09023744818197574,0.2740394927956946,Accept,1.1234765884288627,Accept,Accept,1.286529330279483
0.8397234564486236,0.9300271265425755,0.043201296499918676,-0.2363868143473623,0.34161563872099565,Accept,"Gender, Age, ProgVar",1.7007194329946451,0.043201296499918676,-0.23071164009984568,0.31491610220468125,Accept,1.873200296338767,Accept,Accept,1.2462973762265426
1.0395483115841235,0.9427701218722,0.19038597895073192,-0.09970188004504892,0.42192131940958477,Accept,"Gender, Age, ProgVar",1.5941796112536226,0.19038597895073192,-0.05368065640628471,0.4299062268603089,Accept,1.319595084445205,Reject,Accept,0.708378289173062
0.8013653198529104,0.9428107427454008,0.1384888625895374,-0.0823631277530606,0.4175667492516544,Accept,"Gender, Age, ProgVar",1.9446409840858123,0.1384888625895374,-0.10452335850718074,0.39601185045947884,Accept,1.7752673955167588,Accept,Reject,1.5150262818351798
0.9180932956222629,0.9197064735309501,0.03119727494585227,-0.3411002701989836,0.289123500799572,Accept,"Age, ProgVar",1.5489847257171385,0.03119727494585227,-0.21769732778550238,0.2802374222646283,Accept,1.6378083338596658,Accept,Accept,0.48767857638144285
0.5642622063345119,0.8749558709610317,0.17302045376631736,-0.07605042684934137,0.5009344204204009,Accept,"Age, ProgVar",1.958856435348221,0.17302045376631736,-0.07286688601339769,0.4226742895422121,Accept,1.3280547606598632,Accept,Accept,0.9286421522278212
0.8878377585358256,0.8699367715428792,0.014152964345259315,-0.2954449340847902,0.31398702514321947,Accept,"Gender, Age, ProgVar",1.4589829212003484,0.014152964345259315,-0.2909391354129006,0.3043354346919076,Accept,1.462786512617815,Accept,Accept,0.911281854146059
0.7398392696787459,0.8502294224054139,0.23981857218844804,0.014791704789891773,0.5472897850746546,Reject,"Gender, Age, ProgVar",1.4324752999129386,0.23981857218844804,-0.03261330788149243,0.4814835191713889,Accept,1.462711218782612,Accept,Accept,0.6279455203126135
0.819024809262143,0.8567151558631227,0.07591252078559768,-0.11691824307950169,0.3539795072211953,Accept,"Gender, Age, ProgVar",1.2340159659051972,0.07591252078559768,-0.17043732762087158,0.30665675311187074,Accept,1.289714070325867,Accept,Reject,1.4999062113649781
0.7108575461431161,0.8663484769639129,0.1789473237081173,-0.051256279678898016,0.4086607711864556,Accept,"Gender, Age, ProgVar",1.7157021981108513,0.1789473237081173,-0.04414098018422811,0.39867130531471207,Accept,1.5756927867748127,Reject,Reject,1.5447063082622303
0.9946283212498689,0.9745874023042769,-0.029625817071923074,-0.3588269582874335,0.2363518196163911,Accept,"Age, ProgVar",1.5078249187897586,-0.029625817071923074,-0.2429206034777336,0.19700713600040154,Accept,1.3304769216436418,Accept,Accept,1.026689228033393
0.692689189730728,0.7423107484721562,0.41838950641359635,0.10914032045696387,0.6067812361667109,Reject,"Gender, Age, ProgVar",1.7668456625828455,0.41838950641359635,0.17505914449577079,0.6596103927751944,Reject,1.5131174332931798,Reject,Accept,0.37871554984734346
0.3504750961822737,0.7016894479759161,0.4995535723630462,0.2864786956383019,0.7704596675826423,Reject,"Gender, Age, ProgVar",1.5969339614283502,0.4995535723630462,0.24790855676016021,0.7501316144396377,Reject,1.6649308182153442,Reject,Reject,1.5426115512134866
1.1761880675281446,1.0511649497792588,1.9151837703881058e-4,-0.2675088363575236,0.19067987550751214,Accept,"Gender, Age, ProgVar",1.29540335194474,1.9151837703881058e-4,-0.2234059130158212,0.23884053017154552,Accept,1.3771317948944966,Accept,Accept,1.261882615529281
0.9870612134614078,1.0132225433596882,0.0835732898594612,-0.15516331847043635,0.27946731362874216,Accept,"Gender, Age, ProgVar",1.3943622960766897,0.0835732898594612,-0.1457949006495921,0.30182022925038327,Accept,1.5651071502608276,Accept,Accept,0.7240839109397131
0.5431365056201743,0.928609189132804,0.18824346674431577,-0.02720031925897092,0.4637405882292548,Accept,"Gender, Age, ProgVar",1.6767543825950186,0.18824346674431577,-0.06579929100606191,0.4364783501957084,Accept,1.709229049190139,Reject,Accept,0.11063390568497702
0.6359502307675412,0.8393114666075387,0.24317357499699174,0.0017105497097395419,0.4435672698095771,Reject,"Gender, Age, ProgVar",1.6550285248691794,0.24317357499699174,0.023387916567080613,0.4586474153296516,Reject,1.5504288931577062,Reject,Accept,0.4196052532008334
1.0334669461678605,0.8656133981097361,0.04001280593739829,-0.12895029567948255,0.3814944660422295,Accept,"Gender, Age, ProgVar",2.298349503054948,0.04001280593739829,-0.2151339655415686,0.29064137023914405,Accept,1.7788784917822733,Reject,Accept,0.9297069499917912
1.024251730585578,0.9774729655956732,0.10814969961643428,-0.09519519636697213,0.32732096219092643,Accept,"Gender, Age, ProgVar",1.588071829146566,0.10814969961643428,-0.10318021428242069,0.3205167564758428,Accept,1.623171292641945,Accept,Accept,1.244189703098188
0.6878738742001603,0.7857261575554115,0.33404644161242436,0.05163887111451518,0.548278858840045,Reject,"Gender, Age, ProgVar",1.080052578852275,0.33404644161242436,0.10020686282557265,0.5682829410313164,Reject,1.2136153551726507,Reject,Accept,0.9924843497172741
0.8243101694173963,1.0040210723427798,-0.017398736781854187,-0.2321492538797884,0.19442197919211024,Accept,"Gender, Age, ProgVar",1.5144618629031503,-0.017398736781854187,-0.23431210063497543,0.19489491468035416,Accept,1.5493924377656934,Accept,Accept,1.178157519552688
0.7270513680887729,0.9105796573922645,0.20537868277329815,-0.0414918249946129,0.5260982878515653,Accept,"Age, ProgVar",1.5491531547610922,0.20537868277329815,-0.013061187803513181,0.41771289425698643,Accept,1.3058202645868675,Accept,Accept,0.6344429539504246
0.7203211649491996,0.9638568843702698,0.017842935520949517,-0.19171062444380468,0.3736315425744351,Accept,"Gender, Age, ProgVar",1.4959009446893705,0.017842935520949517,-0.2746191045966062,0.3028910629432703,Accept,1.2673008841096753,Accept,Accept,0.9681044685472678
0.9340773460799964,0.7535688655469401,0.21710758701345342,-0.02683604302541051,0.45401620092312467,Accept,"Gender, Age, ProgVar",1.718397935117859,0.21710758701345342,-0.027145815151670978,0.45548034209162214,Accept,1.5355250513782561,Reject,Reject,1.3773700020887314
1.121577795940007,0.9094773595473732,0.08905555030404373,-0.19354082954053042,0.2822111369093787,Accept,"Age, ProgVar",2.1980088343252406,0.08905555030404373,-0.12025715706295503,0.28865476579490656,Accept,1.6621195944293703,Accept,Accept,1.287964893927102
0.6312218314972524,0.9722147525384339,0.1541614492761392,-0.1453272839649946,0.4241260127329729,Accept,"Gender, Age, ProgVar",1.3475888411939974,0.1541614492761392,-0.12253484406195764,0.44945511431155394,Accept,1.4852790427356692,Reject,Accept,0.4090875410605697
0.8753338270507299,1.0234736522501588,0.16788071146749547,-0.2728570227379508,0.4579652429021672,Accept,"Gender, Age, ProgVar",1.0421437350816514,0.16788071146749547,-0.19221119708710582,0.54582235110581,Accept,1.2341297300641338,Reject,Accept,1.005043160124997
0.653719448807567,0.8754742469991563,0.09460397500903409,-0.10409149785694807,0.5074464136310644,Accept,"Age, ProgVar",1.5193447673106024,0.09460397500903409,-0.18135220999059565,0.3541082653813907,Accept,1.684633511422116,Accept,Accept,0.9266722364132273
0.6238470432981468,0.9215441343469949,0.09038903523418391,-0.11560751778706337,0.4673253699584121,Accept,"Age, ProgVar",1.118344888101835,0.09038903523418391,-0.17306110859858162,0.33720127816995493,Accept,1.3674788130637174,Accept,Accept,1.273008174809424
0.7851554715014191,0.9508580403570047,0.10669073980706271,-0.10620244347671454,0.3036196050711485,Accept,"Gender, Age, ProgVar",1.195835040263694,0.10669073980706271,-0.11184489662095073,0.31526056080295034,Accept,1.1630543028079718,Accept,Accept,0.8183981443829376
1.2520347696721494,0.8993209860380355,-0.033488801363481854,-0.18635365631639947,0.16238718496095023,Accept,"Gender, Age, ProgVar",1.2638188868245812,-0.033488801363481854,-0.21903568691592062,0.14612266878447044,Accept,1.299365917795575,Accept,Accept,0.7393226762157609
0.43420923001235917,0.8249778538479976,0.15031136800552894,0.054123036758086496,0.7016913454953689,Reject,"Age, ProgVar",1.335865323875292,0.15031136800552894,-0.11171554232387937,0.4220731627761434,Accept,1.0893176819168393,Reject,Accept,0.5373578664866419
0.8204544510882625,1.0296749390165507,0.08276638741988043,-0.23520324906944334,0.36959866157163657,Accept,"Gender, Age, ProgVar",1.341274422053672,0.08276638741988043,-0.22257782835722684,0.38768937257029235,Accept,1.32324775883792,Accept,Accept,0.7908566347952504
1.0332187818947456,1.0653644988897653,0.06509179378181115,-0.2077593785912652,0.3412030387624505,Accept,"Gender, Age, ProgVar",1.2138914924798434,0.06509179378181115,-0.21953553119941238,0.3511853953028694,Accept,1.1759590908874211,Accept,Accept,0.5295377395832783
0.5485360027883994,0.8868166153778403,0.31675374599375045,0.017096522696312982,0.5714535814806798,Reject,"Gender, Age, ProgVar",1.7078211761008155,0.31675374599375045,0.044181345313039876,0.5797171753154882,Reject,1.2841097142479112,Reject,Accept,0.36205047107801047
0.7918863616229357,0.9323154903653617,0.22973080917923092,-0.08189510124071969,0.4631010583598644,Accept,"Gender, Age, ProgVar",1.9913058903092797,0.22973080917923092,-0.06526558159470461,0.49948405096746556,Accept,1.634113040035872,Reject,Accept,1.0940082088435505
0.5306828475967552,0.9538684827586428,0.22567167287279752,-0.0852356257277807,0.6207096750018842,Accept,"Gender, Age, ProgVar",1.0147012702197202,0.22567167287279752,-0.13566030676387994,0.5617216385708004,Accept,1.178163772983971,Reject,Accept,0.19777898986805006
0.9104020680090952,1.003728662934981,0.020336155440820174,-0.2278339998763288,0.21123480455922977,Accept,"Gender, Age, ProgVar",1.4972875140557407,0.020336155440820174,-0.20241450711711798,0.22233565695309104,Accept,1.4991662535511636,Accept,Accept,0.2084324107544781
1.3105211391370568,0.8424583356327878,-0.022607707678774375,-0.23816907705674978,0.2416667553159285,Accept,"Age, ProgVar",1.332566984587016,-0.022607707678774375,-0.2405323297604997,0.18569937985837928,Accept,1.5980275473854666,Accept,Accept,0.5543314401787733
0.9567393933036205,0.9623130195251698,-0.011505315766319368,-0.229668468194467,0.1650288254389584,Accept,"Gender, Age, ProgVar",1.9263949858729184,-0.011505315766319368,-0.2078794531457735,0.183969156313263,Accept,1.80943750274169,Accept,Accept,0.5289446626777765
1.067867562810739,0.8981265907249876,0.09306585742521642,-0.23668176358921367,0.41701747058380984,Accept,"Gender, Age, ProgVar",1.312033133804927,0.09306585742521642,-0.2195675915269392,0.43535471554940375,Accept,1.3847171141828454,Accept,Accept,0.9578109690006732
0.5962294242720864,0.892153502641835,0.2777551768262762,0.11549821081448669,0.47709328723102506,Reject,"Gender, Age, ProgVar",1.4826882901013427,0.2777551768262762,0.08650906609571726,0.4560008334377329,Reject,1.527937713158714,Accept,Accept,0.4721055209427258
0.9064404188587413,1.1610549430002821,0.10985050189322193,-0.48809678761370684,0.17884496728265376,Accept,"Age, ProgVar",1.7100190130176764,0.10985050189322193,-0.15024432695433337,0.3735000796331992,Accept,1.4532254252891272,Accept,Accept,0.7986671485238352
0.44734561988664456,0.9361545572822122,0.11832663949865946,-0.10161987542866682,0.34443497103329446,Accept,"Gender, Age, ProgVar",0.9450744884435999,0.11832663949865946,-0.10466775731282296,0.33301293969595075,Accept,1.0583460938701625,Accept,Accept,0.9014007008337264
0.8072057541327389,0.9464241280928972,0.13207970408806613,-0.06802573202456716,0.4056740783632233,Accept,"Gender, Age, ProgVar",1.4797080014603372,0.13207970408806613,-0.11330128928537135,0.3623462123631007,Accept,1.5310274121488694,Accept,Accept,0.4628542515212955
0.8061955988242905,1.072423817689905,0.1004144183393662,-0.4031995301661818,0.43136087614586194,Accept,"Gender, Age, ProgVar",1.413269581618136,0.1004144183393662,-0.3020555362811599,0.4991645057578218,Accept,1.3921983835850318,Accept,Accept,0.34114398387381484
0.5338361840047994,0.8145914659823805,0.2881521821774668,0.07496435761512155,0.5005511163024036,Reject,"Gender, Age, ProgVar",1.7307226284386863,0.2881521821774668,0.06274758622884545,0.5126184034731898,Reject,1.2765236575331764,Reject,Reject,1.5652064555524097
0.8941468057631247,0.9533625338572226,0.001344359151034785,-0.2177163985847726,0.33485072307878416,Accept,"Gender, Age, ProgVar",1.2955689277747877,0.001344359151034785,-0.2688179657168579,0.2851863271795959,Accept,1.41772142568063,Accept,Accept,0.9682324309489923
0.4717282660627088,0.8386497909056894,0.16778560856119534,-0.040465904916073145,0.44168875724715084,Accept,"Gender, Age, ProgVar",1.3552839355735806,0.16778560856119534,-0.08036015376088648,0.4087231965648461,Accept,1.5685915140839,Reject,Reject,1.8997779176790803
0.5991667756250406,0.8657171673372086,0.22879047639382225,0.052478504002430426,0.5382479417084657,Reject,"Age, ProgVar",1.5511837531573727,0.22879047639382225,0.0338927272667869,0.4342272361668536,Reject,1.5625142139546682,Reject,Accept,0.8472108129700904
0.7747951001009461,0.841835550533021,0.13564890245573608,-0.04935521362032603,0.5558729876916273,Accept,"Gender, Age, ProgVar",2.127013502096091,0.13564890245573608,-0.15469692013149228,0.4162167244114703,Accept,1.6305960836837465,Accept,Reject,1.3392876203975808
0.5157730231717905,0.8752187115565888,0.26121826770804857,0.0848688984303895,0.44661474833020975,Reject,"Gender, Age, ProgVar",1.5194745055104073,0.26121826770804857,0.08799933289279428,0.4435985138156944,Reject,1.3019280818220076,Reject,Reject,1.5319295186443789
0.8953193185103755,0.8155388765836432,0.1450423114089612,-0.06837677512441644,0.3441578267927091,Accept,"Gender, Age, ProgVar",1.6622026368283784,0.1450423114089612,-0.04364420076118001,0.3376709853205882,Accept,1.5894003702609567,Accept,Accept,0.747947551338896
0.7322463054920639,1.001298055025754,0.14375653277318812,-0.08643843672564402,0.4137972260969482,Accept,"Gender, Age, ProgVar",1.4339244912842068,0.14375653277318812,-0.1058032211357517,0.37608139763341875,Accept,1.5185385654252517,Reject,Accept,1.4635073967202976
0.7973272230662434,0.9094895398597705,0.03705027815656349,-0.1665959732384613,0.30227140735938146,Accept,"Gender, Age, ProgVar",1.2508137075518768,0.03705027815656349,-0.19546776527838655,0.2811121196957086,Accept,1.2402688157849127,Accept,Accept,0.9241799398578279
1.0070342316309784,0.8764538077870336,0.2581861735144186,0.002289494322515337,0.46480376337046375,Reject,"Gender, Age, ProgVar",2.2914732131158986,0.2581861735144186,0.04448822667929343,0.48614236578405756,Reject,2.1850622435295777,Reject,Accept,0.8307588455371532
1.125392134317743,1.0062713507137069,-0.23427750262573913,-0.44628678656145604,0.3426391430828326,Accept,"Age, ProgVar",1.7440691760601457,-0.23427750262573913,-0.5420389834899688,0.07989531624699875,Accept,1.6867471322009897,Accept,Accept,0.519694395305176
0.7503818053394287,0.7970120056888272,0.24437592177955994,0.015898373011745195,0.5497443460785311,Reject,"Age, ProgVar",1.4258830672308664,0.24437592177955994,-0.0015463134996091393,0.4847323400802215,Accept,1.6854107459216414,Reject,Reject,1.4159940434989713
0.6339938476931447,0.8379022699364023,0.25440351200637246,-0.0031697361791712675,0.4676752479148227,Accept,"Gender, Age, ProgVar",0.8755669546773693,0.25440351200637246,0.032959476253111374,0.4941518047932274,Reject,1.0037164790275457,Reject,Accept,0.5892299000466555
1.0357460391234352,1.0673794215012973,-0.008116889176023438,-0.29994170277642873,0.24176885096822803,Accept,"Gender, Age, ProgVar",1.519585696357359,-0.008116889176023438,-0.25553245720934437,0.2590647054580026,Accept,1.6577423908419686,Accept,Accept,0.8133181930178937
0.8945979431304403,1.0428286326237373,0.18463144928590927,-0.20841221570871074,0.3498808162068357,Accept,"Age, ProgVar",1.730299108039874,0.18463144928590927,-0.030771952754228966,0.4020361954788232,Accept,1.4429186822768494,Accept,Accept,1.3202870578533186
1.061461708033495,0.8438637703278167,0.07443210380972363,-0.16950347467849042,0.3490937912494124,Accept,"Gender, Age, ProgVar",1.6951722125652122,0.07443210380972363,-0.17260418586463855,0.3090644703589204,Accept,1.6798621189887413,Accept,Accept,0.5885734251460258
0.7234539866123971,0.8905278193124384,0.1317622679979372,-0.15680313182646288,0.5519649541730705,Accept,"Age, ProgVar",1.5907729870902938,0.1317622679979372,-0.14901464379184787,0.40874219070184403,Accept,1.4099995387558133,Accept,Accept,1.173836955219681
0.13689228961911262,0.7885114598135278,0.31410841002560186,0.06879077047378086,0.8301130652490468,Reject,"Age, ProgVar",1.678294173098491,0.31410841002560186,0.005816161888242409,0.6052800207794311,Reject,1.2934614170537673,Reject,Accept,0.9811005223782665
0.9360390852451748,0.9306957347136325,0.11867642854418084,-0.11245522436609665,0.4188810576125652,Accept,"Age, ProgVar",1.745924344274568,0.11867642854418084,-0.11483785386050788,0.36458340468678513,Accept,1.744328170452093,Accept,Accept,1.2721697363148212
0.7735752299079588,1.0490793713802762,0.038031753358550253,-0.3085038543408621,0.4298449616326791,Accept,"Age, ProgVar",1.7608948614856834,0.038031753358550253,-0.27244654637101373,0.3381602164495243,Accept,1.4487963623868219,Accept,Accept,0.5468473079506855
0.5565234002841217,1.0337546496482324,-0.05088437823481749,-0.36263639251498786,0.6543099959745601,Accept,"Age, ProgVar",1.858501793239066,-0.05088437823481749,-0.48248645942243895,0.34199506358198944,Accept,1.8200353470094928,Accept,Accept,0.6284628462781652
0.8251346142361717,0.9290269730109117,0.08511588243287978,-0.12833701314085863,0.2583516712632018,Accept,"Gender, Age, ProgVar",1.1886621161648003,0.08511588243287978,-0.10044666285189728,0.2820828303666091,Accept,1.0662573694128554,Reject,Accept,0.6170255053058261
0.7559421612767849,0.968621073775234,0.12294957005683678,-0.09911346129351775,0.3395450752008696,Accept,"Gender, Age, ProgVar",1.51998752128527,0.12294957005683678,-0.08880827241650008,0.3324326921130314,Accept,1.3965891438712346,Accept,Accept,0.909927826609337
1.0459923336440053,1.0053203142918172,0.03359271177477394,-0.20189727991942888,0.2097383150410641,Accept,"Gender, Age, ProgVar",1.3340681553623477,0.03359271177477394,-0.15976046251966133,0.2510904445033941,Accept,1.3173326191772066,Accept,Accept,0.6854509951403562
0.7362620954485349,0.857761130361452,0.19903645659234517,0.04039992741698971,0.4510853160418865,Reject,"Gender, Age, ProgVar",1.189512052988513,0.19903645659234517,-0.008765517079433278,0.3979036718459766,Accept,1.2927321957069489,Reject,Accept,0.5413047984417284
0.43460700912511135,0.8919978440940631,0.4021733184428612,-0.13168715932268643,0.7639674076017409,Accept,"Age, ProgVar",1.4262588539195136,0.4021733184428612,0.02235077891431342,0.7834220152985713,Reject,1.425255456761864,Accept,Accept,1.056460577650893
1.0678077521488467,0.8990667987994116,0.1452911753247378,-0.05791808564547571,0.34261316103612516,Accept,"Gender, Age, ProgVar",1.5653741695117305,0.1452911753247378,-0.06947532361810672,0.34955496759964777,Accept,1.4919521318687579,Reject,Accept,0.8991203831715014
0.5675464989669167,0.8528002292288588,0.23152221808319332,-0.019654003645966988,0.3793967720254404,Accept,"Gender, Age, ProgVar",1.109286575112211,0.23152221808319332,0.036850334717687894,0.4158729577082249,Reject,1.3870702270617554,Reject,Reject,1.3422303159993294
0.7599069375770384,0.8589452718520131,0.15183115951336099,-0.06333809373984957,0.40095315999526765,Accept,"Gender, Age, ProgVar",1.4227567006579975,0.15183115951336099,-0.06836159847010953,0.3793855973710351,Accept,1.5001835401156547,Reject,Accept,1.2926168856616156
0.7896589716927762,0.8931567622232703,0.3111713191846736,-0.18347645603410678,0.5262246636903122,Accept,"Gender, Age, ProgVar",1.8434203234349948,0.3111713191846736,-0.012134984403696272,0.67759953042796,Accept,1.4916044435946985,Accept,Reject,1.4288718014923842
1.0537150994981221,0.9921339169050031,-0.09367677906685261,-0.26214786299970894,0.27898670709462514,Accept,"Gender, Age, ProgVar",1.7851338180134393,-0.09367677906685261,-0.3691811774416295,0.17134433953638842,Accept,1.656013025581003,Accept,Accept,0.45368714061688814
0.591559454391923,0.9345589009299342,0.1941683140039335,-0.02435174593327713,0.5011014717271439,Accept,"Age, ProgVar, X2",1.2356422263871059,0.1941683140039335,-0.058411801421923294,0.4330568624263105,Accept,1.2519454565623598,Accept,Accept,0.6298410763595789
1.0910566564030544,0.9384663918574979,0.15020612187421684,-0.033024146559446105,0.35577465085373633,Accept,"Gender, Age, ProgVar",1.6951406035043066,0.15020612187421684,-0.04335180820265113,0.35037999566468847,Accept,1.6225682342144432,Reject,Accept,1.1852002435738251
1.0423698033469158,0.8917582571163252,0.1164569876298874,-0.07727758844373542,0.37132911991886813,Accept,"Gender, Age, ProgVar",1.7474882853576377,0.1164569876298874,-0.11980816426490046,0.3587776953810018,Accept,1.804574937446345,Reject,Accept,1.0366269888971955
0.9514857034029898,0.9941146679201786,0.14854146017890546,-0.04745850119818512,0.3088100655489632,Accept,"Gender, Age, ProgVar",1.3325317343239726,0.14854146017890546,-0.03885136937611068,0.3255861357424735,Accept,1.532995094425391,Reject,Accept,0.6445865374501349
0.4986106765698034,0.9046664293624833,0.19287454594090864,-0.019542455434737344,0.47756245317387686,Accept,"Age, ProgVar",1.6382152577896552,0.19287454594090864,-0.029065895914350062,0.41368530499232514,Accept,1.3636252031022522,Reject,Accept,1.2167336921147969
0.5944479049417066,0.9185102623615916,0.11980909139881549,-0.20233757922716217,0.3056349996013654,Accept,"Age, ProgVar",1.3603321142404179,0.11980909139881549,-0.10141048314064025,0.324204617626775,Accept,1.2177432622136934,Reject,Accept,0.8068024044226033
0.6422052244304518,0.8540980676559558,0.21776551159735308,0.010689859289283753,0.4306540553080496,Reject,"Gender, Age, ProgVar",1.0880204389708794,0.21776551159735308,0.014523739607483292,0.436855861852279,Reject,1.1598158016296245,Reject,Accept,0.9552561901894867
0.6875453613410145,0.8769385711606648,0.21969383457847813,0.016993622509129634,0.4249826688557059,Reject,"Gender, Age, ProgVar",1.4254662977492092,0.21969383457847813,0.02721074146663159,0.42440920184819936,Reject,1.2353069566463928,Reject,Accept,0.5224424714245426
0.8903883489647808,0.9135890116492577,0.0038127847506475615,-0.1530337375050226,0.19394256918202968,Accept,"Gender, Age, ProgVar",1.334636920184128,0.0038127847506475615,-0.15685666023520822,0.18100030505750345,Accept,1.1320447289000675,Accept,Accept,1.34990758951011
0.31817139657166793,0.7605801651849922,0.469147414998965,0.18135663099555677,0.7309897361966775,Reject,"Gender, Age, ProgVar",1.8175972870808552,0.469147414998965,0.19108215807400158,0.7650088977784231,Reject,1.6619606204408002,Reject,Accept,0.663438973579538
1.1097178070708908,0.9871588949279904,0.2676016607640042,-0.2376392712586131,0.3446304787664586,Accept,"Age, ProgVar",1.8298246217166776,0.2676016607640042,-0.00694567170786195,0.516718289014598,Accept,1.492779242402736,Reject,Accept,1.0433887552382608
0.9104427090578491,0.899318330073124,0.1488507250242923,-0.14752766162980496,0.4196760169866305,Accept,"Gender, Age, ProgVar",1.7247005606797843,0.1488507250242923,-0.15129549891112976,0.43264867804583573,Accept,1.6536353409543805,Accept,Accept,0.5262885723224111
0.9298702936695408,0.8880834097902531,0.16333787063330796,-0.008828550668005601,0.3759166635462513,Accept,"Gender, Age, ProgVar",1.5937227093908581,0.16333787063330796,-0.0224686856712715,0.3576961179507399,Accept,1.422439232195558,Reject,Accept,1.0530480610249267
0.801582102550414,0.819736233572742,0.21592688019128414,0.051875616925404044,0.39584972338896013,Reject,"Gender, Age, ProgVar",1.6159224681973274,0.21592688019128414,0.052624082020375974,0.3906190602768275,Reject,1.2961190687876227,Reject,Accept,1.0681354390936895
0.897732893071426,1.040608562090534,0.11521113545941863,-0.38596447294457703,0.48556172112626883,Accept,"Age, ProgVar",1.6719149731061629,0.11521113545941863,-0.21302048652672534,0.4704845659012563,Accept,1.4363538659971804,Accept,Accept,0.13289621958580392
0.6165736388122514,0.9824199652988629,-0.1082467299598407,-0.3875438574054606,0.21782064245331675,Accept,"Gender, Age, ProgVar",1.7199560785709875,-0.1082467299598407,-0.39306090519159514,0.18707763792094959,Accept,1.549435150492866,Accept,Accept,1.1311659378473506
0.5366446207643761,0.9349004665410972,0.13878233792087583,-0.018249582958527626,0.419844458652119,Accept,"Gender, Age, ProgVar",0.7168592843715319,0.13878233792087583,-0.06802858407741799,0.34728599001198907,Accept,0.9805782419689167,Reject,Accept,0.09914566925909801
0.46792314250986977,0.8654193553530459,0.19781898333855652,-0.033739633676091084,0.5377605610494004,Accept,"Gender, Age, ProgVar",2.0320770199389595,0.19781898333855652,-0.11215114905642963,0.5115245984772565,Accept,1.8935197452686514,Accept,Accept,0.6693596477812073
0.9693233669597514,0.9812633452161825,0.17300418284841357,-0.07805010141347171,0.33390930427482157,Accept,"Gender, Age, ProgVar",2.2000599323640735,0.17300418284841357,-0.0333475546280724,0.37472271435827015,Accept,1.87648497668762,Accept,Accept,0.14948749604388023
0.5495250946939986,0.7953626800794242,0.18465415333952523,-0.03529935985880286,0.553925519966521,Accept,"Age, ProgVar",1.7045527212348313,0.18465415333952523,-0.058415436259615566,0.43686296425243604,Accept,1.3580578048608798,Reject,Accept,1.1889407966284284
0.6317694000632057,0.9444745568225326,0.04879740823858027,-0.16962523239878166,0.2570533486704301,Accept,"Gender, Age, ProgVar",1.2487739538768639,0.04879740823858027,-0.17375758354128193,0.25121741484209026,Accept,1.5066614934692049,Accept,Accept,0.3637749532096191
0.586092396850178,0.9029622224332768,0.08656793870174576,-0.11065836354042699,0.3541098172232506,Accept,"Gender, Age, ProgVar",1.0869277217727085,0.08656793870174576,-0.15016428945527566,0.3198149651911594,Accept,1.3349254643149409,Accept,Accept,0.38645670003413596
0.6864048968215684,0.9829565664524679,0.13169116012211443,-0.13933593416782983,0.34201366474886563,Accept,"Gender, Age, ProgVar",0.8719856127388226,0.13169116012211443,-0.11453726719060554,0.37392112468633326,Accept,1.0330513731045012,Accept,Accept,0.3034848855634691
1.0855465884868845,0.9918455245285148,0.14656600327444297,-0.2789405758312765,0.19123960014094782,Accept,"Gender, Age, ProgVar",1.7633193953201078,0.14656600327444297,-0.11546855655302252,0.3933836306084108,Accept,1.6439999182746659,Accept,Accept,0.6879218033395921
0.9204619120729807,0.8886386162089431,0.08010105815643234,-0.2698182716558666,0.3367827456002279,Accept,"Age, ProgVar",1.5415976300565055,0.08010105815643234,-0.18271223129951186,0.3486689724223617,Accept,1.3361513362610453,Accept,Accept,0.6473434130215717
0.6021171583131604,0.8292941752454929,0.36731800701805334,0.03465864554599795,0.6415356276006915,Reject,"Gender, Age, ProgVar",1.206604570690092,0.36731800701805334,0.06609028976648319,0.6512460330421562,Reject,1.2409605535959023,Reject,Accept,0.37629110618581846
0.8223320768596564,0.957035964203409,0.29922674838657987,-0.3207807288240537,0.652638943626325,Accept,"Age, ProgVar",1.6895161193823967,0.29922674838657987,-0.09004828127940115,0.6925968722876752,Accept,1.6570134889018986,Accept,Accept,1.17462660006911
0.893975301298724,0.8263570929740112,0.13670190212387057,-0.051927355252040557,0.41388767590094067,Accept,"Gender, Age, ProgVar",1.3868185256442487,0.13670190212387057,-0.11227888141085217,0.36899423968715295,Accept,1.8192996866256468,Reject,Reject,1.3993303149351313
0.8399935584800214,0.9579142719959026,0.1341030754164861,-0.25939260885320964,0.542572956509814,Accept,"Gender, Age, ProgVar",1.2192330449119873,0.1341030754164861,-0.23001911545040565,0.49767044961533363,Accept,1.3630846108074304,Accept,Reject,1.5606633200859321
0.9969550460407408,0.8314393365971002,0.1518550348654391,-0.14314133434879223,0.35111447726437395,Accept,"Age, ProgVar",1.8552165347650784,0.1518550348654391,-0.04974497202491058,0.34194382045131255,Accept,1.6697385394650135,Accept,Accept,0.8739743817862926
0.692219702745511,0.8276326775873982,0.2549279805365342,0.008611152764967843,0.49756495634070363,Reject,"Gender, Age, ProgVar",1.1002481561384208,0.2549279805365342,0.013459361545692883,0.5135723718345103,Reject,1.2461987487302775,Reject,Accept,1.0289891025836488
0.8984171741853624,0.9727174281919604,0.17092270032036747,-0.05486959674446243,0.3740369536890064,Accept,"Age, ProgVar",1.7188453792250906,0.17092270032036747,2.589916639575418e-4,0.3369182930203883,Reject,1.4439463144960498,Reject,Accept,1.294960003179941
1.016186496264769,0.9215802173306143,0.07296227230365383,-0.17086515470596436,0.3130327990708853,Accept,"Gender, Age, ProgVar",1.2236570557298838,0.07296227230365383,-0.1677143502167228,0.30691421461799817,Accept,1.3007926840446198,Accept,Accept,0.3558375868588555
0.5519722708626386,0.9156280966423628,0.20271328105946718,-0.01486450273444595,0.6022159635088746,Accept,"Age, ProgVar",1.9821290229691693,0.20271328105946718,-0.05226679052963251,0.4564942862216543,Accept,1.729927561431626,Accept,Accept,0.28114603482430256
0.6140895965961152,0.9593303636876028,0.34690974613280756,-0.02973166887301408,0.7054250512485801,Accept,"Age, ProgVar",1.292640876972734,0.34690974613280756,0.031412529416059154,0.6279765641559582,Reject,1.4990973947446902,Reject,Accept,0.9395559231610565
0.5873392457792566,0.8287977120841278,0.14630557222361454,-0.08941280296976441,0.452683315955436,Accept,"Gender, Age, ProgVar",1.6435921454269984,0.14630557222361454,-0.11711647499818836,0.4065534660461507,Accept,1.6191475810668658,Accept,Accept,0.309360810167788
0.769875036383698,0.953568808102877,-0.04760675062263625,-0.2618771503235458,0.16782111459119964,Accept,"Gender, Age, ProgVar",1.6746533503201977,-0.04760675062263625,-0.2460962474159916,0.15374954427463006,Accept,1.3573712885552942,Accept,Accept,1.0023747439717123
0.9038600287152502,0.9168931047690259,0.1836562565520202,-0.01625933910182077,0.35695196933830303,Accept,"Gender, Age, ProgVar",2.135093010154039,0.1836562565520202,-0.0030128247539493447,0.3590707951243438,Accept,1.6545992417927147,Reject,Accept,0.9054455582917246
0.5398100360816211,0.9684977534099577,0.02749308638497449,-0.03951557492005276,0.42567929662216497,Accept,"Age, ProgVar",0.9082206728710218,0.02749308638497449,-0.16943353985057624,0.2217458081122217,Accept,0.9955037705270665,Reject,Accept,0.9281398205558081
0.8262478520657363,0.9600018060217778,0.06085093959051384,-0.14171091063507155,0.31640874402495694,Accept,"Age, ProgVar",1.2875827926863577,0.06085093959051384,-0.13939780392293014,0.2665323657752189,Accept,1.323632847043016,Accept,Accept,0.7041302317020197
0.8450944657623319,0.9354414550280429,0.10524535956100374,-0.08375075862622725,0.3453245302948407,Accept,"Gender, Age, ProgVar",1.5999294556564225,0.10524535956100374,-0.11637028475251096,0.32885867095680277,Accept,1.5424248325367562,Reject,Accept,0.29843980782712803
1.3348372777177264,1.0273429230941518,-0.03066320545082305,-0.28533892343474065,0.18098724319402673,Accept,"Age, ProgVar",1.8644073013076712,-0.03066320545082305,-0.20646500932229883,0.1442794997169722,Accept,1.3954154462243176,Accept,Reject,1.427998231824505
1.0005790855614596,1.0216208039869725,0.08959787184484506,-0.14830962846572882,0.38637247839312616,Accept,"Gender, Age, ProgVar",1.8123842193396942,0.08959787184484506,-0.1568991238402916,0.35660031058861585,Accept,1.505450904116353,Accept,Accept,0.4171141956478133
0.9164382702975843,0.9367754742746526,0.21411507867515037,-0.005159055382860456,0.48707082930229184,Accept,"Gender, Age, ProgVar",1.6332189030773818,0.21411507867515037,-0.02872934134135308,0.45884018414658556,Accept,1.5383858499151981,Accept,Accept,1.0910572148302948
0.40184503936693167,0.8787552572127891,0.17177730376945557,-0.05590792452947006,0.4854311181733781,Accept,"Age, ProgVar",1.0290527335514426,0.17177730376945557,-0.049181237258314664,0.39204641642921423,Accept,1.2688161732887648,Accept,Accept,0.946192064708001
0.2822506828221609,0.8191195929569778,0.2248340978026344,0.13907475342064798,0.84312151698486,Reject,"Age, ProgVar",1.9100426365297098,0.2248340978026344,-0.042043562505556124,0.49889377048270733,Accept,1.3758477675529883,Accept,Accept,1.23890323524266
0.8178109229155585,0.9239276197977714,0.06922677114871349,-0.21136046581192383,0.3119181272844411,Accept,"Gender, Age, ProgVar",1.5463150820643947,0.06922677114871349,-0.18548343070805295,0.33713270887397884,Accept,1.6072100888898546,Accept,Accept,0.779132091026831
0.7880046198141772,0.9770690204702087,0.1312442265379416,-0.11676922442939483,0.3764455230645283,Accept,"Gender, Age, ProgVar",1.2210736042441543,0.1312442265379416,-0.12597225241939616,0.37549532912819805,Accept,1.4014017350285937,Reject,Accept,1.156921681211649
0.8412775462765875,0.9459528873029366,0.04396962277651262,-0.1430615668538567,0.30351206006648934,Accept,"Gender, Age, ProgVar",1.823685126763335,0.04396962277651262,-0.18352808837649448,0.2597115482774594,Accept,1.7100216011844807,Accept,Accept,0.7187481862996979
0.6401916088815957,0.7937658935997556,0.29403025780650105,-0.08124903394887681,0.6088712276942609,Accept,"Age, ProgVar",1.448470094674527,0.29403025780650105,0.025923169806193892,0.5692769460410415,Reject,1.2335443164062259,Accept,Accept,0.058790113083129425
0.7357496185539446,0.8828768470517069,0.119610721536562,-0.14206767544614535,0.43823221178248384,Accept,"Gender, Age, ProgVar",1.3400381257267446,0.119610721536562,-0.14366584547301703,0.41987162828521074,Accept,1.4013997789254455,Reject,Accept,0.8882006257900732
0.9108273353819737,1.060945918927788,-0.05410061833482977,-0.24298874090344877,0.16981049517504346,Accept,"Gender, Age, ProgVar",1.5785955426686313,-0.05410061833482977,-0.2698780069131545,0.1590106309320093,Accept,1.3647944611215073,Accept,Accept,0.1252740039762364
0.6370156890685724,0.9922058653907256,-0.0010501958136359345,-0.31022936034559995,0.3710044918714389,Accept,"Gender, Age, ProgVar",1.311306996664131,-0.0010501958136359345,-0.3165302783734049,0.3515923598124401,Accept,1.5322284251525755,Accept,Accept,0.3013493357855383
0.5731528159662898,0.8980934185129739,0.21469656156617992,-0.11166555216474801,0.36900441828392405,Accept,"Gender, Age, ProgVar",0.9523396765628851,0.21469656156617992,-0.010402744339671935,0.4392916107957669,Accept,1.0060911000509682,Accept,Reject,1.2475718356051602
0.8937409041036756,0.9987425045992584,0.029054077683613504,-0.2531613094652121,0.3716852205204903,Accept,"Gender, Age, ProgVar",1.4300196351246666,0.029054077683613504,-0.2756199430020424,0.3467663776057956,Accept,1.3265366267862557,Accept,Accept,1.2128670333555949
0.6643831182922489,0.9979663990751906,0.36253986356069445,0.026126846178537007,0.7541793854610267,Reject,"Age, ProgVar",1.9389726706411836,0.36253986356069445,0.06063154180442379,0.6681177740345668,Reject,1.5825189950629042,Accept,Accept,0.8363275106935383
0.5416351327012044,0.9033634636802579,0.10339990294828713,0.02319500063004276,0.4802631434245181,Reject,"Gender, Age, ProgVar",1.3489274845908532,0.10339990294828713,-0.1209214847004111,0.3234934371963624,Accept,1.3979073014710557,Reject,Accept,1.3929873888342932
0.9762109075325172,0.9601307384047708,-0.1288826012204214,-0.2687642359109413,0.27445651017304157,Accept,"Gender, Age, ProgVar",1.5050380339035883,-0.1288826012204214,-0.41139095964900896,0.13885314310382496,Accept,1.5427988304562792,Accept,Accept,0.9903966556879426
0.958896308876761,0.9506155850000169,0.0764322955514264,-0.20657457687077216,0.20465373207189824,Accept,"Age, ProgVar",1.1530869703008877,0.0764322955514264,-0.10375764650245331,0.26598874882565476,Accept,1.1931198273108623,Accept,Accept,1.3163059232436705
0.49338114813187667,0.9381650902259067,0.23078474991149386,-0.16418617074076008,0.52348715661447065,Accept,"Age, ProgVar",1.5747142867231496,0.23078474991149386,-0.06292554018962855,0.5149316454329224,Accept,1.2482765428518094,Reject,Accept,0.3437278849861382
1.0389539563182666,0.8665326202283056,0.16849469941944273,-0.1096251605619735,0.388494645060226,Accept,"Age, ProgVar",1.331944800364198,0.16849469941944273,-0.04705983915085689,0.3952185842230852,Accept,1.4969193674684,Reject,Accept,0.7482970736713958
0.6327148638692955,0.8644799229554176,0.19464499230447158,-0.0010911273867808408,0.40695730739626257,Accept,"Gender, Age, ProgVar",1.4030920588028293,0.19464499230447158,-9.553175397289809e-4,0.388698868813117,Accept,1.2776925456473667,Reject,Reject,1.7139039936518692
0.9782963830726571,1.0535304703691621,0.017453043083320192,-0.24266240959763258,0.2718331084145204,Accept,"Gender, Age, ProgVar",1.406895870494923,0.017453043083320192,-0.21346540812364956,0.2590199387512663,Accept,1.3515021100839322,Accept,Accept,1.0054113109490275
1.448815739448989,1.0484471376658442,-0.09546964574487879,-0.5732309738712504,0.25386179622731203,Accept,"Age, ProgVar",1.6848501614913287,-0.09546964574487879,-0.3757395572558336,0.19927795313259963,Accept,1.6193881265660468,Accept,Accept,0.32250363844562246
0.9229438791296678,0.9172003149853626,0.10386351570571035,-0.1583542120010919,0.33663321535552587,Accept,"Gender, Age, ProgVar",1.3903380558415892,0.10386351570571035,-0.15205093008214754,0.35982703299320595,Accept,1.347147204728062,Reject,Accept,0.7839888973103915
0.830129034066105,0.889572337340191,0.005214902566747805,-0.2227347784201591,0.21895712368843956,Accept,"Gender, Age, ProgVar",1.4743116794257383,0.005214902566747805,-0.21196320625890533,0.2251116442002531,Accept,1.2698064263051556,Accept,Accept,0.6460883980573267
1.0830601914824467,0.9474816730266123,0.2601209404649407,0.08808354702147986,0.43813543471128547,Reject,"Gender, Age, ProgVar",2.011362180158615,0.2601209404649407,0.07959395778435727,0.4403762527310971,Reject,1.8994585566440858,Reject,Accept,0.8879645992282084
0.9213486508308332,0.8227086659209619,0.197174440847496,-0.001968005633893169,0.3794320596581581,Accept,"Gender, Age, ProgVar",1.1969183270498482,0.197174440847496,0.007899381368615802,0.39506610048587143,Reject,1.2634922884287263,Reject,Accept,0.9261148550565828
0.7308694221607683,0.9381461336205844,0.13284773624464136,-0.03752603985706459,0.42878029194869927,Accept,"Gender, Age, ProgVar",1.57030184585063,0.13284773624464136,-0.092366485668412407,0.3694647188319937,Accept,1.3486387990503244,Reject,Reject,1.580320663165075
0.9835449906889726,0.9711290213102213,0.10321539121873094,-0.1288649527931818,0.29905327649743174,Accept,"Gender, Age, ProgVar",1.4562602745737872,0.10321539121873094,-0.10444333860916995,0.32646500083722485,Accept,1.3868057911033391,Accept,Accept,1.0996409474170399
0.5429708276190172,0.9070815434406557,0.27228957416500776,0.07510572614284458,0.5262055694481715,Reject,"Gender, Age, ProgVar",1.4252028535810706,0.27228957416500776,0.038202095583464546,0.5021085041475758,Reject,1.2804664519899691,Accept,Reject,1.454521109620511
1.0224218989142457,0.9674961204250353,0.01644242909352423,-0.15069231040640552,0.2077567528124309,Accept,"Gender, Age, ProgVar",1.2445899513510819,0.01644242909352423,-0.17380199992364032,0.19353235316906658,Accept,1.3344649024188786,Accept,Accept,0.6398070552393016
0.7496339782915593,0.9517458114747501,0.17424466750166562,-0.07897022776553654,0.40752455941677745,Accept,"Gender, Age, ProgVar",1.3840490987642806,0.17424466750166562,-0.06209420094300817,0.4197702926225567,Accept,1.5567324433772014,Accept,Accept,0.8521823664431244
0.8021789078989587,0.7423387238251326,0.2282719620856054,-0.17372653787900016,0.5590985279557641,Accept,"Age, ProgVar",1.524695322834623,0.2282719620856054,-0.026700450726502713,0.5067069502945425,Accept,1.6722680066003794,Accept,Accept,0.9852755315681819
0.6139028423842243,0.7340074309881844,0.2976029182975835,0.011665326387249276,0.5447869361952422,Reject,"Gender, Age, ProgVar",1.4459366505192681,0.2976029182975835,0.036939825779770744,0.550308781153182,Reject,1.4454807453438456,Reject,Accept,1.0066817826725658
1.0074583637112213,1.0937908529660874,0.11778975294941867,-0.2008364679082583,0.47518822386977383,Accept,"Gender, Age, ProgVar",1.900251140759313,0.11778975294941867,-0.2301546441673471,0.45630183674678876,Accept,1.608364020489348,Accept,Accept,0.8220339159781636
1.1233919533078425,0.9219413122224372,0.10308557381571588,-0.11979139406871486,0.3401477757346698,Accept,"Age, ProgVar",1.4177464758610714,0.10308557381571588,-0.11314886830359179,0.3132911923538446,Accept,1.3963518279097786,Accept,Accept,0.6073075577468703
0.6487948813923662,0.8382028655596486,0.2699878932958113,-0.09697914116377443,0.5385124756179431,Accept,"Gender, Age, ProgVar",1.7295701967667574,0.2699878932958113,-0.047232528413595355,0.5833666876644137,Accept,1.47028925192577,Accept,Accept,0.48335915103268046
0.9350940639843092,0.9403969968616257,0.05924908414694153,-0.21883970192244587,0.2847584623241574,Accept,"Gender, Age, ProgVar",1.7018737363107952,0.05924908414694153,-0.1907274189580973,0.31761700724020214,Accept,1.4574717182827417,Accept,Accept,0.6934672430563897
0.9179424717740643,0.9114281175743113,0.041181908565368706,-0.21814914106229705,0.43602704314360374,Accept,"Gender, Age, ProgVar",1.5249543385555113,0.041181908565368706,-0.28254808950381816,0.3614151623097138,Accept,1.5857211038836276,Accept,Accept,1.010280631037744
0.5428642258634347,0.9545557690677737,0.12755205733892425,-0.11695565048710063,0.4653263796049163,Accept,"Gender, Age, ProgVar",1.3367936484756973,0.12755205733892425,-0.15975296658842195,0.408480843253124,Accept,1.2795461282300165,Accept,Accept,1.063849670356633
0.3010234109854492,0.7753430685545679,0.352825195136234,0.10078388870906761,0.6778138844498071,Reject,"Gender, Age, ProgVar",1.3167398273434412,0.352825195136234,0.09990185752605574,0.6256995323886704,Reject,1.3432450563552525,Accept,Accept,1.1683774838535494
0.5082944220634819,1.0104112335485405,0.060650147238820465,-0.23831857324152675,0.37584978769524174,Accept,"Age, ProgVar, X2",1.1029220263457975,0.060650147238820465,-0.21558096150852035,0.342610051313843,Accept,1.1435313805852327,Reject,Accept,0.5285665986939349
0.810513617021876,0.9062860311990815,0.2325188994020703,0.024934993041428502,0.47272114434083423,Reject,"Gender, Age, ProgVar",1.4939132368892172,0.2325188994020703,0.006767883213531584,0.46185043988132024,Reject,1.4906269645368664,Reject,Accept,0.5402608950519252
0.749673797448063,0.7958644495530081,0.17743332917294186,-0.08493619720465143,0.419626029425202,Accept,"Gender, Age, ProgVar",1.2103606642185958,0.17743332917294186,-0.07883476439492923,0.4312967462054942,Accept,1.3203097914304727,Accept,Accept,1.071457772856904
0.7922388533402394,0.8893866067087062,0.13339060608653208,-0.06727718743318853,0.333705485768365,Accept,"Gender, Age, ProgVar",1.389711267442144,0.13339060608653208,-0.06294707821207429,0.33284120211356516,Accept,1.1142628017794916,Reject,Accept,0.8970875532645953
0.926362103543906,0.8931652346770479,0.08449406714799025,-0.14103115174608297,0.3316464186353636,Accept,"Gender, Age, ProgVar",1.7203758157162583,0.08449406714799025,-0.14010015970144477,0.31605499470090637,Accept,1.6306399659966473,Accept,Accept,1.2739531345457615
0.9223140457877866,0.9583335259194437,0.030132031094528066,-0.24483918027872473,0.2825837588953071,Accept,"Gender, Age, ProgVar",1.0032636897083034,0.030132031094528066,-0.2247917660644692,0.3075557565201906,Accept,0.9512947935028072,Accept,Accept,0.21714070245284148
1.1243895175307916,1.0035398069419708,-0.03910953060636927,-0.2526390317352386,0.21037158865482447,Accept,"Gender, Age, ProgVar",1.5702494134300695,-0.03910953060636927,-0.2741781030828379,0.17387919934080465,Accept,1.5704253722841872,Accept,Accept,1.1931334711002266
0.8044627966799328,0.9550102923581926,0.2842369472983396,-0.06033296720259838,0.499692610977018,Accept,"Gender, Age, ProgVar",1.2802618391784932,0.2842369472983396,0.012739240301371569,0.557798940730639,Reject,1.28382597085276,Accept,Accept,0.8392076027047859
0.661870906307725,0.7892116176665536,0.23424908515709672,-0.017427567510009914,0.45935948014822614,Accept,"Gender, Age, ProgVar",1.615236653614299,0.23424908515709672,-0.010876704119112936,0.46681030369731114,Accept,1.5611883797766501,Reject,Reject,1.6543413995180736
0.8534171470462233,1.0472239562014933,0.13409262571273253,-0.12843997921962236,0.42708033801484424,Accept,"Gender, Age, ProgVar",1.589692134855443,0.13409262571273253,-0.1601726227328817,0.40479120895785586,Accept,1.3945122405508819,Reject,Accept,0.7662309128083175
0.8891108951500918,1.0458513240688534,0.03977669947952966,-0.5825497361349161,0.36723160625475604,Accept,"Age, ProgVar",1.8170189013073916,0.03977669947952966,-0.35739454979799573,0.4252948754346419,Accept,1.8954700025916142,Accept,Accept,1.806725727301106
0.8856235058344816,0.8985960301876511,-0.031322320128467175,-0.2336316750082237,0.23047416795167985,Accept,"Gender, Age, ProgVar",1.743051963063773,-0.031322320128467175,-0.23731825961839054,0.17339900007519538,Accept,1.4924893666173509,Accept,Accept,1.3709007448115036
0.9353104829725234,0.9632698296057614,0.09759455622170127,-0.27733120823275365,0.48341388862043205,Accept,"Gender, Age, ProgVar",2.229080007267595,0.09759455622170127,-0.24355628858272454,0.4679389209936601,Accept,1.7578814355689492,Accept,Accept,1.1527694253272243
0.4209717577115866,0.8682799492016767,0.3432136901960087,0.09476388542868745,0.6083484504760325,Reject,"Gender, Age, ProgVar",1.6726922677473508,0.3432136901960087,0.08732420715989422,0.600849188577727,Reject,1.5034031421112213,Reject,Accept,0.7259541337035952
1.0110957729566608,0.9277525562025626,0.015154337331372867,-0.23473234220738387,0.2834335506760627,Accept,"Gender, Age, ProgVar",1.5266244653890217,0.015154337331372867,-0.27355962234597975,0.26076255620740174,Accept,1.561703514311349,Accept,Reject,1.4912400966509538
0.6763738517138334,0.7229139645030557,0.3161367839925932,0.16502124116666947,0.5797723605055443,Reject,"Gender, Age, ProgVar",1.6466140947812702,0.3161367839925932,0.0806969463634441,0.5482308879569625,Reject,1.3286436167317806,Reject,Accept,0.3371974835374579
0.630138243075532,0.9122585103315197,0.18693996532672252,0.05808307072124001,0.4333287902010284,Reject,"Gender, Age, ProgVar",2.075823567513531,0.18693996532672252,-0.011187934687853885,0.38345491964631545,Accept,1.6545088397642926,Reject,Accept,1.0579508711979384
1.0032181799944067,1.018500679156075,0.05609725158351607,-0.2926625467461068,0.2551556736390231,Accept,"Age, ProgVar",1.2524294897938026,0.05609725158351607,-0.17433762040816642,0.2848145803556293,Accept,1.4906352716045839,Accept,Accept,0.5721056440215503
1.1328968669059685,1.0399521064079398,-0.005731257299670833,-0.24248156293866635,0.18609645406228328,Accept,"Gender, Age, ProgVar",1.5548716620235783,-0.005731257299670833,-0.23589519417112062,0.21518351200561162,Accept,1.3227904867749545,Accept,Accept,0.5165799610067547
0.5551488770044758,0.7876967627922858,0.29410974984324384,-0.02917116410372156,0.5774922642001276,Accept,"Age, ProgVar",1.6181359460863813,0.29410974984324384,0.023442951351619584,0.5546570519876598,Reject,1.536898804964311,Reject,Reject,1.5460063710834906
0.33540680013572555,0.7979078284507042,0.24708178662544145,0.14663936642051928,0.7387240693537782,Reject,"Gender, Age, ProgVar",1.090610707307732,0.24708178662544145,-0.03536449492911882,0.5229071337705498,Accept,1.32205611779585,Reject,Accept,0.36435857848041997
0.7870275992501957,0.9559145815393382,0.06890518147755333,-0.1406826940959216,0.3810780038212219,Accept,"Gender, Age, ProgVar",1.168352081949488,0.06890518147755333,-0.22163284501409763,0.3267185051369675,Accept,1.26489214983288,Accept,Accept,1.0519397033220304
0.8258916362127011,0.8526071198327724,0.16833217788422608,-0.05154129013230891,0.4210614866898976,Accept,"Gender, Age, ProgVar",1.5811361612677528,0.16833217788422608,-0.0614029602006229,0.40028303512123564,Accept,1.3350547124486745,Accept,Accept,1.048638291964676
1.0494412970168872,1.0308773996791494,0.026066166965944125,-0.29351320686240934,0.24548210101571769,Accept,"Gender, Age, ProgVar",2.0163448934374095,0.026066166965944125,-0.26195057094757646,0.3049182880263731,Accept,1.664784518443164,Accept,Accept,0.7421603907168337
0.7197303767824611,0.9143049365428642,0.10270165382778841,-0.08473255416391925,0.410640413973914,Accept,"Gender, Age, ProgVar",1.0465600446284435,0.10270165382778841,-0.12174653011004266,0.35523913541056285,Accept,1.263993032779056,Reject,Accept,1.1555916855571944
0.9313184156662033,0.921215147975921,0.1198317981516606,-0.08200892506605102,0.32981658094765437,Accept,"Gender, Age, ProgVar",1.3074764445966083,0.1198317981516606,-0.08327746263512908,0.31875212668776143,Accept,1.127620709292215,Accept,Accept,1.181518582356669
1.1047986554764484,0.9872891172213532,-0.027958538788917756,-0.353316608755884,0.20943958166462495,Accept,"Gender, Age, ProgVar",1.5205688031850841,-0.027958538788917756,-0.31954831984164167,0.24404909747979417,Accept,1.801336757607503,Accept,Accept,1.3946001996600939
0.7868873321119587,0.8586782874464834,0.20832852708185853,-0.03509709702665207,0.46564308143558225,Accept,"Gender, Age, ProgVar",1.3654789275390868,0.20832852708185853,-0.04761944984716841,0.4530885417329108,Accept,1.3788584552279926,Reject,Accept,0.7777994743783346
0.5767410298767585,0.9088127099235676,0.13474661831210355,-0.14424756567148966,0.39072751532928346,Accept,"Gender, Age, ProgVar",1.17233909417214,0.13474661831210355,-0.1419442747527555,0.4077729981256096,Accept,1.4066833298753352,Reject,Accept,1.4175139996585342
0.5697735724853699,0.9668914166552071,0.33041530603627617,0.09628731155776643,0.6021144025689905,Reject,"Gender, Age, ProgVar",0.9697531200213215,0.33041530603627617,0.06907758783072178,0.5949450752823298,Reject,1.0343772818697317,Accept,Accept,0.7683324636086484
0.7891713740459187,0.817096693058857,0.164928294725968,-0.11817828996202394,0.4715483303777632,Accept,"Gender, Age, ProgVar",1.505022561529723,0.164928294725968,-0.14264487124550368,0.4759764820295099,Accept,1.6114342188168742,Accept,Accept,1.1925014602871362
0.9645930821367696,0.9299136572614131,0.009167980861917991,-0.2481879323620021,0.3181560393902061,Accept,"Age, ProgVar",2.1852902533592924,0.009167980861917991,-0.2531956518856534,0.25733993149558027,Accept,1.916655819855743,Accept,Accept,0.7784861578349078
0.7927932621761099,0.9247891896193219,-0.025007170436509567,-0.1904509199740469,0.2331926601071408,Accept,"Gender, Age, ProgVar",1.5128579617590316,-0.025007170436509567,-0.22915720045263188,0.20341785171695326,Accept,1.7512115059562468,Accept,Accept,1.2775723527558969
1.0231361409195165,1.0498150436491374,0.21636368499654535,-0.26085941864625617,0.33430740562312344,Accept,"Age, ProgVar",1.3485174218237241,0.21636368499654535,-0.0227970168693635,0.4639251119171205,Accept,1.3851123594063681,Accept,Accept,0.7825078865935805
0.6994577406578848,0.9349484602883636,0.0828084113280045,-0.10930807640798348,0.4720197340675264,Accept,"Gender, Age, ProgVar",1.5896956235475739,0.0828084113280045,-0.20209363158707888,0.350596078254606,Accept,1.504476865004751,Accept,Accept,0.7906471676216865
1.0293157930624997,0.9506373320290751,0.17528900822613883,-0.13715129322414285,0.379091440635954,Accept,"Age, ProgVar",1.9018563682838279,0.17528900822613883,-0.02306343535385207,0.39254045788108033,Accept,1.6832137159145057,Accept,Accept,0.8798786935392443
0.9624446355320385,0.9550138014604409,0.08013798659474891,-0.2213142330580955,0.23335306736455963,Accept,"Age, ProgVar",1.5243577470891403,0.08013798659474891,-0.09609267729794216,0.27058663059488935,Accept,1.4250210820347617,Accept,Accept,0.5130052949341549
0.7719010038053212,0.88215846197724,0.1732967396535603,-0.0032624054668389246,0.4316817001294345,Accept,"Gender, Age, ProgVar",1.4197962109481583,0.1732967396535603,-0.049567006947195874,0.4056849868712283,Accept,1.248530024067125,Accept,Accept,1.2284493978334934
0.7741386408025318,0.9995468414880445,0.011258801746492155,-0.19267260761267588,0.17492091674894264,Accept,"Gender, Age, ProgVar, X2",1.6825687792366495,0.011258801746492155,-0.16682604966128997,0.1848267554452167,Accept,1.2582572379196026,Accept,Accept,0.38031518341687953
0.7763506892797465,0.9106720918878064,0.06816881795240956,-0.10315944674529098,0.2822191220993179,Accept,"Gender, Age, ProgVar",0.912383102055465,0.06816881795240956,-0.12794237461328983,0.2612346093959114,Accept,1.0020973312120425,Accept,Accept,0.6950930592607616
0.7952362513079756,0.9059797825177013,0.13395200263624005,-0.06070802130288737,0.36787341131506496,Accept,"Gender, Age, ProgVar",1.3397585391289493,0.13395200263624005,-0.07622451716945144,0.3360324987582192,Accept,1.3364705245555728,Accept,Reject,1.593139802010254
0.6727702487287153,1.0285230876186795,0.105515204904804,-0.23388780770080622,0.4122147907269043,Accept,"Gender, Age, ProgVar",1.281890066107944,0.105515204904804,-0.20252089638917115,0.43699406299956023,Accept,1.2549504542072842,Accept,Accept,0.5789375117385388
1.3514344945509773,0.9953583356501633,-0.10006154609749729,-0.4287483248956288,0.2608037935716338,Accept,"Gender, Age, ProgVar",1.6332190476452784,-0.10006154609749729,-0.4563688154597487,0.2550591621170445,Accept,1.5334999239367304,Accept,Accept,0.6618435776290948
0.881804236702916,0.8890375502603495,0.1529807716835445,-0.1429523929896047,0.6332012219895662,Accept,"Age, ProgVar",1.0532982331442895,0.1529807716835445,-0.16375152339413407,0.47327719118028455,Accept,1.276627392819112,Accept,Accept,0.5708114343432749
0.6079809134055079,0.849996067653897,0.27357720786318984,0.03410556134893382,0.6356971149378893,Reject,"Gender, Age, ProgVar",1.8270890423952515,0.27357720786318984,-0.04847866521636582,0.588565002387276,Accept,1.9531232495551882,Reject,Accept,1.3959960745307818
0.8124398815540235,0.8639636749795588,0.2769463711001057,0.03356439146530182,0.4908359742859987,Reject,"Gender, Age, ProgVar",1.2613367905461237,0.2769463711001057,0.039089582194129946,0.5026912692921337,Reject,1.4003748282692785,Accept,Accept,1.193100977891228
1.000872863157423,1.0133513276011974,-0.015500449781795435,-0.46353972245354325,0.25319916898098693,Accept,"Age, ProgVar",1.6310435849212825,-0.015500449781795435,-0.3163041980983714,0.28758454813362583,Accept,1.7361801305429037,Accept,Accept,1.0625029760471196
0.5218239287235575,0.8614757005346766,0.2845148170220324,0.04303350775408825,0.4975126870757051,Reject,"Gender, Age, ProgVar",1.7115745022105846,0.2845148170220324,0.052459759334098945,0.5234968737699732,Reject,1.5978322706152426,Reject,Accept,0.5619443443732367
0.9767398098834377,0.8888165312343739,0.058440457107661235,-0.1617164020498421,0.39136628591712963,Accept,"Gender, Age, ProgVar",1.6291453500991102,0.058440457107661235,-0.21495427259523822,0.3391347875302372,Accept,1.3947256603340727,Accept,Accept,1.241206701767317
1.3208823531318712,0.9877959957256573,-0.10013298464008552,-0.31644853541723733,0.11991456902716294,Accept,"Gender, Age, ProgVar",1.3172741251443856,-0.10013298464008552,-0.3108147156126263,0.12597812014673015,Accept,1.553372271759661,Accept,Accept,1.0664443752904549
0.862525919694424,0.8645211843067607,0.11185498186211199,-0.13012966489879843,0.40553707504594894,Accept,"Age, ProgVar",1.4189301735435402,0.11185498186211199,-0.10127854525883674,0.3134560235630678,Accept,1.5270225399906476,Accept,Accept,1.2569489466198593
0.9757920202044633,0.9208814650725374,-0.032562874609476586,-0.25867951784768384,0.1761906308897756,Accept,"Age, ProgVar",1.5789220166411044,-0.032562874609476586,-0.20930531325635304,0.14814774888275917,Accept,1.370588462542716,Accept,Accept,0.6282146407589417
0.8451242398363213,1.0144312236725204,0.15614385950533205,-0.1826906585652554,0.3890377950333146,Accept,"Gender, Age, ProgVar",1.459423701183482,0.15614385950533205,-0.12772580288079718,0.4618857410565486,Accept,1.4555520133476074,Accept,Accept,0.8951526748351756
0.4179658107141817,0.7546167748994501,0.3509301244279193,0.1088186968406556,0.5183871735888451,Reject,"Gender, Age, ProgVar",1.3415687122131186,0.3509301244279193,0.151839230148193,0.5642484780414981,Reject,1.3491365915456472,Reject,Reject,1.727934494703506
0.8201512914251677,0.9059528034430433,0.2284464238473305,-0.11139661047893198,0.4579577735141969,Accept,"Gender, Age, ProgVar",1.5898141216067163,0.2284464238473305,-0.043471451772127356,0.5094036646117075,Accept,1.5855625396879987,Reject,Accept,0.9745252272726276
0.816904399609019,0.8837276193912544,0.14853047173562442,-0.07065846199241327,0.4304368617421688,Accept,"Gender, Age, ProgVar",1.245084356240611,0.14853047173562442,-0.0874485730113183,0.4151873911681126,Accept,1.2787112615968845,Accept,Accept,0.6458359229325281
0.9259287012085867,1.0205190691038681,0.1574034344453881,-0.19177510113323487,0.5073431033474511,Accept,"Age, ProgVar",1.524968896824921,0.1574034344453881,-0.16149613795548173,0.46880082185101457,Accept,1.5308957623945505,Reject,Accept,0.79440502597793206
0.5389574468857413,0.8976175270909983,0.23106299493998375,-0.09509956923412785,0.5315220095886315,Accept,"Age, ProgVar",1.3762711727555836,0.23106299493998375,-0.044926240264998134,0.50173598069936,Accept,1.6488251301974313,Accept,Accept,1.025309338163241
0.6241783432258798,0.8549794479787627,0.12286065935697883,-0.24027101502571158,0.5430853374032684,Accept,"Age, ProgVar",1.6034318082044223,0.12286065935697883,-0.19189891236184475,0.45283379398660006,Accept,1.4378561315141183,Reject,Accept,1.1240894464023798
0.18262611887906022,0.7086505148188371,0.47422621519842867,0.1754135415541741,0.9064841209386032,Reject,"Age, ProgVar",1.4113355597081998,0.47422621519842867,0.15410804907370315,0.7873899757087947,Reject,1.2943060808057347,Reject,Accept,1.0587656109017147
0.8103909420453546,0.8897069402639771,0.17239955060135842,-0.11536857965720734,0.4502672614357584,Accept,"Gender, Age, ProgVar",1.4104075899472235,0.17239955060135842,-0.117826728247553,0.4598675095926119,Accept,1.3866523478667017,Reject,Accept,0.49154441584386077
0.9038288862605629,0.9968470275082756,0.08537088843168075,-0.17094394569462196,0.23788365804371747,Accept,"Gender, Age, ProgVar",1.4443977931811949,0.08537088843168075,-0.1250201467955312,0.3021907923456434,Accept,1.5222717912523336,Accept,Accept,1.0639369291680796
0.6702613902403876,0.8122088532224782,0.1759944280794363,-0.024223303058852216,0.38832126496060404,Accept,"Gender, Age, ProgVar",1.1274217774355535,0.1759944280794363,-0.04001403191179797,0.3745778169218723,Accept,1.1122736379954254,Accept,Reject,1.2910589111534525
0.9833734298482831,1.0538866037593007,-0.06064098995578024,-0.26109124078346774,0.2330545500658037,Accept,"Gender, Age, ProgVar",1.2619737849158563,-0.06064098995578024,-0.27220247429293604,0.1721496082853554,Accept,1.4343926859053164,Accept,Accept,0.8756193571233298
1.2325751197668373,0.9429873528206223,0.008729216891240826,-0.2867622580156819,0.2531217787906119,Accept,"Gender, Age, ProgVar",1.5659083768808721,0.008729216891240826,-0.2780521402926226,0.2692875425307172,Accept,1.8283529514547892,Accept,Accept,0.6572929649167176
0.6198488976295989,0.959380603584793,0.05811309482316414,-0.11973352032534568,0.7648984286524754,Accept,"Age, ProgVar",1.5531207427558398,0.05811309482316414,-0.27327199984011935,0.41651536597131106,Accept,1.3392882277064706,Accept,Accept,0.7013476924069106
0.833214187628499,0.8046896147060316,0.2290070003626483,0.0098118132130866,0.41424925514512323,Reject,"Gender, Age, ProgVar",1.3501338486648529,0.2290070003626483,0.020470037657559365,0.453542266882899,Reject,1.330474555817093,Reject,Accept,0.17472935071059445
1.0334510520528426,0.9892367988787683,0.07311049306719158,-0.3101938914409528,0.21508182269058926,Accept,"Age, ProgVar",1.2294475710709591,0.07311049306719158,-0.14581177007720522,0.2991941027514301,Accept,1.256428278211113,Accept,Accept,0.9513756310199015
0.6971438244274981,0.9855644052468717,0.1230040274831844,-0.13041933336629255,0.35143990861752183,Accept,"Gender, Age, ProgVar",1.051869900152962,0.1230040274831844,-0.1018308400666181,0.349235621884762,Accept,1.1084091253850703,Reject,Accept,1.2241781965358465
0.6074391808446065,0.7323974752524769,0.26898292422210307,-0.034532791288816096,0.4964095234034015,Accept,"Gender, Age, ProgVar",0.9297361479861627,0.26898292422210307,0.0014029265737148106,0.5339679980387528,Reject,1.0619992468211585,Accept,Reject,1.4465498820305611
0.8748943795096528,0.8530804585865303,0.3323237261455399,0.009363412730658882,0.6476582247446196,Reject,"Gender, Age, ProgVar",1.7864711508812123,0.3323237261455399,-0.003126668196750726,0.668045432350449,Accept,1.944150520173405,Reject,Accept,1.1182280109136276
0.8879066743626807,0.9933350695414845,0.1656549592944403,-0.24576363341643662,0.43349011738103277,Accept,"Gender, Age, ProgVar",1.9749034010769677,0.1656549592944403,-0.14902934385408434,0.4876981020150476,Accept,1.8786819150640077,Accept,Accept,0.6811675709313582
0.6662873620565504,1.0039232979302415,0.13029067261074004,-0.16695623098112958,0.4497990249555115,Accept,"Age, ProgVar",1.7269358769458543,0.13029067261074004,-0.10934550973387054,0.3686855346273411,Accept,1.6897176387243895,Reject,Accept,0.8480242124336581
0.7835885365986068,0.9156488274798196,0.09073334135647826,-0.13397052542670013,0.3581021223159168,Accept,"Gender, Age, ProgVar",1.135893823953976,0.09073334135647826,-0.1472578567962085,0.3417288954536312,Accept,1.3285081188976713,Reject,Accept,0.6812257350741668
0.8581936650898504,1.0285479207863413,0.01760186149248296,-0.4523367626086452,0.3739024787770731,Accept,"Age, ProgVar",1.7704592484895236,0.01760186149248296,-0.3221818415812773,0.34868434820520156,Accept,1.6764961633831053,Accept,Accept,0.7454075002011331
0.8066103103711314,0.9124188693394022,0.11968003111086524,-0.1096233307782437,0.3426780525433442,Accept,"Gender, Age, ProgVar",1.840340177706808,0.11968003111086524,-0.11083977021432545,0.3480773365342552,Accept,1.8827546225826006,Accept,Accept,1.3134697924928502
0.987245899024336,0.9567512513071472,0.06232668146924917,-0.17605208743036077,0.3331262500554001,Accept,"Age, ProgVar",1.3640797895963082,0.06232668146924917,-0.15943234808187223,0.29099165929483106,Accept,1.433148443376916,Accept,Accept,0.9737019660878594
0.5371734639076184,0.8585726519257414,0.1760641071503673,0.016320823734326133,0.564263662258427,Reject,"Gender, Age, ProgVar",1.6443694815710523,0.1760641071503673,-0.0835990357340252,0.4666379906684519,Accept,1.287060471123892,Reject,Accept,1.091183338989303
1.0085995404308075,0.9153613651869994,0.1667965397432062,-0.062398701713536474,0.3450890169222538,Accept,"Gender, Age, ProgVar",1.3360404730400535,0.1667965397432062,-0.0430156605881111,0.37283236943569925,Accept,1.4325729387005197,Reject,Accept,0.6717843317479876
1.061696446204694,0.9349534989420936,-0.009684389387072782,-0.24830871807534174,0.20196367314568986,Accept,"Gender, Age, ProgVar",1.5523061746062805,-0.009684389387072782,-0.23709328530198762,0.23577978077020378,Accept,1.5809796980514677,Accept,Accept,0.29149025485257035
0.6726525053836596,0.9304837608628734,0.13671245757498768,-0.12920857910129166,0.37465590224472567,Accept,"Gender, Age, ProgVar",1.4563711838854858,0.13671245757498768,-0.11451195860243912,0.3876889339094802,Accept,1.5112346033880866,Accept,Accept,1.1831181019056953
1.0654145804695363,1.0400846596682274,-0.002666820887570798,-0.23410191903397018,0.22238782474408125,Accept,"Gender, Age, ProgVar",1.4788287724295262,-0.002666820887570798,-0.25287205527710055,0.23110394616801316,Accept,1.1903962224734481,Accept,Accept,0.4225594173118714
0.7337481210595286,0.8379766333277896,0.21296108728948387,0.016747375271718355,0.3764001333294858,Reject,"Gender, Age, ProgVar",1.0286652356400952,0.21296108728948387,0.040179424285926725,0.40845416550049773,Reject,1.0861201002836767,Reject,Accept,0.7313891750289546
1.0371113436568047,0.9736480437186055,-0.011994449307484875,-0.24502437544966021,0.23885330491638943,Accept,"Age, ProgVar",1.4084395372447136,-0.011994449307484875,-0.2174978284335399,0.1867297988391838,Accept,1.6305076683230135,Accept,Accept,0.6452210027735206
0.9716590190160763,0.9446844391307267,0.155719739876864,-0.1490128659160367,0.26967391368380855,Accept,"Gender, Age, ProgVar",1.539819172958468,0.155719739876864,-0.04624748572630456,0.355427613126302,Accept,1.4197532246150106,Accept,Reject,1.7700741987605413
0.7779949150339474,0.9254904829563324,3.0664697811997303e-4,-0.17821101885023483,0.24200366481111935,Accept,"Gender, Age, ProgVar",1.902120549287751,3.0664697811997303e-4,-0.21237000417564647,0.2093929926775301,Accept,1.64111153118668,Accept,Reject,1.7084640225047152
0.6773474436938478,0.9737248794630813,0.016931043932568102,-0.2720871534742996,0.42513266326555393,Accept,"Age, ProgVar",1.562112603788779,0.016931043932568102,-0.23821007269827701,0.2854789933651583,Accept,1.2195232086476921,Accept,Accept,0.17367601046995823
0.5481478747402553,0.9758088304398905,0.26260357465684425,-0.02399324193481228,0.5577485094267911,Accept,"Gender, Age, ProgVar",1.5132582917908228,0.26260357465684425,-0.0181072654050642,0.5526606452063083,Accept,1.544839500575996,Reject,Accept,0.9185765092028533
1.0682681041129594,0.9851398324267787,-0.06220803414373603,-0.2538480852756751,0.2195055092281656,Accept,"Gender, Age, ProgVar",1.192339905223816,-0.06220803414373603,-0.2890788690538945,0.16441979361741813,Accept,1.3291534773964904,Accept,Accept,1.6351613111159258
0.7540569611919792,0.9061669627331563,0.16420972451404758,-0.061291233774697966,0.34375296650798165,Accept,"Gender, Age, ProgVar",1.4819890484186873,0.16420972451404758,-0.022752811787167645,0.3599411708904831,Accept,1.6741425431671288,Reject,Accept,0.47899274848690154
1.1597885745072576,1.07569207070311,0.004137044757396566,-0.2675275587892628,0.18535909722948213,Accept,"Gender, Age, ProgVar",1.6453493774918657,0.004137044757396566,-0.21955708844971505,0.21563350381668522,Accept,1.8142190990815705,Accept,Accept,1.413794480177091
0.7060475791309772,0.985979472293034,0.018207877058162184,-0.1851058233661907,0.203348547247657,Accept,"Gender, Age, ProgVar",1.4290701972650564,0.018207877058162184,-0.16472576898181834,0.2176983288995436,Accept,1.5125297194856124,Accept,Accept,1.1566038132212355
0.7290026041814774,0.9650428536433466,0.20794890147541678,-0.1460695257567899,0.5529305442421338,Accept,"Age, ProgVar",1.677240899750481,0.20794890147541678,-0.09039098467544476,0.4958783262547887,Accept,1.541186848922091,Reject,Accept,1.0081796573909718
0.7919802593659031,0.7716513479344195,0.33597451718368876,0.05764309117341872,0.5374572506797423,Reject,"Age, ProgVar",1.8896157031018854,0.33597451718368876,0.16617726008407613,0.5112978676040296,Reject,1.654276706250254,Reject,Accept,1.0241445308655284
0.8325688022939732,0.8901455385640321,0.13653583304783404,0.030142053983006165,0.4306327493606606,Reject,"Gender, Age, ProgVar",0.9587913931013479,0.13653583304783404,-0.06055847015417544,0.32863740221854,Accept,1.0811300444524168,Reject,Accept,0.7068355330345706
0.9089550614852536,0.9166297617200819,0.04513743470561645,-0.12613062796321817,0.29728812115808007,Accept,"Gender, Age, ProgVar",1.2172621069113747,0.04513743470561645,-0.17460408235556002,0.2483687571434192,Accept,1.4860610394957101,Accept,Accept,0.3241668909003597
0.6774584345594151,0.7897675944793505,0.3687373238334546,0.06786845873342082,0.5962868686393638,Reject,"Gender, Age, ProgVar",1.4502822822287647,0.3687373238334546,0.11362295077938314,0.6224023560990811,Reject,1.5859850351833051,Reject,Accept,0.9573005272640669
0.7292177678840662,0.8825159205555513,0.16528129058657456,-0.11520265100237463,0.4654917150969939,Accept,"Gender, Age, ProgVar",1.138464305897806,0.16528129058657456,-0.14363976409766077,0.45540688975664323,Accept,1.4019134658298393,Reject,Accept,1.0521744221699336
0.7545036486675838,1.0164302084976222,-0.15676010835896836,-0.35344105347421934,0.10358987415728663,Accept,"Gender, Age, ProgVar",1.1370929441846747,-0.15676010835896836,-0.3675344519092765,0.06880037344980963,Accept,1.0278851434305822,Accept,Accept,1.1644711079725996
0.9677238798951195,0.8635129020282704,0.17230975351778985,-0.18143833327718636,0.3704266426530281,Accept,"Gender, Age, ProgVar",1.4246168537106036,0.17230975351778985,-0.10478417119157706,0.44294998264205865,Accept,1.3913055999976618,Accept,Accept,0.9887370379195731
1.1037665204595286,0.9920717903330993,0.05404766173562536,-0.23410761534371005,0.2766884448454953,Accept,"Gender, Age, ProgVar",1.9099745388918024,0.05404766173562536,-0.19732794729170283,0.3154603494893505,Accept,1.5941402177728534,Accept,Accept,1.5029851356827346
0.7541649436325286,0.9885330837479152,0.08290149131601071,-0.2053951127311599,0.3502112939920916,Accept,"Age, ProgVar",1.2608132347587635,0.08290149131601071,-0.15125313322867173,0.2993009348447305,Accept,1.411988707784937,Accept,Accept,0.9852934803469192
1.1305663858177877,1.0398409181533306,-0.02947337251050997,-0.375956536317218,0.15995424663718985,Accept,"Age, ProgVar",0.9903833508130236,-0.02947337251050997,-0.2855775912738429,0.2134926280070495,Accept,1.2046226496355958,Accept,Accept,0.343912766256405
0.5241840801481503,0.8555306365004398,0.30269292362209427,0.14686076275113882,0.5535762558536454,Reject,"Gender, Age, ProgVar",1.457950177091364,0.30269292362209427,0.11909041168935894,0.5014109987140667,Reject,1.2538506090191497,Reject,Reject,1.5408096928029966
0.9868909158977923,1.0554782840690347,0.09113883095323233,-0.2074311137334251,0.2920376227799145,Accept,"Gender, Age, ProgVar",1.7631990668766988,0.09113883095323233,-0.1582704052751885,0.33828409795938463,Accept,1.6697795584646389,Accept,Accept,1.376663957151792
0.16367516442296207,0.8269201602379253,0.19805058251595314,0.02843285866661968,0.49352051903282523,Reject,"Age, ProgVar",1.6257870346290095,0.19805058251595314,0.0069954034009370725,0.3968598973782352,Reject,1.3420753774799155,Accept,Accept,0.6784545576405191
0.6405135388152605,0.8854602133400183,0.36217387324878,0.11492198799512118,0.5537054901824379,Reject,"Gender, Age, ProgVar",1.2734374237631214,0.36217387324878,0.14034560142086971,0.5699214785588809,Reject,1.3928030628501185,Reject,Accept,0.8955241001192655
0.9462533301027589,0.9571717403374536,0.05987597906363035,-0.17235905546320593,0.29381472838605943,Accept,"Gender, Age, ProgVar",1.8505197518907048,0.05987597906363035,-0.16977948259761103,0.29897808135917625,Accept,1.5478193734537806,Accept,Accept,0.5423571294541312
0.7620401658167871,0.9407607568182323,0.08035328909102349,-0.17122487627381958,0.2537753769141442,Accept,"Gender, Age, ProgVar",1.094036901301937,0.08035328909102349,-0.12444104364519304,0.2966509881009111,Accept,1.0901874134676799,Accept,Accept,1.2844594324769223
0.6262629087860514,0.7402298005474806,0.29628169426388895,0.07571222065974303,0.4959817862169621,Reject,"Gender, Age, ProgVar",1.690486958708692,0.29628169426388895,0.07672173843596457,0.5046891203297584,Reject,1.572885380028052,Reject,Reject,1.352205509107121
0.8247458957484738,1.024096120845043,0.08435147011243709,-0.2533241168199917,0.3390591784723382,Accept,"Age, ProgVar",1.9019008806174416,0.08435147011243709,-0.1838092892760472,0.3271686913801048,Accept,1.8027172102777098,Reject,Accept,0.7615090416023106
0.47141113312059524,0.8299287956533893,0.3146266029943423,0.1313029624023396,0.5229053007375203,Reject,"Gender, Age, ProgVar",1.266809349084004,0.3146266029943423,0.13350461567167982,0.48673571109883923,Reject,1.3605634432727636,Reject,Reject,1.6204564007591244
0.7373008137894488,0.9315687422014347,0.12560695482652626,-0.08758127054513645,0.38225002206144165,Accept,"Gender, Age, ProgVar",1.4369550064581025,0.12560695482652626,-0.1283475613305694,0.34966009051504976,Accept,1.5684279771741847,Accept,Accept,1.1181735752731143
1.0294529471079672,1.0320969966349118,0.009320136409239836,-0.21753805889512165,0.31203035159695813,Accept,"Gender, Age, ProgVar",1.532985087468203,0.009320136409239836,-0.2458559255249554,0.2648566838690302,Accept,1.318606074182186,Accept,Accept,1.1004084354427877
0.6336448082109996,0.9481504891165556,0.22781978166121583,-0.08610933203266721,0.7742631768330166,Accept,"Age, ProgVar",2.376526734632707,0.22781978166121583,-0.09170687895569775,0.5477917915868694,Accept,1.6939650798731398,Accept,Accept,0.45459605219933524
0.9606838223942884,0.933994722411404,-0.01123369443419258,-0.2049160018741607,0.25133488352823513,Accept,"Gender, Age, ProgVar",1.8229155936850663,-0.01123369443419258,-0.24537887512957615,0.2102620321100623,Accept,1.6100255772130418,Accept,Accept,1.223025174566597
0.9669366511370788,1.0223196584944496,-0.05252564071518796,-0.37868767576087753,0.17591527654897948,Accept,"Gender, Age, ProgVar",1.4510762569547506,-0.05252564071518796,-0.33575223788786096,0.23161738912093027,Accept,1.4453245956354248,Accept,Accept,0.8384220446913032
0.5220108051946191,0.7711656286605998,0.3330575973882415,0.09448442174336413,0.8500108543535536,Reject,"Age, ProgVar",1.3877495807568647,0.3330575973882415,0.03353213827589799,0.6598213991686426,Reject,1.6273816761992597,Reject,Accept,0.3710458063397148
0.42166212981139606,0.7963027446120575,0.4835356947328894,0.2042129235177801,0.7031917642536605,Reject,"Gender, Age, ProgVar",1.6861133831091326,0.4835356947328894,0.22309056859797188,0.7292769910303772,Reject,1.5663535248971872,Reject,Accept,0.9971988204304537
0.7378042636337195,0.9440270350690907,0.08676355080469249,-0.10019553833438354,0.32706742815126605,Accept,"Gender, Age, ProgVar",1.37710762972856,0.08676355080469249,-0.13600626006778005,0.2932778510814615,Accept,1.5939591751689333,Accept,Accept,0.7990660460104461
0.9504148109284541,1.0435148751454242,-0.008266109332655027,-0.29249815017551983,0.3064954480632708,Accept,"Gender, Age, ProgVar",1.320037665464997,-0.008266109332655027,-0.2813186835024002,0.24941447719052937,Accept,1.4212359286993685,Accept,Accept,1.1560078845220658
0.6120918900402736,0.8219360952298744,0.24947964565803785,0.08198859307558706,0.4881992514118305,Reject,"Gender, Age, ProgVar",0.89354324959167,0.24947964565803785,0.06990940464350323,0.44881244226057637,Reject,1.0471445526428962,Reject,Accept,0.5595594621761012
0.7534326716181926,0.8028644159703228,0.21230625277616186,-0.014812282171381232,0.4594662396686722,Accept,"Gender, Age, ProgVar",1.1864934552262212,0.21230625277616186,-0.029586788890285903,0.45285699764770504,Accept,1.2534270069921367,Accept,Accept,0.8553534812246774
0.6220861240502238,0.8650787149701635,0.21822427293140173,-0.07510112866871882,0.44939288294575547,Accept,"Gender, Age, ProgVar",1.3369022976532614,0.21822427293140173,-0.014070332967270449,0.4589175184731329,Accept,1.0286803492670658,Reject,Accept,0.5124005918948439
0.7704824321024815,1.0042427753010115,0.11279721404635148,-0.19281879168558913,0.4618699656024638,Accept,"Gender, Age, ProgVar",1.6062506666913987,0.11279721404635148,-0.2079810672657913,0.4346502454126775,Accept,1.4789321646637643,Accept,Accept,1.0893178879014664
0.7929425786983413,0.7630432523485229,0.18029470939796238,-0.05476065108078732,0.4075410040589368,Accept,"Gender, Age, ProgVar",1.5682346926993833,0.18029470939796238,-0.06416370025650772,0.4290249741386196,Accept,1.516452626501294,Accept,Accept,1.0837579216661295
0.6248550718165146,0.8829839758269342,0.13980361087974777,-0.0942425104792369,0.4887565573035781,Accept,"Age, ProgVar",1.2529524459919184,0.13980361087974777,-0.05791113774734025,0.34468699767133226,Accept,1.4263592159454312,Reject,Accept,1.1095145028160511
1.2667001836057532,1.0026576307069983,0.08729209628176923,-0.26973159374730027,0.3269411605705447,Accept,"Gender, Age, ProgVar",1.5732102177023806,0.08729209628176923,-0.20819882775642592,0.39346600305998786,Accept,1.7243999554793694,Accept,Reject,1.6607432004408955
0.8490427296674468,0.886954306090014,0.11235407541728346,-0.20197508751020654,0.35425945791346025,Accept,"Age, ProgVar",1.2708688837981794,0.11235407541728346,-0.11359807200106262,0.3380876994928101,Accept,1.3260186938508243,Accept,Accept,0.8937419155408899
0.9919287485474608,0.9789671051705102,-0.011197639373946482,-0.23037191687244016,0.27171895516732647,Accept,"Gender, Age, ProgVar",1.5155657303507835,-0.011197639373946482,-0.24185251241237302,0.2302870682642359,Accept,1.81164343930437,Accept,Accept,1.1833124938285018
1.131696214589417,1.0453931574678421,0.049383597155660035,-0.28579167365088126,0.30100559466004106,Accept,"Gender, Age, ProgVar",1.55926485157475,0.049383597155660035,-0.20690543023123553,0.32567354558984263,Accept,1.2652643955079834,Accept,Accept,0.8599933645751687
0.7362465541152123,0.9379393015048354,0.036714525174683994,-0.184086796732981,0.3197937053760081,Accept,"Age, ProgVar",1.4251286355878818,0.036714525174683994,-0.1514010869554281,0.2523012282392752,Accept,1.5405460556300894,Accept,Accept,0.6476286658174956
0.4300555130904912,0.949000875909206,0.03297654850363861,-0.25324809798537323,0.3636935710822485,Accept,"Age, ProgVar",1.3803115825732397,0.03297654850363861,-0.21889243521102186,0.2815272958076071,Accept,1.1387431291179009,Reject,Accept,0.9432258331247165
1.0981111178250182,0.9406924167745773,0.10051610368791883,-0.04686480136594193,0.252250397927673,Accept,"Gender, Age, ProgVar",1.5248269745233358,0.10051610368791883,-0.06760873348897832,0.26071465969692165,Accept,1.3724454452117052,Accept,Accept,1.1481957998580183
0.6854588395620179,0.8254370203731713,0.1635153274656435,-0.03905531650759436,0.4029119537697776,Accept,"Gender, Age, ProgVar",1.1823595914333422,0.1635153274656435,-0.06026700564933021,0.3881867703117206,Accept,1.3742121780695649,Accept,Accept,0.47933776978280823
0.8489580397459218,0.9476589681307392,0.07523285985344914,-0.2302541306573274,0.3416882111225104,Accept,"Gender, Age, ProgVar",1.589306586898633,0.07523285985344914,-0.1962932494352603,0.36000554188150713,Accept,1.5860095206043983,Accept,Accept,0.996062298656288
0.6018836488375681,0.935949117716781,0.32901531337665857,0.16244742275942728,0.6903926341688856,Reject,"Gender, Age, ProgVar",1.41713524302783,0.32901531337665857,0.06605287247177756,0.6028676208876573,Reject,1.1332545198209152,Reject,Accept,1.0989151341546382
0.7030907188419956,0.9436753966233188,0.19043783509369366,0.009377880216586976,0.354796984088815,Reject,"Gender, Age, ProgVar",1.1479632498640142,0.19043783509369366,0.01931274424558279,0.35592908664260725,Reject,1.3475699569751765,Reject,Accept,0.8865978373901571
0.5603975293060411,0.8397241232851702,0.455048016676317,0.2378825879630963,0.6840249056128713,Reject,"Gender, Age, ProgVar",1.1207819462060853,0.455048016676317,0.221864050415153,0.6922272184745695,Reject,1.253792913224529,Reject,Accept,1.1536619290529508
0.8855458331531673,0.7881539539223058,0.15296892589136582,-0.0366828210583431,0.3600678227520875,Accept,"Gender, Age, ProgVar",1.4059044420939433,0.15296892589136582,-0.05083175534734432,0.34439375947491413,Accept,1.496241921615322,Accept,Accept,1.298895784582711
0.7948058885506781,0.9264315513608817,0.16591932477306787,-0.07391500436830109,0.3972336097731216,Accept,"Gender, Age, ProgVar",1.358976303618307,0.16591932477306787,-0.059761460756259856,0.4027510128967292,Accept,1.3508724915829708,Reject,Accept,0.1626420869973892
1.2020391976976943,0.8948654232135348,0.01397240552339605,-0.1715003684145199,0.3486706153063265,Accept,"Age, ProgVar",2.2793682301283775,0.01397240552339605,-0.18069258778544428,0.20552447314919672,Accept,1.7936453980509242,Accept,Accept,0.5327222880323054
0.8826279329675798,0.9069742606409538,0.12700402491870152,-0.05576678942252651,0.29346891475182424,Accept,"Gender, Age, ProgVar",1.1397228817881984,0.12700402491870152,-0.045559505046613505,0.30897705412316645,Accept,1.159746723187746,Accept,Accept,0.7413670539692018
1.0651126864857343,0.8733189577208408,0.2575959415483567,0.026038290727849744,0.5361512912614002,Reject,"Gender, Age, ProgVar",1.4417341486167239,0.2575959415483567,0.005990419061804156,0.5258287613229944,Reject,1.690545895208434,Reject,Accept,0.9823252005011195
0.8016549697833731,0.8984430179171891,0.1613367596318594,-0.0918545266522462,0.4044808459342295,Accept,"Gender, Age, ProgVar",1.45692710797588,0.1613367596318594,-0.07845150221229663,0.4053285606482585,Accept,1.2491250180968094,Reject,Accept,1.2914826704288274
0.6003799129731716,0.9526092923133406,0.22221582114464733,0.02551077028293712,0.4694722510477183,Reject,"Gender, Age, ProgVar",1.4396726818948216,0.22221582114464733,0.0059647393288723705,0.4364904576897949,Reject,1.4156603293534056,Reject,Accept,0.34088473937242236
0.9168690427898274,0.9895064642450686,0.11964937235193467,-0.23189131573954425,0.41820823146926106,Accept,"Gender, Age, ProgVar",2.1978786878230387,0.11964937235193467,-0.21786702541469571,0.4581513848178068,Accept,1.6650271926178872,Reject,Accept,0.9763766256355819
0.5293403572521175,1.008340466838831,0.2003521624121757,-0.06766657929947682,0.47198822406360325,Accept,"Gender, Age, ProgVar",1.4436152295600078,0.2003521624121757,-0.08140504297664881,0.4740008074897412,Accept,1.4824307235336942,Accept,Accept,1.062160725917166
0.7096168661783376,0.9578640993977956,0.11681502344339477,-0.11416920429153922,0.3431413297135613,Accept,"Gender, Age, ProgVar",1.0518717869205476,0.11681502344339477,-0.10041305471561594,0.34112221450798264,Accept,1.1137717789531567,Reject,Accept,0.8248282118689289
0.5456404009881742,0.8096850754177957,0.2922369850230138,0.07191290660604865,0.5137124644842911,Reject,"Gender, Age, ProgVar",1.3205362644118614,0.2922369850230138,0.07498905307834519,0.5348449525746907,Reject,1.6139748894744372,Reject,Accept,1.2499683250384526
0.5520349436346669,0.8815030601598132,0.3220533519777686,-0.023270770454660736,0.5425367713900853,Accept,"Age, ProgVar",1.7357816581573318,0.3220533519777686,0.0876340338041468,0.5650646193334691,Reject,1.642025624635262,Reject,Accept,1.5775741206984373
0.7630232630136923,0.9663822998539036,0.15345116542284729,-0.0760033652752965,0.33301046630924636,Accept,"Gender, Age, ProgVar",0.8976930305254451,0.15345116542284729,-0.0532236713672993,0.35468721534403586,Accept,1.2986353906713568,Accept,Accept,0.8036529687743339
0.7460406929243076,0.8484956974602766,0.20733271689298483,-0.09187867748414535,0.4744437112571931,Accept,"Gender, Age, ProgVar",1.5024945887171774,0.20733271689298483,-0.06773382404124356,0.495928848486165,Accept,1.5599347429888994,Reject,Reject,1.4412019031001242
0.7308288932086262,0.9399768363195949,0.07306501822872578,-0.1199883768856757,0.30965474982766816,Accept,"Gender, Age, ProgVar",1.4905756801471888,0.07306501822872578,-0.13053596476824877,0.2937355204696722,Accept,1.4905426271777245,Accept,Accept,1.086527250178041
0.7955943995938569,0.9383697410197301,0.10223019332490356,-0.08028451729420713,0.39266145231844996,Accept,"Gender, Age, ProgVar",0.967637219612547,0.10223019332490356,-0.12200696666629426,0.33925662362828707,Accept,1.1182475664476437,Accept,Accept,0.5581683905130396
0.8085319229711901,0.8506125946877258,0.02633173984643818,-0.011553573782739357,0.5993143442260036,Accept,"Age, ProgVar",1.1033042265036075,0.02633173984643818,-0.22924263353167745,0.28662776707547916,Accept,1.3001215339829222,Accept,Accept,0.6729365145746906
0.8023897479257807,0.9285385292007537,0.06926010855043929,-0.05378854099696457,0.3349791737799967,Accept,"Gender, Age, ProgVar",1.8421424672511262,0.06926010855043929,-0.12289147642665013,0.255677012673082,Accept,1.6495011731814397,Accept,Accept,1.146038480603463
1.0894896997143708,0.9337493070317442,0.1944403291230817,-0.08871869037686836,0.41085395000055586,Accept,"Gender, Age, ProgVar",1.4455148314183879,0.1944403291230817,-0.03491309754109818,0.43231239974387947,Accept,1.603020280002918,Reject,Reject,1.5434197668179357
1.0542309019972993,1.0430630971074877,-0.01616988671344723,-0.30317063747650375,0.26906188049812696,Accept,"Gender, Age, ProgVar",1.3555957306252184,-0.01616988671344723,-0.29746340613091604,0.25528364202504866,Accept,1.450445113363333,Accept,Accept,0.4113201685877121
0.22997440387531132,0.7814523353046612,0.4451036631862808,0.294987477889669,0.866980512810509,Reject,"Gender, Age, ProgVar",1.156905940311771,0.4451036631862808,0.17915567739777521,0.7009537111647096,Reject,1.5344061211840494,Reject,Accept,1.166183105805248
0.7423221498826459,0.9690848399640812,0.09178711282201965,-0.201062004323736,0.42651443016339424,Accept,"Gender, Age, ProgVar",1.436089234136609,0.09178711282201965,-0.19707749607337408,0.3729582391519777,Accept,1.284586403280027,Accept,Accept,1.1110564928506332
0.6873944165861077,0.8999580793242953,0.16861004934226118,-0.09959496823670977,0.36765412306146644,Accept,"Age, ProgVar, X2",1.4898998617008883,0.16861004934226118,-0.03773852974516423,0.36936014785551163,Accept,1.3854965312661078,Accept,Accept,0.8077917361151031
0.5718000145870409,0.8359544677488353,0.20177349884266904,0.018880062946480033,0.44550020402613044,Reject,"Gender, Age, ProgVar",1.2410655690068868,0.20177349884266904,-0.02032668996267541,0.40554406164821455,Accept,1.2036047743592673,Reject,Accept,0.19838037429999852
0.4888183512367419,0.8332143106410548,0.25980312418548207,-0.04194715362166995,0.4332899092578416,Accept,"Age, ProgVar",1.9800768919141327,0.25980312418548207,0.06770842291373384,0.46741271839781334,Reject,1.3423690752662063,Reject,Accept,0.5179010406549174
0.7780180997196408,0.945751712398715,-0.026964706020606886,-0.0994311755281296,0.47083934872181055,Accept,"Gender, Age, ProgVar",2.064600699042963,-0.026964706020606886,-0.317813171113563,0.24333507708342836,Accept,1.5579479768363365,Reject,Accept,0.2862546855132556
0.8243080969066192,0.893962759422457,0.09061693745432092,-0.1008704481615117,0.2651450328008895,Accept,"Gender, Age, ProgVar",1.7255125887962608,0.09061693745432092,-0.08114061717613633,0.26452796123533284,Accept,1.3700948138912412,Accept,Accept,0.1328600267471701
0.5472790370106114,0.8248108662380117,0.23596253751598062,0.03409674558188369,0.5014808045841985,Reject,"Gender, Age, ProgVar",1.4154812421629754,0.23596253751598062,-0.008016342629577816,0.4659404029947828,Accept,1.4661899645721066,Reject,Accept,0.7654842286270394
1.0702727307759645,0.8959565852204322,0.06624384949847723,-0.22446834956458794,0.3494325575915774,Accept,"Age, ProgVar",1.4520544682149537,0.06624384949847723,-0.17161241138350936,0.3056089658888026,Accept,1.3641810174816031,Accept,Accept,0.9357012440698116
1.1754905337395911,0.977536422072258,-0.16329385609022903,-0.37407867520063776,0.08247639089967644,Accept,"Gender, Age, ProgVar",1.7357037851681434,-0.16329385609022903,-0.3710683121522963,0.06867807301542694,Accept,1.4758961815259566,Accept,Accept,0.4238170518603865
0.9849853509992954,1.0204464010657837,0.04455487066222186,-0.14443229606407335,0.31108910102458354,Accept,"Gender, Age, ProgVar",1.7063375259131002,0.04455487066222186,-0.18228595289005337,0.2795905138418324,Accept,1.4263367530447184,Accept,Accept,0.2722431044701031
0.7418522988303492,0.8749100506442322,0.2009411676990182,0.015525725651220817,0.38964460077886026,Reject,"Gender, Age, ProgVar",1.656541525300273,0.2009411676990182,0.021604891212755717,0.3854584558863875,Reject,1.5835298243493727,Reject,Accept,0.43975561906373484
0.6767871949982872,0.787111884958268,0.22307122963153428,0.021496221946998156,0.5246345798435916,Reject,"Age, ProgVar",1.6764106974880622,0.22307122963153428,0.030207634717848708,0.424388152463528,Reject,1.4352410668714117,Reject,Accept,1.434204082273995
0.8591799663219871,0.891134392853146,0.12000426785627323,-0.10540594034377629,0.3909347584990146,Accept,"Gender, Age, ProgVar",1.4880083459819198,0.12000426785627323,-0.12049149624543494,0.3679763616757699,Accept,1.52318144556587,Reject,Accept,0.39222857688277857
0.7140158859767098,0.9223978279791404,0.08177101373104075,-0.14712188077503136,0.24484557485049313,Accept,"Gender, Age, ProgVar",1.3440435800318238,0.08177101373104075,-0.10799188590573255,0.26777806583589,Accept,1.3568716934307197,Accept,Accept,0.4404433288803978
0.8106100852832187,0.9765816911518604,0.13181480193186493,-0.21953613885483628,0.33626308471156807,Accept,"Gender, Age, ProgVar",1.2912072287792795,0.13181480193186493,-0.14467544932698845,0.3935132980167657,Accept,1.3679392153465608,Reject,Accept,0.7248376078945026
0.5649714171103821,0.952245388166279,0.10910469404183071,-0.15812836415295017,0.5263954201729405,Accept,"Age, ProgVar",2.011391579200732,0.10910469404183071,-0.18474208211300064,0.4078626246727534,Accept,1.7092829602315773,Accept,Accept,0.9157136018178872
0.8484525601719578,1.0012634470463346,-0.020637862076299987,-0.23918312496803024,0.24863114407154444,Accept,"Gender, Age, ProgVar",1.2040646856531154,-0.020637862076299987,-0.26463074973450385,0.21580483542495832,Accept,1.2793900981508965,Reject,Accept,0.8535264591298732
0.8680301959298835,1.0188780239087978,-0.055302274941737464,-0.42152073961374226,0.13687684864018249,Accept,"Age, ProgVar",1.4657750839019,-0.055302274941737464,-0.3126650596178522,0.21425083450506177,Accept,1.3328152380567533,Accept,Accept,0.971317338690776
0.8829046798419948,0.8695078650559933,0.19904284886030135,-0.12418626611452635,0.341286380809637,Accept,"Gender, Age, ProgVar",1.9860425454758257,0.19904284886030135,-0.0036199332632254125,0.40153250192545675,Accept,1.5202675128047705,Reject,Accept,1.3437401448118336
0.49877162371265715,0.8380655243102393,0.11095189097464515,0.016871881177857095,0.5056089611353289,Reject,"Gender, Age, ProgVar",1.2501528514984233,0.11095189097464515,-0.1508470950602157,0.360319182702305,Accept,0.9615678546318485,Accept,Reject,1.6851973530993971
0.6806506682746722,0.8877581305897655,0.16230203157841383,-0.01370573981664168,0.4118255719794176,Accept,"Gender, Age, ProgVar",1.0124781618363798,0.16230203157841383,-0.04452263710620202,0.3777285065182122,Accept,1.0662126555912583,Accept,Accept,0.8078298561667898
0.38882116521577725,0.9130073625533355,0.2222533201716621,0.045739202130614484,0.4909917044733344,Reject,"Gender, Age, ProgVar",1.8777084487372493,0.2222533201716621,0.015111888341913538,0.43624570524758316,Reject,1.5275336673333706,Reject,Accept,1.098504003649009
0.26616827263639525,0.838781604485548,0.3690303811454688,0.2090197692176441,0.7957972852937082,Reject,"Age, ProgVar",1.1118279978934182,0.3690303811454688,0.10836334601043007,0.6268318225801031,Reject,1.1537737010054667,Reject,Accept,1.1916974185995344
0.8079787771968142,0.9838496329002099,0.13363383474297066,-0.1007986515958332,0.36635775991496844,Accept,"Gender, Age, ProgVar",1.4550762166976232,0.13363383474297066,-0.09543214905371986,0.37174920356222174,Accept,1.6551111442197646,Reject,Accept,0.7033673816858804
0.6003059118243337,0.909628692219685,0.17802310401227836,-0.0952970830499396,0.4736366025782741,Accept,"Gender, Age, ProgVar",1.05747425639764,0.17802310401227836,-0.11218870641742953,0.45560837292355877,Accept,1.227553806373291,Reject,Accept,0.9544526853923397
0.540675292738582,0.9801640928070646,0.08230169869109259,-0.14838483184556756,0.4422310069652425,Accept,"Age, ProgVar, X2",0.9097548504405502,0.08230169869109259,-0.17393840840380356,0.33846105812797844,Accept,1.1391511615326382,Accept,Accept,0.724997468294874
0.6735635161673559,0.9928817644858249,0.22868336223239746,-0.049951104134591195,0.4568239686501357,Accept,"Age, ProgVar",1.0121893704618592,0.22868336223239746,0.03625756198145236,0.4336364255079835,Reject,1.087963357332062,Reject,Accept,0.34151106202968834
0.5998883409658903,0.9033227809937938,0.2572922739671232,-0.03508525376806504,0.5137260684578256,Accept,"Gender, Age, ProgVar",1.8220493687050026,0.2572922739671232,-0.020336934665226528,0.519065945135905,Accept,1.5100084412546217,Accept,Accept,1.0348771753406962
0.8447262228567952,0.9455244600716027,0.10383886698767622,-0.11769567508160553,0.3541642877166896,Accept,"Gender, Age, ProgVar",1.5753403897767155,0.10383886698767622,-0.127629502556578,0.33435826214092196,Accept,1.293930951663348,Accept,Accept,0.8407488159497972
0.6011592725072172,0.9279042748650587,0.09992388806640227,-0.08748327778369494,0.5139751711327754,Accept,"Age, ProgVar",1.6064244456175332,0.09992388806640227,-0.15697079425727178,0.366089501251306,Accept,1.632758791826387,Accept,Accept,0.6010504863617278
0.9379248737710205,0.812268641390183,0.18877544461220683,0.03632485470177142,0.5239307448430032,Reject,"Gender, Age, ProgVar",1.2143545599992922,0.18877544461220683,-0.0643719589867277,0.4316117938058228,Accept,1.4636474070927545,Accept,Reject,1.258554055828819
0.5644267943497987,0.9329726709264144,0.09605312487169955,-0.20032172364084197,0.45933183283933743,Accept,"Age, ProgVar",1.6099177663642437,0.09605312487169955,-0.1605112730000869,0.35894736934552784,Accept,1.637689488378582,Accept,Accept,0.6839415006524638
0.8334577924800352,0.8618666977135133,0.06710135533186598,-0.096928883366555,0.401358356365646,Accept,"Gender, Age, ProgVar",1.463212924258891,0.06710135533186598,-0.17849585931338285,0.31936898072658937,Accept,1.8340918900148835,Reject,Accept,0.7494224835055718
0.9234886048151444,0.8647414848581534,-0.01581356735159185,-0.21010233447409152,0.3046662962354397,Accept,"Gender, Age, ProgVar",1.865108139601103,-0.01581356735159185,-0.25631665955539773,0.22213472224198386,Accept,1.5539031725864083,Accept,Accept,0.8365911671157643
0.5427219522228949,0.7951348916040069,0.29093259119236325,0.0693791268344573,0.5626437321727097,Reject,"Gender, Age, ProgVar",1.2608154032672536,0.29093259119236325,0.041302357099528494,0.5293243615162915,Reject,1.4800077472928097,Reject,Accept,0.04802319041022512
0.7571165350181461,0.904877486600022,0.32664517821851213,0.07530484081313814,0.5963967061625973,Reject,"Gender, Age, ProgVar",1.7658965996783098,0.32664517821851213,0.06624888386007187,0.5911014310386913,Reject,1.4130208289343837,Accept,Accept,0.5298233166543767
0.7199281833571256,0.9219655601582212,0.08070051909790653,-0.17507634183582954,0.30601836693311196,Accept,"Gender, Age, ProgVar",1.6937870541740196,0.08070051909790653,-0.15399790066932728,0.3270809840793225,Accept,1.606099775105737,Accept,Accept,0.7958831251527502
0.751276997178885,0.9594910221318304,0.1552580321161411,-0.2533191925374888,0.4702165756941812,Accept,"Age, ProgVar",1.8799431910978006,0.1552580321161411,-0.14312123128925597,0.45076983674822346,Accept,1.6411838641948069,Accept,Accept,0.9585440618285921
1.013270396458156,0.8304191561924003,0.22166063384829052,-0.026173778054196295,0.4927866430825436,Accept,"Gender, Age, ProgVar",1.1456492200028294,0.22166063384829052,-0.024161705929813843,0.4631717797688565,Accept,1.181803802310184,Reject,Accept,0.3922608891722517
0.38158198655178927,0.8582037164990838,0.09643867162488914,-0.1215392543651746,0.5090755303972841,Accept,"Gender, Age, ProgVar",1.328426930042969,0.09643867162488914,-0.1996037489936932,0.39297427850005295,Accept,1.28036472961563,Accept,Accept,0.973503208732716
1.2335452563914056,1.1452848758077163,-0.1865687706235828,-0.5791125556870769,-0.05912902571315747,Reject,"Age, ProgVar",1.3632116294204268,-0.1865687706235828,-0.4092616298504741,0.03323848971870777,Accept,1.2314365883224394,Accept,Accept,0.6055178809442494
0.6330483923232415,0.8592383138663671,0.21908825614259173,-0.05257680195219237,0.4746113561251071,Accept,"Gender, Age, ProgVar",1.899151227963209,0.21908825614259173,-0.05302455450671856,0.47483177339497373,Accept,1.6041037368827542,Accept,Accept,0.34622924830565366
0.4819588784906338,0.8995800633566701,0.3011051034922808,-0.06626396265672543,0.5804893596246864,Accept,"Age, ProgVar",1.4651708029157806,0.3011051034922808,0.0355527804242218,0.5897084192088826,Reject,1.4498944131653895,Reject,Accept,0.8467415722547724
0.7905940863579246,0.8258520546976887,0.1554059016956472,0.062111795534445624,0.508677238921714,Reject,"Gender, Age, ProgVar",1.6502143747568763,0.1554059016956472,-0.06810540197234617,0.4059751072564849,Accept,1.5043710200756988,Accept,Accept,1.213877551116049
1.0423969194278024,0.9196769017659706,0.09722198483448423,-0.08012625299389795,0.4856999499186065,Accept,"Gender, Age, ProgVar",1.673929552543334,0.09722198483448423,-0.19962638353220052,0.3909158489492877,Accept,1.4731308311915032,Accept,Accept,0.5994864481401014
0.9666327783767159,0.9575647547047657,0.013092493491944857,-0.1359868018926584,0.27484249663098825,Accept,"Gender, Age, ProgVar",1.1032783851423797,0.013092493491944857,-0.1723359850973006,0.19642186207302434,Accept,1.4881684393271697,Accept,Accept,0.9843228885160715
0.8740472331190132,0.8372893890265091,0.16941192027555305,0.004011406614805368,0.4085689732454342,Reject,"Gender, Age, ProgVar",1.4427913352321198,0.16941192027555305,-0.031570821271550406,0.37082708376313067,Accept,1.7223863795489036,Reject,Accept,0.9954839789919514
1.0633266993042207,1.046436259434873,0.14757984050298825,-0.10857687006887537,0.43866895910568404,Accept,"Gender, Age, ProgVar",1.3347798024123794,0.14757984050298825,-0.13024217607572833,0.4112302859391428,Accept,1.2866210659655946,Accept,Accept,0.8765137730944607
0.6312420808955844,0.8417844260989501,0.22601637660588106,0.05797952228873868,0.42374169871812906,Reject,"Gender, Age, ProgVar",1.504900634616077,0.22601637660588106,0.04796987413938667,0.40641575152226583,Reject,1.1548047217231592,Accept,Accept,0.3473885306609388
0.7609759878769903,0.845806297329298,0.2742515582192277,0.0269498958793082,0.4946374767367677,Reject,"Gender, Age, ProgVar",1.5108642869370206,0.2742515582192277,0.038307664509014294,0.49953789332212734,Reject,1.5199361863897856,Accept,Accept,0.8030917952167055
0.5689156849338138,0.8907985349975763,0.09100844226292729,-0.04123588376279894,0.4612069748519691,Accept,"Gender, Age, ProgVar",1.1858940202525756,0.09100844226292729,-0.15521429559185862,0.3341242891050935,Accept,1.3175947208452155,Accept,Accept,1.2340435287661404
0.7365570787989056,1.0820295728368325,-8.687820026481766e-4,-0.1686544058274161,0.5181056752068474,Accept,"Age, ProgVar",1.4115337573887865,-8.687820026481766e-4,-0.3069654730019756,0.27620484447890314,Accept,1.080382261022981,Accept,Accept,0.5566074660328458
0.8529271665105528,0.8732303951769266,0.18415832069559815,-0.045165593778607224,0.43968202103198056,Accept,"Age, ProgVar",1.6421624439912097,0.18415832069559815,-0.040591216486904586,0.3857051354285195,Accept,1.6416032272406604,Reject,Accept,0.46963068656798906
0.55704876993572106,0.8629012790706999,0.1445968295335934,0.019078522687722935,0.3864073259442399,Reject,"Gender, Age, ProgVar",0.8320248780901975,0.1445968295335934,-0.03110217322827129,0.3372237797597426,Accept,1.1101734883510934,Reject,Accept,0.9492351362432705
0.6132162076896985,0.9235791812782382,0.017158370965672333,-0.19350157460761752,0.25852086664893903,Accept,"Gender, Age, ProgVar",1.1461206745341226,0.017158370965672333,-0.21987593928045723,0.2465708371319164,Accept,1.1961032049565916,Accept,Accept,0.8611331882706292
0.5256123472144318,0.832542853849027,0.26325802799434256,-0.008310068565257442,0.5439789285813754,Accept,"Gender, Age, ProgVar",1.4274573978455023,0.26325802799434256,0.0029531172264641537,0.5243255483494428,Reject,1.3919745571686946,Reject,Reject,1.5210644617964786
0.9566901439208748,0.9372538846559945,0.034869275575233095,-0.09642143963458988,0.38145389293774046,Accept,"Gender, Age, ProgVar",1.086308883108398,0.034869275575233095,-0.18065986959437713,0.268004225232607,Accept,1.3065971115355959,Accept,Accept,0.7180849345990746
1.112764039042675,1.0530723213215474,-0.07794158602820905,-0.341639436773952,0.18361471378333127,Accept,"Gender, Age, ProgVar",1.6226056896858836,-0.07794158602820905,-0.35862473516495985,0.18691218719412844,Accept,1.4483918189791813,Accept,Accept,0.39231361879369087
0.8940071934680924,0.9289096644151456,0.14402096834601008,-0.08870742959394776,0.30601882820863047,Accept,"Gender, Age, ProgVar",1.2761515491452677,0.14402096834601008,-0.042452245482302024,0.3459623525421913,Accept,1.2628713423077962,Accept,Reject,1.3016999313323068
0.8791802016394401,0.8755740364935924,0.17840476478368114,-0.07877543924769631,0.40130644687674555,Accept,"Age, ProgVar",1.069368237917838,0.17840476478368114,-0.027630179968202953,0.3932450951036795,Accept,1.042637652715762,Reject,Accept,0.2800970118431893
0.9916346734128284,0.9632994031537592,-0.03721343598307589,-0.17525054518304278,0.17581177595149386,Accept,"Gender, Age, ProgVar",1.1320556770032193,-0.03721343598307589,-0.22165981436520485,0.15293508898393032,Accept,1.2193580857410844,Accept,Accept,1.126038083452024
0.6857644891350296,0.9572282513033393,0.11958403752417382,-0.1041468798202009,0.44075771713015993,Accept,"Gender, Age, ProgVar",1.5576503257425882,0.11958403752417382,-0.17453537244405515,0.4159174146817385,Accept,1.313374832100914,Accept,Accept,0.38228770040144344
0.9926336176297079,1.015977922068827,0.013837683930185592,-0.31293787098014997,0.18360700968683252,Accept,"Gender, Age, ProgVar",1.0976148420216127,0.013837683930185592,-0.24470353058056965,0.2637046210839073,Accept,1.4120370756962592,Accept,Reject,1.422014428618322
0.7930499713492309,0.9317785127119812,0.1483654819693061,-0.14261273927215506,0.4762907591692973,Accept,"Gender, Age, ProgVar",1.4527447593631926,0.1483654819693061,-0.17300227078533645,0.48463594030358464,Accept,1.3042270712296469,Accept,Accept,0.762064004563647
0.8898418934670398,0.9091688174492,0.14099301626488844,-0.14639149656793174,0.3664558535639741,Accept,"Gender, Age, ProgVar",1.3283592379002525,0.14099301626488844,-0.11216218495376996,0.40752229736039514,Accept,1.3262313808543658,Reject,Accept,0.48035869227289885
0.5284290725505756,0.8813930378442256,0.1824453213879548,0.034087498994648774,0.6418155816020196,Reject,"Age, ProgVar",2.200705431930652,0.1824453213879548,-0.09705877955362338,0.45659246599944747,Accept,1.629293133858604,Reject,Reject,1.8624730728187728
0.6631310079477903,1.0262815928105502,0.03466627295140517,-0.23450741324533136,0.39838100576490326,Accept,"Age, ProgVar",1.2034374330023168,0.03466627295140517,-0.23330342901766604,0.3020564115399986,Accept,1.2208643348484844,Accept,Accept,0.8510703482204468
0.7579200017458375,0.8976611978371213,0.0455198932254815,-0.14948069169202327,0.29099718746521974,Accept,"Gender, Age, ProgVar",1.1757224352955196,0.0455198932254815,-0.18608709047878447,0.26775839827111664,Accept,1.054112241099284,Accept,Accept,0.5805024149908471
0.57320727959062,0.8525937811217518,0.4432634613847371,-0.047838438359643874,0.915747316394702,Accept,"Age, ProgVar",1.1836586400096791,0.4432634613847371,0.021654597598760844,0.8652809751807806,Reject,1.3071117115836781,Reject,Reject,1.062329172008347
0.751088823218092,0.916667438894765,0.06667227880455262,-0.11586091404302609,0.26086996857396144,Accept,"Gender, Age, ProgVar",1.2331343983650092,0.06667227880455262,-0.12502914176169666,0.2542229122542514,Accept,1.1292615547839202,Reject,Accept,1.0021137498006634
0.7873772283848802,0.9725109258935198,0.12503955402896,-0.12712004033004737,0.3680852027210269,Accept,"Gender, Age, ProgVar",1.7530490171245174,0.12503955402896,-0.12043661243457049,0.3855105382151152,Accept,1.806896113938404,Accept,Accept,0.941955647633547
0.7061775925176154,0.899843795640841,0.1396182303025655,-0.14396765675798892,0.4484488980233997,Accept,"Age, ProgVar",1.3493426337174348,0.1396182303025655,-0.15435996345142053,0.4355296130824144,Accept,1.144063919285956,Reject,Accept,0.8287253455027822
1.0175559471201918,0.8609048620339076,-0.03769246409474892,-0.2014504219023182,0.27461190849964456,Accept,"Gender, Age, ProgVar",1.8599183400984567,-0.03769246409474892,-0.28498589293587845,0.22068999778390885,Accept,1.5393871065469518,Accept,Accept,1.0795324286617225
0.9390829215485205,0.8990088877474048,-0.0071780823473792795,-0.17347368861564094,0.2765222914418758,Accept,"Gender, Age, ProgVar",1.2033173758116908,-0.0071780823473792795,-0.24369484305233785,0.22245758659127893,Accept,1.362946164348479,Accept,Accept,1.2757018280071
0.598572514451454,0.6624372037175016,0.27934326942167687,0.09008342962183452,0.6473968818874938,Reject,"Age, ProgVar",1.9606076329731525,0.27934326942167687,0.029329073084197813,0.5093785361016939,Reject,1.9621572373205385,Reject,Accept,0.5806819960813027
1.1703811971708868,0.8600106355432453,0.04008822325028217,-0.31257919041342097,0.2628748206594408,Accept,"Age, ProgVar",1.4474913644483542,0.04008822325028217,-0.20780466643688283,0.2870869186050263,Accept,1.1788090879576156,Reject,Accept,1.2122016930240918
0.9769950685992587,0.8988745988033813,0.13795251427737346,-0.13498878947787046,0.4331182920459736,Accept,"Gender, Age, ProgVar",1.5314969291956144,0.13795251427737346,-0.1349688004607189,0.4219328533792628,Accept,1.4383113561895475,Reject,Accept,1.001654978705619
1.3552448467291474,1.1330251165897125,-0.20792579398462674,-0.5451963570237977,-0.003593244883404151,Reject,"Gender, Age, ProgVar",0.9729247292744995,-0.20792579398462674,-0.4837544640537683,0.06601075818265566,Accept,0.9915675173429404,Accept,Accept,0.30899134664939576
0.5793410204216597,0.9039821192743125,0.24775597590743448,7.484481110150987e-5,0.5106087861392037,Reject,"Gender, Age, ProgVar",1.3013345156222267,0.24775597590743448,-0.0035381009510451616,0.4957945297166771,Accept,1.4337349564061683,Reject,Accept,1.2142592650703505
1.1524517644471217,0.9058097041615115,-0.015614957154163335,-0.34022739640022515,0.2234910938450128,Accept,"Gender, Age, ProgVar",1.5290146162948515,-0.015614957154163335,-0.3153383316103911,0.28913705108811055,Accept,1.4369314691658752,Accept,Accept,0.4523019741225746
0.5328014722072425,0.919581429659108,0.09291750795631114,-0.13728989497860405,0.5810768074176067,Accept,"Age, ProgVar",1.601008672096442,0.09291750795631114,-0.2232775709812632,0.41440872942272844,Accept,1.2578579795977096,Accept,Accept,0.8893589851251928
0.714485884823291,0.8428541755856749,0.06039274365677559,-0.11623166588477636,0.354956109560426,Accept,"Age, ProgVar",1.300174477186979,0.06039274365677559,-0.1468531017202414,0.2709156865744779,Accept,1.3081928793675595,Accept,Accept,1.1315519777058143
1.1473571420416908,0.9966213831059724,-0.011181868221787957,-0.14969164067539928,0.21368508015684617,Accept,"Gender, Age, ProgVar",1.6232201460835534,-0.011181868221787957,-0.1835839812560987,0.17062914464356765,Accept,1.2220603642912933,Accept,Accept,0.1099344953091902
0.7663536474643585,0.9625131707638994,0.1767341427754381,-0.060500621367294546,0.4349307553749158,Accept,"Gender, Age, ProgVar",1.723736481925228,0.1767341427754381,-0.0931532959597052,0.41700213708584977,Accept,1.4948942318760756,Accept,Accept,0.48411881525953243
0.6963163810054002,0.7243655534587565,0.24274221602375146,0.039168734494657936,0.5140550293432203,Reject,"Gender, Age, ProgVar",1.2147581592381451,0.24274221602375146,-0.016401809754285332,0.4986235848696326,Accept,1.337971299638652,Accept,Reject,1.3754201160389263
0.934069071779968,0.9829913805335785,0.18571382976257358,-0.106925357670282,0.3903916225452069,Accept,"Gender, Age, ProgVar",1.6578541942551148,0.18571382976257358,-0.06423667025070004,0.447635048732015,Accept,1.2546467574100924,Accept,Accept,1.0063415746794164
0.9665647755449814,0.9004976316110815,0.12824380779413452,-0.08668722540841574,0.37236581202527197,Accept,"Gender, Age, ProgVar",1.5029739290172999,0.12824380779413452,-0.11583278462410286,0.35254296821153885,Accept,1.49732066135166,Accept,Accept,0.4976715564359176
0.5524957955158589,0.9130326165780525,0.37153924523393644,0.09650931707941739,0.6811683888876114,Reject,"Age, ProgVar",1.9948256652371277,0.37153924523393644,0.1337754805459711,0.6059768912509089,Reject,1.6023530290852657,Reject,Accept,1.412137885751137
0.6449444979815618,0.9488513752353168,-0.014016553574276109,-0.2797453070121213,0.24895485315854973,Accept,"Age, ProgVar",1.0710123034274477,-0.014016553574276109,-0.2243164884385055,0.20395295729424961,Accept,1.135900556247077,Accept,Accept,0.6443187086244668
1.0401708846088447,0.9787651946979722,0.09359863185912469,-0.15663105757669182,0.2995503342196569,Accept,"Gender, Age, ProgVar",1.9481725705929533,0.09359863185912469,-0.13749354300367966,0.3487723686102949,Accept,1.8801854084006084,Accept,Accept,1.4173491923738901
0.6414071181350164,0.9624589697260684,0.21881311162706554,-0.06010290815393156,0.35772119362478416,Accept,"Gender, Age, ProgVar",1.1971061355971955,0.21881311162706554,0.013667164006534907,0.42626913283218026,Reject,1.3702132695967244,Accept,Accept,1.110295958144848
0.2999841941116174,0.7549798857052693,0.2716654189069688,0.11251946905577367,1.0974206073251798,Reject,ProgVar,1.6489140004294582,0.2716654189069688,-0.05897155875120194,0.5913800838696833,Accept,1.515058152620828,Reject,Accept,1.0448336064153332
0.8149528538337076,0.9754214376374879,-0.0259986179716646,-0.41679704673591017,0.2910607907406173,Accept,"Age, ProgVar",1.3731477146870237,-0.0259986179716646,-0.3197104703752598,0.2557752809224819,Accept,1.1593108218505928,Accept,Accept,0.6894870470787058
0.8075462484282386,0.8654839557529547,0.19688276193662008,-0.15802543874757363,0.5293400062809295,Accept,"Age, ProgVar",1.5137450459601476,0.19688276193662008,-0.07892501678964899,0.4591135800297032,Accept,1.6490522201052675,Reject,Accept,0.22546713254838213
0.8395721425681788,0.9937940629340807,0.007212980199877313,-0.24522185164608878,0.323904370713486,Accept,"Gender, Age, ProgVar",1.6403456282649795,0.007212980199877313,-0.2631153114141139,0.296798782427505,Accept,1.5544799915303655,Accept,Reject,1.560962635838063
1.2236063642707895,1.15699898374627,-0.09988590093900508,-0.48628245504587503,0.0913691665318106,Accept,"Age, ProgVar",2.0310056984401434,-0.09988590093900508,-0.3364002279400769,0.15336640140685964,Accept,1.6597039543631573,Accept,Accept,1.0922540675890802
0.8175583272674725,0.9621300980114754,0.10841303032163171,-0.13419623584081578,0.398995134353861,Accept,"Age, ProgVar",1.1511044557225427,0.10841303032163171,-0.1297927093005758,0.34153691473564635,Accept,1.1240016862416762,Accept,Accept,1.1513765813632688
0.505215165554878,0.8887010608888269,0.15174859476607785,-0.13160705589943306,0.5935527010608642,Accept,"Age, ProgVar",1.2840665209243496,0.15174859476607785,-0.20075870632748677,0.5019554411559616,Accept,1.368419620956329,Accept,Accept,0.9818077621904728
0.9190995127292824,0.9215455353720068,0.0787413900348489,-0.16064593629592142,0.2995470302738049,Accept,"Gender, Age, ProgVar",1.6016509473496805,0.0787413900348489,-0.13995578806171372,0.2867876700237987,Accept,1.3145711417602264,Accept,Accept,0.2554360504034713
0.8081602035738321,0.9117337483012982,0.07635831169888738,-0.15548795754039563,0.280780373452448,Accept,"Gender, Age, ProgVar",2.060755167346754,0.07635831169888738,-0.16210380725750412,0.3108304715947251,Accept,1.7445431464502823,Accept,Accept,1.4005244217427217
0.6894365485722991,1.0153367678348586,0.13510116375935025,-0.1644059562205854,0.476803868919463,Accept,"Age, ProgVar",1.135477064465164,0.13510116375935025,-0.13394276654880283,0.41921499575968635,Accept,1.1654088895801886,Accept,Accept,0.9329986287230208
1.1219002360649146,0.9989801754105182,0.08569406979769312,-0.28242418264140634,0.3115592539996087,Accept,"Gender, Age, ProgVar",1.4112264493925089,0.08569406979769312,-0.18102146349381631,0.368968302193092,Accept,1.5479426761901123,Accept,Accept,0.6615921223760578
0.7631135872837982,0.9671294861201986,0.05699591613070832,-0.1474680181860209,0.2546379470018381,Accept,"Gender, Age, ProgVar",1.2921775186061815,0.05699591613070832,-0.12733027745062775,0.24707495678612867,Accept,1.336502136643831,Accept,Accept,0.6278491810464512
0.9203465865091829,0.9035816913172188,0.024325147707465567,-0.23575391265691736,0.20750625539492173,Accept,"Gender, Age, ProgVar",1.222112191068401,0.024325147707465567,-0.19959457350903187,0.24723571063414668,Accept,1.1959747209072373,Accept,Accept,0.9887383027900224
1.0521696391499833,0.9934164693770927,-0.061720597502817075,-0.14393486853469936,0.3135453333441598,Accept,"Gender, Age, ProgVar",1.1925197748090464,-0.061720597502817075,-0.29283688377289624,0.16333320448473465,Accept,1.2459174110940794,Reject,Accept,1.249775067530925
0.9327212911875546,0.8384770449586584,0.10311600356743172,-0.1174652836825544,0.40680907921955156,Accept,"Gender, Age, ProgVar",1.7816110115962034,0.10311600356743172,-0.1417900941957856,0.3455575835293783,Accept,1.5209958551644203,Reject,Accept,0.7648962111071745
1.009640068153229,0.9764615387727797,0.038667672502232825,-0.31340844067920426,0.2532973107760913,Accept,"Age, ProgVar",1.5658554382345966,0.038667672502232825,-0.1965159229142238,0.26108496101243656,Accept,1.4147396873595357,Accept,Accept,1.4236770255848428
0.7958482295520651,0.9157746438542513,0.13657086119724052,-0.07265934468965553,0.5115104882614349,Accept,"Gender, Age, ProgVar",1.0483452176888035,0.13657086119724052,-0.14477482503674133,0.4390407503720424,Accept,1.363265040471855,Accept,Accept,0.7831047630866674
0.6517025118882804,0.9144606163146395,0.04809022567634336,-0.13396037995165747,0.2952304509324759,Accept,"Gender, Age, ProgVar",1.3610864855271925,0.04809022567634336,-0.14295132607519367,0.25618367568101574,Accept,1.101495875228414,Reject,Accept,0.7644231278127421
0.45583785478679084,1.0258234597356912,0.21105772409582596,-0.10141604204896976,0.6175322881309482,Accept,"Age, ProgVar",1.2593539399694695,0.21105772409582596,-0.11384718902843571,0.5505454642823755,Accept,1.2509048520978605,Reject,Reject,1.1880050606664692
0.6827842354433603,0.8652005812288193,0.1398625530708537,-0.1505208012054412,0.3575447448631533,Accept,"Age, ProgVar",1.0061234971873514,0.1398625530708537,-0.0990035193949709,0.3791581913659127,Accept,1.082403410119641,Accept,Accept,0.4576539048743565
0.7901752301307369,0.860569594421571,0.14635725820359236,-0.1198293672016334,0.414383737112492,Accept,"Gender, Age, ProgVar",1.4009425181682291,0.14635725820359236,-0.11191042691955222,0.41697492245449963,Accept,1.42465556329163,Accept,Accept,0.5270791661881813
0.6962254602425202,1.0246932707290979,-0.05423673157456463,-0.24238412446197138,0.12658369082020854,Accept,"Gender, Age, ProgVar",1.5857112210131512,-0.05423673157456463,-0.22363915590053512,0.12819056777927712,Accept,1.4633388984239821,Accept,Accept,1.6522787639703758
0.6660018265046658,0.8039390676337836,0.2634340621394585,-0.010681650116682567,0.47315766106282886,Accept,"Gender, Age, ProgVar",1.304902480837762,0.2634340621394585,0.03641818705351633,0.49362970634197323,Reject,1.4325991028608698,Reject,Reject,1.6697064327850375
0.6551197719493828,0.900019780858617,0.15190502592048732,-0.0672136941795487,0.5867712023439603,Accept,"Gender, Age, ProgVar",1.370145613096897,0.15190502592048732,-0.1652522014441599,0.4710025971869958,Accept,1.6673157408668167,Reject,Accept,0.6283675297539753
0.8564862495797438,0.9842611678605384,0.2231271231606361,-0.07466317115940599,0.3748042445199811,Accept,"Gender, Age, ProgVar",1.6021964189916102,0.2231271231606361,0.015321934655822406,0.4405005600447645,Reject,1.37703575948897,Reject,Accept,1.4234864441830428
0.8899434054504655,0.9521783568743195,0.04956282040227931,-0.1463333383954976,0.36268192217986317,Accept,"Gender, Age, ProgVar",1.4376335895419863,0.04956282040227931,-0.19101802883347133,0.29922712810111385,Accept,1.5532683053301426,Accept,Accept,1.5129700780648212
0.5541992163214272,0.9902832379202366,0.02006814692913302,-0.27945232283883825,0.3237588034174793,Accept,"Age, ProgVar",1.425238799819095,0.02006814692913302,-0.2642609139973664,0.264568865422475,Accept,1.5281363196461322,Accept,Accept,0.7198497966123251
0.40490544772111137,0.778610042912226,0.34974351998017467,0.008166387501660224,0.6282925796194323,Reject,"Age, ProgVar",1.4754243868746448,0.34974351998017467,0.09774021337501934,0.5864388926140363,Reject,1.452016247387196,Reject,Accept,0.975742918268268
0.6568320635797754,0.8670034682427693,0.15160477528540273,-0.011732302470464404,0.38261895847891997,Accept,"Age, ProgVar",2.0864102283983583,0.15160477528540273,-0.011506318742276034,0.32118832505345135,Accept,2.0852153866705563,Reject,Accept,1.169332598920497
0.6734616757252774,0.8086519962663369,0.20521931974172097,-0.09273179611935087,0.5484503299836665,Accept,"Age, ProgVar",1.3862947308569928,0.20521931974172097,-0.0694590203456878,0.4778251775928968,Accept,1.205883422602341,Accept,Accept,1.0103896852835395
0.40479743383666655,0.9245016789242916,0.03370219225595034,-0.04061443403040173,0.3585487661377597,Accept,"Gender, Age, ProgVar",1.4785313775518298,0.03370219225595034,-0.14657676262186722,0.21098511084453533,Accept,1.1248738798479367,Accept,Accept,1.379380494559666
1.1579897327615356,1.0840326631569368,-0.10533502559318048,-0.45825375274515073,0.045330276449393275,Accept,"Age, ProgVar",1.2726097263634957,-0.10533502559318048,-0.31880139279360054,0.10365171609230786,Accept,1.242606932506634,Accept,Accept,0.7313512988175596
0.7923632276433676,0.8289602216808736,0.29586907684498764,0.015443368840387524,0.47245335658370563,Reject,"Gender, Age, ProgVar",1.669636344880668,0.29586907684498764,0.07410361169031465,0.51551570282179,Reject,1.8584469299097355,Reject,Accept,0.5959395150160135
0.778365787204445,0.8210120783643796,0.1760708516215317,-0.0434284618028824,0.3934240151755888,Accept,"Gender, Age, ProgVar",1.3733710938726558,0.1760708516215317,-0.033258056116375154,0.3898930736754675,Accept,1.3290260770027251,Reject,Accept,1.0320182549835342
1.1137976066970987,1.004253496304341,0.06790729545821138,-0.2987192982244415,0.2619488302764269,Accept,"Age, ProgVar",1.8534752654710847,0.06790729545821138,-0.16513893819846348,0.29699447503489357,Accept,1.5431100980096268,Reject,Reject,1.721085336923639
0.6889351903379045,0.9424980895596615,0.13660445995370513,-0.11795107751635595,0.34923111088519093,Accept,"Gender, Age, ProgVar",1.569793479511985,0.13660445995370513,-0.08295370121408889,0.36933412809247235,Accept,1.6813676328518414,Accept,Accept,0.4319345843689423
1.037380271656454,0.8647449064817115,0.08706679062691838,-0.0806561299151635,0.38775893606445994,Accept,"Gender, Age, ProgVar",1.5930168988297768,0.08706679062691838,-0.13437504457410937,0.329935111478354,Accept,1.386702829564571,Reject,Accept,1.1176818799736463
0.8525570901160794,0.860774103624513,0.06723956206218443,-0.13999586097677053,0.4277750349493631,Accept,"Age, ProgVar",1.9291334817808699,0.06723956206218443,-0.16297355778958655,0.3200659120424255,Accept,1.7096361374077969,Accept,Accept,1.318600943594701
0.5461400831415586,0.8670453499065861,0.23636429132383596,-0.058462893667751425,0.4493681944936474,Accept,"Gender, Age, ProgVar",1.302345465815369,0.23636429132383596,-0.01759754088687676,0.503316301927095,Accept,1.204086832745615,Reject,Accept,0.8106679268867308
0.709261683574007,0.9150815542927371,0.1545275053778294,-0.05271984156762756,0.4678452663939605,Accept,"Gender, Age, ProgVar",1.520720537347553,0.1545275053778294,-0.09422886277635746,0.41823459462568147,Accept,1.4202641954540751,Accept,Accept,1.2189763095128952
0.8669076895030327,0.9094107914163734,0.11812793271624573,-0.06483054103029286,0.29487645797729345,Accept,"Gender, Age, ProgVar",1.4876810308314725,0.11812793271624573,-0.05677642571851415,0.2915590183859043,Accept,1.4580586830722568,Accept,Accept,1.1885526467744454
0.4349504376848501,0.8950711225124808,0.2814251434723913,-0.18783140096078127,0.6551063930334454,Accept,"Age, ProgVar",1.6036713637190587,0.2814251434723913,-0.06613941244052372,0.6350636180917985,Accept,1.5363380642909683,Accept,Accept,0.9561851248589703
0.6368790326151739,0.9235064111152818,0.133990210459984,-0.06999052598761504,0.45091485335891457,Accept,"Gender, Age, ProgVar",1.5918343206820067,0.133990210459984,-0.12359930279113876,0.3823270555396425,Accept,1.3421427655571097,Accept,Accept,0.2841953305827821
0.682872697525149,0.8437377837886234,0.09941133711818817,-0.21562985459162257,0.39730147450571895,Accept,"Age, ProgVar",1.443702421928062,0.09941133711818817,-0.13165923176315913,0.3465602049775212,Accept,1.3811517923103713,Reject,Accept,0.5361765901667294
0.40527738801662216,0.8633928796572596,0.2430034643579253,0.04346700776605246,0.4496758176585147,Reject,"Gender, Age, ProgVar",1.5406713774603644,0.2430034643579253,0.04052069040511369,0.44126923072459123,Reject,1.5129372236982692,Accept,Reject,1.6504557630384669
0.6266982660245215,0.8551824980633104,0.3932254847345028,0.013315076758278666,0.6180928352486366,Reject,"Age, ProgVar",1.464533813877877,0.3932254847345028,0.1659437646460499,0.632379545380191,Reject,1.4514846075644992,Reject,Accept,1.354130198677949
0.34818685398209076,0.7978809151573941,0.23837392484461392,-0.08274020151634814,0.5476919758823997,Accept,"Age, ProgVar",1.257657342084032,0.23837392484461392,-0.017046179081426173,0.5042793942992022,Accept,1.4035252183925453,Reject,Accept,0.7898022182716771
0.874942985237216,1.037110164039102,0.04023750732262706,-0.25810794463140946,0.3284318780164625,Accept,"Gender, Age, ProgVar",1.8993830239470615,0.04023750732262706,-0.24029246285585826,0.3266793887733215,Accept,1.7200292558201553,Accept,Accept,0.8037414060390817
0.7118080938610267,0.8000398789537814,0.19244017041081676,-0.04737662563953454,0.5516092258890717,Accept,"Age, ProgVar",1.0022930801294323,0.19244017041081676,-0.0787750721046312,0.4381006617235297,Accept,1.0283935508360529,Reject,Accept,1.0213089347768374
0.6470063408895658,0.8710626105270926,0.26581047333586394,0.14097857538072417,0.7864707977670086,Reject,"Gender, Age, ProgVar",1.9644762646484852,0.26581047333586394,-0.06682236461489843,0.602731486208471,Accept,1.585571807115534,Reject,Accept,0.5555962722800029
0.8450012427376254,0.9732138866646013,0.038571022324072446,-0.14822323636172025,0.3190409560373125,Accept,"Gender, Age, ProgVar",1.9251923445668515,0.038571022324072446,-0.18615626283605027,0.285968583742475,Accept,1.674226678688894,Accept,Accept,1.3203723200986046
0.9696553359765316,1.1195081003702265,-0.15714085099732578,-0.36328378043863596,0.2956265765889811,Accept,"Gender, Age, ProgVar",1.1780338264853398,-0.15714085099732578,-0.4347270163843802,0.1514033150547927,Accept,1.200281190726192,Accept,Accept,0.17846508916727313
0.8273452815905012,0.8328841203135328,0.10730107663396583,-0.1376711087755571,0.48231340805148587,Accept,"Gender, Age, ProgVar",1.48673535318329,0.10730107663396583,-0.18730154526026815,0.4005413131452419,Accept,1.517358862672736,Accept,Accept,0.2191582170791473
0.6325546087481744,0.8556865319482191,0.25028489212192295,-0.062367585731974345,0.5127883342713282,Accept,"Age, ProgVar",1.1126623092786248,0.25028489212192295,0.01259183314202817,0.4965838702697506,Reject,1.1248441489059147,Accept,Accept,1.114863471872131
0.9669063355134232,0.9613377073281644,0.08183408663748007,-0.13960818027735533,0.23392812958061884,Accept,"Gender, Age, ProgVar",1.3227887886778646,0.08183408663748007,-0.10630868872895832,0.2832115914473931,Accept,1.3143746478555152,Accept,Accept,0.828166004164838
0.772547974252612,0.8582512428827249,0.16601646125000571,-0.037990629574680676,0.568597686748631,Accept,"Age, ProgVar",1.6166191106197616,0.16601646125000571,-0.07820093513935612,0.41064501432186185,Accept,1.580845908497891,Accept,Accept,1.319673216223699
0.5345146480314741,0.7718267705192077,0.22853214492583807,-0.08157743723848518,0.6705191632360779,Accept,"Age, ProgVar",1.2497689200907627,0.22853214492583807,-0.07446190093808257,0.5168694532053227,Accept,1.2353169046040373,Accept,Accept,0.47265852375944917
1.1081795291066223,1.125306788940237,0.021016705462142366,-0.266106645439017,0.31530361493629994,Accept,"Gender, Age, ProgVar",1.7670432688398159,0.021016705462142366,-0.27208828357340253,0.3136429175822206,Accept,1.7842565835884603,Reject,Accept,1.0310221622550246
0.9208041424342192,1.0843603176753522,-0.11534289511653072,-0.48557580571939485,0.19123310662979284,Accept,"Age, ProgVar",1.546300179798243,-0.11534289511653072,-0.40358045467280235,0.18716646650874005,Accept,1.6383179750512027,Accept,Accept,1.0634418572583306
1.1458361986079764,0.9943365900839276,0.0017725091479861804,-0.30219314135002345,0.1713825423032404,Accept,"Gender, Age, ProgVar",1.421270900568469,0.0017725091479861804,-0.2227439580358205,0.26588856813448525,Accept,1.3669671295475652,Accept,Accept,0.5240483586368754
0.8412078574195085,0.896777456246221,0.1571171775239,-0.008206500562125171,0.30260116585533325,Accept,"Gender, Age, ProgVar",1.1755881344660948,0.1571171775239,0.009124308515643977,0.3167281001803777,Reject,1.280145309582763,Accept,Reject,1.3096788900607697
0.7914254940747179,1.013818613623287,7.057678793113794e-4,-0.20043734495112536,0.26474684332457893,Accept,"Gender, Age, ProgVar",1.5228207347386482,7.057678793113794e-4,-0.2390845905482491,0.21960026271189634,Accept,1.419763411826911,Accept,Accept,0.8904980432805408
0.8282978239665189,0.9005692151233656,0.09393294154711543,-0.19070342057516226,0.356536411717654,Accept,"Gender, Age, ProgVar",1.3925552063498847,0.09393294154711543,-0.1908269462543208,0.3671841265888916,Accept,1.4018933661616355,Accept,Accept,0.28303793054585347
0.8455157133401805,0.899771935519475,0.19095050626310356,-0.11180576840559106,0.5513750211509656,Accept,"Age, ProgVar",1.6553278852817233,0.19095050626310356,-0.07205958666279262,0.4548879886521678,Accept,1.645383802957723,Accept,Accept,0.41315736637082534
0.9214489473768046,1.036319343089213,0.02656175906525774,-0.23299223701863836,0.24205706142970346,Accept,"Gender, Age, ProgVar",1.0330279541644227,0.02656175906525774,-0.1872969951542835,0.26214480899944376,Accept,1.3243166037333387,Accept,Accept,0.8430074682868355
0.7236445064636177,0.9188188775944128,0.057506905989318964,-0.14138779769727183,0.2567950760018583,Accept,"Gender, Age, ProgVar",1.932491328683052,0.057506905989318964,-0.11461342726676602,0.24604893775512127,Accept,1.4310733011519223,Reject,Accept,0.8827753731810392
0.8986550634655447,1.0717457132898986,0.02623535681939497,-0.20554709680201352,0.3089366723936451,Accept,"Gender, Age, ProgVar",1.5957842512967755,0.02623535681939497,-0.24590763299385782,0.2931702036651007,Accept,1.6843385537731335,Accept,Accept,0.8424027845333562
0.9367983926890081,0.9328908857366967,0.013320618391945515,-0.16518542037763273,0.21102930031303893,Accept,"Gender, Age, ProgVar",1.3022429377899072,0.013320618391945515,-0.1796597371079965,0.19920977736271583,Accept,1.2562498387051255,Accept,Accept,0.49281434991198325
0.9410061451819051,0.9504254625597979,-0.03449757616573077,-0.3098158731259245,0.3029337578070974,Accept,"Age, ProgVar",1.1976437496973082,-0.03449757616573077,-0.28533614309555744,0.2031238119952184,Accept,1.1115885692624428,Accept,Accept,0.5694739061491986
0.93360446787214,1.1541888649363854,0.10902271546445086,-0.41203215625394335,0.22676103250404644,Accept,"Age, ProgVar",2.1570059414136176,0.10902271546445086,-0.15322647077986545,0.3723979823715394,Accept,1.6910381547187696,Accept,Accept,1.4699965157846113
0.9032743261801168,1.0116884285878787,-0.09716491299278976,-0.30330533913011193,0.12460586889189454,Accept,"Gender, Age, ProgVar",1.0910235387416671,-0.09716491299278976,-0.2966416966341806,0.10465250423058649,Accept,1.1031892265032752,Accept,Accept,1.011598690793193
0.7991778871181275,0.9013806218558099,0.17468981793461133,-0.141541358147648,0.32282852017896896,Accept,"Gender, Age, ProgVar",1.145699046954305,0.17468981793461133,-0.059125933421795354,0.387579475789184,Accept,1.2041958724837298,Accept,Accept,0.6655618281367623
0.6327133653354687,0.9420697006939418,0.06891626100335113,-0.09187155516560878,0.5929654674847428,Accept,"Age, ProgVar",1.8410637345772412,0.06891626100335113,-0.2215712528696031,0.3527828391538429,Accept,1.6473111920062513,Accept,Accept,0.4263336238293312
0.8569685013307274,0.9965064001359776,0.06364002809002652,-0.05934048786224601,0.4229672842490913,Accept,"Gender, Age, ProgVar",1.9590669440454374,0.06364002809002652,-0.17616027306435234,0.3084111989959172,Accept,1.5278553823139276,Accept,Accept,0.3268576914122366
0.7606749135495895,1.0391299491919261,0.31156739579295695,-0.041260182395565476,0.6540207307088,Accept,"Gender, Age, ProgVar",1.527002189865638,0.31156739579295695,-0.029849804861217882,0.6499466299872794,Accept,1.5294827159046769,Reject,Reject,1.3565255715280096
0.9372963322342632,1.047048046568787,-0.038902555465392716,-0.2759525697016654,0.18170100792419414,Accept,"Gender, Age, ProgVar",1.3906950266739022,-0.038902555465392716,-0.26744129456275434,0.17543964459842526,Accept,1.3681572757261156,Accept,Accept,1.0883194504946405
0.8309533120743172,0.895948246114616,0.1152356601096574,-0.1416422599675408,0.32104996104715894,Accept,"Gender, Age, ProgVar",1.2966533921809238,0.1152356601096574,-0.12119384145053264,0.3409439522134041,Accept,1.3237699120890773,Accept,Accept,1.036662320062135
0.8753894437330654,0.9149441722706376,0.08282277651647318,-0.1831465363416067,0.45739044130265993,Accept,"Age, ProgVar",1.7999574069367208,0.08282277651647318,-0.17395376095155957,0.3257651515772134,Accept,1.3028335047291544,Accept,Accept,0.659294166655164
1.1820625127607258,0.9960334560416032,-0.03362003105426015,-0.29450271406075085,0.20303937977414482,Accept,"Gender, Age, ProgVar",1.4737078475876826,-0.03362003105426015,-0.29437656761762454,0.22453473249141045,Accept,1.3194594847785641,Accept,Accept,0.4411998569979048
0.8045684709465466,0.9588110084452897,0.027032660827949636,-0.17909484260894,0.2918658097954392,Accept,"Gender, Age, ProgVar",1.151538745319573,0.027032660827949636,-0.19114987817645507,0.25078016981218487,Accept,1.3490242489877236,Reject,Accept,0.6195066255567215
0.7356435778602495,1.080829298466043,0.31714636764861076,-0.0022696711848220683,0.5466930534006411,Accept,"Gender, Age, ProgVar",1.6442021079136537,0.31714636764861076,0.04497013129515699,0.5933117722740366,Reject,1.5828688938141087,Accept,Accept,0.5597488927803121
1.0266251720025568,0.9458937703207069,0.08640616674826584,-0.16430547856196387,0.33017792784328237,Accept,"Age, ProgVar",1.6018504654507035,0.08640616674826584,-0.13591211725090116,0.3200135510729127,Accept,1.5784353488112557,Accept,Accept,0.7141154713150696
1.1497091362068323,0.9945933527726362,-0.016282414264708688,-0.21744391696920715,0.29128483738686617,Accept,"Gender, Age, ProgVar",2.0452717123959734,-0.016282414264708688,-0.2935890526291904,0.2372633450112846,Accept,1.6489354496845143,Accept,Accept,1.298867501733064
0.7946250048911893,1.0086574886282176,0.03832482644017881,-0.354762107517904,0.2730340705300018,Accept,"Age, ProgVar",1.7387093032873684,0.03832482644017881,-0.21405472498313932,0.3092183971660234,Accept,1.610988689665393,Accept,Accept,0.31134744732408526
0.2277861702551462,0.7076101309595281,0.3175075381055039,0.1483261667580619,0.7032858282996771,Reject,"Age, ProgVar",1.7758683818333187,0.3175075381055039,0.08513561076965834,0.5597628736990504,Reject,1.5952023853979045,Reject,Reject,2.1211609551253434
0.5921147084637842,0.8962778121292844,0.2941972692080242,0.019063753284197238,0.4801418718878373,Reject,"Gender, Age, ProgVar",1.5207156625336271,0.2941972692080242,0.05969649530735411,0.5092133915229579,Reject,1.3055941684187136,Reject,Reject,1.7990410063425348
0.8103645945668204,0.9884831003101261,-0.02816379226774738,-0.1982000654888432,0.22573338668828755,Accept,"Gender, Age, ProgVar",1.5055267584437741,-0.02816379226774738,-0.2319492110938117,0.18753808576375225,Accept,1.492116914163359,Accept,Accept,1.2549805068333049
0.834189740326907,0.8917027621838771,0.12460344290675633,-0.036950894305263604,0.39120706019720947,Accept,"Gender, Age, ProgVar",0.8857553875866313,0.12460344290675633,-0.09353664901686531,0.3248686077037892,Accept,1.1328264387115634,Accept,Accept,1.0351226595617515
0.5245118727536748,0.8259229316806633,0.21687101191437344,-0.07832653359951466,0.5928209116142901,Accept,"Gender, Age, ProgVar",1.5003798628396268,0.21687101191437344,-0.11022915781276447,0.5875485873410031,Accept,1.5302977870939045,Reject,Accept,1.0896942022668368
1.2290832968485847,1.163154266669033,-0.029765927347105096,-0.48746405865116904,0.24710182472165237,Accept,"Age, ProgVar",1.4486386768530302,-0.029765927347105096,-0.3224370292689371,0.25218177668648706,Accept,1.6029862198163354,Accept,Accept,0.5078047168445287
0.7680568138752559,0.9318816562738376,0.3108788257706463,-0.20268076692479758,0.45492330633770783,Accept,"Age, ProgVar",1.0285824889908737,0.3108788257706463,0.05783300758971862,0.5681870779658196,Reject,1.084186903572939,Accept,Reject,1.3277838962855308
0.8648002900267128,1.0142240778128724,0.06493633412648854,-0.19187088284534695,0.2587032897524776,Accept,"Gender, Age, ProgVar",1.3520420767925565,0.06493633412648854,-0.16548904912154405,0.30159425634880044,Accept,1.5515150723157283,Accept,Accept,0.38515180131508203
0.8500020804962406,0.9332867023776332,0.19940660433522464,-0.163578578833088,0.3152733692498648,Accept,"Age, ProgVar",1.3733866022890282,0.19940660433522464,0.005192673354934509,0.4142346942456918,Reject,1.4539365282711083,Reject,Accept,1.0940481837741973
0.058723312599346475,0.7259673979365457,0.38002854232569827,0.08213650613083709,1.0431609002320688,Reject,ProgVar,1.7031852403104486,0.38002854232569827,0.05110800471098899,0.685968070109852,Reject,1.488128318095305,Reject,Accept,0.8887300148184989
0.5566288016076743,0.8127507791745077,0.3110768725065148,0.09181877313477176,0.5415416966037243,Reject,"Gender, Age, ProgVar",1.913090738490614,0.3110768725065148,0.07158743176309156,0.539403443670059,Reject,1.817696362258236,Accept,Accept,1.1498073713503179
0.7086950829145656,0.7960639922125677,0.2657562539455927,0.009420526165243595,0.49548302793317506,Reject,"Gender, Age, ProgVar",1.802238584840025,0.2657562539455927,0.02421956817894364,0.5086847443463545,Reject,1.5988264726951298,Accept,Accept,0.5694314663766248
0.6330783559943376,0.8902025276412648,0.3198695877874329,-0.05396091370345928,0.4758609733909809,Accept,"Age, ProgVar",1.5177416188821256,0.3198695877874329,0.11632117384293165,0.5188115150466485,Reject,1.8529918596268118,Reject,Accept,1.341200184895341
1.1138457890053362,1.0683912553381012,0.09271779092477175,-0.1882624000195442,0.47621943250718546,Accept,"Age, ProgVar",1.9063233383793152,0.09271779092477175,-0.16790163517773266,0.34310583685198637,Accept,1.763612311693038,Reject,Accept,0.6880808513868379
0.5202592827815519,0.8677912587919241,0.13275615070024097,-0.07531526164824118,0.31733087615811256,Accept,"Gender, Age, ProgVar",1.6012491681124188,0.13275615070024097,-0.06567306449658823,0.31607451509614004,Accept,1.5718031320934325,Accept,Accept,1.2802853518423551
0.7060835777423804,0.9168510379034197,0.15003023721421627,-0.15683036970316871,0.5176510180700546,Accept,"Age, ProgVar",1.802114565258171,0.15003023721421627,-0.12281599729824906,0.41045052848963415,Accept,1.307295845325769,Accept,Accept,0.15803119547193373
0.6650545928674289,0.9269775701744113,0.32776795123028124,0.04002695481541482,0.48527530979798933,Reject,"Age, ProgVar",1.2382627061371532,0.32776795123028124,0.14838353326425435,0.4979058434172453,Reject,1.2272105769199022,Reject,Accept,1.4615145734496067
0.6866108385838928,0.9444225415815485,0.2143972120220226,-0.166901450886684,0.503047169932648,Accept,"Age, ProgVar, X2",1.5617176206004713,0.2143972120220226,-0.07122801967392364,0.5064043748101731,Accept,1.458903420345126,Accept,Accept,0.11363090727737435
0.5674984337503435,0.8944298289872498,0.16681702792426492,-0.20747438506275895,0.5557039603261261,Accept,"Gender, Age, ProgVar",1.663950103675213,0.16681702792426492,-0.23097790427384612,0.562818388489533,Accept,1.5218847452771538,Reject,Accept,0.593575277505354
0.847910981590778,0.9189835225208507,0.22481230522659834,-0.0411529628436566,0.49998656969930255,Accept,"Gender, Age, ProgVar",1.7501659406408936,0.22481230522659834,-0.061003811894003904,0.4864629060288871,Accept,1.581908345029026,Reject,Accept,1.194627918562058
0.6627346894020554,0.8511555818108493,0.1658944209762394,-0.0012347981888970044,0.40606669111827476,Accept,"Gender, Age, ProgVar",1.4120466522258557,0.1658944209762394,-0.03830460386007165,0.38512115925079854,Accept,1.3577925093102172,Accept,Accept,1.2769618689136124
0.6941623579320015,0.9543016426057218,0.4202159548047644,0.11389559601583307,0.7407377630917269,Reject,"Gender, Age, ProgVar",1.8481377383181181,0.4202159548047644,0.11137230956893596,0.7456553192330149,Reject,1.8031907997902998,Accept,Accept,0.4771093547806052
0.8800483843090403,0.7895168988934017,0.23837287101802623,0.04556744589990533,0.452496149650357,Reject,"Gender, Age, ProgVar",1.1672132142742644,0.23837287101802623,0.02634027809880047,0.4358360930366508,Reject,1.1704789184248827,Accept,Reject,1.6598144663318437
1.061909083224976,0.9209524011151181,0.10146785956132735,-0.13208044218300452,0.3076778137666087,Accept,"Gender, Age, ProgVar",1.8838643874592924,0.10146785956132735,-0.12260765467769855,0.32415503348191316,Accept,1.7067065203776388,Accept,Accept,1.0055026227344368
0.7375491613060006,0.9054446336595241,0.22131379736073434,-0.02039282400409194,0.5342869184016769,Accept,"Gender, Age, ProgVar",1.7683281508059765,0.22131379736073434,-0.05268929668202263,0.4820624352424097,Accept,1.4744526833461589,Reject,Accept,1.2938376996661054
0.6994859976934616,0.9311647494683711,0.10736144485525805,-0.13406322906636692,0.4520037972738143,Accept,"Gender, Age, ProgVar",1.6848630060452328,0.10736144485525805,-0.1729444489892115,0.3896371787240599,Accept,1.327953274351517,Reject,Accept,0.8351088202062568
0.9191293761670016,0.9540687412333585,0.001959470999573291,-0.16831724166538078,0.20509713143635927,Accept,"Gender, Age, ProgVar",1.5261263771291596,0.001959470999573291,-0.18322496672802213,0.19526410911971995,Accept,1.5320236241238896,Accept,Accept,0.6409378574492092
0.986962984669173,0.9243205355129432,0.02468225089623294,-0.1784764462369212,0.3346038854663564,Accept,"Gender, Age, ProgVar",1.0098580469308598,0.02468225089623294,-0.24049243182677027,0.25743851350338814,Accept,1.0810090843240803,Accept,Accept,1.0224715623292406
0.4920852677650922,0.9146461062036202,0.2955505754171486,0.027539897487575266,0.5833695799456611,Reject,"Age, ProgVar",1.426816566027196,0.2955505754171486,0.05203243204742987,0.5359696965525182,Reject,1.4475975917682746,Accept,Accept,0.9112526615551122
1.1490340896385953,1.0583383618058848,-0.04423042326657579,-0.4038005706327865,0.20339202073759005,Accept,"Gender, Age, ProgVar",1.3382842402442565,-0.04423042326657579,-0.3131110869445418,0.235661534030358,Accept,1.587886210793407,Accept,Accept,0.6872246804134826
0.580786624872622,0.7814729046099282,0.27971363038543395,0.057382105662668006,0.5034094608943801,Reject,"Gender, Age, ProgVar",1.1673349082395532,0.27971363038543395,0.04927683997660295,0.5037073994429483,Reject,1.2535674404822819,Reject,Accept,0.8127414281302989
1.0291329890071759,1.0760602985790964,-0.053242410827638316,-0.39006968599253433,0.1941827432112175,Accept,"Gender, Age, ProgVar",1.806097708767338,-0.053242410827638316,-0.35592830747240756,0.2282363497424456,Accept,1.6260387201946593,Accept,Accept,0.721089424897925
0.7366507103230325,0.9807385287802358,0.17110080665733512,-0.09772313764234047,0.4353029688331286,Accept,"Gender, Age, ProgVar",0.939504549467485,0.17110080665733512,-0.08130008898953046,0.438426170141625,Accept,1.1427697005707058,Reject,Accept,1.1001120311023518
1.01137408674522,0.8286344125043802,0.04188452710745862,-0.2794693093763973,0.378644126403975,Accept,"Age, ProgVar",1.4491930387401164,0.04188452710745862,-0.22598433575553706,0.30169996175094294,Accept,1.6196276133159404,Accept,Reject,1.3646090185221584
0.6844358322029169,0.9166830636819836,0.24010875369250792,-0.00974259654564312,0.6842497130049946,Accept,"Age, ProgVar",1.4070554167771445,0.24010875369250792,-0.01848447179937876,0.5246557454599142,Accept,1.3999781489923186,Reject,Accept,0.4989447728579631
0.8424708862823427,0.8947907343616309,0.19683988622215012,-0.050261869441737,0.4898535814666245,Accept,"Gender, Age, ProgVar",1.6861652614977671,0.19683988622215012,-0.0813092039576029,0.46241246218794085,Accept,1.786622639689899,Reject,Reject,1.4265046170843834
0.7102186171288706,0.9648581856445837,0.11958350467737361,-0.2533310872200645,0.28970054302568155,Accept,"Age, ProgVar",0.8052472197580215,0.11958350467737361,-0.10663008765411677,0.34148421639137266,Accept,0.9725773208660446,Reject,Accept,0.6640949870349453
0.4202805506242893,0.8476380189638855,0.17153895478531916,-0.0458008608155332,0.528890914229543,Accept,"Age, ProgVar",1.2399180914629127,0.17153895478531916,-0.09073910184481995,0.429716492350975,Accept,1.2287498019154668,Accept,Accept,0.6490579956134461
1.1391889148372916,1.0154376965298337,-0.05312711826814557,-0.3347907741040659,0.239494139360636,Accept,"Gender, Age, ProgVar",1.716973631005278,-0.05312711826814557,-0.3233000939641166,0.2134968960084572,Accept,1.6297235882722736,Accept,Accept,0.46218177269286737
0.38740215653550564,0.7933823873561603,0.17594571439643766,-0.021642816796432627,0.73653454567726,Accept,"Age, ProgVar",1.3525316943248271,0.17594571439643766,-0.11003644372211416,0.4504728442277043,Accept,1.3341275139276398,Accept,Accept,0.8143341114777158
1.0131688460136012,0.9417454255728647,0.06152268119563181,-0.14148660941033972,0.3681654011434079,Accept,"Gender, Age, ProgVar",2.126740806420564,0.06152268119563181,-0.18520744771715963,0.2824506976801605,Accept,1.8092282010799028,Accept,Accept,1.371478428339252
0.7303908272536799,0.989543785936584,0.11050235496154537,-0.180460781683854,0.368265640801754,Accept,"Gender, Age, ProgVar",1.5512959180242964,0.11050235496154537,-0.16590461998984218,0.3900321069098352,Accept,1.4475981631663009,Accept,Accept,1.4385505388564805
1.0303687699469934,0.9596373982649509,0.05826058183629574,-0.22937606920790465,0.3741899187790463,Accept,"Gender, Age, ProgVar",1.8741951576512834,0.05826058183629574,-0.23445033924240816,0.33036392073358356,Accept,1.6355947662028942,Accept,Accept,0.7125916183742309
0.8124854160284921,0.9054197590095746,0.13771293318061334,-0.16979591411186862,0.41768241625667285,Accept,"Gender, Age, ProgVar",1.5574751257953947,0.13771293318061334,-0.16977666894662533,0.41222541097052395,Accept,1.5521353249385126,Reject,Accept,0.9633868729981262
0.35681983812245616,0.8125574330653054,0.38664523225155395,0.05534317649823453,0.6224897134692282,Reject,"Age, ProgVar",1.7571416482428697,0.38664523225155395,0.17494209969730676,0.5991161527934599,Reject,1.5592365371124697,Reject,Accept,0.9403386403895381
0.9093689202118693,0.9342640719261139,0.10309659024726398,-0.14001389072730513,0.32468677092249454,Accept,"Gender, Age, ProgVar",1.2180190269646811,0.10309659024726398,-0.10823533562294031,0.3380995355659513,Accept,1.1543494770635714,Reject,Accept,1.0633861282713026
1.1617235734572946,1.0281055228699512,-0.09899636257086677,-0.46359649443321327,0.27998142149780686,Accept,"Age, ProgVar",1.4321600702315618,-0.09899636257086677,-0.361879869302806,0.17108665261599593,Accept,1.2673947463598014,Reject,Accept,0.5871871819815127
0.5712576213144561,0.9288309603950344,0.05900534536796614,-0.1119209227219945,0.36269047834860435,Accept,"Gender, Age, ProgVar",2.3317038373009398,0.05900534536796614,-0.1671128256181862,0.29016652157583306,Accept,2.229708363456394,Reject,Reject,2.1871843023842166
0.1914391695892111,0.8549905710623505,0.3111790332247147,0.009319410251383553,0.7599481532402839,Reject,"Age, ProgVar",1.468985724642132,0.3111790332247147,0.0010104949182782597,0.6283826997250139,Reject,1.3165203065871085,Accept,Accept,0.4473771239866948
0.5089731004230797,0.8300978866864217,0.3766800927283089,0.17623692279625994,0.5601762538957692,Reject,"Gender, Age, ProgVar",1.0293197120010373,0.3766800927283089,0.1829994152646513,0.550101126939187,Reject,1.0495874294352538,Reject,Accept,0.5886160894758818
0.9980435290255967,0.9636912913133836,0.021393110103331402,-0.17293697712898354,0.2642977776533045,Accept,"Gender, Age, ProgVar",1.3793053960429023,0.021393110103331402,-0.19051714016010457,0.2280188758175032,Accept,1.372910410969593,Accept,Accept,1.1762975819273673
0.9557243144263962,0.8794166532217945,0.014201413376687556,-0.2087338454825884,0.24136985630045454,Accept,"Gender, Age, ProgVar",1.6398565678096477,0.014201413376687556,-0.2274596938452737,0.21982844693765785,Accept,1.4894063264788395,Accept,Accept,0.5420870686763217
0.4901996802038451,0.6472775618122374,0.45792349850741093,0.32333867382569814,0.6697465744447296,Reject,"Gender, Age, ProgVar",1.4072246830662705,0.45792349850741093,0.28726914434884965,0.6361161118022993,Reject,1.4532604645244804,Reject,Accept,1.2606526049986722
0.8446697355917716,0.9734339459801385,0.1403533325518346,-0.043723481111194375,0.3668761125275625,Accept,"Gender, Age, ProgVar",1.0540894674586885,0.1403533325518346,-0.06105129196217651,0.34121626991565046,Accept,1.1588527033793306,Accept,Accept,1.1530818123063824
0.7364212486102296,0.8524661824770355,0.28579637039163974,0.034803037605313114,0.4509352116473032,Reject,"Gender, Age, ProgVar",1.4453279137526207,0.28579637039163974,0.0812562928461773,0.5037252591258886,Reject,1.3141521941108159,Accept,Accept,1.0440829822170272
0.9002446040364013,0.8281955429087126,0.12665971689565572,-0.05007846201668952,0.46034481088628465,Accept,"Gender, Age, ProgVar",1.3342975247278241,0.12665971689565572,-0.11956966751946893,0.3850112647362647,Accept,1.4831450580534251,Accept,Accept,0.72896443251904
0.49574905755817666,0.8849458104727874,0.15612242197916532,0.04285522256775702,0.4919979688435677,Reject,"Age, ProgVar",1.5541189243590665,0.15612242197916532,-0.04890887905329286,0.3534361827168234,Accept,1.6168288343192836,Accept,Accept,0.9487407759658413
1.2168708578724046,0.9941183494441466,0.05889423740206814,-0.2825706192144838,0.3111807764423967,Accept,"Gender, Age, ProgVar",2.272836447708744,0.05889423740206814,-0.2276280535081167,0.3553677772836118,Accept,1.673655669511379,Accept,Accept,1.2763551085602722
0.730628582867922,0.9107586413145639,0.0679364750327736,-0.1403219522873504,0.2555971386956934,Accept,"Gender, Age, ProgVar",1.7895986355498141,0.0679364750327736,-0.1100398616918841,0.26700814566897707,Accept,1.5871897159845418,Accept,Accept,1.131553327996983
0.8751767996260261,1.0266644299221586,0.18398204732477808,-0.11893900851694272,0.5131162210826063,Accept,"Gender, Age, ProgVar",1.3014141347756725,0.18398204732477808,-0.13259075429457873,0.4863447989376513,Accept,1.5186900900190414,Reject,Accept,0.23449530361425583
1.0924088316634912,0.97473114985363285,0.016021135071800533,-0.2584749116389427,0.2873190192274662,Accept,"Gender, Age, ProgVar",2.0872925089411263,0.016021135071800533,-0.2544653325912152,0.29539497504365564,Accept,1.8533095017988859,Accept,Accept,0.6798212556194801
1.014596833389451,1.0722244657763274,-0.16399655141438668,-0.43066705622815504,0.08595153847939777,Accept,"Gender, Age, ProgVar",1.3574638758386166,-0.16399655141438668,-0.4234864147207387,0.09025556344042858,Accept,1.2375991567795146,Accept,Accept,0.5851764032257056
0.34908133507028355,0.7821550216551625,0.2689550771578702,0.017825747228482486,0.5373060072382851,Reject,"Gender, Age, ProgVar",1.4362063198956665,0.2689550771578702,-0.0022489638275999396,0.5322463029417492,Accept,1.419956575877943,Reject,Accept,1.003444840021187
0.27700359282184717,0.8515917368995154,0.47210108981769294,0.024790505542950918,0.7098496193314248,Reject,"Gender, Age, ProgVar",1.9979281943601899,0.47210108981769294,0.12380452695491767,0.7991457642704101,Reject,1.6020221211202874,Accept,Accept,0.7488116075013129
0.6897646900125637,0.961322213967108,0.20941433800702075,-0.17372608215366728,0.3741054901844715,Accept,"Age, ProgVar",2.0998661250839263,0.20941433800702075,-0.019679847408398406,0.4313750854325378,Accept,1.921062046781378,Accept,Accept,0.633257909516975
1.079227171954591,0.9180308337914769,0.08086156308084796,-0.10645530982598606,0.263626282046293,Accept,"Gender, Age, ProgVar",1.533034925144879,0.08086156308084796,-0.11305878496729609,0.27446870308431487,Accept,1.2865530903770754,Accept,Accept,1.331252391697317
0.8507927891010119,0.976779669345803,0.08631584006699121,-0.06728786114846412,0.2904948681652071,Accept,"Gender, Age, ProgVar",1.5455088784366364,0.08631584006699121,-0.09796074419389612,0.2527948117704182,Accept,1.5667424816398585,Accept,Accept,0.4956351094300693
0.9747708429942493,0.977215187831565,0.09508020342533234,-0.11877195374123928,0.30366144905579595,Accept,"Gender, Age, ProgVar",1.5386564112180823,0.09508020342533234,-0.11708309319632804,0.3011000132914661,Accept,1.5584505760532132,Accept,Accept,0.5585843185263226
0.8319931277835059,0.9788838535454457,0.045923758809899656,-0.19491818203796268,0.33231710727811586,Accept,"Gender, Age, ProgVar",1.3415162111595722,0.045923758809899656,-0.21467673468581,0.3137710315652242,Accept,1.3814583561569174,Accept,Accept,1.1037201863258466
0.7232183265925864,0.9024698546719979,0.15054814817652543,-0.12830706522386673,0.2528466746732185,Accept,"Age, ProgVar",1.3263992817422194,0.15054814817652543,-0.01394738253088212,0.30485053536490325,Accept,1.3485031377824512,Reject,Accept,1.42938586081177
0.837829776327337,1.0280573911661712,-0.06499334430711423,-0.32527635011148254,0.2073581466200109,Accept,"Gender, Age, ProgVar",1.1893590013770656,-0.06499334430711423,-0.3236369411464805,0.19999317997266175,Accept,1.00262840064785,Accept,Accept,0.6402703056755524
0.3996279045709638,0.8417919771976966,0.3603406186883986,0.15581102201363,0.5529644335694526,Reject,"Gender, Age, ProgVar",1.8804157270804953,0.3603406186883986,0.1526130433567553,0.562751637000673,Reject,1.982586532802394,Reject,Accept,0.5374400093403211
0.9005697308630826,0.9768907475810771,0.07102977267510188,-0.16351176831204522,0.24951336318691747,Accept,"Gender, Age, ProgVar",1.3718294395718416,0.07102977267510188,-0.11876992993718669,0.2828072474818044,Accept,1.3582406246065803,Accept,Accept,0.8944869501772947
0.8479579799158881,1.066198770637679,0.1485079109252348,-0.28790963483163085,0.6113633730660583,Accept,"Age, ProgVar",1.2992761558780794,0.1485079109252348,-0.1835697430734418,0.4800416677099107,Accept,1.5957763611774174,Accept,Accept,0.35765558782354967
0.9619733324837855,0.8618623715546436,0.045812592987701475,-0.06627576981652238,0.43168796555903843,Accept,"Gender, Age, ProgVar",1.6854086905083934,0.045812592987701475,-0.22935178708022036,0.31132599205915773,Accept,1.5058223238922548,Accept,Accept,1.5064381457381169
0.612176341075779,0.8051783499887185,0.13865164023813767,-0.15116066432157488,0.4407151827479704,Accept,"Gender, Age, ProgVar",2.07130501416783,0.13865164023813767,-0.15798726287909745,0.41443960101990274,Accept,1.94534701536382,Reject,Accept,0.9668062970447989
0.4805733427629339,0.8477299265823323,0.15929583110179898,0.018681029119080372,0.787627893535759,Reject,"Age, ProgVar",1.6730552234181288,0.15929583110179898,-0.15803232567595094,0.4590079661588196,Accept,1.7826615082287802,Accept,Accept,0.6555654140247107
0.6012319262587839,0.8697082801773285,0.12428410263723393,-0.018815218677104353,0.3370693725033059,Accept,"Gender, Age, ProgVar",1.5465257179423426,0.12428410263723393,-0.05109272953198297,0.3041481599286875,Accept,1.289813938224251,Reject,Accept,1.2840845726546395
0.2816614446412695,0.7564867104889132,0.24661176902217194,0.11176337415516968,0.4819265583014189,Reject,"Gender, Age, ProgVar",1.596545080987252,0.24661176902217194,0.06566677506845842,0.4356590846493631,Reject,1.5118748854922817,Reject,Accept,1.2149824304931587
0.6308389759751065,0.8867426551921568,0.18185912302783025,-0.09565215309811645,0.46212998506325803,Accept,"Gender, Age, ProgVar",1.5227895539280178,0.18185912302783025,-0.07802078053977787,0.4549268071606316,Accept,1.4017373919157694,Accept,Accept,0.8400648138018494
1.006789287217272,1.067321028199948,0.06309605169654313,-0.2343892118944645,0.2383492929831103,Accept,"Age, ProgVar",1.9570429531475277,0.06309605169654313,-0.11990071777629394,0.2349049057692537,Accept,1.657597322202645,Accept,Accept,1.0446797880422518
0.6363457241507099,0.8474618637225274,0.17462841214840277,-0.029067443703642157,0.4006009290326712,Accept,"Gender, Age, ProgVar",1.4049703429286229,0.17462841214840277,-0.028120746716547015,0.3821102968307058,Accept,1.2131346877401261,Reject,Accept,0.47532523815542643
0.7156367321306416,0.9016862426191526,0.20891470237497314,-0.0987486751327876,0.5649973444438517,Accept,"Age, ProgVar",1.7237087894817864,0.20891470237497314,-0.05434256742932604,0.5284601242208642,Accept,1.3865269321580704,Accept,Accept,0.6458207380989333
0.735531921272015,0.9544716555604941,0.1286828071621915,-0.18280259258793885,0.3627441771677171,Accept,"Gender, Age, ProgVar",1.3711489539404473,0.1286828071621915,-0.12985603734183437,0.39498272835857884,Accept,1.247339620917928,Accept,Accept,0.512560616704072
0.8573445764041427,0.9674709704731889,0.13315711875372116,-0.06926583737765563,0.3312893741163123,Accept,"Gender, Age, ProgVar",1.3692988381858846,0.13315711875372116,-0.05853209675574929,0.3255547815028539,Accept,1.121749641787825,Accept,Accept,0.7110326029276769
0.7402663783844012,0.9677951495335996,0.08472624749537241,-0.12434472393657534,0.2928906594552665,Accept,"Gender, Age, ProgVar",1.6363767326636016,0.08472624749537241,-0.11437011394174634,0.292178130091319,Accept,1.4747422891345332,Reject,Accept,0.460491908057939
1.2548691208425171,0.9719220938039832,-0.03345690509543509,-0.25737704925570876,0.1149680395977013,Accept,"Age, ProgVar",1.3000255095563695,-0.03345690509543509,-0.19724907041408887,0.1319678844919279,Accept,1.140878270244862,Accept,Accept,0.9168437440504132
0.8505967422130328,1.0752866824781673,0.2946551904124159,-0.20639854663260762,0.5591878485771102,Accept,"Age, ProgVar",1.1009157674760137,0.2946551904124159,-0.011340739695671228,0.6126872960776831,Accept,1.2498781648347317,Reject,Accept,0.7486773722879475
0.32296875398181946,0.798402355637835,0.20300763236688188,0.02236896215711083,0.638473558680906,Reject,"Age, ProgVar",1.677000844591317,0.20300763236688188,-0.0546434748422888,0.45597670179958694,Accept,1.4242573397328757,Accept,Accept,0.7928393184549893
0.9103516298799895,0.9993325594344672,-0.12432023194749449,-0.30655509224026295,0.45887771064360455,Accept,"Age, ProgVar",1.7560124708769453,-0.12432023194749449,-0.39839419168159534,0.17914470739627286,Accept,1.446176277940507,Accept,Accept,0.7252354086921516
0.6339680522539781,0.957724622698477,0.10709096854784629,-0.11525897760428042,0.29659367107644397,Accept,"Gender, Age, ProgVar",1.8057277208015534,0.10709096854784629,-0.0994324878214128,0.3070594598549432,Accept,1.6710855726568878,Reject,Accept,0.7891370349938
1.1412505620193336,1.1016371749125105,-0.016725182106198742,-0.342170025288616,0.28234729025815497,Accept,"Gender, Age, ProgVar",1.7150871265310312,-0.016725182106198742,-0.30884237704388323,0.28575540753188,Accept,1.692519713181848,Reject,Accept,0.8166950643534043
0.9078663101180812,0.9206104794280968,0.12729433784086477,-0.13814661148592758,0.40538939607937413,Accept,"Gender, Age, ProgVar",1.1797326007123177,0.12729433784086477,-0.13973226227625432,0.4130536082315921,Accept,1.0562612396146238,Reject,Accept,0.6489657542742124
0.3324600339964567,0.8783302982527508,0.21906672053092585,-0.06429670953019578,0.5508142752971902,Accept,"Gender, Age, ProgVar",1.288344594984625,0.21906672053092585,-0.05009597193291293,0.5049178350122524,Accept,1.3889642793414465,Reject,Accept,1.0985903402561905
0.7342073942830851,0.8636090428410691,0.06665596611945179,-0.16590634352219036,0.2728279890080056,Accept,"Gender, Age, ProgVar, X1",1.474796464948015,0.06665596611945179,-0.15310018105703938,0.28538499505328685,Accept,1.4799325489982573,Accept,Accept,0.819614064279764
1.045044009898313,1.035978130880219,-0.06040187886038623,-0.33252390865556636,0.1294265515581678,Accept,"Gender, Age, ProgVar",1.4883944706044931,-0.06040187886038623,-0.2893829829012513,0.16932541894878295,Accept,1.3201489437162381,Accept,Accept,0.8017837173692633
0.7646892270743046,0.8766652500479591,0.11201887762781118,-0.12536384199494355,0.3429592367625233,Accept,"Gender, Age, ProgVar",1.4893177377862599,0.11201887762781118,-0.10462401894999078,0.3145014331693003,Accept,1.3882404440208669,Accept,Accept,1.1566486241728091
0.820809843228685,0.9306730535187939,0.07289015308742569,-0.20378737231535884,0.32505674054634726,Accept,"Gender, Age, ProgVar",1.2834181930188762,0.07289015308742569,-0.19869374839795603,0.32080690976417675,Accept,1.4056408758421475,Accept,Accept,1.3265936650441863
0.8465549990957338,0.829698966759507,0.1723643513452408,-0.03376548684433427,0.4446077658184016,Accept,"Gender, Age, ProgVar",1.2818029642030186,0.1723643513452408,-0.0611297952321688,0.41328380083421806,Accept,1.3444220973762335,Reject,Accept,0.5502630715231216
0.6740260660407901,0.8304758740973032,0.23741685306434318,0.011847940903855728,0.5725797061350761,Reject,"Gender, Age, ProgVar",1.2275984548320238,0.23741685306434318,-0.021648493511333758,0.499594315806676,Accept,1.4630213287611056,Reject,Accept,0.8023642352343564
0.9325148375444778,0.9440903747187153,0.15349239767290013,-0.186447815264645,0.2900234735662933,Accept,"Age, ProgVar",0.8937343344229198,0.15349239767290013,-0.06026903931001182,0.3707947889540817,Accept,1.1701066919733072,Accept,Accept,0.9618546620025763
0.80904003646792,0.9980179864069628,0.07560852648197207,-0.20068141214200355,0.32036138673137954,Accept,"Gender, Age, ProgVar",1.2137950679816667,0.07560852648197207,-0.18144901422581441,0.31326118784898,Accept,1.444200280853085,Accept,Accept,0.6710883513460217
0.8786472874807829,0.8299802208118299,0.20493109802169557,0.051882652850707284,0.4324236924314376,Reject,"Gender, Age, ProgVar",1.9922983497112454,0.20493109802169557,0.01738539078484086,0.3969473723360186,Reject,1.866909747656777,Reject,Accept,1.2911615746297513
0.5430438328182237,0.9141649856675982,0.3684493370428855,0.15077585303924623,0.598830578809571,Reject,"Gender, Age, ProgVar",1.1515342351057627,0.3684493370428855,0.14353828928592954,0.5994693471309497,Reject,1.2560774229610392,Reject,Accept,0.9447223589198176
0.962290676115032,1.02967626762624,0.05932650573042554,-0.2080276738252566,0.34870487738412187,Accept,"Gender, Age, ProgVar",1.440535783028264,0.05932650573042554,-0.20825353252880607,0.32685794430857307,Accept,1.366715452048639,Accept,Accept,0.473643669925453
0.4196428524249504,0.9066355495111198,0.3707961915935536,0.05325146225413241,0.6661140735507,Reject,"Gender, Age, ProgVar",1.1197621172825933,0.3707961915935536,0.06659742566023227,0.6639484683218432,Reject,1.0658460920327542,Reject,Accept,1.0650541322739229
1.2091899919680744,1.0011851915127952,0.036232853550457265,-0.14399152395532483,0.23537568039767964,Accept,"Gender, Age, ProgVar",1.6318194364262015,0.036232853550457265,-0.14534915501314188,0.22365690852454123,Accept,1.7851740267910312,Accept,Accept,0.5877009830924407
0.9759320033448973,1.0365078338572313,0.04769777238451841,-0.10980822543005378,0.4743825493249036,Accept,"Gender, Age, ProgVar",1.04122036287626,0.04769777238451841,-0.2320152950629271,0.3337865555255183,Accept,1.482527486270472,Reject,Accept,0.6381764838626388
0.5142809477230106,0.9496555337001378,0.10218180272604643,-0.16070949814213753,0.31452879430051006,Accept,"Gender, Age, ProgVar",1.036527747554979,0.10218180272604643,-0.12328214588616092,0.3291656318321627,Accept,1.0000301471541755,Accept,Accept,1.0401339833678225
0.5577430413824633,0.8886668417920549,0.1612531511412796,-0.08794253065813037,0.4228433145289339,Accept,"Gender, Age, ProgVar",1.0250131027010598,0.1612531511412796,-0.06507756231452598,0.39502902060674566,Accept,1.1568006187863384,Accept,Accept,1.2437534458686077
0.7086970368520963,0.9635993715257279,0.2550824188251347,0.023145525966335276,0.5261951222753098,Reject,"Gender, Age, ProgVar",1.6372243746403665,0.2550824188251347,0.0034226334650166584,0.5091653976709002,Reject,1.5401785689685363,Reject,Reject,1.3989701309168783
0.6069662095326457,0.8944015821717819,0.08493889461162292,-0.0209251602854199,0.4199532773596765,Accept,"Age, ProgVar, X2",1.6638490294068393,0.08493889461162292,-0.12612553260750942,0.28704877289369135,Accept,1.5692386448357032,Accept,Accept,0.6384478113038403
0.8493642285558375,0.9318285361270405,0.1568349350797216,-0.11909047179758683,0.39885236922550926,Accept,"Gender, Age, ProgVar",1.6623064751060814,0.1568349350797216,-0.09252873169913572,0.4057776819804847,Accept,1.4923108300424772,Accept,Accept,1.0513901965979915
0.4231598381013839,0.9271127666417546,0.2663696540118871,-0.1882243582644014,0.5948069869752701,Accept,"Age, ProgVar",1.6944595449395836,0.2663696540118871,-0.050951633304265234,0.5808408657234986,Accept,1.363653950285706,Accept,Accept,1.1714281736972219
0.9465839210418031,0.8934150118424827,0.1012178881365396,-0.12851917752035344,0.37953917903766693,Accept,"Gender, Age, ProgVar",1.3383949720251678,0.1012178881365396,-0.12981910336350624,0.3721985453290113,Accept,1.4207671804070117,Accept,Accept,0.36360203052397294
0.4303750572688318,0.9578179601689306,0.1997029144419985,-0.13767361156186092,0.5107113452652974,Accept,"Age, ProgVar",1.6799020839637935,0.1997029144419985,-0.05307458780795182,0.4792178437314758,Accept,1.660258770014978,Accept,Accept,0.731412375424533
0.8287158129387359,0.869011215586457,-0.06510127117840336,-0.2937398555689563,0.2616786241842465,Accept,"Gender, Age, ProgVar",1.0488696588250048,-0.06510127117840336,-0.31031321866468103,0.21070127319375292,Accept,1.2197260880138208,Accept,Accept,1.3453004268891275
0.8178039515022043,0.963052879195216,0.13809246587768603,-0.043871018870334955,0.4406337704207712,Accept,"Gender, Age, ProgVar",1.590787896859311,0.13809246587768603,-0.09204222801131952,0.3733686593418423,Accept,1.383016591150451,Accept,Accept,1.0702259080385286
0.8830999332234268,0.8174088167281967,0.06651024460761037,-0.19991072079411965,0.6220635077172978,Accept,"Age, ProgVar",1.8051362257448131,0.06651024460761037,-0.21609586336369957,0.3558361715759119,Accept,1.5170272961750917,Accept,Accept,1.1312249624305344
0.9391965920217259,0.9894888367713852,0.029035244020880153,-0.27985399098574093,0.24562069007005605,Accept,"Gender, Age, ProgVar",1.3642817236981986,0.029035244020880153,-0.21374269134375878,0.26840102277031275,Accept,1.2324172958355766,Accept,Accept,1.1032761033317788
0.6820083348437674,0.8732518689136775,0.270697904430313,0.026981777561955758,0.4574933415431468,Reject,"Gender, Age, ProgVar",1.4205105064055303,0.270697904430313,0.0704006321269102,0.4922089321919167,Reject,1.3196867988114147,Reject,Accept,0.5943632489087933
0.8605946419973625,0.8906397862587191,0.016540357950157115,-0.2123060640927042,0.3119356817630292,Accept,"Gender, Age, ProgVar",1.4294958488573783,0.016540357950157115,-0.2213826452949543,0.27297627831547,Accept,1.2676144114447812,Accept,Accept,0.7513304805137412
0.7039679318263674,0.7673799687305858,0.26884910429275277,-0.026496938735410244,0.5042826413877848,Accept,"Gender, Age, ProgVar",0.9444236089988756,0.26884910429275277,0.032660082554493264,0.5426246195903411,Reject,1.2980721252641785,Accept,Reject,1.6770793899736447
0.970214063799498,0.8998321089700503,0.04162560485743446,-0.20530652881790665,0.29269471435562083,Accept,"Gender, Age, ProgVar",1.5054380437927888,0.04162560485743446,-0.17151486382825956,0.2627268101628181,Accept,1.5223398022285268,Accept,Accept,0.28179649035500026
0.91036582054593,0.9588950322077258,0.11283282885742354,-0.1445332693895757,0.43432456198033975,Accept,"Age, ProgVar",1.4791053243802734,0.11283282885742354,-0.11152604004265367,0.3428539185826194,Accept,1.6479539654284494,Accept,Accept,1.4171066040381743
0.4186120694896874,0.8253220626178228,0.31205767263534556,0.09051826607856336,0.5574859318890911,Reject,"Gender, Age, ProgVar",1.1539237176966943,0.31205767263534556,0.08977319542425224,0.5329113577668811,Reject,1.373856669704009,Reject,Accept,0.3554554787170803
0.33817556369654445,0.7410624270213955,0.25097075258359197,0.020670112146463526,0.7337343829582212,Reject,"Age, ProgVar",1.3944024844221026,0.25097075258359197,-0.044188869543401926,0.5565900254739886,Accept,1.2113268599984262,Reject,Accept,1.3188219742024239
0.9299696288225722,1.054161125934037,-0.052221149352218166,-0.2715049481912834,0.2791293572932236,Accept,"Gender, Age, ProgVar",1.3981460854628773,-0.052221149352218166,-0.3216434688317892,0.25097437852820514,Accept,1.3155805401731553,Accept,Accept,0.847480702244441
0.8853624005235547,0.8434695752058852,0.11466606447069284,-0.08426544170122459,0.3310252203045328,Accept,"Gender, Age, ProgVar",1.148549380494648,0.11466606447069284,-0.08147801984761494,0.3103391318305591,Accept,1.1797555103908384,Accept,Accept,0.8890320856085567
0.4718428307640457,0.8572845678034509,0.26369654572826295,0.08634750949945237,0.5688904143740102,Reject,"Gender, Age, ProgVar",1.6415823112449215,0.26369654572826295,0.009818609465911607,0.5088594895039057,Reject,1.3681763649263659,Reject,Reject,1.851474421530673
0.9608715919161813,1.0557824848962074,0.07297259427396437,-0.16866728746299423,0.27489652135892806,Accept,"Gender, Age, ProgVar",1.613294950511714,0.07297259427396437,-0.13851361995511258,0.2750110044118694,Accept,1.505405816356729,Accept,Accept,1.2417987361205807
0.6071773889024739,0.8305660893618391,0.19521825510436955,-0.16282247595960092,0.5226683885975331,Accept,"Age, ProgVar",1.915728905315243,0.19521825510436955,-0.08850620747357565,0.4937845390703322,Accept,1.6911960199748561,Accept,Reject,1.3851705495084101
0.8048938699206293,0.9867082327427156,0.13006330734368507,-0.049856219876108485,0.42270726073472614,Accept,"Gender, Age, ProgVar",1.7468429285656353,0.13006330734368507,-0.09551775513577165,0.3710329726436308,Accept,1.6041789020760273,Reject,Accept,0.22606159595142683
0.4023281911424869,0.9718415791169469,0.2626866074290829,0.030456633955896623,0.43461302146192066,Reject,"Gender, Age, ProgVar",1.1875745055043572,0.2626866074290829,0.07675718517198649,0.45952367323098703,Reject,1.341604050988469,Reject,Accept,0.4580697593448325
0.8060836213458866,0.8511444156684749,0.05981499134852649,-0.2097661715829696,0.39191253472412313,Accept,"Age, ProgVar",1.7242066397551057,0.05981499134852649,-0.1672230112630506,0.2897420091701502,Accept,1.3547876349184664,Accept,Accept,1.0792356731519168
0.7642742754820613,0.7798036732077885,0.29387971815316544,0.043191484259430056,0.5055763595235255,Reject,"Gender, Age, ProgVar",1.5808484091694959,0.29387971815316544,0.04382232053064894,0.5265981683040023,Reject,1.6352080052621576,Reject,Accept,0.26687832177716064
0.4186205821081162,0.7940116851697634,0.203048954047539,-0.005771327260670506,0.5411929078504487,Accept,"Age, ProgVar",1.676385059386206,0.203048954047539,0.014636783707961176,0.40753540301496644,Reject,1.3690801892709177,Reject,Reject,1.4249617281019598
0.9947740747849241,0.9078969258657367,0.3060087630650134,-0.12912921768383415,0.4910013482613258,Accept,"Gender, Age, ProgVar",1.0037146077910073,0.3060087630650134,0.03478164298975468,0.5917811545381777,Reject,1.3280663430993218,Reject,Accept,0.35871737907226436
0.9231915253420772,0.910075228206477,0.02328482374633235,-0.26052914108311637,0.24672715449143515,Accept,"Gender, Age, ProgVar",1.3232932186075406,0.02328482374633235,-0.22776376910463686,0.29215178475476683,Accept,1.465268389475091,Accept,Accept,0.32780106278682203
0.8617758449078761,0.9009985211044879,0.1409240551570492,-0.1572606987040157,0.38587605685477255,Accept,"Gender, Age, ProgVar",1.8508093134175025,0.1409240551570492,-0.10948617807949522,0.3938827288216346,Accept,1.7381526087343158,Accept,Accept,1.2061886352648432
0.6137008445588042,0.869053154582373,0.3120656180318567,0.05862512383710565,0.5887088598381413,Reject,"Gender, Age, ProgVar",1.6611783758042826,0.3120656180318567,0.0636650149234844,0.5607224007412408,Reject,1.5270305645583278,Accept,Reject,1.1882270594874849
0.8065791933375686,0.8595292449433847,0.15638385006066782,-0.12968147450344952,0.5916530590297788,Accept,"Gender, Age, ProgVar",1.5824244114228145,0.15638385006066782,-0.1725040787880647,0.46344496855822914,Accept,1.50124681843678,Accept,Accept,1.1016086540349774
1.2240882936588708,0.9111672728387444,0.05775727998824546,-0.1305586663844635,0.3113895054306833,Accept,"Gender, Age, ProgVar",1.6353652132447545,0.05775727998824546,-0.16653241248595574,0.2970618223341445,Accept,1.5786358917329275,Accept,Accept,0.34335968009909945
0.7576520138675233,0.9474063726315465,0.1982146953569545,-0.09787413195099587,0.42632825237095084,Accept,"Gender, Age, ProgVar",1.7007844120507358,0.1982146953569545,-0.05127197116768921,0.4330688819864393,Accept,1.4301204143249902,Reject,Accept,0.6492605079305748
0.7776322156478367,0.9067747941196671,0.06971391366362481,-0.08969595239235284,0.345021487959027,Accept,"Gender, Age, ProgVar",1.557456945991928,0.06971391366362481,-0.13925323294277833,0.27083287917739163,Accept,1.6264374645089534,Accept,Accept,0.6940944564567727
0.7375481731555199,1.0640426131482543,0.12620641159510404,-0.15563098704257225,0.39604893866930513,Accept,"Gender, Age, ProgVar",1.5665796551733013,0.12620641159510404,-0.14029774747279994,0.4202921909339787,Accept,1.391588801974108,Reject,Accept,1.2552376459586887
0.789294391066909,0.9880487898966895,0.035735744718306976,-0.10773171591319972,0.2417309972182091,Accept,"Gender, Age, ProgVar",1.2744098721290948,0.035735744718306976,-0.12698442500200807,0.21333184778419476,Accept,1.341915102385288,Accept,Accept,1.405453850665412
0.8783947659481866,0.8373096308788731,0.11554814937480827,-0.15483683242239532,0.548126164271576,Accept,"Age, ProgVar",1.088955088690816,0.11554814937480827,-0.13695581671532608,0.35459485320272777,Accept,1.2632066691033577,Reject,Accept,0.17350387232408257
0.800345202020046,0.9351266885085949,0.19692070028315958,-0.05143252144110856,0.4387729664491833,Accept,"Gender, Age, ProgVar",1.2092964527982242,0.19692070028315958,-0.05527013198918189,0.46341843296662144,Accept,1.205292625682047,Accept,Accept,0.9921123242175588
0.751728602830124,1.0499732263362533,0.19343639881809122,-0.3140327967635458,0.5079397317024635,Accept,"Age, ProgVar",1.4152736363112874,0.19343639881809122,-0.09343305276375644,0.4884853887848729,Accept,1.493002320525851,Reject,Accept,0.6947621156265937
0.5244044704479577,0.9367603849497028,0.10067655922592335,-0.11435461412894325,0.31808755772840264,Accept,"Gender, Age, ProgVar",1.4424853174694345,0.10067655922592335,-0.10535615661333429,0.3131273002136636,Accept,1.4120733463819142,Accept,Accept,1.0613656776473959
0.6512739244751624,0.8989516454954749,0.09400879257162968,-0.09930345311767641,0.37370974112518784,Accept,"Gender, Age, ProgVar",1.840565915387788,0.09400879257162968,-0.1126531732629486,0.31362231755526154,Accept,1.47316466079177,Reject,Accept,0.8188413111488552
0.9464666676176282,1.1260583990131328,0.15124040932918648,-0.24845576605476452,0.403468873870282,Accept,"Gender, Age, ProgVar",1.4641094918797923,0.15124040932918648,-0.1403624352332385,0.4524276637026241,Accept,1.3145606111079458,Accept,Accept,0.5396481666353237
0.9263548410021186,0.9022455383959118,0.20392948120264903,-0.00834284684297485,0.40534297881991355,Accept,"Gender, Age, ProgVar",1.7649426328483393,0.20392948120264903,-0.0089524449352779,0.42319253697810033,Accept,1.6878866513410176,Accept,Accept,0.4566833710636998
0.7187750640409907,0.7302315406580063,0.37196975369024576,0.0696439252752046,0.5903557672548834,Reject,"Gender, Age, ProgVar",1.3994265726203605,0.37196975369024576,0.12580735147333866,0.6329374870608268,Reject,1.5183727019770117,Reject,Reject,1.5371875496513718
1.119664322935446,0.9068961020785357,0.1415912558807461,-0.0934793298455326,0.3017101371366261,Accept,"Gender, Age, ProgVar",1.306543485702477,0.1415912558807461,-0.06048514413798303,0.3465547231006594,Accept,1.2830703117506248,Accept,Accept,0.7546719278839162
0.9392156697016235,0.9475277449524112,0.09192235588996493,-0.15720035668762042,0.35907965665732144,Accept,"Gender, Age, ProgVar",1.56249644924351,0.09192235588996493,-0.15042546639745447,0.319657761162828,Accept,1.3544629326794908,Accept,Accept,1.399041359574066
0.9441131248958439,1.031225528573901,-0.04113212932191383,-0.24520677018353282,0.35485822411994145,Accept,"Gender, Age, ProgVar",1.3702001457078228,-0.04113212932191383,-0.357400302879426,0.2652185806315752,Accept,1.221420655651512,Accept,Accept,0.6495691545761711
0.5238474350981652,0.8955285210282807,0.25256870990688973,0.017923944297069817,0.497243190015372,Reject,"Gender, Age, ProgVar",1.1865790729037504,0.25256870990688973,0.034408269310298285,0.4833276179719571,Reject,1.0623577306247811,Accept,Reject,1.2703884632162763
0.9469003894636498,0.8250618809074513,0.05732817845990021,-0.25430250612216887,0.3926143307359049,Accept,"Gender, Age, ProgVar",1.9826604476091592,0.05732817845990021,-0.2795158794178332,0.3778564884671666,Accept,1.4854503615323136,Accept,Reject,1.3703075137921445
0.8819183722443527,0.9819703779303973,0.17314069741943727,-0.043140483014753435,0.44527894571590787,Accept,"Age, ProgVar",1.0396553141977363,0.17314069741943727,-0.04662900167586401,0.3938039995063404,Accept,1.170068968245059,Accept,Accept,1.0821663724965525
0.518390832234756,0.7750542669422742,0.3791042891295037,0.13722615194123217,0.9731846810053056,Reject,"Age, ProgVar",1.724798101838922,0.3791042891295037,0.07345791573884211,0.7037684673045447,Reject,1.5608449258958645,Reject,Reject,1.4066262159122471
0.6776900484480026,0.8504843621451292,0.29653099058181875,-0.05631038682408977,0.6109003408559832,Accept,"Gender, Age, ProgVar",1.182113007752911,0.29653099058181875,-0.013869153205499092,0.5906897324682852,Accept,1.4047265869793255,Reject,Reject,1.615891257709327
1.0192129045176157,1.032964107802215,-0.04699376089501727,-0.29499741090884946,0.23485055312437583,Accept,"Gender, Age, ProgVar",2.0530604136843023,-0.04699376089501727,-0.2885082855597457,0.20962414591817985,Accept,1.6135880395448121,Accept,Accept,0.6755535084106078
1.1123202492285846,1.1444923255431811,-0.08711084551761067,-0.49668153690083894,0.1089475726525075,Accept,"Gender, Age, ProgVar",1.5341367360799265,-0.08711084551761067,-0.39463837783063377,0.22364749076083976,Accept,1.9329643522751703,Accept,Accept,0.8924108284726178
0.7001315845945101,0.9425442294796754,0.0840887719964325,-0.10573774143824177,0.39706373282065993,Accept,"Gender, Age, ProgVar",1.6854361568638692,0.0840887719964325,-0.16026951865401431,0.3314553280969516,Accept,1.4439678107447629,Accept,Reject,1.307367323731195
0.6398145899659553,0.9570015111097984,-0.05101121509287599,-0.24511053582717002,0.2459475219047555,Accept,"Gender, Age, Outcome_BL, ProgVar",1.064514460393204,-0.05101121509287599,-0.27994199736291203,0.17180731497222884,Accept,1.0408632129526376,Accept,Accept,1.0168798748136123
0.7658946381289445,0.8597513624808399,0.21339389849902343,0.015129750508270617,0.500361713540835,Reject,"Gender, Age, ProgVar",1.5485744737316136,0.21339389849902343,0.0020226812531303484,0.4435750175629007,Reject,1.2315110089111918,Reject,Reject,1.348368860250571
0.5869261379629371,0.8256211106878997,0.36057639219179144,0.13756098428582983,0.7714302252676892,Reject,"Gender, Age, ProgVar",2.3147473549741626,0.36057639219179144,0.025805751490045513,0.6765740108815693,Reject,2.13961547111487,Reject,Accept,1.3990137327825922
0.46143975329619064,0.8987246045226529,0.13745325850617376,-0.05396652258392837,0.5654885493136461,Accept,"Age, ProgVar",1.8019778879921475,0.13745325850617376,-0.1457846723628757,0.38069690037455983,Accept,1.6713913983745325,Accept,Accept,0.6879642753185812
0.6005552895857709,1.0611149180904844,0.10024020533179323,-0.16482919713296817,0.3550208418130032,Accept,"Gender, Age, ProgVar",1.2610647576070881,0.10024020533179323,-0.13502526295540832,0.34773416452204886,Accept,1.600663015310304,Accept,Accept,0.5956675367056682
0.7290586912056929,0.8718785729475549,0.20431376267630602,-0.1335916708974447,0.4056001965440865,Accept,"Gender, Age, ProgVar",1.262502089573788,0.20431376267630602,-0.06472812999236771,0.4924641141796374,Accept,1.219461977082959,Accept,Accept,0.6828517438621823
0.4935492683677688,0.828518663721957,0.06297813434723518,-0.07689122352425679,0.5439543147595322,Accept,"Gender, Age, ProgVar, X1",1.2844503283006654,0.06297813434723518,-0.2476666430630695,0.4065334760977242,Accept,1.51539989759841,Accept,Accept,0.5522687447442346
0.4115916828085562,0.8992451068218806,0.2597085325188131,0.00472950767643278,0.4513260846866056,Reject,"Gender, Age, ProgVar",1.752372131738321,0.2597085325188131,0.029353176924952436,0.49498332141404916,Reject,1.3784518515970512,Accept,Accept,0.7155079370508713
0.9642527260963591,0.9049877066045783,0.04345778810994507,-0.1932880072982692,0.27536491338607016,Accept,"Gender, Age, ProgVar",1.5621959496054298,0.04345778810994507,-0.19539195579998542,0.28109556862569074,Accept,1.5119679359465383,Accept,Accept,0.878070326186008
0.7840132605202706,0.92771713137951894,0.17406315747709897,-0.06810239085842118,0.4186286956297133,Accept,"Gender, Age, ProgVar",1.2292698810288774,0.17406315747709897,-0.08353117581610214,0.40524729473435506,Accept,1.1858875571194707,Reject,Accept,0.4004045037223007
1.0944432479165682,1.0763911714235694,0.11437225511183752,-0.2537443722358987,0.2790852426369765,Accept,"Gender, Age, ProgVar",2.238946838111294,0.11437225511183752,-0.11798954933199077,0.34699121602703986,Accept,1.8360077124476417,Reject,Accept,1.491809744371834
0.6987295175504843,0.9437226567897683,0.09001983818319646,-0.1562099073490621,0.3468106681111044,Accept,"Gender, Age, ProgVar",1.4559233646436525,0.09001983818319646,-0.17179144534111962,0.32462364729756166,Accept,1.7522908670272885,Accept,Accept,0.30155662534193534
0.658870200762831,0.9142257530441853,0.09073115283606803,-0.09235955947522469,0.47738501672770517,Accept,"Gender, Age, ProgVar",1.2833790979403994,0.09073115283606803,-0.19403356801027363,0.4046290308101601,Accept,1.311033163821298,Reject,Accept,0.6545210064989501
0.8215066158251417,1.0938740518423342,-0.06871395881959781,-0.3424910563009275,0.11139420425832268,Accept,"Gender, Age, ProgVar",1.42799526512699,-0.06871395881959781,-0.3136796777177986,0.16364963682555633,Accept,1.5216721073341628,Accept,Accept,0.7157559872651116
0.7885843141961976,0.8248191525822625,0.35755329812695413,0.01110238594262571,0.621112507743457,Reject,"Gender, Age, ProgVar",1.48548390083925,0.35755329812695413,0.04601150937411551,0.6478647576224665,Reject,1.113185637482247,Accept,Reject,1.1898026921521134
0.5584635304841299,0.8677550531187987,0.19480954781313503,-0.012521428737887766,0.5048322941279951,Accept,"Age, ProgVar",1.041978382308831,0.19480954781313503,-0.046395327288868915,0.4124410733895942,Accept,1.0076962507732499,Reject,Accept,0.31936884840335217
0.8675850838919577,0.9452959042700555,0.1476212570620026,-0.061832081933461416,0.4321445418410721,Accept,"Gender, Age, ProgVar",1.7150629995653395,0.1476212570620026,-0.11921980673751484,0.40452048169035076,Accept,1.7117514925497996,Accept,Accept,0.6403202893487879
0.8845334380562623,0.8476182838932512,0.17344180184111407,-0.05397171197695029,0.3603651807004446,Accept,"Gender, Age, ProgVar",1.5229353568726955,0.17344180184111407,-0.034046248698189126,0.39566177101314837,Accept,1.2556987078158726,Accept,Accept,0.0035062101973217124
0.5473356056402062,0.7383480353592848,0.3570038478743543,0.10503164784122074,0.6184101776700828,Reject,"Gender, Age, ProgVar",1.2431122303914028,0.3570038478743543,0.0775616047458618,0.6206387790287051,Reject,1.1955021605066891,Reject,Reject,1.209239820357472
1.3042840895759045,1.0352356319573257,0.04776530594170772,-0.40095984909945853,0.25051478404912914,Accept,"Gender, Age, ProgVar",1.8560076064708557,0.04776530594170772,-0.2845956755569155,0.359121093167628,Accept,1.6971265020015631,Accept,Accept,0.9524722428925225
0.7693149943645812,1.002176471857178,0.14507772267399432,-0.19286885292168848,0.2927756580007706,Accept,"Gender, Age, ProgVar",1.3951898421265634,0.14507772267399432,-0.11484200107851639,0.4003048588609128,Accept,1.5216797325558908,Accept,Accept,0.15898852204972788
0.8051968378044567,1.0403563282215393,-0.060056151462723466,-0.34693117464189943,0.1630174686015889,Accept,"Gender, Age, ProgVar",1.032301664950051,-0.060056151462723466,-0.31412604087511353,0.19575704718656095,Accept,1.2993318617490714,Accept,Accept,0.7491725559695585
0.4679662976262256,0.7706092655265657,0.22417104537992705,-0.018407330525331778,0.5902517072345556,Accept,"Age, ProgVar",1.3616642931772716,0.22417104537992705,-0.028987773397450282,0.4625859573510455,Accept,1.6708153285296787,Accept,Accept,0.882082711384796
0.649729893649176,0.8314153239129807,0.177036099854746,-0.038998981508346756,0.567358878020626,Accept,"Age, ProgVar",1.541607410136412,0.177036099854746,-0.055473970447978554,0.42046370735530464,Accept,1.5549362361684234,Reject,Accept,1.1582952655371568
0.6644458396687252,0.8529270320261819,0.1367005404897515,-0.0662972661872889,0.4705613024161073,Accept,"Age, ProgVar",1.506248139440536,0.1367005404897515,-0.08011532426727913,0.37043616675235636,Accept,1.361461024816938,Reject,Accept,1.060034557505927
0.6852192370306215,0.9261878757814398,0.19148577948888965,0.0067690834450063395,0.3637284904598599,Reject,"Gender, Age, ProgVar",1.1796702419986176,0.19148577948888965,0.001543522438983029,0.3716116204434487,Reject,1.0914562762760789,Reject,Accept,0.9111381485893226
0.49687366373844705,0.8886249261540141,0.0662943609547119,-0.1115278351988751,0.3653835154122449,Accept,"Gender, Age, ProgVar",1.5159179068505582,0.0662943609547119,-0.1859392236082871,0.31190912721606096,Accept,1.5340690130671017,Reject,Accept,0.9975960733658379
0.7445219150166108,0.9131480231336537,0.1932411193088022,-0.24048698096704393,0.39381006047738953,Accept,"Age, ProgVar",1.7573429920080614,0.1932411193088022,-0.09400157972703577,0.4885664630725161,Accept,1.2165975484156706,Accept,Accept,0.7558797957426041
1.1583839117104462,0.9106843847022863,0.11587207227445982,-0.2001902179440695,0.267058896915784,Accept,"Gender, Age, ProgVar",1.7402181175048697,0.11587207227445982,-0.127551276557659,0.36094440592750854,Accept,1.7591464725927894,Accept,Accept,0.7095989927586153
0.5655482879764859,0.9737862821427224,0.07592137749787153,-0.12083514645255117,0.3666616673154006,Accept,"Gender, Age, ProgVar",1.6195516077351149,0.07592137749787153,-0.1681853544399082,0.33261915420346466,Accept,1.603312951711623,Reject,Accept,0.6960636950293416
0.8868597759328163,0.9344375472675659,0.083141718980176,-0.18780847156329292,0.3575649286421661,Accept,"Age, ProgVar",1.259825210699005,0.083141718980176,-0.14451322403538053,0.29747324134036757,Accept,1.3455558859219212,Reject,Accept,0.5211063528234693
0.736765764353848,0.9420260525581754,0.042748183643591106,-0.2275420566910436,0.6450036506508285,Accept,ProgVar,1.816085076497787,0.042748183643591106,-0.19192413848786513,0.29609752202081796,Accept,1.3967975069403318,Accept,Accept,0.6163648225473543
0.7610273185150621,0.9679408687409142,0.25489047657140895,0.02587040842673209,0.6720916297912961,Reject,"Age, ProgVar",1.6086306347816193,0.25489047657140895,-0.006903235124066733,0.5107697229246155,Accept,1.5157068146583643,Reject,Accept,0.8009220999877787
0.7572854189931616,0.9458414495092482,0.2223637853033526,-0.059409085478947826,0.5302702595552593,Accept,"Age, ProgVar",1.6201270731517352,0.2223637853033526,-0.054818697886947126,0.4974523244963298,Accept,1.663133938523436,Reject,Accept,1.066591679724413
0.7473518158937612,0.9344422143306244,0.12423493443661915,-0.08514054339202452,0.32486929883408505,Accept,"Gender, Age, ProgVar",1.0263293554253397,0.12423493443661915,-0.08112432775315462,0.33623305157083333,Accept,1.1264190382854193,Accept,Accept,1.233042124865333
0.6122173442310535,0.9836320830966396,0.14780419868556965,-0.12181665267358033,0.35577568013511335,Accept,"Age, ProgVar",1.2154381703729455,0.14780419868556965,-0.05376068601619041,0.35579281630809884,Accept,1.2861385869268287,Reject,Accept,0.5811725706460988
1.2086384505495673,0.8284156615562074,-0.014335386325687826,-0.3075241474666891,0.27712624839770295,Accept,"Gender, Age, ProgVar",1.971382516038908,-0.014335386325687826,-0.31828580167580184,0.3065241143945756,Accept,1.8520840113814623,Accept,Accept,0.451578863826195
0.8856047508563926,0.9594017772741481,-0.029645968230962105,-0.25494945377562317,0.4101355257894326,Accept,"Age, ProgVar",1.6713330271151206,-0.029645968230962105,-0.3035645230963632,0.23651073379950738,Accept,1.4027510395630853,Reject,Accept,1.141786504426402
0.5550031450704144,0.8464025305976933,0.0905460224947318,-0.15109788966373985,0.3476291948382579,Accept,"Gender, Age, ProgVar",1.3354479378217872,0.0905460224947318,-0.1299772321119702,0.333231765458156,Accept,1.4025894090003956,Accept,Accept,0.8000983825577781
1.1227484362233842,1.0452801786089874,-0.030263352900401466,-0.4095950311717585,0.2011996735696869,Accept,"Age, ProgVar",1.1320211502319442,-0.030263352900401466,-0.2814608306431718,0.22039177988140413,Accept,1.2396564205742382,Accept,Accept,0.2323964085306968
0.9137249265476062,0.908477932700605,0.19566319081094327,-0.13154621507400935,0.4613411427621188,Accept,"Age, ProgVar",1.458086748097821,0.19566319081094327,-0.07158391734081652,0.45018012158140147,Accept,1.5636983173111516,Accept,Accept,0.5162792650750245
0.7006708471701913,0.9687908257935969,0.16675991625308295,-0.04626273212594808,0.444020746377744,Accept,"Gender, Age, ProgVar",0.9114523460871585,0.16675991625308295,-0.06858998934524597,0.4147195953853092,Accept,1.0508085017368316,Accept,Accept,0.8883202354339721
0.6387447590212278,1.039721292595251,-0.0705836542450025,-0.25775396130560296,0.14516280158155143,Accept,"Gender, Age, ProgVar",1.876276794860937,-0.0705836542450025,-0.26908339641140744,0.1346486926731951,Accept,1.716665713449106,Accept,Accept,1.0083114479126045
0.6374164770605688,0.8388037350663176,0.0586878847392872,-0.1312763773154083,0.4383856510309906,Accept,"Age, ProgVar",1.2866386938365593,0.0586878847392872,-0.1742208839707903,0.30117283286648405,Accept,1.1240511472830261,Reject,Reject,1.3885066868823241
0.7814113474661746,0.9591771330109953,0.03545157740439316,-0.24936140064707474,0.23834571349547623,Accept,"Age, ProgVar",1.5955531854562375,0.03545157740439316,-0.16396618873722613,0.24792704798785847,Accept,1.485972449711889,Accept,Accept,0.5583610994593843
0.5068161538942774,0.7487770389285737,0.25486652347795696,0.08227614354085191,0.5653769943220732,Reject,"Gender, Age, ProgVar",1.3726403468956812,0.25486652347795696,0.02087762770940754,0.4881169272328552,Reject,1.374152502292823,Reject,Reject,1.2947784415017507
0.7386848834398609,0.9478834710785435,0.09465780600705966,-0.10260063968820884,0.33645230089389305,Accept,"Gender, Age, ProgVar",1.7846665418696455,0.09465780600705966,-0.10761892962060106,0.3263533059797231,Accept,1.558894648793327,Accept,Accept,1.1639497370908776
0.8428622462966585,0.8713787676334732,0.1681318310774798,0.005522870330414903,0.5639208641932809,Reject,"Age, ProgVar",1.282177916141278,0.1681318310774798,-0.0511043555628279,0.40902356576138704,Accept,1.3987757193945491,Reject,Accept,0.2887782273100737
0.8962768196270996,0.8364017989072545,0.059277746951739554,-0.17245025593385438,0.47191893237568777,Accept,"Age, ProgVar",1.643705430160436,0.059277746951739554,-0.2007332141603692,0.3344884928217491,Accept,1.241572083475132,Accept,Reject,1.391010893823709
0.9740056360072851,0.9917237648437167,-0.04055025405787629,-0.3485381035593186,0.17203676202793958,Accept,"Gender, Age, ProgVar",1.3017219251911973,-0.04055025405787629,-0.2917725430428405,0.20342219930194314,Accept,1.4908672960859832,Accept,Accept,0.6318274785256244
0.5361285353569598,0.885905887320425,0.14431396992684747,-0.1580596117744799,0.4107676852948801,Accept,"Gender, Age, ProgVar",1.400456719227239,0.14431396992684747,-0.1025747444895937,0.4181464575707409,Accept,1.4427079978341901,Reject,Accept,0.7393984667088985
0.5035065011562352,0.6835656788815025,0.4079046016723714,0.22522520780223265,0.6326088706357351,Reject,"Gender, Age, ProgVar",1.468318421600165,0.4079046016723714,0.21102945816067453,0.6226887862112961,Reject,1.281873704555369,Reject,Accept,1.133964638979085
0.9354493462543355,0.9335300302160644,0.07855641444731107,-0.1251692113481646,0.3118694551068522,Accept,"Gender, Age, ProgVar",1.293466802893508,0.07855641444731107,-0.14722309165506148,0.3134666297785973,Accept,1.3627162929324619,Accept,Accept,0.5253031159316109
0.45365731984394747,0.9161104928285012,0.43623809368240196,0.07841194146755426,0.6600939630868391,Reject,"Gender, Age, ProgVar",1.3194008961574526,0.43623809368240196,0.16312924906987833,0.7353043075886576,Reject,1.527800836135798,Reject,Accept,0.8328812695403031
0.9883534464810201,0.8887736964056011,0.2653409921166532,-0.038040187212062405,0.4943023644388978,Accept,"Gender, Age, ProgVar",1.4295381118245074,0.2653409921166532,-8.796266254478546e-4,0.5314616009669757,Accept,1.6258063640771434,Accept,Reject,1.4787394257057875
0.3477573302769846,0.9245739338416092,0.17063757684753306,-0.11347566308888168,0.6715452524365197,Accept,"Age, ProgVar",1.36391052131899,0.17063757684753306,-0.15297384443323991,0.48330754444891477,Accept,1.350439985225149,Accept,Accept,0.7699459019663534
1.0776996518827404,0.8917771059484887,0.13569507021420135,-0.17198510590215757,0.2763343469840261,Accept,"Gender, Age, ProgVar",1.3642815261676393,0.13569507021420135,-0.11068365121460813,0.37361910344973187,Accept,1.2179547421244603,Accept,Accept,0.6454161099518942
0.3556198109434767,0.872691903708126,0.3730060522091394,0.002316415458832396,0.6502611602703406,Reject,"Age, ProgVar",1.7503624002287979,0.3730060522091394,0.1090473863836835,0.6411030787590744,Reject,1.47934787011019,Reject,Reject,1.5480351313584675
0.5864000493478164,0.9204070273848749,0.3219503054549681,0.08734683345848768,0.6192441241427752,Reject,"Gender, Age, ProgVar",1.3671998136135597,0.3219503054549681,0.06816929559138254,0.5877621744722342,Reject,1.3364939244452616,Accept,Accept,0.9926309271266351
0.8248257315212789,0.9654111452018831,0.015550237346881279,-0.18121559476903248,0.28561876252524493,Accept,"Gender, Age, ProgVar",1.5772416402003497,0.015550237346881279,-0.20114410934120966,0.2403336281211255,Accept,1.3603550811886784,Accept,Accept,1.2869392643345157
0.9517514001018648,0.9372337395394668,0.006044592296961721,-0.26450242882399583,0.2827306993958619,Accept,"Age, ProgVar",1.6377930297310643,0.006044592296961721,-0.252449940587705,0.27348656471230814,Accept,1.261812102851395,Accept,Accept,0.4570560742490303
0.5878706742894519,0.8243165392016073,0.2997371242144997,0.20242700211456535,0.6118577428060314,Reject,"Gender, Age, ProgVar",1.7713801315268602,0.2997371242144997,0.09640944785898956,0.503482650758068,Reject,1.3493461545635035,Reject,Reject,1.7182178397008772
0.7868178476347438,0.9058697439773796,0.08047890613386581,-0.14152974190652784,0.4897471977662666,Accept,"Gender, Age, ProgVar",1.2966884452710026,0.08047890613386581,-0.2213986328914786,0.37299498312776286,Accept,1.214834625613007,Accept,Accept,0.426998413422372
0.47393804801447514,0.8651129734295749,0.17412201031304086,-0.1435027018471015,0.6091480286982291,Accept,"Age, ProgVar",1.842849751825344,0.17412201031304086,-0.10492272912890066,0.46697963646422586,Accept,1.6012995752482717,Reject,Reject,1.5877105740720627
0.7269442559164573,0.9515984513037488,0.090745497902494407,-0.21185472541684808,0.4164500995509939,Accept,"Age, ProgVar",1.2880343615251288,0.090745497902494407,-0.16235553139880365,0.32615248182464324,Accept,1.2131182175813742,Accept,Accept,0.1338015582372638
0.21994582760935216,0.7788467161695419,0.24704423273470177,0.0864729820551065,0.5619048334828952,Reject,"Gender, Age, ProgVar",1.2587035974351695,0.24704423273470177,0.018690136888923462,0.4695179096827135,Reject,1.4339656523723567,Reject,Accept,0.5970116399364449
0.8553197685941704,0.9607567766373781,0.030182118730756536,-0.1637040354044089,0.39798036573231776,Accept,"Gender, Age, ProgVar",2.0119151663654566,0.030182118730756536,-0.23478625610748155,0.3038442740316765,Accept,1.9108539385799994,Accept,Accept,0.7290741013204985
0.9078880171510131,0.782813230437112,0.048790195909443654,-0.1783079501834139,0.38552958815668054,Accept,"Age, ProgVar",1.5446132141813518,0.048790195909443654,-0.20376535246663374,0.2813979830646779,Accept,1.0927321998464063,Accept,Accept,0.19881604705476916
0.9103168223336449,0.9770984184654056,0.13406874555817982,-0.19156150307654718,0.3324184073919404,Accept,"Gender, Age, ProgVar",1.0192993366802887,0.13406874555817982,-0.13593976928894802,0.39371284061484424,Accept,1.1390429094266823,Accept,Accept,0.5107996957998138
0.8214734119372,0.9824806661478345,0.11408559236492387,-0.24935823289274958,0.6140699737444157,Accept,"Age, ProgVar",1.7327218755687384,0.11408559236492387,-0.20713200976874077,0.44090425278788326,Accept,1.5079077861450711,Accept,Accept,0.795212445178189
0.819959764819991,0.7267041059437246,0.2755031815257536,0.06752722535720813,0.5332840185441838,Reject,"Gender, Age, ProgVar",1.855012651161414,0.2755031815257536,0.04352216931618874,0.4913043192008961,Reject,1.7205103114106763,Reject,Reject,1.6041510319983676
0.8151895336602342,0.8870287476915372,0.05066067159825009,-0.22645897961805178,0.3023985851117222,Accept,"Gender, Age, ProgVar",1.6524158019199182,0.05066067159825009,-0.20653845284385497,0.30624349134884227,Accept,1.687433314572384,Accept,Accept,0.8329266398997505
0.5651136825178265,0.912449980807042,0.017828563334936442,-0.2294591863472104,0.3077346527287604,Accept,"Age, ProgVar",1.2633335815707967,0.017828563334936442,-0.19056866140067302,0.22142855129612218,Accept,1.1132364085226678,Accept,Accept,0.6437577634100093
0.4929261890197653,0.8328734901167895,0.3391916517965206,0.08972095306792816,0.49823551528936394,Reject,"Gender, Age, ProgVar",1.1449912484543052,0.3391916517965206,0.14186308711178874,0.5265019527502713,Reject,1.2961356138878202,Reject,Reject,1.30294737840584
0.8317034950456184,0.8092417177555606,0.25160007109543525,-0.01182084724262851,0.4622693303262263,Accept,"Gender, Age, ProgVar",1.5649311028154764,0.25160007109543525,0.0253563018724607,0.48097429272229925,Reject,1.4506774898873485,Reject,Reject,1.5204356389213434
0.8102111431939807,0.9529550869793212,0.0967046481125765,-0.1261819610266689,0.4032907768676117,Accept,"Age, ProgVar",1.353462100757445,0.0967046481125765,-0.11793661518547148,0.30549440238334147,Accept,1.2744626049259387,Accept,Accept,1.3186128135173614
0.8618779272689601,0.8900449702867043,0.16623899578409432,-0.10491840742821679,0.3694794565718962,Accept,"Gender, Age, ProgVar",1.7603176030469214,0.16623899578409432,-0.0757981137271694,0.42190016703571687,Accept,1.577366412435847,Accept,Accept,0.4594922564748378
0.9224292724780984,1.0322752972798606,-0.11304487753444445,-0.42599392032865524,0.22690785655628268,Accept,"Gender, Age, ProgVar",1.750247834833246,-0.11304487753444445,-0.4208902093984396,0.20332077700896714,Accept,1.6483817385660122,Accept,Accept,0.8239000736625137
1.1856775542730575,1.1166709440260643,-0.26099113407142943,-0.4974828277512682,0.03646827024614759,Accept,"Gender, Age, ProgVar",1.8535782105755647,-0.26099113407142943,-0.5072511052070066,-0.014816177728337411,Reject,1.5603967279602784,Accept,Accept,1.038589893465418
0.7728782502067715,0.9409108154815939,0.21500025939337084,-0.1887427287296245,0.3394852287407775,Accept,"Gender, Age, ProgVar",1.6388678614377463,0.21500025939337084,-0.01746520996882404,0.4629583629188636,Accept,1.4616280068411631,Accept,Accept,0.5849286523853667
0.9174176849794433,0.8923939441640716,-0.04720076444968616,-0.20656264747534353,0.3076443131159899,Accept,"Gender, Age, ProgVar",1.1421996127277985,-0.04720076444968616,-0.28272177656902314,0.19934719233220882,Accept,1.1022829637417921,Accept,Accept,1.102920661851657
0.929649749838826,1.0232670583657966,0.08182627706550977,-0.1836061261786052,0.28499406515940195,Accept,"Gender, Age, ProgVar",1.1804005126134,0.08182627706550977,-0.13481591079980906,0.296087146139981,Accept,1.3766275816911382,Accept,Accept,0.9576239517841084
0.6688440139387812,0.9828595292247507,0.014394427669425811,-0.1628333707650133,0.3938727666811272,Accept,"Gender, Age, ProgVar",1.5049724732307224,0.014394427669425811,-0.25079782387052196,0.26361251988856255,Accept,1.628964526610896,Accept,Accept,0.8082276732084245
0.7629670143271737,0.8422636868039871,0.1889849272956125,-0.02110109327916563,0.38302302841211294,Accept,"Gender, Age, ProgVar",1.2859648216368833,0.1889849272956125,-0.0074528884731331416,0.3913856382508033,Accept,1.5947831001239694,Accept,Reject,1.5831753825003978
0.7617886913702615,1.0199910371083438,0.14539664502337776,-0.2015828263939519,0.39738632891613646,Accept,"Age, ProgVar",1.2543194202669137,0.14539664502337776,-0.11677806138299894,0.40027015327242155,Accept,1.2457516242775966,Accept,Reject,1.3040009561795858
0.8952616823993614,1.102317038282162,-0.08978442695369379,-0.3135530638996744,0.37728618852828966,Accept,"Gender, Age, ProgVar",1.1656464418011714,-0.08978442695369379,-0.3966766137029643,0.2595349547048788,Accept,1.3181200231560704,Accept,Accept,0.9267994337563547
0.2820166665424698,0.8746933604085626,0.19504844764595497,-0.016278780191431984,0.40376567952217496,Accept,"Gender, Age, ProgVar",0.7958873535235419,0.19504844764595497,0.00560948813561267,0.3968229235721253,Reject,0.840530317450972,Accept,Accept,0.8607644964995268
0.6982432294008198,0.9610165988303624,0.07938560018683807,-0.34674920595919334,0.4980070593594499,Accept,"Age, ProgVar",1.3001145875822475,0.07938560018683807,-0.26921603926456383,0.42299039207138445,Accept,1.2372499306023823,Accept,Accept,0.4299584133523526
0.8052063268364439,0.8653793266555393,0.2022726770176157,-0.13973799841170864,0.6007102134717879,Accept,"Age, ProgVar",1.5684676243613616,0.2022726770176157,-0.13566708655807225,0.5237141506035087,Accept,1.4146429364892725,Accept,Accept,0.6068874531283662
0.6852223435342272,0.8691259361915984,0.2094146039015133,0.030690101012426613,0.37192397394694243,Reject,"Gender, Age, ProgVar",1.0646229265232758,0.2094146039015133,0.030333647323798174,0.3704860786296331,Reject,1.2484034070767274,Accept,Accept,0.9546978842081157
1.026402417392316,0.9906754839490277,0.13459948248879225,-0.1681287328563474,0.33458669723301426,Accept,"Gender, Age, ProgVar",1.2643677266382318,0.13459948248879225,-0.11014890784457874,0.3847724528583807,Accept,1.4551623920546433,Accept,Accept,0.9970468538828122
0.925190339263721,0.8686438749436045,0.17699282479539385,-0.07495068059735722,0.4765177699530704,Accept,"Gender, Age, ProgVar",1.4283631081194283,0.17699282479539385,-0.0799365301067319,0.4312136147034571,Accept,1.6151298405502623,Reject,Accept,0.9383039251524494
0.8423586871242873,0.8541223793621978,0.2189831817176184,0.0013639725560721499,0.4766715190525751,Reject,"Gender, Age, ProgVar",1.2873692923222537,0.2189831817176184,7.874449412581391e-4,0.4450319822612122,Reject,1.2138729772509274,Accept,Reject,1.4965365850810555
0.4731319408508346,0.8517661535866722,0.15349080871631243,-0.042513053045842325,0.47418871807855584,Accept,"Age, ProgVar",1.8495979608227295,0.15349080871631243,-0.086594849525278475,0.37232758836937796,Accept,1.7675569181979598,Accept,Accept,1.1262023756142976
0.8376143721202475,1.003103704923108,0.0014289315979877204,-0.3195668470636888,0.30635702339035453,Accept,"Gender, Age, ProgVar",1.799455311696156,0.0014289315979877204,-0.30531404012781177,0.310961066404329,Accept,1.6752806646081118,Accept,Accept,0.5825813058362306
0.9968742783268695,1.0194052052651716,-0.026959961519775987,-0.20847800906383668,0.19641948808587378,Accept,"Gender, Age, ProgVar",1.6133948783126053,-0.026959961519775987,-0.21590147972960877,0.16811404013395148,Accept,1.4001759799084486,Accept,Accept,1.2878574467767354
0.5809990418732573,0.773323223469747,0.3503269947446482,0.035393289092799665,0.5164629157056537,Reject,"Gender, Age, ProgVar",1.7849770705016093,0.3503269947446482,0.13131487693105567,0.5698193771123188,Reject,1.7711363252080168,Reject,Accept,0.22603573725668757
0.643811284709307,0.8916791504616631,0.08433824386903972,-0.01968275900890763,0.5781349621162043,Accept,"Gender, Age, ProgVar",1.80117874144576,0.08433824386903972,-0.17925490087662577,0.36311163554012993,Accept,1.7039414662880177,Accept,Accept,0.47954748358511806
0.8974340779312701,0.9492421214026693,0.16778619870270714,-0.06136859440418378,0.36381195527382837,Accept,"Age, ProgVar",1.419752865810984,0.16778619870270714,-0.0029117155002382072,0.3423615169784785,Accept,1.441262544116357,Reject,Accept,0.6403201665946372
0.8442711387084962,0.9007112024961441,0.17078672300556821,-0.16212415199633398,0.5314013837446628,Accept,"Gender, Age, ProgVar",1.482958558155008,0.17078672300556821,-0.18082641949285952,0.5123260377164205,Accept,1.7317081438084725,Accept,Accept,0.9982480121913684
0.8952654776012586,0.9661618591758028,0.20931362024426595,-0.106970513497199,0.42652736736355407,Accept,"Gender, Age, ProgVar",1.4238121677156914,0.20931362024426595,-0.0646934035001343,0.48496223999900795,Accept,1.3043277147370846,Accept,Accept,1.1498928709402962
0.19483890482983762,0.8458703486514019,0.320848758656964,0.12644347150928842,0.6520394165887902,Reject,"Age, ProgVar",1.3241245107819026,0.320848758656964,0.12430440011801011,0.5220863505623554,Reject,1.45305959452249,Reject,Accept,1.1565182613033131
1.0321334050680009,0.9625004171199433,0.06690888360944922,-0.13748059860101547,0.2768065213403287,Accept,"Gender, Age, ProgVar",1.1965483110450708,0.06690888360944922,-0.13960044463067728,0.2548276786802369,Accept,1.2957307070718647,Accept,Accept,0.9753389730138702
0.7158850757189161,0.9396370967013288,0.10834735634875738,-0.06795652470120812,0.31765697165080065,Accept,"Gender, Age, ProgVar",1.4247831936861288,0.10834735634875738,-0.08409418442391146,0.30173054973153124,Accept,1.2268910672456284,Accept,Accept,1.0314604680064912
0.9999738303098122,0.8704728231860207,-0.003624529017235302,-0.20156160171470333,0.2886570682107301,Accept,"Gender, Age, ProgVar",1.3323205706380685,-0.003624529017235302,-0.2304507112478413,0.21819296313387093,Accept,1.3468676495336624,Accept,Accept,0.9201455733855703
0.7597355329174679,0.9463744561127034,0.12876962921021015,-0.0771331833527561,0.3190982616424067,Accept,"Gender, Age, ProgVar",1.245015977671817,0.12876962921021015,-0.0571462877260409,0.32068681400041205,Accept,1.1167398382292064,Accept,Reject,1.6847722015769466
0.6600071269923429,0.7930190109007808,0.23544714420690305,0.039248708083341535,0.5652350358556387,Reject,"Gender, Age, ProgVar",1.687138596594101,0.23544714420690305,-0.01571572625203252,0.49338054464460446,Accept,1.3951045693232897,Accept,Accept,1.2663710656175724
0.8916032059845291,1.09361826059794,-0.08114531664830776,-0.33871570789306604,0.23055262622296252,Accept,"Gender, Age, ProgVar",1.706447209195321,-0.08114531664830776,-0.3639754653679651,0.1786739561072045,Accept,1.6849762178509453,Accept,Accept,0.599915419835186
0.7484534519866005,0.947809687009255,0.14152058915144494,-0.07432109985881447,0.4093997431929073,Accept,"Gender, Age, ProgVar",1.078606937705247,0.14152058915144494,-0.10697889629802428,0.38153408863370003,Accept,1.3362880976766636,Accept,Accept,0.8228530201266853
0.9987206846231761,0.884285049461033,0.2516955617184317,-0.128180830903181,0.46771606882950245,Accept,"Age, ProgVar",1.7164967342973696,0.2516955617184317,0.04407398058737512,0.45795059860183523,Reject,1.3723006244237692,Accept,Accept,0.7352837275979932
0.758854817031424,0.8148438164686475,0.2572393993215919,0.22307174449303258,0.6546267928833881,Reject,"Gender, Age, ProgVar",1.1303616294056729,0.2572393993215919,0.049154689437537494,0.48026187913422347,Reject,1.2557739805638013,Reject,Accept,1.3383206545194068
0.8587108123044702,0.8654754957197672,0.18936802769070424,-0.032578089678108386,0.44392571623965754,Accept,"Age, ProgVar",2.28157453740812,0.18936802769070424,-0.009085509460497448,0.39492822982269654,Accept,1.8022971857239745,Reject,Accept,1.257085142662879
0.7492133945782948,1.0322855186784585,0.09979970796541325,-0.08857436358445582,0.39669149850899565,Accept,"Gender, Age, ProgVar",2.1134093053692196,0.09979970796541325,-0.12370762925811077,0.3137383530602712,Accept,1.4963575424501736,Accept,Accept,0.6903478993143758
0.8137189183060786,0.9581921735344575,0.19183340137891897,-0.08990022974006048,0.28064013411689037,Accept,"Gender, Age, ProgVar",1.1306745798628952,0.19183340137891897,0.008791411675772494,0.38011786986222634,Reject,1.1339323920523383,Accept,Accept,1.057902624425494
0.682482232746416,0.9236494220076539,0.21772579695800434,-0.05622528155336423,0.41333167873327037,Accept,"Gender, Age, ProgVar",1.9259236026747835,0.21772579695800434,-0.004445875581071311,0.45499940236130126,Accept,1.5327905708888585,Accept,Accept,0.7263848811353101
0.7886339645110175,0.9068956426413383,0.16771361681986663,-0.0037484972289176964,0.3935942949013633,Accept,"Gender, Age, ProgVar",1.2024327255552245,0.16771361681986663,-0.027573319202893118,0.3697056648113021,Accept,1.4614603278105662,Reject,Accept,1.3426295731477664
1.012189940207479,1.0560463984713446,0.03809613900363782,-0.18367638089019103,0.272571439048531,Accept,"Gender, Age, ProgVar",1.1560939738475928,0.03809613900363782,-0.16262674692399282,0.23646545274453573,Accept,1.2483221243794727,Accept,Accept,0.878557267883967
1.1595240972962029,0.9094957320475721,-0.008724933487110332,-0.23685664233069018,0.24681342433716136,Accept,"Gender, Age, ProgVar",1.5679211812062692,-0.008724933487110332,-0.26852028646337833,0.236031309057879,Accept,1.654673628605621,Accept,Accept,1.0056207001309745
0.8512067459409643,1.0494021000361635,0.00075231256807588005,-0.24155176024907582,0.43546715629007715,Accept,"Gender, Age, ProgVar",1.336535043569165,0.00075231256807588005,-0.31987191601730947,0.31628691899822337,Accept,1.4438255080214817,Accept,Accept,0.8953944025284148
0.7222036689781097,0.9665803322104255,-0.01673221755659361,-0.2078017317708274,0.2420340404508266,Accept,"Gender, Age, ProgVar",1.489828497273627,-0.01673221755659361,-0.22374384015728757,0.1899830031596739,Accept,1.2565701058951628,Accept,Accept,1.0898418195122364
1.0257967748489536,0.9936328146300236,0.0047003476852654075,-0.2155761783409327,0.3677238021153558,Accept,"Gender, Age, ProgVar",1.503025255263589,0.0047003476852654075,-0.2840599227840639,0.2797034453819539,Accept,1.3868864800311982,Accept,Accept,0.5913528412542413
0.7017977341659775,0.9438899991765285,0.2175715073843341,-0.11439682795453057,0.43300839607529346,Accept,"Age, ProgVar",1.6453429070668826,0.2175715073843341,-0.0058359104791760735,0.4496356359619793,Accept,1.3215361184193333,Reject,Accept,0.8076128717151668
0.5012597761715053,0.8087414717434293,0.2868328708010261,0.004477606217574755,0.5754513173577713,Reject,"Gender, Age, ProgVar",1.951871830937225,0.2868328708010261,-0.0028417144925557206,0.5684733237831258,Accept,1.9287082473981478,Accept,Reject,1.2875242678742695
1.1614203140444015,1.0935903569632757,-0.12513116012933986,-0.38585088563972025,0.26400609871074066,Accept,"Gender, Age, ProgVar",1.1786259880443921,-0.12513116012933986,-0.441255404699294,0.18765578566970287,Accept,1.4073683641453547,Accept,Accept,0.4772478651854433
0.47736626506843316,0.825602037781743,0.41227755216606865,0.099831780684805,0.8259805863797127,Reject,"Age, ProgVar",2.2122500241149736,0.41227755216606865,0.1554402783527727,0.6733746671910654,Reject,1.6323598942919384,Reject,Accept,0.6529681140304403
0.706865621241314,0.9332568572651454,0.17209234317179228,-0.018582516471049984,0.35125858641937563,Accept,"Gender, Age, ProgVar",1.4878467705235778,0.17209234317179228,-0.010462449787441756,0.3525186650607654,Accept,1.5098380424470992,Accept,Accept,0.5163872814891337
0.4718992608747691,0.9069383853460227,0.12567283034012922,-0.190582260470199,0.3621246826820858,Accept,"Age, ProgVar",1.0112849846357157,0.12567283034012922,-0.08559750832886551,0.3480980284066051,Accept,1.1311248780260634,Accept,Accept,0.7495033877604425
0.6262645058781084,0.9756340440561754,0.2001606051872956,-0.24892397082653486,0.3964623552106727,Accept,"Age, ProgVar",2.797748800955501,0.2001606051872956,-0.026160920772571553,0.4419917834986455,Accept,1.9938948739266662,Reject,Accept,1.6657748092322233
0.6401181422687099,0.8380348784335138,0.3028919689891775,0.045376371604108956,0.553380306938587,Reject,"Gender, Age, ProgVar",1.4013668630414378,0.3028919689891775,0.05826785408465385,0.5523374720394711,Reject,1.2753623685793516,Reject,Accept,0.989850572564255
0.4648639566829018,0.8449912500267108,0.1781035878786427,-0.08020898880577426,0.5051257811033316,Accept,"Gender, Age, ProgVar",2.0204809583822745,0.1781035878786427,-0.10586960183739497,0.470308414949442,Accept,1.7191404716114622,Reject,Accept,0.24477967759274147
0.7174144902680692,0.8867086224942761,0.11668633663131832,-0.14505937250479026,0.3751558170539251,Accept,"Gender, Age, ProgVar",1.153849045488417,0.11668633663131832,-0.1432297213501426,0.3585861475284576,Accept,1.2474962667992815,Accept,Accept,0.669390031109017
0.5648870808298814,0.9775635117861609,0.16126231494189425,-0.036654520611739155,0.5821571072246446,Accept,"Age, ProgVar",1.1990465254320453,0.16126231494189425,-0.10186664811631074,0.4517971770844103,Accept,1.3010915912532983,Accept,Accept,0.4469817030730234
0.4285184576595828,0.6966157005809558,0.3435775870963453,0.0722634570404113,0.6381039877051392,Reject,"Gender, Age, ProgVar",1.3260451787855458,0.3435775870963453,0.07642091423865105,0.6072152799624362,Reject,1.4105035272017512,Reject,Accept,0.8606825280188976
0.8858923638111327,1.007159077328481,-0.06007303250216897,-0.4065146121077096,0.19636813382196106,Accept,"Age, ProgVar",1.385964678302084,-0.06007303250216897,-0.3162108502728329,0.19300735714077222,Accept,1.1005031445185864,Accept,Accept,1.0589440584957337
0.9813146958101172,0.9718093883124819,0.2337132821555923,-0.040213630630552326,0.5368729267990121,Accept,"Gender, Age, ProgVar",1.6336097459405645,0.2337132821555923,-0.034607132698866255,0.5159561050982444,Accept,1.7694005529808052,Reject,Accept,0.9027210541727204
1.0012682175692058,0.92156942692043,0.12157651058919403,-0.24790392598941963,0.3225102984320842,Accept,"Gender, Age, ProgVar",1.4971556722730697,0.12157651058919403,-0.10816163217624311,0.3655636205784521,Accept,1.0591003356202937,Accept,Accept,1.2052977161647485
0.573872324752276,0.9676555882569767,0.04461261683609926,-0.26061002007598305,0.30050105993854925,Accept,"Age, ProgVar",1.3168187177859023,0.04461261683609926,-0.1681746966233096,0.26849162884375244,Accept,1.3127415738550468,Accept,Accept,1.0436532474891345
0.5078674995840098,0.9011209873183476,0.33440957458817616,0.09485261291386587,0.6023725273469257,Reject,"Gender, Age, ProgVar",1.6372385032215047,0.33440957458817616,0.07207816549293083,0.5919259805698914,Reject,1.6885006902983308,Reject,Accept,0.9189717240047506
1.20562671789969,1.0611969628322504,-0.10212822537971407,-0.3479788413732766,0.2886484875494505,Accept,"Gender, Age, ProgVar",2.080160359216687,-0.10212822537971407,-0.3889389607478343,0.20023936286629282,Accept,1.6258040930911308,Accept,Accept,0.5394921866008052
0.6983820858352823,1.0465802220465164,0.20099656326358237,-0.06358926026842086,0.5240782262954845,Accept,"Gender, Age, ProgVar",1.3786348014961494,0.20099656326358237,-0.06965107087148545,0.48310366006984046,Accept,1.584738169221806,Accept,Reject,1.414494713113045
0.6821643891164724,0.6904842786429907,0.3002727535238737,0.15214725092654013,0.6646131732912582,Reject,"Gender, Age, ProgVar",1.0704465408203625,0.3002727535238737,0.027037132788052656,0.5805085612275149,Reject,1.4167374084305826,Reject,Accept,1.1625210813913098
0.7385960135641598,0.9384038587064407,0.10978610937105066,-0.1138642534173683,0.32616024246556863,Accept,"Gender, Age, ProgVar",1.714785712694829,0.10978610937105066,-0.11178009703354853,0.3455555620018097,Accept,1.713619728310492,Accept,Accept,0.5009019814495282
0.8331800664532734,0.8133314137572265,0.197529617926347,-0.16163579982601106,0.42799260527011024,Accept,"Age, ProgVar",1.467632306776045,0.197529617926347,-0.08218368077222649,0.46108863807079525,Accept,1.568051595667458,Accept,Reject,1.341313635991288
1.0441447177013223,0.9561169651732249,-0.02547993331842818,-0.34006911976525744,0.2519190311041324,Accept,"Gender, Age, ProgVar",1.1704009339201311,-0.02547993331842818,-0.31930820233594437,0.26138619292595244,Accept,1.3199722608618039,Accept,Accept,0.49798923373521364
0.8157482013231742,0.8969860222533506,0.12241724326231061,-0.15866045492668762,0.3771671535076502,Accept,"Gender, Age, ProgVar",1.6988880333430147,0.12241724326231061,-0.13859887386387698,0.37776105926390846,Accept,1.522787456452362,Accept,Accept,0.531536401348612
1.1354668503415273,1.0629973234667895,-0.12175631653605214,-0.34266898555706954,0.15353506375242715,Accept,"Gender, Age, ProgVar",1.051587084941859,-0.12175631653605214,-0.3766817772441562,0.13979971659254892,Accept,1.0292843586569982,Accept,Accept,1.070445325489637
1.4440223324032553,1.2723361762908514,-0.22083931692937586,-0.6180308501187017,-0.04618468870044212,Reject,"Age, ProgVar",0.9864120332546394,-0.22083931692937586,-0.4852776232177174,0.054915571220202755,Accept,1.1059074416491985,Accept,Accept,0.7823623704033603
0.7943634245819149,0.9424433417274901,0.09097253506488152,-0.07109853426364462,0.44091919616139663,Accept,"Gender, Age, ProgVar",0.9840249085339289,0.09097253506488152,-0.165753020684405,0.3716123229913627,Accept,1.1171160051728422,Accept,Accept,0.9538743938814381
0.6771815306079949,0.899484989011084,0.09080895637639419,-0.14266706479052288,0.3778924343852896,Accept,"Gender, Age, ProgVar",1.451994974512319,0.09080895637639419,-0.16798872319221406,0.3658926270737116,Accept,1.4634490083734715,Accept,Accept,1.091797874109474
0.7333721923359355,0.8893976493193984,0.1209412657714675,-0.08047984544054992,0.3577461532241736,Accept,"Gender, Age, ProgVar",1.4261791210469168,0.1209412657714675,-0.08557374451003943,0.3318749223210096,Accept,1.2178221484421539,Accept,Accept,1.4027964536825392
0.7207162333893634,0.8405579674433912,0.25957013449715144,0.10603259598739768,0.5710917518991775,Reject,"Gender, Age, ProgVar",1.6751792579207037,0.25957013449715144,0.021796719152886126,0.4951971389461058,Reject,1.3579312732038347,Reject,Accept,1.3773903279297592
0.6935967140461891,0.717004384914703,0.18124394073558972,-0.010899453817748275,0.5865207114197637,Accept,"Age, ProgVar",0.949405291140999,0.18124394073558972,-0.057891301143663816,0.44218890443866354,Accept,1.206066574349897,Accept,Accept,0.8205567291434535
0.9980352501895082,0.8933766418786201,0.07660911158680332,-0.13943891487298885,0.3845532863112606,Accept,"Gender, Age, ProgVar",1.4745246182567024,0.07660911158680332,-0.18983908673458527,0.3486920248378039,Accept,1.705763806020882,Accept,Accept,1.1913166856170982
0.6609866913373019,0.7368241640900021,0.2262918629478449,0.037865010665356205,0.5383283478264902,Reject,"Gender, Age, ProgVar",1.5927058657369988,0.2262918629478449,-0.031042746478684404,0.48156840376879706,Accept,1.453369954156983,Reject,Reject,1.6422488887377888
0.7713268805639074,0.9770494270443555,0.12338719231978018,-0.16540021283643874,0.45048447759496935,Accept,"Age, ProgVar",1.3313782751625902,0.12338719231978018,-0.12094606276160684,0.38457577332421006,Accept,1.233778219295532,Accept,Accept,0.8322271327572691
0.6914469941912215,0.9425888565534234,0.2694679115813819,-0.06131872342181464,0.4913771896733639,Accept,"Age, ProgVar",1.538023472930758,0.2694679115813819,0.047840055119045696,0.48637025952441215,Reject,1.3548420805505361,Reject,Accept,1.437131980564243
0.7601408565645218,0.8909557136364061,0.1256382099659303,-0.0530308681117148,0.6991704353436554,Accept,"Age, ProgVar",1.8025647915242633,0.1256382099659303,-0.21708572321593278,0.45634627353571844,Accept,1.6589479836655614,Reject,Accept,1.091594363102144
1.3706428623502072,1.065526637601083,-0.14027902272784185,-0.3224013840484204,0.2287480564102282,Accept,"Age, ProgVar",1.148926502595156,-0.14027902272784185,-0.3956011446605679,0.09413835471815885,Accept,1.4265119823236656,Accept,Accept,0.7706643504417476
0.5273864874362899,0.7893247661225468,0.20397671377897136,-0.03011102627826999,0.5751518153109235,Accept,"Age, ProgVar",1.789918439735738,0.20397671377897136,-0.06104447000179067,0.4663219891404833,Accept,1.5183812511774935,Reject,Accept,0.8840960669892447
0.8592250714024007,1.0046637701151995,-0.13114535294376609,-0.44771057139450265,0.17190319194764148,Accept,"Gender, Age, ProgVar",1.1468318078048374,-0.13114535294376609,-0.4316207034780379,0.19416829881876657,Accept,1.169076360470629,Accept,Accept,0.516415825726112
0.5945402816818467,0.8922810436219657,0.0931323793898072,-0.07825087454001589,0.37207848145726624,Accept,"Gender, Age, ProgVar",1.354392885677393,0.0931323793898072,-0.13889345286874577,0.30895037223139576,Accept,1.3050334017366483,Reject,Accept,0.6553888417782469
0.6928196988170111,0.9220968300722472,0.1802626697486418,-0.1857967579475558,0.4857024043063194,Accept,"Age, ProgVar",1.0765893289929398,0.1802626697486418,-0.0806587584796177,0.46246897005320864,Accept,1.2812683801723626,Reject,Accept,0.6696295148567557
0.9455593826824039,0.9903461889906334,0.05755758259467553,-0.13891303491787305,0.2243269947956958,Accept,"Gender, Age, ProgVar",1.7675486138051408,0.05755758259467553,-0.12320013376821068,0.2400847944729213,Accept,1.6169421324033524,Accept,Accept,1.10255103864746
0.8348787622709078,0.9477976930649176,0.19741876098885106,-0.13912435419184455,0.48731311038183106,Accept,"Age, ProgVar",1.829053366562701,0.19741876098885106,-0.019885643056086387,0.44581333471494444,Accept,1.506888978148304,Accept,Accept,1.2932480229872407
0.2672495049530912,0.8844349863221798,0.42817015945489467,0.1666735043248776,0.6545183764480331,Reject,"Gender, Age, ProgVar",0.8448145003043328,0.42817015945489467,0.18994401609184997,0.6636893801542119,Reject,0.8659230630881247,Accept,Accept,0.999528878556824
0.7093058566969823,0.9298441100350449,0.18250820747154486,-0.12586811802680292,0.35112966109832333,Accept,"Gender, Age, ProgVar",0.95901914088015,0.18250820747154486,-0.02249483852891254,0.3994764583444109,Accept,1.1144854951934051,Reject,Reject,1.5409596610642204
0.5440825769975701,0.8939640742870345,0.2183522390486453,-0.0816944520780364,0.5359544174470676,Accept,"Gender, Age, ProgVar",1.2866132317780314,0.2183522390486453,-0.05806263481122998,0.49843631019747037,Accept,1.4225171599984625,Reject,Accept,0.34679518196929343
1.0232507398240855,0.9626668818192109,0.16962941033342116,-0.2643611758224134,0.4295259708223643,Accept,"Age, ProgVar",1.6234294987108442,0.16962941033342116,-0.08152318460236734,0.44810253246328324,Accept,1.6474145876419761,Accept,Accept,0.4492205161087867
0.7936077971144152,1.0498142569019022,-0.094275272888363,-0.24016592720676416,0.12604444630684625,Accept,"Gender, Age, ProgVar",1.124621096900487,-0.094275272888363,-0.27831255319680154,0.08350368533482257,Accept,1.19679975134139,Accept,Accept,1.4385263741608847
0.5430785557303268,0.8550297634408084,0.2905511214474887,0.04160808260317232,0.5427759991799084,Reject,"Gender, Age, ProgVar",1.5918153255488678,0.2905511214474887,0.05690256515437049,0.5548631123469288,Reject,1.2839551747731222,Reject,Accept,0.40594682446729785
0.6952155430578372,0.9507735688390472,0.09701685090145741,-0.12235315225765685,0.4151206645136117,Accept,"Age, ProgVar",1.1489190201400847,0.09701685090145741,-0.1463951536557203,0.3473431143896991,Accept,1.0988731972785646,Reject,Accept,0.5986478359682553
0.6584053849923721,0.9565465535391389,0.20406334550935304,-0.07415310423372011,0.4848153268770339,Accept,"Gender, Age, ProgVar",1.5383411822163413,0.20406334550935304,-0.05078442190194341,0.466214771052313,Accept,1.433382289891262,Accept,Accept,1.1998555525784989
0.8734353291597013,0.9664426748587865,-0.11141986321715008,-0.35099035856601124,0.18620694922837633,Accept,"Gender, Age, ProgVar",1.9974448438870909,-0.11141986321715008,-0.388112960347339,0.1709303605178284,Accept,1.7858337484036593,Accept,Accept,0.655808925412155
0.9034430431426517,1.1503601634401461,0.1646297633096599,-0.26540372320048455,0.49293448770585163,Accept,"Gender, Age, ProgVar",1.3684944991408952,0.1646297633096599,-0.20789413328189726,0.5471575242099375,Accept,1.3850996328492713,Accept,Accept,0.7000609269691823
0.9317749149901965,0.9032358994237446,0.11517704135194547,-0.10790367658905992,0.406824350756912,Accept,"Gender, Age, ProgVar",1.4036702804739603,0.11517704135194547,-0.11675289554541816,0.34588147216292725,Accept,1.3110826168050331,Reject,Accept,1.0939032465473297
1.0527492748358516,1.035149368729773,-0.06457607826838066,-0.3720891527170447,0.38362103604642656,Accept,"Age, ProgVar",1.2803557432442059,-0.06457607826838066,-0.35212075682474986,0.22300431804641113,Accept,1.5433290072897174,Accept,Accept,0.5365051303694696
0.4107584297575696,0.871020471333551,0.2305735153010168,-0.10227769587501065,0.5165091187238074,Accept,"Age, ProgVar",1.5285271234155513,0.2305735153010168,-0.006679791464696827,0.49503758798839836,Accept,1.3662706693746318,Reject,Accept,1.0011577791875217
0.7842189113863202,0.8284955693937004,0.21875043316858647,0.0018310271197628653,0.4267379786135842,Reject,"Gender, Age, ProgVar",1.1028472642924796,0.21875043316858647,0.02195136913856011,0.40013909088854716,Reject,1.1698256552720636,Reject,Reject,1.4738564278120838
0.8974728001901555,1.0026351826703,0.04709239819359723,-0.23988225782998923,0.34751226848112243,Accept,"Age, ProgVar",1.593504389364353,0.04709239819359723,-0.21078084545034959,0.28959905263241825,Accept,1.5414023366688008,Accept,Accept,0.9188905623156887
0.6998610641735669,0.9611990475093806,0.028685873323193164,-0.36421264435729744,0.3275954180784775,Accept,"Age, ProgVar",1.3679873220365502,0.028685873323193164,-0.25571930450241187,0.34723819459087957,Accept,1.1784929540811355,Accept,Accept,0.9407266640018014
0.9590370807480173,1.018104546645932,-0.031122864443160037,-0.14442760341387692,0.3447984947354519,Accept,"Gender, Age, ProgVar",1.7106003450992733,-0.031122864443160037,-0.2826615752290095,0.23312688732296324,Accept,1.3920090883014877,Accept,Accept,0.9952240780452065
0.2436349526470581,0.802406480987094,0.3655026757825744,0.0020709571904108798,0.7570347139606601,Reject,"Age, ProgVar",1.382378280528561,0.3655026757825744,0.019811588278979497,0.6968562965690801,Reject,1.5321153466394597,Reject,Accept,0.651527589212899
0.7077914418456198,0.9276553457709967,0.20022959881707947,-0.05558562235545985,0.5279738937159346,Accept,"Gender, Age, ProgVar",1.7676194197342725,0.20022959881707947,-0.05427515117137981,0.4773645149284541,Accept,1.4286770008369385,Reject,Reject,1.6484366496298952
0.5514206866373689,0.7920305149791822,0.24514150467613854,0.0224575603143721,0.5392424438479131,Reject,"Gender, Age, ProgVar",1.4503325366912299,0.24514150467613854,0.008614034178033414,0.5013154530313952,Reject,1.4321341147737423,Reject,Reject,1.633545074321789
0.33264319362297323,0.8598088734750746,0.2686831412223759,0.04057693003001825,0.4939803037303576,Reject,"Gender, Age, Outcome_BL, ProgVar",1.3307551364967745,0.2686831412223759,0.04137092526533408,0.4940129314890033,Reject,1.3113504614592304,Reject,Reject,1.1588310873086367
0.5349790294856779,0.9291955291846262,0.42815377236499674,0.24878284725110256,0.737807878022777,Reject,"Gender, Age, ProgVar",1.4822875888221674,0.42815377236499674,0.17632691393947794,0.690292751038262,Reject,1.5519419458631425,Reject,Reject,1.424578192269623
1.0405812033809163,1.0324193447537688,-0.08366341117651245,-0.39160023225959184,0.28407727995375726,Accept,"Gender, Age, ProgVar",2.249416581213579,-0.08366341117651245,-0.41059675687421665,0.2511170781471172,Accept,1.710841434052483,Accept,Accept,0.7726875027988365
0.9367022081311532,0.9822364749464959,0.09782988010437502,-0.30687947776792834,0.5255533205861647,Accept,"Gender, Age, ProgVar",1.719399056289252,0.09782988010437502,-0.2866443875667797,0.4902299885273642,Accept,1.280626658697627,Reject,Accept,1.296483855252868
0.8313678659640492,0.9261336047522185,0.1906978390077094,-0.24100099551026005,0.37545509989659204,Accept,"Age, ProgVar",1.0555531782298972,0.1906978390077094,-0.05450219828319216,0.45221130040067303,Accept,1.3293703892058835,Reject,Accept,0.4334721121447659
0.4878429225608724,0.8649728355194328,0.2843179909117106,0.08567745365805024,0.5772239442588605,Reject,"Gender, Age, ProgVar",1.3187150752848718,0.2843179909117106,0.024153236397601655,0.5346605890344571,Reject,1.1919364684188523,Accept,Accept,0.9961149706259929
1.1105155234968647,1.0282544244680503,-0.16814555590491476,-0.3594039846345753,0.31234096320494115,Accept,"Gender, Age, ProgVar",1.2132186706829104,-0.16814555590491476,-0.4864399879370648,0.16032558090017415,Accept,1.2481057656495904,Accept,Accept,0.2553687254065425
0.7141153682204407,0.8077420192006226,0.3167188868014367,-0.04217442973712128,0.7725660764065103,Accept,"Age, ProgVar",1.8658175171524272,0.3167188868014367,0.007462868192668878,0.6177523859170742,Reject,1.57714778894187,Reject,Accept,0.437675887007172
0.6288211078104398,0.9208484441363058,0.23855363105417524,0.0018204175904669717,0.466280119832191,Reject,"Gender, Age, ProgVar",1.4598441128331388,0.23855363105417524,0.0016411571558270222,0.47370669471436233,Reject,1.3189519298746826,Accept,Reject,1.6268090459013265
0.9043922310702874,0.998602785246776,-0.10299589294633098,-0.34143273067573376,0.2235937641120859,Accept,"Gender, Age, ProgVar",1.3081580529571797,-0.10299589294633098,-0.3786862106639559,0.1644816023162427,Accept,1.1838257257168434,Accept,Accept,0.7066995384279509
0.8834092633336291,0.9901895111688548,-0.003136663835179718,-0.3159673712078756,0.3503218478717323,Accept,"Age, ProgVar",1.2020802152559193,-0.003136663835179718,-0.25674444480826325,0.245884338152939,Accept,1.0314423871492615,Accept,Accept,1.220960894328257
1.543388835759032,0.8608520688327848,-0.10257602098060055,-0.39530152026792814,0.14969733353483147,Accept,"Gender, Age, ProgVar",1.7845147566668116,-0.10257602098060055,-0.37068550779740617,0.17283527035949486,Accept,1.4975751721870663,Accept,Accept,1.4640359273476975
0.5760734710567778,0.9782063238111353,0.10040817901787627,-0.21013107004094916,0.4168052392353523,Accept,"Gender, Age, ProgVar",1.2823606208083607,0.10040817901787627,-0.19466380764048954,0.3820012744993797,Accept,1.3521834692675259,Accept,Accept,0.966965681166223
0.6670872957397777,1.0000318594600484,0.04813976291745964,-0.17760476092529742,0.2812864546741526,Accept,"Gender, Age, ProgVar",1.2576886845059878,0.04813976291745964,-0.16818735906631802,0.26704979291347,Accept,1.232765352240776,Accept,Accept,0.5955723638027483
0.7007508011767253,0.9734151155662867,0.07491520327599752,-0.18580009053282648,0.32007809653976116,Accept,"Gender, Age, ProgVar",1.4174705031568806,0.07491520327599752,-0.17463039369487346,0.31658292635928253,Accept,1.4287111165618969,Accept,Accept,0.7461604602150289
0.5955955833365466,0.925870596669213,0.20834190126655688,-0.0834962017361055,0.48725119330812816,Accept,"Gender, Age, ProgVar",1.438382724925986,0.20834190126655688,-0.05052595985395697,0.46149021304657095,Accept,1.1562073324383255,Reject,Accept,1.0789882337452887
0.996205681479897,0.927352329785477,0.024326972988636855,-0.12952690390054242,0.25557173549743417,Accept,"Gender, Age, ProgVar",1.3881241296949551,0.024326972988636855,-0.18238667172584316,0.22433875906217532,Accept,1.4525685222891025,Accept,Accept,0.554961596008282
0.6983588572707212,0.8925646532679682,0.1527068836914301,-0.12072778692220304,0.44371686788446363,Accept,"Gender, Age, ProgVar",1.7773962012978004,0.1527068836914301,-0.12155057172357056,0.4405255654266597,Accept,1.5749840772118717,Reject,Reject,1.5215858987201618
1.0067996817921427,1.101012885271229,-0.061968374486536804,-0.3810629344897877,0.15883946447067365,Accept,"Gender, Age, ProgVar",1.8204842929317757,-0.061968374486536804,-0.33532898598367794,0.20178974112128545,Accept,1.495819334715111,Accept,Accept,0.6763239516234227
0.3945493642375101,0.8227846918356826,0.24577802574697366,-0.06137830047081595,0.538123727418063,Accept,"Gender, Age, ProgVar",1.2059328703497736,0.24577802574697366,-0.022601262813147588,0.5294595401313973,Accept,1.3210433259394951,Reject,Accept,0.9924575364129818
0.4408426530303218,0.8170655385790035,0.14193567257574946,-0.055484869227300344,0.44380110038950954,Accept,"Gender, Age, ProgVar",1.3642707122260476,0.14193567257574946,-0.10135713244431235,0.3720170874307189,Accept,1.345997455426907,Accept,Accept,1.2919582770364815
1.0405023965467695,0.9702972071397328,0.005181152001780432,-0.2559654138905773,0.3499749657450963,Accept,"Age, ProgVar",1.4785148698163053,0.005181152001780432,-0.2720503127454198,0.25806325984296424,Accept,1.7364353407332853,Accept,Accept,1.238046347292369
0.7645546014911776,0.875604401778081,0.11202896529301079,-0.08998302148859019,0.40287235424931805,Accept,"Gender, Age, ProgVar",1.6540273979454931,0.11202896529301079,-0.13044121266546024,0.353079502325917,Accept,1.7795155148800947,Reject,Accept,0.22783419915642397
0.7193719266310875,0.8000328251516001,0.26674841356524737,0.004240333387272361,0.4326481835293408,Reject,"Gender, Age, ProgVar",1.3426075783084372,0.26674841356524737,0.07082680905430014,0.4901519622717861,Reject,1.3761747578118426,Reject,Accept,0.1568240959493571
0.7906499314439055,1.0102873144749405,6.873064386740813e-4,-0.27841091100055604,0.3165446687285645,Accept,"Gender, Age, ProgVar",1.3228103133229905,6.873064386740813e-4,-0.30659547434941037,0.2819196263545589,Accept,1.3648609894460526,Accept,Accept,0.1303393037517383
0.3247597993298035,0.8127632412625914,0.36608341662749966,0.09682630358117592,0.7136730708618656,Reject,"Age, ProgVar",1.213589679555441,0.36608341662749966,0.13141793105279803,0.6335884644216274,Reject,1.1566565008331535,Accept,Reject,1.259756466044087
0.737091614548249,0.9403888954906178,0.22216145243202168,-0.14390966777976597,0.42783477771260725,Accept,"Age, ProgVar",1.466424401290647,0.22216145243202168,-0.0027158232698179657,0.4403920029666855,Accept,0.9375183655204168,Accept,Accept,0.5967157259463318
