Beta_Trt,Beta_Risk,Beta_intx,Lower.CI,Upper.CI,rejection.Risk,SSVS_results,Prediction_Error,Beta_intx_Noise,Lower.CI_Noise,Upper.CI_Noise,rejection.Risk_Noise,Prediction_Error_Noise,rejection.interaction,rejection.SDIR,SDIR
0.736951776966228,0.8372576463266643,0.254813772005093,0.05105785848691581,0.41479071216540364,Reject,"Gender, Age, ProgVar",1.558959635778032,0.254813772005093,0.0747030260124837,0.4331415565846519,Reject,1.6845023179832006,Reject,Accept,0.9838460223755643
0.4271884858691923,0.9018455928233929,0.25138511349802684,0.046196812410912766,0.49105731297543975,Reject,"Gender, Age, ProgVar",1.6410086473353076,0.25138511349802684,0.035432611319663486,0.47676596307080726,Reject,1.6878024976037964,Reject,Accept,0.5419005586224278
0.9662564362689431,0.9651432933346497,0.15757539323978015,-0.042085281813521294,0.3942602161538908,Accept,"Gender, Age, ProgVar",1.7497729117070622,0.15757539323978015,-0.06234779846762939,0.3710753960075513,Accept,1.6485568687754784,Reject,Accept,0.7588401236611713
0.7566442938601184,0.9159391422154215,0.25467524074678616,0.07459824643580953,0.4952532991347211,Reject,"Gender, Age, ProgVar",1.284116383511749,0.25467524074678616,0.047493892311882696,0.45324184077071994,Reject,1.5707628956672894,Reject,Accept,0.6822704622792161
0.600707621967013,0.8755314707840187,0.171765971540885,0.02815131245405643,0.3208768203745866,Reject,"Gender, Age, ProgVar",1.260250519061143,0.171765971540885,0.012994653997247564,0.3375034657000403,Reject,1.3624364337833332,Reject,Accept,0.6730747612215451
0.6502729973354927,0.88088469557456,0.1969940115391714,0.002182585883349549,0.4520499295447343,Reject,"Gender, Age, ProgVar",1.4914176955626415,0.1969940115391714,-0.02408518757867868,0.42428023013613403,Accept,1.4845793068586333,Reject,Accept,0.12882065068692378
0.32803453365114593,0.8029627356745107,0.39138751432317587,0.20908002825526992,0.5784624793325108,Reject,"Gender, Age, ProgVar",1.3448421904634218,0.39138751432317587,0.20861054364041937,0.5712421342822817,Reject,1.572654595166611,Reject,Reject,1.3111274756808933
0.6049008743780359,0.7991434582385524,0.13655431120442205,-0.019976676423171198,0.40769695992969296,Accept,"Gender, Age, ProgVar",1.3146189904891128,0.13655431120442205,-0.08299746574754055,0.3424735367582695,Accept,1.4521779050205237,Reject,Accept,0.43466434781563895
0.7954872578265202,0.8813515647804459,0.3066671146453739,0.09754608060253862,0.5681406850251451,Reject,"Gender, Age, ProgVar",1.8279269361224069,0.3066671146453739,0.08848065352829441,0.5267456574675982,Reject,1.6971240137213934,Reject,Reject,1.1108976636662913
0.45025487944356646,0.8017912986458733,0.24723482977823616,0.10247024397746687,0.4786740452550434,Reject,"Gender, Age, ProgVar",1.5844344432073256,0.24723482977823616,0.05314119049993139,0.44204976915851096,Reject,1.5209109111999257,Reject,Reject,1.3778974097746863
0.5937664931360731,0.7812682737573282,0.32742307177671953,0.1391995176769542,0.4991298235057158,Reject,"Gender, Age, ProgVar",1.4648014091555521,0.32742307177671953,0.15922565165142583,0.5090355234762678,Reject,1.4392275628990419,Reject,Accept,0.3428846099105659
0.576788068508946,0.8827682043091051,0.2182152576389031,0.06053536633184751,0.40870754959604727,Reject,"Gender, Age, ProgVar",1.6455957932177112,0.2182152576389031,0.04242239807769503,0.39589181087971836,Reject,1.389309823492548,Reject,Reject,1.4322461927030024
0.24310913441954493,0.7535713008568367,0.3837457615497724,0.20699379601620105,0.5798563097802096,Reject,"Gender, Age, ProgVar, X2",1.4985287703517634,0.3837457615497724,0.1997106058162218,0.5779718439818038,Reject,1.3231128695629917,Reject,Accept,0.8697769315663804
0.4193028388544275,0.7683872542393799,0.38416522277703985,0.10580721453029485,0.6705267576792555,Reject,"Gender, Age, ProgVar",1.482126117464656,0.38416522277703985,0.10587446596155108,0.6395503075736375,Reject,1.4445890183144254,Reject,Accept,0.6628344533010935
0.6388947500369235,0.8868291282555103,0.25693724386167316,0.03371401208855546,0.440653873536287,Reject,"Gender, Age, ProgVar",1.3803695027575176,0.25693724386167316,0.05021942991540347,0.4585432806573299,Reject,1.566122778465608,Reject,Accept,0.3484471469651068
0.5901825327629576,0.7855625805035742,0.3140158472997503,0.12349338176479274,0.4916208818668242,Reject,"Gender, Age, ProgVar",1.616005123462089,0.3140158472997503,0.11496132126581496,0.5079186038161132,Reject,1.4615375426072565,Reject,Accept,0.8169581286384887
0.4395174748066162,0.9061972823208873,0.21390285162486242,0.0311915809854435,0.3786094134320761,Reject,"Gender, Age, ProgVar",1.4373148648542047,0.21390285162486242,0.04320582961257603,0.3815569900954711,Reject,1.3245282329513848,Reject,Accept,0.3548672808860863
0.3771223790196179,0.7784006493680177,0.417608578856999,0.19941785274459947,0.6303542662063863,Reject,"Gender, Age, ProgVar",1.7737290970246322,0.417608578856999,0.19324445108339686,0.6311513768679788,Reject,1.5848044840866864,Reject,Accept,0.6645461576050976
0.6528789901122795,0.9071688497805428,0.21698837503041604,0.01866959684306619,0.40425851320851935,Reject,"Gender, Age, ProgVar",1.7647300438012568,0.21698837503041604,0.02839491607016005,0.4087483779502357,Reject,1.6707720990417634,Reject,Accept,0.6736789199309056
0.805817161111048,0.8437488945855043,0.1747269227382033,-0.04871136591965407,0.3887870822191164,Accept,"Gender, Age, ProgVar",1.5997888037918866,0.1747269227382033,-0.03503415848863014,0.39074030920249603,Accept,1.615720251671462,Reject,Reject,1.1427566810466931
0.40019919145913024,0.7423543154827683,0.29950680372835403,0.17278867345063514,0.4953163154550742,Reject,"Gender, Age, ProgVar",1.7697967228103457,0.29950680372835403,0.1420950087931032,0.4668865800663855,Reject,1.47828915348378,Reject,Accept,0.803653727249946
0.5155337537371333,0.8281448937494583,0.24114127970259588,0.08674031998183615,0.45578688221878855,Reject,"Gender, Age, ProgVar",1.5430282838512925,0.24114127970259588,0.03914713625263,0.4309990900471072,Reject,1.3995267194917846,Reject,Accept,0.9342584205656066
0.8633845498222203,0.9397894649782688,0.13691673945895835,-0.04662882032042212,0.32806419568025175,Accept,"Gender, Age, ProgVar",1.4489185321142855,0.13691673945895835,-0.05648623485310983,0.32198807578041,Accept,1.5555226275961085,Reject,Accept,0.47154345911567475
0.2359730581090839,0.8319472834740822,0.2962124824483596,0.06454266329739577,0.5194025677812646,Reject,"Gender, Age, ProgVar",1.623868470094707,0.2962124824483596,0.07539457826291675,0.507480842673516,Reject,1.58640688816375,Reject,Reject,1.113507140464744
0.6137614272646784,0.953776596819682,0.14181087868815323,-0.06949569374778579,0.3997648392846234,Accept,"Gender, Age, ProgVar",1.4508222827607928,0.14181087868815323,-0.09503268735452006,0.3626212685158765,Accept,1.5656229396338446,Reject,Accept,0.601506376418129
0.40169877074758314,0.8965085764990375,0.22647676282226817,-0.019997510537087926,0.4686809452986241,Accept,"Gender, Age, ProgVar",1.4495744266660662,0.22647676282226817,-0.02607669079289599,0.47713216245116924,Accept,1.4518987266259813,Reject,Accept,0.2443637591151154
0.3120180260752914,0.8722954712722691,0.38128746462457624,0.20776550886539952,0.576016606350704,Reject,"Gender, Age, ProgVar",1.3713668938624843,0.38128746462457624,0.19691830974240768,0.5733193945435835,Reject,1.4012901620838567,Reject,Accept,0.5024645720786131
0.8449316501930588,0.9477127776449004,0.03016828868218972,-0.20891526923926987,0.27346767535380845,Accept,"Gender, Age, ProgVar",1.4694736719775514,0.03016828868218972,-0.2206643030166014,0.26700441402154707,Accept,1.391252761508662,Reject,Accept,0.9957045525638731
0.7637933075991793,0.8980886581953583,0.19444239606082805,-0.025608645118347463,0.40255433604380075,Accept,"Gender, Age, ProgVar",1.627344825886724,0.19444239606082805,-0.020380819428492326,0.4089690141367385,Accept,1.7801124969308424,Reject,Accept,0.9250595474815365
0.4421131760571879,0.7627888041841495,0.2773518816284662,0.042604887162941286,0.49075284180731915,Reject,"Gender, Age, ProgVar",1.2870087689936738,0.2773518816284662,0.04376908582528269,0.5214552088128668,Reject,1.321927684981403,Reject,Accept,0.7470749451445204
0.4362505436278733,0.8214242718991172,0.3712899165780833,0.14971516902589288,0.5712426223270572,Reject,"Gender, Age, ProgVar",1.6339544565464652,0.3712899165780833,0.1625473371306904,0.584841868804439,Reject,1.6112872785060386,Reject,Accept,0.41667385157157544
0.805613705757995,0.9569827807049721,0.06888569213614607,-0.14595118884138075,0.3339836430775549,Accept,"Gender, Age, ProgVar",1.5050541170060443,0.06888569213614607,-0.16382916478082715,0.2915938562571598,Accept,1.7325259527627663,Reject,Accept,0.7407467388057329
0.7789758339130778,0.9112356039099174,0.07115387377284402,-0.08903495268416996,0.3180795501687169,Accept,"Gender, Age, ProgVar",1.6729859263942086,0.07115387377284402,-0.12781388283229378,0.27761021476198167,Accept,1.8251215958657212,Reject,Accept,0.6376607683282094
0.522136171056329,0.8522567374276175,0.29699434123287444,0.09575742370705406,0.5121056604395714,Reject,"Gender, Age, ProgVar",1.409263320145237,0.29699434123287444,0.09722812347949239,0.49945882709879125,Reject,1.5276170466114574,Reject,Accept,0.6504523021538408
0.577396337160472,0.7188414758405672,0.3856568531880356,0.19000440437113295,0.6412276344132881,Reject,"Age, ProgVar",1.7147771180817954,0.3856568531880356,0.19540178431483918,0.5828413081464547,Reject,1.7130821048483833,Reject,Reject,1.2178856013678205
0.4971753430018541,0.8488415668407446,0.2972038549808747,0.09263838225568372,0.5075363305294328,Reject,"Gender, Age, ProgVar",1.383623445513905,0.2972038549808747,0.08366086324708472,0.5206204282517891,Reject,1.4746254249569224,Reject,Accept,0.4250259618582926
0.5541308730991972,0.699536564015182,0.40798361634403885,0.1412116658970188,0.6010457739314691,Reject,"Gender, Age, ProgVar",1.4828884522200443,0.40798361634403885,0.15872071013776262,0.6268842472423268,Reject,1.5120813651494027,Reject,Accept,0.5247341162556597
0.7576903471351523,0.8344665455852246,0.27095681516830206,0.08590631400109974,0.48424479087041966,Reject,"Gender, Age, ProgVar",1.5643100227726294,0.27095681516830206,0.05698318331943791,0.464911376646966,Reject,1.5086587121275783,Reject,Reject,1.139908583025843
0.5200157697175654,0.8172340837356509,0.3154912254893294,0.1556561123850707,0.5409890784915332,Reject,"Gender, Age, ProgVar",1.3277132143565107,0.3154912254893294,0.12929176519086158,0.5128161937123004,Reject,1.4353575706656843,Reject,Accept,0.7022756540990528
0.5541230915918817,0.8048470387705516,0.37430828691320644,0.18673231886313438,0.5368959382191087,Reject,"Gender, Age, ProgVar",1.304487144678137,0.37430828691320644,0.19420600128436308,0.5324094371905951,Reject,1.349156978168392,Reject,Accept,0.7142172163386324
0.5930287578554322,0.9133393278015993,0.15581661910407127,-0.046885335830820496,0.475393693868009,Accept,"Gender, Age, ProgVar",1.8690318257502099,0.15581661910407127,-0.1066390677396446,0.4300087583397064,Accept,1.539425376056942,Reject,Reject,1.5530092553024604
0.7295694229108417,0.9060143589249087,0.07719029675832513,-0.1395832606783428,0.3149769065415811,Accept,"Gender, Age, ProgVar",1.5489017301030905,0.07719029675832513,-0.14472541512660095,0.3142065347818559,Accept,1.4969588147267996,Reject,Accept,0.5052048423468414
0.5089392952083853,0.8030670107626574,0.3247728662531201,0.0506937833035627,0.5551091412171251,Reject,"Gender, Age, ProgVar",2.075016328849654,0.3247728662531201,0.06716168097768163,0.587880286682835,Reject,1.8598226250544019,Reject,Accept,0.5720158800328602
0.22555959883540116,0.7775984318622432,0.3010326341882287,0.18722326671084713,0.6191795477642943,Reject,"Age, ProgVar",1.1356361288938823,0.3010326341882287,0.11771245580625717,0.48506510245982193,Reject,1.3301052897156815,Reject,Accept,0.4678387155287317
0.6623575594641412,0.791062120605557,0.2001481815388002,0.041820291032103336,0.4127521533230196,Reject,"Gender, Age, ProgVar",1.7635944130721837,0.2001481815388002,0.006905451702622682,0.3813200362224651,Reject,1.6237996030199924,Reject,Accept,0.3193855599692571
0.7734395336284869,0.9613831321893235,0.08150142440752303,-0.10123018259848043,0.340716231212677,Accept,"Gender, Age, ProgVar",1.4135329621380683,0.08150142440752303,-0.12793808176724353,0.2850115269737423,Accept,1.5025295935505991,Reject,Accept,0.649222302754365
0.9083732969657522,0.9394754064404793,0.12067149614012351,-0.105310733419467,0.29236396710128715,Accept,"Gender, Age, ProgVar",1.6499112482772411,0.12067149614012351,-0.06725067523589906,0.3076126136497088,Accept,1.5788687088618556,Reject,Accept,0.2484885255031052
0.5191438461889465,0.9119942814165561,0.2477622994973587,0.07403122694432347,0.5195400783768621,Reject,"Gender, Age, ProgVar",1.81359392188024,0.2477622994973587,0.031125690469179262,0.44950485884261504,Reject,1.5706005985930218,Reject,Accept,0.8929325222091518
0.5380580294102161,0.8074814291771826,0.3100622917405003,0.10746517787962052,0.5255122747173332,Reject,"Gender, Age, ProgVar",1.4997806035240502,0.3100622917405003,0.122301736190985,0.502699727265504,Reject,1.6254600125172638,Reject,Accept,0.7706405889510283
0.4668429865296819,0.8003774190002477,0.25156327882670115,0.06951575959496893,0.43321053695013817,Reject,"Gender, Age, ProgVar",1.559514416639212,0.25156327882670115,0.05062017968644561,0.4438692391887178,Reject,1.646281055105814,Reject,Accept,0.672012472729454
0.42517515318712046,0.7587788466446658,0.3192088187688424,0.13793211259938182,0.5350651807607989,Reject,"Gender, Age, ProgVar",1.6603492059006058,0.3192088187688424,0.12034652496295617,0.5224383530160039,Reject,1.4808281353948891,Reject,Accept,0.8454876431135706
0.3999530586881692,0.818387767374996,0.29077880884727775,0.15657872020168517,0.48533466440654655,Reject,"Gender, Age, ProgVar",1.2240386933384528,0.29077880884727775,0.12298666242405695,0.4534956782309719,Reject,1.2471000216140318,Reject,Accept,0.877128472204866
0.5620292744526713,0.8039058592972672,0.2294520203866095,0.04294738719645354,0.4142773238811441,Reject,"Gender, Age, ProgVar",1.203892062017219,0.2294520203866095,0.029201838320497955,0.419180735615872,Reject,1.3313616454173183,Reject,Reject,0.881498064765118
0.33246926842899743,0.7896725347831717,0.42574611165471543,0.2335084334427098,0.643000611216563,Reject,"Gender, Age, ProgVar",1.6848842625486633,0.42574611165471543,0.23250566172467663,0.6197421856395637,Reject,1.3426532857557987,Reject,Accept,0.7451007888909571
0.4707594416955795,0.7498500375455144,0.36896281361478606,0.18931409384422132,0.5490836777148019,Reject,"Gender, Age, ProgVar",1.4959391613178625,0.36896281361478606,0.18839950799795593,0.545035188248723,Reject,1.6011913330987104,Reject,Accept,0.795594410300204
0.4827270763356352,0.8244055066738103,0.2515372697515164,0.06774620312308437,0.4912630060408134,Reject,"Gender, Age, ProgVar",1.2443615346265715,0.2515372697515164,0.05011891715797112,0.4416524428958419,Reject,1.3376278422533758,Reject,Accept,0.906382229170445
0.4976301354565185,0.7838927397518676,0.33085201928829894,0.14653336258081573,0.5080941211501667,Reject,"Gender, Age, ProgVar",1.6676028253036819,0.33085201928829894,0.1623817389978751,0.5003869934489451,Reject,1.7874500540488432,Reject,Accept,0.9397086827985157
0.7469517309218215,0.8769191294640997,0.1797489855135309,-0.05884215886536118,0.39309099128471037,Accept,"Gender, Age, ProgVar",1.3736026008145081,0.1797489855135309,-0.04556492460449917,0.40291277519509905,Accept,1.4779586033137817,Reject,Accept,0.6708623366222248
0.6807790946922404,0.8573994742790015,0.19291150393882306,0.008176821662557517,0.4260013051749464,Reject,"Gender, Age, ProgVar",1.7484557255890376,0.19291150393882306,-0.007421808281070669,0.4096158824108451,Accept,1.8311290191806087,Reject,Accept,0.658301888806308
0.283970234852099,0.8219977237583171,0.2716705105902626,0.04130457069477776,0.49996091236984913,Reject,"Gender, Age, ProgVar",1.6811834986958791,0.2716705105902626,0.03565288340027663,0.4950350294550109,Reject,1.425689728881589,Reject,Accept,0.9315133240185542
0.6911748002571165,0.8887863022213215,0.23011901581765323,0.013740983666484713,0.4552639591901237,Reject,"Gender, Age, ProgVar",1.43221223192694,0.23011901581765323,0.023500453763148715,0.4573977026316675,Reject,1.5038994144547915,Reject,Reject,1.0875555922586866
0.8380338634810793,0.8005334855025806,0.23308869429860116,0.047481675878270985,0.4414240325111988,Reject,"Gender, Age, ProgVar",1.5964296518682561,0.23308869429860116,0.026527754400392407,0.43070078769649983,Reject,1.6456840166681217,Reject,Accept,0.7972279151840922
0.7645511873139188,0.9718657450367001,0.09758802378549532,-0.12075821635452053,0.3789897545821055,Accept,"Gender, Age, ProgVar",1.6764399106134507,0.09758802378549532,-0.164157453864063,0.35565729336459995,Accept,1.498184760030914,Reject,Reject,1.6013257296245669
0.672877177371756,0.8752561074100778,0.2975934279608866,0.08454440244951769,0.5113364505903093,Reject,"Gender, Age, ProgVar",1.6397586467132643,0.2975934279608866,0.06627683638518753,0.5183418670412306,Reject,1.6140064897745412,Reject,Accept,0.24684817036743856
0.8961005523281714,0.8995454757746733,0.11016051037297807,-0.06007874857714083,0.2887725412572614,Accept,"Gender, Age, ProgVar",1.828476332569572,0.11016051037297807,-0.07161713638642458,0.2825827296804677,Accept,1.8365059555921457,Reject,Reject,1.3791087831744366
0.48497197478154214,0.812468897598825,0.29451444607432675,0.0855187320217223,0.47093650654765595,Reject,"Gender, Age, ProgVar",1.8734697943055196,0.29451444607432675,0.1067633973723726,0.484606112843055,Reject,1.5173687078948643,Reject,Accept,0.3420438643767434
1.102796236654146,0.965366354650888,0.01732844342337013,-0.13373385310873462,0.24725164185638712,Accept,"Gender, Age, ProgVar",1.464680059988166,0.01732844342337013,-0.18484762407155805,0.21322063527196716,Accept,1.4746227239723846,Reject,Accept,0.3249214296173805
0.7108546757926747,0.7961503627512954,0.30722312201534596,0.12993909941001164,0.47523684526205595,Reject,"Gender, Age, ProgVar",1.6320230997828202,0.30722312201534596,0.13666808991645563,0.48181952554677393,Reject,1.7055069342261606,Reject,Accept,0.560216061245876
0.7306855018104611,0.8904728931260638,0.1374750351308087,-0.0386807551431831,0.395418631060849,Accept,"Gender, Age, ProgVar",1.5890129483169637,0.1374750351308087,-0.07204765886804328,0.35682472401368415,Accept,1.583089950755546,Reject,Accept,0.9529735131046807
0.9007504660108974,0.9209176765927293,0.08452705124361985,-0.17562443011514497,0.2781665788001765,Accept,"Gender, Age, ProgVar",1.6996544726990026,0.08452705124361985,-0.12059657604068962,0.31384631297181803,Accept,1.558065903699177,Reject,Accept,0.47518176375273935
0.3737566302874527,0.875278740007547,0.43833499861092845,0.15736103742363147,0.5964711463012288,Reject,"Gender, Age, ProgVar",1.1229819982249831,0.43833499861092845,0.22264449875715678,0.6322273809894339,Reject,1.2124188131584501,Reject,Accept,0.5863603143727523
0.2890761667665161,0.815779025372078,0.3366752482999856,0.13018490273542735,0.5386185851265091,Reject,"Gender, Age, ProgVar",1.8308030857149689,0.3366752482999856,0.12417145167224916,0.5348720811870205,Reject,1.585442584670659,Reject,Accept,0.8979685355690759
0.5967277209376078,0.8299113916184185,0.19546767106228982,-0.061154227984905725,0.42045334658889566,Accept,"Gender, Age, ProgVar",1.5992625373438603,0.19546767106228982,-0.03560363836255408,0.43374152704011304,Accept,1.4883249617067549,Reject,Accept,0.6221812155930211
0.6841801643134482,0.9271020363660285,0.1696045453574019,0.01829263523470591,0.44520803832099576,Reject,"Gender, Age, ProgVar",1.834833926938259,0.1696045453574019,-0.03620805468749793,0.3822756858749906,Accept,1.7811696769818874,Reject,Accept,0.912157719586166
0.5920398292362933,0.891171580500433,0.1424521563149543,0.014563219239798506,0.4501731579446284,Reject,"Gender, Age, ProgVar",1.7448925582318977,0.1424521563149543,-0.0696343225876819,0.366382288270873,Accept,1.4058731969625364,Reject,Accept,0.7710936150158891
0.7078089513333836,0.8998619923559414,0.24957415020763027,0.0519585385920938,0.46508895551707324,Reject,"Gender, Age, ProgVar",1.1748032749542237,0.24957415020763027,0.05937200652345071,0.44053984397950163,Reject,1.3451090622861355,Reject,Accept,0.9652935541112586
0.922453244328082,1.0364622935803922,0.08255619765243086,-0.14705883815417592,0.2907916771576614,Accept,"Gender, Age, ProgVar",1.8975006073907477,0.08255619765243086,-0.12226709059634074,0.29658244405757805,Accept,1.6585017663327257,Reject,Accept,0.547448435878073
0.7630434947797871,0.8337133703922268,0.2658368271916161,0.06585207177873,0.5215551457883096,Reject,"Gender, Age, ProgVar",1.6532780136003384,0.2658368271916161,0.04448153858181436,0.47375976449713747,Reject,1.4049383927390822,Reject,Accept,0.9619432184072957
0.2318035076231574,0.8364905736384015,0.4083533527023342,0.20018685678742631,0.6394606968449398,Reject,"Gender, Age, ProgVar",1.6715236124913926,0.4083533527023342,0.19931420443712658,0.6194079781785057,Reject,1.5518636707731992,Reject,Accept,1.0284898180480841
0.6864484064986673,0.8923459184446897,0.22634749914205948,0.03679394611525533,0.4026805973188109,Reject,"Gender, Age, ProgVar",1.9283207612313253,0.22634749914205948,0.051282973557306225,0.4100955336795007,Reject,1.909971532474046,Reject,Accept,0.9322911759660099
0.7709964721714762,0.9124053351278821,0.2404495808588481,0.07979268515774278,0.4734678123058697,Reject,"Gender, Age, ProgVar",1.5870520153302619,0.2404495808588481,0.03288247913147385,0.4465896460227674,Reject,1.7625509426146622,Reject,Reject,1.1948714569104086
0.7470212481738762,0.9247819906677855,0.18028153508038572,-0.09280216190016503,0.396994599645398,Accept,"Age, ProgVar",1.5939731037852902,0.18028153508038572,-0.03851106857821644,0.3928007809632358,Accept,1.489460924030825,Reject,Accept,0.7061721955838578
0.668097693510074,0.8606837070562988,0.25104250582604914,0.010015369566341116,0.4748607451248814,Reject,"Gender, Age, ProgVar",1.47267148208198,0.25104250582604914,0.02748658742569875,0.4836287891754488,Reject,1.626983152684888,Reject,Accept,0.1986031733578973
0.7004238469009226,0.8765930734081698,0.20123180680606598,-0.03655951879108916,0.3715705755341866,Accept,"Gender, Age, ProgVar",1.4366545630591165,0.20123180680606598,0.013280241548482515,0.40240250119807375,Reject,1.5164038936858102,Reject,Accept,0.6443088227648599
0.7304882232965781,0.7979891012901713,0.23462314337882384,0.04846663149883117,0.4570809286248007,Reject,"Gender, Age, ProgVar",1.3281005542504565,0.23462314337882384,0.03842473399610996,0.43538518220300715,Reject,1.4218088752327211,Reject,Accept,0.7897419668946084
0.834169367806231,0.9225039869957525,0.07973492418261387,-0.09589558310850249,0.37140997451013097,Accept,"Gender, Age, ProgVar",1.639396329538628,0.07973492418261387,-0.15839983706762234,0.3110137886879923,Accept,1.507612312040009,Reject,Accept,0.5196344120486229
0.09095534705519741,0.6703301716552499,0.4358723405593098,0.18254122784042293,0.6936607839073575,Reject,"Gender, Age, ProgVar",1.2471650967336234,0.4358723405593098,0.16715890760155513,0.6915216931926526,Reject,1.4352200010918938,Reject,Accept,0.7524765906042011
0.6647747153760474,0.9201377418134752,0.2161856707415947,-0.04272663015808355,0.4310835451099813,Accept,"Age, ProgVar",2.2651195621297173,0.2161856707415947,0.011751055632749275,0.44880870178659804,Reject,1.94369950781542,Reject,Accept,0.8843896606380944
0.005429320001747152,0.7823010622936479,0.42914811368984396,0.29308098686308864,0.7614189491388588,Reject,"Gender, Age, ProgVar",1.1981105835531043,0.42914811368984396,0.1976557952411538,0.6533803459629193,Reject,1.522661410684275,Reject,Accept,0.35028840873067313
0.784219676357849,0.8765602014862957,0.11435140546891384,-0.05228612162068375,0.2918160445192432,Accept,"Gender, Age, ProgVar",1.519054301518666,0.11435140546891384,-0.06726731709588067,0.28219778033737003,Accept,1.4279026589803108,Reject,Reject,1.1942146179067452
0.6525917887459395,0.9950800040581369,0.08220078895737641,-0.0684389071857906,0.3629943022311778,Accept,"Gender, Age, ProgVar",1.4327515517486458,0.08220078895737641,-0.15158357072831263,0.29183410816962224,Accept,1.476348048843757,Reject,Accept,0.8385848981681087
0.6365122783276397,0.8384326937048714,0.1924032018145602,0.02660544621212993,0.43391824196344514,Reject,"Gender, Age, ProgVar",1.416247497555694,0.1924032018145602,-0.02045397591527603,0.40562950760865496,Accept,1.473707792157069,Reject,Accept,0.7789169060071331
0.8531689749763458,0.9241734415835144,0.22973654633935975,-0.06603908731017502,0.45900200674012037,Accept,"Gender, Age, ProgVar",1.957027057448241,0.22973654633935975,-0.025090630324120677,0.4917420695988898,Accept,1.69736239011443,Reject,Accept,0.2634329074144751
0.6159861141717197,0.84169295874297,0.26493788242707916,0.06872133663324413,0.4434152888145755,Reject,"Gender, Age, ProgVar",0.9718790205867611,0.26493788242707916,0.08836952703692032,0.4444788659215551,Reject,1.2973478151646385,Reject,Accept,0.6485785309113331
0.514286376493116,0.74385235387167,0.31524647722372934,0.10615248458649909,0.47244429797108467,Reject,"Gender, Age, ProgVar",1.2179477179241716,0.31524647722372934,0.1385726940590337,0.5043386868834366,Reject,1.2034179896426709,Reject,Reject,1.1964104491289924
0.8110788889158038,1.0336549720501644,0.04999461278812078,-0.21467334465793644,0.2593209335312122,Accept,"Gender, Age, ProgVar",1.6861918565027587,0.04999461278812078,-0.1846149421881181,0.3146791343002549,Accept,1.6923831034984969,Reject,Accept,1.0202671679708553
0.18942862504172844,0.6554117022806437,0.39768423427860083,0.25768971021687015,0.6034602265423216,Reject,"Gender, Age, ProgVar",1.4664430612998447,0.39768423427860083,0.22011311818736784,0.5742717765622035,Reject,1.2336873190324906,Reject,Accept,0.7907997843027652
0.48187264112734357,0.9000583400406823,0.300997335325499,0.16171415609245982,0.590877428387227,Reject,"Gender, Age, ProgVar",1.424805972097995,0.300997335325499,0.09562130993716342,0.5018326492294691,Reject,1.2607800700335317,Reject,Reject,0.9695973184860254
0.4788905976959093,0.787928084345798,0.35307802343444217,0.16294558320320546,0.5347021690462213,Reject,"Gender, Age, ProgVar",1.6802802805304569,0.35307802343444217,0.17469494131231592,0.5486051281266752,Reject,1.4612947873447366,Reject,Accept,0.9585438414219857
0.432316441349053,0.806433751207863,0.38275603186833224,0.1795510264774334,0.566811387430641,Reject,"Gender, Age, ProgVar",1.6093788055366027,0.38275603186833224,0.2065406883456748,0.5719190099008045,Reject,1.5428559217955264,Reject,Reject,1.2202678336932202
0.5733926827925496,0.8692178011075338,0.22016110938476777,0.023127337315381885,0.4032087786599786,Reject,"Gender, Age, ProgVar",1.5863241041654959,0.22016110938476777,0.03431448066681002,0.391475319278917,Reject,1.4289784290447378,Reject,Accept,0.4482460522018611
0.6000740902068771,0.8395214766551853,0.24842320394116876,0.046768943854725735,0.4754359241598087,Reject,"Gender, Age, ProgVar, X1",1.5066232399137809,0.24842320394116876,0.03181111988329943,0.46036369172886504,Reject,1.4794339259847993,Reject,Accept,0.7104048456180081
0.843053718824844,0.8794405580381172,0.16019807687823734,4.941018464695093e-4,0.40046110602347923,Reject,"Gender, Age, ProgVar",2.006075143919261,0.16019807687823734,-0.027051218638227282,0.36174502848417506,Accept,1.6279709784036036,Reject,Accept,0.283822705761521
0.3267184252987914,0.8168137524408549,0.3327000459863553,0.16949227233126157,0.5252172495158419,Reject,"Gender, Age, ProgVar",1.2678985961642697,0.3327000459863553,0.14303139764583295,0.5037432364565341,Reject,1.3586274701067467,Reject,Accept,0.4807581841694082
0.46470195996823094,0.8744509216481228,0.2644972614459201,0.14832370049388144,0.5172877524561473,Reject,"Gender, Age, ProgVar",1.9527503986014103,0.2644972614459201,0.08528681497898985,0.4412472660950243,Reject,1.8287984562770316,Reject,Reject,1.1367553477809902
0.5952628385987553,0.8497232618393412,0.23971480764770653,0.06857950452376801,0.38443675895799223,Reject,"Gender, Age, ProgVar",1.4033488154337812,0.23971480764770653,0.08312110476759323,0.40149558431082666,Reject,1.52171227333969,Reject,Reject,1.6458566586515921
0.5092350644881731,0.9167995213358049,0.24840181261966315,0.07700603345604803,0.465154345500251,Reject,"Gender, Age, ProgVar",1.5034118072098865,0.24840181261966315,0.05541042464348184,0.4684510114645437,Reject,1.3658349645518482,Reject,Accept,0.6796541513850509
0.5753511329035466,0.9185679000160769,0.1624737795297185,-0.0022052330120186925,0.3668126220573889,Accept,"Gender, Age, ProgVar",1.2520101252794387,0.1624737795297185,-0.017502775250562357,0.34191086478293276,Accept,1.1893264729918358,Reject,Accept,0.7583078832190795
0.21703847078409175,0.7312113021217254,0.4784056704540277,0.26531230538253636,0.7000144737173587,Reject,"Gender, Age, ProgVar",1.2305791203369352,0.4784056704540277,0.26563491588749066,0.6850097102347008,Reject,1.1901823374614464,Reject,Reject,1.0658532282112196
0.5939673057889181,0.9320143185126235,0.3440410080613817,0.15320020269153084,0.572830533455912,Reject,"Gender, Age, ProgVar",1.3728613011001713,0.3440410080613817,0.11644961694056775,0.552303754393816,Reject,1.5578168471372908,Reject,Reject,1.1432659846810447
0.5820491244800319,0.8985754473981348,0.17986090633044505,0.03373126050462192,0.395679282317704,Reject,"Gender, Age, ProgVar",1.418581875707934,0.17986090633044505,-0.0027539231137164305,0.3583791178858855,Accept,1.3421449854691152,Reject,Accept,0.8022230866890616
0.6200969597551557,0.9055249675320536,0.26197752361530874,0.09212949745524944,0.5219885092389653,Reject,"Gender, Age, ProgVar",1.7342546284417784,0.26197752361530874,0.04545412378625277,0.4685090638106069,Reject,1.4827362393413646,Reject,Reject,1.1850902368642913
0.488215630698218,0.9543340051411912,0.18803714690511442,0.0024297943681912703,0.42472070935595124,Reject,"Gender, Age, ProgVar",1.3907550477858484,0.18803714690511442,-0.03084322689581386,0.3963810719457493,Accept,1.3581011293688428,Reject,Reject,1.2742680363667687
0.5421105864140174,0.9416508889986215,0.29974700698609114,0.10585556912077554,0.5801373628438243,Reject,"Gender, Age, ProgVar",1.2537584022956343,0.29974700698609114,0.05843281675683272,0.5481427981453857,Reject,1.2527959244878317,Reject,Accept,0.8728913033043265
0.5512961635816399,0.9306955336795703,0.2035195874976836,-0.0363050217842339,0.41075498266785687,Accept,"Gender, Age, ProgVar",1.5958143681296602,0.2035195874976836,-0.01276346173228455,0.4322770629662869,Accept,1.6767946851584412,Reject,Accept,0.8315141585332625
0.35363499852837876,0.7326980748847587,0.4122214085019413,0.2273127293277188,0.6472659880843119,Reject,"Gender, Age, ProgVar",1.9202394250471868,0.4122214085019413,0.19772882884415668,0.6165871743827765,Reject,1.7802870252480716,Reject,Accept,0.9611956078421695
0.427738418918468,0.8504829850893333,0.30119948853539874,0.05688262095909544,0.5178595022259344,Reject,"Gender, Age, ProgVar",1.3057369015472577,0.30119948853539874,0.060526347888528065,0.5336039077017215,Reject,1.4005206468737876,Reject,Accept,0.5419485701985558
0.8786461246080848,0.9496680874504707,0.22958799384705436,0.004741267875217364,0.4237676516647824,Reject,"Gender, Age, ProgVar",1.33051051926039,0.22958799384705436,0.029933786547862815,0.4232051450226717,Reject,1.362280450073792,Reject,Accept,0.8638835786696737
0.3567275090196865,0.8202057384206278,0.3365947017453031,0.09013693996967703,0.5566895206870731,Reject,"Age, ProgVar",1.3317917385698212,0.3365947017453031,0.14159652642961812,0.5374695393089426,Reject,1.358996332867487,Reject,Reject,1.1837234303619113
0.4430937668172503,0.7033352088125687,0.3600950106586537,0.2000067299307898,0.5856888374092286,Reject,"Gender, Age, ProgVar",1.2310741840539188,0.3600950106586537,0.18055980243888797,0.5523124917945552,Reject,1.4092111622169383,Reject,Accept,0.8621347547952072
0.6552326232849879,0.877416796258173,0.18670806923917804,-0.029915266475907393,0.4320747560954664,Accept,"Gender, Age, ProgVar",1.7494098431511642,0.18670806923917804,-0.028914198355598365,0.42328389424347507,Accept,1.6996304885335687,Reject,Accept,0.7043047402779832
0.511636516087727,0.900720196269811,0.236032507340488,0.039424387380655075,0.43244120995691837,Reject,"Gender, Age, ProgVar",1.693784448317399,0.236032507340488,0.04819162899709415,0.43877754740670216,Reject,1.6021746879990306,Reject,Accept,1.0830307176197207
0.5097405662709917,0.8618945990791596,0.3126026737065788,0.1745450587731151,0.48326774953208435,Reject,"Gender, Age, ProgVar",1.7283077795772457,0.3126026737065788,0.15822192588161554,0.47116277188203604,Reject,1.71357846559324,Reject,Accept,1.219783305573953
0.37756991835569287,0.8494565747423509,0.2221525404097236,0.030602155419306283,0.4070513261785097,Reject,"Gender, Age, ProgVar",1.3721377127046435,0.2221525404097236,0.046274887204546214,0.4184351715715857,Reject,1.3212157032258622,Reject,Reject,1.1583278167084197
0.4811929608571458,0.7646447329537194,0.3348343875539162,0.11285128563537643,0.5851392059518805,Reject,"Gender, Age, ProgVar",1.5971076862419187,0.3348343875539162,0.08854175757612996,0.5718774052985777,Reject,1.6097612706158477,Reject,Accept,0.9515187597166854
0.7065918904037234,0.8105494704227346,0.2536856972234488,0.02864604114983446,0.39660846345520706,Reject,"Gender, Age, ProgVar",1.1080958127887635,0.2536856972234488,0.07542567142669265,0.4314962174143393,Reject,1.2521854989955055,Reject,Accept,0.6612051110895865
0.44677156447015,0.7865815196160552,0.3420391531984992,0.20716974971021684,0.6041842176867551,Reject,"Gender, Age, ProgVar",1.8220328426947416,0.3420391531984992,0.1430443754584947,0.5247035856023052,Reject,1.428747691174695,Reject,Reject,1.187567156275819
0.33859699146502265,0.7266446332610805,0.3555652436442515,0.21258368186775994,0.5588648502973419,Reject,"Gender, Age, ProgVar",1.7391785780420157,0.3555652436442515,0.16375865011809343,0.5412868350136594,Reject,1.6417731148968022,Reject,Accept,0.9635741111456507
1.0619989234668892,1.0280581538599438,0.010478612315237088,-0.16770033136231752,0.1824216210153166,Accept,"Gender, Age, ProgVar",1.390384346973359,0.010478612315237088,-0.16506671765100372,0.18882883015743285,Accept,1.3955353538449722,Reject,Accept,1.0644459949779537
0.4845547264379341,0.9141339747418356,0.2888918582927131,0.07612114093031447,0.5092890091171209,Reject,"Gender, Age, ProgVar",1.3943343533346093,0.2888918582927131,0.08700735250375431,0.46691481827005543,Reject,1.535776859354779,Reject,Accept,0.416659413734777
0.3534078057904755,0.7993113933315101,0.2881427069413052,0.14454483574799099,0.5757442411321408,Reject,"Gender, Age, ProgVar",1.6955057800162552,0.2881427069413052,0.08000449735667792,0.5014178749638879,Reject,1.5543036453900954,Reject,Reject,1.360417682343466
0.9736332926836431,0.9846896423441979,0.04202995809915849,-0.18528764613091567,0.2668504095090654,Accept,"Gender, Age, ProgVar",2.0389131503932036,0.04202995809915849,-0.16550745422969232,0.2674641955341358,Accept,1.8410328561625393,Reject,Accept,0.547562975871246
0.5840615836448572,0.8415692622379404,0.31803903021802743,0.040024681451573674,0.5141061137596812,Reject,"Gender, Age, ProgVar",1.6044314904147732,0.31803903021802743,0.09430977721008783,0.5476136581008011,Reject,1.4245101542370162,Reject,Accept,0.47729731569920614
0.4907254697747175,0.8350191553538319,0.2333216000546678,0.1489494895744227,0.4792011502884968,Reject,"Gender, Age, ProgVar",1.3260354250763828,0.2333216000546678,0.05406874532408616,0.407060494574495,Reject,1.3596661094576625,Reject,Accept,0.5952020910372211
0.44982225703101986,0.8353228848501202,0.37780286496335125,0.14709559823057422,0.5797220175746292,Reject,"Gender, Age, ProgVar",1.4990634495711535,0.37780286496335125,0.16794999360910065,0.5975392858537523,Reject,1.6772499639200769,Reject,Accept,0.6060859056108
0.5280721392848795,0.8297028415961184,0.2765018347923277,0.07375540201444056,0.4789260445282592,Reject,"Gender, Age, ProgVar",1.4182178070003253,0.2765018347923277,0.0763772901492188,0.47487326557185744,Reject,1.6085759668146324,Reject,Accept,0.7748817622887828
0.6360320057071461,0.852113833862286,0.21536327325864713,0.05738559517983691,0.41841762729404025,Reject,"Gender, Age, ProgVar",1.4365454469377779,0.21536327325864713,0.040776093698171006,0.4026661058080554,Reject,1.5490931274304234,Reject,Accept,1.095487164058505
0.3565907915765167,0.7861147031934421,0.42640188985284266,0.1778600951361874,0.6987357722659701,Reject,"Gender, Age, ProgVar",1.5716593398311016,0.42640188985284266,0.17812528591978694,0.6726751782857987,Reject,1.5507611988279286,Reject,Reject,0.9898174519785982
0.4602495087035209,0.7943227654995426,0.2547137029387205,0.10423996964463492,0.45049054277680506,Reject,"Gender, Age, ProgVar",1.7435282641458096,0.2547137029387205,0.07696259136912523,0.4390264893742765,Reject,1.4757710238714188,Reject,Accept,0.3960421781203427
0.8364033827598548,0.9777791364445069,0.12356124805460109,-0.07973514961272016,0.31746747421071553,Accept,"Gender, Age, ProgVar",1.7182538525124529,0.12356124805460109,-0.052403590484509724,0.3139291365908055,Accept,1.5090961359581834,Reject,Accept,0.9043692075206947
0.5665037840702117,0.8044636799427778,0.22154026490160147,0.03368866318244322,0.4666196402874653,Reject,"Gender, Age, ProgVar",1.7261119417953785,0.22154026490160147,0.018840295222904514,0.4397158404493236,Reject,1.6104305905860954,Reject,Reject,1.2399150196204363
0.8441741836343563,1.0962119746969492,0.03917936599356228,-0.26807688195588664,0.31238969324537674,Accept,"Gender, Age, ProgVar",1.4017863627218186,0.03917936599356228,-0.2346897446523583,0.33565378042990573,Accept,1.4918903676846968,Reject,Accept,0.7705233613474212
0.31900617039915097,0.804605897783898,0.2908543542190977,0.1139593021484209,0.5703460910776892,Reject,"Gender, Age, ProgVar",1.628343617538539,0.2908543542190977,0.051693834537550123,0.5105358377055784,Reject,1.4951047689993937,Reject,Accept,1.0950037744949244
0.6079736229858023,0.8282809358401458,0.24466918809919988,0.10176513303394111,0.48842960794026175,Reject,"Gender, Age, ProgVar",1.373357429501136,0.24466918809919988,0.052533165150239036,0.4405956723093655,Reject,1.4384021760226242,Reject,Accept,0.626825583687509
0.5941395905231508,0.8700816988610514,0.2444422652162968,0.06060500839458576,0.48100939090394434,Reject,"Gender, Age, ProgVar",1.332207764577031,0.2444422652162968,0.04066888336226522,0.4408224726256857,Reject,1.2999647049130092,Reject,Accept,1.0311263336891079
0.7571170118064011,0.9345964465991216,0.1838625104361227,0.0042075576218163074,0.38628572405296746,Reject,"Gender, Age, ProgVar",1.4594207649781041,0.1838625104361227,-4.912217396728993e-4,0.36967009546747565,Accept,1.3782485143891048,Reject,Accept,0.7404469734337495
0.44360543810528896,0.8656209970531556,0.37103470833616087,0.13279302063463178,0.5862525300549248,Reject,"Gender, Age, ProgVar",2.1311052858816066,0.37103470833616087,0.1485011520742976,0.60938975839036,Reject,1.8281322985661737,Reject,Accept,0.4815489212684523
0.3106701289267387,0.7735071003575033,0.38708642147217476,0.2242262165099028,0.721371018514496,Reject,"Gender, Age, ProgVar",1.9696793766563514,0.38708642147217476,0.14675884669666922,0.6318274296850408,Reject,1.8939835681898987,Reject,Reject,1.373548647384564
0.47392182342326894,0.7127203994269066,0.3590698007368063,0.17822365695396863,0.6109539717453284,Reject,"Gender, Age, ProgVar",1.2930953838733472,0.3590698007368063,0.1538058813565657,0.5752920538461774,Reject,1.5177446550363605,Reject,Accept,1.0184711095369285
0.6303615436238597,0.8551947399507183,0.30790397400822783,0.048145471290561244,0.46178647501584713,Reject,"Gender, Age, ProgVar",1.986392572694661,0.30790397400822783,0.10730597108512369,0.5180485817960867,Reject,1.920820721659574,Reject,Accept,0.756330260519844
0.48790843969419456,0.7731737272991197,0.43215339301407624,0.2387916761993067,0.5965252406642132,Reject,"Gender, Age, ProgVar",1.2897049106795828,0.43215339301407624,0.24942302051925472,0.6167100630790585,Reject,1.3009502388042593,Reject,Reject,1.239119184204772
0.35670562332186556,0.7711244836526258,0.45055929912458625,0.25989817005668253,0.6658692752365997,Reject,"Gender, Age, ProgVar",1.4673564286812475,0.45055929912458625,0.24750413862281884,0.6584324550983023,Reject,1.4791556161683173,Reject,Accept,0.9025108049904926
0.9160426128160479,0.9611241869476483,0.10337240244131868,-0.05734396478459995,0.3047800625315759,Accept,"Gender, Age, ProgVar",1.1167287412559506,0.10337240244131868,-0.08403130645058166,0.2906003794669426,Accept,1.1618805299544679,Reject,Reject,1.0001498597149039
0.36264866104883814,0.8263843119235977,0.2857622672392915,0.13763916052743622,0.5522564655038418,Reject,"Gender, Age, ProgVar",1.8326224695895754,0.2857622672392915,0.07816696438722193,0.5048975561454221,Reject,1.6359631121398213,Reject,Reject,1.1847787157494973
0.668833415694919,0.7879669851608123,0.37398357449691405,0.1967503575897871,0.6356882757648048,Reject,"Gender, Age, ProgVar",1.7816026871759876,0.37398357449691405,0.13948252177706225,0.5984137622800281,Reject,1.7302876822343338,Reject,Reject,1.3055600183524947
0.4803928679788787,1.029674996463813,0.2976524460795072,0.05105176971107263,0.5934508067586722,Reject,"Gender, Age, ProgVar",1.4097934170453592,0.2976524460795072,0.024198152308818253,0.5767755838883667,Reject,1.5281836477952568,Reject,Accept,0.6526054998597489
0.025376552211897163,0.8559949018347875,0.4463665702919032,0.12069412915146187,0.6841568134164152,Reject,"Age, ProgVar",1.5071594286013978,0.4463665702919032,0.18926101777664006,0.7011770619060891,Reject,1.4714468534334437,Reject,Accept,1.0118126931670899
0.630453114619269,0.893545860833329,0.20433062947580588,0.06398062879570843,0.38831801566174,Reject,"Gender, Age, ProgVar",1.4740920753351663,0.20433062947580588,0.03240523661168149,0.38162970320481876,Reject,1.4289356474687633,Reject,Reject,1.645333247634622
0.6535166781354244,0.8793867752141786,0.17953057567628117,0.03870368978041791,0.43952865677970887,Reject,"Gender, Age, ProgVar",1.3347234606853582,0.17953057567628117,-0.012885897388904298,0.3848259826494773,Accept,1.5169875796405328,Reject,Accept,0.8465776633474861
0.5125563917808199,0.7341051218224705,0.3866640201498887,0.2375185668465342,0.6424431403922224,Reject,"Gender, Age, ProgVar",1.737740757635561,0.3866640201498887,0.17459649703642655,0.5914083305899698,Reject,1.5917851942034402,Reject,Reject,1.1992929000253443
0.4896164420748768,0.8857827126520161,0.20126668722667856,0.07053347666971493,0.47959603531887063,Reject,"Gender, Age, ProgVar",1.9018840123298235,0.20126668722667856,-0.0052557569121689865,0.38876179194375926,Accept,1.6090548794301074,Reject,Reject,1.096297430753749
0.6110960545789553,0.971118082244599,0.1378485424497656,-0.05020359545066742,0.3930720500061875,Accept,"Gender, Age, ProgVar",1.2877598146004443,0.1378485424497656,-0.07539069601364962,0.34780417425288035,Accept,1.3961236490426143,Reject,Accept,0.7471718718638758
0.6122314158641414,0.9351866564986722,0.2445710105452104,0.06780632109086435,0.44478641587610207,Reject,"Gender, Age, ProgVar",1.7114623362260624,0.2445710105452104,0.054867813861701885,0.4369841325865079,Reject,1.4111251713391844,Reject,Accept,1.03525803293553
0.5470985160064977,0.8951827740329946,0.29448143794240383,0.0975460360651539,0.49974473778704287,Reject,"Gender, Age, ProgVar",1.4117205177811305,0.29448143794240383,0.09165543888951706,0.4975146612629131,Reject,1.4583501443523699,Reject,Accept,0.7449121438969406
0.45609052587937426,0.869705462835595,0.23165105681760045,0.1580041124763086,0.4908549072277053,Reject,"Gender, Age, ProgVar",1.252118783474052,0.23165105681760045,0.06566028107205707,0.3972909446995075,Reject,1.4244752574245145,Reject,Accept,1.1168882932654578
0.5798937387747201,0.8799252093536776,0.26601846076655666,0.048050745541073976,0.4457331496346954,Reject,"Gender, Age, ProgVar",1.580145560005985,0.26601846076655666,0.09363488845656437,0.4549250987806304,Reject,1.469542445735693,Reject,Accept,0.7546374793588706
0.7863468683911862,0.8162074095509642,0.17348861347083794,-0.025904409458557674,0.4338260607850372,Accept,"Gender, Age, ProgVar",1.3096898817205243,0.17348861347083794,-0.05583180017951424,0.3900584888043394,Accept,1.4924328678304764,Reject,Accept,0.6483928677793773
0.7487462047304448,0.8787654542868432,0.18261283342076656,-0.005623297604621137,0.375293796623734,Accept,"Gender, Age, ProgVar",1.3731934332850497,0.18261283342076656,-0.0025894416790301646,0.36689026283555026,Accept,1.3790607406929434,Reject,Reject,1.383843797964958
0.386282026481153,0.7871978452804124,0.34991002248447994,0.1712174938271222,0.5854615191233739,Reject,"Gender, Age, ProgVar",1.3732685719041988,0.34991002248447994,0.16679132013941492,0.5275846784856129,Reject,1.4195785746992216,Reject,Reject,1.2150843502105555
0.24369254081644434,0.8994082956813377,0.46346423346456195,0.200310283975776,0.7232041993047962,Reject,"Gender, Age, ProgVar",1.5217133708451858,0.46346423346456195,0.2141249444791957,0.7232031345117486,Reject,1.564632768803848,Reject,Accept,0.8856472968510103
0.42506030974267545,0.8339603969930923,0.3559985561226344,0.1370756421976048,0.550630773387658,Reject,"Gender, Age, ProgVar",1.5298207308333907,0.3559985561226344,0.15942716298363058,0.5583389893961593,Reject,1.5221611292140707,Reject,Accept,1.1409825929497632
0.8243193915429862,0.8381050165941639,0.18489516423964864,0.022040994569663193,0.35876123343157235,Reject,"Gender, Age, ProgVar",1.6706131018444206,0.18489516423964864,0.020980608427800904,0.35241518505226715,Reject,1.7734439873271879,Reject,Accept,1.1013438202845365
0.5809487512532303,0.8632868547611475,0.2516374154042268,0.033646581666874266,0.4473498012650713,Reject,"Gender, Age, ProgVar",2.0946830128320557,0.2516374154042268,0.050830561824154526,0.4467483517288741,Reject,1.6000954387660664,Reject,Accept,1.0236525437086184
0.404210377736304,0.8002652226392917,0.33796342978875255,0.1485801260080365,0.6008365541168835,Reject,"Gender, Age, ProgVar",1.5543600661820705,0.33796342978875255,0.11320619202420695,0.5647966028543435,Reject,1.392419070884466,Reject,Accept,0.7192841030493604
0.6369971823851158,0.8837790055092375,0.24335714992205879,0.06960176143009673,0.42582538927630476,Reject,"Gender, Age, ProgVar",1.697016814966846,0.24335714992205879,0.06750046777560491,0.4236381362870013,Reject,1.7315985766862028,Reject,Accept,0.5678401411660846
0.6480361712320044,0.810841530411366,0.26531624658049346,0.10363033624453487,0.4597766256113954,Reject,"Gender, Age, ProgVar",1.6060516913139935,0.26531624658049346,0.09839192464542357,0.43681102863383325,Reject,1.6234932493555039,Reject,Accept,0.940140797504963
0.5123903822524282,0.9375005064800501,0.2413109678653122,0.04801948911843965,0.48880246800610866,Reject,"Gender, Age, ProgVar",1.5716568041350378,0.2413109678653122,0.012954172754729397,0.4602020506738598,Reject,1.5221409376510613,Reject,Accept,0.6749953639887033
0.6534158054409619,0.8185146625220202,0.24172274678441746,0.12123012520863072,0.4863758565069717,Reject,"Gender, Age, ProgVar",1.3036712370735555,0.24172274678441746,0.05972916233524103,0.4092161061011126,Reject,1.4884511237502804,Reject,Accept,0.33739295869714553
0.47211061144529826,0.8852868531895012,0.2633227090806831,0.054571009785255864,0.5037589136994732,Reject,"Gender, Age, ProgVar",1.3348008605267914,0.2633227090806831,0.044880860135401365,0.5107705154121942,Reject,1.402607311719676,Reject,Accept,0.3131526933990054
0.6159357851284801,0.8651965505332652,0.1890372278090039,0.03571430950234465,0.39355497279671164,Reject,"Gender, Age, ProgVar",1.4949255188484678,0.1890372278090039,0.0060605631204593766,0.3640196529804461,Reject,1.5666673489338117,Reject,Accept,0.9211649044970485
0.20108066208686018,0.6887862835560165,0.5010748243780214,0.2457212520696436,0.7676030129799618,Reject,"Gender, Age, ProgVar",1.649880848774106,0.5010748243780214,0.2413017359628591,0.748955765103734,Reject,1.549249593844744,Reject,Accept,0.2384995827379235
0.6009361055332532,0.8400231360530576,0.24369977724143385,0.11754139278981719,0.5009688120648876,Reject,"Gender, Age, ProgVar",1.6072834041927988,0.24369977724143385,0.03973785065377894,0.4515209231434735,Reject,1.551467103268021,Reject,Accept,0.6953342488236463
0.7467470087188353,0.771550538367537,0.30846663722235224,0.07120194578924087,0.5232151823766371,Reject,"Gender, Age, ProgVar",1.4423508191182697,0.30846663722235224,0.07687600379529294,0.5362931532010822,Reject,1.533628523671251,Reject,Reject,1.1736323386626522
0.4918551771190088,0.8508479714965219,0.3094045742065546,0.12131014748105706,0.4824203088095712,Reject,"Gender, Age, ProgVar",1.5716443130594242,0.3094045742065546,0.12275228774135723,0.48232672932352516,Reject,1.5858978695716275,Reject,Accept,0.6189264764601423
0.4529882131802797,0.8974673513244342,0.27259025600103237,0.08423224500116133,0.5823328536002172,Reject,"Age, ProgVar",1.9025720544227709,0.27259025600103237,0.05110924193660653,0.5022820137538929,Reject,1.6264809528573791,Reject,Accept,0.4897128717239704
0.2589805794580856,0.7693264543829115,0.42974609772112454,0.2382520363451677,0.6159249787846531,Reject,"Gender, Age, ProgVar",1.7351004691047955,0.42974609772112454,0.24260974514878245,0.6137786207151602,Reject,1.6034674006742446,Reject,Accept,1.0241295297909125
0.4895310718239292,0.7934726765003712,0.3227704640568152,0.12674396761494136,0.5031417031678268,Reject,"Gender, Age, ProgVar",1.2614980285631363,0.3227704640568152,0.13198722813889455,0.5137580577653624,Reject,1.4997350010343637,Reject,Reject,1.0817387826572749
0.4031014181635211,0.8190457435869585,0.32954399248690264,0.10094818662005056,0.4733758224852166,Reject,"Gender, Age, ProgVar",1.5401411098827338,0.32954399248690264,0.15373990981557023,0.5161457754690606,Reject,1.5679960919814702,Reject,Accept,1.0169314456634337
0.3316936737523728,0.8517212650185971,0.31862674901636284,0.15760618391967846,0.535975006831732,Reject,"Gender, Age, ProgVar",1.8847864884161307,0.31862674901636284,0.12598966888624985,0.5078558547520825,Reject,1.8219748266629194,Reject,Accept,1.0453024897677514
0.7910576485563449,0.7776065317584153,0.25134164317506996,0.0031289196970151617,0.45590283903217854,Reject,"Gender, Age, ProgVar",1.7578353715868729,0.25134164317506996,0.021963526418991314,0.4816547911807242,Reject,1.7824612045907602,Reject,Accept,0.9725560463253228
0.757600747970451,0.919260093643944,0.18073929777717757,-0.03501240112150561,0.4190975146189971,Accept,"Gender, Age, ProgVar",1.9966086970191281,0.18073929777717757,-0.04030548488570589,0.40362856435626626,Accept,1.7246394018209745,Reject,Accept,0.8574265633872318
0.7620377830254803,0.8477810401268506,0.22322994658671944,0.0033176194196322673,0.41330031091298747,Reject,"Gender, Age, ProgVar",1.4056263476828759,0.22322994658671944,0.036192492236999545,0.4194598898375201,Reject,1.5533127288915438,Reject,Reject,1.1045548400475003
0.5077785374955965,0.8363794884496158,0.2493730953631862,0.09784984039791814,0.5011105749980325,Reject,"Gender, Age, ProgVar",1.147189070257928,0.2493730953631862,0.052918211730186966,0.45655485588576433,Reject,1.3443036148656962,Reject,Accept,0.547177777998555
0.5369568373095014,0.8097363311133144,0.21430702743526767,0.09608929957171244,0.4241967228831903,Reject,"Gender, Age, ProgVar",1.2536227919451777,0.21430702743526767,0.052537134040882255,0.37660270031327847,Reject,1.3909346233755715,Reject,Accept,0.6204915670398525
0.7522758952224582,0.8907555809958307,0.17281321138044492,0.004051115846257237,0.32145105674436036,Reject,"Gender, Age, ProgVar",1.3383611860724514,0.17281321138044492,0.020715589458998936,0.3433958903427276,Reject,1.407301064731695,Reject,Accept,0.48933477555701954
0.4952521916777033,0.7333041045846205,0.4299715779005411,0.26732896494569425,0.639419164216821,Reject,"Gender, Age, ProgVar",1.6311529529967277,0.4299715779005411,0.24799358678329078,0.6164206297672418,Reject,1.611175325874228,Reject,Accept,0.8546798740449444
0.499127856089417,0.8832134416020551,0.27652350973286804,0.08142308166882511,0.4435761128822615,Reject,"Gender, Age, ProgVar",1.264246693655395,0.27652350973286804,0.09955737562073089,0.45309234701200146,Reject,1.4482190314761505,Reject,Accept,0.5138503173808252
0.6738332445545449,0.8393128116694002,0.16350574349270425,0.0499918749731386,0.4465339491777412,Reject,"Gender, Age, ProgVar",1.4771917938896502,0.16350574349270425,-0.036565081703571575,0.3490862868772069,Accept,1.5366112886703953,Reject,Reject,1.11538114276406
0.4094066086365515,0.7660236338166543,0.4617964961255934,0.20472087348951812,0.7224188045565192,Reject,"Gender, Age, ProgVar",1.7723635218466693,0.4617964961255934,0.22132270351708822,0.7083739988873091,Reject,1.5220416122726683,Reject,Reject,1.2631473204601302
0.685501638065091,0.7535632860719025,0.2092514981639027,0.043631211822748414,0.4223252349560191,Reject,"Gender, Age, ProgVar",1.527647500471398,0.2092514981639027,0.02636625966987962,0.3943092494638069,Reject,1.4203186020510148,Reject,Reject,1.3502898798806968
0.28717609352081935,0.8378592662515811,0.26946013006249503,0.09787996166767052,0.5437812929256135,Reject,"Gender, Age, ProgVar",1.4577613133215712,0.26946013006249503,0.0572253431109276,0.4778634906643861,Reject,1.4578712671382863,Reject,Accept,0.8515618074756638
0.4337531769055472,0.7529826169776994,0.36188321207947544,0.14254834628894583,0.4914674400939142,Reject,"Gender, Age, ProgVar",1.1213279653766448,0.36188321207947544,0.1916239119751484,0.5445603355278902,Reject,1.240586788944792,Reject,Reject,1.1599822405987692
0.9194023577948391,0.9211835951924222,0.10522751010692659,-0.09309281650741776,0.3362196368074339,Accept,"Gender, Age, ProgVar",1.1612635551371326,0.10522751010692659,-0.10522538147236032,0.31428622631625663,Accept,1.390174168522621,Reject,Accept,0.6831155616333149
0.8899140486723315,0.9281989216815482,0.0991267053559304,-0.10858785586868348,0.3023125219693343,Accept,"Gender, Age, ProgVar",1.8669708304543127,0.0991267053559304,-0.10502620582576559,0.2940201341570242,Accept,1.7151467239823983,Reject,Accept,0.7094470635617557
0.3749814043367749,0.7612043380336052,0.314273279628784,0.11772780431942159,0.5688244622180235,Reject,"Gender, Age, ProgVar",1.9700028653279567,0.314273279628784,0.10435065778930405,0.522306386628619,Reject,1.7908724202261295,Reject,Accept,0.7317684994573127
0.2986160434508579,0.796594594116249,0.32891223633974204,0.08564760550460612,0.5850166306313491,Reject,"Gender, Age, ProgVar",1.7396815913084724,0.32891223633974204,0.08956986725650666,0.5450488429050911,Reject,1.709844229717234,Reject,Accept,0.49022151174355616
0.3299217438908072,0.7604628963663915,0.33048207748954683,0.18271052655915548,0.46993900476844624,Reject,"Gender, Age, ProgVar",1.418588323449433,0.33048207748954683,0.16768925203257956,0.4688138562421982,Reject,1.3051484019120378,Reject,Accept,0.8729905077419257
0.6272831612219484,0.841287254971524,0.160716995285747,0.007431361323572118,0.3738035546522426,Reject,"Gender, Age, ProgVar",1.3164760145820424,0.160716995285747,-0.02633357662422004,0.3592281019362499,Accept,1.470992062870187,Reject,Accept,0.9260346149803943
0.45764779808065514,0.769499717871808,0.3103675840310889,0.1192318270718166,0.5535949701280032,Reject,"Gender, Age, ProgVar",1.5393902988531958,0.3103675840310889,0.09354409986019979,0.50875616872229,Reject,1.578062456234408,Reject,Accept,0.5689504893087571
0.5738101957729891,0.943524793001052,0.2614894131360493,0.019623323961807264,0.46905275415622116,Reject,"Gender, Age, ProgVar",1.0547530773293667,0.2614894131360493,0.04019616720165245,0.4985205507525486,Reject,1.225150258000301,Reject,Accept,0.4977533418571951
0.292732828042914,0.858278340715828,0.27968515340876143,0.113247910168423,0.4617094889709171,Reject,"Gender, Age, ProgVar, X2",1.4566986381427438,0.27968515340876143,0.10671865518979312,0.4562635655064217,Reject,1.367816652187856,Reject,Accept,0.4210187587530778
0.4516795243736555,0.7685239156725444,0.32244381233307606,0.0835125319120839,0.5668292508486892,Reject,"Gender, Age, ProgVar",1.6558089929649742,0.32244381233307606,0.08080147058360979,0.5595837461177671,Reject,1.6563221313521501,Reject,Accept,1.0476836621140133
0.6251646802969169,0.8020435805513433,0.2532601881318342,0.08131881171894516,0.4576896211953627,Reject,"Gender, Age, ProgVar",1.1813717115081124,0.2532601881318342,0.05655743326685943,0.46135567778972186,Reject,1.1864349890336179,Reject,Reject,0.9710078682504989
0.7008118385796319,0.9635644415326183,0.11443936260731677,-0.02680392037042504,0.47394294179887997,Accept,"Gender, Age, ProgVar",1.9456992965909328,0.11443936260731677,-0.13183068445712257,0.35978916103462455,Accept,1.8278676836393302,Reject,Accept,0.7429647050556836
0.636571781249708,0.9260591870053605,0.17913899049820892,-0.024516225773358852,0.38307761782599287,Accept,"Gender, Age, ProgVar",1.616237932616402,0.17913899049820892,-0.03381057524726723,0.37809058488587105,Accept,1.5621766478707648,Reject,Accept,0.592588520135993
0.5795959198474284,0.8041298277847269,0.20203661634614417,0.08460370493080986,0.42691447493996276,Reject,"Gender, Age, ProgVar",1.7671090812030483,0.20203661634614417,0.039208132559876104,0.3719020508374796,Reject,1.4992205575759496,Reject,Accept,0.830453191121239
0.2825442969447108,0.7446935453901831,0.41621720043888777,0.20256816164028954,0.6306931377161623,Reject,"Gender, Age, ProgVar",1.418873676740705,0.41621720043888777,0.20282958862396414,0.6204154281742694,Reject,1.5418913348536873,Reject,Accept,0.9751203420408787
0.431083843099957,0.8410759479425126,0.26884015724387406,0.11803733314044576,0.5051598811120067,Reject,"Gender, Age, ProgVar",1.3886994721554624,0.26884015724387406,0.09214680956000494,0.46254932868104964,Reject,1.4844121422343741,Reject,Accept,1.1551055362801863
0.1453455181491734,0.8296627933505564,0.40545847839546995,0.14962822157809796,0.6357542834113298,Reject,"Gender, Age, ProgVar",1.34452235998326,0.40545847839546995,0.14606323848118424,0.6412256943929604,Reject,1.3882519160688762,Reject,Reject,1.019760222315738
0.8999404610842966,0.9806857487449828,0.05077385574728277,-0.14349894188500176,0.21757101833583645,Accept,"Gender, Age, ProgVar",1.2223709846573318,0.05077385574728277,-0.13350741934230656,0.2420899807864104,Accept,1.4890127836622014,Reject,Accept,0.9719556892494716
0.7262025380710277,0.9484928824276728,0.11182233296865382,-0.07127347452381981,0.32969437774474,Accept,"Gender, Age, ProgVar",1.6121884139874794,0.11182233296865382,-0.08871860943268688,0.30747870174697745,Accept,1.439111601812175,Reject,Accept,0.49382678916733913
0.6545620220472744,0.7439065029703448,0.2477909421700983,0.03822486146970394,0.48185513076854614,Reject,"Gender, Age, ProgVar",1.8092267032796263,0.2477909421700983,0.03809155260189395,0.4526455220839332,Reject,1.85974733394696,Reject,Accept,0.7105903846609822
0.8090418247771933,0.7559849410569752,0.23909627449356013,-0.008278093020140865,0.45262808592136206,Accept,"Gender, Age, ProgVar",1.5979967823320422,0.23909627449356013,0.011725226424518086,0.47640128999538867,Reject,1.4989131594920977,Reject,Accept,0.9749066971916581
0.6777099615720306,0.8506306641080797,0.21650063931860336,0.012367599897439803,0.4091242741662625,Reject,"Gender, Age, ProgVar",1.6254630105841201,0.21650063931860336,0.022471431373318043,0.42741680952575667,Reject,1.5590307532212304,Reject,Accept,0.47640437200009006
0.7352651188875412,0.9422745523715141,0.11782689226346622,-0.03590400386497167,0.3405811079317265,Accept,"Gender, Age, ProgVar",1.7018950408286826,0.11782689226346622,-0.07406712416530206,0.3055623563089733,Accept,1.3284812043453058,Reject,Accept,0.625250370167725
0.570596944191128,0.7817754142209871,0.28244788759511535,0.12416851453486082,0.485525722560702,Reject,"Gender, Age, ProgVar",1.4779678991275824,0.28244788759511535,0.0929639543228332,0.4638929335099071,Reject,1.6380205106177197,Reject,Accept,1.013870287279429
0.6941123475759785,0.9435120171012107,0.18920800043957245,-0.012183894243253113,0.3709391081874291,Accept,"Gender, Age, ProgVar",1.6403312203465146,0.18920800043957245,-0.002457315987880092,0.3748719093493599,Accept,1.5301128313573722,Reject,Accept,0.9303788609024158
0.6919615498125886,0.9345384914714268,0.15273145678370023,-0.02039002931805918,0.33361243176504934,Accept,"Gender, Age, ProgVar",1.6162569030902045,0.15273145678370023,-0.02452538488595139,0.35674368331810163,Accept,1.616053406917123,Reject,Accept,0.6682077431191107
0.9203732631669823,0.9279056445185843,0.058086182376598496,-0.0711853015556945,0.27289354125640625,Accept,"Gender, Age, ProgVar",1.5626227908853727,0.058086182376598496,-0.12123953374398735,0.24151163999205494,Accept,1.4966204631474997,Reject,Accept,0.23364583633285116
0.544795094859467,0.8339494507648932,0.2021405987559786,0.0683796555251148,0.473694917286914,Reject,"Gender, Age, ProgVar",1.5257152873382214,0.2021405987559786,-7.78260296311107e-4,0.403054435648847,Accept,1.3467648697623325,Reject,Accept,0.9733888263450182
0.5377321340088818,0.8917592053558353,0.27858140463836933,0.09199401650764076,0.4730260575232692,Reject,"Gender, Age, ProgVar",1.5182724212264105,0.27858140463836933,0.08664057772384573,0.4792479638871397,Reject,1.4188094408651615,Reject,Accept,1.1104139416284335
0.8413139940701078,0.9781619494635794,0.19509019229557065,-0.048174139713727235,0.3633350812531049,Accept,"Gender, Age, ProgVar",1.5749840089624831,0.19509019229557065,-0.0029295207216261596,0.3997688948436978,Accept,1.605219813315304,Reject,Accept,0.33918434236179934
0.0838685226307444,0.6446577183705361,0.5727867302099278,0.34686770130147027,0.8927284982268672,Reject,"Gender, Age, ProgVar",1.7294956344217796,0.5727867302099278,0.28174186625181524,0.835288926026753,Reject,1.7271805079373612,Reject,Accept,0.6930969092517936
0.7415935469416607,0.8286252056969728,0.19882596507291733,0.017200308201177354,0.42516962850773754,Reject,"Gender, Age, ProgVar",1.2692860569389937,0.19882596507291733,-0.01796518606867881,0.38830365560587815,Accept,1.3680826523894691,Reject,Reject,1.0355940594983717
0.6734628933409218,0.8549862247949741,0.26434846303775833,0.05236733977104042,0.45863761731471575,Reject,"Gender, Age, ProgVar",2.0351965575562634,0.26434846303775833,0.07247299152404726,0.45965468194254366,Reject,1.823566663941262,Reject,Accept,0.4419986234712224
0.4366231197536641,0.7880275613295565,0.2750835627584676,0.12340748744139984,0.49515045087537807,Reject,"Gender, Age, ProgVar",1.5848454107003966,0.2750835627584676,0.08541216492575783,0.44985843357802896,Reject,1.4555457400812026,Reject,Reject,1.0547051999435464
0.3379829443112447,0.8750205128306717,0.32314014893385923,0.1391610078184418,0.5193910175057916,Reject,"Gender, Age, ProgVar",1.6249506054944205,0.32314014893385923,0.1394785758195082,0.5068440047287984,Reject,1.6337848822360674,Reject,Accept,0.4536723116039076
0.6004681642770012,0.8701657292682521,0.2560504456513428,0.029409976119631667,0.48325263510343536,Reject,"Gender, Age, ProgVar",1.472791543769031,0.2560504456513428,0.03728398782870706,0.4869936171729287,Reject,1.4921092494689976,Reject,Reject,1.7258001229402413
0.24743109890185389,0.8155903868037393,0.3834835944778859,0.19496635614140664,0.6181312387732147,Reject,"Gender, Age, ProgVar",2.148079287369737,0.3834835944778859,0.1621395679168416,0.5886913197983084,Reject,1.9280363477491995,Reject,Accept,1.007433719440851
0.47051461356228425,0.8029893537057523,0.3494244963540104,0.1410096838431033,0.5831270574867281,Reject,"Gender, Age, ProgVar",1.552895656422929,0.3494244963540104,0.12700469066809442,0.5832239557279123,Reject,1.4708971884896476,Reject,Accept,0.7082043686350985
0.5789404960787462,0.8580908131220647,0.2181451168988374,0.034693663893079665,0.428600497416663,Reject,"Gender, Age, ProgVar",1.3451443005140014,0.2181451168988374,0.019714965185272715,0.4125151341685415,Reject,1.4948647957795551,Reject,Accept,0.3273883557380169
0.37045357754200225,0.8219989395427865,0.3516838743724973,0.17140953570140227,0.5667025868188803,Reject,"Gender, Age, ProgVar",1.473488096162696,0.3516838743724973,0.1656029501897462,0.5350598386399505,Reject,1.4119536552183198,Reject,Accept,0.19881763189426505
0.7715188276070063,0.973463399509461,0.14787665333541475,-0.06797550887902953,0.40362912914659405,Accept,"Gender, Age, ProgVar",1.829641652087918,0.14787665333541475,-0.08079481273223055,0.3605209100263623,Accept,1.5515304141889288,Reject,Accept,0.63814998750129
0.5565084550955859,0.9284134402882679,0.26667250016422867,0.06503492721611329,0.48549020408961596,Reject,"Gender, Age, ProgVar",1.4788012444819294,0.26667250016422867,0.05573406257885829,0.468034900359034,Reject,1.4287114149969395,Reject,Accept,0.855581949804438
0.6566230257571217,0.9385149123995015,0.18235805816894038,-0.030864710705951093,0.42101254516922826,Accept,"Gender, Age, ProgVar",1.4935311657587675,0.18235805816894038,-0.05538400293002704,0.39448562761770056,Accept,1.520516542983523,Reject,Accept,0.12678012255540147
0.35162159804741955,0.7732965394444324,0.4871972708674037,0.2889816448300019,0.6345289827850796,Reject,"Gender, Age, ProgVar",1.1801307532952798,0.4871972708674037,0.3038668268672492,0.6772244448633848,Reject,1.259808463020374,Reject,Reject,1.3541123056915902
0.20508133737818748,0.7931461148492727,0.3443658175514463,0.1479619966881931,0.5740391223908987,Reject,"Gender, Age, ProgVar",1.6015008759076932,0.3443658175514463,0.13154311680905914,0.578126746532413,Reject,1.3938523470209936,Reject,Accept,0.9805513750463712
0.22408601591933333,0.6813146006425891,0.46101207652352655,0.32780686086134647,0.6919789810928804,Reject,"Gender, Age, ProgVar",1.728596574605173,0.46101207652352655,0.2610262928139989,0.6375906021148854,Reject,1.7932252325789628,Reject,Accept,0.9844418496060546
0.4502559898806428,0.865341235158195,0.33192278421667043,0.16655019696081072,0.5231950279591275,Reject,"Gender, Age, ProgVar",1.9691851547577763,0.33192278421667043,0.14576243633823907,0.5256503754080422,Reject,1.9491325346776802,Reject,Accept,0.0506553781809241
0.6227501825406357,0.909433340346897,0.10779891959122409,-0.05184013886523463,0.2949320830196335,Accept,"Gender, Age, ProgVar",1.2323361614115766,0.10779891959122409,-0.06672097992190067,0.2877715204119786,Accept,1.3709572398405963,Reject,Accept,0.360357769656024
0.751786716549182,0.8973892839034184,0.1595142763367701,-0.041908497424539254,0.33588610468546937,Accept,"Gender, Age, ProgVar",1.456745403901877,0.1595142763367701,-0.026930928494360587,0.3479567353144464,Accept,1.4676984594377367,Reject,Accept,0.6988742204831316
0.7642107048088355,0.9854575340023173,0.14880006153485115,-0.024696962251786955,0.4025623300493201,Accept,"Gender, Age, ProgVar",1.6188554433074354,0.14880006153485115,-0.06479240864753669,0.35394152043823346,Accept,1.3894520933873296,Reject,Accept,0.9836292117891138
0.5061010036800814,0.8740078217619623,0.23512205335345057,0.08780505998137085,0.48653714430520467,Reject,"Gender, Age, ProgVar",1.4733195896870555,0.23512205335345057,0.05370916796109204,0.434337791772643,Reject,1.4433888417203724,Reject,Accept,0.9219398238347595
0.4038129791853537,0.8340179114581887,0.2761028979853737,0.09453118777198838,0.6285805018538413,Reject,"Age, ProgVar",1.6094377480658275,0.2761028979853737,0.03229734561746622,0.532184099655515,Reject,1.7396259436660275,Reject,Accept,0.9620684691130681
0.458726786899877,0.7684466624254788,0.1998315440161757,0.033779209596138546,0.4093107106600306,Reject,"Gender, Age, ProgVar",1.7009069485579957,0.1998315440161757,0.033146978852476375,0.3885384337333863,Reject,1.3724265425654918,Reject,Accept,0.6729748907985382
0.5244232548417485,0.6890435038753967,0.4100925903350051,0.23385414608664712,0.6235523512991987,Reject,"Gender, Age, ProgVar",1.8233313550635435,0.4100925903350051,0.21083800556037408,0.6031802922702716,Reject,1.693970976410735,Reject,Reject,1.4844990634577473
0.6465642327891898,0.940119637050776,0.20028260825373637,0.010834831772702502,0.4485091649087141,Reject,"Gender, Age, ProgVar",1.3923792081372874,0.20028260825373637,-0.017963894571707432,0.42983978754707924,Accept,1.5837916508246943,Reject,Accept,0.28622348311220575
0.38048153221082814,0.8241285969631106,0.30126434689283665,0.15495445911827785,0.5671123546060791,Reject,"Gender, Age, ProgVar",1.5256164087023063,0.30126434689283665,0.10430403233629808,0.496342443939244,Reject,1.5768199176448996,Reject,Accept,0.7924660306884316
0.5981601699591627,0.9446534097860703,0.16448330963333452,-0.07528928607827304,0.40812787624792546,Accept,"Gender, Age, ProgVar",1.6686831186279614,0.16448330963333452,-0.07774000420180695,0.39226350890775297,Accept,1.562990962399224,Reject,Accept,0.9233795463286355
0.38835610439496704,0.7319420471954422,0.43860823391304987,0.23692762426187547,0.6803756234036933,Reject,"Gender, Age, ProgVar",1.6302013184006028,0.43860823391304987,0.23427797572894793,0.6684389010667944,Reject,1.6515067247026978,Reject,Accept,0.39139338379364186
0.5816643937210774,0.9157690573800037,0.28297058955886195,0.0672014207916117,0.5335742097787133,Reject,"Gender, Age, ProgVar",1.5089011563149304,0.28297058955886195,0.044909334187905714,0.49313232299552734,Reject,1.4956172663495568,Reject,Accept,0.41199962224602193
0.3195589760832279,0.88995999684549,0.24689505211457277,0.001149077146719489,0.4555607501534341,Reject,"Gender, Age, ProgVar",1.2139522345020466,0.24689505211457277,0.015151767872693768,0.4490157661951874,Reject,1.30164785950863,Reject,Accept,0.6055668252108397
0.6507533847801296,0.9922921995818057,0.2657467613073194,0.0464618671441286,0.48165129794555656,Reject,"Gender, Age, ProgVar",1.386960129825792,0.2657467613073194,0.04408266552277539,0.5110407279767674,Reject,1.4408293850706158,Reject,Accept,0.5647655829940167
0.4320534002673608,0.9432328074016201,0.30791345714631896,0.1158761044364452,0.5379808738688732,Reject,"Gender, Age, ProgVar",1.2708274715324046,0.30791345714631896,0.09289766366239316,0.50672174974203,Reject,1.4924233551637027,Reject,Accept,0.5709657187824403
0.7671533950864937,0.9105338594450455,0.1545257789808707,-0.07040891314267136,0.4187983479135659,Accept,"Gender, Age, ProgVar",1.360434279914403,0.1545257789808707,-0.0795339795727993,0.36667365636913285,Accept,1.6279203405277272,Reject,Accept,0.4905070914262056
0.4115701656791106,0.7845701539745805,0.3835272463988653,0.21456641890097145,0.5857971713286756,Reject,"Gender, Age, ProgVar",1.4361325550837147,0.3835272463988653,0.20013740236828637,0.580389479448976,Reject,1.62949377325705,Reject,Reject,1.3582384129964549
0.34658450896751963,0.8752979824639104,0.26678257816618944,0.11906051525827728,0.43944791688079304,Reject,"Gender, Age, ProgVar",1.3563171329755834,0.26678257816618944,0.09889022815982064,0.42361050060307326,Reject,1.4071686915726642,Reject,Reject,1.2647832644928674
0.5230060282899449,0.8352346141098173,0.3214865394984678,0.14984913614132717,0.5227289873813236,Reject,"Gender, Age, ProgVar",1.653048331862732,0.3214865394984678,0.13397568681627783,0.5134858797588029,Reject,1.566130087035056,Reject,Accept,0.6380812652745748
0.3565521343444582,0.7962635264331619,0.3728446973824425,0.14230963736650484,0.6495024044431966,Reject,"Age, ProgVar",1.9631526208949654,0.3728446973824425,0.14322495914353267,0.5906253830984479,Reject,1.6850849240230692,Reject,Accept,0.5053270568233582
0.7372688274250324,0.8902438856639677,0.1708499933528053,-0.06524816772566366,0.3929141892701155,Accept,"Gender, Age, ProgVar",1.6110157996020285,0.1708499933528053,-0.05599704077401499,0.40169716261803795,Accept,1.5508717731017345,Reject,Accept,0.46294236373651976
0.38567704939718706,0.9802547682690735,0.2869389458612693,0.07037210566958957,0.5399942030198341,Reject,"Gender, Age, ProgVar",1.4712200018251158,0.2869389458612693,0.04445711591726309,0.5162306669676395,Reject,1.3745706974995573,Reject,Reject,1.082689701190162
0.43533133391982565,0.8443198155991807,0.31058904919378433,0.03694840010550749,0.5373685822149372,Reject,"Age, ProgVar",1.6462116182334905,0.31058904919378433,0.10619632435739243,0.5185177134253143,Reject,1.4007868575487348,Reject,Reject,1.2341764648668125
0.7167223420808212,0.8829672009500991,0.2004850857447511,-0.07019852637448712,0.39412915019412503,Accept,"Age, ProgVar",1.730523255043491,0.2004850857447511,0.00643044310924825,0.39830406599853857,Reject,1.5550364213105992,Reject,Reject,1.1458370168424097
0.7802512245542484,0.7241653896541497,0.22813025089946076,0.027465436389538217,0.43747200500219857,Reject,"Gender, Age, ProgVar",1.5257613889594979,0.22813025089946076,0.030249315874367987,0.4219429577332431,Reject,1.5620647289098506,Reject,Accept,0.5501675480903326
0.2662102606136005,0.9253385398918368,0.5112597329541022,0.23073841458100625,0.8008370235765074,Reject,"Gender, Age, ProgVar",1.1553052141039486,0.5112597329541022,0.23193166052604441,0.7903042246692905,Reject,1.415644790892619,Reject,Reject,1.0024677100130859
0.5677424061812969,0.9841901483225559,0.2530545295107016,0.057223438231181506,0.4984503751076388,Reject,"Gender, Age, ProgVar",1.559584275530608,0.2530545295107016,0.026855500834415576,0.4532352805956338,Reject,1.6096201130985661,Reject,Accept,0.9749170275738597
0.42973365143557785,0.8693586276064719,0.24826439230930208,0.06835097738734033,0.4163180023970034,Reject,"Gender, Age, ProgVar",1.3653365912724273,0.24826439230930208,0.06887661140444519,0.4240899496508909,Reject,1.445157568221814,Reject,Reject,1.261308867583667
0.8188933757108918,0.8240650710094327,0.2090793203558636,0.0045752441235500044,0.38618830063082915,Reject,"Gender, Age, ProgVar",1.2835892262840354,0.2090793203558636,0.009872775715038688,0.38726274714214837,Reject,1.3679439034990581,Reject,Accept,0.6958020865104059
0.7544821860738713,0.8408554073654901,0.23122703458448235,0.14088873013831688,0.45580983040494344,Reject,"Gender, Age, ProgVar",1.536973302595402,0.23122703458448235,0.051473194728146,0.39473434518486256,Reject,1.6929063511743978,Reject,Accept,0.3156000723962571
0.20414689725250104,0.7741248089184256,0.43249364622218944,0.31893428489082865,0.7112993059024346,Reject,"Gender, Age, ProgVar",1.4335418825273902,0.43249364622218944,0.22760215848777446,0.6456537169172859,Reject,1.5805768921212484,Reject,Accept,0.17868380191309632
0.5407641653264874,0.7866414460811282,0.30790862779196077,0.11216366285017412,0.5171323310890655,Reject,"Gender, Age, ProgVar",1.3593572719624782,0.30790862779196077,0.08721260558048806,0.5202721589522514,Reject,1.485630766147947,Reject,Accept,0.5157994602825615
0.3543825072728315,0.739486065759098,0.45751401630123206,0.25419989256026976,0.6406390098882174,Reject,"Gender, Age, ProgVar",1.734088678179005,0.45751401630123206,0.24533316049196163,0.6501383246784822,Reject,1.4229650383710537,Reject,Reject,1.106203558586017
0.46228746163554785,0.9050767933562587,0.3663981605393584,0.17436992470596882,0.6501821241823585,Reject,"Gender, Age, ProgVar",1.4522373050308146,0.3663981605393584,0.14137632834986044,0.6007639092097329,Reject,1.429517268487478,Reject,Accept,0.8494941563195415
0.716408056373767,0.9534376772020708,0.16602830717028905,-0.03387546815940696,0.4244154749170361,Accept,"Gender, Age, ProgVar",1.12188345734562,0.16602830717028905,-0.051513029794961834,0.37871313822127173,Accept,1.291027766474975,Reject,Accept,0.3180274227730076
0.692794125250108,0.834499908945343,0.17883121880742248,-0.026554263042306677,0.3388711959268877,Accept,"Gender, Age, ProgVar",1.963914039403563,0.17883121880742248,-0.0010488063737622135,0.34920516743986596,Accept,1.8979104169377958,Reject,Reject,1.3400125523053328
0.638062011080734,0.8294239630966489,0.26656386281062416,0.05164030354021838,0.5180727075218293,Reject,"Gender, Age, ProgVar",1.7844207211065963,0.26656386281062416,0.05770857578473389,0.5034676503479222,Reject,1.6667564591752344,Reject,Accept,0.9265211200044834
0.822958753280844,0.8892381687632186,0.23577066356911078,0.08460554883229138,0.4423408815240494,Reject,"Gender, Age, ProgVar",1.9718213752144869,0.23577066356911078,0.05270114659676467,0.4078240535351976,Reject,1.6180577864085461,Reject,Accept,0.815928264549643
0.27159844287759904,0.648806175633802,0.4515502739573757,0.2750563151335097,0.6898079067439645,Reject,"Gender, Age, ProgVar",1.7316578227012778,0.4515502739573757,0.2272801567701976,0.6755041904634916,Reject,1.689391114170459,Reject,Accept,0.9423191723918064
0.32504620745732404,0.8264282527569046,0.334778769952999,0.12506528232399608,0.5524101545218765,Reject,"Gender, Age, ProgVar",1.3533241506239768,0.334778769952999,0.09142637804250231,0.5754277744409155,Reject,1.3777021297980019,Reject,Reject,1.0336629191763131
0.38246127103342187,0.7973138647030183,0.3531423325016916,0.14276741690988837,0.5593514299656832,Reject,"Gender, Age, ProgVar",1.5248919981817912,0.3531423325016916,0.15583683520780925,0.5546410474320739,Reject,1.7927261155957492,Reject,Accept,0.942370772569738
0.9410214475605939,0.9491719658717708,0.016979380420688424,-0.18663343878467115,0.22238366738852097,Accept,"Gender, Age, ProgVar",1.515522700620215,0.016979380420688424,-0.176465702447594,0.21734309227705903,Accept,1.555302714636099,Reject,Accept,0.5520512987011811
0.4941326972614362,0.8764793986895864,0.232550997964224,0.08500303722819735,0.4616770751834602,Reject,"Gender, Age, ProgVar",1.3031084957681447,0.232550997964224,0.042389560275531174,0.414547181798635,Reject,1.462138369670232,Reject,Accept,0.8620010046812381
0.5179094358136881,0.8681922586480276,0.21742999925020393,0.02609985191804734,0.4420849553567325,Reject,"Gender, Age, ProgVar",1.4201705059579726,0.21742999925020393,0.02927321855487264,0.41616724970762675,Reject,1.1788820059828757,Reject,Accept,0.8872217403692425
0.8119930383868411,0.7941793136725815,0.17378956976622548,0.04803390483398118,0.38900735257680075,Reject,"Gender, Age, ProgVar",1.6702703270334682,0.17378956976622548,-0.004416370084575162,0.35251664245476433,Accept,1.6663520009155968,Reject,Accept,0.3258302691302955
0.5021454542206447,0.8906607904774099,0.3731543856342053,0.10800042908018415,0.5588771454812681,Reject,"Gender, Age, ProgVar",1.4579859816982939,0.3731543856342053,0.15742737389315364,0.5925368882048642,Reject,1.3300360564794533,Reject,Accept,0.8769682774913132
0.7445237084851648,0.9552313518899438,0.2723752040846168,0.02249749447742906,0.4401510960821749,Reject,"Gender, Age, ProgVar",1.503822949251627,0.2723752040846168,0.06922085774953841,0.4707535512931634,Reject,1.4485433693474281,Reject,Accept,0.4572938064862595
0.4656434597313897,0.8712053499593104,0.34598837122087905,0.12378060265127322,0.6177493515085984,Reject,"Gender, Age, ProgVar",1.650585641489193,0.34598837122087905,0.08448162241680895,0.5848535146118315,Reject,1.7558003468853132,Reject,Accept,0.10490382965274143
0.8526384705571001,0.932308148950109,0.16405354733311878,-0.07229055052700067,0.43834183297291796,Accept,"Gender, Age, ProgVar",1.6767786766738941,0.16405354733311878,-0.07711911654145998,0.4098022212193024,Accept,1.6832415052740182,Reject,Accept,0.983063712635892
0.20901750870628427,0.7043970173053538,0.42460731074709246,0.23608834330359174,0.6191639167906052,Reject,"Gender, Age, ProgVar",1.4965048797325684,0.42460731074709246,0.23806641324361486,0.6154003290080039,Reject,1.3774655275037302,Reject,Accept,0.7350218718215815
0.47483578550934125,0.8631399436011253,0.318797206138831,0.1606789223342136,0.6042436054753869,Reject,"Gender, Age, ProgVar",1.9303369617815722,0.318797206138831,0.08963198845256289,0.5396657331446871,Reject,1.7965628996858254,Reject,Accept,0.9361510695613345
0.6846394150719031,0.9505096919950633,0.08992754643094802,-0.14146522930259942,0.33229123529836757,Accept,"Gender, Age, ProgVar",1.4943410893567188,0.08992754643094802,-0.15257526954835934,0.3299005452060887,Accept,1.2955589109456154,Reject,Reject,1.0285481816805015
0.5099798838535351,0.7355018902052056,0.3948700976089114,0.17098389621216323,0.6148367004337281,Reject,"Gender, Age, ProgVar",1.8606619922800447,0.3948700976089114,0.18566174415275302,0.6129164338895893,Reject,1.5200929375927172,Reject,Reject,1.4365566774005916
0.7625117424483229,0.9294762995893097,0.25195083428404325,0.022355630229775665,0.46185108718531753,Reject,"Gender, Age, ProgVar",1.4508874764408335,0.25195083428404325,0.049303339952679964,0.4752022686852149,Reject,1.4880568189717254,Reject,Accept,1.0920920359066355
0.40096283366884816,0.7517142131017175,0.38356836477106127,0.18314891148796833,0.6097525543983667,Reject,"Gender, Age, ProgVar",1.3571378935217187,0.38356836477106127,0.18955857184492142,0.6116624277361945,Reject,1.4662415966204936,Reject,Reject,1.3553929568689365
0.49893702183565924,0.7795941890989109,0.36900714302368404,0.2016758204349303,0.5905659978260178,Reject,"Gender, Age, ProgVar",2.025144707977914,0.36900714302368404,0.179668453153108,0.5575635347329057,Reject,1.7484405009761088,Reject,Reject,1.2864244827800988
0.4022706645560934,0.8128731545580223,0.34569645108644875,0.1446147798478545,0.5066743270203486,Reject,"Gender, Age, ProgVar",1.5003222187622063,0.34569645108644875,0.17000739725055886,0.5167400966905047,Reject,1.5215177022153217,Reject,Accept,0.43661583226568906
0.5322590861909716,0.9027597730328148,0.2944610232584997,0.13213313236360946,0.49152439838417455,Reject,"Gender, Age, ProgVar",1.3866860354832513,0.2944610232584997,0.1126685084560737,0.46473439163576175,Reject,1.4505735946156475,Reject,Accept,0.12358451960428826
0.6466786701027406,0.9446409673638344,0.2051740472711978,0.01779880995966303,0.4230553305790799,Reject,"Gender, Age, ProgVar",1.6023760000503966,0.2051740472711978,-0.011636374687540557,0.4266002840676071,Accept,1.6149273887772366,Reject,Accept,0.1788989542934396
0.6382613497078121,0.8981673195445212,0.25304225128262997,0.05752219898376109,0.4597842085478047,Reject,"Gender, Age, ProgVar",1.3665032486161561,0.25304225128262997,0.05611926426012024,0.45247640580357196,Reject,1.4313790922665532,Reject,Accept,0.9542172932618826
0.5837141277724002,0.8874725267484451,0.1546583557682343,0.034388691734693055,0.36736144806931204,Reject,"Gender, Age, ProgVar",1.6900486613573187,0.1546583557682343,-0.01580414893316815,0.3313492908366489,Accept,1.7177546329590836,Reject,Accept,0.5734435533687074
-0.056672634991742805,0.6618172529427762,0.6052480241361181,0.44514409644389125,0.9261621573523247,Reject,"Gender, Age, ProgVar",1.371877632498074,0.6052480241361181,0.3593422890929483,0.8553820944641536,Reject,1.5404156649086016,Reject,Accept,0.6510474800094997
0.65756880325317,0.8372265744371962,0.2812060084195449,0.08538664570659635,0.43697211896847643,Reject,"Gender, Age, ProgVar",1.773741919164671,0.2812060084195449,0.11501513985858507,0.4605173143598737,Reject,1.8296731230316592,Reject,Reject,1.4092907282946794
0.5401244125515148,0.8458473320463219,0.2199795906446444,0.10862254124914586,0.474078383015108,Reject,"Gender, Age, ProgVar",1.5281752065594487,0.2199795906446444,0.017270808578860705,0.4180508683723042,Reject,1.342510623035605,Reject,Reject,1.085053260123409
0.6345918132044482,0.8184171043697486,0.2614403778123368,0.07290544058806843,0.39193139417694023,Reject,"Gender, Age, ProgVar",1.6416280215674266,0.2614403778123368,0.10888488005388855,0.416016960677548,Reject,1.6728860741048057,Reject,Reject,1.119165073092927
0.6755974760305876,0.8838214037079862,0.24985261728021224,0.059385807003574285,0.4081636097945465,Reject,"Gender, Age, ProgVar",1.2459007409265168,0.24985261728021224,0.09156009867731793,0.4230448875702535,Reject,1.31960412603854,Reject,Accept,0.884207414169544
0.492061833279286,0.9092937543671323,0.355527594036139,0.13676481278351227,0.5815732754907618,Reject,"Gender, Age, ProgVar",1.4507568102099444,0.355527594036139,0.14486169122688147,0.5724882643338565,Reject,1.3815950064041744,Reject,Reject,1.1776482150125438
0.4824187726798442,0.7694290281503333,0.35809929454518696,0.15771460356704542,0.555561044486451,Reject,"Gender, Age, ProgVar",1.839668135264192,0.35809929454518696,0.17330170569394496,0.5371344143852063,Reject,1.7459912405930575,Reject,Accept,0.5886617679499941
0.3108600442107427,0.8164350463572025,0.4366053065690555,0.21050366453763217,0.6285650631657844,Reject,"Gender, Age, ProgVar",1.594141026515991,0.4366053065690555,0.23484132874954672,0.6408877646489503,Reject,1.7146441825216803,Reject,Accept,0.964219953299927
0.5204727268481958,0.8409717441273801,0.26546591732636016,0.08887901211715976,0.49187595962476893,Reject,"Gender, Age, ProgVar",1.780834949997636,0.26546591732636016,0.070714133288068,0.44535290806513145,Reject,1.7227890973861788,Reject,Reject,1.5125902955584374
0.3574135977221583,0.7896709224162812,0.465661262065867,0.2670501101036334,0.6698186608001283,Reject,"Gender, Age, ProgVar",1.5961104487572972,0.465661262065867,0.26044528291793556,0.6624625833991152,Reject,1.5095434174910367,Reject,Accept,0.8812920482686089
0.5929014316619311,0.8766387192377502,0.27191634936285963,0.12501482525868737,0.49169176039168067,Reject,"Gender, Age, ProgVar",1.598947926220751,0.27191634936285963,0.08455446961618308,0.4386362626610912,Reject,1.5936304834932422,Reject,Accept,0.3974727825527504
0.7540011181162513,0.8038807779142042,0.2773950773957534,0.08078277979103668,0.4447428427057851,Reject,"Gender, Age, ProgVar",1.3226667653112703,0.2773950773957534,0.10025395511251822,0.4464025851651674,Reject,1.4926931615347216,Reject,Reject,1.2680213121891162
0.7245692670751452,0.9473210145719096,0.1357994201018666,-0.028512741877091356,0.4147551721570473,Accept,"Gender, Age, ProgVar",1.203208393480113,0.1357994201018666,-0.08064245189344346,0.34980189452236926,Accept,1.320501421879841,Reject,Accept,0.7248016922840689
0.734368578027322,0.8262182934207072,0.15816916057102579,-0.0712136541754337,0.38717349072991186,Accept,"Gender, Age, ProgVar",1.385555691205334,0.15816916057102579,-0.0742251780132263,0.3833868634000004,Accept,1.41970135147728,Reject,Reject,1.0410136515933004
0.5854974109936923,0.8294201866173109,0.14124812143473683,0.1047875041324979,0.48823108521439235,Reject,"Gender, Age, ProgVar",1.7541651403609912,0.14124812143473683,-0.04262957602399987,0.32187636442619794,Accept,1.5783558161607463,Reject,Accept,0.45220671648195265
0.48930146134767344,0.9299071546876305,0.2980875007218997,0.012581792144760403,0.5363319554335736,Reject,"Gender, Age, ProgVar",1.4947142456659979,0.2980875007218997,0.023952362235028925,0.5647074819247978,Reject,1.4204360645908523,Reject,Accept,0.98636129011389
0.5646806284373019,0.8445446018603072,0.28337312861086883,0.06784177140432701,0.4173186847177044,Reject,"Gender, Age, ProgVar",1.7411751862685447,0.28337312861086883,0.0988814439768855,0.47224812126836074,Reject,1.642614526568636,Reject,Reject,1.2067807973797293
0.9486708155456363,0.904159149252289,0.09875816152890769,-0.1115263131698081,0.26887203607874005,Accept,"Gender, Age, ProgVar",1.3436597518598696,0.09875816152890769,-0.10818285796238511,0.2891459991333513,Accept,1.4642629152264264,Reject,Accept,0.7468606876951317
-0.07749170008498724,0.7193931692641684,0.6365652388481701,0.4311373264445535,0.8705308148329796,Reject,"Gender, Age, ProgVar",1.7302246574210047,0.6365652388481701,0.4254472442592575,0.8490973417937242,Reject,1.7625338974245048,Reject,Reject,1.2784692779018898
1.1870292050861195,0.9804689375501575,-0.023947141238530312,-0.2609228414724944,0.16923766201353313,Accept,"Gender, Age, ProgVar",1.4719405470482523,-0.023947141238530312,-0.23339075012020732,0.16744790420706554,Accept,1.4133528727294355,Reject,Accept,0.5141768207968702
0.9369561607667153,0.9892389903048446,0.21823990461354398,-0.012819178156496205,0.39897777366127607,Accept,"Gender, Age, ProgVar",1.5504452763867338,0.21823990461354398,-2.569884978026321e-4,0.44210184136647807,Accept,1.5731483755946527,Reject,Accept,0.7827243675419774
0.6022667992053987,0.8188123101831677,0.28248976631384587,0.149063947612682,0.5027176637273115,Reject,"Gender, Age, ProgVar",1.1614530540852541,0.28248976631384587,0.10399988197822241,0.4629341885483081,Reject,1.3463156265642302,Reject,Accept,0.7672427836523344
0.3441915170796438,0.7479119408232575,0.36963220403294716,0.26904499801373427,0.5887291276780464,Reject,"Gender, Age, ProgVar",1.2624165381576473,0.36963220403294716,0.20476305725614385,0.5303843756121958,Reject,1.560166269426775,Reject,Reject,1.2095210807853416
0.401067647622034,0.8081680843883834,0.33855464194091794,0.1319990497046882,0.5929153550828328,Reject,"Gender, Age, ProgVar",1.1876381114317376,0.33855464194091794,0.10465096291900185,0.5632952070416023,Reject,1.2945153240580873,Reject,Accept,0.4209982440522759
0.5008438379502126,0.8518964546995971,0.33385794603312613,0.10849222734151194,0.5381619355837344,Reject,"Gender, Age, ProgVar",1.3191471522252483,0.33385794603312613,0.1333581882435453,0.5406132667373132,Reject,1.499010450149078,Reject,Accept,0.7884816253459855
0.6482287352127961,0.8165720410184893,0.33542562829218014,0.1481847814584117,0.5442404658235082,Reject,"Gender, Age, ProgVar",1.5985002143133231,0.33542562829218014,0.12697863315859026,0.5206614892477787,Reject,1.684345488224734,Reject,Accept,0.8620533690789498
0.15249777737273698,0.8234696684864861,0.4599516353100459,0.27054066807174104,0.6928032397931874,Reject,"Gender, Age, ProgVar",1.723153680547255,0.4599516353100459,0.23169813780438514,0.6786615863845551,Reject,1.6818710025243078,Reject,Accept,0.15655828794788781
0.339712776148541,0.8746273633167573,0.3792075438924607,0.18696520807930833,0.6331433186564615,Reject,"Gender, Age, ProgVar",1.7118050820909614,0.3792075438924607,0.1612429338425696,0.5930644780371217,Reject,1.7486538097140476,Reject,Accept,0.552703991793892
0.7250466556532964,0.8672219823472448,0.3599256973353485,0.16809154579925178,0.549197594526009,Reject,"Gender, Age, ProgVar",2.0232860410800337,0.3599256973353485,0.16706399205639977,0.5589283515701113,Reject,1.7204458080515659,Reject,Reject,1.413085550927969
0.42012426952872534,0.8571656436799163,0.30601820642407257,0.08219428613863544,0.5199451342577108,Reject,"Gender, Age, ProgVar",1.266484029650551,0.30601820642407257,0.09824681401489316,0.5129471686989224,Reject,1.4047473952517973,Reject,Reject,1.0733050109030844
0.8366788014583615,0.8694607914908707,0.14089947570851397,-0.00801949926515809,0.32129332701109586,Accept,"Gender, Age, ProgVar",1.4773489221041383,0.14089947570851397,-0.033314004980186135,0.30736746824136923,Accept,1.2709471051221097,Reject,Accept,0.2541051937211237
0.41675230551275527,0.9155639996595997,0.31998952940459907,0.08854140489002296,0.6026984458276301,Reject,"Gender, Age, ProgVar",1.388459527909041,0.31998952940459907,0.053052496944441585,0.5633040019897906,Reject,1.3787172157626544,Reject,Reject,1.0391307731395907
0.19856564285252384,0.7933114938626463,0.3670048522064479,0.13947934445927904,0.6284080836406103,Reject,"Gender, Age, ProgVar",1.3663491085567343,0.3670048522064479,0.13532557532275807,0.5981029801679665,Reject,1.2892525135484378,Reject,Reject,0.9961543414280911
0.42595855520788156,0.8356806942674666,0.2839125013322347,0.1546569606499379,0.5079855988259692,Reject,"Gender, Age, ProgVar",1.4827952660566088,0.2839125013322347,0.09933823577249526,0.4817542584491732,Reject,1.6443454137768818,Reject,Accept,0.7662471787941045
0.6164024068436209,0.7928244646564521,0.32643861727812773,0.08895738516874764,0.5634852089767468,Reject,"Gender, Age, ProgVar",1.859490886973042,0.32643861727812773,0.08016417141244471,0.5939238068215466,Reject,1.7334252399196806,Reject,Accept,0.5308547680162403
0.4313885451653165,0.8077416194208331,0.40821379882574377,0.1693191518290218,0.6147955047157769,Reject,"Gender, Age, ProgVar",1.6028101336376799,0.40821379882574377,0.21113366256325725,0.6195185697227186,Reject,1.5481906858536438,Reject,Accept,0.6880209513146478
0.6759132115926721,0.8589139732249379,0.28511106774055905,0.08820598097900043,0.5012422458523196,Reject,"Gender, Age, ProgVar",1.51061576170869,0.28511106774055905,0.06368198284824533,0.5082765464899175,Reject,1.484048781074174,Reject,Reject,1.3079737511751166
0.3489726649823215,0.875423824377476,0.39895711247630683,0.18500320769675796,0.6888625900649347,Reject,"Gender, Age, ProgVar",1.683332916292012,0.39895711247630683,0.14205431082289832,0.6582597172241232,Reject,1.5819098353544958,Reject,Reject,1.2164930712366826
0.6641425481855239,0.8952565021115472,0.30675463068347336,0.07943798933929003,0.5494501265041631,Reject,"Gender, Age, ProgVar",1.291101811797751,0.30675463068347336,0.08826032291603544,0.5323330938225661,Reject,1.4819447847459508,Reject,Reject,1.1503589081066958
0.5195329548318538,0.7280782417697825,0.25673914920208013,0.19732644291986,0.553108434113152,Reject,"Gender, Age, ProgVar",1.200388165372458,0.25673914920208013,0.05342750395288329,0.45437341226718886,Reject,1.3842578648366826,Reject,Accept,0.6484118027942157
0.6201781154319991,0.8236235253224318,0.2764581585355394,0.07693331957418598,0.49312962825537654,Reject,"Gender, Age, ProgVar",1.7217567788762125,0.2764581585355394,0.05714802792632313,0.4896533834627579,Reject,1.7042400994821756,Reject,Accept,0.526428595444668
0.5003751453294478,0.8854168957097652,0.327809346207211,0.13743892326080492,0.4969912948130736,Reject,"Gender, Age, ProgVar",1.2457647522145334,0.327809346207211,0.15523458307833432,0.5012554844711863,Reject,1.2665824810188493,Reject,Accept,0.7233318090521185
0.27655688958342783,0.8979858003267562,0.2032502389902254,0.014029587347737623,0.3978999285657528,Reject,"Gender, Age, ProgVar",1.3683619796623712,0.2032502389902254,-0.015852628988214226,0.3946939553787903,Accept,1.4116185693514418,Reject,Accept,0.8918962595673425
0.728511996115289,0.7872866718421637,0.28731053359982867,0.0650530832904655,0.5174491639213145,Reject,"Gender, Age, ProgVar",1.3732153491701677,0.28731053359982867,0.08635522910510093,0.5021619133489309,Reject,1.6798689673845013,Reject,Accept,0.44092130982793726
0.6622365623744375,0.8257996941578869,0.24293357985258837,0.07257745599723713,0.47111921294547243,Reject,"Gender, Age, ProgVar",1.765200702958295,0.24293357985258837,0.04750262054513231,0.45896427625594116,Reject,1.5618017995143236,Reject,Reject,1.094475170746266
0.37248195203683615,0.8473343783523454,0.3754872683727138,0.14542786450454195,0.6044378882188945,Reject,"Gender, Age, ProgVar",1.5791950702906312,0.3754872683727138,0.15546155463151023,0.5812531253465898,Reject,1.6127661031294693,Reject,Reject,1.3636059872805701
0.45128311735467963,0.8133009150335309,0.28914333530219594,0.035616333661025235,0.5574250354891305,Reject,"Gender, Age, ProgVar",1.6660233969000253,0.28914333530219594,0.02719893564321539,0.541312262484666,Reject,1.6106580599242597,Reject,Accept,0.44227125036460607
0.19770693517291954,0.7228021969503156,0.44974707035033085,0.29358801315636424,0.620154200791524,Reject,"Gender, Age, ProgVar",1.3832121190940183,0.44974707035033085,0.2963142950386712,0.6003602377704539,Reject,1.50039132563223,Reject,Reject,1.4894449546048287
0.19811253991972294,0.7011386659042685,0.4848831533724689,0.3539744927971093,0.7282630081686364,Reject,"Gender, Age, ProgVar",1.6571840197812755,0.4848831533724689,0.2876952544830849,0.680466670835471,Reject,1.5313256136243334,Reject,Reject,1.4152859685813424
0.450377525139501,0.9318089755397686,0.37905008214069713,0.1917766405645706,0.6516224186433486,Reject,"Gender, Age, ProgVar",1.5853996375793273,0.37905008214069713,0.16241447845691467,0.595063424936058,Reject,1.428321104143667,Reject,Accept,0.6404183784925195
0.9872013045360014,0.88396939361778,0.20640200762619051,-0.07086651884642291,0.3728416399540477,Accept,"Gender, Age, ProgVar",1.8778059264958824,0.20640200762619051,-0.002841227709428647,0.4116668290029539,Accept,1.686247978527501,Reject,Accept,0.05966060413906206
0.0478273533425098,0.6993025741362615,0.41780471686098714,0.28958087210442474,0.706760940278216,Reject,"Gender, Age, ProgVar",0.9448046854146362,0.41780471686098714,0.20596034786717338,0.6273959221907223,Reject,1.2144680342561243,Reject,Accept,0.7951053931711816
0.47404176283258076,0.8530999201380692,0.2074438604375015,0.11870177389490905,0.5560372718504702,Reject,"Gender, Age, ProgVar",1.721750174095296,0.2074438604375015,-0.024988236630488637,0.43016377535144085,Accept,1.733854393414355,Reject,Accept,0.4889203083758687
0.6136097615043328,0.7632778308054687,0.2340603966144961,0.014918649649860075,0.4533372997087561,Reject,"Gender, Age, ProgVar",1.5345536559170017,0.2340603966144961,0.03304140468977303,0.436245655088252,Reject,1.4974377504930647,Reject,Accept,0.9947359835275066
0.4858899993501638,0.6829617896077226,0.4009333540097283,0.2342291341449593,0.57696768795648945,Reject,"Gender, Age, ProgVar",1.4199061367335444,0.4009333540097283,0.23653793497981565,0.5659483522749241,Reject,1.4328270029967434,Reject,Accept,0.8664314628734111
0.6625111943154649,0.8291738399438358,0.2394197995636964,0.057523508934438534,0.41963280961206373,Reject,"Gender, Age, ProgVar",1.2563041852970682,0.2394197995636964,0.05494537272366643,0.4042512997826071,Reject,1.490019409864634,Reject,Reject,1.4160449783378228
0.639070132575378,1.009408118964128,0.1727688044774377,-0.028154190647872807,0.4261825768342795,Accept,"Gender, Age, ProgVar",1.3019995166011722,0.1727688044774377,-0.04257414953163175,0.38463093765922235,Accept,1.4835804283340628,Reject,Accept,0.5055841481454458
0.5926582100264224,0.80004873241056,0.2354169792968825,-0.0023837994007621668,0.44189654123732,Accept,"Gender, Age, ProgVar",1.9921510651695389,0.2354169792968825,0.019240602445486282,0.45936495988657666,Reject,1.7599283183328567,Reject,Reject,1.3226438021941607
0.5934566811286809,0.8685549485488067,0.24324157412252978,0.06506572364104216,0.43144570727855813,Reject,"Gender, Age, ProgVar",1.133334371774287,0.24324157412252978,0.06950772932268202,0.44480505062727854,Reject,1.2180401831504293,Reject,Accept,0.2621108304491176
0.622886140563333,0.9499579889235437,0.14748689756991115,-0.06128331620853683,0.3607759910084214,Accept,"Gender, Age, ProgVar",1.1765736561265363,0.14748689756991115,-0.06252059893274708,0.3654087651372657,Accept,1.4245144067452011,Reject,Accept,0.8341324378309306
0.49927758998932065,0.8332037266576008,0.3369452467773666,0.16592710661222265,0.5470511816607044,Reject,"Gender, Age, ProgVar",1.4881997568753933,0.3369452467773666,0.12770924929752786,0.5433253514801717,Reject,1.4685738174432499,Reject,Accept,0.2905802488139024
0.28036912268341413,0.8357757574571482,0.3355648039573133,0.15657445051242203,0.5306902179551107,Reject,"Gender, Age, ProgVar",1.3969684010151975,0.3355648039573133,0.14777346661989138,0.5238002295349725,Reject,1.578738195094121,Reject,Reject,1.2961237535323633
0.5713868268838802,0.8079241329511292,0.17121192994948686,0.018893109883542415,0.42415942695505143,Reject,"Gender, Age, ProgVar",1.3734564649593606,0.17121192994948686,-0.015461686805729152,0.3762454401282961,Accept,1.381283729919676,Reject,Accept,0.8827639247529756
0.6133352143907176,0.9029382815016296,0.20005862596616403,0.007402508338595678,0.4453031997419863,Reject,"Gender, Age, ProgVar",1.4624817770884748,0.20005862596616403,-0.02070325250278878,0.40432732989749276,Accept,1.5862098682773378,Reject,Accept,0.5619424209622618
0.6385245979357912,0.8224251599880305,0.3388335683356906,0.1485954465042802,0.6019484738960509,Reject,"Gender, Age, ProgVar",1.5561398215159497,0.3388335683356906,0.09766971882621567,0.5647053750693716,Reject,1.503998969571864,Reject,Reject,1.249974747627054
1.0216541732894757,0.8221584654588762,0.14219354817383892,-0.045054014051179696,0.32733900027779167,Accept,"Gender, Age, ProgVar",1.6449941149685277,0.14219354817383892,-0.02884273396539014,0.33269000787993347,Accept,1.6221176205857046,Reject,Accept,0.6159173295368642
0.6620757044490404,0.8832284404749929,0.20318375780439543,0.059224605234360836,0.37438659275532993,Reject,"Gender, Age, ProgVar",1.4140535428029781,0.20318375780439543,0.04349591868646918,0.36950319840952256,Reject,1.1683248047029853,Reject,Accept,1.0079474176817662
0.5826081828537115,0.9035810030709844,0.2278871004570154,0.042023947271695436,0.40782777478181015,Reject,"Gender, Age, ProgVar",1.3783932809573103,0.2278871004570154,0.04931981841391435,0.3989710159390581,Reject,1.5066701270699034,Reject,Accept,1.0588689774097932
0.6379121256629435,0.8203580736063144,0.3454680241084795,0.1272928469955107,0.6073950302398279,Reject,"Gender, Age, ProgVar",1.6105140462528496,0.3454680241084795,0.10856612474216006,0.5755601082166233,Reject,1.8311158035699882,Reject,Accept,0.2910285078583606
0.1623473830382014,0.717651648906797,0.4098511291151905,0.23772308474811985,0.6438548742811598,Reject,"Gender, Age, ProgVar",1.6247225224714745,0.4098511291151905,0.200498357975976,0.6239586156237958,Reject,1.578185861021683,Reject,Reject,1.278149818532367
0.36711099406150943,0.7849863082598345,0.38336135294277374,0.22795391299399553,0.5642575915129964,Reject,"Gender, Age, ProgVar",1.7777491463727884,0.38336135294277374,0.19260894468233467,0.5502133925614574,Reject,1.6376143184263106,Reject,Reject,1.4545720624392848
-0.026097935282757972,0.6357098735795136,0.5952761512298296,0.4757191226902327,0.849164130705419,Reject,"Gender, Age, ProgVar",1.7156915707632214,0.5952761512298296,0.3996644434148916,0.7986510477736235,Reject,1.6096030267544748,Reject,Reject,1.4117396871171615
0.5308456240985646,0.7870970757413225,0.36975994157689074,0.23518373389960767,0.5788431171153735,Reject,"Gender, Age, ProgVar",1.8844389352649342,0.36975994157689074,0.1840558107737486,0.5487098552431411,Reject,1.7090713778489417,Reject,Accept,0.8888614670574935
0.12038526371763783,0.706121175389151,0.44782665713646785,0.2713052243685159,0.6893570433090805,Reject,"Gender, Age, ProgVar",1.3968541629207787,0.44782665713646785,0.20813241635467877,0.6539686995110272,Reject,1.2655861236975119,Reject,Reject,1.3187643519567631
0.613192543948447,0.9181701740992327,0.2531014486384257,0.06728749108546762,0.4266031925718191,Reject,"Gender, Age, ProgVar",1.3381071225970322,0.2531014486384257,0.06842799270651294,0.4274004892932397,Reject,1.4635379384103697,Reject,Accept,0.9423682733873736
0.2889294624044536,0.8540391509036092,0.3161354514693424,0.11944348707860279,0.5192112163719781,Reject,"Gender, Age, ProgVar",1.6230187664824163,0.3161354514693424,0.10860205843042782,0.5271751609534661,Reject,1.56690375695364,Reject,Accept,0.9571304392021633
0.47097516151001023,0.8985965144646769,0.25776696820232564,0.09201058846334804,0.5118920968387933,Reject,"Gender, Age, ProgVar",1.737809709219633,0.25776696820232564,0.044350678784618125,0.4662589935789559,Reject,1.589695128852955,Reject,Accept,0.4932361858877208
0.6557124607116768,0.944375774846951,0.1329109065670391,-0.010657006474432238,0.31954338791341214,Accept,"Gender, Age, ProgVar",1.638853484974609,0.1329109065670391,-0.04144132590664877,0.31460988062419243,Accept,1.6180065834804385,Reject,Accept,0.5722776161500981
0.6239278642357359,0.842532943831868,0.19637300782789976,-0.016256381868596015,0.4752174399797269,Accept,"Gender, Age, ProgVar",1.583786645731134,0.19637300782789976,-0.04688919250647626,0.45675047030706706,Accept,1.558453762302323,Reject,Accept,0.9782724985329866
0.42346808795842783,0.7356119232417938,0.28918815389330393,0.13061752733765358,0.5092910016176219,Reject,"Gender, Age, ProgVar",1.4656557008551436,0.28918815389330393,0.10773642662197985,0.46564072981310056,Reject,1.601591147085902,Reject,Accept,0.696716832477941
0.33354283221629244,0.8623105666421877,0.36081876699122684,0.17011111498135612,0.5712984970214277,Reject,"Gender, Age, ProgVar",1.789823176906078,0.36081876699122684,0.16363562263048714,0.5595314434095431,Reject,1.3909603686739929,Reject,Accept,0.8889479151376283
0.6262486657741536,0.9053763369134565,0.16375297642324957,-0.04916553505214029,0.35937959486925025,Accept,"Gender, Age, ProgVar",1.5261976240878423,0.16375297642324957,-0.03015769924594933,0.34646895845584924,Accept,1.6945170928567181,Reject,Accept,0.7416030516642717
0.8532755599709037,0.9134501028909577,0.21867962544129893,0.05099106826818493,0.43452590708422967,Reject,"Gender, Age, ProgVar",1.433763800307435,0.21867962544129893,0.020490194537140165,0.40186810601619505,Reject,1.4068252379836341,Reject,Accept,0.6942593493802196
0.80720241462208,0.8877030064743701,0.21210751282145154,-0.060761507252561936,0.4088493548059576,Accept,"Gender, Age, ProgVar",1.3457721651613352,0.21210751282145154,-0.0016798825185798255,0.4426199292345183,Accept,1.675779343876308,Reject,Reject,1.2943895834299624
0.7393698561947036,0.7725932013067104,0.30076556166662977,0.07415383915365323,0.49236855879247005,Reject,"Gender, Age, ProgVar",1.579448708393463,0.30076556166662977,0.1094620115869912,0.5141908021850872,Reject,1.640686929464056,Reject,Accept,0.06252608401342385
0.4767640075173368,0.9522800519199642,0.27676866910519826,0.02183252743146628,0.5722587911416379,Reject,"Gender, Age, ProgVar",1.2671109491376702,0.27676866910519826,0.019377469297138114,0.5319399020550326,Reject,1.3548533310684119,Reject,Accept,0.8083929465834142
0.7056285840411978,0.8076710462845865,0.2047677049410799,0.020304694735825038,0.42440979816484803,Reject,"Gender, Age, ProgVar, X1",1.0883842903908472,0.2047677049410799,0.0012520512168883308,0.40856588066468325,Reject,1.371618525143474,Reject,Accept,0.6723905145877637
0.5125981982867082,0.8955403646145766,0.2741565114366305,0.03430875874177292,0.4793784512435537,Reject,"Gender, Age, ProgVar, X2",1.4493108813105535,0.2741565114366305,0.06410341628221708,0.4963892597604143,Reject,1.2571094554349405,Reject,Reject,0.9934485915072941
0.5101016324407862,0.8325921446294547,0.27438729576615895,0.06455492045313055,0.5524671037465261,Reject,"Gender, Age, ProgVar",1.7636096140920423,0.27438729576615895,0.046776913965957706,0.511498382995515,Reject,1.6381110769031744,Reject,Reject,1.464001386031231
0.6307401928121746,0.9594570586820325,0.28408698616140027,-0.018102490484571833,0.5184788674297818,Accept,"Gender, Age, ProgVar",1.6531012490104717,0.28408698616140027,0.04168956246036756,0.5366428967053068,Reject,1.5486860265915983,Reject,Accept,0.6860258119817468
0.19878954547937996,0.7896691067334022,0.34877412023546805,0.16108775053597324,0.6400849005327853,Reject,"Gender, Age, ProgVar",1.5626054669582785,0.34877412023546805,0.10860450483128108,0.5867792180509287,Reject,1.5901289518156594,Reject,Reject,1.1642197148309181
0.17394012683882165,0.7000212393886097,0.5406207806379771,0.2982331163714445,0.7538396610314049,Reject,"Gender, Age, ProgVar",1.5712980256818003,0.5406207806379771,0.32761276426212416,0.764877524452124,Reject,1.571608691106974,Reject,Accept,0.5819749285322635
0.3597587857008289,0.8018190044580212,0.2982850192762354,0.1261019071908815,0.5525217758851811,Reject,"Gender, Age, ProgVar",1.214313990147329,0.2982850192762354,0.10717445966330547,0.510924096926823,Reject,1.4001493200340327,Reject,Accept,0.5026922607603725
0.2808582371789446,0.7018037141180083,0.4897515604124431,0.2582275572133008,0.6655287477271247,Reject,"Gender, Age, ProgVar",1.6699753699474078,0.4897515604124431,0.2868687182710242,0.7014190479230903,Reject,1.4827027556472143,Reject,Accept,0.9586933427770218
0.39710588319571877,0.746197707148869,0.4216103680555727,0.1759631065655812,0.6553545720144418,Reject,"Gender, Age, ProgVar",1.1236617136649736,0.4216103680555727,0.17306164548100444,0.6766124453540175,Reject,1.2727368855010328,Reject,Accept,0.5816915760165551
0.28051485045195074,0.7471198101500817,0.3454466842307088,0.18646017575921228,0.5558535236849617,Reject,"Gender, Age, ProgVar",1.5698133135722545,0.3454466842307088,0.16471506740600408,0.5240164745282145,Reject,1.4793339345608292,Reject,Accept,0.9859987978573856
0.4257351511822357,0.8670578515201244,0.3574641272356966,0.12958056144183946,0.5452187423853918,Reject,"Gender, Age, ProgVar",1.6203461473632492,0.3574641272356966,0.14139609023322128,0.5732874240256409,Reject,1.619830555818001,Reject,Accept,0.3477993582168745
0.5273853084893467,0.851633804337503,0.33189336470945735,0.1472524625982421,0.4948021402502995,Reject,"Gender, Age, ProgVar",1.33660009883842,0.33189336470945735,0.15905557949920557,0.49864140804159585,Reject,1.5540507217028336,Reject,Accept,0.9512627093835586
0.350725718227836,0.8866445102041416,0.3245126068859173,0.15300368666688424,0.6109451674475208,Reject,"Gender, Age, ProgVar",1.8862469687844763,0.3245126068859173,0.11044216015359462,0.5685171383350787,Reject,1.47524956760031,Reject,Accept,1.0497170705808962
0.7398269044572757,0.9332717707247574,0.20245423547663158,0.03930476858106282,0.4083189533173078,Reject,"Gender, Age, ProgVar",1.6669803417247437,0.20245423547663158,0.01582172375388609,0.38934771438550725,Reject,1.4966703292983619,Reject,Accept,0.43047585240123387
0.7931849623684826,0.9030448733548908,0.17078608850365445,-0.016057125989105817,0.4329502649355885,Accept,"Gender, Age, ProgVar",1.5111708990735448,0.17078608850365445,-0.07080507457859941,0.4092843591181186,Accept,1.5346147190492936,Reject,Accept,0.7904076612063963
0.8660107554132385,0.9535832877758555,0.10900821884029639,-0.0856619839762527,0.33724065191192043,Accept,"Gender, Age, ProgVar",1.692433483504676,0.10900821884029639,-0.1156615175461061,0.31685494169979656,Accept,1.56523973649312,Reject,Accept,1.273477184476939
0.7014835204955656,1.04423360411003,0.13194324860806605,-0.10463591633438052,0.34663445345710614,Accept,"Gender, Age, ProgVar",1.577886730043342,0.13194324860806605,-0.08527713776535227,0.33633042167454624,Accept,1.5113271118953182,Reject,Accept,1.075008931897452
0.4849159020490283,0.8180365786216328,0.22934393759253474,0.09615684959672256,0.5239486221594966,Reject,"Gender, Age, ProgVar",1.6244167650439865,0.22934393759253474,0.017129573815451826,0.45442190158921103,Reject,1.4071837576364303,Reject,Reject,1.4689178946474541
0.45527844760378783,0.8131261127654283,0.31709801406786775,0.10699048869054732,0.49631327416983295,Reject,"Gender, Age, ProgVar",1.4355520381572824,0.31709801406786775,0.1219206811027668,0.5178861938995099,Reject,1.285827360911954,Reject,Accept,0.6116711605761556
0.3205264349505927,0.7972768157810508,0.36392733011451467,0.18699843562451146,0.554397418501176,Reject,"Gender, Age, ProgVar",1.4526725328200194,0.36392733011451467,0.18317385378146353,0.5616754599195283,Reject,1.4037619270388242,Reject,Accept,1.0092680601914632
0.5343602918558625,0.8353349839763243,0.25741716813539345,0.12594538054875684,0.45155324122750296,Reject,"Gender, Age, ProgVar",1.330860932866884,0.25741716813539345,0.09926906545975339,0.42144620007024375,Reject,1.4665798174993463,Reject,Accept,0.8956577025114214
0.7598881854650864,0.9231988917698238,0.15474872004338952,-0.004808349245255236,0.43189609214257285,Accept,"Gender, Age, ProgVar",1.531870890038428,0.15474872004338952,-0.06099006686288483,0.36645949473930745,Accept,1.3937180209362459,Reject,Accept,0.5797422483900461
0.4751705155969942,0.8746501464680619,0.29133366309364817,0.10921605837779053,0.5279787152426354,Reject,"Gender, Age, ProgVar",1.6138213212135872,0.29133366309364817,0.09398960454875852,0.49944405229797567,Reject,1.6323387182062128,Reject,Accept,0.478839129225466
0.5434615228121235,0.9798621187440769,0.2926817363410454,0.08833314128561921,0.49544215707497213,Reject,"Gender, Age, ProgVar",1.5099461338344602,0.2926817363410454,0.09737508262890364,0.4892787624555966,Reject,1.6372593742262112,Reject,Accept,0.6267736732461687
0.5496126083894439,0.8581713744912064,0.27211223667159246,0.07062711939640401,0.4722246115124395,Reject,"Gender, Age, ProgVar",1.7918609728401487,0.27211223667159246,0.09001203295096669,0.4711596510886064,Reject,1.68861557553215,Reject,Accept,0.9486685378387519
0.3648537704061525,0.7439390743753712,0.39850820303066714,0.20879622611097423,0.5656566923432182,Reject,"Gender, Age, ProgVar",1.3915781447732403,0.39850820303066714,0.22966279267631534,0.5842572859726693,Reject,1.3657294510751117,Reject,Reject,1.1483454141318323
0.3359609729810392,0.8783103851011327,0.39999110000564786,0.2214206879595105,0.5960149778404854,Reject,"Gender, Age, ProgVar",1.403323346532862,0.39999110000564786,0.21128100451525844,0.5820927327800544,Reject,1.5476031664434253,Reject,Accept,0.8902724878540628
0.7634283820623571,0.8671443669934878,0.14181271542315083,-0.05401422095423293,0.3330307444751702,Accept,"Gender, Age, ProgVar",1.1056958705454887,0.14181271542315083,-0.0470914230637606,0.33230291731214495,Accept,1.2136657039884502,Reject,Accept,0.12399185379023867
0.464217294976583,0.8188984624694853,0.31952358508056844,0.0979889985373406,0.5513433885852307,Reject,"Gender, Age, ProgVar",1.6514986709071267,0.31952358508056844,0.09158221074648482,0.538169427540446,Reject,1.2904024519005208,Reject,Accept,0.7241430304564028
0.502598063403302,0.8234316505403825,0.32363462284818845,0.11266903449937568,0.5138661101578766,Reject,"Gender, Age, ProgVar",1.4486036720748123,0.32363462284818845,0.13658730662203397,0.5283813336125063,Reject,1.4358088050251607,Reject,Accept,0.09605508344142472
0.6296047382752133,0.9183368101918808,0.25913883807951704,0.06746694987255125,0.417986252435363,Reject,"Gender, Age, ProgVar",1.6738182409309745,0.25913883807951704,0.08140516062887947,0.4447446752229964,Reject,1.6192668923977822,Reject,Accept,0.4449714922907265
0.6479739001346121,0.8472745971319985,0.25289361926429926,0.0785321363941857,0.5029388490866424,Reject,"Gender, Age, ProgVar",1.3242786994158768,0.25289361926429926,0.04301474200266976,0.4504923821127425,Reject,1.4551205555934055,Reject,Accept,0.939285487604768
0.34054601695970244,0.8851604592056156,0.26465240635116727,0.1414781311956453,0.5429288870755943,Reject,"Gender, Age, ProgVar",1.4519821390124148,0.26465240635116727,0.07044549679612971,0.45428798076754123,Reject,1.6157450367434318,Reject,Accept,0.6439588487192427
0.41954979178453233,0.8104001509793544,0.37321945774466503,0.11801171935832895,0.5916586541672519,Reject,"Gender, Age, ProgVar",1.604037883842504,0.37321945774466503,0.13058787342208825,0.5968445780403527,Reject,1.6034082187717282,Reject,Accept,0.6415578508894371
0.534235633539259,0.8435933543732719,0.21358347149450863,0.05841941870506783,0.4123718874559133,Reject,"Gender, Age, ProgVar",1.5174152371229002,0.21358347149450863,0.04767764910721737,0.39137893578934885,Reject,1.632741031608582,Reject,Reject,1.276273784750169
0.6733423024820487,0.9235589656028258,0.16145511456809983,-0.03868352538096096,0.3917822903107869,Accept,"Gender, Age, ProgVar",1.6310292645603772,0.16145511456809983,-0.06388476328379195,0.3835773493700348,Accept,1.4558540516967395,Reject,Accept,0.46392773393943937
0.10230466870430313,0.7752785686177202,0.4479930528481965,0.2593160731132078,0.7050816950043535,Reject,"Gender, Age, ProgVar",1.3923342684272553,0.4479930528481965,0.22354632198444135,0.6663892113405994,Reject,1.5465464171051926,Reject,Reject,1.2244127807670184
0.6046529033837936,0.8523622223428167,0.2763185788215491,0.11057641861421587,0.4898717583047197,Reject,"Gender, Age, ProgVar",1.4022503057315745,0.2763185788215491,0.0692168676716846,0.4819191598234119,Reject,1.5339132975418786,Reject,Accept,0.41838577819072986
0.7293132335402245,0.8472941032963028,0.08790033787870993,-0.00958869813100164,0.40955507388807444,Accept,"Gender, Age, ProgVar",1.4269040290244326,0.08790033787870993,-0.12195417412363943,0.2945416100442396,Accept,1.412424184258697,Reject,Accept,0.38135799066374754
0.6269108497886134,0.7710376268645432,0.2781881273921642,0.026940439890837678,0.5307814918501278,Reject,"Gender, Age, ProgVar",1.576339228430121,0.2781881273921642,0.03887872693027425,0.5524115072523192,Reject,1.54985768701284,Reject,Accept,0.984458385020037
0.36013561991152515,0.8811804879252411,0.3773296388266455,0.1881816304629591,0.5832299468436477,Reject,"Gender, Age, ProgVar",1.4207127853612775,0.3773296388266455,0.19316955484548357,0.5622605459717043,Reject,1.3511839690373797,Reject,Accept,0.6467005299907841
0.4644746217452348,0.8696624126937267,0.28939361613278214,0.085773151083996,0.5479858478943423,Reject,"Gender, Age, ProgVar",1.6664909522361642,0.28939361613278214,0.07098111448592498,0.5206938046828367,Reject,1.7312632548564728,Reject,Reject,1.1696230327863628
0.31206260501662103,0.8688707478953939,0.39754501644744206,0.17927322851992564,0.6207964351450642,Reject,"Gender, Age, ProgVar",1.5588543839481557,0.39754501644744206,0.18240086973790426,0.6224690747856262,Reject,1.3095131785960448,Reject,Accept,0.61710728611752
0.46583702485633366,0.8753018376398766,0.2560566171294888,0.038246777496448184,0.5060093177730381,Reject,"Gender, Age, ProgVar",1.4515722845737904,0.2560566171294888,0.020629177543825414,0.48627288323434187,Reject,1.4238328584194946,Reject,Accept,0.5974156739350376
0.8986829997958264,0.9098670930044701,0.099582884596927,-0.1293701638883354,0.31298187429273594,Accept,"Gender, Age, ProgVar",1.8146890692698159,0.099582884596927,-0.12215507719191343,0.31733563858748653,Accept,1.6537207204570064,Reject,Accept,0.14774121936246137
0.8724877797312474,0.8489228526642602,0.1546625796236921,-0.044968557231042934,0.3684671422406958,Accept,"Gender, Age, ProgVar",1.5768268697326473,0.1546625796236921,-0.04623986168507654,0.368844137991961,Accept,1.536603357587202,Reject,Reject,1.303585992669956
0.5531213508359896,0.9511245546287078,0.30445824431172097,0.05692642941747711,0.5146284708253391,Reject,"Gender, Age, ProgVar",1.5820474608350423,0.30445824431172097,0.07508469206213982,0.5302431448606584,Reject,1.579257214410899,Reject,Accept,0.8804381816500783
0.5397725349833845,0.77883400198487,0.3008703156818429,0.11988551998458927,0.5294429644252105,Reject,"Gender, Age, ProgVar",1.494886693053448,0.3008703156818429,0.09747201729934424,0.5037224069580303,Reject,1.3782818691656396,Reject,Reject,1.0140994755840573
0.4057682154644079,0.8215382289096933,0.34983051668287124,0.16556931041613898,0.5206216105557343,Reject,"Gender, Age, ProgVar",1.476762954944703,0.34983051668287124,0.1754926178885025,0.5186612891406202,Reject,1.3415706603040554,Reject,Accept,1.0542011634340955
0.26622528971682946,0.7931730631656385,0.23151296544096667,0.1064701494324473,0.5817416306124784,Reject,"Gender, Age, ProgVar",1.035882201631331,0.23151296544096667,7.764611105138264e-4,0.46667477349452247,Reject,1.3035796747433543,Reject,Accept,0.6984594802298015
0.8992224586077283,1.0473478275237762,0.061944506464871374,-0.19648972146983887,0.26621795393448233,Accept,"Gender, Age, ProgVar",1.5562740217624655,0.061944506464871374,-0.14661229240118828,0.28159763317512415,Accept,1.5166811871315133,Reject,Accept,0.9320258965593339
0.8681672329914271,0.8799396952629891,0.20867179939642028,0.03498334609741151,0.3507796953810074,Reject,"Gender, Age, ProgVar",1.590575844903446,0.20867179939642028,0.04709240565094879,0.35596789143983937,Reject,1.5473357299501418,Reject,Accept,0.8682782872038037
0.27389432357082893,0.8810671951077915,0.3742667390096541,0.1887670476168008,0.6557843846408138,Reject,"Gender, Age, ProgVar",1.445543943045425,0.3742667390096541,0.14588040694633983,0.5939502047366741,Reject,1.4227645471893189,Reject,Accept,0.9357342470262723
0.6161086045152505,0.9369941523806027,0.19171678430441705,-0.0523774614014387,0.4770637119666311,Accept,"Gender, Age, ProgVar",1.811448499837829,0.19171678430441705,-0.07752900950208892,0.44359914452564664,Accept,1.5825505323078104,Reject,Accept,0.6432386025045692
0.7631998644541003,0.9621393641100685,0.1753946660582949,4.3264765772202396e-4,0.43147065804404455,Reject,"Gender, Age, ProgVar",1.4840586464845191,0.1753946660582949,-0.04213683314635773,0.3859170224877565,Accept,1.7189290171980245,Reject,Accept,0.4161661041135665
0.5105342093979518,0.7784123763580613,0.2826820603622201,0.15206042411858992,0.5283664343967228,Reject,"Gender, Age, ProgVar",1.9106072603366733,0.2826820603622201,0.102423505361079,0.47330547799027356,Reject,1.5356627268917569,Reject,Accept,0.9970770114439593
0.6638802645751449,0.8071692820421584,0.3540393257519683,0.1585465858921107,0.5598403345075219,Reject,"Gender, Age, ProgVar",1.786896430906844,0.3540393257519683,0.1476827060097325,0.5483785901314893,Reject,1.690771881062092,Reject,Accept,0.8622468133747574
0.4762307192904182,0.8068894597714282,0.3732813643243225,0.21487333559407573,0.6056919454192904,Reject,"Gender, Age, ProgVar",1.4770767667142186,0.3732813643243225,0.1768429737262288,0.5792276830829668,Reject,1.6755036634050444,Reject,Accept,0.9860863341869133
0.5666727532323105,0.8342566556226751,0.2807740882927115,0.1001865067716972,0.48155352354678155,Reject,"Gender, Age, ProgVar",1.3421106144992132,0.2807740882927115,0.08976829510569614,0.4780786850546579,Reject,1.3891872019169254,Reject,Accept,0.20175746075673476
0.6867602614091667,0.8782219862049109,0.17675652625351854,2.635778657129398e-4,0.35384855068773985,Reject,"Gender, Age, ProgVar",1.3510767199262643,0.17675652625351854,-0.0023717931662957104,0.3605292718587315,Accept,1.2469380115728208,Reject,Accept,0.4708014250070269
0.8834939435569283,0.8879297292920939,0.027234198534843143,-0.06533510114426931,0.36222899938215075,Accept,"Gender, Age, ProgVar",1.5966412860845554,0.027234198534843143,-0.18113501984847524,0.24277015930190343,Accept,1.844243312021565,Reject,Accept,0.8343218411872024
0.6532605579848438,0.8745167252246465,0.37222252177594206,0.116706019070299,0.5819256101919789,Reject,"Gender, Age, ProgVar",1.6480715411354212,0.37222252177594206,0.14487177206798565,0.5968982756156247,Reject,1.6148860973810877,Reject,Accept,0.43559551951664144
0.3111410503495732,0.7668376073138099,0.30590587890228893,0.12287123880393439,0.5682389724880044,Reject,"Gender, Age, ProgVar",1.491421635212459,0.30590587890228893,0.09948552911285007,0.5292673009456876,Reject,1.7322280166321133,Reject,Accept,0.35111489213574976
0.35741513635636774,0.7425441416465353,0.4166911568172071,0.21925158806932676,0.6025665318411216,Reject,"Gender, Age, ProgVar",1.5471678442761854,0.4166911568172071,0.24126489110453272,0.6078700862567517,Reject,1.5799732630503533,Reject,Accept,0.8495921262823326
0.2449486748692148,0.8218396006174253,0.4699019409050705,0.2731957691195018,0.6826983701588522,Reject,"Gender, Age, ProgVar",1.5513724714755461,0.4699019409050705,0.26159054813768406,0.6659603158322825,Reject,1.4533895601896085,Reject,Reject,1.1152094249404765
0.6868170987497839,0.9139308506918926,0.215518714724673,0.061530146366293795,0.4648237778585137,Reject,"Gender, Age, ProgVar",1.3644278052895964,0.215518714724673,0.01476440487963833,0.4266601869109022,Reject,1.5912267866285132,Reject,Accept,0.952459313957783
0.18187800344116167,0.8694600953347122,0.4146904501986544,0.12887770861758036,0.842547002722942,Reject,"Gender, Age, ProgVar",1.814986508597179,0.4146904501986544,0.090536391463843,0.7155129227581849,Reject,1.4144608591245438,Reject,Accept,0.41160223460481893
0.2675750068365613,0.7648285645220295,0.39867198290053346,0.22248668813433892,0.6413895559756607,Reject,"Gender, Age, ProgVar",2.008918649805669,0.39867198290053346,0.19797068066334483,0.6013209627926839,Reject,1.695204083420805,Reject,Reject,1.1420741939129926
0.7214904615433262,0.882291352140106,0.13187681458190623,-0.08550684736833031,0.3396333971270495,Accept,"Gender, Age, ProgVar",1.4354706442698066,0.13187681458190623,-0.06629292720452278,0.3394473824907357,Accept,1.5104599740295879,Reject,Accept,0.6480198136856165
0.5416142683927413,0.7829517498216763,0.26486181249982577,0.06437777245404426,0.4559374169051515,Reject,"Gender, Age, Outcome_BL, ProgVar",1.3780601121341898,0.26486181249982577,0.0681214439695343,0.45160365333881597,Reject,1.3595707800598162,Reject,Reject,0.9214316600422644
0.5289758789021679,0.9488104325890988,0.20251713043814365,-7.219491094806879e-4,0.4400080956711274,Accept,"Gender, Age, ProgVar",1.3816284334346067,0.20251713043814365,-0.016545925116756635,0.42282313942190924,Accept,1.3561582802555983,Reject,Accept,0.7729107216204999
0.26594111113036334,0.7795259910511891,0.4588880682909056,0.23298136977702985,0.6232943574407998,Reject,"Gender, Age, ProgVar",1.6680452804660408,0.4588880682909056,0.2647486339340404,0.6678380640963313,Reject,1.628291424136089,Reject,Reject,1.2386824799311322
0.6460203050925909,0.7832550924653637,0.28959340443706993,0.11693445573721754,0.45078916865921725,Reject,"Gender, Age, ProgVar",1.3318445776195,0.28959340443706993,0.11085094654338537,0.4626281323931182,Reject,1.3341652313086931,Reject,Accept,0.8000651029163408
0.8510622664557456,0.8745331112043191,0.1724037750316534,-0.10170116918368528,0.3672854472977473,Accept,"Gender, Age, ProgVar",1.7564618618887584,0.1724037750316534,-0.052610942701600556,0.4145128358943061,Accept,1.7197785856832792,Reject,Accept,0.7851449957964387
0.541649256413785,0.7946197216358882,0.39108503160318453,0.2139235844737361,0.6036855240518603,Reject,"Gender, Age, ProgVar",1.5951811994005132,0.39108503160318453,0.19728684735078417,0.5896215517993166,Reject,1.6860090678338728,Reject,Accept,0.8951847056021163
0.7698873911391843,0.8529306946884406,0.22019483113780822,-0.05273922200915882,0.4206816244068576,Accept,"Gender, Age, ProgVar",1.2377680107172504,0.22019483113780822,-0.014373479939797984,0.4548520782489023,Accept,1.3888712261000122,Reject,Accept,0.14991695968235658
0.6457823911875631,0.7497484465039246,0.3017830152516777,0.08901448861419302,0.5556334943245903,Reject,"Gender, Age, ProgVar",1.8288231614454529,0.3017830152516777,0.07164022793491588,0.5232378814311142,Reject,2.0060208685602676,Reject,Accept,0.8959502390243143
0.1901313434647598,0.7559129873687341,0.37560273961767704,0.20854444819509374,0.6042090323120755,Reject,"Gender, Age, ProgVar",1.3602100726688184,0.37560273961767704,0.1750478297067044,0.5690066585238699,Reject,1.5030148160569141,Reject,Accept,0.6042996341475183
0.39964917489809654,0.8589577671261093,0.3122381086637661,0.08961596517614484,0.5193672981846007,Reject,"Gender, Age, ProgVar",1.2422975101153055,0.3122381086637661,0.09726497628736869,0.5257112717706681,Reject,1.2601602863161059,Reject,Reject,1.0778298603872407
0.5461753330495034,0.687360491206288,0.3830374098379743,0.20257052789266447,0.6223323866303365,Reject,"Gender, Age, ProgVar",1.9357346667636375,0.3830374098379743,0.18445468846813423,0.5842167688694845,Reject,1.892087130690549,Reject,Reject,1.1143106718143
0.6057148937297018,0.7702096981625423,0.3174819357583061,0.14512335055954254,0.509227852675673,Reject,"Gender, Age, ProgVar",1.849753836844298,0.3174819357583061,0.14484111424140483,0.4911952865810301,Reject,1.7266492775702564,Reject,Accept,0.5157516037739692
0.5113790511823019,0.8689964945443182,0.31611374948939214,0.0835788861742534,0.5452462967627519,Reject,"Gender, Age, ProgVar",1.400891760636712,0.31611374948939214,0.08182510126669716,0.5550025364796898,Reject,1.4028084037346016,Reject,Reject,1.2324894617149955
0.5029237237950284,0.9074094407936949,0.24049116504896137,0.05202401479701809,0.42407813599466104,Reject,"Gender, Age, ProgVar",1.00899210674048,0.24049116504896137,0.05800093939166096,0.43344022926749654,Reject,1.1506404482343344,Reject,Reject,1.094143418024307
0.7572647217257292,0.998454066420617,0.19605966534790986,-0.051917133414643934,0.4049888369815468,Accept,"Gender, Age, ProgVar",1.2297461104913798,0.19605966534790986,-0.032420156947771867,0.4088940735388752,Accept,1.379494924506311,Reject,Accept,0.6597803111323768
0.19308292665874002,0.7281021197048518,0.43210827731782425,0.3020281560083521,0.8078399112122707,Reject,"Age, ProgVar",1.5414640242791733,0.43210827731782425,0.20034361752459387,0.6521252118435222,Reject,1.2985946819877043,Reject,Accept,0.6379010107691147
0.7278995344695136,0.9630534067320502,0.05881955560640016,-0.11660113182796195,0.3247476210260764,Accept,"Gender, Age, ProgVar",1.4274674754388732,0.05881955560640016,-0.16797107912257658,0.27124119810277475,Accept,1.2441272004698627,Reject,Accept,0.704631523846085
0.7062148726567192,0.832239198379417,0.15829954948030803,0.05003436116065673,0.47128119807029933,Reject,"Gender, Age, ProgVar",1.9420951649782827,0.15829954948030803,-0.06490577048557065,0.37152178137309977,Accept,1.6376669308875904,Reject,Reject,1.29798210291531
0.6108972558842848,0.8419938793376476,0.1506598776418848,-0.06962191723327993,0.4706488716335436,Accept,"Age, ProgVar",1.4372983785726194,0.1506598776418848,-0.07372782039865566,0.3776571801317351,Accept,1.306995956310678,Reject,Reject,1.355545467641601
0.4338191335838972,0.8497860074809036,0.39591838125088835,0.16924528948001227,0.6129490382005853,Reject,"Gender, Age, ProgVar",1.6879930531845955,0.39591838125088835,0.17087970331828728,0.6307262697689119,Reject,1.6234600071716896,Reject,Reject,1.2993461012588234
0.7580111326747051,0.9175702601680445,0.1434106066753306,0.027402247796493664,0.33368733470825507,Reject,"Gender, Age, ProgVar",1.1864180944396014,0.1434106066753306,-0.004257382050254638,0.30260976749804225,Accept,1.3061493745720025,Reject,Accept,0.4491253625202229
0.8309489994026956,0.8647001883835457,0.20250836817715923,2.813697010321664e-4,0.37894103583679245,Reject,"Gender, Age, Outcome_BL, ProgVar",2.114272334817509,0.20250836817715923,0.017320669652527376,0.3996519540371695,Reject,2.1118846822917945,Reject,Accept,1.1318184014138242
0.5176395044865909,0.8156823643778882,0.3541885414121608,0.1717225066892316,0.595214043464285,Reject,"Gender, Age, ProgVar",1.6822325111244774,0.3541885414121608,0.12572506860812893,0.5746079731115644,Reject,1.6244919742284925,Reject,Accept,0.8003722006594262
0.4645400181866256,0.839453605996725,0.2653285558849348,0.09724448036113034,0.5263742516561154,Reject,"Gender, Age, ProgVar",1.4684907122822486,0.2653285558849348,0.051334057717663834,0.4781661531480377,Reject,1.6306285340130506,Reject,Accept,0.9870354903344245
0.7942337429717445,0.9278155287352141,0.1278492936135997,-0.11118151517055083,0.3500373714401956,Accept,"Gender, Age, ProgVar",1.6473474884101318,0.1278492936135997,-0.10515379006554074,0.3785560482576953,Accept,1.6876216092376786,Reject,Accept,0.80105707137132
0.2585366948122875,0.8508611918803493,0.3476604177981727,0.10656631320021016,0.59891151822251,Reject,"Gender, Age, ProgVar",1.3345543019460957,0.3476604177981727,0.10573734641008745,0.5800254077627955,Reject,1.4679991416683391,Reject,Accept,1.111255618825452
0.7142169176603905,0.8600454747326831,0.1619290456399824,-0.0075251135079405646,0.3877471607791179,Accept,"Gender, Age, ProgVar, X2",1.2619073397667182,0.1619290456399824,-0.01895275326956261,0.3562190930008556,Accept,1.3575492817925336,Reject,Accept,0.7304998585717181
0.5379365933448015,0.843941548274744,0.3076992588392164,0.1397654194700115,0.4568400110987798,Reject,"Gender, Age, ProgVar",1.5945032542643227,0.3076992588392164,0.13893482359977188,0.4645255232945986,Reject,1.6267934790387053,Reject,Accept,0.8310102212443572
0.8879043758933131,0.9389784860633182,0.07394411875240381,-0.08074337216433172,0.2986597209686078,Accept,"Gender, Age, ProgVar",1.4415921846454531,0.07394411875240381,-0.12053112211241421,0.2747808352918447,Accept,1.3670808806648744,Reject,Accept,0.24784254673012157
0.7749877200550179,1.0031394180232889,0.14178186283724958,-0.13887679368733416,0.33584416916893167,Accept,"Gender, Age, ProgVar",1.212342736614873,0.14178186283724958,-0.09996198780422871,0.3921711592142816,Accept,1.3332001799857485,Reject,Accept,0.6651164390350672
0.3013327449620007,0.8219473235029309,0.37700246800151255,0.19156143845402634,0.6225016888987069,Reject,"Gender, Age, ProgVar",1.575637893635039,0.37700246800151255,0.16275434178087966,0.5994903680441542,Reject,1.476581181448861,Reject,Accept,0.9554070460368619
0.06667741797788199,0.6760209170539763,0.4425509493711653,0.23828194293021132,0.6395273965295957,Reject,"Gender, Age, ProgVar",1.211992792091897,0.4425509493711653,0.22801558637040525,0.6519116615604074,Reject,1.4623629121300805,Reject,Reject,1.2379229270634444
0.5085624770064439,0.829489279132616,0.2959331271511583,0.14881940890786793,0.4835853814871804,Reject,"Gender, Age, ProgVar",1.7021871411614344,0.2959331271511583,0.12858305227143402,0.4633528890777738,Reject,1.5832652927280426,Reject,Reject,1.0806701366414173
0.4119247256499832,0.8541178306150574,0.20777418269054163,0.06589132629017677,0.5719605173705896,Reject,"Gender, Age, ProgVar",1.2042850462544268,0.20777418269054163,-0.04846302196385985,0.4642976738314339,Accept,1.449472849461647,Reject,Accept,0.5651788865111177
0.4424847875828727,0.8747425504708767,0.46362397538376265,0.1415097734576136,0.7369688184880264,Reject,"Age, ProgVar",1.7602618883300385,0.46362397538376265,0.21268839392286412,0.7205231079116913,Reject,1.6582644227133532,Reject,Accept,0.7819268986011048
0.43473450668174557,0.8294199780956633,0.28185563969337163,0.09092889133588603,0.5617639054683224,Reject,"Gender, Age, ProgVar",1.9924428546026929,0.28185563969337163,0.04242118692173479,0.51376374490923,Reject,1.8555565541463723,Reject,Accept,0.3829192680721903
0.27571906079252434,0.7917346523470322,0.41936357139532565,0.21105018721065216,0.660581246887796,Reject,"Gender, Age, ProgVar",1.9884918822034205,0.41936357139532565,0.20784870364236643,0.6532177381216419,Reject,1.6875647777239053,Reject,Reject,1.4852473968667517
0.39482125924099937,0.8265438368721489,0.5143591734846895,0.268275455725783,0.7433755504551967,Reject,"Gender, Age, ProgVar",1.6736482487414488,0.5143591734846895,0.25670863174505165,0.7399643903846895,Reject,1.6803118168012074,Reject,Accept,0.9062672982057401
0.29148230025138105,0.8282468634005067,0.3729710061836925,0.17726951190449844,0.596134773589591,Reject,"Gender, Age, ProgVar",1.324496183676053,0.3729710061836925,0.16466512240481007,0.5959366962156316,Reject,1.4836976121180074,Reject,Accept,0.3734109702541695
0.23002891434508335,0.8599259579725349,0.3711098013531454,0.18566190912755054,0.6364821043824952,Reject,"Gender, Age, ProgVar",1.5874972877071067,0.3711098013531454,0.15918711081597317,0.5763022917990719,Reject,1.5390190760461329,Reject,Accept,0.9875529859979363
0.3602440072261982,0.7957617847475945,0.2812917347786864,0.18941777468700513,0.5293298093224814,Reject,"Gender, Age, ProgVar",1.8794939881705932,0.2812917347786864,0.09984471503202949,0.44937774034041705,Reject,1.44326333072748,Reject,Reject,1.5620312226038497
0.5597950407577286,0.8731620717781787,0.23066643077307053,0.06053771823919715,0.46420853470892165,Reject,"Gender, Age, ProgVar",1.7429183031245452,0.23066643077307053,0.04928467311651879,0.42944251192502697,Reject,1.7467546226575852,Reject,Accept,0.9040984388951386
0.7307981436957209,0.9412422461552714,0.13353472105734784,-0.08459244127842573,0.33587701635411915,Accept,"Gender, Age, ProgVar",1.2564176188162266,0.13353472105734784,-0.06646689526119477,0.3493665562210136,Accept,1.3724253798684867,Reject,Accept,0.4986838578665833
0.48996981203699136,0.8029184362184612,0.3340287938553827,0.12680953501900344,0.5085916505631277,Reject,"Gender, Age, ProgVar",1.8142672688036392,0.3340287938553827,0.14685998050283605,0.5311971023680959,Reject,1.6714098533560957,Reject,Accept,0.6537153528780543
0.41263961929396625,0.8493047471303447,0.36412274311291376,0.16134791935532952,0.5599613767945225,Reject,"Gender, Age, ProgVar",2.0134641348864,0.36412274311291376,0.17899087623689788,0.5720509960598614,Reject,1.783786216593981,Reject,Accept,1.0180758877149465
0.8121780186179468,1.0540267741480782,0.03533515802432652,-0.14406481853370845,0.4427343120669027,Accept,"Gender, Age, ProgVar",1.225815989507955,0.03533515802432652,-0.2482495228622858,0.30552901352621537,Accept,1.6183965293140352,Reject,Accept,0.41519756203024716
0.763616343794039,0.8819999895880092,0.24195206143793377,0.052941742707383235,0.4602182347199263,Reject,"Gender, Age, ProgVar",1.4958845138097236,0.24195206143793377,0.043347514276976154,0.43957224448122423,Reject,1.708639895205161,Reject,Accept,0.7842922870061858
0.31056660958468,0.8906601927041256,0.27442328385485154,0.061157766637833975,0.4832181631311837,Reject,"Gender, Age, ProgVar",1.5289562563053973,0.27442328385485154,0.06142026061107905,0.48542573135501393,Reject,1.5841090636274675,Reject,Accept,0.819373136464889
0.6909038918413298,0.9476256758548887,0.1184994809442586,-0.09432454858492209,0.3077968797377687,Accept,"Gender, Age, ProgVar",1.596688929317688,0.1184994809442586,-0.08630398029388406,0.32085622008415265,Accept,1.6275178853789893,Reject,Accept,0.1995229249338226
0.6374691244188381,0.8864659094357503,0.13892814050961427,-0.05860645930998052,0.4126532225729237,Accept,"Gender, Age, ProgVar",1.5359660577708012,0.13892814050961427,-0.0916365359322423,0.37423776766459266,Accept,1.4852126754731076,Reject,Reject,1.3295198271714104
0.5253562401584041,0.8733903760712814,0.34078809411796146,0.15027550403962361,0.5838790837393475,Reject,"Gender, Age, ProgVar",1.7883745653237924,0.34078809411796146,0.12260375170573798,0.5619160142345726,Reject,1.717738698529287,Reject,Accept,0.7367966128631541
0.5405934797507285,0.9496078998674916,0.28973439968566306,0.05704019997158105,0.5764343349023501,Reject,"Gender, Age, ProgVar",1.228433444339763,0.28973439968566306,0.019883291327787902,0.5670606695972314,Reject,1.3474960570625607,Reject,Accept,0.8862242429724795
0.6663872476666609,0.9172622073873811,0.19187539526818861,0.032607276788411514,0.3896661222856116,Reject,"Gender, Age, ProgVar",1.5830699019366758,0.19187539526818861,0.01346245947780883,0.36708656911460275,Reject,1.6546098400495008,Reject,Accept,0.49031430464132747
0.834523154980421,0.9853848378490101,0.14268541782556105,-0.06869111959252923,0.40579110306744215,Accept,"Gender, Age, ProgVar",1.733296733718577,0.14268541782556105,-0.08128867776768814,0.3680560298104712,Accept,1.7094627698549911,Reject,Accept,0.9049865103952291
0.5342746669894263,0.8057092057580091,0.30853381587815676,0.10693891449758788,0.4910391161901325,Reject,"Gender, Age, ProgVar",1.5385652325085553,0.30853381587815676,0.1176602866079769,0.5075639988557961,Reject,1.384080384570478,Reject,Accept,0.907534003251568
0.5988043544881654,0.891495711619466,0.14861509925130395,0.038211721001379914,0.3544253108887309,Reject,"Gender, Age, ProgVar",1.2132899739610399,0.14861509925130395,-0.014771274955820875,0.303862137764692,Accept,1.4223877779186622,Reject,Accept,0.5593674837678559
0.733085804433734,0.7832254893769197,0.288141025253904,0.11505296694449468,0.4826677937346686,Reject,"Gender, Age, ProgVar",1.9347371644227298,0.288141025253904,0.11378453821761476,0.46259421961090974,Reject,1.7945729645090613,Reject,Reject,1.1992722079120077
0.7725929845742668,0.8966769005867864,0.1534044437389203,-0.07885742555115514,0.3983253036476801,Accept,"Gender, Age, ProgVar",1.7993468127080994,0.1534044437389203,-0.10820191191858394,0.37207369680288666,Accept,1.9062173887954654,Reject,Reject,1.2181720108115297
0.4497027508727518,0.8738369986313959,0.3478966993209373,0.14359101694517157,0.6144093291413912,Reject,"Gender, Age, ProgVar",1.2604423647150262,0.3478966993209373,0.14290348407889167,0.5800000513946638,Reject,1.3959743251745758,Reject,Accept,0.6244986559438765
0.08090955270027239,0.7804383036607238,0.5988398594684868,0.337248864407921,0.8522902101421606,Reject,"Gender, Age, ProgVar",1.240557952867982,0.5988398594684868,0.367507286824804,0.8542603836334621,Reject,1.382476463647776,Reject,Accept,0.9849406598850792
0.12512346889640855,0.8544198509538053,0.38939021606349744,0.2005780353185861,0.5635741454018314,Reject,"Gender, Age, ProgVar",1.6247954250089416,0.38939021606349744,0.2061590353879168,0.5839621833587271,Reject,1.5567359617878151,Reject,Accept,1.116655786622886
0.8633792637788248,0.7765736127375552,0.08552669623768401,-0.07341137431140488,0.3301810831714988,Accept,"Gender, Age, ProgVar",1.2510790227112643,0.08552669623768401,-0.10356355844483289,0.2911565290171565,Accept,1.3631869965867593,Reject,Accept,0.8494228840321826
0.0781265694610436,0.7556023301832059,0.5409763307868218,0.2705954354101571,0.8334644471863069,Reject,"Age, ProgVar",1.6781884379951808,0.5409763307868218,0.2997088323844088,0.7757943604826756,Reject,1.477437841879917,Reject,Accept,0.5436772303252847
0.6433511684678617,0.8701343061087667,0.33587856096963253,0.12399088253795561,0.6048951061911688,Reject,"Gender, Age, ProgVar",1.920118585991706,0.33587856096963253,0.1121867802169946,0.5666149907109261,Reject,1.8003132779228357,Reject,Accept,1.0425241978821222
0.9172031033788719,0.862884990542546,0.056187729423458684,-0.08173724868045645,0.31899243461378635,Accept,"Gender, Age, ProgVar",1.517785642364578,0.056187729423458684,-0.15894349848596123,0.27679966089030433,Accept,1.6553917720107572,Reject,Accept,0.30202013938339745
0.5968054297220646,0.8814957068667001,0.25353234032902877,0.06930100169040118,0.41927154373880265,Reject,"Gender, Age, ProgVar",1.6505761700793413,0.25353234032902877,0.07101050023011893,0.42830021388530437,Reject,1.5159403680015522,Reject,Accept,0.6415589790003318
0.5092281225815818,0.8136394518661679,0.4067824628023378,0.18266648755779868,0.6617511866234465,Reject,"Gender, Age, ProgVar",1.9760848562864586,0.4067824628023378,0.167453979940185,0.6386292050962666,Reject,1.813343550649691,Reject,Accept,0.9502914257582732
0.4551976627747831,0.840132741443751,0.39801816668586126,0.15960757114011712,0.5897457892800448,Reject,"Gender, Age, ProgVar",2.0958549946442333,0.39801816668586126,0.1747865851571323,0.6096247419001241,Reject,1.9299970202626935,Reject,Accept,0.4066146549493509
0.7538693464814202,0.8165743638822984,0.1814117232153207,-1.2884919111989107e-4,0.37179116897307296,Accept,"Gender, Age, ProgVar",1.2811740486258927,0.1814117232153207,-0.008366851223051405,0.36819561740270995,Accept,1.3658869865281453,Reject,Accept,0.948867152231502
0.38317415477975014,0.8896131310349181,0.24075524116489652,0.14186980009945266,0.5732056073718759,Reject,"Gender, Age, ProgVar",1.503145212148291,0.24075524116489652,0.01678120581027222,0.47851697520442654,Reject,1.4783626761774402,Reject,Accept,0.8139398151027606
0.598183659822445,0.8711267939161152,0.2329142724201181,0.06417182540367804,0.45676282400919294,Reject,"Gender, Age, ProgVar",1.6718586279549248,0.2329142724201181,0.03550939994225662,0.44480410034154366,Reject,1.4405429825736928,Reject,Reject,1.2015827686921383
1.013203055730532,0.9987955460262906,0.11882563473449395,-0.10334876587445607,0.4353630891195338,Accept,"Gender, Age, ProgVar",1.8454667694995741,0.11882563473449395,-0.1573508110826154,0.3622705433178551,Accept,1.6503902978488756,Reject,Accept,0.3503950082841247
0.6993128495758364,0.8654376180055529,0.2586701749363545,0.019806284504896396,0.4267190735269412,Reject,"Gender, Age, ProgVar",1.3914882315951238,0.2586701749363545,0.06430974691660976,0.4590730631089813,Reject,1.4041269514237353,Reject,Accept,0.4588489672320887
0.33521089737467324,0.6521555518058553,0.46556131178486737,0.2282167042808223,0.7374367517927722,Reject,"Gender, Age, ProgVar",1.5595852617187937,0.46556131178486737,0.2138066572766318,0.7251981805534318,Reject,1.617395572675271,Reject,Accept,0.9657288036395814
0.5434663805320099,0.9301297608769278,0.19396162112985527,0.00319208397779968,0.38366150985310105,Reject,"Gender, Age, ProgVar",1.2929985087453364,0.19396162112985527,0.001894023533247309,0.3807417794148266,Reject,1.2164777070562045,Reject,Accept,0.4465176873332922
0.4790197655729451,0.7367885822624198,0.3619891008852219,0.14169828581866895,0.5969123649693482,Reject,"Age, ProgVar",2.019185053978955,0.3619891008852219,0.14161079985106362,0.5785345208123289,Reject,1.8670710728059903,Reject,Accept,0.7189878763660054
0.6538469344130228,0.8731573773994372,0.17504443102213454,-0.08915292435320424,0.3567660167831929,Accept,"Gender, Age, ProgVar",1.2630677110193502,0.17504443102213454,-0.04358563443372313,0.3896559992743493,Accept,1.3309232434598828,Reject,Reject,1.1569235140603769
0.3339862832410923,0.7991406107153254,0.4115681447133182,0.23995248151596948,0.6318264542556512,Reject,"Gender, Age, ProgVar",1.2848194603046412,0.4115681447133182,0.23661550173173432,0.5851559580788733,Reject,1.3655312921702876,Reject,Accept,0.7231590007828891
0.2936034515744856,0.8430584766960992,0.2560704467921684,0.10174065281273473,0.5107710996094352,Reject,"Gender, Age, ProgVar",1.2125882071972496,0.2560704467921684,0.050143921059169,0.48385312206653924,Reject,1.2634949199057783,Reject,Accept,0.9109132532897192
0.7149784637574819,0.8446023258508548,0.19081588957791193,-7.597004010705746e-4,0.38906063316994266,Accept,"Gender, Age, ProgVar",1.1947298228399583,0.19081588957791193,0.006990002442100331,0.37461423530547233,Reject,1.3135873065888268,Reject,Accept,0.5657409289322117
0.6944211342828941,0.8614272287965782,0.18967044750847226,0.025334838928148723,0.4349574870088903,Reject,"Age, ProgVar",1.7893969949546713,0.18967044750847226,-0.012140990059196468,0.3760605760620618,Accept,1.8068110664511252,Reject,Accept,1.068808244464433
0.6641692663748571,0.8504705205206341,0.2821537663356646,0.09869626415641367,0.4847348201073784,Reject,"Gender, Age, ProgVar",1.4973503349761057,0.2821537663356646,0.08891591277457586,0.4612410005082615,Reject,1.5078580975877458,Reject,Reject,1.2955724342620012
0.5326178500006634,0.7973056536200122,0.25205963198356424,0.11850319662791188,0.4325083505033076,Reject,"Gender, Age, ProgVar",1.6407548942193455,0.25205963198356424,0.08819293946649309,0.39828810807026865,Reject,1.6053091613974326,Reject,Accept,0.6462687830434753
0.2921104713768091,0.8028833157831918,0.35050826158194637,0.16783982774096246,0.6632487360882983,Reject,"Gender, Age, ProgVar",1.343841076406768,0.35050826158194637,0.09453096177494279,0.5861887780991527,Reject,1.665591625783698,Reject,Accept,0.17831908918846814
0.6348041887423198,1.0414319723889813,0.19772289396834689,-0.017392127981062593,0.3884312237014995,Accept,"Gender, Age, ProgVar",1.6516738879231017,0.19772289396834689,-0.018209258558828476,0.4212364047403539,Accept,1.5619738803166192,Reject,Reject,1.0826189251265352
0.630205685986638,0.855917204607126,0.14090430315043484,0.014468340863604823,0.3756153886478378,Reject,"Gender, Age, ProgVar",1.5594064604865046,0.14090430315043484,-0.05200253088119355,0.3334826191599288,Accept,1.366262290341383,Reject,Accept,0.19312505478885353
0.8736280000968648,0.8809840068701583,0.20382919792636545,0.01688380625208849,0.3726843795993536,Reject,"Gender, Age, ProgVar",1.6227307233521844,0.20382919792636545,0.028789931670718305,0.4001134970343049,Reject,1.5546113270898914,Reject,Accept,0.675666326344475
0.6734612811746346,0.9605730017195507,0.22172545237213528,0.015375117200863889,0.44352232613303955,Reject,"Gender, Age, ProgVar",1.373164954947199,0.22172545237213528,0.006722224415773234,0.43829523318694236,Reject,1.4874229030388204,Reject,Accept,0.487281850951963
0.8003323972163252,0.9237252915055865,0.10805668724745726,-0.08285670510366035,0.29080040760530024,Accept,"Gender, Age, ProgVar",1.5573215497415653,0.10805668724745726,-0.07421768693166682,0.2871306350616652,Accept,1.5237769665778984,Reject,Accept,0.6381410505920195
0.6750799412512344,0.7704197555874293,0.2233868129953529,0.0668412005246187,0.36871925798129424,Reject,"Gender, Age, ProgVar",1.2376700945586885,0.2233868129953529,0.06384522197821466,0.3800068646287889,Reject,1.3732574404428908,Reject,Accept,0.06849172372100397
0.525355478796187,0.7127534998045281,0.21096403933997815,0.052719913376408585,0.5126514671998371,Reject,"Gender, Age, ProgVar",1.3469835090723339,0.21096403933997815,-0.03218928789420155,0.4274012165368643,Accept,1.3585207239153716,Reject,Accept,0.7465878810153272
0.39225294632891267,0.7906811127877255,0.3290706624406556,0.14138248438012196,0.5422556394643073,Reject,"Gender, Age, ProgVar",1.5027248340455361,0.3290706624406556,0.12302162254952982,0.5311094675973247,Reject,1.3772004505772955,Reject,Reject,1.2424744715072285
0.33828629591054454,0.8423079587892175,0.4527097501550217,0.14803434343528837,0.7090580955697121,Reject,"Age, ProgVar",1.5694292412946909,0.4527097501550217,0.19008419300031534,0.7043501962064171,Reject,1.4350018934797442,Reject,Accept,0.6378956723574125
0.8922589075144687,0.9395981343684118,0.12816583402380236,-0.12142554235610865,0.3334208069140753,Accept,"Gender, Age, ProgVar",1.3852651066648114,0.12816583402380236,-0.09943297221849186,0.35490046388187835,Accept,1.553285135288331,Reject,Reject,1.194368517970013
0.605610179603329,0.8523171405486931,0.2598563741782353,0.07169735550360035,0.47646286562521134,Reject,"Gender, Age, ProgVar",1.8183652970183442,0.2598563741782353,0.05593077303872698,0.4792582389820141,Reject,1.695150211123192,Reject,Accept,0.26533773174515435
0.5011648089365633,0.8429684208752897,0.2800913380675278,0.07657963362050306,0.4946068715081735,Reject,"Gender, Age, ProgVar",1.471574806508154,0.2800913380675278,0.07598371450544078,0.48891952043541326,Reject,1.381259206580323,Reject,Accept,0.877331916948395
0.8031600624157793,1.016470546613466,0.15678080281084433,-0.0450583006752469,0.36836738360953586,Accept,"Gender, Age, ProgVar",1.4347626502875173,0.15678080281084433,-0.040586776767633025,0.36719738357458753,Accept,1.403528927801448,Reject,Accept,0.8433309832750693
0.7506263954700042,0.8155030107229784,0.1275567606074332,-0.0445777305416037,0.3342838837173679,Accept,"Gender, Age, ProgVar",1.4861388948409162,0.1275567606074332,-0.05065530845254204,0.31077103710178516,Accept,1.548321811890248,Reject,Accept,0.5933873138777284
0.3404310352097579,0.7873780557630607,0.3128199222050436,0.15231978891378942,0.5619973408037271,Reject,"Gender, Age, ProgVar",1.65410439959119,0.3128199222050436,0.11229278918514683,0.520056884422835,Reject,1.510487759003217,Reject,Accept,0.8839741924167771
0.5733591337520151,0.8397206344232662,0.2532602042643005,0.049872992579774886,0.4601213296125655,Reject,"Gender, Age, ProgVar",1.5750752912951913,0.2532602042643005,0.06055118570923502,0.4474804360867499,Reject,1.4926095195514788,Reject,Accept,0.9301559689323876
0.5753385581764634,0.7628472003980707,0.3287428938293874,0.16373009190415141,0.5360046487553309,Reject,"Gender, Age, ProgVar",1.2910832449418992,0.3287428938293874,0.14985908543618032,0.5127234789359557,Reject,1.3669922031248622,Reject,Accept,0.939543669001534
0.30697081793523584,0.8625296226301735,0.3650341647808033,0.20767359762693746,0.6000526862523567,Reject,"Gender, Age, ProgVar",1.7375766585199466,0.3650341647808033,0.16683568593312648,0.5610141244365774,Reject,1.5519232782985888,Reject,Accept,1.0378876706864408
0.6159464263303942,0.7999693842245151,0.3886726775140454,0.19289645113647513,0.6083696782235645,Reject,"Gender, Age, ProgVar",1.831656665762589,0.3886726775140454,0.2085650237376818,0.5763154991121182,Reject,1.550192562760351,Reject,Reject,1.1973982405998562
0.664917768609247,0.8757193637621753,0.2776516733667617,0.06861712717590272,0.4654437019047577,Reject,"Gender, Age, ProgVar",1.5778964305965022,0.2776516733667617,0.06360070267161431,0.4920546676234649,Reject,1.5785682275988382,Reject,Accept,0.5910809212619917
0.22126084238057392,0.7811187022455205,0.37531731652186917,0.18698263789162728,0.5342921398876855,Reject,"Gender, Age, ProgVar",1.559898131916457,0.37531731652186917,0.19902039921468992,0.5465718010788607,Reject,1.582988613743491,Reject,Accept,0.6641791788647675
0.469301788262564,0.86209180189143,0.23769236925237422,0.03732483807078732,0.4494029809514729,Reject,"Gender, Age, ProgVar",1.1670401388564602,0.23769236925237422,0.049251736858885856,0.42646878784907716,Reject,1.3274345176046412,Reject,Accept,0.9210911198986796
0.6761648784613388,0.9164296132687052,0.2324853531102748,0.0394546475572168,0.4689861357261216,Reject,"Gender, Age, ProgVar",1.4429190805561911,0.2324853531102748,0.015492023521807466,0.4441408881573823,Reject,1.5479999048167628,Reject,Accept,0.261163090938995
0.6712894376504025,0.9832850872403543,0.09087526206339769,-0.10177037823634372,0.3335812109901899,Accept,"Gender, Age, ProgVar",1.3855524757087094,0.09087526206339769,-0.11520960613462487,0.27700029991762953,Accept,1.423589744389855,Reject,Reject,1.0840065623477975
0.4621079953852664,0.6863289261465163,0.3486015391375478,0.2183869066491255,0.5572320598017494,Reject,"Gender, Age, ProgVar",1.6994252208227567,0.3486015391375478,0.17494269257270256,0.5286540390743566,Reject,1.581531786910358,Reject,Accept,1.0583305263641318
0.7062636004740213,0.9118831207623705,0.22679238188895434,0.002508362123029252,0.4162297093316104,Reject,"Gender, Age, ProgVar",1.5543010473066463,0.22679238188895434,0.024827269518982932,0.43661361106386537,Reject,1.657525800827009,Reject,Accept,0.9085029362532966
0.8389410542258801,0.82917776503899,0.15388800406598946,-0.038735379199144285,0.3903376666892592,Accept,"Gender, Age, ProgVar",1.335439481010192,0.15388800406598946,-0.05326067963057057,0.3393351489714865,Accept,1.506022736665538,Reject,Accept,0.9931112922148709
0.861802429275006,0.9441634409511435,0.1518603272696895,-0.04465236629929186,0.4163599504049497,Accept,"Gender, Age, ProgVar",1.516627292989684,0.1518603272696895,-0.07658028763904808,0.3771154829413348,Accept,1.592339000824348,Reject,Accept,0.49470820350311007
0.2141759164297374,0.8862000332171512,0.4064358556459827,0.22545922198973015,0.6662641367931534,Reject,"Gender, Age, ProgVar",1.506020402839992,0.4064358556459827,0.17779499692574566,0.6285111743230363,Reject,1.538318503875728,Reject,Accept,0.4844339506943112
0.6511434442789071,0.9450355967684461,0.12448279534872832,-0.008888879392658863,0.3966092062939368,Accept,"Gender, Age, ProgVar",1.6260369428740824,0.12448279534872832,-0.09213519711001289,0.33377126201051466,Accept,1.3751908776943866,Reject,Accept,0.8436710177102631
0.08747610909113793,0.8084343190133002,0.4615618807803994,0.26505024005956035,0.6158935225376754,Reject,"Gender, Age, ProgVar",1.192189090787692,0.4615618807803994,0.28316855452329986,0.6363874927088461,Reject,1.3527452705360614,Reject,Reject,1.1325958031942258
0.5994613503743095,0.8121176804463236,0.3310388174309654,0.1530645942949407,0.4802264814722205,Reject,"Gender, Age, ProgVar",1.6228914793186242,0.3310388174309654,0.179024465943167,0.49141529674379214,Reject,1.5088482576109312,Reject,Accept,0.9760491380907538
0.2828296020455951,0.8042084586772574,0.41102604775315105,0.18084880490772834,0.6284259503597606,Reject,"Gender, Age, ProgVar",1.28556999756511,0.41102604775315105,0.18357447397409823,0.6227203921082548,Reject,1.444509972957241,Reject,Reject,1.1859726550989855
0.887993355065354,0.7786171114139305,0.158440185707553,-0.061203884780405435,0.36499746941197686,Accept,"Gender, Age, ProgVar",1.4895393427634211,0.158440185707553,-0.0538011086050707,0.37338919846378504,Accept,1.4984256524848174,Reject,Reject,1.004062132518996
0.7092173066820034,0.9984151566645333,0.23618395713169887,-0.009157935460944256,0.49225688375212784,Accept,"Gender, Age, ProgVar",1.4655324311829308,0.23618395713169887,-0.015509515651278491,0.4863745063412819,Accept,1.538989980632496,Reject,Accept,0.51473582324185
0.4059091820862537,0.936855188907588,0.1839949153689443,0.150224722385423,0.5640610792880373,Reject,"Gender, Age, ProgVar",1.569551482979356,0.1839949153689443,-0.013488475800900568,0.40205418408652527,Accept,1.4913324529201655,Reject,Accept,0.6277811619225402
0.5737624313374318,0.8373841381603819,0.21532784242773945,0.09065939693436574,0.44656007615831605,Reject,"Gender, Age, ProgVar",1.50107825341226,0.21532784242773945,0.017865144459816323,0.40889892842186115,Reject,1.6603466173149337,Reject,Reject,1.1150217236490485
0.6723418704264745,0.8552377351607294,0.31885880529439525,0.11509514948533921,0.554930136440231,Reject,"Gender, Age, ProgVar",1.718387931809019,0.31885880529439525,0.10025854232197479,0.5485157748372668,Reject,1.6504446786350837,Reject,Accept,0.9500542933608653
0.5338043070232995,0.8648731029867189,0.28804212987082445,0.10449387987536844,0.4599259301648897,Reject,"Gender, Age, ProgVar",1.4077876044412343,0.28804212987082445,0.10162095572385497,0.46949798075495686,Reject,1.5215332728839956,Reject,Accept,0.2802511835130225
0.7911805878764312,0.9241675069511769,0.18464378857702704,0.03413893500243007,0.3814363666984106,Reject,"Gender, Age, ProgVar",1.3832121409602107,0.18464378857702704,0.008630227208721704,0.34812499517827405,Reject,1.5594492296979499,Reject,Accept,0.9218928641261374
0.6992188945175603,0.8896638702932095,0.2198108740949251,0.035815428829267235,0.37883204182344293,Reject,"Gender, Age, ProgVar",1.2186920109669501,0.2198108740949251,0.051662173352561874,0.41430529469995536,Reject,1.398289326242449,Reject,Accept,0.4267232439948132
0.8665262960313616,0.8931227697758861,0.08755185529892291,-0.16647156813423272,0.3085722293599393,Accept,"Gender, Age, ProgVar",1.4161602654982701,0.08755185529892291,-0.13085562156565889,0.3211229538978994,Accept,1.573822511643411,Reject,Accept,0.5245034947221121
0.3493910514638292,0.880210928852118,0.3483361067834943,0.17818416983680863,0.6342892934145459,Reject,"Gender, Age, ProgVar",1.5889790231563847,0.3483361067834943,0.10688399774367574,0.5654554885168523,Reject,1.5613795656869645,Reject,Accept,0.6407802166188408
0.5464172009487168,0.8396000288292903,0.316621807002601,0.10102886675103284,0.5399792691421239,Reject,"Gender, Age, ProgVar",1.3935638757436246,0.316621807002601,0.10145907651615219,0.5260904461083206,Reject,1.514690626206616,Reject,Accept,0.5913669430347467
0.7525390929274575,0.8358283914266361,0.13589105313193559,-0.14794066502979325,0.4119144724613899,Accept,"Gender, Age, ProgVar",1.79552074163177,0.13589105313193559,-0.12674308064407663,0.4180497970341021,Accept,1.7163015954947998,Reject,Accept,0.3957890082558479
0.2966176181811946,0.8208142624398195,0.3447965846475132,0.18125012793563203,0.6014938854603407,Reject,"Gender, Age, ProgVar",1.412288866488044,0.3447965846475132,0.13545799672554723,0.5616553758113002,Reject,1.5404206938533513,Reject,Accept,0.4977198577540898
0.5352735590400414,1.0595349786999493,0.2330106188098263,-0.04699244324806372,0.5088506185239129,Accept,"Gender, Age, ProgVar",1.8045408428733294,0.2330106188098263,-0.060741926580203526,0.5214439908200986,Accept,1.8365011595881873,Reject,Accept,0.5875662578760134
0.8728707403268918,0.9213225820141485,0.16745485477953723,-0.06814395754567536,0.37904916091319135,Accept,"Gender, Age, ProgVar",1.567229610583525,0.16745485477953723,-0.06549053384790028,0.39545243634234883,Accept,1.5442481728172235,Reject,Accept,0.7640000246721667
0.804173335415282,0.9664205495828794,0.24150965240455324,-0.029660776330448953,0.41746305866893313,Accept,"Gender, Age, ProgVar",1.312595103452407,0.24150965240455324,0.026298810864092872,0.48104934250395504,Reject,1.3889965097787915,Reject,Accept,0.7670430513625283
0.382206588427372,0.8185088621372224,0.28212245333598834,0.06686485009120065,0.6098565770490729,Reject,"Gender, Age, ProgVar",1.2202602130485427,0.28212245333598834,0.00875593046489452,0.5719936911204274,Reject,1.4820073156898816,Reject,Reject,1.23769965019437
1.003449531763007,0.9771837127488964,0.010066038793505183,-0.26596877666470664,0.2870681931453115,Accept,"Gender, Age, ProgVar",1.4877777273632027,0.010066038793505183,-0.2728384340786044,0.3071265531206231,Accept,1.4793843993862743,Reject,Accept,0.7193625151260042
0.7617883813291016,0.9124075145287124,0.10048416084404764,-0.08104723932789504,0.26930999667795086,Accept,"Gender, Age, ProgVar",1.5634634215948637,0.10048416084404764,-0.0777465892673226,0.27652074420025113,Accept,1.684794636632161,Reject,Accept,0.19759187314999835
0.7775741166985685,0.7837371633814781,0.2773604666125984,0.06488696421633751,0.4599267175982922,Reject,"Gender, Age, ProgVar",1.3100981921715578,0.2773604666125984,0.07993107571655655,0.4779651815543312,Reject,1.4896153655910211,Reject,Accept,0.8982907075582873
0.471989772905261,0.8119253342065756,0.27313417933367057,0.12263566531829673,0.48350114719143417,Reject,"Gender, Age, ProgVar",1.6478299116604822,0.27313417933367057,0.08378912732203586,0.4474542622857467,Reject,1.506324036390491,Reject,Accept,0.964454193626599
0.5327224664812578,0.9743436386172462,0.2570835106664995,0.028362128493912786,0.45547007057986133,Reject,"Gender, Age, ProgVar",1.7661460105505111,0.2570835106664995,0.04076660574494133,0.46996072074312617,Reject,1.6982085383628727,Reject,Reject,1.2513727094436085
0.10996040443944952,0.8513583756172013,0.5258360400219804,0.25083516298826614,0.7902155284509639,Reject,"Age, ProgVar",1.3910695686301773,0.5258360400219804,0.2993939942402026,0.7608069430013301,Reject,1.437158510860177,Reject,Accept,0.6046410904591881
0.8295141701543112,1.0179035246853758,0.2565794478315517,0.012870447851611247,0.46892134508625793,Reject,"Gender, Age, ProgVar",1.5660120834280866,0.2565794478315517,0.02726790528747783,0.5112799472147064,Reject,1.4631009999168283,Reject,Accept,0.6153355957618794
0.6565649224078173,0.8154552591344275,0.21655771348920472,-0.0015982859143814226,0.44291498329467116,Accept,"Gender, Age, ProgVar",1.3308054978635695,0.21655771348920472,0.014365300843254054,0.40137952156297246,Reject,1.5010682404390872,Reject,Accept,0.5734405333782486
0.678575203473067,0.885433174704642,0.18413375052797462,0.005641475199457693,0.36857011838174925,Reject,"Gender, Age, ProgVar",1.3931372771279402,0.18413375052797462,-2.371955395583103e-4,0.36221532850037697,Accept,1.3845758403160753,Reject,Accept,0.6517863462292464
0.6240660544290785,0.9175837343524603,0.20076405724126145,0.04674910566990078,0.4286213379975242,Reject,"Gender, Age, ProgVar",2.1472098911593904,0.20076405724126145,0.011292952354358503,0.3765392155898823,Reject,1.8223893252706107,Reject,Reject,1.4042320543192108
0.6203922335300673,0.8619121259455134,0.2985295944195238,0.04913611503078631,0.5238370998555116,Reject,"Gender, Age, ProgVar",1.680520736115419,0.2985295944195238,0.08547453372555688,0.5197165052762034,Reject,1.6180468489313042,Reject,Accept,1.0125318450331968
0.5604257861296911,0.8559871337371776,0.2515215448966811,0.10658740279567086,0.44622146440769667,Reject,"Gender, Age, ProgVar",1.695214285535559,0.2515215448966811,0.09438125048477494,0.403601827128947,Reject,1.5895463471469176,Reject,Accept,1.0633545396868955
0.7459178023862844,0.8948520704496706,0.13039515317224795,-0.04380429932847612,0.3494672312169428,Accept,"Gender, Age, ProgVar",1.3889635425065001,0.13039515317224795,-0.060669069589138126,0.35488619306693303,Accept,1.4674560733106858,Reject,Reject,1.0508692475210297
0.8368686995129038,0.8980452409146401,0.16778693061840105,-0.03396057913477014,0.34730228302648203,Accept,"Gender, Age, ProgVar",1.6017051075939628,0.16778693061840105,-0.03252316264663151,0.35578108597175584,Accept,1.662391246346865,Reject,Accept,0.8152622372690871
0.6133678485740762,0.8919744053465714,0.2545921130955089,0.09601578081725501,0.48529237752765636,Reject,"Gender, Age, ProgVar",1.3309907427451113,0.2545921130955089,0.04497712601870826,0.4430009996620026,Reject,1.2611348908095765,Reject,Accept,0.8799845812238943
0.5712697463578135,0.7530909310977951,0.3357806115410499,0.11515899242721746,0.5326088042314844,Reject,"Gender, Age, ProgVar",1.6017018925548365,0.3357806115410499,0.11559322814357378,0.5387977801812945,Reject,1.6204894675872186,Reject,Accept,0.7719556872725638
0.313992400733302,0.8116266608802805,0.42888480569020754,0.279167273927659,0.6462900329559678,Reject,"Gender, Age, ProgVar",1.5805805512624258,0.42888480569020754,0.23884144136959798,0.6163880633251018,Reject,1.5805284228666443,Reject,Accept,0.7604176476589023
0.2672627409037012,0.7501368780094728,0.3951955786803854,0.2810398364833414,0.6932333510553234,Reject,"Gender, Age, ProgVar",1.4181721454215628,0.3951955786803854,0.1712677667584917,0.6100706795109287,Reject,1.4662590852392958,Reject,Accept,0.45396317563642263
0.7634900831049353,0.9794933953665749,0.2730359007924122,-0.06073380254107333,0.5364991690203881,Accept,"Age, ProgVar",1.723751350838877,0.2730359007924122,0.03997263340855062,0.5284214687428361,Reject,1.5789734535276387,Reject,Accept,0.33256119524151223
0.4379762963858826,0.8142454613555001,0.28584671333712797,0.057485530434824024,0.574363297682746,Reject,"Gender, Age, ProgVar",1.5392040708130947,0.28584671333712797,0.03210725283597448,0.53247888923408,Reject,1.42389621658077,Reject,Reject,1.0203531270845487
0.6042659720047926,0.8465009015914231,0.2561342833826649,0.13650774646757835,0.5267169889366909,Reject,"Gender, Age, ProgVar",1.7166135926107202,0.2561342833826649,0.03743152132981427,0.4724008496555834,Reject,1.545715321318505,Reject,Reject,1.0322978833826044
0.3614858387681065,0.7288963683063312,0.4216618357077106,0.2620935626059395,0.7099266916216703,Reject,"Gender, Age, ProgVar",1.899090929325083,0.4216618357077106,0.199939622843326,0.6484002606850575,Reject,1.8500444454506897,Reject,Accept,0.15127757200744998
0.46267935324287335,0.8191810038840736,0.32492281915898236,0.16105619120863546,0.5418892005095769,Reject,"Gender, Age, ProgVar",1.1810815221507145,0.32492281915898236,0.13955800202753382,0.520568991683834,Reject,1.147535695195493,Reject,Accept,0.3619895239357359
0.770605366533201,0.9068212936180022,0.17762610016841016,-0.01562528641975542,0.42333549928728187,Accept,"Gender, Age, ProgVar",1.5685253231289187,0.17762610016841016,-0.03436782191032827,0.3923708162294792,Accept,1.5102088075578217,Reject,Accept,0.35851378855135796
0.888756008173924,0.9676292812472574,0.10606460059104272,-0.0830689393128854,0.382946911937594,Accept,"Gender, Age, ProgVar",1.6930903783868487,0.10606460059104272,-0.12944068466647984,0.3461354636549756,Accept,1.5308813624247681,Reject,Accept,1.0444475586267736
0.853283334327152,0.8615708094176303,0.1409071028060055,-0.032825178798719566,0.3147272633329896,Accept,"Gender, Age, ProgVar",1.3921211613974362,0.1409071028060055,-0.034457286074726035,0.3082406891325881,Accept,1.5726376961771973,Reject,Reject,1.18270810813332
0.9515498445584026,0.9195197763625493,0.1269567185545571,-0.06398230234843327,0.2526350360696105,Accept,"Gender, Age, ProgVar",1.2824099964748663,0.1269567185545571,-0.020847126766624657,0.282312096784792,Accept,1.4515679079078965,Reject,Accept,0.35234882845092064
0.25002489279869394,0.7812429283409306,0.3830215499298568,0.21660697611933433,0.6130837388099806,Reject,"Gender, Age, ProgVar",1.4051353341471016,0.3830215499298568,0.19470105905511237,0.5773567259099797,Reject,1.415128632763992,Reject,Accept,0.8672875727091035
0.4734543918987144,0.7976254727400478,0.3351684087124982,0.1258454714884662,0.6103233696006475,Reject,"Gender, Age, ProgVar",1.8606647131519543,0.3351684087124982,0.0990076723637343,0.5729975441532607,Reject,1.5886399258869526,Reject,Accept,0.7513346304018863
0.5469933509423697,0.8199717535089448,0.19352558963773003,0.029644655973633277,0.4048890710170991,Reject,"Gender, Age, ProgVar",1.2968977908314088,0.19352558963773003,0.0033883585168218815,0.37612063170741244,Reject,1.3146755810258264,Reject,Accept,0.4870976172170596
0.8628268071335948,0.9778523458228214,0.06976239564112098,-0.1384981894010347,0.22344286075750963,Accept,"Gender, Age, ProgVar",1.176284267431097,0.06976239564112098,-0.11606683463920835,0.2751540323606568,Accept,1.330162359615914,Reject,Accept,0.22938049017920054
0.9730919162312884,0.9292215229380486,0.06564919518397395,-0.1259793922401288,0.2504314910761478,Accept,"Gender, Age, ProgVar",1.7071546655804541,0.06564919518397395,-0.11282987879752705,0.24747129342927596,Accept,1.73701436970702,Reject,Accept,0.6862814882385474
0.7557144805799649,0.9814864440463639,0.17568332402144546,-0.0425379077956739,0.3482743849921526,Accept,"Gender, Age, ProgVar",1.9100372812839148,0.17568332402144546,-0.039960043272911486,0.3673697445124924,Accept,1.5885741063108805,Reject,Accept,0.5720697174355057
0.3537505500582827,0.7675916926220254,0.3810482762971525,0.1752603267493425,0.581472320992539,Reject,"Gender, Age, ProgVar",1.4601721306439424,0.3810482762971525,0.1833819240674252,0.57672038933199965,Reject,1.4780629324760546,Reject,Accept,0.9640139213852231
0.6083007277172656,0.837779497550777,0.341034664920809,0.13039189082079036,0.5557548279181894,Reject,"Gender, Age, ProgVar",1.564995623767672,0.341034664920809,0.14628136121469776,0.5499560720895103,Reject,1.6881496425777107,Reject,Accept,0.9222058050781644
0.28184180434579575,0.8049528169662897,0.3874186128455553,0.17414309296500796,0.5889259860075654,Reject,"Gender, Age, ProgVar",1.1194167400403767,0.3874186128455553,0.1716741424147855,0.6004450039539474,Reject,1.3427761034044357,Reject,Accept,0.4645925000847854
0.5995944066827313,0.888882629947242,0.11643214222266468,-0.06189443771322417,0.3836932842963265,Accept,"Gender, Age, ProgVar",1.0113920994347052,0.11643214222266468,-0.07337242414349786,0.31454823094690737,Accept,1.297119411003037,Reject,Accept,0.7328800292275328
0.7334922644477796,0.9373034167826697,0.19149424123402292,0.00754595112226308,0.46728461268582583,Reject,"Gender, Age, ProgVar",1.6674245577191718,0.19149424123402292,-0.04352348771048481,0.43194890776506195,Accept,1.582540202001635,Reject,Accept,0.35098722241097685
0.43585242418139075,0.852772581016136,0.34122777444483765,0.14423442894862795,0.5765685023922544,Reject,"Gender, Age, ProgVar",1.5941223825209403,0.34122777444483765,0.12076496521342955,0.5726349535251649,Reject,1.383487884143974,Reject,Accept,0.561405106995762
0.6153766339640533,0.9532279199167571,0.26007263730464425,-0.04875820105283478,0.4554582024631567,Accept,"Gender, Age, ProgVar",1.504103292608694,0.26007263730464425,-0.009346523418864494,0.5096595252514984,Accept,1.4189126866455404,Reject,Accept,0.4857661606903398
0.3868444280541556,0.8922900848904725,0.31198426374030425,0.0984902244642937,0.5397237824703297,Reject,"Gender, Age, ProgVar",1.4392847657287877,0.31198426374030425,0.10670027755656863,0.5352607403601317,Reject,1.5942764486132495,Reject,Accept,0.5437923438096289
0.6427098445505853,0.8650941797276696,0.15616977598608225,-0.021287960673315655,0.3099108843973122,Accept,"Gender, Age, ProgVar",1.1139289271668684,0.15616977598608225,-0.008573472959259362,0.3232068207391069,Accept,1.1079972769939985,Reject,Accept,0.7887385885947849
0.20985800384807554,0.7860556377534971,0.3739035197297914,0.18655401472513106,0.6016454311295584,Reject,"Age, ProgVar",1.909328855666473,0.3739035197297914,0.17467773713482887,0.579766238183469,Reject,1.5779791657280529,Reject,Reject,1.0802092287995884
0.4520654907052129,0.786259097968343,0.3800571577308291,0.16688152987316598,0.5368338888511963,Reject,"Gender, Age, ProgVar",1.5343950473941554,0.3800571577308291,0.19677103517291572,0.5651861420150653,Reject,1.4045370339696397,Reject,Accept,0.9968623799093785
0.2782544383759033,0.7407738600816084,0.344874118115119,0.17369878574514525,0.5771312061442875,Reject,"Gender, Age, ProgVar",1.6367076321888399,0.344874118115119,0.13278071680466716,0.5435831790571765,Reject,1.4558917711444082,Reject,Reject,1.3780043454545534
0.4270552223375536,0.8585233555772661,0.25059455741485487,0.03675968923315823,0.43393870200376605,Reject,"Gender, Age, ProgVar",1.70171870870075,0.25059455741485487,0.06085070477257109,0.44807521651230897,Reject,1.5801852875341214,Reject,Reject,1.2636203860535817
0.363338557233704,0.8620107901230162,0.3612042806268505,0.1681674623856662,0.5455810471883422,Reject,"Gender, Age, ProgVar",1.4951314606063724,0.3612042806268505,0.17456654613471845,0.5532418808523168,Reject,1.3279097700706963,Reject,Accept,0.43855645492113354
0.198943415718451,0.7760657046283788,0.37674125241376033,0.18179645350308987,0.6050825731784587,Reject,"Gender, Age, ProgVar",1.68710245910472,0.37674125241376033,0.173259613111328,0.5777459977143274,Reject,1.7179837121679336,Reject,Accept,0.8312560911978234
0.7442544054631275,0.8808428950452337,0.11997662589849907,0.008054087373652702,0.3093466093805085,Reject,"Gender, Age, ProgVar",1.3044496377171535,0.11997662589849907,-0.03362385501050535,0.27631262596577777,Accept,1.309061112038003,Reject,Reject,1.167851539485669
0.5097983907540662,0.8306005662290398,0.26980027314277893,0.08107193760766063,0.5565512790708845,Reject,"Gender, Age, ProgVar",1.3800164942342306,0.26980027314277893,0.04867400018247029,0.4940549746365457,Reject,1.7054824401828697,Reject,Accept,0.2965943841990162
0.721588545387922,1.012085601822943,0.16884947120823765,-0.06815244892117123,0.35728234965728933,Accept,"Gender, Age, ProgVar",1.3601618447151438,0.16884947120823765,-0.037885245042996306,0.3790277765092805,Accept,1.4193738066290849,Reject,Accept,0.7872146568601659
0.4688181662781581,0.8338897360155717,0.3059502188576923,0.11450591331762527,0.5118637553576882,Reject,"Gender, Age, ProgVar",1.6571436821599752,0.3059502188576923,0.102054262615687,0.5031958332984777,Reject,1.5359134275768342,Reject,Accept,0.8498229325216732
0.8227965737891667,0.9037707231899471,0.06317299696304861,-0.0837614246005167,0.22618255712349553,Accept,"Gender, Age, ProgVar, X2",1.5406524793574496,0.06317299696304861,-0.08315412898741496,0.22760482840427548,Accept,1.5013701781192486,Accept,Accept,0.6624563433906213
0.6365886668612216,0.8492040561326741,0.33667287324480044,0.04736714777941234,0.548086638818943,Reject,"Gender, Age, ProgVar",1.4540250337322405,0.33667287324480044,0.0916610389259024,0.5826875478244702,Reject,1.4865748885316699,Reject,Reject,1.055107005206058
0.6892917949846696,0.9033615553010652,0.22252978374592333,0.01670143880868185,0.4908406050592,Reject,"Gender, Age, ProgVar",1.4958547947795071,0.22252978374592333,-0.026178008376677907,0.4600449945378747,Accept,1.5741407521638353,Reject,Accept,0.5887339378377102
0.628136481825665,0.9204845248461518,0.16874498112496725,-0.04282540941860666,0.3768145649141638,Accept,"Gender, Age, ProgVar",1.7133882975421024,0.16874498112496725,-0.04710837569067986,0.376375037439568,Accept,1.4853554464125676,Reject,Accept,0.5851279407992593
0.5656628206876442,0.8477673298072763,0.3930460890398364,0.11354324576640229,0.6006853972689914,Reject,"Gender, Age, ProgVar",1.9300051313122497,0.3930460890398364,0.1607804836987231,0.6152602851428547,Reject,1.7602708212101204,Reject,Accept,0.6258718796593734
0.3939189552753566,0.7513144181564875,0.39942787204136476,0.08952401616207936,0.6392757183438148,Reject,"Age, ProgVar",1.427069091014638,0.39942787204136476,0.17966317157333717,0.6297158587224393,Reject,1.4718254953617884,Reject,Reject,1.142861695770427
0.7414470420412855,0.8872683568285483,0.1669844176850672,-0.06604020908045541,0.3911496408235863,Accept,"Gender, Age, ProgVar",1.5025121833398927,0.1669844176850672,-0.06162864626836685,0.3868495328328999,Accept,1.4175707560386683,Reject,Accept,0.3700173810844691
0.3699289524790373,0.8091374118431721,0.30252115188721174,0.12237546886927399,0.4699263432814067,Reject,"Gender, Age, ProgVar",1.6292907622863309,0.30252115188721174,0.12594093201627596,0.481509122186448,Reject,1.6851310526051557,Reject,Accept,0.9541702022162742
0.5247814629533084,0.9454157183033829,0.1766724202315714,0.013509312382663652,0.4048219103368517,Reject,"Gender, Age, ProgVar",1.2865975538422572,0.1766724202315714,-0.019270030968305076,0.3589119930538235,Accept,1.2714059312215875,Reject,Accept,0.8678888462201851
0.6183882122628428,0.8994635370610298,0.13199517101397876,-0.02817898121279299,0.36157991536668,Accept,"Gender, Age, ProgVar",1.4741267413202446,0.13199517101397876,-0.06739972768497215,0.3306251947614817,Accept,1.4936015478961437,Reject,Accept,0.9078350116012835
0.3248493212874859,0.8046123711638955,0.37372294735035066,0.18205381067361145,0.553020588270645,Reject,"Gender, Age, ProgVar",1.531367129467003,0.37372294735035066,0.18193556327471913,0.5821555140087442,Reject,1.4423847989447691,Reject,Accept,0.8894058645623996
0.502502936840049,0.8717982790755486,0.30961820416998165,0.09738262515325247,0.5004091827692231,Reject,"Gender, Age, ProgVar",1.4419478589581243,0.30961820416998165,0.12164343035719921,0.5061594154737612,Reject,1.3883676861540377,Reject,Accept,1.0177414411799741
0.4018217050918166,0.8169836528880144,0.3391519160170591,0.13747879508050093,0.523255186045277,Reject,"Gender, Age, ProgVar",1.4500138281510941,0.3391519160170591,0.14967500778427534,0.5420584972412653,Reject,1.4488726026674315,Reject,Accept,0.5701580688004172
0.4241393552094087,0.8726037280021837,0.26642999438116716,0.044871034143396826,0.4919027646141606,Reject,"Gender, Age, ProgVar",1.624806253716563,0.26642999438116716,0.04835314174909852,0.4918919402182226,Reject,1.4964779756314426,Reject,Accept,0.7816632980349835
0.8048861209246779,0.9632472798786038,0.19532527954046736,-0.017483459559373447,0.4032778788781962,Accept,"Gender, Age, ProgVar",1.3347773097091584,0.19532527954046736,-0.013045211872218437,0.3999258942223687,Accept,1.5176697942620854,Reject,Reject,1.137454972399526
0.4248607243433724,0.8777241429040268,0.30887101427064306,0.12019584202768173,0.48676272358693334,Reject,"Gender, Age, ProgVar",1.2332057096392317,0.30887101427064306,0.13362448195984603,0.48379189390722876,Reject,1.535754460439473,Reject,Accept,0.985375911240862
0.11592573427223402,0.8140162509903831,0.4446596833620332,0.27433883677913695,0.6084960167625555,Reject,"Gender, Age, ProgVar",1.5213579715011567,0.4446596833620332,0.2681709311033953,0.627449637455565,Reject,1.5810440209855536,Reject,Reject,1.1118776094916272
0.54089382563345,0.8936373089084834,0.4242895635357013,0.17968594119868758,0.6794617548780559,Reject,"Gender, Age, ProgVar",1.639911913939857,0.4242895635357013,0.17044059156835992,0.6642967697167507,Reject,1.614689569986674,Reject,Reject,1.1379998981932524
0.49474741219515794,0.8385531522573748,0.2565827875679928,0.05765986705615382,0.4610969066160683,Reject,"Gender, Age, ProgVar",1.561611172463195,0.2565827875679928,0.039806860143651604,0.47167326000237014,Reject,1.507439725840348,Reject,Accept,0.5713117508409338
0.161254584705455,0.6823603077142827,0.5155071241131977,0.3575041440086763,0.7504180590122952,Reject,"Gender, Age, ProgVar",1.6060254271727654,0.5155071241131977,0.29598171502744797,0.7261630530405087,Reject,1.5766489341910292,Reject,Reject,1.1643234289919446
0.8300968387422869,0.8174382408315615,0.20275908766858858,0.021649008577454915,0.37089109033562767,Reject,"Gender, Age, ProgVar",1.1256291088190764,0.20275908766858858,0.01250747042771318,0.3873411549575715,Reject,1.4169144708870942,Reject,Accept,0.7977680226671678
0.4031136112504103,0.8728986255714923,0.3964775969209038,0.1526496307895121,0.6174594100717483,Reject,"Gender, Age, ProgVar",1.5867302885589476,0.3964775969209038,0.1491282220249679,0.6298999770239605,Reject,1.5362541760273474,Reject,Accept,0.4230606093206591
0.6554345087737196,0.8033858618945109,0.1980468010458884,0.056204878662887925,0.4117801634884208,Reject,"Gender, Age, ProgVar",1.437525324015214,0.1980468010458884,0.02359882253496439,0.3819886033082386,Reject,1.6261683349856009,Reject,Accept,0.759951075020541
0.3477324547860246,0.8100832674509653,0.3802789378133032,0.18148284324558833,0.5774452480965471,Reject,"Gender, Age, ProgVar",1.5005414698618857,0.3802789378133032,0.18100925565816417,0.5765361802634508,Reject,1.517239171331734,Reject,Accept,0.6501600484735977
0.4895089506595742,0.875042059563218,0.2646083206797578,-0.02281890092728454,0.5279789219466252,Accept,"Age, ProgVar",1.5753201740545952,0.2646083206797578,0.01762552648069257,0.5036318440410387,Reject,1.5288928359116334,Reject,Accept,0.4943293225124097
0.6628332888043104,0.9005100516591544,0.19110589760402502,0.03438029240532477,0.3454915050558706,Reject,"Gender, Age, ProgVar",1.7919833772347928,0.19110589760402502,0.028031782643390256,0.3529772780369918,Reject,1.438980131701915,Reject,Accept,0.5266320869832989
0.21588895911412673,0.8183986602783929,0.19651632891628615,0.1586565930713919,0.5576561226696415,Reject,"Gender, Age, ProgVar",1.0766600523573064,0.19651632891628615,0.001255423825894917,0.38158092962582535,Reject,1.401826969589975,Reject,Accept,0.8236969993706769
0.763921424237158,0.9063602259369495,0.15261216324677612,-0.038453584571361624,0.35881046552535373,Accept,"Gender, Age, ProgVar",1.658066611488749,0.15261216324677612,-0.04840004454151074,0.35744472654997217,Accept,1.5971831193745514,Reject,Accept,0.22153362613626373
0.7077887813090077,0.8440325834593234,0.34339752466101026,0.14424597505559333,0.5245054375027673,Reject,"Gender, Age, ProgVar",1.327497990041006,0.34339752466101026,0.15602057788084356,0.5421712159398391,Reject,1.3788435289818273,Reject,Accept,0.45967881302378505
0.6586484280834431,0.929670020896169,0.11754767066168804,-0.062088748309089024,0.3746013236991243,Accept,"Gender, Age, ProgVar",1.8353507414982733,0.11754767066168804,-0.10361420196428123,0.3318988669751503,Accept,1.615884658016585,Reject,Accept,0.8959707950327777
0.16097144483362494,0.8102882004016917,0.27176639815284137,0.11961526967213708,0.5145260777990053,Reject,"Gender, Age, ProgVar",1.7069731129300352,0.27176639815284137,0.07034701628821488,0.4787926565024517,Reject,1.471908510920202,Reject,Reject,1.1260799109789827
0.5922069474821477,0.7581190020499485,0.27855630711142193,0.044954230565316486,0.5051619563099705,Reject,"Gender, Age, ProgVar",1.6980339554784383,0.27855630711142193,0.044094707229559854,0.49967530958653505,Reject,1.5766690684648403,Reject,Accept,0.3177939983960481
0.23876181286294754,0.7331319506684808,0.45224434172986105,0.20770922465319552,0.6345841547894998,Reject,"Gender, Age, ProgVar",1.7688353014016682,0.45224434172986105,0.24591424365155445,0.6809656938486001,Reject,1.7327558321829921,Reject,Accept,0.9531738570999972
0.4936269671187722,0.8267866940414557,0.2867125217214606,0.09250155891860698,0.49079131466082043,Reject,"Gender, Age, ProgVar",1.43804016237794,0.2867125217214606,0.074547739571212,0.4784966453393216,Reject,1.571068083515692,Reject,Reject,1.4652958840111063
0.31788410640906223,0.741847363234106,0.4070564815161861,0.19146598774394108,0.5809163795934519,Reject,"Gender, Age, ProgVar",1.6203090271192837,0.4070564815161861,0.21475256754804034,0.606045513237976,Reject,1.3769625471243965,Reject,Reject,1.236728715249783
0.5635198063881632,0.8553762832423667,0.2981224713756972,0.10246442910204857,0.543755474126509,Reject,"Gender, Age, ProgVar",1.7954166324444003,0.2981224713756972,0.07735623186129362,0.5046370603212917,Reject,1.5747462353365385,Reject,Reject,1.1705816343139293
0.7666198542755145,0.8735406628240551,0.2328306699244428,0.029625888176701337,0.443422256483361,Reject,"Gender, Age, ProgVar",1.848047301116721,0.2328306699244428,0.037574212152014355,0.43451369103356596,Reject,1.759864361259918,Reject,Accept,1.0381489477843155
0.8274858617915174,0.8361218974257414,0.19627408600811988,0.052535252191525224,0.4182648828295392,Reject,"Gender, Age, ProgVar",1.32984949487212,0.19627408600811988,0.013173275096861524,0.3922692838845482,Reject,1.3772439276185056,Reject,Accept,0.2368484499978848
0.5448840003639488,0.8052973387142032,0.3287582265005146,0.1334686856412562,0.4938910766384629,Reject,"Gender, Age, ProgVar",1.504024723351811,0.3287582265005146,0.11834583347749414,0.5107248426303541,Reject,1.568474008197962,Reject,Accept,0.8414807386292582
0.23335786603944708,0.7979218515658121,0.5197829302169217,0.27881064006934864,0.6982457428317307,Reject,"Gender, Age, ProgVar",1.671426010516395,0.5197829302169217,0.3063260077416933,0.7302996976598264,Reject,1.508766445257732,Reject,Accept,0.9918511852673518
0.2583258673929659,0.8422058525719386,0.3676587948967765,0.2156321117814365,0.5216074429019619,Reject,"Gender, Age, ProgVar",1.5269116693913014,0.3676587948967765,0.21467933851233356,0.518361905149801,Reject,1.5385560610202094,Reject,Reject,1.2610376870691613
0.4753670404162413,0.8139366669201448,0.20514718712877889,0.07022493033528072,0.47183625237352467,Reject,"Gender, Age, ProgVar",1.582404296787584,0.20514718712877889,0.0032491753364875253,0.39805474243100875,Reject,1.2810951254133098,Reject,Reject,1.3570281345455337
0.6557286605364249,0.798875013007708,0.31591774790176397,0.1045214381521058,0.5264295332333017,Reject,"Gender, Age, ProgVar",1.8622399527956903,0.31591774790176397,0.08959635972824606,0.541308765448683,Reject,1.761414541615828,Reject,Reject,1.3327288459966442
0.4073375878454326,0.7986627194534883,0.32974119661119317,0.19039153476023105,0.5811100319523654,Reject,"Gender, Age, ProgVar",1.7165520909796843,0.32974119661119317,0.1435013212867232,0.5315038631756022,Reject,1.5540283167870848,Reject,Accept,0.6165327283685421
0.8078634801183184,0.9392442887873944,0.19639247637563975,-0.006403232736251235,0.45521099474837184,Accept,"Gender, Age, ProgVar",1.6053127282675856,0.19639247637563975,-0.022911301115417657,0.42450408847651866,Accept,1.6126001210587222,Reject,Accept,0.21022763794066446
0.6981412189421348,0.925501695925984,0.2415602111731518,0.056852140053827674,0.46306008050397546,Reject,"Gender, Age, ProgVar",1.8414364956555442,0.2415602111731518,0.041822906390694026,0.43081008175995344,Reject,1.7878920618716623,Reject,Accept,0.4210415685096293
0.4892642017358833,0.8124839226127075,0.25921770103651004,0.06476457243474527,0.4213219322655005,Reject,"Gender, Age, ProgVar",1.4559248580603787,0.25921770103651004,0.08813133948069221,0.4495229108724329,Reject,1.4553744537404347,Reject,Reject,1.3278867736637856
0.09590598492677974,0.7266064185182315,0.5667749197782009,0.35449744956042556,0.793654265497999,Reject,"Gender, Age, ProgVar",1.645712530391908,0.5667749197782009,0.32198541299600636,0.7941431549126237,Reject,1.571638530752422,Reject,Accept,0.8918497102063425
0.5180904455192713,0.7768003290455854,0.3516753389570037,0.1385244654553706,0.5968924669567441,Reject,"Gender, Age, ProgVar",1.6050585924893759,0.3516753389570037,0.15146375693854325,0.5782024462695313,Reject,1.726288980313338,Reject,Accept,0.9165843539300387
0.5356369462893945,0.8101736333974765,0.1946195255770023,0.06831648722337078,0.46462091988511434,Reject,"Gender, Age, ProgVar",1.1424554798533197,0.1946195255770023,0.00177798912433786,0.40699066007929924,Reject,1.2758247336575967,Reject,Accept,0.4170463349506938
0.6147639690530343,0.9025562486566884,0.2284276004433588,-0.0050813921914341365,0.4351142965772959,Accept,"Gender, Age, ProgVar",1.5267341719791134,0.2284276004433588,0.00491479168041551,0.4501506156115596,Reject,1.3824809362156345,Reject,Accept,0.5038583573490125
0.7909055084240975,0.8536939581688925,0.1419911857909605,-0.025693044070077824,0.38462503009585214,Accept,"Gender, Age, ProgVar",1.2016294791261812,0.1419911857909605,-0.0692820878072791,0.35371474668924335,Accept,1.310698547687002,Reject,Accept,0.06449385261737028
0.7611448142107448,0.9501901721004123,0.08866646610209063,-0.07725247804689203,0.2646199930577253,Accept,"Gender, Age, ProgVar",1.3249027524872041,0.08866646610209063,-0.0733263584472604,0.2605140415649787,Accept,1.2849324167046314,Reject,Accept,0.27692559962060626
0.34690556800998296,0.8229139804514247,0.32440510218841956,0.1829286458837702,0.6151059050184314,Reject,"Gender, Age, ProgVar",1.5200893312070054,0.32440510218841956,0.08982196701726683,0.5482535628832055,Reject,1.7016373903720936,Reject,Accept,0.8554300363731122
0.3735586041702296,0.814993006716789,0.3511128022541493,0.1585076896848398,0.5564168565890042,Reject,"Gender, Age, ProgVar",1.4750828381924352,0.3511128022541493,0.12310990315309943,0.5536058662527154,Reject,1.4273703636062525,Reject,Accept,0.8446042717660717
0.6008841186460621,0.8031933837110444,0.33508567794172506,0.1044844435613332,0.6266904865606417,Reject,"Gender, Age, ProgVar",1.9875168542412345,0.33508567794172506,0.07599725981760723,0.590662135141325,Reject,1.8440996628707886,Reject,Reject,1.4006520065378993
0.29221401283478665,0.8742659043388565,0.2927578210220134,0.08820648549924531,0.5575349855932515,Reject,"Gender, Age, ProgVar",1.666676690047453,0.2927578210220134,0.07018182535764175,0.5200765319108024,Reject,1.5608836992884578,Reject,Accept,0.6818886925541966
0.7628070774533618,0.8924229920844534,0.14940274967889577,-0.05522593550286784,0.3209270542452184,Accept,"Gender, Age, ProgVar",1.2149638580004785,0.14940274967889577,-0.02947905921450857,0.3474881973583831,Accept,1.33627442835995,Reject,Accept,0.9671234080872182
0.5298972931149173,0.7380886958537379,0.41576650956104666,0.2085773936689938,0.639335314231533,Reject,"Gender, Age, ProgVar",1.6783521369269783,0.41576650956104666,0.18754218247949617,0.6517721833516487,Reject,1.6049325304492548,Reject,Reject,1.114325115402768
0.8672187228827763,0.8732352004391201,0.1541660551633957,0.014899598358183608,0.3932276017171152,Reject,"Gender, Age, ProgVar",1.439256720684603,0.1541660551633957,-0.04176027964790967,0.36224672700218913,Accept,1.477520733974692,Reject,Accept,0.8866806072982399
0.15757195004831961,0.8100192746606556,0.3543633688746292,0.22514714341086134,0.5878980745128137,Reject,"Gender, Age, ProgVar",1.3971719505165483,0.3543633688746292,0.15956067327290788,0.5294783133700555,Reject,1.3036063050381153,Reject,Accept,0.8348172148174868
0.6320192856118826,0.9209788405433186,0.2809772924927191,0.07216601127011174,0.5317172629602527,Reject,"Gender, Age, ProgVar",1.8714653180945047,0.2809772924927191,0.03459608959622455,0.5074768481226765,Reject,1.8373199836556569,Reject,Accept,0.892896447859295
0.42864064249078654,0.844339477442564,0.2656459104290223,0.08952830776021933,0.4608088366898614,Reject,"Gender, Age, ProgVar",1.495031271468285,0.2656459104290223,0.0886812247846722,0.46759138668824907,Reject,1.4640896978344329,Reject,Accept,0.879541958273679
0.643245399010199,0.9249124260040957,0.25468334828589373,0.01447809891179612,0.46523023174174993,Reject,"Gender, Age, ProgVar",1.8363978626999282,0.25468334828589373,0.04005879315240603,0.4657214322579178,Reject,1.679481396366146,Reject,Accept,0.6054768306704941
0.7997525651022187,0.9765505072192285,0.1170040266268204,-0.12493038994874486,0.36034885998263433,Accept,"Gender, Age, ProgVar",1.63764228861695,0.1170040266268204,-0.10881261460387012,0.3708814300052892,Accept,1.3729727585896316,Reject,Accept,0.42041116828632397
0.6712363356682122,0.88443414560956235,0.1496696202029652,-2.6966829240858414e-4,0.36482360065537567,Accept,"Gender, Age, ProgVar",1.2880989511143353,0.1496696202029652,-0.037100123855197065,0.3158932030770928,Accept,1.4318330547659535,Reject,Accept,0.9964641569313248
0.7089111193557535,0.9254239930913433,0.2040430594519015,-9.326916565623421e-4,0.39511220972131583,Accept,"Gender, Age, ProgVar",1.4405471399831091,0.2040430594519015,0.015551196647053196,0.38806117396353373,Reject,1.5752645444997393,Reject,Accept,0.8511802272796063
0.5504554029168786,0.7738987439558707,0.2213549276575198,0.01135262080261544,0.5338178031549478,Reject,"Gender, Age, ProgVar",1.8257085872611807,0.2213549276575198,-0.0384056472215151,0.48998282229713036,Accept,1.6215402354860373,Reject,Reject,1.2299139346615255
0.683802120516624,0.9252099457798608,0.2201653264973153,0.060104454784497836,0.4474287142557404,Reject,"Gender, Age, ProgVar",1.3047280355697293,0.2201653264973153,0.02455465550962524,0.4256043911113526,Reject,1.4967342098251362,Reject,Reject,1.099749760690718
0.3701078089767767,0.7957045394208376,0.3653888503054643,0.15974747414259055,0.6166196131648157,Reject,"Gender, Age, ProgVar",1.4975836414145176,0.3653888503054643,0.12432232760543355,0.6026083941017735,Reject,1.4195001410272996,Reject,Accept,0.4862037633401389
0.4816232995575734,0.8938790944508985,0.2505367846317393,0.06046488426802567,0.5009820380488232,Reject,"Gender, Age, ProgVar",1.9792461447989373,0.2505367846317393,0.01404109789820783,0.4738606054039315,Reject,1.767829418782875,Reject,Reject,1.1808528060031176
0.5683389874782382,0.8247237973136974,0.30303825776009624,0.08987200787246277,0.5224003657341765,Reject,"Gender, Age, ProgVar",1.8016810308391518,0.30303825776009624,0.11278776302155631,0.5120835260755658,Reject,1.466914996674903,Reject,Accept,0.762392835134896
0.5851297915779577,0.8513269986070915,0.2962202571557651,0.04387651162348716,0.4805565536880251,Reject,"Gender, Age, ProgVar",1.9997043215796304,0.2962202571557651,0.09631278848100101,0.5097001948058316,Reject,1.6669778092839926,Reject,Reject,1.4363733922405613
0.4818370915359253,0.770425077360674,0.3117251908406719,0.06226279219542175,0.5067829747423187,Reject,"Gender, Age, ProgVar",1.6910363895389728,0.3117251908406719,0.07934137128461623,0.5264875396488973,Reject,1.7843807465039248,Reject,Accept,0.7184482452892307
0.846587330053296,0.9814159309121598,0.10187120029112072,-0.1042258816176169,0.28769347020134844,Accept,"Gender, Age, ProgVar",1.7837324110827635,0.10187120029112072,-0.11137333631143122,0.3066289678449382,Accept,1.7705360360170732,Reject,Accept,0.5847935964823127
0.6612374192258252,0.8239728539623282,0.273889169904302,0.036828983336444604,0.4770890516000134,Reject,"Gender, Age, ProgVar",1.3477512283478235,0.273889169904302,0.05430955456584398,0.4942247891979987,Reject,1.3009054966814952,Reject,Accept,0.906858280481272
0.4949771955447301,0.8654051988184112,0.21588457184434814,0.05063722890997833,0.40155095732864055,Reject,"Gender, Age, ProgVar",1.4880286007261951,0.21588457184434814,0.031459969852804026,0.38681437130726526,Reject,1.4648591462802474,Reject,Accept,0.8630373317951713
0.6860800941108431,0.8289408308347117,0.268374496026884,0.10042091394939517,0.4247199029711625,Reject,"Gender, Age, ProgVar",1.407094443185049,0.268374496026884,0.11084017528088555,0.4408551324641356,Reject,1.4975911796163117,Reject,Reject,1.2501381169928518
0.418724854628571,0.7886606339306191,0.47152080073547864,0.24774901596927498,0.7347429622411346,Reject,"Gender, Age, ProgVar",1.773142486647393,0.47152080073547864,0.2384899961183516,0.7030126791741179,Reject,1.7329736317635434,Reject,Accept,0.5980354226361605
0.3802085988042615,0.8486479865095512,0.3040587618742009,0.12154570059464433,0.5427416616881977,Reject,"Gender, Age, ProgVar",1.6020234405615656,0.3040587618742009,0.09829056226439793,0.5056777275646889,Reject,1.3881201841029744,Reject,Accept,0.7637867451812299
0.8411795374629193,0.8870676696776388,0.09349629462553258,-0.041200681005129657,0.30479120256179604,Accept,"Gender, Age, ProgVar",1.6548409628842518,0.09349629462553258,-0.07964972939011883,0.25198100833618575,Accept,1.6349169274627033,Reject,Accept,0.578389230025232
0.6162564787271952,0.8964248093780022,0.2905176779030106,-2.195907503359379e-4,0.5033348445895852,Accept,"Age, ProgVar",1.3387742312685615,0.2905176779030106,0.048656061687209845,0.527382960284386,Reject,1.4914818372963572,Reject,Accept,0.5219691220272982
0.7661802044827699,0.8730622514505619,0.18532026241423163,-0.008250465039340462,0.35894142957755243,Accept,"Gender, Age, ProgVar",1.2982185583766677,0.18532026241423163,0.018965028040438658,0.3609052639335757,Reject,1.3326623172019347,Reject,Reject,1.2578905301745507
0.48577817863489237,0.8444283495138245,0.2978937867960742,0.08823697910245588,0.5263810593639894,Reject,"Gender, Age, ProgVar",1.7040649874311393,0.2978937867960742,0.09039546802908931,0.5040830290397952,Reject,1.5602891995190786,Reject,Accept,1.0246190442548968
0.4811546882826261,0.8109769100137943,0.30615454617988586,0.11716120668842647,0.5093933715100939,Reject,"Gender, Age, ProgVar",1.7025123541055063,0.30615454617988586,0.10880911323626088,0.5056158585073132,Reject,1.7228519165631935,Reject,Accept,0.20686381803253417
0.4860013209083791,0.9181275187848079,0.29457039270914226,0.06581862473626711,0.5373801969954618,Reject,"Gender, Age, ProgVar",1.7127066846161327,0.29457039270914226,0.06334899175820172,0.5198641025845184,Reject,1.6602562481550276,Reject,Accept,0.5725745839516033
0.6670137982357763,0.8901477648800667,0.21702626478948267,-0.06130967120823115,0.404569014414033,Accept,"Gender, Age, ProgVar",1.7024541064610696,0.21702626478948267,-0.01931885059394449,0.45495651556115224,Accept,1.4678712258386009,Reject,Reject,1.3157446238798383
0.851876446292135,0.9550876279521385,0.04867902096729297,-0.13901228604003768,0.22571477164761902,Accept,"Gender, Age, ProgVar",1.7566131197846075,0.04867902096729297,-0.13941066098043858,0.22930483243908845,Accept,1.6293678254515058,Reject,Accept,0.7230489368862738
0.5340293525547454,0.8471863057301978,0.27908316553349005,0.06205544464893205,0.5042215890355659,Reject,"Gender, Age, ProgVar",1.3209509471582297,0.27908316553349005,0.06764854748154028,0.4846101766072396,Reject,1.4238707766145668,Reject,Accept,0.6602030073705232
0.4641378508397875,0.8000804380575919,0.3290937580806909,0.10314270014187651,0.4984586516608918,Reject,"Gender, Age, ProgVar",1.1929585780567569,0.3290937580806909,0.1487878486089133,0.5160422493086159,Reject,1.3744394939075126,Reject,Accept,0.8989562963222251
0.19174197362810327,0.7732971707829122,0.3918179325830734,0.22658762474402125,0.6426723256548311,Reject,"Gender, Age, ProgVar",1.7788104796846047,0.3918179325830734,0.1705190230667487,0.6088445047440677,Reject,1.5568336346558138,Reject,Reject,1.3804904071525819
0.47797844055133104,0.8675752220639192,0.25898952699456734,0.07279008749565977,0.4626018557950496,Reject,"Gender, Age, ProgVar",1.285995580958556,0.25898952699456734,0.06561232207986842,0.44502831105863627,Reject,1.373253706448185,Reject,Accept,0.3507707177230351
0.4113431407486339,0.8546274438970821,0.29417593706331757,0.10410032302906166,0.48585643328908246,Reject,"Gender, Age, ProgVar",1.3437491166868887,0.29417593706331757,0.08849600615704395,0.49593784495936954,Reject,1.4279871436476776,Reject,Accept,0.8150581313067465
0.7107597668943066,0.9494934549943543,0.21258618468177629,0.07102902841538491,0.3877165881823014,Reject,"Gender, Age, ProgVar",1.6195679675648378,0.21258618468177629,0.04036909050971771,0.3785221482725033,Reject,1.534799543306589,Reject,Accept,0.841547233911032
0.38708531885580777,0.8703834630869106,0.3070221457020391,0.09560616153755495,0.5848296639837258,Reject,"Gender, Age, ProgVar",1.3411110583785035,0.3070221457020391,0.07419623195282744,0.5302793815850753,Reject,1.4737214588753949,Reject,Accept,0.5369613181564202
0.5186813473003212,0.7756512560855818,0.3186453659822573,0.1292227310863288,0.5165721698158561,Reject,"Gender, Age, ProgVar",1.7273836319452718,0.3186453659822573,0.13412773848332485,0.5081480365587258,Reject,1.545218773472635,Reject,Accept,1.0998642700116301
0.10314392111812522,0.8092827826748923,0.39801131094220943,0.20529759750741663,0.6401638224816427,Reject,"Gender, Age, ProgVar",1.4309322757024654,0.39801131094220943,0.17406209836428918,0.6112990382709615,Reject,1.3622163505368132,Reject,Reject,1.2424257907833722
0.3728290695350152,0.824035906185973,0.3170484052660675,0.12097511294716062,0.5425197576573297,Reject,"Gender, Age, ProgVar",1.5061058686252138,0.3170484052660675,0.10416847713484417,0.5320059172641405,Reject,1.6503979280175523,Reject,Accept,0.4668487407280728
0.5247125574523702,0.8778512394190671,0.28370189898080467,0.03595550724968743,0.5032318085714433,Reject,"Gender, Age, ProgVar",1.5437642079434812,0.28370189898080467,0.03360559466215782,0.5340449311164254,Reject,1.512029747506482,Reject,Accept,0.7333287378445976
0.44145585544275884,0.7970373681376411,0.3327456922864713,0.15629680549450514,0.5173105163591344,Reject,"Gender, Age, ProgVar",1.4876566310331998,0.3327456922864713,0.15097417185887496,0.5055260374491799,Reject,1.366216710044322,Reject,Accept,0.7204389320738265
0.1421465366505643,0.8049979741578545,0.3828281180487738,0.2076311739583191,0.6134260827431678,Reject,"Gender, Age, ProgVar",1.6591692026009983,0.3828281180487738,0.17897160499123066,0.5750949740515673,Reject,1.630531768144739,Reject,Accept,0.44836479388611383
0.201055388586698,0.6825595376348758,0.42127032565080724,0.26788596710257445,0.7049920236374674,Reject,"Gender, Age, ProgVar",1.517439026435847,0.42127032565080724,0.20114609756779658,0.6260936529116619,Reject,1.4608493298629472,Reject,Reject,1.44516345858026
0.5840685297973377,0.8147219098565567,0.2562197676039416,0.08698230738436308,0.42393496061273944,Reject,"Gender, Age, ProgVar",1.7076245969370456,0.2562197676039416,0.08080089729567592,0.42422514647742815,Reject,1.5997881414923187,Reject,Accept,0.7835152464751146
0.459910314264889,0.7459229123870874,0.3076210173698253,0.12939657342149793,0.491834717442043,Reject,"Gender, Age, ProgVar",1.5258002700721378,0.3076210173698253,0.1367185590154149,0.4969661633988153,Reject,1.339856474563036,Reject,Accept,0.9705736402568106
0.6141649913936258,0.9461787986708297,0.16244488195651186,-0.09675264014911142,0.37143914095675945,Accept,"Gender, Age, ProgVar",1.4746639453798784,0.16244488195651186,-0.0737946838165379,0.39039577864614605,Accept,1.3972611937116621,Reject,Accept,0.7956677088175547
0.4937400766754846,0.8132803749773408,0.47332958063983127,0.2196001260380718,0.6355548388872954,Reject,"Gender, Age, ProgVar",2.0357749231538618,0.47332958063983127,0.26499713520157275,0.6709907856757584,Reject,1.6824118949319706,Reject,Accept,1.0563000946132588
0.6290001120478504,0.8239139148989185,0.21136617383710304,0.05448580032173693,0.4144847019064961,Reject,"Gender, Age, ProgVar",2.1079788286741152,0.21136617383710304,0.02816533891026635,0.3849502249437632,Reject,1.8366970586574825,Reject,Accept,0.8385195817687636
0.7285840016301195,0.9596471510146933,0.12347627505718323,-0.05966030756483655,0.350718341415097,Accept,"Gender, Age, ProgVar",1.6443800382893885,0.12347627505718323,-0.07302414286533453,0.3211189957024195,Accept,1.5670945284742979,Reject,Accept,0.9627743804516076
0.5927531949576678,0.8415149127095728,0.2711805066971777,0.12098333056737931,0.48301816056749386,Reject,"Gender, Age, ProgVar",1.401571744792082,0.2711805066971777,0.10972852696919655,0.44793712110435535,Reject,1.3944314075769766,Reject,Accept,0.5572754989338334
0.3862322097354005,0.7874028969801261,0.35309842713583384,0.15156970287665023,0.5519889943353075,Reject,"Gender, Age, ProgVar",1.601199618975776,0.35309842713583384,0.14195218912763252,0.5554997075559621,Reject,1.6284176328088193,Reject,Reject,1.6596301095277335
0.6448981235807549,0.7629597070752394,0.26855693094367894,0.11204530236520355,0.5039373117031337,Reject,"Gender, Age, ProgVar",1.572726424997165,0.26855693094367894,0.06476961623966271,0.46750393019325476,Reject,1.4571240240796581,Reject,Accept,0.7067871423680672
0.5444641765313672,0.8188910649555273,0.42789665275419564,0.19701218324898218,0.630384661382046,Reject,"Gender, Age, ProgVar",1.6570804643117163,0.42789665275419564,0.2037922113307575,0.6423739719418782,Reject,1.638136741334355,Reject,Accept,0.9977859330054701
0.30830930664375406,0.7914504607346163,0.37830029178747127,0.17274598285100312,0.6133470271932127,Reject,"Gender, Age, ProgVar",1.2615737744144655,0.37830029178747127,0.16001590653252673,0.5991565197079249,Reject,1.136123155534834,Reject,Reject,1.190456506300958
0.48947664570474225,0.8824988425858677,0.2909172338935932,0.02438674006096362,0.5706514011238705,Reject,"Gender, Age, ProgVar",1.560054525155479,0.2909172338935932,0.02017946881874831,0.5550558869833799,Reject,1.4455240542556893,Reject,Accept,0.5211246564044207
0.7147958919056309,0.8838851742499576,0.3466505508412557,0.1400254636382233,0.5636466435107214,Reject,"Gender, Age, ProgVar",1.7743579839611558,0.3466505508412557,0.1203040010720281,0.5759115388486971,Reject,1.826192414547872,Reject,Reject,1.2747361064369662
0.907608019526232,0.8619604550585125,0.15681088020308048,-0.013611603439746867,0.30386694503956807,Accept,"Gender, Age, ProgVar",1.3336804867572027,0.15681088020308048,0.004437308236038426,0.3171984825855436,Reject,1.4252900855408326,Reject,Accept,1.0820862213276825
0.4553009849789531,0.7773767948121161,0.3331843613551865,0.1909239889311602,0.6027170140702498,Reject,"Gender, Age, ProgVar",1.7598702750124378,0.3331843613551865,0.12998717465375395,0.5334153381479618,Reject,1.5732333465596282,Reject,Accept,0.8315140145862139
0.7133354416296752,0.9128290509924952,0.11603482125687793,-0.06591243780450307,0.3975050803777819,Accept,"Gender, Age, ProgVar",1.318504045257771,0.11603482125687793,-0.09563987518294882,0.3438645151072606,Accept,1.4276164099711535,Reject,Accept,0.6297068998303268
0.8467955438074067,1.0688511391896605,0.18137644152558394,-0.09672237684861335,0.4379037293194014,Accept,"Gender, Age, ProgVar",1.4919848951052486,0.18137644152558394,-0.0758239681211877,0.4381315914846334,Accept,1.5645293954627129,Reject,Accept,0.5439949436729072
0.6207162493371079,0.8024509819102237,0.37772119647092367,0.1930005405554957,0.5018398839822736,Reject,"Gender, Age, ProgVar",1.8715670343848734,0.37772119647092367,0.22640452899706082,0.5445087970024569,Reject,1.5941336141231577,Reject,Accept,1.0378953827515578
0.6058345207466723,0.8215146309436081,0.302076881916176,0.09639960410469178,0.5194381455586544,Reject,"Gender, Age, ProgVar",1.7583344885205008,0.302076881916176,0.10454909348946231,0.5078001209096404,Reject,1.6806115863369306,Reject,Reject,1.2378790442681573
0.5389276341974014,0.9562806884080063,0.16309281451937185,0.010777862275658467,0.3697270830872486,Reject,"Gender, Age, ProgVar",1.2195538789211888,0.16309281451937185,-0.020878283941447248,0.3388324973140183,Accept,1.242469055307184,Reject,Accept,0.769680978225829
0.8460819936532159,0.897381460788012,0.11863792773849789,-0.08512517243118554,0.34500792212100023,Accept,"Gender, Age, ProgVar",1.609703695668368,0.11863792773849789,-0.0949889742185423,0.3219369942219181,Accept,1.7148759363219555,Reject,Accept,0.6479012167788541
0.646543434604177,0.947560049545663,0.1557895942117184,0.04468138750563058,0.48394777210621287,Reject,"Gender, Age, ProgVar",1.3236491639346573,0.1557895942117184,-0.06488185071742929,0.3894316409468219,Accept,1.6856584163218093,Reject,Accept,0.48407102846882183
0.4771002903765632,0.8219140818850568,0.2785921809114153,0.14849350665563998,0.5171750827369177,Reject,"Gender, Age, ProgVar",1.9552680539201597,0.2785921809114153,0.08876231588770213,0.46449863850585016,Reject,1.713527382676791,Reject,Accept,0.7522464247022093
0.5526077093092624,1.0147156722113029,0.26579598306803753,0.03140011827729915,0.5569403339521077,Reject,"Gender, Age, ProgVar",1.538637655329286,0.26579598306803753,0.015106295680866452,0.5281992445369139,Reject,1.478591548940321,Reject,Accept,0.7627967051550426
0.3562787885542076,0.8357892965758649,0.3370888052471517,0.1115596414663519,0.5684326432273105,Reject,"Gender, Age, ProgVar",1.4560387285021625,0.3370888052471517,0.1282863868737475,0.5606208319111873,Reject,1.4400785876658901,Reject,Accept,0.7156127584037606
0.8603771748061004,0.9858936131791293,0.13747414813999326,-0.15801620240426031,0.37677603645610697,Accept,"Gender, Age, ProgVar",1.7392288344210984,0.13747414813999326,-0.10216998980378353,0.38432175585140754,Accept,1.7889418908722146,Reject,Accept,0.7352366398197234
0.5681072329375929,0.926026684617172,0.40855696671182296,0.10159845032438344,0.5114149268902228,Reject,"Age, ProgVar",1.7716375574883316,0.40855696671182296,0.23015975700241953,0.5853230885690668,Reject,1.678636910434649,Reject,Accept,0.8704997246949338
0.397253330451036,0.7540824836087399,0.3636229815396419,0.1782134712250435,0.6128053661782706,Reject,"Gender, Age, ProgVar",1.3849424883921129,0.3636229815396419,0.1377167193989929,0.5633066530055402,Reject,1.4477677198433165,Reject,Accept,0.7046880281457513
0.7794940377599789,0.9602849174001116,0.13967904083363353,-0.05256819353846943,0.3791715256033682,Accept,"Gender, Age, ProgVar",1.8067507956080773,0.13967904083363353,-0.08948351866280042,0.3780020416230493,Accept,1.6886953090354302,Reject,Accept,1.127961286639438
0.24458476014660938,0.7461080853150308,0.4380098369886552,0.24990965891857847,0.6571064394323216,Reject,"Gender, Age, ProgVar",1.5897006872301764,0.4380098369886552,0.2131457687344518,0.6527168879076292,Reject,1.5583663237650842,Reject,Reject,1.4089272460741493
0.7974683446525331,0.864473153366689,0.24425973437326962,0.04063869110053936,0.40862943351826014,Reject,"Gender, Age, ProgVar",1.8022660045754757,0.24425973437326962,0.053439327844717305,0.4417422075047613,Reject,1.5606865523170816,Reject,Accept,0.6488467469101222
0.8166124629425451,0.8454110872147421,0.2589420420101503,0.03045941356882463,0.49870154823306806,Reject,"Gender, Age, ProgVar",1.9126025442634411,0.2589420420101503,0.043536518944034173,0.48527581926646113,Reject,1.9598812559503247,Reject,Accept,0.2857969986595682
0.3988557876764405,0.78221279389108,0.45999572087342333,0.2767354671598514,0.6224269957213455,Reject,"Gender, Age, ProgVar",1.697978608881363,0.45999572087342333,0.28454088228803565,0.6378897765073753,Reject,1.5775661589158794,Reject,Reject,1.3724732458461433
0.49778381345476286,0.7938995005202597,0.3505513373420928,0.19593990980089437,0.5317826685426223,Reject,"Gender, Age, ProgVar",1.7588878929142693,0.3505513373420928,0.1723670373260265,0.5104601653650841,Reject,1.6594394167334294,Reject,Accept,0.8796824311185688
1.0858192087461411,0.8924511929127619,0.10800530818307237,-0.14760002553648047,0.3681177545930724,Accept,"Gender, Age, ProgVar",1.604967571227497,0.10800530818307237,-0.1508601209898682,0.3664876046280564,Accept,1.5231103537587938,Reject,Accept,0.11762083371847298
0.7280186679568608,0.901170965181858,0.1941684823120124,0.006066882305857821,0.3114218626305485,Reject,"Gender, Age, ProgVar",1.1574876450378897,0.1941684823120124,0.0429425330535739,0.3322857454344629,Reject,1.3280084466409405,Reject,Accept,0.9907299881920613
0.7182267741050081,0.8413848054146361,0.25266813291626644,0.05675846722268019,0.4897123819067106,Reject,"Gender, Age, ProgVar",1.6572644328746444,0.25266813291626644,0.041506615546081524,0.47348794810244693,Reject,1.6655204913483175,Reject,Accept,0.8261956751063007
0.558420142604413,0.9253769101882535,0.1930616289176615,-0.004893248367850052,0.4835321823911969,Accept,"Gender, Age, ProgVar",1.5615656031481928,0.1930616289176615,-0.036593665193127733,0.42382177516784664,Accept,1.4494697710631848,Reject,Reject,1.135098340552139
0.37130830793853736,0.7977743631689956,0.4208840116880324,0.2535554394108673,0.6083217061233684,Reject,"Gender, Age, ProgVar",1.7437876609192613,0.4208840116880324,0.22728405803260865,0.6202273576478897,Reject,1.5188986318129627,Reject,Accept,0.832212452502507
0.9367326725505625,0.8622168997957111,0.06381151866437496,-0.14818646787161938,0.30187862269687166,Accept,"Gender, Age, ProgVar",1.638342446254246,0.06381151866437496,-0.15425464960311047,0.28502386905432087,Accept,1.6605667016818526,Reject,Accept,0.1122800695882504
0.25957990944636744,0.8283858273369693,0.3011844113891393,0.10937060457269886,0.5623134792580572,Reject,"Gender, Age, ProgVar",1.2725214009899737,0.3011844113891393,0.07865957678514103,0.5240255729486777,Reject,1.2930741497096359,Reject,Accept,0.7494608371743262
0.6968107672297968,0.8592184786135629,0.16270729738742934,-0.020346292116911996,0.3678109445949531,Accept,"Gender, Age, ProgVar",1.1064242295676363,0.16270729738742934,-0.016155763157148957,0.3379432325680422,Accept,1.3140955329933761,Reject,Accept,0.866293195867056
0.5245322058931619,0.8413812577226066,0.1582142786761596,-0.06278239415350952,0.44862746383814905,Accept,"Gender, Age, ProgVar",1.2714354790397515,0.1582142786761596,-0.09473431026563572,0.40670630774304317,Accept,1.4168746562762384,Reject,Accept,0.7486330241678935
0.25870587489459446,0.7820079366369735,0.3584789487388475,0.21383867564478198,0.5975629094366892,Reject,"Gender, Age, ProgVar",1.6932899003520916,0.3584789487388475,0.1790529232148761,0.5422294827243932,Reject,1.8993565874528349,Reject,Accept,0.6541838181665566
0.22507570954378558,0.8109776035581788,0.4181241201220422,0.19963384982075544,0.6640834077489619,Reject,"Gender, Age, ProgVar",1.5217996305393802,0.4181241201220422,0.1739038890311597,0.6692080390900805,Reject,1.4411013631310323,Reject,Accept,0.6479833071068669
0.024246787123661157,0.8255640305738499,0.48817168546877204,0.2550961883498668,0.7713202621910002,Reject,"Gender, Age, ProgVar",1.8699982601183356,0.48817168546877204,0.22127471481402064,0.7513591694611413,Reject,1.5637820289175977,Reject,Reject,1.1773821494188517
0.6999716616785727,0.9027787048801041,0.11121534237529536,-0.02072134852919153,0.36923229537000757,Accept,"Gender, Age, ProgVar",1.6403430032970379,0.11121534237529536,-0.07384031425236358,0.2960378015570165,Accept,1.3468452717269832,Reject,Reject,1.2488601492735352
0.34278170021793164,0.8409204492368592,0.37702655750658953,0.16880609252547477,0.592698464162188,Reject,"Gender, Age, ProgVar",1.6102144878469489,0.37702655750658953,0.18947668410555565,0.5699542839340758,Reject,1.6885819961554192,Reject,Reject,1.2986356166442168
0.8283059682366466,0.8878926694058696,0.24732644699592815,0.028400185266485967,0.4040072604176085,Reject,"Gender, Age, ProgVar",1.4519041643598962,0.24732644699592815,0.06790489771855082,0.4340645916652527,Reject,1.4673295346611726,Reject,Reject,1.2308994687939956
0.37753086387121504,0.8468746613518666,0.17006601772724705,0.0017155244713906795,0.48459591829540993,Reject,"Gender, Age, ProgVar",1.4919541947010015,0.17006601772724705,-0.09172623991079043,0.43203302426579016,Accept,1.3824580762973846,Reject,Accept,0.16059382876801792
0.5395552687077717,0.8927522739380838,0.22861032624585242,0.019768967240559453,0.45618291336411654,Reject,"Age, ProgVar",1.5031463887045726,0.22861032624585242,0.03811592110464686,0.43381842242935803,Reject,1.509931568125609,Reject,Accept,0.21790183165798177
0.8114771056770687,1.0454808678590788,0.08699653726823976,-0.14167597118276748,0.3214240844937573,Accept,"Gender, Age, ProgVar",1.239539050345537,0.08699653726823976,-0.14644623564975698,0.3233438274780962,Accept,1.4494769269085968,Reject,Accept,0.5811177033411645
0.8086934775514163,0.8773348858278094,0.22973435016344143,-0.02404777869696636,0.41764876580717936,Accept,"Gender, Age, ProgVar",1.8484568291206034,0.22973435016344143,0.02860743319506913,0.45398834188569087,Reject,1.6412306690667022,Reject,Accept,0.7829452725967648
0.4269241691072774,0.8398227431315914,0.32920187570617054,0.15189635596563741,0.5451680180116151,Reject,"Gender, Age, ProgVar",1.3710869571759217,0.32920187570617054,0.14878709671789672,0.5263893390388119,Reject,1.3775667584781872,Reject,Accept,0.6036089530496377
0.48896758136163954,0.9319713217620237,0.2826948826940261,0.0922985741766926,0.5337109487137357,Reject,"Gender, Age, ProgVar",1.368318405970594,0.2826948826940261,0.05186075143520258,0.5054562157164044,Reject,1.3995235883441328,Reject,Accept,0.6799865359179212
0.3601812288635423,0.7464049977157114,0.39994485990287043,0.20771212217776303,0.6229965235126309,Reject,"Gender, Age, ProgVar",1.7213350052078247,0.39994485990287043,0.18984237451969876,0.6082742088654174,Reject,1.7651874444887996,Reject,Reject,1.1402732210087276
0.7315456130455718,0.8736814520661763,0.24880249366419388,0.0849345797390742,0.44415606113886175,Reject,"Gender, Age, ProgVar",1.6170906966237637,0.24880249366419388,0.055428055904793536,0.43068755988957996,Reject,1.5819865294177606,Reject,Accept,0.7819409004725747
0.4928178853276249,0.8241947975110389,0.3615616269933658,0.08609873070867938,0.5645437756356418,Reject,"Gender, Age, ProgVar",1.6096136770546314,0.3615616269933658,0.1356523009730355,0.58877603053441,Reject,1.7612638998812824,Reject,Accept,0.4835690539623835
0.6628457883823937,0.8536318377113523,0.43103108997717227,0.15006148266567704,0.6973652019395702,Reject,"Gender, Age, ProgVar",1.8176704902824694,0.43103108997717227,0.15363891270856275,0.701227634680111,Reject,1.7461471281720298,Reject,Accept,1.0336373354005484
0.6395244421870924,0.9187684683187868,0.34645741330354685,0.09256276506267323,0.5696303586467651,Reject,"Gender, Age, ProgVar",1.6621282410699931,0.34645741330354685,0.10350654814772987,0.5958441836373036,Reject,1.599516421269184,Reject,Accept,0.7781790519052848
0.333857978060152,0.8246024588177329,0.2739149863088555,0.11151491645879105,0.4939236326123103,Reject,"Gender, Age, ProgVar",1.6767199815349612,0.2739149863088555,0.09153112315749565,0.4450969556377879,Reject,1.5025718162460415,Reject,Reject,1.3222751065139835
0.42070690844038117,0.7510848761176542,0.3578799736416311,0.2075222598974703,0.6752204404669427,Reject,"Gender, Age, ProgVar",1.7507578807644972,0.3578799736416311,0.1479514451918969,0.5846497935326059,Reject,1.9822179747186999,Reject,Accept,0.7579898668498
0.45149505442421817,0.9617990292754806,0.34570048460323277,0.13986180687232083,0.6198136177464226,Reject,"Gender, Age, ProgVar",1.4338663949079775,0.34570048460323277,0.10439580081445067,0.5695420789020962,Reject,1.6208895206569065,Reject,Accept,0.3196841484189126
0.5104584165867985,0.8357270463029903,0.28051310571523036,0.060859237300430136,0.47350469809935725,Reject,"Gender, Age, ProgVar",1.422894140706745,0.28051310571523036,0.0683866611707138,0.4984001578194312,Reject,1.4490440461055265,Reject,Accept,0.7555370470242634
0.489066449748584,0.8172982179834213,0.2933709124270646,0.05749751513048204,0.5159927115438766,Reject,"Age, ProgVar",1.4379583556372355,0.2933709124270646,0.09853076037603416,0.5068183701718085,Reject,1.3277054641240504,Reject,Accept,0.4036110400994604
0.5447480226999032,0.8837531500271267,0.24922631058300587,0.05245768232349607,0.5437923217996344,Reject,"Gender, Age, ProgVar",1.5422132837647848,0.24922631058300587,0.02212387560600626,0.4997704079263731,Reject,1.7295322189321016,Reject,Accept,0.2960256201091269
0.6777954435449145,0.946470713380085,0.36554619376912467,-0.020789769567808633,0.5920177696456737,Accept,"Gender, Age, ProgVar",1.7386274867623877,0.36554619376912467,0.05666907665013504,0.6429870078708064,Reject,1.6716787653300202,Reject,Accept,0.5040042764911675
0.4665043836925938,0.8990817083599488,0.3170696728741886,0.09894579185432723,0.5149557649232865,Reject,"Gender, Age, ProgVar",1.3853926976199984,0.3170696728741886,0.11866605771772962,0.5196458883894348,Reject,1.3152294756827967,Reject,Accept,0.3583953864318131
0.3848645468773006,0.8574675589586293,0.336716385499164,0.16182362210889784,0.5010026471467229,Reject,"Gender, Age, ProgVar",1.651883598350424,0.336716385499164,0.14834145099470833,0.5220581822479611,Reject,1.486445905853002,Reject,Reject,1.159071861846723
0.6368526000974295,0.8869795216659001,0.2999072114460171,0.057974553644042436,0.4664171105003232,Reject,"Gender, Age, ProgVar",1.247039422272386,0.2999072114460171,0.09692280909639461,0.5006448038113117,Reject,1.4804016470751717,Reject,Accept,0.5880874766902107
0.31431479303856047,0.8794449204795449,0.2406413882904033,0.06280943186177243,0.5586682102172538,Reject,"Gender, Age, ProgVar",1.6045194481674778,0.2406413882904033,0.01094899778347002,0.47477362983711213,Reject,1.6088796394244524,Reject,Accept,0.8684759030905562
0.22755468420211658,0.7373431018657659,0.5035779997358713,0.3098674528596685,0.7151751909097862,Reject,"Gender, Age, ProgVar",1.5722318735591498,0.5035779997358713,0.292262196116402,0.7144692734729046,Reject,1.5008437833000599,Reject,Reject,1.2304271306363777
0.9478761119220994,1.068139734107869,0.0525666834552416,-0.20197845478558069,0.22798310875455435,Accept,"Gender, Age, ProgVar",1.300248046971596,0.0525666834552416,-0.16411603409769532,0.2762074210327974,Accept,1.5270914477559978,Reject,Accept,0.6521734019438165
0.34617466199527064,0.7568760900942162,0.3447006822926985,0.1495262338445215,0.5436507897012248,Reject,"Gender, Age, ProgVar",1.3061967389999884,0.3447006822926985,0.14450525252961977,0.5461728375833419,Reject,1.4447262319327416,Reject,Reject,1.022770508275096
0.5469637210877167,0.837456261212065,0.36265481322088045,0.1541304897103546,0.5651480615708634,Reject,"Gender, Age, ProgVar",1.6000121989213727,0.36265481322088045,0.14922874285026283,0.5684317457036995,Reject,1.530509372098366,Reject,Reject,1.4596119508690042
0.574071132857202,0.8552271915585303,0.2207478168835838,0.02996592487311401,0.39622061448025664,Reject,"Gender, Age, ProgVar",1.5029719168451567,0.2207478168835838,0.04603015918285995,0.39580484390623166,Reject,1.4871345904113116,Reject,Accept,0.6531172960917883
0.7542683852461595,0.8891281272636125,0.16291040556501038,-0.01650548030270283,0.36708323432359147,Accept,"Gender, Age, ProgVar",1.6507483457204462,0.16291040556501038,-0.02033950634544998,0.343014580599147,Accept,1.6931167700043763,Reject,Accept,0.7727064715230317
0.5360654946795519,0.8271742025969916,0.20468975953779378,0.08011797536188324,0.3769752142695458,Reject,"Gender, Age, ProgVar",1.581211458046793,0.20468975953779378,0.04685821222910205,0.3665988581467294,Reject,1.606797675067567,Reject,Accept,0.4725828183453418
0.3751554667583886,0.7912142493088283,0.4268718280021273,0.19512646876286865,0.6105241039923639,Reject,"Gender, Age, ProgVar",1.7225749430004742,0.4268718280021273,0.2154344125376536,0.6498799344090036,Reject,1.6843534040363837,Reject,Accept,0.6764501718814928
0.2908906537139342,0.8907109574321602,0.4112753192884904,0.2107835753124715,0.5898120937415355,Reject,"Gender, Age, ProgVar",1.5666373387629215,0.4112753192884904,0.219385085069457,0.5974269064840408,Reject,1.5948319569529499,Reject,Accept,0.5901921363219546
0.7072404682104398,0.8655018143865968,0.21322974887278945,0.05598203732306302,0.4792560259291215,Reject,"Gender, Age, ProgVar",1.2181824021719412,0.21322974887278945,0.020658485905261974,0.4068494205297867,Reject,1.3512449303019607,Reject,Accept,0.8164059548301877
0.6220426437714084,0.8226688192283274,0.2192574357493713,0.01593693607694519,0.4304177370113493,Reject,"Gender, Age, ProgVar",1.8264392497207225,0.2192574357493713,0.003457784221434418,0.4162083512667882,Reject,1.6705235570329855,Reject,Accept,0.3456857122734459
0.2989183930981223,0.8049891500562566,0.39587599990632605,0.19613033727290016,0.6716486551200911,Reject,"Gender, Age, ProgVar",1.6770735841158855,0.39587599990632605,0.17373596413503814,0.6131306433253488,Reject,1.6911927521045138,Reject,Accept,0.950329481541002
0.7932330819833148,0.9571291530405419,0.18041190133972881,-0.0379896418554945,0.4032383692512607,Accept,"Gender, Age, ProgVar",1.3685881630998962,0.18041190133972881,-0.038179335597871615,0.38334601233366433,Accept,1.4012484375758607,Reject,Accept,0.6366236099448183
0.41972006440859555,0.7532336851414914,0.34027436366270764,0.14844039812039356,0.5271937226050372,Reject,"Gender, Age, ProgVar",1.4676001801721954,0.34027436366270764,0.15835841149969743,0.5340697398507884,Reject,1.4737925885278889,Reject,Accept,0.6727838195374588
0.5580618764960421,0.8340755198834825,0.3447340318923197,0.13843795032430883,0.5168446051022169,Reject,"Gender, Age, ProgVar",1.5031629204408743,0.3447340318923197,0.17349034380681994,0.5258942601948432,Reject,1.4761865157592704,Reject,Reject,1.0784728602721483
0.4292975774253182,0.8034366347423162,0.2847764842253955,0.11393357317375215,0.4702221413763474,Reject,"Gender, Age, ProgVar",1.2821838015348141,0.2847764842253955,0.09052984459511265,0.4681135620450507,Reject,1.341446060241795,Reject,Reject,1.1824234487888945
0.2330621376889567,0.7883805046467193,0.5260213786308298,0.34009704258570833,0.7456516058675894,Reject,"Gender, Age, ProgVar",1.508509510633408,0.5260213786308298,0.3051616117389253,0.7331871772371322,Reject,1.5047746802103743,Reject,Reject,1.3454333979118547
0.8896075616886676,0.8612534045567757,0.11163604779751019,-0.07409454730236824,0.37147519751936436,Accept,"Gender, Age, ProgVar",1.7352093350284779,0.11163604779751019,-0.10075920662651242,0.32993131366620115,Accept,1.6203220194160355,Reject,Accept,0.3383549751080201
0.7200896210500504,0.831474337468322,0.2456493557361192,0.05474407816921983,0.4072669156105073,Reject,"Gender, Age, ProgVar",1.5875006358257984,0.2456493557361192,0.06791788328323722,0.44398168779878866,Reject,1.497568405597859,Reject,Accept,0.5715280703892159
0.7015120558560181,0.9026950796103995,0.23132239248529238,0.004583629533253614,0.45361479845005015,Reject,"Gender, Age, ProgVar",1.3775776510418527,0.23132239248529238,0.030608493414985283,0.44405574558131933,Reject,1.5136497560211257,Reject,Accept,0.8289982320000905
0.6888360781391516,0.851716627318556,0.20971156281016354,-0.043709405958993516,0.4064066074236876,Accept,"Gender, Age, ProgVar",1.4870407793925986,0.20971156281016354,-0.02157919867910267,0.45214852730724175,Accept,1.5118057248397596,Reject,Reject,1.1906819735625516
0.6601752868332323,0.9296226744322988,0.200455608801917,-0.036903696805743194,0.4305948594511271,Accept,"Gender, Age, ProgVar",1.4074568608898845,0.200455608801917,-0.018941363819977103,0.4231832571017405,Accept,1.3148768438678269,Reject,Reject,1.0863317037120739
0.5794699713704714,0.8112175864200493,0.300985845100418,0.13713370975890068,0.5037526281464649,Reject,"Gender, Age, ProgVar",1.4683521835156639,0.300985845100418,0.11038886350383624,0.5001994752481849,Reject,1.5040777366256,Reject,Reject,1.1440784003913278
0.4606106916580775,0.7659950976020343,0.3460838028273893,0.16046892248672726,0.5251242832033772,Reject,"Gender, Age, ProgVar",1.305201178226888,0.3460838028273893,0.1618680856400814,0.5262297850917811,Reject,1.3819868904208905,Reject,Accept,0.9007606828294755
0.6395754827017721,0.8354481721651736,0.19219395115061752,-0.03254263415162337,0.4804766579365904,Accept,"Gender, Age, ProgVar",1.8316541950271925,0.19219395115061752,-0.057293839152900546,0.4329747738496565,Accept,1.646789367794598,Reject,Accept,0.8619349531480811
0.5408406555355577,0.8644796859242444,0.2666056758258053,0.06568876717054967,0.5023695369888727,Reject,"Gender, Age, ProgVar",1.3513841778047095,0.2666056758258053,0.06456829750463097,0.4948225342053714,Reject,1.4449737084080607,Reject,Accept,0.39467961832064463
0.7160051923985548,0.8398849339498224,0.21935072649863974,0.03728305055607879,0.4213730137658903,Reject,"Gender, Age, ProgVar",1.7080436127742524,0.21935072649863974,0.034791021714624795,0.4062923328055696,Reject,1.7809268301316314,Reject,Accept,1.103092441403349
0.8120364763183417,0.9040691494019517,0.15767169746087945,0.021350963926382256,0.3995655128731033,Reject,"Gender, Age, ProgVar",1.4214432696440773,0.15767169746087945,-0.03782158687030974,0.3391899005307943,Accept,1.4371641946281648,Reject,Accept,0.7825833864147423
0.5040340036432798,0.8625879851972601,0.3398065939964828,0.05773592590645469,0.5327915680092262,Reject,"Gender, Age, ProgVar",1.6259027912288713,0.3398065939964828,0.1251792347652993,0.5561150953956462,Reject,1.4908754891896774,Reject,Accept,0.6095439184357501
0.4980787956643735,0.812740702610868,0.2448151970645989,0.05463491372103223,0.5169676353996133,Reject,"Gender, Age, ProgVar",1.747406330832354,0.2448151970645989,0.010972608801729643,0.46019047297320753,Reject,1.4960291880578813,Reject,Accept,0.20296517872432487
0.46473237149734337,0.7964128706503056,0.26309806564122673,0.12117584671663847,0.5145191148991102,Reject,"Gender, Age, ProgVar",1.4392310509759718,0.26309806564122673,0.0532719540111085,0.44882115595327743,Reject,1.3501054326340411,Reject,Reject,1.105976371345727
0.8070675697218996,1.0479661957226492,0.010189949253265173,-0.20945392963969967,0.2754364172691946,Accept,"Gender, Age, ProgVar",1.4386457320894366,0.010189949253265173,-0.235324043974949,0.2555199969272056,Accept,1.4728037834233028,Reject,Accept,0.4392070787704595
0.4121752847063168,0.8782708010082935,0.27389256734943346,0.07627288093670327,0.5078981957709252,Reject,"Gender, Age, ProgVar",1.2492718073292792,0.27389256734943346,0.05589752198716509,0.4665153771396254,Reject,1.2631983275767444,Reject,Accept,0.8803828246235867
0.5907066265792674,0.8477444379901041,0.30064602407185687,0.07624855780393798,0.5460105457292795,Reject,"Gender, Age, ProgVar",1.8022999087551759,0.30064602407185687,0.07152340527453703,0.516174678345807,Reject,1.7181891818534505,Reject,Accept,0.5518562307555833
0.2930572437657599,0.822026532727765,0.36745947392715256,0.195688712528642,0.7257456332069323,Reject,"Age, ProgVar",1.338440536486992,0.36745947392715256,0.1325363026163559,0.5951422927324157,Reject,1.325744105532028,Reject,Reject,1.020792080947096
0.6992917369739696,0.9868840207670814,0.017178382630712617,-0.1691955691830417,0.21346870652894187,Accept,"Gender, Age, ProgVar",1.3398794603482185,0.017178382630712617,-0.18585459754229827,0.21276221737811282,Accept,1.3724893885187357,Accept,Accept,0.37604838353325726
0.7606111859646398,0.8145877411717974,0.2466226320120829,0.05652490451062881,0.3972200820479821,Reject,"Gender, Age, ProgVar",1.6168072393098094,0.2466226320120829,0.06459429437864148,0.41586622951906144,Reject,1.4355996178719765,Reject,Accept,0.8898828685798414
0.49668699156185486,0.8150797835767783,0.35575610320261036,0.12976809178271276,0.5443077822342725,Reject,"Gender, Age, ProgVar",1.4886016193392846,0.35575610320261036,0.1319859095594547,0.5506968630844158,Reject,1.5005001666581503,Reject,Accept,0.7098862850485087
0.3556366264859525,0.8909055623986755,0.4582889414852148,0.13467108172527725,0.7230602915946684,Reject,"Gender, Age, ProgVar",1.7010904842839851,0.4582889414852148,0.18374897495684095,0.719514855078327,Reject,1.5354588242277611,Reject,Reject,1.297772493541103
0.6825321629880203,0.9082005332375505,0.11750460157172274,-0.011841668106976233,0.41721046451474225,Accept,"Gender, Age, ProgVar",1.8753602367713273,0.11750460157172274,-0.09967204866718277,0.33503284441250814,Accept,1.7476483238334413,Reject,Accept,0.6324893605875802
0.378638198576721,0.7872140977931786,0.2584719615481485,0.13246192072016952,0.5214375560290132,Reject,"Gender, Age, ProgVar",1.364870731129038,0.2584719615481485,0.0737939971451039,0.4524405849263231,Reject,1.2118330110529478,Reject,Reject,1.4198621408251983
0.5844311034569821,0.9772408224265335,0.18135431924387202,-0.023712654919218215,0.36256446070142223,Accept,"Gender, Age, ProgVar",1.796116142448285,0.18135431924387202,-0.008776802226269947,0.38808679534282237,Accept,1.728105579083217,Reject,Accept,0.8785002511416926
0.47803330157350404,0.8043374576153164,0.2656488953705601,0.09814892275912515,0.46445306737421466,Reject,"Gender, Age, ProgVar",1.442154877741564,0.2656488953705601,0.07393675661775934,0.4542354836243925,Reject,1.4121533137794264,Reject,Accept,1.0312016378239943
0.42686387132235276,0.9124474665896912,0.2856932937084885,0.0894503522560211,0.5649010028895445,Reject,"Gender, Age, ProgVar",1.8579452117431368,0.2856932937084885,0.064535798380112,0.5040791517322406,Reject,1.485840513860947,Reject,Accept,0.6978242891685856
0.7979517285011369,0.7770112109512555,0.32437604325146446,0.06426930893749881,0.4944200749239215,Reject,"Gender, Age, ProgVar",2.057926498899735,0.32437604325146446,0.10216284590364108,0.526797483708051,Reject,1.6566360547294026,Reject,Reject,1.4155616649944227
0.6673984152802852,0.9501220912345518,0.2152689802157107,0.03408489016732698,0.45854240004353636,Reject,"Gender, Age, ProgVar",1.8933677871351384,0.2152689802157107,0.011780601524833137,0.4129697821256044,Reject,1.7322330228135108,Reject,Accept,0.2347442447351378
0.3379829894825845,0.7761553010015113,0.3544255833750044,0.17655154247030996,0.5774521327323865,Reject,"Gender, Age, ProgVar",1.458175168403767,0.3544255833750044,0.15840461126038247,0.5434624219791819,Reject,1.3311715481186233,Reject,Reject,1.2112916929329482
0.4961201823246291,0.7910672466969608,0.3606217206981569,0.1269387699559034,0.5046633431853852,Reject,"Gender, Age, ProgVar",1.9433466733329712,0.3606217206981569,0.18640284770514728,0.545342643640992,Reject,1.4446693660306316,Reject,Accept,1.1097806915182977
0.5485028057098359,0.8824424519459266,0.21273807096295022,0.0012407631472434039,0.4169039321593397,Reject,"Gender, Age, ProgVar",1.5801740537551143,0.21273807096295022,0.006157499868665695,0.4114506719093855,Reject,1.543825398295562,Reject,Accept,0.6285316745731861
0.7709376360493575,0.9251733254347843,0.07893826645348992,-0.11114891764094018,0.3516575180677401,Accept,"Gender, Age, ProgVar",1.1245372668825653,0.07893826645348992,-0.16355688220429027,0.33116395829330086,Accept,1.3334137666087256,Reject,Accept,0.7973051216835901
0.46521563270486516,0.7382750569040426,0.39851543735381856,0.20420437246371262,0.5556614128450134,Reject,"Gender, Age, ProgVar",1.3105119023695693,0.39851543735381856,0.2270692686353326,0.5795198872590429,Reject,1.4520186763941254,Reject,Reject,1.423009232893034
0.7827998888625106,0.9512412203611635,0.1512085450169087,-0.059326552336887106,0.322758770228857,Accept,"Gender, Age, ProgVar",1.6089158218714399,0.1512085450169087,-0.030998430482868308,0.3482046285996391,Accept,1.671908782907296,Reject,Accept,1.109987209071613
0.9229769719818662,0.8894340827778624,0.1284927489465645,-0.04481273191110523,0.3830353365350375,Accept,"Gender, Age, ProgVar",2.197679214452295,0.1284927489465645,-0.08501128177733774,0.335166930967335,Accept,1.8984497137728282,Reject,Reject,1.0705536750308202
0.48644450933707895,0.7733680644800718,0.27814061785849864,0.08906277565918827,0.5164083212933083,Reject,"Gender, Age, ProgVar",1.686858067639326,0.27814061785849864,0.06006805651381826,0.4978767210066472,Reject,1.6469815194087292,Reject,Accept,0.9699087361136152
0.8004673142645883,0.8327550022915339,0.21305438900427218,-0.02600120719239278,0.39244309279139933,Accept,"Gender, Age, ProgVar",1.658323675765348,0.21305438900427218,-0.002904254160392014,0.4277640008482656,Accept,1.615152628567417,Reject,Accept,0.511083395683036
0.7453839739963073,0.8667753673202974,0.1582787609498404,-0.04967008878044514,0.4054818157825514,Accept,"Gender, Age, ProgVar, X2",1.7841342829788518,0.1582787609498404,-0.08656816486563892,0.3805361232841461,Accept,1.6307323763749018,Reject,Reject,1.3411637830777525
0.40655637499667696,0.8218125912461872,0.34639279882120266,0.13435735748293154,0.5529512330067556,Reject,"Gender, Age, ProgVar",1.5546763544411535,0.34639279882120266,0.1414341380552207,0.550346511406473,Reject,1.5173098141021684,Reject,Accept,1.0061673024727626
0.6154509429468782,0.9391615292946153,0.2606272085416445,0.013083006349510692,0.46939608546252604,Reject,"Gender, Age, ProgVar",1.467675201453656,0.2606272085416445,0.029130637184074062,0.4991136624830066,Reject,1.4176562040582352,Reject,Accept,0.8449312733465532
0.3887970257406997,0.7479851872741157,0.3844357039532612,0.12904878330220074,0.5181194010435789,Reject,"Gender, Age, ProgVar",1.2509432514923227,0.3844357039532612,0.19120061095910318,0.5943969017936124,Reject,1.5057887080333392,Reject,Reject,1.073790923331284
0.3114286861001453,0.8866133845362169,0.2944539531426747,0.14213374596613843,0.5336706476259928,Reject,"Gender, Age, ProgVar",1.6507674421174232,0.2944539531426747,0.100626176142177,0.4829157634852934,Reject,1.4527713990343871,Reject,Accept,0.727470605141034
0.41541442536849177,0.8348301336660419,0.28807509866206776,0.05089040437023086,0.46412647246762007,Reject,"Gender, Age, ProgVar",1.3487084330758918,0.28807509866206776,0.06977247798353155,0.5042544833410817,Reject,1.2907347629302188,Reject,Accept,0.655471307524875
0.5616131466779619,0.793563642517698,0.35864356402564185,0.142079848362291,0.5619033539971843,Reject,"Gender, Age, ProgVar",1.511512021966899,0.35864356402564185,0.1394299427136102,0.5691738475299379,Reject,1.5283560041032451,Reject,Accept,0.36700078027323974
0.4656780646188255,0.8630686723743571,0.3778981389198847,0.17728710261393138,0.6096665668211092,Reject,"Gender, Age, ProgVar",1.6984516587592378,0.3778981389198847,0.17080905140173186,0.5909061540909656,Reject,1.6688919460240847,Reject,Accept,0.8051232305381735
0.7346220205555084,0.8873261570492531,0.2416564600207803,0.03939857923638608,0.4118086116210498,Reject,"Gender, Age, ProgVar",1.745742878098553,0.2416564600207803,0.05349946105122999,0.44292547343968497,Reject,1.5482730560834204,Reject,Accept,1.076565781761479
0.5605750501908665,0.9664873591304987,0.2150266672127036,0.003126839316330128,0.37966068745760223,Reject,"Gender, Age, ProgVar",1.127708561718024,0.2150266672127036,0.028263618012069183,0.38955352578075164,Reject,1.2274090724616342,Reject,Accept,0.5701942294746583
0.5280457777141855,0.7873238002709165,0.3267794394355705,0.17434397094259385,0.5738194182803019,Reject,"Gender, Age, ProgVar",1.6344484056474458,0.3267794394355705,0.11909833428434809,0.5103011773584274,Reject,1.5231423685499528,Reject,Reject,1.132384194536708
0.5112438990040241,0.8512433464058619,0.31693103340525836,0.18310088796901264,0.5889303699739604,Reject,"Gender, Age, ProgVar",2.084254316586018,0.31693103340525836,0.12014975267400006,0.5165024953093749,Reject,1.7980401498927123,Reject,Reject,1.2307734060494147
0.6362103506418696,0.9456345942711981,0.2628660714080746,-0.04071382959991072,0.47164031388103966,Accept,"Gender, Age, ProgVar",1.2901699409200793,0.2628660714080746,-0.00904141946989287,0.5146634004549159,Accept,1.398456337758573,Reject,Accept,0.32517712325015086
0.73689879727371,0.92502031924498,0.14254341363312031,-0.05136196665168449,0.3096695808198186,Accept,"Gender, Age, ProgVar",1.4363172034204732,0.14254341363312031,-0.037146092356101765,0.30430550457713457,Accept,1.4209855989106464,Reject,Accept,0.8321136690108999
0.6140131182981593,0.9232644177957336,0.17570987979310676,-0.054371480518752915,0.35938849737948714,Accept,"Gender, Age, ProgVar",1.1188591534999626,0.17570987979310676,-0.019045617156135355,0.367946731147394,Accept,1.295329862336285,Reject,Accept,0.7753388093272501
0.7877061329358954,0.8186544809075147,0.18877953657339866,0.027578865375353298,0.3621391460669207,Reject,"Gender, Age, ProgVar",1.425035809635504,0.18877953657339866,0.029285471650450964,0.35649327118293034,Reject,1.4501131568959895,Reject,Accept,0.2526698330012154
0.2777468255501086,0.8302446106224534,0.42635620516545814,0.11571023568999261,0.7166855791542591,Reject,"Gender, Age, ProgVar",1.597607816765775,0.42635620516545814,0.1303492278550173,0.723743751744576,Reject,1.4354383842123977,Reject,Accept,0.5939579229820867
0.11757475357611108,0.7435791628646198,0.4378987551905395,0.22766450063154237,0.6787501271437347,Reject,"Gender, Age, ProgVar",1.5519172826441712,0.4378987551905395,0.2270755815284793,0.6671296359831813,Reject,1.663460811216232,Reject,Accept,0.4036333068521252
0.367992996560704,0.7075658594821308,0.44707873473839305,0.27813695907084324,0.6271183165364219,Reject,"Gender, Age, ProgVar",1.8072965474372535,0.44707873473839305,0.282543011054054,0.620671188149853,Reject,1.8015061546568378,Reject,Accept,0.7934449351079461
0.2402105901151785,0.827736216550357,0.43833556920168176,0.1767790206080906,0.6836333651692266,Reject,"Gender, Age, ProgVar",1.4126072121836537,0.43833556920168176,0.19177674596743158,0.678890293924111,Reject,1.400802903228603,Reject,Accept,0.9020603137307102
0.32030225593122646,0.8097106497165671,0.3326186637708054,0.11544872244886834,0.5493750299889048,Reject,"Gender, Age, ProgVar",1.5372100373361388,0.3326186637708054,0.08929950844821319,0.5432041254031732,Reject,1.5339466856066921,Reject,Accept,1.036951132147648
0.3707895682397423,0.8769736819416691,0.3064249797031516,0.12146010698424844,0.6003451226406451,Reject,"Gender, Age, ProgVar",1.6117499929751795,0.3064249797031516,0.08014249912068397,0.5379480351040338,Reject,1.573772186201311,Reject,Reject,1.4382769933620867
0.6147593858680606,0.8480323414862468,0.26061523361081934,0.06224750021941711,0.4505499352085884,Reject,"Gender, Age, ProgVar",1.7819032834629198,0.26061523361081934,0.06699354223307301,0.4686367951522758,Reject,1.6810502313656612,Reject,Accept,0.7003848113394419
0.6193821745893004,0.8983435833803829,0.30997904582314884,0.08606902536489977,0.4819931049546097,Reject,"Gender, Age, ProgVar",1.3770531464877018,0.30997904582314884,0.11358974759063632,0.510189208290973,Reject,1.4441147682090771,Reject,Reject,1.210311909973712
0.5656847137346197,0.8677141244306628,0.31304939272969207,0.08875579879932795,0.5638416764356639,Reject,"Gender, Age, ProgVar",1.7160453504025253,0.31304939272969207,0.08556184543970652,0.5474440245825805,Reject,1.6950427110752377,Reject,Reject,1.1342410020186176
0.43417899577801305,0.8640452821011846,0.41122914297646085,0.13878015116589973,0.5767825292553642,Reject,"Gender, Age, ProgVar",1.4456408400741338,0.41122914297646085,0.20320024773764872,0.61927016565893,Reject,1.363613008253842,Reject,Reject,1.3642767300112382
0.5751970996588481,0.8672850482801251,0.21109642108542476,0.0965192841849512,0.4558726300185238,Reject,"Gender, Age, ProgVar",1.3178855462831347,0.21109642108542476,0.024515687644378892,0.3852588783992248,Reject,1.467148493528508,Reject,Accept,0.8223452982155552
0.6770806190652797,0.9539875198831599,0.1960654181856734,-0.01379014496305403,0.4773525851089979,Accept,"Gender, Age, ProgVar",1.5845180112545842,0.1960654181856734,-0.04666305561118081,0.4295239182124889,Accept,1.5363640493062691,Reject,Accept,0.6499090694419649
0.6876629125434245,0.8413516478348405,0.23880712883392288,0.08229783116788113,0.41560495611590137,Reject,"Gender, Age, ProgVar",1.4039737618874704,0.23880712883392288,0.07544964253239957,0.3964940553380665,Reject,1.3252782435240866,Reject,Reject,1.1541073838853595
0.6217821441205529,0.8171264085620769,0.328843544337343,0.11274137437093544,0.45280250952836326,Reject,"Gender, Age, ProgVar",1.3196190915342059,0.328843544337343,0.1663760077472785,0.5046101465535056,Reject,1.492095846338396,Reject,Accept,0.6262588482714145
0.6190368751679545,0.8223667609492584,0.2642188010207758,0.050124567967505265,0.4705223030292736,Reject,"Gender, Age, ProgVar",1.9425895541788702,0.2642188010207758,0.07599011722477417,0.46588694114878615,Reject,1.6865116566428962,Reject,Accept,0.13395618558380645
0.731286560537414,0.8726464601562592,0.22247987683406265,0.01780077516799434,0.41442117861423927,Reject,"Gender, Age, ProgVar",1.3773145471244674,0.22247987683406265,0.024305754998543212,0.41557945137045815,Reject,1.4212414288259103,Reject,Accept,0.47985723642834016
0.35430800562221654,0.7289275690630745,0.4597433024994949,0.21886841565382642,0.6538263825041725,Reject,"Gender, Age, ProgVar",1.4823261466830624,0.4597433024994949,0.2560148326904169,0.6774238032005016,Reject,1.4066277373020164,Reject,Reject,1.1336224747414159
0.21604413845649018,0.7833149236789299,0.3946311750964776,0.19011634721645648,0.5788017477807806,Reject,"Gender, Age, ProgVar",1.716428686510753,0.3946311750964776,0.19528740062694921,0.6037273862013446,Reject,1.6914876264888479,Reject,Reject,1.0784967843653748
0.3291956076157266,0.8562023564471627,0.47420742157964274,0.25820456470953485,0.6748229551076794,Reject,"Gender, Age, ProgVar",1.3726080503526368,0.47420742157964274,0.2550934487497986,0.681795786911159,Reject,1.444640016462407,Reject,Accept,0.5900175729811311
0.6302743612382318,0.9204032655213245,0.22082680733749957,0.0059725089297819715,0.4426529633891038,Reject,"Gender, Age, ProgVar",1.6431803978552078,0.22082680733749957,0.01622336435681375,0.4194283661338469,Reject,1.4286320468368074,Reject,Accept,0.37722894416030484
0.4719323460903136,0.9074778052811228,0.23836409313581114,0.04568141937578565,0.45883628368811835,Reject,"Gender, Age, ProgVar",1.4168983998089484,0.23836409313581114,0.04135423455643271,0.4463549356439872,Reject,1.4403244122397139,Reject,Accept,0.5960199843041594
0.4755418978310077,0.825971663567151,0.30892502831917795,0.09319467141748337,0.6093517771564787,Reject,"Age, ProgVar",1.9109854701314253,0.30892502831917795,0.05541525999796848,0.539703081223772,Reject,1.5471231434870614,Reject,Reject,1.3070157341399375
0.9249471874780072,0.952012548942779,-0.016961837073514317,-0.15747597359317722,0.1818768655837009,Accept,"Gender, Age, ProgVar",1.205397068237437,-0.016961837073514317,-0.1892098960774818,0.1562362706793999,Accept,1.2900160870447472,Reject,Accept,0.7481934158578286
0.6462038198281201,0.965868032297925,0.25243873448562054,0.03684278840303601,0.48216532583098787,Reject,"Gender, Age, ProgVar",1.411250793432784,0.25243873448562054,0.025296805491987595,0.4576589937231712,Reject,1.357115479919618,Reject,Accept,0.1843731028879191
0.2910892222944327,0.819763912543089,0.3298953241952176,0.1644209406215873,0.5062694818779203,Reject,"Gender, Age, ProgVar",1.426154587665188,0.3298953241952176,0.1465282446078825,0.49917589062927076,Reject,1.3888171912546357,Reject,Reject,1.1286602351625277
0.4529924909699615,0.7803143093219708,0.21346206516006652,0.09477329338175333,0.4962437170833527,Reject,"Gender, Age, ProgVar",1.875191592973986,0.21346206516006652,0.011048534731701282,0.4354310575566552,Reject,1.579951067357487,Reject,Reject,1.3210273377956347
0.12493542064500704,0.6959341031065597,0.4526700823073816,0.27914200941915035,0.6899305716739125,Reject,"Gender, Age, ProgVar",1.556113567402949,0.4526700823073816,0.2499716858273514,0.6548856485243587,Reject,1.61247853847395,Reject,Reject,1.2713145698454311
0.35577134223035006,0.8350738936231338,0.27276548181753846,0.14467065465098294,0.619512447410304,Reject,"Age, ProgVar",1.4390113849306116,0.27276548181753846,0.07494383104008018,0.47643284529173113,Reject,1.6295277154482302,Reject,Accept,0.7205359424985405
0.6548512073288858,0.8872707987194908,0.21285449181638977,0.04087515469090543,0.4445627976188804,Reject,"Gender, Age, ProgVar",1.8576482644819337,0.21285449181638977,0.006528934725719797,0.4147846039759776,Reject,1.628352258703915,Reject,Accept,0.6872960030427181
0.4658470566512608,0.8487856465891118,0.2403062089696448,0.12080845455747302,0.4383922025902055,Reject,"Gender, Age, ProgVar",1.4967145038494782,0.2403062089696448,0.08643235815606398,0.40555974984337284,Reject,1.500359271258479,Reject,Accept,0.8925203059185406
0.4286790283423016,0.850554742708752,0.23208355447476628,0.04454104528739873,0.4291103366866376,Reject,"Gender, Age, ProgVar",1.5819057921560817,0.23208355447476628,0.03520765986558408,0.4278902162313755,Reject,1.6106422271856664,Reject,Reject,1.0674345942708923
0.37221212088272937,0.7259884124298942,0.39392738065484306,0.25353096877730513,0.678967897065654,Reject,"Gender, Age, ProgVar",1.3209567356701848,0.39392738065484306,0.20051760180895753,0.5912790784997857,Reject,1.6596573419377314,Reject,Accept,0.8577600995197948
0.4753204845913883,0.8985524040131966,0.2960920687299835,0.060757224714441324,0.5006214734158143,Reject,"Gender, Age, ProgVar",1.561399767991653,0.2960920687299835,0.08241489449966961,0.5150000562930123,Reject,1.6168616854007607,Reject,Reject,1.0899771128235254
0.4526172722974034,0.7881067117480571,0.32655173063501636,0.19432888851077607,0.5730567933753449,Reject,"Gender, Age, ProgVar",1.4670602647099589,0.32655173063501636,0.1239180315362571,0.522790234734229,Reject,1.673405769958376,Reject,Accept,0.44821770008497913
0.5495851812404058,0.89382983746523,0.27019281616963214,0.07125289240308959,0.5130520861488803,Reject,"Gender, Age, ProgVar",1.6148857884672876,0.27019281616963214,0.03144556843586252,0.49906273880636237,Reject,1.6517259415620855,Reject,Accept,0.8359685793786898
0.7958311252509525,0.9094237950071024,0.054954370904311635,-0.16144683826551104,0.28415802571049753,Accept,"Gender, Age, ProgVar",1.7356321232626772,0.054954370904311635,-0.15227557657035662,0.2672900712911417,Accept,1.6225632871433036,Reject,Reject,1.258874609218161
0.535450708228798,0.8537808580105984,0.23512205769689815,0.05521326629345515,0.4291162904782426,Reject,"Gender, Age, ProgVar, X2",1.6794480891089107,0.23512205769689815,0.05539372332241985,0.42603885429704286,Reject,1.7181813351929143,Reject,Accept,1.084688144555321
0.49289366638282656,0.8033059496722994,0.3301903738990175,0.14448525555213138,0.5097084545357742,Reject,"Gender, Age, ProgVar",1.850680748894026,0.3301903738990175,0.16067635686179538,0.5140607038560708,Reject,1.689033600172598,Reject,Reject,1.3428119946984491
0.484073387096208,0.8002437968960885,0.4494159551444175,0.1333890056268573,0.6195611419277236,Reject,"Gender, Age, ProgVar",1.9025278799796246,0.4494159551444175,0.22202629475430913,0.661545137288278,Reject,1.937060501697098,Reject,Accept,0.5073290499838001
0.967797585295632,0.9904024941005911,0.026495369208466093,-0.12307733163028861,0.21685076828216923,Accept,"Gender, Age, ProgVar",1.8965434615552292,0.026495369208466093,-0.1463263024760652,0.18958829780175496,Accept,1.840970884847917,Accept,Accept,0.9560467606026076
0.5302769952676507,0.8118335678429562,0.23178819665513004,0.07011658757273695,0.42589892931498563,Reject,"Gender, Age, ProgVar",1.2608644498642383,0.23178819665513004,0.060158344584130594,0.40329364244581234,Reject,1.4335657697474544,Reject,Accept,0.5929926981653171
0.7649052592700167,0.9827329414844023,0.1328885390740203,-0.11777361821524271,0.320664235601559,Accept,"Gender, Age, ProgVar",1.7325301576348175,0.1328885390740203,-0.09122954260806479,0.3633528258635093,Accept,1.6292327652503835,Reject,Accept,0.9974286105213356
0.5041743812820136,0.842018234460679,0.21523795547462815,0.04904442366544019,0.4418532284662307,Reject,"Gender, Age, ProgVar",1.3804444934742461,0.21523795547462815,0.005557417946576312,0.4166486673310178,Reject,1.2077186329793193,Reject,Reject,0.9708602890535772
0.6686574481598566,0.8428579567764921,0.20286764300549429,0.031893298722127116,0.34814812029861003,Reject,"Gender, Age, ProgVar",1.1548058271901465,0.20286764300549429,0.05248704448358882,0.35283317740993553,Reject,1.2957734197672033,Reject,Accept,0.4850453311765797
0.6241480042307326,0.8293554178370636,0.3143099040120277,0.1955084337566914,0.5752092968082418,Reject,"Gender, Age, ProgVar",1.680990234907256,0.3143099040120277,0.1359829507902327,0.4863835347320936,Reject,1.7758883704056783,Reject,Accept,0.9323590281752208
0.8606921319178547,0.8670420412866181,0.13003158209071705,0.0066389603457164,0.38988114773793753,Reject,"Gender, Age, ProgVar",1.4033660556042333,0.13003158209071705,-0.07017050405271932,0.33614730846681845,Accept,1.5882722818394188,Reject,Accept,0.8226045814067205
0.3152691572475971,0.8322956721858379,0.3977710487172367,0.16812301853259165,0.6550641290046479,Reject,"Gender, Age, ProgVar",1.5487186762641563,0.3977710487172367,0.15958365218850648,0.6346303875837966,Reject,1.6267268342315162,Reject,Reject,1.0903857322222466
0.46616634943206436,0.8611794168129916,0.2454610418649376,-0.002894029992921404,0.469428463726372,Accept,"Gender, Age, ProgVar",1.3127452133899675,0.2454610418649376,0.01017087404395943,0.4731794815760521,Reject,1.3363289994866279,Reject,Accept,0.5446946941995303
0.2546814086209943,0.8301256962244514,0.39132961958655904,0.19942001441393867,0.5846923740819746,Reject,"Gender, Age, ProgVar",1.7145858028179515,0.39132961958655904,0.2070022429313205,0.5903723905290468,Reject,1.627994806846649,Reject,Accept,0.792556491354218
0.7756406755480311,0.8387722289770755,0.20687286335544092,0.026103040315247773,0.37808909123764856,Reject,"Gender, Age, ProgVar",1.6506712169093987,0.20687286335544092,0.02455351202847423,0.38624046412211843,Reject,1.767967679722721,Reject,Accept,0.27986939937744704
0.5670497696415144,0.925556651714753,0.22542818697570355,0.0424498559892137,0.46177593271888195,Reject,"Gender, Age, ProgVar",1.485532700232475,0.22542818697570355,0.004297565591704161,0.443150965323259,Reject,1.439536684544499,Reject,Reject,1.106408405558202
0.9337188691748932,0.9116050010945967,0.08545759938083335,-0.12648659196317233,0.26041723379671744,Accept,"Gender, Age, ProgVar",1.924603885543047,0.08545759938083335,-0.1049720794040255,0.2809848648764256,Accept,1.9601088089633802,Reject,Accept,0.618378697565843
0.7529093335068625,0.9849214853485019,0.15425243919825504,-0.07249564815421947,0.38380337420501137,Accept,"Gender, Age, ProgVar",1.5084072128179065,0.15425243919825504,-0.08128524941258494,0.395734180129911,Accept,1.5491932408505518,Reject,Accept,0.6993150458643299
0.4307140249052853,0.8392491887295674,0.3059905543183859,0.13184084776760496,0.5400261490067598,Reject,"Gender, Age, ProgVar",1.667033095020317,0.3059905543183859,0.0881461899799659,0.5256487724805939,Reject,1.5604663834407797,Reject,Accept,0.49542270217423834
0.5350188808982627,0.9506983624378911,0.2169960545933166,-0.010655161052389638,0.41841531996257225,Accept,"Gender, Age, ProgVar",1.8461341949964876,0.2169960545933166,0.005075199729050996,0.4367184528723429,Reject,1.5766978168379309,Reject,Accept,0.9278296603287141
0.34017112073797484,0.8146214935889154,0.3137049785863421,0.1630564575111291,0.48020006575737484,Reject,"Gender, Age, ProgVar",1.2271132646360317,0.3137049785863421,0.14753754180332662,0.4747881700687538,Reject,1.222134966673331,Reject,Accept,0.938894077222687
0.8671681937383201,0.9965532010176414,0.20071645053373302,-0.19455481503902508,0.2783422940473975,Accept,"Age, ProgVar",1.122686239556169,0.20071645053373302,0.005069545930085023,0.39737359417757756,Reject,1.2910950245523771,Reject,Accept,0.4092140896357702
0.48146256501614887,0.8600467683963817,0.2777529715146086,0.133590318549878,0.5276324735826033,Reject,"Gender, Age, ProgVar",1.055594397456496,0.2777529715146086,0.10408177478865101,0.45942314462487777,Reject,1.2955741141060562,Reject,Accept,0.3431629832635334
0.21553918388976898,0.7786496336461071,0.4740962862863979,0.27182043344848456,0.6436450114857702,Reject,"Gender, Age, ProgVar",1.2952587509746187,0.4740962862863979,0.29394610459312615,0.6686847563074565,Reject,1.369380030250218,Reject,Reject,1.180784128397535
0.22684674755673398,0.7372843695441079,0.38668143901345764,0.20608065050322696,0.5732960611398041,Reject,"Gender, Age, ProgVar",1.5155924766177464,0.38668143901345764,0.20411381207380985,0.5761919270053011,Reject,1.3633380964978525,Reject,Accept,0.9324301145891732
0.7263684140310237,0.8332285003572052,0.2512702010978369,0.11292153109410301,0.5005991670857837,Reject,"Gender, Age, ProgVar",1.8254011664364216,0.2512702010978369,0.05365248633106362,0.4285699228574761,Reject,1.6397685764612515,Reject,Reject,1.2384714350490598
0.6653085714069893,0.8226630753850518,0.20057275634988841,0.07537089267038391,0.5033527575873894,Reject,"Gender, Age, ProgVar",1.4039906495297447,0.20057275634988841,-0.017310891152347713,0.41613859639431994,Accept,1.718359987100041,Reject,Accept,0.49105229941477585
0.20255425317208342,0.801269080536886,0.30526451294973117,0.1477877708421306,0.5609332630442776,Reject,"Gender, Age, ProgVar",1.3694730697457862,0.30526451294973117,0.10734427621806629,0.5120433835836533,Reject,1.2349660184421847,Reject,Accept,0.8520872837684144
0.3021357186095844,0.7969833875917185,0.4818504220300417,0.2894236437280679,0.7416618423703253,Reject,"Gender, Age, ProgVar",1.5905844492847228,0.4818504220300417,0.24975833201219513,0.7136036727757389,Reject,1.7099024313719366,Reject,Reject,1.176052044862747
0.5703375366802436,0.9329362910027654,0.10659823938400306,0.013570347301591242,0.6484097982417495,Reject,"Age, ProgVar",2.0363406032553244,0.10659823938400306,-0.17758244288654515,0.41242371187679316,Accept,1.7092555369516718,Reject,Accept,0.9798118392497103
0.8639208100662575,0.877592071971727,0.15961183796589226,-0.05502070902394718,0.40826794925708343,Accept,"Gender, Age, ProgVar",1.6409692395196662,0.15961183796589226,-0.08660332461843598,0.3985552977025501,Accept,1.4601382945355914,Reject,Reject,1.2375081664181686
0.6219429132463213,0.8115827589407305,0.24740787002149564,0.061951641650215945,0.46173820766513884,Reject,"Gender, Age, ProgVar",1.4289071279488892,0.24740787002149564,0.04473558977546991,0.4403871649472717,Reject,1.483184602056867,Reject,Accept,0.48626448681017903
0.7166378025921477,0.8965080361409381,0.14688434591278032,0.009665876112156621,0.3557536767634782,Reject,"Gender, Age, ProgVar",1.6015703973830648,0.14688434591278032,-0.024191274599541103,0.31875764598211875,Accept,1.426125958313247,Reject,Reject,1.153293368618427
0.6847882706733158,0.8392662515636702,0.27418190667946984,0.12804116318356845,0.49343424587353213,Reject,"Gender, Age, ProgVar",1.7740500359659017,0.27418190667946984,0.10149080815696616,0.45574360405751957,Reject,1.5413923380865515,Reject,Reject,1.3347679669281864
0.48462874212656654,0.8154997945450593,0.3547785377661398,0.1735134319310554,0.5294042492618184,Reject,"Gender, Age, ProgVar",1.4634845385265591,0.3547785377661398,0.17364940231221726,0.5338157343960946,Reject,1.5407453604932402,Reject,Accept,0.9273777720211426
0.6862521010702384,0.8340472001510492,0.24360388991804183,0.07792256395485857,0.4598475991079809,Reject,"Gender, Age, ProgVar",1.6678824554045364,0.24360388991804183,0.04801573032750921,0.4350971287512063,Reject,1.616005756394534,Reject,Reject,1.1287670756040182
0.6889671951942528,0.9882872895845021,0.12131708827779879,-0.07082639404402415,0.3150004033136434,Accept,"Gender, Age, ProgVar",1.2545405195316173,0.12131708827779879,-0.07078330758464185,0.3038476087176162,Accept,1.3344493453323383,Reject,Accept,0.8579228859741062
1.148218043680309,1.1625807956144794,0.061842123489241105,-0.24383697033077162,0.3295522310225495,Accept,"Gender, Age, ProgVar",1.829095885918412,0.061842123489241105,-0.25080736441592255,0.3561977483142359,Accept,1.7363578485086015,Reject,Accept,0.8560111675001763
0.6896784293807398,0.9357826148984021,0.26431509929502933,0.047523254892817224,0.44256065891972524,Reject,"Gender, Age, ProgVar",1.3187850329074657,0.26431509929502933,0.05729747000250285,0.46776212905273046,Reject,1.577770579229731,Reject,Accept,0.9660687807030206
0.4088523488574456,0.7462212713696659,0.45174609526277976,0.2299694588058299,0.6538703208139759,Reject,"Gender, Age, ProgVar",1.449605560719864,0.45174609526277976,0.2449012127211513,0.674751358855764,Reject,1.593879149001436,Reject,Accept,0.6231364028837384
0.6282196546481356,0.9210532323396752,0.12190776470240791,0.02638681521609572,0.416749988521534,Reject,"Gender, Age, ProgVar",1.4306316198473816,0.12190776470240791,-0.06703153824000722,0.31254021069837024,Accept,1.5916352495394053,Reject,Accept,0.4326814204532056
0.6249842657990743,0.8337504160662563,0.30176318072303393,0.1492624186396451,0.47968859990543844,Reject,"Gender, Age, ProgVar",1.737149784396679,0.30176318072303393,0.13566178198805764,0.47394618610756184,Reject,1.490601434908381,Reject,Accept,1.1445346442660722
0.6635550569875959,0.9170305554282276,0.29096593519031794,0.07922464761013062,0.4634979363938433,Reject,"Gender, Age, ProgVar",1.5317658634618625,0.29096593519031794,0.09128710280300878,0.48753442278196313,Reject,1.657015985562179,Reject,Accept,0.5229652898683981
0.8133521366127575,0.8374583224225121,0.1925059775096902,-0.020966063169070737,0.4333822663551487,Accept,"Gender, Age, ProgVar",1.484008211279787,0.1925059775096902,-0.017272118116857936,0.41794812675337056,Accept,1.4353625009339455,Reject,Reject,1.0437444533526925
0.596781339363107,0.808725354995697,0.23257889895879064,0.10549736429251408,0.387135818022692,Reject,"Gender, Age, ProgVar",1.7207781693191437,0.23257889895879064,0.07123154185812106,0.38687993493110434,Reject,1.4579425448557302,Reject,Accept,0.8227820304336382
0.6670405958633491,0.8674218017413177,0.14736369726651558,-0.06418748048150089,0.3775383723062558,Accept,"Gender, Age, Outcome_BL, ProgVar",1.32452836322296,0.14736369726651558,-0.06970027193095632,0.37147497722198297,Accept,1.3232212070867888,Reject,Reject,1.0865423215085308
0.46479062184544384,0.7549106223544136,0.3846424052644246,0.19808991477156895,0.5619721987852762,Reject,"Gender, Age, ProgVar",1.4924055541155488,0.3846424052644246,0.19477186220955175,0.5785494941247112,Reject,1.7666359442866328,Reject,Accept,1.0672080717234267
0.47712858091564536,0.9044343012574102,0.2675079886476303,0.08987130894681536,0.51818565801365,Reject,"Gender, Age, ProgVar",1.5262247569126535,0.2675079886476303,0.052224321986670943,0.5029666099001768,Reject,1.6643114498075,Reject,Accept,0.8183454125873584
0.046470029447351874,0.7954769495073883,0.4643428952929235,0.2540328440993176,0.6672809274660823,Reject,"Gender, Age, ProgVar",1.564183674776912,0.4643428952929235,0.2519991529776311,0.6747552777471881,Reject,1.6762375494152462,Reject,Accept,0.6889533933329063
0.5183190475725453,0.7760679182970167,0.2678909718474939,0.06859831259063803,0.47330529868919735,Reject,"Gender, Age, ProgVar",1.6221170053617453,0.2678909718474939,0.045664315646573514,0.46563258024733445,Reject,1.5007878762010674,Reject,Reject,1.1452809552438439
0.4390369537341991,0.6752493701559369,0.43412356890507814,0.2310588673699375,0.5984267390645445,Reject,"Gender, Age, ProgVar",1.7334225659082645,0.43412356890507814,0.23678266234985154,0.6247959498476106,Reject,1.6010093196689725,Reject,Reject,1.0892374662610709
0.7194897404699097,0.9472154252504937,0.15294069457186446,-0.0240217530698799,0.4204504403314092,Accept,"Gender, Age, ProgVar",1.3546135450471977,0.15294069457186446,-0.058740110211728654,0.36483184785398204,Accept,1.4538453369789428,Reject,Accept,0.6293248077668926
0.3606192687395162,0.7396493807351152,0.34110614727543576,0.15511292431128337,0.5403906461759642,Reject,"Gender, Age, ProgVar",1.7706664478661398,0.34110614727543576,0.15210282536967967,0.5281106157249602,Reject,1.6116777634838797,Reject,Reject,1.3166315334163332
0.24870609072813746,0.7781160570345917,0.3555162983506939,0.18223845193338553,0.5648558223448953,Reject,"Gender, Age, ProgVar",1.323962540550629,0.3555162983506939,0.1603656668670302,0.5304929940185859,Reject,1.4126932407571482,Reject,Accept,0.8103540002480034
0.10263596630166912,0.7878618028002461,0.3633543130419047,0.20124461161928375,0.5891475916295347,Reject,"Gender, Age, ProgVar",1.6886942607550435,0.3633543130419047,0.15583688969574724,0.565226032094658,Reject,1.6145199397109264,Reject,Accept,0.8702009052150719
0.502466514484515,0.9602955877548276,0.24830538268743907,0.08828882461391344,0.49694115734522626,Reject,"Gender, Age, ProgVar",1.548861760263965,0.24830538268743907,0.04807871321891642,0.465309336052612,Reject,1.3701657421715128,Reject,Reject,1.310483250687008
0.5010512363783842,0.7669825867352258,0.3915663347268038,0.2129654940678986,0.5532490256108716,Reject,"Gender, Age, ProgVar",1.7101812804313863,0.3915663347268038,0.21807195684688263,0.5719045570396032,Reject,1.627119393128649,Reject,Accept,0.18283584408156944
0.6679016202982357,0.8673149018547484,0.13427517902047212,-0.01323544140235922,0.36523860203384484,Accept,"Gender, Age, ProgVar",1.8358027454785644,0.13427517902047212,-0.06404652920058727,0.31101639276970633,Accept,1.7733751138585716,Reject,Accept,0.17089467879948117
0.7048765607531664,0.748759150695495,0.25675435275207475,0.014664394982296429,0.5183952826429612,Reject,"Gender, Age, ProgVar",1.882376237943865,0.25675435275207475,-0.002707108487248387,0.5216674697014968,Accept,1.8512555729794142,Reject,Accept,0.5513306965295139
0.673175442501998,0.7799204250455893,0.3180580442427786,0.08341504455472148,0.5256369142409507,Reject,"Gender, Age, ProgVar",1.6573409943275492,0.3180580442427786,0.10351963391356904,0.5307251875779274,Reject,1.7388599461588479,Reject,Accept,0.8387264128075279
0.5144716402168672,0.8463254416920578,0.24502360901639245,0.015837314316316173,0.4791595426502521,Reject,"Gender, Age, ProgVar",1.8244294993791257,0.24502360901639245,0.03405285793252112,0.46974140233465517,Reject,1.5358847095493418,Reject,Accept,0.9468492874812221
0.5467854546644253,0.8527821950719987,0.2846790402676864,0.08138653429537339,0.533924538254593,Reject,"Gender, Age, ProgVar",1.1454071002196655,0.2846790402676864,0.0715803809544727,0.523926137126902,Reject,1.215898989532741,Reject,Accept,0.13262969808583985
0.5136565409647484,0.8593970767444185,0.25168692440725626,0.06780399028129282,0.4786219857143319,Reject,"Gender, Age, ProgVar",1.8012543472104159,0.25168692440725626,0.05510978652445254,0.45062287726179207,Reject,1.652537474617955,Reject,Accept,0.7667831882771127
0.5633541877803375,0.8009294620007469,0.33628188953547844,0.13311699348126066,0.5256106765110088,Reject,"Gender, Age, ProgVar",1.5034799822285752,0.33628188953547844,0.13618550144115485,0.5423253928351982,Reject,1.490549703773415,Reject,Accept,0.685864719789457
0.392072924761542,0.7065902234831672,0.3330496875590894,0.1430915266810839,0.5849432418559024,Reject,"Gender, Age, ProgVar",1.190191706070206,0.3330496875590894,0.10881447376290398,0.5386844476596567,Reject,1.2000411219866123,Reject,Accept,0.5213941291733644
0.386148828087672,0.7710372490445149,0.4193858796387615,0.2746171802467746,0.5941204355566324,Reject,"Gender, Age, ProgVar",1.4873927210033875,0.4193858796387615,0.26875449643294086,0.5707954813772985,Reject,1.472266218207698,Reject,Reject,1.1227490891664351
0.28239203734745977,0.7182557349473412,0.404692658626156,0.235457123720206,0.6685964828025529,Reject,"Gender, Age, ProgVar",1.9661508831202437,0.404692658626156,0.19735601509656928,0.6081186340262146,Reject,1.6038141724560702,Reject,Reject,1.188485612355268
0.5329741078736863,0.8091024081829276,0.2405599439205608,0.043879028200927137,0.41780849212665483,Reject,"Gender, Age, ProgVar",1.7923957023972188,0.2405599439205608,0.06005104220258374,0.4292834988847704,Reject,1.6520603549958504,Reject,Accept,0.899234523370504
0.6193486638912565,0.870908937524468,0.22205922143337592,0.025003140286063756,0.43741684417920756,Reject,"Gender, Age, ProgVar",1.4306301295883523,0.22205922143337592,0.016253284909832362,0.4433714502988267,Reject,1.430642206673423,Reject,Accept,0.4839595867665914
0.6055219754266757,0.945916372770579,0.12201385242486924,-0.0776427074106677,0.3248446646812484,Accept,"Gender, Age, ProgVar",1.4036028832664755,0.12201385242486924,-0.09877590557151292,0.32626974823310156,Accept,1.3856609593757605,Reject,Accept,0.832030429070082
