Beta_Trt,Beta_Risk,Beta_intx,Lower.CI,Upper.CI,rejection.Risk,SSVS_results,Prediction_Error,Beta_intx_Noise,Lower.CI_Noise,Upper.CI_Noise,rejection.Risk_Noise,Prediction_Error_Noise,rejection.interaction,rejection.SDIR,SDIR
0.27067290955853207,0.7749327466093071,0.3106957101111095,0.13116511597707137,0.5626011371811845,Reject,"Gender, Age, ProgVar",1.4179203239685663,0.3106957101111095,0.09278917861286379,0.5192974568433745,Reject,1.260697407271475,Reject,Accept,0.5139494336181336
0.4933351451574634,1.0109085930569395,0.043292200013621766,-0.1575976068305976,0.342630135375006,Accept,"Gender, Age, ProgVar",1.7048020809422075,0.043292200013621766,-0.19055175384469952,0.2687174672435938,Accept,1.4038056171160347,Reject,Accept,1.047595465499826
0.6897238160211293,0.9557659813139942,0.14789084299494257,-0.12887173367448357,0.39800372046348215,Accept,"Gender, Age, ProgVar",1.310717790471434,0.14789084299494257,-0.08298261867785635,0.38162099970651087,Accept,1.2451027408447557,Reject,Accept,0.701443380154806
0.6618175196457015,0.9095956060896482,0.14869957193418398,-0.0538959252171808,0.3504086144882594,Accept,"Gender, Age, ProgVar",1.0909171390716446,0.14869957193418398,-0.06859625920671018,0.34118080358000097,Accept,1.1255060637863386,Reject,Accept,0.7755126331154182
0.5277361836589232,0.8863792400675661,0.14627872309568027,-0.039822426370658456,0.29885037792043484,Accept,"Gender, Age, ProgVar",1.3130917827933315,0.14627872309568027,-0.027594886383867423,0.3204072949843191,Accept,1.3122337187638755,Reject,Accept,0.7596014193290315
0.33456357626000216,0.9281139125195488,0.2046642854821525,-0.011927777580604256,0.48932135507034225,Accept,"Gender, Age, ProgVar",1.403961891588172,0.2046642854821525,-0.03632131713571342,0.4584449302537934,Accept,1.4561593139367761,Reject,Accept,0.9273826982349018
0.4922361227386977,0.888173046641393,0.15430831749677645,-0.025880359809794154,0.30343953910161087,Accept,"Gender, Age, ProgVar",1.3506648985470509,0.15430831749677645,-0.00600799214696366,0.32591576192612093,Accept,1.2281713246475363,Reject,Accept,0.5430456671524482
0.5417347610881025,0.9257975032598618,0.11634394143143853,-0.12198786268008298,0.3154350034902869,Accept,"Gender, Age, ProgVar",1.5940958545155581,0.11634394143143853,-0.0988116244924811,0.321746552039313,Accept,1.3701518859489012,Reject,Accept,0.8324233339752103
0.48310274422309635,0.918813327536989,0.17276711524046542,0.017157987201407682,0.3573573518398443,Reject,"Gender, Age, ProgVar",1.45438262711217,0.17276711524046542,8.918340615169246e-4,0.34392793127907256,Reject,1.4269234479545674,Reject,Accept,0.6100698553400768
0.5698486629158561,0.9105262986579932,0.14066518961429667,-0.06549811295179836,0.28854626655965204,Accept,"Gender, Age, ProgVar",1.4118459413898679,0.14066518961429667,-0.0430142431419446,0.3360450082328471,Accept,1.2493056182170361,Reject,Accept,0.3892972760081933
0.5533065495083933,0.933403234210496,0.14550889482256135,-0.025688604568683722,0.315546757156452,Accept,"Gender, Age, ProgVar",1.5113865664831831,0.14550889482256135,-0.022733326991575428,0.3205820751916878,Accept,1.4455530763571591,Accept,Accept,0.6830389990678644
0.15302700880784162,0.7509493140289688,0.47051552583073153,0.24667858557021938,0.6797361035648559,Reject,"Gender, Age, ProgVar",1.5653751459095986,0.47051552583073153,0.2664739060427983,0.6711215714437337,Reject,1.5044887367280564,Reject,Accept,0.9209606453422573
0.6688325287806405,1.020111646231503,0.04566118819379183,-0.11569747758286396,0.21172505275468292,Accept,"Gender, Age, ProgVar",1.4290150384583953,0.04566118819379183,-0.12014276878782894,0.2075428761156939,Accept,1.3325888022007932,Reject,Accept,0.3648686970764526
0.7052526773755394,0.9210241315432459,0.12606925156114704,-0.1453050137630813,0.325907421592743,Accept,"Gender, Age, ProgVar",1.5035883748801318,0.12606925156114704,-0.11049324726920871,0.35634079071245484,Accept,1.4440952896290522,Accept,Accept,0.651090401308595
0.2760429377976603,0.8267047640643348,0.39774069595146777,0.19811821862664686,0.6460140818790364,Reject,"Gender, Age, ProgVar",1.4220270617095006,0.39774069595146777,0.17546936253215611,0.6000904281207134,Reject,1.405061076971235,Reject,Reject,1.0497348908058906
0.42986554420293765,0.9058581536763504,0.22809006901259177,-0.029851478614982465,0.43564272564210976,Accept,"Gender, Age, ProgVar",1.5641800500004361,0.22809006901259177,0.00975351849176151,0.4661540693978593,Reject,1.5215882777427776,Reject,Accept,0.26521349656859655
0.5709516698190226,0.880651496486952,0.06945848259644787,-0.009458169716086534,0.3385973101825151,Accept,"Gender, Age, ProgVar",1.5730491977341514,0.06945848259644787,-0.10851399464477887,0.25294910736486415,Accept,1.3350426725823255,Accept,Reject,1.1508895823007697
0.7579023997649444,1.0617137985598608,-0.03461563041700238,-0.25979690617820145,0.19809795146280457,Accept,"Gender, Age, ProgVar",1.288779646020643,-0.03461563041700238,-0.263092768321996,0.18602856183081504,Accept,1.1287478087508835,Reject,Accept,0.2747101862597299
0.4717273769259648,0.9064987879926257,0.17877893668952774,-0.009338947246657209,0.3658982696869763,Accept,"Gender, Age, ProgVar",1.2932340356604286,0.17877893668952774,-0.013036068620603886,0.3665781948265224,Accept,1.3755552303497094,Reject,Accept,0.8644687566751241
0.4582522825611778,0.9537428218585585,0.10746497079669978,-0.041875632795453796,0.3683352146156301,Accept,"Gender, Age, ProgVar",1.2854498330359865,0.10746497079669978,-0.09706139221943272,0.32218977996270826,Accept,1.2676149501776386,Reject,Accept,0.7802381090946684
0.7145115423737864,1.0260756424419817,0.014961491388397198,-0.1969757321147707,0.16758741498669016,Accept,"Gender, Age, ProgVar",1.2639106848080734,0.014961491388397198,-0.14911678048052823,0.19186406907218584,Accept,1.205888771812191,Accept,Accept,0.3053276257861311
0.885906901297349,0.9579300287836872,0.021067990350630464,-0.17990580643799908,0.18732761770458445,Accept,"Gender, Age, ProgVar",1.2046496275207825,0.021067990350630464,-0.156436101632938,0.20472494781374306,Accept,1.2819383515003577,Accept,Accept,0.9006488996323972
0.6357355459222377,0.9060177859157542,0.11382384241864273,-0.07645327025818065,0.3191918696478463,Accept,"Gender, Age, ProgVar",1.1001571223348863,0.11382384241864273,-0.07448767193254369,0.29220858690352675,Accept,1.2086819909559694,Reject,Accept,0.47261170274827236
0.6887931491122339,0.9832165588727693,0.06414752918622948,-0.09065086857823366,0.27111337882944775,Accept,"Gender, Age, ProgVar",1.3682450429758788,0.06414752918622948,-0.12879747847614886,0.26092557865962157,Accept,1.2890390509872416,Reject,Accept,0.17691968481207718
0.40355415840740816,0.9471376373106399,0.15160512939105059,-0.059774772221259063,0.434758024330708,Accept,"Gender, Age, ProgVar",1.176605525280756,0.15160512939105059,-0.1053089728899593,0.38728816788997705,Accept,1.2606795421682928,Reject,Accept,0.36907887035310655
0.44037902192119976,0.8657002953242514,0.19605037826765898,-0.0010828941660762925,0.39652776711092974,Accept,"Gender, Age, ProgVar",1.2421882200572454,0.19605037826765898,-0.00802074806139022,0.397034826563828,Accept,1.227166207328564,Reject,Accept,0.8459529845400886
0.261305048898036,0.8806350883876275,0.1877468144300241,-0.07956232531976151,0.6182616495857775,Accept,"Age, ProgVar, X2",1.5106689775420807,0.1877468144300241,-0.09629808628757291,0.474445431277844,Accept,1.5544387334528642,Accept,Accept,0.8490110258198863
0.6858233650830116,0.887592506678867,0.16925998499111802,-0.022726993917565386,0.35823161933088304,Accept,"Gender, Age, ProgVar",1.3794894501633814,0.16925998499111802,-0.044129403217953875,0.37407804097666464,Accept,1.4207329388086831,Accept,Accept,0.6564903758679398
0.30865365403422795,0.9481975038549693,0.14301768246332022,-0.05733733745775896,0.38155831786678296,Accept,"Gender, Age, ProgVar",1.1625400836786532,0.14301768246332022,-0.06807971044958977,0.353787885305798,Accept,1.2957103556432006,Reject,Accept,0.16913806684692015
0.2432839171534846,0.8042979970134418,0.41818040984082566,0.20305719900859714,0.6133493557870318,Reject,"Gender, Age, ProgVar",1.653207305485115,0.41818040984082566,0.22651386614357338,0.6330188295838786,Reject,1.4394346122502049,Reject,Accept,1.0449877676490504
0.5065877441505751,0.9351207579411518,0.027196015140440385,-0.16723332152949374,0.20377962630321975,Accept,"Gender, Age, ProgVar",1.0498574490041193,0.027196015140440385,-0.1478530938774741,0.22752321624861327,Accept,1.0672140960813195,Reject,Accept,0.9069714604224265
0.5778415776090474,0.9181296311814203,0.05775213174366151,-0.16259152081222353,0.24465385468225812,Accept,"Gender, Age, ProgVar",1.2861695973333602,0.05775213174366151,-0.13298580894761972,0.26719583765235133,Accept,1.5515048882460085,Reject,Accept,0.808076409667415
0.44143160641924434,0.8722070466125408,0.1691085642772679,-0.0176964517533324,0.35316132181406645,Accept,"Gender, Age, ProgVar",1.3027440673086048,0.1691085642772679,-0.011988171274998176,0.3628937765908011,Accept,1.4664434534203636,Reject,Reject,1.0590621447709683
0.6595434533976157,0.9916068652309453,0.16659164298142096,-0.025994714958776602,0.45975743797034535,Accept,"Gender, Age, ProgVar",1.311722180890535,0.16659164298142096,-0.09499205674510247,0.40462488566522625,Accept,1.3197952727011775,Reject,Accept,0.44881221656140785
0.43132353714976435,0.9286826476327303,0.2044761215612884,0.040150531818770915,0.41097289840879087,Reject,"Gender, Age, ProgVar",1.184719670143456,0.2044761215612884,0.02032680151975295,0.38680060395343147,Reject,1.2938563244070656,Reject,Accept,0.4137781196464102
0.5314013476834807,0.9163368999769588,0.10906705171893265,-0.06606200794727393,0.3489675299939764,Accept,"Gender, Age, ProgVar",1.29369775440231,0.10906705171893265,-0.10089018825327245,0.3035923948455499,Accept,1.2400796225898156,Accept,Accept,0.6696568437787483
0.939718333075556,0.9198976154610875,-0.012131599857132951,-0.2261098197046837,0.22946549436213215,Accept,"Gender, Age, ProgVar",1.3798339738155565,-0.012131599857132951,-0.23540123606476243,0.21485775591962533,Accept,1.5448058477852762,Reject,Accept,0.3503781838788738
0.5935917832295283,0.8989959007649476,-0.021465062756146146,-0.1551917485062055,0.2825860612493296,Accept,"Gender, Age, ProgVar",1.3209034224945133,-0.021465062756146146,-0.2324610051079274,0.1808672077001649,Accept,1.1673361961626976,Reject,Accept,0.6981184633791901
0.7437203322398863,1.014258357967043,0.024985560768457975,-0.1839380904529295,0.19892666180207197,Accept,"Gender, Age, ProgVar",1.0318374156521606,0.024985560768457975,-0.17367145079038301,0.2221325186801378,Accept,0.9929422922543037,Accept,Accept,0.8861345409712147
0.7214529056198531,0.9048082050817391,0.10869289590041131,-0.05532443107599417,0.2937016245110358,Accept,"Gender, Age, ProgVar",1.376297927855053,0.10869289590041131,-0.059696956934232825,0.28878541084012116,Accept,1.2952365557570231,Reject,Accept,0.5260596918485086
0.5944847872979186,1.0350612790436118,-0.0017308806672383602,-0.20102974416875125,0.14871113877447867,Accept,"Gender, Age, ProgVar",1.043128919460854,-0.0017308806672383602,-0.1934747263952944,0.1865827553453404,Accept,1.0847325029409522,Accept,Accept,0.5508432463379699
0.5176891776499799,0.8762032363116671,0.21096704675898748,0.016073871240518595,0.4031085377952642,Reject,"Gender, Age, ProgVar",1.5530158707194557,0.21096704675898748,0.026175267708053243,0.3936702922270427,Reject,1.52780190272978,Reject,Accept,1.0116772589776866
0.4889402748786976,0.8677432720946741,0.14977606279309646,-0.05849377844642936,0.405998137504967,Accept,"Gender, Age, ProgVar",1.5278570564462717,0.14977606279309646,-0.0830375377485926,0.3860115617452547,Accept,1.5016259376127556,Reject,Accept,0.1434307445325439
0.8712745938323045,1.0211878130671284,-0.012395082196107679,-0.22880333139996392,0.16015070590612476,Accept,"Gender, Age, ProgVar",1.1787269269330043,-0.012395082196107679,-0.18721286926648842,0.18386172257990138,Accept,1.2236644531910585,Accept,Accept,0.12617359245674512
0.4873377944774958,0.9402270354018628,0.15752969819917623,-0.03556614202385061,0.3408340549772864,Accept,"Gender, Age, ProgVar",1.2278151931992283,0.15752969819917623,-0.013746583937649243,0.3369891588273012,Accept,1.463025546900937,Accept,Accept,0.34127968658683505
0.6744128501726806,0.9807361049648599,0.0037149516113075716,-0.24390595291696388,0.22996817460882663,Accept,"Gender, Age, ProgVar",1.669023398827673,0.0037149516113075716,-0.24105476845160473,0.23579168269993503,Accept,1.566652766594281,Accept,Accept,0.5460103242542621
0.8023611359577145,0.9462000625367274,-0.0019170892512000689,-0.19884414115627297,0.19551424351365543,Accept,"Gender, Age, ProgVar",1.4109144421648354,-0.0019170892512000689,-0.2091271590357394,0.20809822039072126,Accept,1.487824696331602,Accept,Accept,0.5416055286678881
0.28114160004994276,0.8465130482020553,0.4020328373871491,0.17061004804738383,0.5913250350612829,Reject,"Gender, Age, ProgVar",1.440536835681912,0.4020328373871491,0.17386255515345247,0.6061186386308237,Reject,1.3063383350057274,Reject,Accept,0.1841847382100155
0.7125640070790943,0.9920458758114655,0.012706513678615505,-0.23489772836690903,0.22422538974555334,Accept,"Gender, Age, ProgVar",1.3848591440945057,0.012706513678615505,-0.19005170662256404,0.2189883210611696,Accept,1.3031328528967296,Accept,Accept,1.056878710489706
0.4501525640654135,1.0004724214695062,0.26421421075562396,0.0050105767052125785,0.5128891017696717,Reject,"Gender, Age, ProgVar",1.6770986946070545,0.26421421075562396,0.026350463494059943,0.5248707464533348,Reject,1.5327050718710107,Reject,Accept,0.9157892806553525
0.6270584118620036,1.0221738098725242,-0.06403769658942969,-0.2790806900800823,0.1282568043903556,Accept,"Gender, Age, ProgVar",1.2962935437975736,-0.06403769658942969,-0.26009904299613296,0.1424942348121368,Accept,1.2653773307679064,Accept,Accept,0.3303969531054344
0.7504211206426952,0.9665236252608782,0.0905085967067511,-0.1294643811974548,0.28890160272293375,Accept,"Gender, Age, ProgVar",1.3276814249033921,0.0905085967067511,-0.11704042690939476,0.2963758698761921,Accept,1.3383732684946454,Reject,Accept,0.4274910415529242
0.5960929995715283,0.9539285443170085,0.06583341529734611,-0.1202148190770962,0.3124301041248751,Accept,"Gender, Age, ProgVar",1.400030094121281,0.06583341529734611,-0.14879227294807623,0.28968341028567307,Accept,1.2696598424322114,Reject,Reject,1.1503184666636013
0.7116066980519712,0.9781419886538869,0.07622130236549533,-0.10788344959988436,0.27240543481450286,Accept,"Gender, Age, ProgVar",1.4226604462020325,0.07622130236549533,-0.11286503788753402,0.27807167216561157,Accept,1.5546208887416813,Reject,Accept,0.6780437841556822
0.4204715330121508,0.9938806251022143,0.09479655584066872,-0.14718641043917827,0.29151973271570364,Accept,"Gender, Age, ProgVar",1.3525815466960946,0.09479655584066872,-0.14237849312239437,0.325771900317524,Accept,1.3593663359942563,Accept,Accept,0.6201284653903083
0.19985123431707633,0.8546214349751043,0.24888299540583833,0.03794647993093879,0.48600108124285607,Reject,"Gender, Age, ProgVar",1.2810921865685096,0.24888299540583833,0.030733660258008937,0.47481497534429506,Reject,1.182239792585605,Reject,Accept,0.7559620390767238
0.5232970069075608,0.809913729380672,0.15656426927846737,0.002846109156071759,0.4394138991553765,Reject,"Gender, Age, ProgVar",1.1716135355962818,0.15656426927846737,-0.0578313072083957,0.3943253136259909,Accept,1.3492736103888294,Reject,Accept,0.4864129139216375
0.37607428584168906,0.9019422222711065,0.17194900186731585,-0.016157638509257225,0.3736561541696133,Accept,"Gender, Age, ProgVar",1.3457158583791997,0.17194900186731585,-0.018354550593313854,0.36206410895704805,Accept,1.3829016853156264,Reject,Accept,0.3952988781338157
0.7801975500663605,0.8652835752328701,0.0981525252608499,-0.12346421824871046,0.3165924083529347,Accept,"Gender, Age, ProgVar",1.6282789484720361,0.0981525252608499,-0.1438457048391943,0.34032307277471824,Accept,1.4925983385416028,Reject,Accept,0.7839149360151478
0.42430215659742254,0.9167615119746435,0.1449636196279849,-0.05373793125441405,0.3819388317262152,Accept,"Gender, Age, ProgVar",1.5213515058745062,0.1449636196279849,-0.07769849012079767,0.36880613178322985,Accept,1.6035794069822427,Accept,Accept,0.5182984613027626
0.24796912462099588,0.8431505073549402,0.1799697562280417,-0.01352815617542693,0.381169301826222,Accept,"Gender, Age, ProgVar, X2",1.2606342567243418,0.1799697562280417,-0.00811262426496008,0.3658763254995998,Accept,1.2968850319133742,Reject,Reject,1.2133716484448622
0.5052641834713779,0.8086599789488247,0.1581547229578275,0.007886138752491511,0.4293747901056604,Reject,"Gender, Age, ProgVar",1.3846485890385265,0.1581547229578275,-0.06658346918652273,0.3614708710078662,Accept,1.5217706306387746,Reject,Accept,0.9055686024306803
0.3114195595726129,0.8899032044376975,0.2646715171583151,0.007997802470194056,0.455001681473782,Reject,"Gender, Age, ProgVar",1.5879054329342688,0.2646715171583151,0.027174117977728354,0.48775410100585415,Reject,1.349146152468191,Reject,Accept,0.7790781206457509
0.568885304211675,0.8300314701997875,0.2108385582072373,-0.02083967274619201,0.43681279491108466,Accept,"Gender, Age, ProgVar",1.556451982755149,0.2108385582072373,-0.0089276209070979,0.41698666523668654,Accept,1.6723396527089847,Accept,Accept,0.5542706408159398
0.39291748183518943,0.8971640840207086,0.15085395055419448,-0.022804523640311856,0.3755326777037881,Accept,"Gender, Age, ProgVar",1.2159271561890872,0.15085395055419448,-0.045899344144077786,0.3398741658422578,Accept,1.1152182785962201,Reject,Accept,0.6836815864976532
0.5938353623562492,0.9580548725993651,0.0901223630650005,-0.11881106421649917,0.3490805801092859,Accept,"Gender, Age, ProgVar",1.2187920684348454,0.0901223630650005,-0.17085574603246706,0.3440143595398161,Accept,1.376712565596425,Reject,Accept,0.7686588547610721
0.5292110356330672,0.7678445686408794,0.2391970394454932,0.09850440911955446,0.465309898181393,Reject,"Gender, Age, ProgVar",1.7301014138240738,0.2391970394454932,0.05975752120138975,0.4259742859208469,Reject,1.5360505646617728,Accept,Accept,1.0391068698781936
0.6718155090602791,1.0043603357952036,0.008268962793782086,-0.27257854396545167,0.16894399975068933,Accept,"Gender, Age, ProgVar",1.581448083445492,0.008268962793782086,-0.2004039398456916,0.19406658202888133,Accept,1.2878634991844486,Accept,Accept,0.726648987647383
0.6674595148486795,0.9091737568604988,0.2627767042903851,-0.03042704040735941,0.4257461483480167,Accept,"Gender, Age, ProgVar",1.7971024651013672,0.2627767042903851,0.014559198262489581,0.4930788739969098,Reject,1.595285501274389,Reject,Accept,0.930438587766321
0.5337372289668506,0.9889264410174012,0.09351766357345681,-0.06577811615037582,0.33829899201458846,Accept,"Gender, Age, ProgVar",1.3360569418607355,0.09351766357345681,-0.10616627157163612,0.3210582320351487,Accept,1.2866903853498248,Reject,Accept,0.8668929995368565
0.4577549727533499,0.8854018497399587,0.16961734196735598,0.001368731657191924,0.40286632667571837,Reject,"Gender, Age, ProgVar",0.918296634335191,0.16961734196735598,-0.03206444862824023,0.3711939711068673,Accept,1.120873562649961,Reject,Accept,0.4461061642104841
0.2143132571161499,0.7525210397615983,0.3376061691813931,0.15178692633975904,0.5838432911444464,Reject,"Gender, Age, ProgVar",1.5614432302682308,0.3376061691813931,0.10752423862342836,0.5770249463858027,Reject,1.5756154433395262,Reject,Reject,1.0446417478350782
0.43508729422350984,0.9094326870361263,0.21999142738189123,0.05989250337860882,0.4469250814714969,Reject,"Gender, Age, ProgVar",1.4412684887333018,0.21999142738189123,0.041679684436818014,0.4009509002230562,Reject,1.2144830918060037,Reject,Accept,0.25590251826978394
0.45875264271542116,0.8763053311003782,0.2305498682650401,0.005583798795839546,0.4793994663081789,Reject,"Gender, Age, ProgVar",1.237286461738912,0.2305498682650401,0.0075654401513577454,0.4654618189930475,Reject,1.3553615360988933,Accept,Accept,0.7117266730409496
0.7921561436396979,1.0155819017508942,-0.0482139224978235,-0.2288188951588327,0.12338805126922972,Accept,"Gender, Age, ProgVar",1.2025399447395724,-0.0482139224978235,-0.21425756261663764,0.1277473744230159,Accept,1.1810920077668836,Reject,Accept,0.7957809959440519
0.5381557323132223,0.8535704190022231,0.2655709499922189,0.09070981494594789,0.49411709688424743,Reject,"Gender, Age, ProgVar",1.5822047533017736,0.2655709499922189,0.06594826250317291,0.4635069405819747,Reject,1.6614871335427106,Reject,Accept,0.3582943797100699
0.6459943175717681,0.9942253018025008,0.025937706069910374,-0.20447972075690132,0.2102608718517604,Accept,"Gender, Age, ProgVar",1.2479537467260748,0.025937706069910374,-0.18319686060466678,0.23614932387586907,Accept,1.297303922379717,Reject,Accept,0.5380015587725603
0.36370762341414953,0.9209546737639943,0.2346193959408367,0.0686123832296562,0.4324330873093115,Reject,"Gender, Age, ProgVar",1.3364123912519148,0.2346193959408367,0.04525577171017755,0.4118553291748304,Reject,1.1830225855491223,Reject,Reject,1.016017677665821
0.5670819466681957,0.9822235582391576,0.08814968503674735,-0.22251072105509664,0.27219634406725646,Accept,"Gender, Age, ProgVar",1.1290410248696694,0.08814968503674735,-0.18428994246973532,0.35097619722084755,Accept,1.2591002583092439,Accept,Accept,0.32414138083892713
0.47353063899742004,0.9440682530977127,0.2828338867248598,0.05098449550332883,0.47558143156000765,Reject,"Gender, Age, ProgVar",1.3533727426857063,0.2828338867248598,0.05950973933594443,0.4973142159207813,Reject,1.2546551729571023,Reject,Accept,1.0182628584660725
0.5538117043297665,0.9189319160430749,0.1176257633768116,-0.08805652706659309,0.40089932086508073,Accept,"Gender, Age, ProgVar",1.8717151710545374,0.1176257633768116,-0.16303236864008597,0.3644658836975166,Accept,1.5806636956056055,Reject,Accept,0.9045225810334441
0.5209301980328586,1.0412866448308833,0.042931008737175126,-0.14153513291025727,0.25018729502411174,Accept,"Gender, Age, ProgVar",1.2172251779326873,0.042931008737175126,-0.17104542753479882,0.2260374647787577,Accept,1.2033935057607785,Accept,Accept,0.8259570564440748
0.7126576985152104,0.8644765657387167,0.10096355558492312,-0.07246542101249073,0.2714873533564551,Accept,"Gender, Age, ProgVar",1.5108830647965354,0.10096355558492312,-0.061737249301998545,0.2731648088205885,Accept,1.4468081672757886,Reject,Accept,0.8439992911200263
0.4439801245640104,0.9749367128903144,0.18019345855188038,-0.06245648968189923,0.418687328441068,Accept,"Gender, Age, ProgVar",1.3467855775259947,0.18019345855188038,-0.08072171710243078,0.4354262394106491,Accept,1.3545430437222348,Accept,Accept,0.6810372607189179
0.4307449884491524,0.8743311358044265,0.23731085028262316,0.04260936745360192,0.45481140504152967,Reject,"Gender, Age, ProgVar",1.6039332076041524,0.23731085028262316,0.02222893252768357,0.42984753082290805,Reject,1.5967852517460157,Reject,Accept,0.3235194203113725
0.22974389236434187,0.9641083193942646,0.21385836523777121,-0.060317285499536494,0.4411673844939263,Accept,"Gender, Age, ProgVar",1.1684583311560293,0.21385836523777121,-0.06262155107032531,0.47991655357778557,Accept,1.081787442005217,Reject,Accept,0.6545226572312025
0.3725877708914881,0.9331006109415944,0.11489831229465376,-0.07443077073623725,0.35924930238566627,Accept,"Gender, Age, ProgVar",1.065690634997727,0.11489831229465376,-0.09574090525899755,0.3363324116544951,Accept,1.0598176067119105,Accept,Accept,0.5967591655282274
0.7123303016207614,0.95407082095647755,0.1079924619362424,-0.12654409866489155,0.31906948648593125,Accept,"Gender, Age, ProgVar",1.4126031633403917,0.1079924619362424,-0.11127633585720677,0.33508028444009197,Accept,1.3891283963380527,Reject,Accept,0.33404532304307727
0.8453299220500535,1.0271732238072697,0.006499829695522235,-0.25759069432695025,0.2253218760827831,Accept,"Gender, Age, ProgVar",1.2557011030253051,0.006499829695522235,-0.2303636901011375,0.26030355712451114,Accept,1.2437135621659252,Accept,Accept,0.8911177894900945
0.3581486566157522,0.927921186202144,0.1825447607577114,-0.06292696786688477,0.38538088019933064,Accept,"Gender, Age, ProgVar",1.8763446816164306,0.1825447607577114,-0.05458861682115236,0.418620045993381,Accept,1.6674919576734897,Reject,Accept,0.9137502965860974
0.4046782702962408,0.9631782947682244,0.22605617151718732,-0.08989677214627795,0.41305106484220844,Accept,"Gender, Age, ProgVar",1.5563115535269472,0.22605617151718732,-0.004732572676959576,0.4541313188191745,Accept,1.2693058884493964,Accept,Accept,0.6374605531491523
0.41048025373562746,0.9088416625815987,0.15425994736773957,-0.04997877468400241,0.3489549259922472,Accept,"Gender, Age, ProgVar",0.9952964400079688,0.15425994736773957,-0.06952648223968884,0.3665711357776372,Accept,1.016148947306095,Reject,Accept,0.48269638449587676
0.2850151577869415,0.903827351306098,0.2017737238738998,0.02176215655919486,0.39590921761711356,Reject,"Gender, Age, ProgVar",1.2638107403105747,0.2017737238738998,0.008384518328506996,0.37237891029974546,Reject,1.3572529751392457,Reject,Accept,0.6740585023929112
0.5145261495229321,0.9707694129529688,0.0073248232068902006,-0.12607560955138947,0.15422049084605582,Accept,"Gender, Age, ProgVar",1.2836987078361608,0.0073248232068902006,-0.14125859719199887,0.15963795996744634,Accept,1.3048540513107922,Reject,Accept,0.6849672056669361
0.607293195769412,0.8506633337587882,0.25227955088842174,0.05254120829461853,0.45038279449091034,Reject,"Gender, Age, ProgVar",1.33697006845551,0.25227955088842174,0.06340004813381848,0.451765329985125,Reject,1.4285146025710591,Reject,Accept,0.6589365416828836
0.5770456351010869,0.9552351867407195,0.07915746796347181,-0.13592173245634273,0.28051957297328545,Accept,"Gender, Age, ProgVar",1.7667435450565305,0.07915746796347181,-0.11947220904691846,0.2897652569550726,Accept,1.6450191188310657,Reject,Accept,0.5607601397746352
0.8203121304590268,1.0127540839253018,0.014916575303048107,-0.19758367312278174,0.23873717539314968,Accept,"Gender, Age, ProgVar",1.6186801000006747,0.014916575303048107,-0.19269116992480032,0.21512281041246178,Accept,1.4949579505316186,Accept,Accept,0.7165205221152107
0.6064774037697743,0.916992377540584,0.15456926660342693,-0.017522978662113255,0.3613684493407645,Accept,"Gender, Age, ProgVar",1.1456964541300878,0.15456926660342693,-0.034238086286669564,0.33637581383199694,Accept,1.3271240377592906,Reject,Accept,0.8214218536441622
0.578463551034921,0.8735990910108693,0.1371235862900818,-0.09190261663727087,0.33138046065555515,Accept,"Gender, Age, ProgVar",1.095970293178813,0.1371235862900818,-0.07772940721456162,0.35018364862806795,Accept,1.263747320724599,Reject,Accept,0.6405361346625101
0.7968630408378695,0.9837759894884118,0.058224837327220766,-0.18660400100856475,0.279312018003315,Accept,"Gender, Age, ProgVar",1.2488314587166505,0.058224837327220766,-0.16089063940677956,0.2952913136037932,Accept,1.3163559939466853,Accept,Accept,0.4581006502562474
0.5322651248704557,0.9324173002513289,0.1498737510015198,-0.05726785456132605,0.29643140963156184,Accept,"Gender, Age, ProgVar",1.3923492196685032,0.1498737510015198,-0.023349729569150518,0.3173020369814148,Accept,1.532154853502691,Reject,Accept,0.8774134339060468
0.7923816159150736,0.923152475802878,0.1745763211524617,-0.06729914152312846,0.3553981713985903,Accept,"Gender, Age, ProgVar",1.2665690418110456,0.1745763211524617,-0.03064261357967714,0.38994476022274976,Accept,1.3091583571100713,Accept,Accept,0.27818913075045815
0.46747797027282,0.8785003920435662,0.1663502053245761,0.010250427565701027,0.36556118643020596,Reject,"Gender, Age, ProgVar",1.193039373598533,0.1663502053245761,-0.027778701251001427,0.33591889653949086,Accept,1.1999213644142417,Reject,Reject,1.1330445885617004
0.5801687753923171,0.9074490816809915,0.055352714763405475,-0.10903437732742842,0.24635209519653978,Accept,"Gender, Age, ProgVar",1.3877702175542168,0.055352714763405475,-0.12306900808830858,0.2420179100416165,Accept,1.3124721622903692,Reject,Accept,0.5444942549769265
0.4694184113317156,0.8629516262661491,0.22991206861721775,0.0996007155045526,0.4417553570052415,Reject,"Gender, Age, ProgVar",1.566287357180739,0.22991206861721775,0.06704298531978829,0.3952178263798367,Reject,1.4370745595350007,Reject,Accept,0.5183206044067495
0.6495943903613911,0.9853578118463929,0.05237183245773871,-0.13931977475727145,0.3236861195340661,Accept,"Gender, Age, ProgVar",1.3739615829604515,0.05237183245773871,-0.1727622806940382,0.2870706195396002,Accept,1.233572749495334,Reject,Reject,1.0262387696626165
0.4384733742274166,0.9186775462982725,0.20320949573799335,-0.017021197791898895,0.41697750460855243,Accept,"Gender, Age, ProgVar",1.1395047762969794,0.20320949573799335,-0.014895848607917452,0.4251107464310986,Accept,1.0746187538901264,Reject,Accept,0.8786651969034495
0.5617845199259919,0.9812766391081359,0.012203626110726394,-0.16364060698508823,0.178583722694951,Accept,"Gender, Age, ProgVar",1.1769183477742415,0.012203626110726394,-0.14772010089819923,0.1791121235770619,Accept,1.0477637224381366,Reject,Accept,0.750560514022796
0.6039710174038359,0.9527524807761214,0.0018050043049392865,-0.20159819383572744,0.22212513650816756,Accept,"Gender, Age, ProgVar",1.0025118199767464,0.0018050043049392865,-0.2069311693960757,0.21308411502995425,Accept,1.1111091873153323,Accept,Accept,1.0023709050443657
0.4761343519283062,0.9536847510009766,0.058882679736270385,-0.1388451123204552,0.24443324526328417,Accept,"Gender, Age, ProgVar",1.579162641965778,0.058882679736270385,-0.12912034859513116,0.2441632208442091,Accept,1.3524193689865953,Accept,Accept,0.23315098720590843
0.19029027440630533,0.8607067094448734,0.31004146080505934,0.11427832827772139,0.5190730005239687,Reject,"Gender, Age, ProgVar",1.2326276991774787,0.31004146080505934,0.106867557340759,0.5091033837044084,Reject,1.1909419995673505,Reject,Reject,0.9724567753644712
0.5729201529497139,0.8063163934721728,0.17325456992295815,-0.02963862598445563,0.41508420609164753,Accept,"Gender, Age, ProgVar",1.5340552659251128,0.17325456992295815,-0.06194796541361762,0.38795766007854754,Accept,1.42509420864616,Reject,Accept,0.3838020421343693
0.32912770916631273,0.8637270200708246,0.24321186660367486,-0.024851922447221345,0.5007732838183546,Accept,"Gender, Age, ProgVar",1.6180011699471963,0.24321186660367486,-0.015522512534512919,0.47813035990158326,Accept,1.3344237601598365,Reject,Accept,0.7132209530086557
0.5340462255056652,0.946981451959761,0.08417201525237396,-0.08995063078523516,0.2845549524002623,Accept,"Gender, Age, ProgVar",1.4861427693621618,0.08417201525237396,-0.09130242641887978,0.26033568082070496,Accept,1.4791260384228293,Accept,Accept,0.7052723406273174
0.639851159893021,0.8692834987844295,0.09928136698108038,-0.0964867099920568,0.3411688728984064,Accept,"Gender, Age, ProgVar",1.2832376034843165,0.09928136698108038,-0.13099908452753262,0.31574197339031956,Accept,1.2121612394585528,Reject,Accept,0.268757846552804
0.23594565809336512,0.8244027610771438,0.3174768419934351,0.10574656963471019,0.5585467565960033,Reject,"Gender, Age, ProgVar",1.391032668795155,0.3174768419934351,0.10085639235349075,0.5255942614618391,Reject,1.2736771784968524,Reject,Accept,0.9517393459837824
0.31601388479310993,0.8762954784541077,0.3367359410650803,0.11108618336338093,0.5576718475668625,Reject,"Gender, Age, ProgVar",1.425400057991149,0.3367359410650803,0.09712902907936219,0.5832958221220839,Reject,1.5362496489062747,Reject,Accept,0.9718915618220352
0.6543381636309459,0.9695045671373616,0.08851242153389909,-0.09110876507917712,0.29646750931037663,Accept,"Gender, Age, ProgVar",1.4066263069097509,0.08851242153389909,-0.09864902932167095,0.28170145144864095,Accept,1.4021409079303284,Accept,Accept,0.6106570944981462
0.42768377282854814,0.925904863892899,0.30451126769549763,0.05499078146924045,0.5208198382521919,Reject,"Gender, Age, ProgVar",1.464248887202151,0.30451126769549763,0.07141751163698537,0.5257843574817516,Reject,1.282975266615454,Accept,Accept,0.9157525065552469
0.6334466524563285,0.9490500734891384,0.07253944685939798,-0.13845464322691267,0.310968753547179,Accept,"Gender, Age, ProgVar",1.6444598152837344,0.07253944685939798,-0.1495164677030616,0.3090548784113758,Accept,1.401290051393063,Reject,Accept,0.03506204113788188
0.7587350171234135,1.0814317610652187,0.04465184930182595,-0.19930878904582947,0.4274649991639629,Accept,"Gender, Age, ProgVar",1.679256138429752,0.04465184930182595,-0.27381708450369113,0.341236960828815,Accept,1.576551101847048,Reject,Accept,0.4235963912566489
0.38576320244744094,0.8852679487553915,0.1737381434294126,-0.0237460972218174,0.3537339287171163,Accept,"Gender, Age, ProgVar",1.232484978040317,0.1737381434294126,-0.013689743827612566,0.37304645581722107,Accept,1.2113300195962597,Reject,Reject,1.2804306946180175
0.34939345943431893,0.8742451165768838,0.16668682602015525,-0.03247889718741025,0.3944837768897162,Accept,"Gender, Age, ProgVar",1.21436254182981,0.16668682602015525,-0.048968415288447524,0.36612382760997886,Accept,1.2472535484222649,Reject,Accept,0.5710414987632488
0.5027471681022985,0.8964270108897185,0.11118746542981035,-0.1053232648251401,0.3891570829727249,Accept,"Gender, Age, ProgVar",1.102876175019711,0.11118746542981035,-0.10172092825149218,0.34655778312584656,Accept,1.3516728465552186,Reject,Accept,0.7705268724591338
0.6203899266308294,0.9737170821925711,0.1102380011013187,-0.08423205610321086,0.2706589148786901,Accept,"Gender, Age, ProgVar",1.3040770784558822,0.1102380011013187,-0.07124057040717227,0.28491535394677997,Accept,1.230180216161781,Reject,Accept,0.17001272764251874
0.5538558523218103,0.8803138531849838,0.18463496251175887,-0.01299644609352426,0.40050185280776657,Accept,"Gender, Age, ProgVar",1.4362365993451107,0.18463496251175887,-0.027649748592317218,0.38284637602142424,Accept,1.4666478400570213,Reject,Accept,0.21640128913798393
0.5575896947161787,0.8375963936540934,0.18794031705150352,-0.005459065041807359,0.43659301673067497,Accept,"Gender, Age, ProgVar",1.2602388577808064,0.18794031705150352,-0.030057573382981675,0.39710370223758085,Accept,1.2472223902467534,Reject,Reject,1.0524770405319464
0.470975511445037,0.8370275489275918,0.2394396024984839,0.08222177900434387,0.48989063881208816,Reject,"Gender, Age, ProgVar",1.1838729367524092,0.2394396024984839,0.03409427021301644,0.4509028497359276,Reject,1.4368572799624275,Accept,Reject,1.2163668679654653
0.3564874454331518,0.8499113135053558,0.2637680827634338,0.06896551879620588,0.48997271260888364,Reject,"Gender, Age, ProgVar",1.3161422399847251,0.2637680827634338,0.06015857794863963,0.47396115237699854,Reject,1.3160672086919405,Reject,Accept,0.6398286424145594
0.31799308951538624,0.9116164307749083,0.3218543965408375,0.05314858356842467,0.5313615835891425,Reject,"Gender, Age, ProgVar",1.3023285067498815,0.3218543965408375,0.08368445483702991,0.5554992168955021,Reject,1.3027484785460441,Reject,Accept,0.4847587849112732
0.9979528105590284,1.080552366197424,-0.06760175345953806,-0.2799313462058401,0.14707116310003848,Accept,"Gender, Age, ProgVar",1.2116446716341172,-0.06760175345953806,-0.2825133922943434,0.14745395244265336,Accept,1.3621225549231928,Accept,Accept,0.8864494479501234
0.32071508407787797,0.963772629391508,0.20029742489344715,-0.0052149226158517675,0.3703894743258902,Accept,"Gender, Age, ProgVar",1.3793885799400465,0.20029742489344715,0.013645122882624575,0.37922396969924854,Reject,1.4658102755847024,Accept,Accept,0.5245098754576429
0.6663329088775942,0.9451612348891665,0.14986211494878743,-0.10421446344398641,0.35894580155705935,Accept,"Gender, Age, ProgVar",1.587921054459104,0.14986211494878743,-0.0783476677163938,0.36509646672358276,Accept,1.5171288688312208,Reject,Accept,0.7970957693846985
0.4709740455714707,0.9114126163578633,0.10508269051660415,-0.09864616089044348,0.3331078217835662,Accept,"Gender, Age, ProgVar",1.0631011640974892,0.10508269051660415,-0.11074186528524552,0.32919219046001347,Accept,1.1640085842863166,Reject,Accept,0.44825936753898293
0.7684696667775475,0.9915391854754533,0.03320519178795416,-0.15540094209844701,0.2051810944439385,Accept,"Gender, Age, ProgVar",1.3179372423428888,0.03320519178795416,-0.15531852044455358,0.2031544749102542,Accept,1.26336738529791,Reject,Accept,0.4957793557161003
0.4327285478974146,0.9020229130248221,0.17628926903209616,-0.028348247243824863,0.38193832401157424,Accept,"Gender, Age, ProgVar",1.371661020699045,0.17628926903209616,-0.02134583323906992,0.37446225595455984,Accept,1.1963442109826987,Reject,Accept,0.26193190007082096
0.08174697741309102,0.7530826554301151,0.369398366662915,0.1713517638304793,0.5263446531159993,Reject,"Gender, Age, ProgVar",1.233737431805184,0.369398366662915,0.18950880754249075,0.5453948112370489,Reject,1.2160023806746918,Reject,Reject,1.0765162099952243
0.46966374483584333,0.8821718647023945,0.24634636010969052,0.024884593047408393,0.45856477959081576,Reject,"Gender, Age, ProgVar",1.3043281787225518,0.24634636010969052,0.033590070155295214,0.4752225063850619,Reject,1.3148712726213683,Reject,Accept,0.6464834661538349
1.1079580851324977,1.0316131578996082,-0.112834535263786,-0.3031971041561259,0.0949594003398482,Accept,"Gender, Age, ProgVar",1.4557716151412117,-0.112834535263786,-0.3176302609348284,0.08102257239358689,Accept,1.39967583450522,Accept,Accept,0.8885650861704476
0.5297298570584401,0.9709928492138356,0.054407136098909806,-0.11597868742368053,0.2735776021395775,Accept,"Gender, Age, ProgVar",1.1124285431521799,0.054407136098909806,-0.1376643232723595,0.25086973581583305,Accept,1.2378222095525235,Reject,Accept,0.8813753720134773
0.5946294532583102,0.9835865505599678,0.048834019549772054,-0.12293605293639612,0.31481959402655396,Accept,"Gender, Age, ProgVar",1.1447587172199152,0.048834019549772054,-0.18594944958764503,0.26564570319543646,Accept,1.2653550933338316,Accept,Accept,0.7243015089110191
0.4664242820890614,0.9382184947144918,0.18424394485255127,-0.01953477501943334,0.382921805635155,Accept,"Gender, Age, ProgVar",1.5777112996322717,0.18424394485255127,-0.016928523767683154,0.38405070094459726,Accept,1.5012876311202854,Reject,Accept,0.5968598943980526
0.5174818775996736,0.9704521572396239,0.0290164392206525,-0.17773041377144624,0.28986901708671786,Accept,"Gender, Age, ProgVar",1.3336801905834739,0.0290164392206525,-0.20207896628275102,0.2569636470170889,Accept,1.3601994428324227,Accept,Accept,0.24953842217779426
0.32012078149781625,0.9021363818497616,0.12674177009448223,-0.055650953745335026,0.33434692361666324,Accept,"Gender, Age, ProgVar",1.1498823384709242,0.12674177009448223,-0.06953502007477896,0.32643911126645475,Accept,1.2420977008272749,Reject,Accept,0.7550903343802722
0.3399371067249125,0.8759853293979252,0.29697648433009544,0.03265131832417183,0.5601404025659209,Reject,"Gender, Age, ProgVar",1.601985104398684,0.29697648433009544,0.041919414310149006,0.5558157416913769,Reject,1.7335608508191391,Reject,Accept,0.46437365531380187
0.3388917982226747,0.8265184114585831,0.25554076053985175,0.022102728214987127,0.5054243614334011,Reject,"Gender, Age, ProgVar",1.5425777684756952,0.25554076053985175,0.02776517807179784,0.5081229149967719,Reject,1.2973261165703267,Reject,Accept,0.8475532256169086
0.7267457105021825,0.9670270744380423,0.01731412443902254,-0.19534209209281805,0.25290051855908113,Accept,"Gender, Age, ProgVar",1.6320815838862877,0.01731412443902254,-0.20430319289826165,0.23946828389921204,Accept,1.5210967476075337,Reject,Accept,0.7970204108708893
0.3701970139672232,0.9304161684299027,0.1762133042402868,-0.07974943155968557,0.45154824631239715,Accept,"Gender, Age, ProgVar",1.3834458464518986,0.1762133042402868,-0.076653583639053,0.40901506744484295,Accept,1.3575602857724922,Reject,Accept,0.51805264423294894
0.6592422723914696,0.9814743870078336,0.0250893217935122,-0.14511664053909654,0.18722922057461783,Accept,"Gender, Age, ProgVar",1.3173736522621007,0.0250893217935122,-0.13773427438705588,0.1856554133799475,Accept,1.1327625326876891,Reject,Accept,0.4909175288889124
0.899874811111826,0.9329537978143185,0.032789710320636746,-0.16911844075341137,0.20741784608037347,Accept,"Gender, Age, ProgVar",1.4940511414793676,0.032789710320636746,-0.15495771723147583,0.2227095438102041,Accept,1.4029134949202215,Accept,Accept,0.5603706081604302
0.14803761691542267,0.8439720663964255,0.32206141823048945,0.11535584874096304,0.5579040195513336,Reject,"Age, ProgVar",1.4931632213835635,0.32206141823048945,0.12648256778138425,0.5244697902475558,Reject,1.359666733739294,Reject,Accept,0.40571729201178325
0.6156097116576871,0.927900383615517,0.10869851282664289,-0.08462015651699276,0.32359615131774816,Accept,"Gender, Age, ProgVar",1.1076726739234126,0.10869851282664289,-0.08719107013471086,0.3065282401688202,Accept,1.145207970665207,Reject,Accept,0.19496111297805294
0.70050952100622,0.973011837344535,0.10852207891901833,-0.11975975813555767,0.3065455037994354,Accept,"Gender, Age, ProgVar",1.2479265286482413,0.10852207891901833,-0.08643026040655319,0.3175587940574346,Accept,1.4063648539614626,Accept,Accept,0.7504340357898084
0.418201666987572,0.9504047849272809,0.08368911586778531,-0.05404010913189483,0.3728978058199284,Accept,"Gender, Age, ProgVar",1.4864483527591954,0.08368911586778531,-0.12283512484766883,0.2842539873422071,Accept,1.2895939090722153,Accept,Accept,0.8545372095480193
0.4260287874234584,0.9272727690774522,0.12623519924666576,-0.07546420653047403,0.24141452414771472,Accept,"Gender, Age, Outcome_BL, ProgVar",1.3482880126848986,0.12623519924666576,-0.029311952986093643,0.28028436421895314,Accept,1.333674604872311,Accept,Reject,1.2561677816983434
0.0711490321791704,0.723475053789142,0.4752545906622125,0.279095302834703,0.7248613930144853,Reject,"Gender, Age, ProgVar",1.3875742977405212,0.4752545906622125,0.25692276072966697,0.6898831810519314,Reject,1.4730670155906471,Reject,Accept,0.6755566001071247
0.4389788926789439,0.9139272757961164,0.1753278108971372,-0.016435458617676743,0.3360954760584425,Accept,"Gender, Age, ProgVar",1.1274299330620223,0.1753278108971372,-0.00896558807793902,0.35534613308687624,Accept,1.1195313865034675,Reject,Reject,1.0971636999170045
0.7331581307209456,0.9229471695194261,0.1453193388584842,-0.07938051698331955,0.35976876046546724,Accept,"Gender, Age, ProgVar",1.3124613278613881,0.1453193388584842,-0.06272576947457836,0.3455601947580969,Accept,1.3225930872096066,Reject,Accept,0.8031136489736586
0.2250540369310334,0.8589173822211221,0.33639291072669786,0.1146570274830363,0.5464939586891737,Reject,"Gender, Age, ProgVar",1.4259894502499812,0.33639291072669786,0.12856686937129688,0.5426949659887417,Reject,1.4291406140507945,Reject,Accept,0.3051485299271186
0.583283700997098,0.8900656629937527,0.22427258420290824,0.01916731776996947,0.4291569864549704,Reject,"Gender, Age, ProgVar",1.3781104621321487,0.22427258420290824,0.019199312258970008,0.4224230504923448,Reject,1.5336644676547189,Reject,Accept,1.052233857125653
0.7656550219307843,0.956002442787894,0.11747670618599045,-0.10687513474198303,0.29368105829182745,Accept,"Gender, Age, ProgVar",1.5785558181772616,0.11747670618599045,-0.07609069482144182,0.3272508294354155,Accept,1.4314989581253061,Reject,Accept,0.21415005301625706
0.7146182269991801,0.9794427588172826,0.07129390475287625,-0.1381665970045357,0.26682967170490707,Accept,"Gender, Age, ProgVar",1.327016616695958,0.07129390475287625,-0.12321462477906751,0.2631920924892218,Accept,1.4779426916346994,Accept,Accept,0.7680372133440686
0.1874693385995974,0.7997101251042981,0.3156509883427168,0.11923968347244804,0.5915995516757391,Reject,"Gender, Age, ProgVar",1.3309377332661798,0.3156509883427168,0.08680641452063856,0.5374015647083508,Reject,1.5875247141677304,Reject,Accept,0.5048297515254889
0.9977174170977224,1.097910329327596,-0.13426260417946742,-0.30749289464152385,0.12086122537747088,Accept,"Gender, Age, ProgVar",1.3751278728901224,-0.13426260417946742,-0.34224242123310894,0.08068918080308406,Accept,1.4014824462106716,Reject,Accept,0.6043367094587065
0.5778243161566399,0.9580892169209034,-0.05000902003425692,-0.17816518957787725,0.3218664953371435,Accept,"Age, ProgVar",1.360456119361692,-0.05000902003425692,-0.2638893608518961,0.16032637007868822,Accept,1.2061327321514628,Reject,Reject,1.0568213382066654
0.6748109215052176,1.0080336131607635,0.12887135318141715,-0.106041137997756,0.2884458308562481,Accept,"Gender, Age, ProgVar",1.0523551462437017,0.12887135318141715,-0.06001160774205473,0.329032732769023,Accept,1.1185806059048515,Reject,Accept,0.9160814351451823
0.3951108983311746,0.9044716394322506,0.15841361951171212,-0.05314395973487315,0.347216173126131,Accept,"Gender, Age, ProgVar",1.261614676929469,0.15841361951171212,-0.031472738870590634,0.3628229711060639,Accept,1.1107968423783503,Reject,Accept,0.9158779338232136
0.5057741351625994,0.9427381842577331,0.07091823434556206,-0.1293704221324027,0.3182067591164767,Accept,"Gender, Age, ProgVar",1.4963620460749774,0.07091823434556206,-0.14637430426474768,0.2954015113966898,Accept,1.443706518846089,Reject,Accept,0.301028354597217
0.6633253035968893,0.9930626071657799,0.004217132561872422,-0.16646793566374832,0.18388690708253935,Accept,"Gender, Age, ProgVar",1.461255153733739,0.004217132561872422,-0.17410307342664122,0.17403949410120792,Accept,1.3851724275266748,Accept,Accept,0.37500868985353697
0.6128380875920326,0.9218741162233071,0.12105219140434198,-0.041715837878355325,0.32086336571235946,Accept,"Gender, Age, ProgVar",1.2145800872040469,0.12105219140434198,-0.08584340744036471,0.316807102007569,Accept,1.2393578281988868,Reject,Accept,0.4860852181203368
0.7149536173078082,0.9443407419021781,0.025600756790688524,-0.16193332360071666,0.22197543378800721,Accept,"Gender, Age, ProgVar, X2",1.1822356857951488,0.025600756790688524,-0.1630695026761936,0.20218039505332366,Accept,1.2356964888741344,Reject,Accept,0.490829528784016
0.6340935041148349,1.0199900018388635,-0.04894283562783565,-0.2849585922306246,0.24966093386080743,Accept,"Gender, Age, ProgVar",1.4540283332790098,-0.04894283562783565,-0.30286637452409887,0.21807380715724273,Accept,1.4296263797671325,Reject,Accept,0.24824778408366355
0.6432891693538818,0.9771295976089088,5.679153066899495e-5,-0.14899539083167052,0.22216615883628846,Accept,"Gender, Age, ProgVar",1.299491265068305,5.679153066899495e-5,-0.16986807984069677,0.18469992966287185,Accept,1.430081108559116,Accept,Accept,0.7487344366523807
0.07294576033729824,0.7806710489667976,0.3356896937294262,0.18614629139929934,0.502103219824716,Reject,"Gender, Age, ProgVar",1.284168110981141,0.3356896937294262,0.181278653492847,0.5001586059161579,Reject,1.2072912038225962,Reject,Accept,1.0743101237081933
0.7869736723619661,1.000653524263664,0.030436555340081238,-0.15007696469170992,0.22726586057650913,Accept,"Gender, Age, ProgVar",1.0794602730153162,0.030436555340081238,-0.162322037330108,0.2331963995645526,Accept,1.3340212623270031,Accept,Accept,0.7126713190842784
0.536792313488115,0.8880337816944429,0.11665141565547257,-0.099663323895574,0.3701662971067008,Accept,"Gender, Age, ProgVar",1.3089473676058494,0.11665141565547257,-0.1307086520578557,0.3411141402858916,Accept,1.2237142132356302,Reject,Accept,0.9172614032600254
0.5722736693310814,0.968685590460019,0.13463967297972018,-0.09769159988884638,0.3242688702790687,Accept,"Gender, Age, ProgVar",1.3117729462905328,0.13463967297972018,-0.08261154879156934,0.3428614229861562,Accept,1.2265844756907782,Reject,Accept,0.884628543315655
0.018759481340336715,0.8586062653430647,0.4417833626888114,0.21624956916111931,0.7001506968704172,Reject,"Gender, Age, ProgVar",1.7637260960904562,0.4417833626888114,0.2092845999418915,0.6863456190275359,Reject,1.6312038622247147,Reject,Reject,1.07721689086588
0.5025929960009365,0.8902508632591499,0.21656648443679372,0.032540171665298746,0.4193245096455954,Reject,"Gender, Age, ProgVar",1.3740941672367515,0.21656648443679372,0.0347088309464084,0.38852801241638335,Reject,1.3186761440351795,Reject,Accept,0.7512239306877729
0.5568365844990973,0.9763759520402654,0.15222647324685243,-0.05567870180733339,0.3395912074935807,Accept,"Gender, Age, ProgVar",1.377595403564102,0.15222647324685243,-0.047174547674702805,0.3482606738287788,Accept,1.3317979527628125,Reject,Accept,0.8924683954248394
0.49153613683179403,0.8938085530878455,0.10854535486107066,-0.07308858127788959,0.2793800524163901,Accept,"Gender, Age, ProgVar",1.2810418286563097,0.10854535486107066,-0.057360886718280414,0.27942876542177697,Accept,1.417615413609187,Reject,Accept,0.3492568617657728
0.7407760695057553,1.0029485930000621,0.0438676720677548,-0.1482655852750349,0.2583513477951626,Accept,"Gender, Age, ProgVar",1.630785233307378,0.0438676720677548,-0.16515062892100058,0.2353355705123017,Accept,1.577871810681458,Reject,Accept,0.7917123366886235
0.40021192838499203,0.92930907599686,0.13676281115490704,-0.105054680344029,0.3098039960835625,Accept,"Gender, Age, ProgVar",1.428670138520768,0.13676281115490704,-0.07224246779888077,0.3426365824219386,Accept,1.6092584175860083,Reject,Accept,0.8212942305557622
0.6838503494338865,0.988664074096305,0.04146208190324474,-0.17695228854075934,0.2143964721816567,Accept,"Gender, Age, ProgVar",1.4226703121381397,0.04146208190324474,-0.14706028871321697,0.23683795599937324,Accept,1.3879553725592297,Accept,Accept,0.6965919995485356
0.7378528305115624,0.9114387791949712,0.04900193650645728,-0.12926695667425592,0.24227782968163802,Accept,"Gender, Age, ProgVar",1.1207666435517851,0.04900193650645728,-0.13653296947226057,0.239585913361069,Accept,1.1275879173082506,Accept,Accept,0.7210698445043988
0.544046700116307,0.9188801389572627,0.1298251439459996,-0.05675381639829797,0.31601555409154614,Accept,"Gender, Age, ProgVar",1.5842048195243918,0.1298251439459996,-0.08151233712481915,0.32584304408992887,Accept,1.543439020245097,Reject,Accept,0.9340309683642707
0.31306295575248105,0.753559356633403,0.3606796188036944,0.22980262699522314,0.5891047006076481,Reject,"Gender, Age, ProgVar",1.3699542726466905,0.3606796188036944,0.17133552469457813,0.547624964783336,Reject,1.488203550467223,Reject,Reject,1.2308682082802047
0.43021804389097984,0.840605085699302,0.14745808552855613,-0.05284325831231589,0.37259549787336416,Accept,"Gender, Age, ProgVar",1.5053373424305712,0.14745808552855613,-0.057307452731678615,0.3636529705102612,Accept,1.5067626131414227,Reject,Accept,0.4746034548760239
0.4560537664628284,0.8865590489868714,0.21535482159090222,0.063299505859383,0.47739206712992543,Reject,"Gender, Age, ProgVar",1.6180193772620262,0.21535482159090222,0.02867737810253297,0.4156717416523864,Reject,1.2990382236776494,Accept,Accept,0.4574690933511041
0.3630571530616129,0.8638334283889045,0.32888580347501895,0.06607895870595605,0.5033556434273225,Reject,"Gender, Age, ProgVar",1.647003002438615,0.32888580347501895,0.12468775042264307,0.5326074995801335,Reject,1.4459334223770446,Reject,Accept,0.5878743530313277
0.8222225050204356,1.0903894706117505,-0.048389563432962926,-0.2729232430028089,0.17854724128971208,Accept,"Gender, Age, ProgVar",1.435774004280687,-0.048389563432962926,-0.2830024319789663,0.1868206734931037,Accept,1.4650847329477006,Accept,Accept,0.2577606131025839
0.3575180069205818,0.9122525697245124,0.1321075017693321,-0.11923796791331004,0.38748268995306173,Accept,"Gender, Age, ProgVar",1.2940282280763153,0.1321075017693321,-0.12496154671245881,0.3737833398990106,Accept,1.2209521481058774,Accept,Accept,0.7840329834138329
0.4951437840143138,0.9485781606611092,0.1530249098109583,-0.07200644177080699,0.335340574775473,Accept,"Gender, Age, ProgVar",1.4935022099383872,0.1530249098109583,-0.043795799882152396,0.33990132597245243,Accept,1.3963745735211444,Reject,Accept,0.7506672864059516
0.3462583540066714,0.8493974603311277,0.28805794478541247,0.020913586785723262,0.5123300108680164,Reject,"Gender, Age, ProgVar",1.1962553073197804,0.28805794478541247,0.04501744324291911,0.537804935817423,Reject,1.254367786162591,Accept,Accept,0.627942069191915
0.4371247989149192,0.8343776382503335,0.21779661080646973,0.029822892855113352,0.42431540182215144,Reject,"Gender, Age, ProgVar",1.2948300342798944,0.21779661080646973,0.027790781785666425,0.40932359905591453,Reject,1.261819886946131,Reject,Accept,0.8595411180162605
0.5479706354705058,1.0574154469806847,0.059837551266102226,-0.17443913991924165,0.31403982923014206,Accept,"Gender, Age, ProgVar",1.246502419290798,0.059837551266102226,-0.20042555255645234,0.2954094463248065,Accept,1.2251161784240292,Accept,Accept,0.6002565203736391
0.5349238636066711,0.8999138047237443,0.21475454058828092,0.008154981740813312,0.3913754456907955,Reject,"Gender, Age, ProgVar",1.4879929131682872,0.21475454058828092,0.038918326285325905,0.39555236851770625,Reject,1.5114830561073795,Reject,Accept,0.33738569051319084
0.42423876800342303,0.9302102181749368,0.14300187627582073,-0.08360220746455142,0.32208019801570786,Accept,"Gender, Age, ProgVar",1.1654618181558352,0.14300187627582073,-0.054014624079351536,0.33713313236004944,Accept,1.2220070174533961,Reject,Accept,0.621971015251572
0.46711485495026883,0.88047366137232,0.1635666634952257,0.007676343222097107,0.34470184355653616,Reject,"Gender, Age, ProgVar",1.2763669486137053,0.1635666634952257,-0.015423814282310686,0.3322763445993539,Accept,1.2501581117825722,Reject,Accept,0.3275347088138562
0.464495328645116,0.9647122752713595,0.1389073358380621,-0.0793403004365184,0.3035117684428078,Accept,"Gender, Age, ProgVar",1.401863601187368,0.1389073358380621,-0.04826841388302276,0.3185776152974581,Accept,1.2636751741217591,Reject,Accept,0.7477114738772347
0.7978586578691078,0.9914939727769206,0.04888492556377237,-0.11654454649304632,0.24714602644384923,Accept,"Gender, Age, ProgVar",1.247903290398377,0.04888492556377237,-0.1345360293686196,0.22607888177591245,Accept,1.181746201263595,Accept,Accept,0.6146811575487584
0.8299390553783997,1.016062002653473,-0.07703074943970956,-0.27350870269932737,0.1568366526099453,Accept,"Gender, Age, ProgVar",1.363315783464748,-0.07703074943970956,-0.28573046375558026,0.1320502540929649,Accept,1.3187872304032826,Accept,Accept,0.731419761483961
0.53429305992377,1.0033337968596252,0.13230186439228964,-0.09683662740100742,0.38613992311128575,Accept,"Gender, Age, ProgVar",1.472857882715263,0.13230186439228964,-0.10883759816871817,0.36466212061627057,Accept,1.3293227126087803,Reject,Accept,0.5852608040481283
0.6727360301054978,0.894558733189481,0.15279367577327083,-0.07586555030856898,0.36672802232368323,Accept,"Gender, Age, ProgVar, X1",1.6838354889416738,0.15279367577327083,-0.052335663514931297,0.37950083430418485,Accept,1.5795006552833823,Accept,Accept,0.8020220056673864
0.47468938036258024,0.9074188130329434,0.17444063883432492,0.009153684611150854,0.38929672822314226,Reject,"Gender, Age, ProgVar",1.5358718527687645,0.17444063883432492,-0.02370267370850817,0.3676672949422634,Accept,1.478219722407246,Reject,Accept,0.3080101061233883
0.47156695392468895,0.9435652843435284,0.14912918043634682,-0.033995599324609646,0.36261631554522494,Accept,"Gender, Age, ProgVar",1.2289513867064596,0.14912918043634682,-0.05248123754999248,0.3423529801053435,Accept,1.2805164800056872,Reject,Accept,0.7685721778581529
0.47373454948387106,0.8361254905773381,0.24593035272135294,0.11685648795926942,0.4831021271397434,Reject,"Gender, Age, ProgVar",1.6690384956366093,0.24593035272135294,0.07502415803632152,0.4352255813209416,Reject,1.3053550972464714,Reject,Reject,1.3486129167059338
0.6000391145558699,0.9031992117127943,0.14385449800996414,-0.09262173272506281,0.34213047944759944,Accept,"Gender, Age, ProgVar",1.258342865032123,0.14385449800996414,-0.06438897664545148,0.36381453343395115,Accept,1.2822534388470088,Reject,Reject,1.1313960087340158
0.5021437513063796,0.896506135157756,0.10433050525938525,-0.07936460125544693,0.324979335648502,Accept,"Gender, Age, ProgVar",1.2879709846981364,0.10433050525938525,-0.10195010973813809,0.3066345985318841,Accept,1.3842546058666159,Accept,Accept,0.5426969208101119
0.6378592301649307,0.8804449947400657,0.25216490456457924,1.648567645293371e-5,0.3822208648161249,Reject,"Gender, Age, ProgVar",1.3363541665861398,0.25216490456457924,0.08030835828711631,0.4356679767532781,Reject,1.320768423363526,Reject,Accept,0.367695948468439
0.3271896731826416,0.8964727755743739,0.25703268222714737,0.046382137606888266,0.4803021303476013,Reject,"Gender, Age, ProgVar",1.5682730514173744,0.25703268222714737,0.02478401866765717,0.46299885826785236,Reject,1.5065165051431189,Accept,Reject,1.2383188710305348
0.5340123827324853,0.8473087592410442,0.09446289519253633,-0.07132262120846483,0.3065093662500629,Accept,"Gender, Age, ProgVar",1.2156677802152736,0.09446289519253633,-0.09456685065241587,0.28033227341094497,Accept,1.2110096398831829,Reject,Accept,0.9135501440714919
0.529712692607912,0.9036120606557806,0.16365574490301255,-0.02279668357649647,0.3655606060008177,Accept,"Gender, Age, ProgVar",1.0417438255470508,0.16365574490301255,-0.013610576582473548,0.3575006453979876,Accept,1.1615454486367645,Reject,Accept,0.7163678931292367
0.2623759768161215,0.9436657377171316,0.27641466286850297,0.014378999036588944,0.5110807924927833,Reject,"Gender, Age, ProgVar",1.4897758039852087,0.27641466286850297,0.03566256826324621,0.531463185846044,Reject,1.3328924975666236,Reject,Accept,0.5177883452339794
0.5241824561370662,0.93923775335739,0.11969391924218357,-0.1562556691066311,0.41793508607437657,Accept,"Gender, Age, ProgVar",1.6728678254187483,0.11969391924218357,-0.14237058003565234,0.39073160048994193,Accept,1.4210796247783282,Reject,Accept,0.48633624487189087
0.3626629868516222,0.8923548347520007,0.11076115492989855,-0.00619740417262429,0.3487296855066147,Accept,"Gender, Age, ProgVar",1.2787475122740153,0.11076115492989855,-0.07417403316052835,0.2863700933277959,Accept,1.3009224024646378,Reject,Accept,1.0252675278411159
0.9541091704667752,1.0313808452438549,-0.10282534809953113,-0.3015683786709762,0.08365111792725077,Accept,"Gender, Age, ProgVar",1.4514725044280812,-0.10282534809953113,-0.29942989683713267,0.07921033736072927,Accept,1.5039651155117253,Accept,Accept,0.626624943040913
0.8653434805222588,1.0709725256606153,-0.06705658417771511,-0.3058911733573315,0.16581466395444042,Accept,"Gender, Age, ProgVar",1.5724702630624838,-0.06705658417771511,-0.3017586710049767,0.17808810350507598,Accept,1.5806235795973649,Accept,Accept,0.42635524597937696
0.3758707631003414,0.910084705648636,0.17282816221231595,-0.04383773941856231,0.3312890786334627,Accept,"Gender, Age, ProgVar",1.1263569027496538,0.17282816221231595,-0.009469556196272537,0.36355017505586606,Accept,1.35066998253489,Reject,Accept,0.4644206255793946
0.7359365378384429,0.9022719014209553,0.090403295190422,-0.0665306417146534,0.3165554842018988,Accept,"Gender, Age, ProgVar",1.9448279604177636,0.090403295190422,-0.08700209937382769,0.26020232291851264,Accept,1.6004250455068498,Reject,Accept,0.9117476007355616
0.3453507335593624,0.9225846672083129,0.174021732015592,-0.030668835673591355,0.39356847317172033,Accept,"Gender, Age, ProgVar",1.4782961342786007,0.174021732015592,-0.043452785802007295,0.41171283992158975,Accept,1.29049453228086,Accept,Accept,0.8632706298062734
0.42289942734889563,0.95157441702256,0.16873620964022654,-0.06271236220144916,0.4271311113143429,Accept,"Gender, Age, ProgVar",1.645832488768275,0.16873620964022654,-0.06945914085841617,0.4243102910687583,Accept,1.597914568871642,Reject,Accept,0.4713925804174742
0.4433936967022977,0.9385637048839428,0.16070543614248942,-0.05479659189654156,0.4277232670015051,Accept,"Gender, Age, ProgVar",1.148853516762284,0.16070543614248942,-0.08145565483808474,0.406540892496943,Accept,1.3391136013050768,Reject,Accept,0.35116871001810085
0.06600035009585861,0.8555309392161469,0.40113543456252715,0.17907064521237082,0.6644200577160627,Reject,"Gender, Age, ProgVar",1.4967635721771133,0.40113543456252715,0.1615504531174395,0.6548393663950015,Reject,1.5842173508754718,Reject,Accept,0.33124269130644984
0.643400408284576,0.8641272569574986,0.16774404103377716,-0.04030796026241892,0.4205622278593143,Accept,"Gender, Age, ProgVar",1.6869865182115966,0.16774404103377716,-0.05349605303725093,0.40054956167137984,Accept,1.311115521278721,Reject,Accept,0.5272125856715518
0.358260409285609,0.905328903014118,0.14173126223309537,0.014062572339856312,0.3159393668309049,Reject,"Gender, Age, ProgVar",1.518456308047891,0.14173126223309537,-0.010538542669805494,0.2820242352357007,Accept,1.3872991288036411,Reject,Accept,0.5642847340926093
0.40304738221511077,0.9344842314174863,0.21413251960209206,-0.06182036280516759,0.43807399947151515,Accept,"Gender, Age, ProgVar",1.6851917562955037,0.21413251960209206,-0.023980541600197705,0.46228135174999174,Accept,1.5325851165434168,Reject,Reject,1.3989448550209909
0.5887722593586001,0.9896377391801933,0.10699076215122517,-0.13899328079469603,0.35650645291183364,Accept,"Gender, Age, ProgVar",1.8751666607365447,0.10699076215122517,-0.1264012564761098,0.32878231997892055,Accept,1.7664709772447256,Accept,Accept,0.5250983332397192
0.4606105247905694,0.9327164993935182,0.13291979463256648,-0.06704030021409199,0.33485099143745883,Accept,"Gender, Age, ProgVar",1.4306857723915039,0.13291979463256648,-0.07864880457930755,0.34383666081466424,Accept,1.5658533552498763,Reject,Accept,0.9560603572630112
0.576729236006786,0.9855679792062182,-0.022243402047575293,-0.20777573187236875,0.22022334392108084,Accept,"Gender, Age, ProgVar",1.265249199660166,-0.022243402047575293,-0.2322834816155235,0.17227298010045475,Accept,1.3907923740120436,Reject,Accept,1.0471874299704371
0.5433196318191756,0.9709020509358581,0.09630642244729956,-0.0938337883412773,0.25880278406677815,Accept,"Gender, Age, ProgVar",1.205541347871385,0.09630642244729956,-0.07395788917113197,0.27372947073088444,Accept,1.288155998878712,Accept,Reject,1.0525566015299503
0.29418650669009033,0.9486252922163589,0.23197346154786044,-0.03743846863423466,0.4353052547909194,Accept,"Gender, Age, ProgVar",1.4741302135863563,0.23197346154786044,-0.0136742219531069,0.47304644614082086,Accept,1.4130684129207325,Reject,Accept,0.7131890615298373
0.8155523561069086,0.9918680320341027,0.20445523857702624,-0.037259857069755806,0.38755880006643995,Accept,"Gender, Age, ProgVar",1.380714349025826,0.20445523857702624,-0.005829039931936328,0.4013117832281362,Accept,1.3246176215886774,Accept,Accept,0.625804120721828
0.7204848156668625,1.0396615994087326,-0.01275904479095111,-0.2656616625204448,0.21799011129369675,Accept,"Gender, Age, ProgVar",1.498722352547015,-0.01275904479095111,-0.24741170741490034,0.2437196094292627,Accept,1.5299941563004866,Reject,Accept,0.5434005383558506
0.6491585538075723,0.973641744351899,0.12053022919439849,-0.09062553498589701,0.29213155786085027,Accept,"Gender, Age, ProgVar",1.1729088131770569,0.12053022919439849,-0.07499776703676206,0.30747838176450626,Accept,1.3259647682297617,Reject,Accept,0.5481611194097485
0.4766157248194487,0.8688589257042527,0.3277213086491873,0.10093168977713936,0.5417575769989048,Reject,"Gender, Age, ProgVar",0.9868990334696612,0.3277213086491873,0.113280314377469,0.5388231343961248,Reject,1.2801903154319358,Reject,Accept,0.4810502959566739
0.4891374731596736,0.9305832467212187,0.08572435865364551,-0.14733705162155042,0.2876265604883907,Accept,"Gender, Age, ProgVar",1.5925959267451657,0.08572435865364551,-0.1350506429183263,0.29439495363511103,Accept,1.5128030998510276,Reject,Reject,1.0651206183779711
0.13225239277258471,0.7981899840733618,0.3743276462162172,0.20612884717578964,0.5769029789810017,Reject,"Gender, Age, ProgVar",1.0281155374589646,0.3743276462162172,0.18567329729963117,0.5592406180801986,Reject,1.2107223257694566,Reject,Reject,0.9383709941973192
0.36265689799801737,0.8830807608152001,0.19943223107731425,0.004603831047109194,0.40931224894609575,Reject,"Gender, Age, ProgVar",1.3669411747455118,0.19943223107731425,-0.005871236273986939,0.38946490956909513,Accept,1.3943534506685011,Accept,Accept,0.6053072939219852
0.59432169079573,0.8751341145284312,0.1449452410583495,-0.03167252927381209,0.35087209313933876,Accept,"Gender, Age, ProgVar",1.2298549314373206,0.1449452410583495,-0.027072280577414884,0.33110087989748527,Accept,1.5131111328307376,Reject,Reject,1.2213485434964406
0.6316123369351352,0.8148562437349954,0.2327304132970966,0.022926296113527384,0.4178246109635164,Reject,"Gender, Age, ProgVar",1.7715334615531635,0.2327304132970966,0.019910970600829987,0.4265364796720085,Reject,1.8223880183767478,Reject,Accept,0.7104096453361122
0.18247070832224457,0.8866431689640476,0.40968027733679657,0.16741176094567073,0.6925757672215813,Reject,"Gender, Age, ProgVar",1.3652924005839833,0.40968027733679657,0.1493608204994126,0.6721693797164467,Reject,1.3423153988763434,Reject,Accept,0.4817811363343468
0.7600844892898019,0.9646684864498971,0.0937724941638331,-0.10497106340953644,0.26612988920647185,Accept,"Gender, Age, ProgVar",1.4015322620674378,0.0937724941638331,-0.09349192353303248,0.27775196393530005,Accept,1.4321049485741744,Accept,Accept,0.38549541053691505
0.4836389456313435,0.9807166907723939,0.07757200076690551,-0.1915368734884449,0.29304468968508873,Accept,"Gender, Age, ProgVar",1.134321771627752,0.07757200076690551,-0.1426313583708091,0.30220435873917934,Accept,1.3679306210643434,Accept,Accept,0.5338841103215359
0.6062913045157895,0.9484973552187405,0.17132466681150993,-0.046003255662381094,0.38702634474220016,Accept,"Gender, Age, ProgVar",1.2146360122326225,0.17132466681150993,-0.049424709734208,0.38340324080325544,Accept,1.306024247946899,Reject,Accept,0.3348765314844376
0.3343180560355109,0.8053389072779504,0.3196029319610513,0.11861443896345233,0.5062343277020709,Reject,"Gender, Age, ProgVar",1.1514565319645604,0.3196029319610513,0.138325833929356,0.5202172374047629,Reject,1.131700838705718,Reject,Reject,1.0756958388779458
0.5442862114907623,0.9723221007054036,0.12119576036913186,-0.0955476828857353,0.28912647963090127,Accept,"Gender, Age, ProgVar",1.256138563382462,0.12119576036913186,-0.07078440771339244,0.31111212278288003,Accept,1.2634958036206574,Accept,Accept,0.3177863056112262
0.5322547793219696,0.9194267108235858,0.13153956450587723,-0.04010655905706008,0.32159776214625124,Accept,"Gender, Age, ProgVar",1.0774631543402677,0.13153956450587723,-0.04533557796032238,0.30333724605959683,Accept,1.2459644089282693,Accept,Accept,0.7983448391865307
0.41501243676114535,0.7922960416637972,0.26753307291919,0.09096535667531803,0.4176699634205988,Reject,"Gender, Age, ProgVar",1.251592611719513,0.26753307291919,0.0898940186033987,0.44603314922418835,Reject,1.1411628188049494,Reject,Accept,0.5638361359573559
0.5034398305453872,0.9167592098572072,0.08382658924123228,-0.06277779013227741,0.28333012368901495,Accept,"Gender, Age, ProgVar",1.4761766646767103,0.08382658924123228,-0.09543496656675955,0.2443087140231944,Accept,1.3682526094618068,Reject,Reject,1.249755728858421
0.4981571202454154,0.94523823560642,0.09977833520127932,-0.11467179157967505,0.2820044254188753,Accept,"Gender, Age, ProgVar, X2",1.4425084277772766,0.09977833520127932,-0.08904414368578678,0.2831280045267112,Accept,1.3878154596235484,Reject,Accept,0.5876387150977059
0.4105208403140574,0.9197547459692275,0.16366715265382548,-0.004621041971988725,0.40689137121208424,Accept,"Gender, Age, ProgVar",1.4347821242196408,0.16366715265382548,-0.038071001585533726,0.38094220669087964,Accept,1.4784654254830065,Reject,Accept,0.7261739292928243
0.4950779349361179,0.9360446103845197,0.19260378158189584,-0.08567638725219599,0.33892964216713534,Accept,"Gender, Age, ProgVar",1.688483482373131,0.19260378158189584,-0.007661436221658683,0.3992346197617985,Accept,1.447342286779891,Reject,Accept,0.46786207090608073
0.3127758988173728,0.935893039048433,0.12601820072930983,-0.10086317846612632,0.34079622340437554,Accept,"Gender, Age, ProgVar",1.1929899759041365,0.12601820072930983,-0.07515123453733072,0.34227760636648036,Accept,1.1700113156680791,Reject,Reject,1.092357033275385
0.13703811471656482,0.8157001590401277,0.4346529005952602,0.16936247719619554,0.6605303995333984,Reject,"Gender, Age, ProgVar",1.3954051553604092,0.4346529005952602,0.19236578135032384,0.6626991485087833,Reject,1.365907486022054,Reject,Accept,0.9867444158188744
0.7506092941453272,1.0136313063236366,-0.04358030402403575,-0.25751574081067385,0.11362589135221632,Accept,"Gender, Age, ProgVar",1.3904384185950593,-0.04358030402403575,-0.21393652646160233,0.15183455258055828,Accept,1.3171257058732573,Accept,Accept,0.31822055157404916
0.4180121268383595,0.8689763110049549,0.2535793135858573,0.08138002616579146,0.4201532025672826,Reject,"Gender, Age, ProgVar",1.2974672395186104,0.2535793135858573,0.07542698900149468,0.4121168244586972,Reject,1.3222319672765275,Reject,Accept,0.4304692307471716
0.6480996555162926,1.0273433061629564,0.0028987559780998358,-0.23471444761017649,0.2839853447681246,Accept,"Gender, Age, ProgVar",1.281096256877308,0.0028987559780998358,-0.2544988219399333,0.2636749743967328,Accept,1.271688086354585,Reject,Accept,0.6187913377321025
0.7880930510721604,1.0117145369662568,-0.09050383822668427,-0.3405818222275293,0.12775816061482648,Accept,"Gender, Age, ProgVar",1.6887571683517624,-0.09050383822668427,-0.3127910930156696,0.13179865132428195,Accept,1.5357673569494872,Accept,Accept,0.9719441023106203
0.4642453415791643,0.8803399556276635,0.1575369842912672,-0.01797531546507472,0.43452468612732315,Accept,"Gender, Age, ProgVar",1.2999378885716533,0.1575369842912672,-0.08316391199491471,0.3849761608898231,Accept,1.2430616507510381,Reject,Accept,0.46918308492614313
0.3803019392476387,0.7988128411394834,0.25366983880959815,0.04568196288955814,0.4369231860734578,Reject,"Gender, Age, ProgVar",1.1325986058771031,0.25366983880959815,0.07239309704543459,0.4427544730267809,Reject,1.2348112096767219,Reject,Accept,0.299963626443388
0.6376799535689138,0.91313225642751,0.0638548756202468,-0.11795135873989107,0.26090639595622916,Accept,"Gender, Age, ProgVar",1.4959306129771324,0.0638548756202468,-0.12337645212129249,0.23805094077063185,Accept,1.3356358732579943,Accept,Accept,0.5050143742888265
0.2117971893371333,0.8232811456710621,0.2500519154514156,0.09719076797226343,0.45947279736640656,Reject,"Gender, Age, ProgVar",1.5130653925825848,0.2500519154514156,0.07194683264141927,0.42003393341491757,Reject,1.4363725938771816,Reject,Reject,1.1770308325503516
0.6900378059066207,0.9435562205383734,0.11843888705108285,-0.07356369470249777,0.32626697375941077,Accept,"Gender, Age, ProgVar",1.5196607344391315,0.11843888705108285,-0.08772061507186696,0.3171360992922363,Accept,1.323189411336371,Accept,Accept,0.7496809672448034
0.4863102476463348,0.959247134574605,0.0875950946180131,-0.09297281045068588,0.3237792360326207,Accept,"Gender, Age, ProgVar",1.4159681456206037,0.0875950946180131,-0.1092163711060891,0.2935950847471196,Accept,1.4853144483433736,Accept,Accept,0.21208030205653222
0.5802629854751451,0.9991693910144908,-0.03277448921690108,-0.2059750932477172,0.2702827399269851,Accept,"Gender, Age, ProgVar",1.3522905955280446,-0.03277448921690108,-0.2591090107900376,0.20070517226741796,Accept,1.4774278714398847,Accept,Accept,0.7494089492678428
0.586436615822555,0.9279685237461556,0.12837158816748528,-0.08720359356741492,0.31061991527369565,Accept,"Gender, Age, ProgVar",1.2462984637931063,0.12837158816748528,-0.08144278944904484,0.32824371994179785,Accept,1.1968547215539345,Accept,Accept,0.4698114060415239
0.47698558049512335,0.9640521759905684,0.12172466114652242,-0.03651727546919036,0.32370391035475043,Accept,"Gender, Age, ProgVar",1.2000785353251373,0.12172466114652242,-0.04121149775178028,0.3020043735031413,Accept,1.2209989382046051,Reject,Accept,0.42389679234331396
0.5699260278362137,0.9671740231373356,0.09144211819393563,-0.16576474444757938,0.2727684598317544,Accept,"Gender, Age, ProgVar",1.5326411411327823,0.09144211819393563,-0.11285736327177957,0.30132964132870693,Accept,1.2610831718203523,Reject,Accept,0.674673376971371
0.6235578893798001,1.0011089576953898,-0.043421468611154986,-0.25873373445120196,0.1863867484210277,Accept,"Gender, Age, ProgVar",1.2606358325329998,-0.043421468611154986,-0.26955779301254285,0.17447287496164574,Accept,1.2983724725804717,Accept,Accept,0.64064879414335
0.3479716889430643,0.9027562728742604,0.23341725307044514,-0.012473702852260016,0.4033181871078603,Accept,"Gender, Age, ProgVar",1.4424338151167992,0.23341725307044514,0.024093311034079253,0.43907292447668933,Reject,1.194238829926865,Reject,Accept,0.8712811188805986
0.3852186011723402,0.8998714352436188,0.22296902690024908,0.05896870078568556,0.38965340167304996,Reject,"Gender, Age, ProgVar",1.2729894898278928,0.22296902690024908,0.057542383723012076,0.38962628905711416,Reject,1.3046921975109687,Reject,Accept,1.2756291009102305
0.22454382118535582,0.8119199047844105,0.301059219411246,0.154056113801244,0.48977226106122895,Reject,"Gender, Age, ProgVar",1.4567859880980856,0.301059219411246,0.1352451621206816,0.48354327704031985,Reject,1.380693084028485,Reject,Reject,1.276392459658598
0.2798466958575281,0.8832420696024843,0.18795543319217464,0.01597749100418215,0.43730384452017834,Reject,"Gender, Age, ProgVar",1.173300910468136,0.18795543319217464,-0.033301001112310206,0.40465453098025933,Accept,1.3173287895389842,Reject,Accept,0.3433656834192368
0.4610765953939969,0.879466561362333,0.1545927151651039,-0.0455173672185811,0.363153893294257,Accept,"Gender, Age, ProgVar",1.0872542503455866,0.1545927151651039,-0.05535501211371971,0.372677159305856,Accept,1.1272748474014,Reject,Accept,0.5342217239826432
0.30137469314879867,0.798538570118636,0.2635049083793061,0.025575584923396795,0.5005854312270928,Reject,"Gender, Age, ProgVar",1.3111439697585783,0.2635049083793061,0.03062717345965857,0.5072474929846398,Reject,1.3913877428718078,Reject,Accept,0.19332077261871658
0.3833679433382262,0.9054349348033908,0.08870612607939421,-0.04315739021768441,0.28803146477714736,Accept,"Gender, Age, ProgVar",1.2557118525428477,0.08870612607939421,-0.08062753737097841,0.24883714899626225,Accept,1.2211357467984365,Reject,Accept,0.4747278619700458
0.687872273704414,0.9467009215632518,0.1028418585904913,-0.10211837481698302,0.27552044356765454,Accept,"Gender, Age, ProgVar",1.298193916469399,0.1028418585904913,-0.08633210719298566,0.28353293644178756,Accept,1.291383152730582,Reject,Reject,1.1679295688636988
0.5832250350800706,0.9131678617440894,0.13658150366382085,-0.05755426993965298,0.3759976641560059,Accept,"Gender, Age, ProgVar",1.218665312465224,0.13658150366382085,-0.08568984039853278,0.3442593293831135,Accept,1.376336269371308,Reject,Accept,0.8350071039900542
0.7557140238850218,1.0748146358563249,0.05412041069134383,-0.16405482787260336,0.30459175979274444,Accept,"Gender, Age, ProgVar",1.5152420940805766,0.05412041069134383,-0.17905903052659078,0.2870746797284635,Accept,1.3654877537606032,Reject,Accept,0.5728285544862262
0.5281444888908612,0.9421070810134134,0.09531669329063881,-0.10005949010211564,0.3629657462747057,Accept,"Gender, Age, ProgVar",1.2994896404780965,0.09531669329063881,-0.14276802384424855,0.31950919174837283,Accept,1.4487005772444448,Reject,Reject,1.252647412143749
0.8179533690222441,1.06807445824767,0.12192689164372704,-0.15606525918051395,0.28561476717555856,Accept,"Gender, Age, ProgVar",1.366950820411663,0.12192689164372704,-0.09761095430796161,0.34215384022264167,Accept,1.4700477699033359,Reject,Accept,0.7857058463409736
0.5383828376736256,0.9735815471032074,0.1304485499484779,-0.08557986412232933,0.31044991462517024,Accept,"Gender, Age, ProgVar",1.5920320368198648,0.1304485499484779,-0.05136867938449646,0.3192577955216946,Accept,1.3739375693468288,Reject,Accept,0.5152188519878002
0.6032683063316365,0.9092758829437838,0.09152235189228686,-0.053471974001849415,0.4166467607808239,Accept,"Gender, Age, ProgVar",1.6908831717939916,0.09152235189228686,-0.13598622855647166,0.3314206788974064,Accept,1.3996698753261194,Accept,Reject,1.1664496872687806
0.4132094761415011,0.8616430201838576,0.27517497295563176,0.05666803525441018,0.47156098975797506,Reject,"Gender, Age, ProgVar",1.4167416848882135,0.27517497295563176,0.06730174762667201,0.4797390369805197,Reject,1.3879351181080302,Reject,Accept,0.4912668660041066
0.45336668936680535,0.9219052918678481,0.2646877085878438,0.05999752451053142,0.49423049411281617,Reject,"Gender, Age, ProgVar",1.3924827110170765,0.2646877085878438,0.04429882036368365,0.47881435326664745,Reject,1.4352742829260603,Reject,Reject,1.0198518884314645
0.6997572058849246,0.9728628760084388,0.008213882283759223,-0.21202976068371154,0.2450962173582966,Accept,"Gender, Age, ProgVar",1.2596521058972532,0.008213882283759223,-0.22328055640039496,0.22558845358862642,Accept,1.2396234168210776,Reject,Accept,0.311481426275768
0.7092844924395638,0.9704750970404946,0.0794192887999818,-0.11678155043955303,0.25461161154230727,Accept,"Gender, Age, ProgVar",1.3360773596601687,0.0794192887999818,-0.10785755130104346,0.2768916653594265,Accept,1.2828207510252687,Reject,Accept,0.9995332785456491
0.5019728907144354,0.9210856866439628,0.14030335097579033,-0.0991754150594386,0.35165235744364254,Accept,"Gender, Age, ProgVar",0.9647685972208923,0.14030335097579033,-0.08205673131409508,0.36021175225210156,Accept,1.116248116584863,Reject,Accept,0.5718019198284285
0.44597259855475346,0.8525628651998371,0.19375758381224586,0.03862643414748368,0.3461131128465241,Reject,"Gender, Age, ProgVar, X2",1.360756284317958,0.19375758381224586,0.03600888047053185,0.3514263432055745,Reject,1.2735076938852559,Reject,Accept,1.091034417156562
0.6937953841957862,0.9436024308800914,0.11885452429136388,-0.05879141629785958,0.27881124112482336,Accept,"Gender, Age, ProgVar",1.2090717105839481,0.11885452429136388,-0.05378892812300634,0.2839516411595864,Accept,1.1794114777297695,Accept,Accept,0.5686131904534395
0.40034244491125626,0.8430824160733942,0.20622903451263477,0.047753896471724434,0.37793702179401184,Reject,"Gender, Age, ProgVar",1.3157343594678002,0.20622903451263477,0.049818085577569796,0.365796262266403,Reject,1.2801249231426923,Reject,Reject,1.1190237966468668
0.6007425671646204,0.9063733531298507,0.12346600967166033,-0.09179375312757071,0.3054043775102228,Accept,"Gender, Age, ProgVar",0.9153503190010897,0.12346600967166033,-0.07033255999562808,0.3122987413928222,Accept,1.0292512569038206,Reject,Accept,0.5443476164424531
0.22209734797308386,0.8737089392418121,0.3002981094765069,0.04475376707691153,0.5119564150662466,Reject,"Gender, Age, ProgVar",1.250886674700296,0.3002981094765069,0.07949207437170892,0.5234526263726571,Reject,1.4724014083622246,Reject,Accept,0.47534286842956625
0.9637058021153471,1.013815961371893,-0.07601491076313308,-0.2553376527497834,0.11891073611679148,Accept,"Gender, Age, ProgVar",1.2356485337729266,-0.07601491076313308,-0.2628688383232932,0.11972218397447106,Accept,1.2799576525404355,Reject,Accept,0.6244243942157466
0.5885212786542331,0.9628963724948607,0.15654932837895374,-0.02501767786957457,0.3257390427382892,Accept,"Gender, Age, ProgVar",1.5317426028816454,0.15654932837895374,-0.01685124846758549,0.3359885203694058,Accept,1.4459152487269418,Accept,Accept,0.9887659337378826
0.6611309250669901,0.8934821088420906,0.1367005956198155,-0.020777959197871648,0.3749595824840856,Accept,"Gender, Age, ProgVar",1.275457064675948,0.1367005956198155,-0.07736903094542119,0.34023147247353314,Accept,1.4190346184327796,Accept,Accept,0.27862955935870254
0.5838220635500274,0.9280710389491165,0.17997723253846548,-0.038811166504778435,0.39706009793911096,Accept,"Gender, Age, ProgVar",1.5028680101185947,0.17997723253846548,-0.04261619178950704,0.4000312080736972,Accept,1.4323764817371234,Reject,Accept,1.0408310499623308
0.44112879452221493,0.8335798818811733,0.17976613309083464,0.08064055379538963,0.4867409808975362,Reject,"Gender, Age, ProgVar",1.0637794998716121,0.17976613309083464,-0.017413633002057144,0.3815183622163645,Accept,1.3652867945119849,Reject,Accept,0.5406499015227287
0.5419843333023856,1.00212733257747,0.08500778489201434,-0.09657710682184896,0.3999170191481789,Accept,"Gender, Age, ProgVar",1.4136505996801976,0.08500778489201434,-0.15110662406389813,0.31992383932026425,Accept,1.61724824261219,Reject,Accept,0.45416531506272456
0.10680908752674607,0.8394098337091138,0.2673570127387944,0.08117044483162565,0.49008797286366856,Reject,"Gender, Age, ProgVar",1.292447882463306,0.2673570127387944,0.06503010226985513,0.46811920709906096,Reject,1.307451828762073,Accept,Accept,0.6232359627066245
0.36956741725084474,0.8469260098937994,0.14228635153464098,-0.041418673718129975,0.44478445959009405,Accept,"Gender, Age, ProgVar",1.5033681177487492,0.14228635153464098,-0.09106062696682704,0.382470455710718,Accept,1.1471245400895027,Reject,Accept,0.6165102566184657
0.7226795689500657,0.9956787380527106,0.1194096123243446,-0.10227936464898191,0.33857870047096683,Accept,"Gender, Age, ProgVar",1.4450277309451551,0.1194096123243446,-0.1017446889167123,0.34853426127045045,Accept,1.464257377211514,Reject,Accept,0.5177928551893528
0.18613359769471155,0.8249507957597301,0.22450178652295105,0.062164164884317086,0.5353476463021243,Reject,"Gender, Age, ProgVar",1.8494814070948553,0.22450178652295105,0.009655603075127629,0.4425567961369716,Reject,1.5267850154616005,Reject,Accept,0.8362453695221045
0.5167913723434129,0.8611738472201775,0.28220398507823113,0.08132742698795202,0.5176024597140292,Reject,"Gender, Age, ProgVar",1.6747952155562447,0.28220398507823113,0.05819156933589677,0.4968513689352149,Reject,1.54973193500424,Reject,Accept,0.8547781892668096
0.6320091014545908,0.9140132531899987,0.11768645477899853,-0.055674144440967924,0.3191317921886251,Accept,"Gender, Age, ProgVar",1.2059337315783487,0.11768645477899853,-0.0720731036819284,0.29351573223998667,Accept,1.1801638465062247,Reject,Accept,0.4727297872764849
0.5954516966322981,0.9319289796044926,0.08369217772882125,-0.0737875776084091,0.3046717058945493,Accept,"Gender, Age, ProgVar",1.139162674864093,0.08369217772882125,-0.10309150299178044,0.2800339063420959,Accept,1.2729836662692182,Reject,Accept,0.9022940154672294
0.2079244417649874,0.8934005390084562,0.30341357542110364,0.06041476830953469,0.5112293809644971,Reject,"Gender, Age, ProgVar",1.711540478404692,0.30341357542110364,0.09160773506439499,0.532437103872725,Reject,1.5931795397077655,Reject,Accept,0.8508431850057206
0.788852961572406,0.971727048556754,-0.0085641720086867,-0.2274845113567423,0.1748170907760308,Accept,"Gender, Age, ProgVar",1.3946057034766761,-0.0085641720086867,-0.2062495444480153,0.19376337987937536,Accept,1.2451698219549585,Reject,Accept,0.5359407989781075
0.944664739689548,1.0008995278334192,-0.04214486122203631,-0.249412419536452,0.16229501676157465,Accept,"Gender, Age, ProgVar",1.277781098894302,-0.04214486122203631,-0.2456527822360189,0.17245708591833692,Accept,1.3300696970012624,Accept,Accept,0.955499971305333
0.7956483883181409,0.9597142099612479,0.01827095551099508,-0.22965569239066114,0.1635295514841139,Accept,"Gender, Age, ProgVar",1.4402044422570328,0.01827095551099508,-0.1683527074073531,0.2142144824337882,Accept,1.3384407840068804,Accept,Accept,0.5243001230039631
0.37946196599731136,0.8694151466462402,0.18752321399732277,0.02835082463737755,0.41492360948978824,Reject,"Gender, Age, ProgVar",1.3999195119609869,0.18752321399732277,-0.010923149979789118,0.38317789238891375,Accept,1.4541882634034073,Reject,Reject,1.0682492210392378
1.0328667903196487,1.0247880411377581,-0.07727900417609633,-0.3281199559870728,0.13561927001912844,Accept,"Gender, Age, ProgVar",1.3277673633015532,-0.07727900417609633,-0.3016346398494784,0.15290789503190344,Accept,1.4537407564234317,Reject,Accept,0.4727844989527777
0.8566248483796557,1.0724027221509242,-0.1327486454613756,-0.3405457134091334,0.10012719462264899,Accept,"Gender, Age, ProgVar",1.2506188629074475,-0.1327486454613756,-0.343395007853856,0.08133459751514373,Accept,1.3749950140982994,Accept,Accept,1.18540545614223
0.3669267132516265,0.9237224080985997,0.11705123786863175,-0.08100323134988581,0.4463277334465702,Accept,"Gender, Age, ProgVar",1.3228849950729582,0.11705123786863175,-0.13670659764321205,0.37187634964881994,Accept,1.5102428251783606,Accept,Accept,0.3700772980132837
0.5725818744616996,0.9326358590130751,0.008099413906270373,-0.09052358798839102,0.27663254043022767,Accept,"Gender, Age, ProgVar",1.249409705698311,0.008099413906270373,-0.16890942638299056,0.1938533957412084,Accept,1.1718606557393092,Reject,Accept,0.2765390236095866
0.5201287011507416,0.9172208658340485,0.1326794474372111,-0.04480078577817187,0.3484473488861213,Accept,"Gender, Age, ProgVar",1.5016306885952992,0.1326794474372111,-0.07486881582712632,0.3427593554871487,Accept,1.2783938137878168,Reject,Accept,0.5575759031596867
0.5364172028196612,0.9245649863852035,0.07713224181431261,-0.15131926906050214,0.33050996366297414,Accept,"Gender, Age, ProgVar",0.9880100291454187,0.07713224181431261,-0.16903197551297436,0.34111244018092207,Accept,1.105404520980638,Accept,Accept,0.4115166889892925
0.48899002203237973,0.9502323585001597,0.13379810823653163,-0.1167907022756508,0.3300789691306736,Accept,"Gender, Age, ProgVar",1.3042326786983864,0.13379810823653163,-0.09714187302484174,0.3618614034787561,Accept,1.3139135744122439,Accept,Accept,0.9450978794012086
0.748571915873978,1.0882483372863239,-0.0843185410199077,-0.31767523376097906,0.14127346898811421,Accept,"Gender, Age, ProgVar",1.7353651355627284,-0.0843185410199077,-0.3038284741155884,0.1333943591811303,Accept,1.6211430411210948,Accept,Accept,0.9575898913153041
0.632605117058412,0.9105452883510772,0.23523748901135624,-0.028034841023435716,0.404146578954127,Accept,"Gender, Age, ProgVar",1.518030263014676,0.23523748901135624,0.010911392910031986,0.45212279933361726,Reject,1.526017602074657,Reject,Accept,0.7890112793490758
0.6512156843332713,0.9312477571624823,0.06474291685930202,-0.10527302410537362,0.26989342381459003,Accept,"Gender, Age, ProgVar",1.3279197441952695,0.06474291685930202,-0.12431173657474201,0.24896652433695432,Accept,1.3727291084565456,Reject,Accept,0.08452165276247138
0.5600804153814528,0.8958738438491909,0.18458808174540517,-0.061544863286366665,0.4131866976303583,Accept,"Gender, Age, ProgVar",1.7135652257073752,0.18458808174540517,-0.04415473961842138,0.4105014132439448,Accept,1.5603335050631661,Reject,Accept,0.9059290546303624
0.5683060889308666,0.9675076436839808,0.08357221244272417,-0.0942606240217925,0.2857066817606316,Accept,"Gender, Age, ProgVar",1.4749655146771155,0.08357221244272417,-0.10520751504694377,0.2777064273231607,Accept,1.3646007142643035,Accept,Accept,0.912503900960767
0.9885812420434047,1.0673222201781492,0.13151820710136425,-0.15907531728507782,0.3409451018513769,Accept,"Gender, Age, ProgVar",1.4779359462005976,0.13151820710136425,-0.13327487451185757,0.38496270943392735,Accept,1.3096674868993137,Accept,Accept,0.5225721104507273
0.528315446250743,0.9057367767156486,0.20056075172882734,-0.07079741454131487,0.42752331818450146,Accept,"Gender, Age, ProgVar",1.2043888303124353,0.20056075172882734,-0.04426727505646526,0.43456468281067373,Accept,1.3940857827483069,Reject,Accept,0.3482462756648613
0.6242900187431901,1.0208801832705867,0.054666842758592876,-0.1064025938206413,0.30529605113941993,Accept,"Gender, Age, ProgVar",1.3242717467898035,0.054666842758592876,-0.15411927890215726,0.26484379372555367,Accept,1.321686599580301,Reject,Accept,0.7184121662478973
0.6417931067672398,0.9866795018195706,0.04002704360090547,-0.166006862601016,0.27061838852559433,Accept,"Gender, Age, ProgVar",1.251662166555397,0.04002704360090547,-0.1817758189888896,0.2629819112015098,Accept,1.1883959747449435,Reject,Accept,0.6572693710202191
0.5482676285695629,0.8966521403671843,0.12846714216117056,-0.07730356676492964,0.3094329709576566,Accept,"Gender, Age, ProgVar",1.3240073416361335,0.12846714216117056,-0.06638442333123346,0.32119184097235914,Accept,1.3120915750595499,Reject,Reject,1.2222738298463285
0.4852764812975351,0.9029140933245261,0.16590588122724675,-0.05600626890973766,0.3486777523409159,Accept,"Gender, Age, ProgVar",1.67152249853049,0.16590588122724675,-0.040847092848597784,0.3725263644056434,Accept,1.584883944165793,Reject,Accept,0.6799768122743987
0.5381762898009768,0.9015690168108723,0.20417922077229186,0.021542912125565368,0.3963292599019196,Reject,"Gender, Age, ProgVar",1.318210427190451,0.20417922077229186,0.013051335309675144,0.40008497543163396,Reject,1.3481450054489141,Reject,Accept,0.6850116398864615
0.6061236058668947,0.9111805072163937,0.0264723531894727,-0.1544994261268604,0.23124552361979697,Accept,"Gender, Age, ProgVar",1.4268725820193742,0.0264723531894727,-0.17713551743515404,0.2246331942023056,Accept,1.3475615678591086,Reject,Reject,1.2094876147212577
0.5231597252345089,0.8448069353511446,0.21135847237635513,0.03995672568312862,0.4529120960116844,Reject,"Gender, Age, ProgVar",1.3726699126334614,0.21135847237635513,0.0014228133816632411,0.4254830715814399,Reject,1.464107292435291,Reject,Accept,0.2777104135969074
0.4365364007376428,0.9358279622067084,0.1519064006050293,-0.07919839406447517,0.410254795983518,Accept,"Gender, Age, ProgVar",1.5070499753437188,0.1519064006050293,-0.07654656342027379,0.4048156269407717,Accept,1.4308872370717234,Reject,Accept,0.23074662225969916
0.36240246097643775,0.9566813754818397,0.18890983615427603,-0.047912702289788944,0.38912363542872874,Accept,"Gender, Age, ProgVar",1.197209446601559,0.18890983615427603,-0.017621664742050486,0.4041695720437809,Accept,1.0523674202890634,Reject,Accept,0.40467586983341175
0.8699792302213981,0.9394523638361048,0.09625392823467689,-0.15280682322582395,0.2973132935166591,Accept,"Gender, Age, ProgVar",1.267276280244265,0.09625392823467689,-0.12729688230489314,0.3116624887214626,Accept,1.3579931282745337,Accept,Reject,0.9881686508453819
0.6368788339709838,0.9999278471747711,0.05696439668099647,-0.12140093863252978,0.2571162860539794,Accept,"Gender, Age, ProgVar",1.1671258076845072,0.05696439668099647,-0.11953770158534927,0.24299973154397536,Accept,1.276355216551256,Reject,Accept,0.7467477581014433
0.5850162711248348,0.9267939282843932,0.15456492299980254,-0.10995859221550554,0.3247807612250179,Accept,"Gender, Age, ProgVar",1.5376542627552232,0.15456492299980254,-0.05556879460655666,0.3668015961978602,Accept,1.5159688618404101,Reject,Accept,0.8442337784271282
0.8373774064765233,1.0038159017970163,-0.04544740811301943,-0.22537891936928947,0.18277440201290637,Accept,"Gender, Age, ProgVar",1.838292108963682,-0.04544740811301943,-0.24824198266597106,0.1729358195114124,Accept,1.813364600987658,Accept,Accept,0.3435600030153202
0.6553331869836663,0.9569348935378241,0.10564378905607424,-0.08785814383523145,0.274038021445688,Accept,"Gender, Age, ProgVar",1.4919947782440803,0.10564378905607424,-0.0648904917983108,0.2949559412723389,Accept,1.399161843684497,Accept,Accept,1.0391178016024736
0.7378044306130815,0.9532750046851682,0.05085261055395691,-0.18993053621302888,0.2797047031128256,Accept,"Gender, Age, ProgVar",1.1806167458948127,0.05085261055395691,-0.17740501472761616,0.2718696900776655,Accept,1.167111156440239,Reject,Accept,0.6076243781152315
0.5885368695511993,0.9881809202560927,-0.008013211021916298,-0.19584255167848058,0.24048493957714837,Accept,"Gender, Age, ProgVar",1.3544870360903483,-0.008013211021916298,-0.21922866096573848,0.20665599189610917,Accept,1.403016633156714,Accept,Accept,0.6038971985600493
0.7713729321100732,1.013661092512504,-0.017881340497067234,-0.19466442142111584,0.1585578938024529,Accept,"Gender, Age, ProgVar",1.3704691015038497,-0.017881340497067234,-0.19850604768044094,0.16952280312964865,Accept,1.3136386233131339,Accept,Accept,0.41239149063877234
0.6634716829085219,0.9093281734764774,0.10526106757550077,-0.0798953868898425,0.3427976332271967,Accept,"Gender, Age, ProgVar",1.6838400758305594,0.10526106757550077,-0.11467523931815059,0.32253865011243915,Accept,1.7885563066471155,Reject,Reject,1.1496937476619156
0.3857934523035499,0.8792495402111492,0.24490064484971372,0.10037417930245719,0.42075521849590397,Reject,"Gender, Age, ProgVar",1.5119458740361622,0.24490064484971372,0.06972737100563246,0.40408796499360866,Reject,1.4397500032969859,Reject,Accept,0.5923697054571235
0.6587923452555147,1.036450125090614,0.07138022377808383,-0.13266244859640197,0.306032235181424,Accept,"Gender, Age, ProgVar",1.4570179003362906,0.07138022377808383,-0.1542240271430135,0.2943463934280751,Accept,1.3190244501196426,Accept,Accept,1.1421125915923485
0.43062549604045836,0.9363986730075394,0.15652325931171115,-0.02112747594900133,0.4028472332407477,Accept,"Gender, Age, ProgVar",1.3106357034539362,0.15652325931171115,-0.06317365853034458,0.3689167597195899,Accept,1.2923068223245486,Reject,Accept,0.7163966028704047
0.7164244087569689,0.9425163518771499,0.07808802164104815,-0.07472612200747605,0.26407748889058397,Accept,"Gender, Age, ProgVar",1.5187607238062841,0.07808802164104815,-0.08590463429929879,0.23162145478172924,Accept,1.2349479572115245,Reject,Accept,0.79452785875121
0.633745152684085,1.000559427958079,0.06321757124850724,-0.1558548744573375,0.30997735870738563,Accept,"Gender, Age, ProgVar",1.190132540613037,0.06321757124850724,-0.17508576480652613,0.2934305120155437,Accept,1.2980367861917532,Reject,Accept,0.6404516129420522
0.6175103614678582,0.9815296185185591,0.0041426787387511405,-0.19590333866558615,0.25689618434904876,Accept,"Gender, Age, ProgVar",1.3611663819970203,0.0041426787387511405,-0.2234480352677631,0.23674532554376349,Accept,1.4937762533709564,Reject,Accept,0.681592633316251
0.8814687211494852,0.9720882852295266,-0.0387402475765863,-0.25599895394972966,0.16100107419891946,Accept,"Gender, Age, ProgVar",1.196851061402238,-0.0387402475765863,-0.24003581279785688,0.15660380543139302,Accept,1.2541237681036201,Accept,Accept,0.6839596401527992
0.255439834675494,0.8351997180040608,0.27868435565923183,0.07235233588936515,0.4927574113523007,Reject,"Gender, Age, ProgVar",1.5104731094885273,0.27868435565923183,0.07533385096465287,0.4808500934760786,Reject,1.3598640418680108,Reject,Reject,1.1578672007787256
0.6464524041436837,0.8666540330507881,0.10099612927828923,-0.10165506060086577,0.3185563847506395,Accept,"Gender, Age, ProgVar",1.5026184844671164,0.10099612927828923,-0.10559877488925418,0.3028628784319487,Accept,1.575816684909439,Reject,Accept,0.9684542675114401
0.3585205854027154,0.9472723331674946,0.2721063353684662,0.009168514137410197,0.521940715335536,Reject,"Gender, Age, ProgVar",1.3610787260742316,0.2721063353684662,0.024160003438047535,0.5209452972647277,Reject,1.4075337936227006,Reject,Accept,0.6498301372021897
0.6568940349593557,1.0374300381700392,0.005113406688356979,-0.24456172709006962,0.17724560261867034,Accept,"Gender, Age, ProgVar",1.2426874704889341,0.005113406688356979,-0.1998798580603473,0.22120465734546202,Accept,1.3598994547853613,Accept,Accept,0.9832334924006926
0.5676375369096989,0.8838262300280636,0.26453713182847727,0.013423070885262456,0.37476879122335416,Reject,"Gender, Age, ProgVar",1.7009267342491434,0.26453713182847727,0.0895251202012227,0.4244518309368972,Reject,1.6706795316782919,Accept,Accept,1.1157715290716388
0.808746315070385,0.8887394794121415,0.15345164053175012,-0.05652561011959605,0.3662466610029152,Accept,"Gender, Age, ProgVar",1.5228607640854284,0.15345164053175012,-0.06285072105828979,0.3717444970514116,Accept,1.3846312585595177,Reject,Accept,0.6308060849509493
0.45559489288221433,0.9214525175058564,0.13516067305367105,-0.0661139342854725,0.3288244556873779,Accept,"Gender, Age, ProgVar",1.3541215557403166,0.13516067305367105,-0.062193953422878485,0.34374331566596766,Accept,1.3206031193708478,Reject,Accept,0.11773750943055247
0.8277314819955618,1.1152669463336966,-0.04818172058670012,-0.26268788209497207,0.1942247748019913,Accept,"Gender, Age, ProgVar",1.3664588446262855,-0.04818172058670012,-0.30055583987016776,0.18664284969372458,Accept,1.3518454910381235,Accept,Accept,0.119226744890542
0.5162596951703524,0.9576272587072104,0.12660158280036896,-0.05291917781318214,0.36016882950044604,Accept,"Gender, Age, ProgVar",1.2097413845169986,0.12660158280036896,-0.06756635398902269,0.3294257836248179,Accept,1.265924614903903,Accept,Accept,0.8408990122206034
0.48711129384316815,0.9849114323308709,0.14826186506940925,-0.07575988596385026,0.31937468998111296,Accept,"Gender, Age, ProgVar",1.316354063840725,0.14826186506940925,-0.05109990510672985,0.3595034435435883,Accept,1.1847685234691752,Reject,Accept,0.3473731641019286
0.36062394113194773,0.8353777447462002,0.30106868532774067,0.10367151799514097,0.48888404727355594,Reject,"Gender, Age, ProgVar",1.3857394272661265,0.30106868532774067,0.11589369900984209,0.4901571761262966,Reject,1.3563284446971113,Reject,Accept,0.2790251312671705
0.28385829620149927,0.8465346216105255,0.19117181546771173,0.023226426448575636,0.38894222674126655,Reject,"Gender, Age, ProgVar",1.5366765950656378,0.19117181546771173,0.009564371857383354,0.3637821765654217,Reject,1.4824245739320279,Accept,Accept,0.7162687993306595
0.6100518144056476,0.9210382444700631,0.10492586195752855,-0.05963102513381065,0.3990401574216296,Accept,"Gender, Age, ProgVar",1.6965995827503797,0.10492586195752855,-0.13983517346190827,0.3576359309741888,Accept,1.4901113946527935,Accept,Reject,1.0337841181607257
0.5826614727320496,0.91623344984488575,0.16290587306165952,-0.08771398441319227,0.3421098616286407,Accept,"Gender, Age, ProgVar",1.2966499485489458,0.16290587306165952,-0.04561191633232277,0.37469889110957877,Accept,1.114987505602487,Reject,Accept,0.859687127829514
0.42109191802356555,0.9590485786535976,0.15954842497261298,-0.07025954098866019,0.4208417365555241,Accept,"Gender, Age, ProgVar",1.3700071849809519,0.15954842497261298,-0.07657166085664624,0.3915834635641656,Accept,1.384505431275911,Reject,Accept,0.868636473250853
0.0724112370223985,0.7677774409906236,0.38225087751671166,0.19486334007424366,0.6034703524373775,Reject,"Gender, Age, ProgVar",1.2659081465769375,0.38225087751671166,0.1796874856192242,0.5838675114847519,Reject,1.324224440156036,Reject,Accept,0.6921921786607591
0.6187472445556215,0.9465390637363427,0.0849443728304216,-0.1525418376593768,0.34474569373034486,Accept,"Gender, Age, ProgVar",1.4738538831913894,0.0849443728304216,-0.1484143395145115,0.3395264673453423,Accept,1.2736540202648605,Reject,Accept,0.7756236645950033
0.662829689342042,0.9418450563087171,0.031101230896225525,-0.12702089730575444,0.20218625699141857,Accept,"Gender, Age, ProgVar",0.9857730080012488,0.031101230896225525,-0.13436879322943185,0.20430232770907297,Accept,1.0753022127173917,Reject,Accept,0.9083144776056427
0.6771660868571664,1.0298996086501255,0.08615479067582002,-0.08722156176055244,0.29263397571008815,Accept,"Gender, Age, ProgVar",1.7590725784055163,0.08615479067582002,-0.12279074751228737,0.28375458864580116,Accept,1.438584965802456,Reject,Accept,0.046736434325623646
0.6655590904056633,0.9647773289341788,0.10060527993838199,-0.0853611686095573,0.29562348742981304,Accept,"Gender, Age, ProgVar",1.382356889531134,0.10060527993838199,-0.07684642021388116,0.29421062033565576,Accept,1.3764880315844759,Accept,Accept,0.3973054837032109
0.5387469503382751,0.9678530197924551,0.18348736559138212,-0.043332426771578045,0.3783292595950634,Accept,"Gender, Age, ProgVar",1.4990511167495288,0.18348736559138212,-0.03189501145229405,0.40689706508592516,Accept,1.5645169878603538,Reject,Accept,0.15531169103857165
0.5079374032185169,0.8619517137789755,0.13247894288262543,-0.018171985722787724,0.3016999062843545,Accept,"Gender, Age, ProgVar",1.247705085350069,0.13247894288262543,-0.031827766779467415,0.28421648498632834,Accept,1.2409240165041528,Reject,Accept,0.7955065624322405
0.567601408274271,0.98317684515702,0.10285922003204624,-0.13644187481463982,0.26352776426644015,Accept,"Gender, Age, ProgVar",1.460978486221346,0.10285922003204624,-0.08015366667930782,0.3131504241244607,Accept,1.398513935244437,Accept,Accept,0.847844527783318
0.5516704684697482,0.8913127520496945,0.08970003213240298,-0.09259522071758988,0.28909884547048953,Accept,"Gender, Age, ProgVar",1.4693932327987027,0.08970003213240298,-0.11410793647779206,0.2943155374868108,Accept,1.3194299080939373,Accept,Accept,0.9062380894203389
0.5542132938931003,0.8828547241342228,0.3126803189747203,0.044438855824850174,0.45832591559336744,Reject,"Gender, Age, ProgVar",1.2772077927524936,0.3126803189747203,0.10388808578633615,0.528687240808189,Reject,1.4063246348037859,Reject,Accept,0.933815425665842
0.4991049849570872,0.8334480236380403,0.23680052507469435,0.026435604098506565,0.4358658029508393,Reject,"Gender, Age, ProgVar",1.6264943139406822,0.23680052507469435,0.03287960368492028,0.45977970254885925,Reject,1.5787021711724907,Reject,Reject,1.0593205273503823
0.6761781139580492,0.9210688189050955,0.049320206354238706,-0.13711799697206165,0.3034353252689229,Accept,"Gender, Age, ProgVar",1.2143287815629384,0.049320206354238706,-0.1630796416327706,0.2687110782821147,Accept,1.295226759562808,Accept,Accept,0.42214641934676883
0.37681005565992487,0.9457220591175309,0.2683857401022795,0.031099497804382217,0.488675107208829,Reject,"Gender, Age, ProgVar",1.5363997573276225,0.2683857401022795,0.033231345620560654,0.5077576076196761,Reject,1.4825372988058783,Reject,Accept,0.5522558913726557
0.4806631328282786,0.9538923434587164,0.11315494941130348,-0.10390700890106713,0.3410814898712726,Accept,"Gender, Age, ProgVar",1.8579479762673201,0.11315494941130348,-0.10791773947365016,0.33419890996637297,Accept,1.68580378534902,Accept,Reject,1.156599817049553
0.8886912394829191,0.9697280333179598,-0.04296326004786871,-0.2491148422879953,0.24468515526176432,Accept,"Gender, Age, ProgVar",1.2028265168931132,-0.04296326004786871,-0.30923674161674186,0.2252039678978348,Accept,1.2934870341018916,Accept,Accept,0.35062534995407696
0.6898369039404343,1.014718469486579,-0.048934489486501316,-0.3018376594272237,0.14357798288689136,Accept,"Gender, Age, ProgVar",1.0430471735574018,-0.048934489486501316,-0.2780176869609591,0.16691413415484183,Accept,1.200331797785422,Accept,Accept,0.4515008246070423
0.5010326216333649,0.8999985135979145,0.10719881670840535,-0.07746099158607266,0.31382972801221765,Accept,"Gender, Age, ProgVar",1.319186686020906,0.10719881670840535,-0.08024732119211593,0.2956949072885309,Accept,1.3559591630740022,Reject,Accept,0.847921492244647
0.5962567550900635,0.9346164124577319,0.09393968760944796,-0.11164335489003042,0.3381516349133739,Accept,"Gender, Age, ProgVar",2.0081840358577976,0.09393968760944796,-0.1333473285491989,0.31180556115723435,Accept,1.7938845073020722,Reject,Accept,0.38919769425529327
0.7195989090421322,0.9298610438885564,0.16725957576757086,-0.1066132672180305,0.33973118769925226,Accept,"Gender, Age, ProgVar",1.4733787946018504,0.16725957576757086,-0.052717594242178985,0.3813735214616693,Accept,1.4880208815713434,Reject,Reject,1.1060855349469954
0.4229111284978767,0.8910042278821544,0.2345981604953342,0.024447435781613187,0.5134046350873291,Reject,"Gender, Age, ProgVar",1.1773597999175047,0.2345981604953342,0.0010923134894318676,0.4948543317380447,Reject,1.2620155124106918,Reject,Accept,0.8110335221328867
0.45467316855776296,0.9310058100513648,0.15424570494032014,-0.06705097493994237,0.39663904122870025,Accept,"Gender, Age, ProgVar",1.5273842399499862,0.15424570494032014,-0.07125824780647275,0.38233630751077285,Accept,1.4160309969822626,Accept,Accept,1.0141121053883935
0.5382015154970251,0.9071726528213506,0.1399875757267233,-0.07001275803011643,0.32618207909191305,Accept,"Gender, Age, ProgVar",1.4037388160641282,0.1399875757267233,-0.05330831315008597,0.3351739698272483,Accept,1.468376042653173,Reject,Accept,0.34317025688571534
0.37291258324123805,0.9578519435107746,0.14445741429714418,-0.09614666302338527,0.3614742215875316,Accept,"Gender, Age, ProgVar",1.538934860373309,0.14445741429714418,-0.09120637367481638,0.39571574001494547,Accept,1.4886360596879709,Accept,Accept,0.2141255618796924
0.36031126217599235,0.9060906410061589,0.17780661677619647,-0.04133544914939855,0.40884661170486963,Accept,"Gender, Age, ProgVar",1.516567989279883,0.17780661677619647,-0.043433610641237096,0.3914634383283104,Accept,1.349680690698949,Accept,Accept,0.5247361354432908
0.7367795485082015,0.9947108973336782,-0.004734533811595141,-0.2007141036276927,0.17807894937463095,Accept,"Gender, Age, ProgVar",1.2333523148176382,-0.004734533811595141,-0.18677735301284154,0.17623468518567648,Accept,1.2463811300496697,Accept,Accept,0.2281706826955202
0.7375823556638228,0.9273157829668276,0.06614908408494594,-0.07025731661912585,0.3308555316072364,Accept,"Gender, Age, ProgVar",1.616624365078725,0.06614908408494594,-0.13908426073990454,0.268015112793842,Accept,1.4428425436733188,Reject,Accept,0.8284959260614185
0.7578175186546637,0.9531169998233118,0.08569835331757392,-0.1257314195266569,0.2944895061448474,Accept,"Gender, Age, ProgVar",1.3802273063090613,0.08569835331757392,-0.14285816704652524,0.30175382618749824,Accept,1.3513311858894517,Reject,Accept,0.6868546966501089
0.5006583030079049,0.9306343293547913,0.204871973391008,-0.04993792463645784,0.46285589031101,Accept,"Gender, Age, ProgVar",1.3601146363382768,0.204871973391008,-0.04924823948237447,0.47946241215118207,Accept,1.4217540330771448,Reject,Accept,0.5909323222732448
0.3606869497268979,0.8903038943217544,0.2638067880338439,0.07313636103542286,0.49753336310404717,Reject,"Gender, Age, ProgVar",1.1777874068847385,0.2638067880338439,0.06918602827434614,0.4862142529299002,Reject,1.2142622945151083,Reject,Accept,0.8131625585410677
0.32643946520449,0.8565706756359206,0.2417886427673522,-0.018931379871051285,0.4161508650659251,Accept,"Gender, Age, ProgVar",1.4493515296000723,0.2417886427673522,0.00996627915882739,0.46748226456075914,Reject,1.4751204268914344,Reject,Reject,1.587621244935026
0.5500982619920856,0.9116903258701924,0.25201197705493406,-0.018642916603957525,0.482860180551626,Accept,"Gender, Age, ProgVar",1.4031006082392279,0.25201197705493406,-0.010353554537010836,0.5208058231962396,Accept,1.362800158014587,Reject,Accept,0.8802243735058587
0.6267662268173736,0.9070765805723839,0.1847368499270228,-0.019372657180218335,0.3997022693380872,Accept,"Gender, Age, ProgVar",1.3505537446433171,0.1847368499270228,-0.016778226098619342,0.3963211506136583,Accept,1.4855424436728228,Reject,Accept,0.9344277141924241
0.8269658741390281,0.9675735883144484,0.029498340007240616,-0.1521774949788582,0.23162691696962515,Accept,"Gender, Age, ProgVar",1.4833574356667867,0.029498340007240616,-0.1576004314333401,0.21807302174334567,Accept,1.5001507242286072,Accept,Accept,0.572595379896514
0.478585459519346,0.964666418342609,0.15398748790773348,-0.07945603614896268,0.40236053653455034,Accept,"Gender, Age, ProgVar",1.1637676871226195,0.15398748790773348,-0.07069101060433156,0.40037529003537464,Accept,1.283997608990245,Accept,Accept,0.6740105260331218
0.4504383453925233,0.9451926218183773,0.12884590391170883,-0.0768512488978752,0.3440830497317347,Accept,"Gender, Age, ProgVar",1.572236368642026,0.12884590391170883,-0.07310089487401111,0.3242837902259116,Accept,1.58410899454473,Reject,Accept,0.5462410111295507
0.6698778081416847,0.9682702228467374,0.07136180544885928,-0.08592602482986056,0.24358414965913444,Accept,"Gender, Age, ProgVar",1.3655990884982814,0.07136180544885928,-0.10406345519381764,0.24515451356607498,Accept,1.3740041822875413,Accept,Accept,1.031134130995635
0.6644332212242343,0.9764036398168666,0.11098344382056065,-0.09751146948032477,0.34486371266795307,Accept,"Gender, Age, ProgVar",1.5478871573221946,0.11098344382056065,-0.12970769565475004,0.33385892902393155,Accept,1.4669560351261626,Reject,Accept,0.7420647249224962
0.40553277971734253,0.9308653614008746,0.1723236250566335,-0.0303804308061845,0.36894846700859524,Accept,"Gender, Age, ProgVar",1.214186419359296,0.1723236250566335,-0.03480555914284392,0.3790286385857529,Accept,1.435410957687389,Reject,Accept,0.887966157763328
0.42217369926111264,0.7971129913880821,0.27737236904197626,0.0762754143972946,0.47060035428206526,Reject,"Gender, Age, ProgVar",1.6871996716167246,0.27737236904197626,0.08861384867718393,0.4591749892990768,Reject,1.3947242289037503,Reject,Accept,0.36447703319332814
0.8297976008363169,0.9483164199156902,0.0698971879964462,-0.16329393135263104,0.292043553677338,Accept,"Gender, Age, ProgVar",1.1852435907925136,0.0698971879964462,-0.16295520114306514,0.2952248400714996,Accept,1.2815246433674887,Reject,Accept,0.7107221738500541
0.5966408405485801,0.9211099191022176,0.12172855420223765,-0.10776969131290924,0.3143769714925065,Accept,"Gender, Age, ProgVar",1.1499998792171902,0.12172855420223765,-0.0954830200515596,0.3308317305759401,Accept,1.2733739453401283,Reject,Accept,0.9035174307286056
0.40288283848308326,0.7975231716263537,0.19553383507977562,0.05702319699350866,0.4427209643472101,Reject,"Gender, Age, ProgVar",1.3372622705561221,0.19553383507977562,0.010425558780568032,0.402354953365736,Reject,1.5766409821879457,Reject,Accept,0.830422631947899
0.5186763623366876,0.9357617466554173,0.11357362141150366,-0.0910054108829978,0.31050774215249144,Accept,"Gender, Age, ProgVar",1.4534480358436193,0.11357362141150366,-0.08490879251362157,0.3057682267257067,Accept,1.5227600667569257,Accept,Accept,0.7855300229702669
0.6153931082613633,1.0188937333243462,0.08428940349258733,-0.10371452535554933,0.30314433732128115,Accept,"Gender, Age, ProgVar",1.1939247692519155,0.08428940349258733,-0.14373319341660706,0.2928818477932964,Accept,1.2950067565549221,Accept,Accept,0.35265185704773
0.18748582949203485,0.8650743027216504,0.3743446926806347,0.15565052449278227,0.5326155976886162,Reject,"Gender, Age, ProgVar",1.4797616004252752,0.3743446926806347,0.1790895750161694,0.5626511397692913,Reject,1.4269027241149899,Reject,Accept,0.43768460763373235
0.6902358034955265,1.0436589699797976,-0.006181149671310576,-0.2805274122871955,0.21482890849820419,Accept,"Gender, Age, ProgVar",1.3284547902526915,-0.006181149671310576,-0.25058673858656083,0.23241072560279363,Accept,1.2458657879885164,Accept,Accept,0.6421578684572324
0.24549218607638734,0.9001623018961518,0.33065565396530744,0.12340943258895898,0.4725816159895276,Reject,"Gender, Age, ProgVar",1.4236853530604463,0.33065565396530744,0.1510109207677745,0.4955613338573322,Reject,1.2884404848928304,Reject,Accept,0.8592537809081611
0.4597045640204068,0.9290592646084516,0.03103045392429257,-0.121344216248265,0.2776916277578364,Accept,"Gender, Age, ProgVar",1.0791973110497919,0.03103045392429257,-0.1630374045089572,0.23101515414806809,Accept,1.1324110368703466,Accept,Accept,0.05062100596360021
0.21462885268021747,0.8889826757108674,0.303321373324216,0.0896754564513365,0.5110714716832373,Reject,"Gender, Age, ProgVar",1.3241629328060798,0.303321373324216,0.08797666266679126,0.5041039652485741,Reject,1.249345382451561,Reject,Accept,0.950184241674015
0.6974695563819765,0.9656834676685258,0.13346676329643842,-0.1649364056461294,0.29213548934771794,Accept,"Gender, Age, ProgVar",1.703409636161114,0.13346676329643842,-0.08369578743044093,0.36115101394564764,Accept,1.4411657645099876,Reject,Accept,0.5969925350410306
0.5309026632298562,0.9708155508218901,0.16710549570230993,-0.02238151277131672,0.31245259065066305,Accept,"Gender, Age, ProgVar",1.1917416219559054,0.16710549570230993,-0.004265855021305983,0.3287252709798924,Accept,1.1689309824823322,Reject,Accept,0.567172775283236
0.08912102305087567,0.894025968527326,0.3170768681462207,0.10174728264618654,0.5229575272585458,Reject,"Gender, Age, ProgVar",1.4964513502199628,0.3170768681462207,0.10687469080405504,0.5098153413036539,Reject,1.4367800254493506,Reject,Accept,0.4381240437049703
0.49304904057425497,0.9578304894164614,0.2248452233776507,-0.01162287908166331,0.4806937318388933,Accept,"Gender, Age, ProgVar",1.5580251080117165,0.2248452233776507,-0.014467790554646908,0.49018217658052565,Accept,1.411752663945527,Reject,Accept,0.4134217772291616
0.4208609043358276,0.8490992470470852,0.2850757088162715,0.1510028160412093,0.583389846928861,Reject,"Gender, Age, ProgVar",1.5357826483875099,0.2850757088162715,0.08449524915061393,0.5069520631234842,Reject,1.34117712143759,Reject,Accept,0.9247016707095443
0.7038864640516049,1.0195404712198328,0.06281507464180504,-0.14066767634346877,0.26208608367210273,Accept,"Gender, Age, ProgVar",1.3139128508527298,0.06281507464180504,-0.16103816266222015,0.2731712974497445,Accept,1.2489886938591679,Reject,Accept,0.5618086671395006
0.8251898869208071,1.0091606038952734,-0.043504390802736874,-0.21867585039792567,0.2055116850893322,Accept,"Gender, Age, ProgVar",1.3061256963144408,-0.043504390802736874,-0.26093290957090853,0.160334569627962,Accept,1.4059795432490008,Accept,Accept,0.8507037571676042
0.3347504972615381,0.8439240848966019,0.21773570293276714,-0.004929145657355208,0.4371993847770054,Accept,"Gender, Age, ProgVar",1.3516831382480845,0.21773570293276714,-0.003961197368646418,0.43568091287987704,Accept,1.4287761821306961,Reject,Accept,0.5204947580160603
0.5493478057855506,0.8929063255074939,0.2167581363182222,0.0242090879413306,0.38443710569728823,Reject,"Gender, Age, ProgVar",1.378249559279343,0.2167581363182222,0.035304495433117054,0.37994746680532837,Reject,1.486620896628925,Reject,Accept,0.19090490718106487
0.5352133216918045,0.9221387571424675,0.2021490414570455,-0.044280305452835574,0.40788273383751683,Accept,"Gender, Age, ProgVar",1.4778381320545797,0.2021490414570455,-0.020215720658127056,0.4242539956644946,Accept,1.4650974656991198,Reject,Accept,0.6906509728620484
0.7708659251772342,0.9448457718577,0.068370603638781835,-0.1353596270195842,0.24675387738218443,Accept,"Gender, Age, ProgVar",1.3866656789102885,0.068370603638781835,-0.15093298555551982,0.2541553289461546,Accept,1.3219638951959058,Reject,Accept,1.1182973603932056
0.5435743694944668,0.8588838581667787,0.1422343211094993,-0.04557949346684179,0.34832986113903835,Accept,"Gender, Age, ProgVar",1.4455010995288198,0.1422343211094993,-0.04940849008410518,0.33625031965707347,Accept,1.4575638266133597,Reject,Accept,0.3032127842061006
0.514277782835275,0.9921276533489599,0.020748141868495825,-0.2520539514644446,0.2226215456623868,Accept,"Age, ProgVar, X2",1.8830189621435138,0.020748141868495825,-0.2004084345148354,0.23546887168954347,Accept,1.6749144197248498,Reject,Accept,0.48339287421046984
0.7612553935147507,0.9692525239738159,0.02696327883566401,-0.14137399166654419,0.16841297621826198,Accept,"Gender, Age, ProgVar",1.329481481433021,0.02696327883566401,-0.13229168421342663,0.18947681568236818,Accept,1.3142663383386173,Accept,Accept,0.779693421126222
0.9072590366813433,0.9570840429188657,-0.15726007211063,-0.276691872080623,0.18070829053319015,Accept,"Gender, Age, ProgVar",1.763300303645987,-0.15726007211063,-0.42066760517734375,0.08572545398246241,Accept,1.52586471899088,Reject,Accept,1.0571627183780343
0.36721648128491813,0.927835016255817,0.1864487363747439,0.015364612140824144,0.4051008608560684,Reject,"Gender, Age, ProgVar",1.3567038249716026,0.1864487363747439,-0.018606421273206376,0.39562649052065724,Accept,1.261509211596519,Reject,Accept,0.21898687850237347
0.6257915455842691,0.9356638173786231,0.025602677040815147,-0.1868943564854933,0.23354113119115558,Accept,"Gender, Age, ProgVar",1.2142597371325565,0.025602677040815147,-0.16846475781787054,0.24351353705038134,Accept,1.265237128845689,Reject,Accept,0.602405616780183
0.6921080695971072,0.9463492971485651,0.08072926473271487,-0.11174039159821557,0.2628996421341824,Accept,"Gender, Age, ProgVar",1.5034205016928366,0.08072926473271487,-0.10251190388679984,0.26870378312394105,Accept,1.3959258980979197,Reject,Accept,0.5592355926468602
0.5931623984047891,1.013701051040736,0.1677163076907468,-0.07566796024331127,0.40433115139132375,Accept,"Gender, Age, ProgVar",1.5264873391064055,0.1677163076907468,-0.08087590562600956,0.41447055194662563,Accept,1.581448375039319,Accept,Accept,0.8113655596028507
0.48420922138375805,0.9638272183406457,0.09212028067273009,-0.17990231820114258,0.40649979049267526,Accept,"Gender, Age, ProgVar",1.2869852291932913,0.09212028067273009,-0.19278570872571235,0.3697012739213818,Accept,1.3397492368023085,Reject,Accept,0.511709339135286
0.3270981584799863,0.8238210939788368,0.23160043780082135,0.045093150327776776,0.5213918329637184,Reject,"Gender, Age, ProgVar",1.5370005354280663,0.23160043780082135,0.005888253499322926,0.46973590872119764,Reject,1.6607911101391415,Reject,Accept,0.2797958400323303
0.3442475140294972,0.9014891431789019,0.15174680179757669,-0.00495855870151337,0.366779315001859,Accept,"Gender, Age, ProgVar",1.4937955838720065,0.15174680179757669,-0.019174511728870143,0.3197993239256838,Accept,1.3914106802701227,Reject,Accept,1.0055876113998494
0.6662991087327136,0.9167976141313529,0.045764516091854245,-0.1685153291586461,0.2629361034361337,Accept,"Gender, Age, ProgVar",1.3093072373115588,0.045764516091854245,-0.18315857575026495,0.26366662630018584,Accept,1.313006352609236,Reject,Accept,0.7999737692398886
0.9435609817317031,0.9872886080032264,-0.03573672673483676,-0.2595412112026591,0.17748492589080844,Accept,"Gender, Age, ProgVar",1.4714536815302919,-0.03573672673483676,-0.2540661722526297,0.18250528648187547,Accept,1.4949761929982177,Accept,Accept,0.8786315141066722
0.6545720895332823,1.0204712142595407,-0.034030620333447094,-0.2294163881796983,0.17573852975193213,Accept,"Gender, Age, ProgVar",1.1569095901835045,-0.034030620333447094,-0.2239879602656161,0.18383478403557146,Accept,1.0542898725655094,Accept,Accept,0.8038141624287622
0.5533374197165517,0.8838614526728775,0.1190392060536114,2.654803106390425e-4,0.37931994845377803,Reject,"Gender, Age, ProgVar",1.1115535469531854,0.1190392060536114,-0.06665751848034668,0.31028849635844286,Accept,1.380877421536961,Reject,Accept,0.7964837190552324
0.4035981257317006,0.8880610543661751,0.16321352110762974,-0.04679089963735071,0.32593627480501874,Accept,"Gender, Age, ProgVar",1.415259101674131,0.16321352110762974,-0.014427488308968534,0.3547229300819903,Accept,1.4259431183743656,Reject,Accept,0.6277564061139324
0.7067410931002832,0.9462900251408294,-0.01467255103640793,-0.23920327045666723,0.14757390211192506,Accept,"Gender, Age, ProgVar",1.536483447780362,-0.01467255103640793,-0.22194525439048607,0.18084784876138227,Accept,1.3830413996038047,Accept,Accept,0.5201807007530226
0.6577540326450358,0.9808980152088085,-0.038734209749752134,-0.1900677914937632,0.19317862428771865,Accept,"Gender, Age, ProgVar",1.340174131531052,-0.038734209749752134,-0.24048944646155018,0.15462196510806678,Accept,1.5175463209597078,Accept,Accept,1.2925898524473547
0.6621313405602494,0.9022053049925852,0.028466435253962894,-0.11683305303981294,0.24765045580377895,Accept,"Gender, Age, ProgVar",1.0061560424899598,0.028466435253962894,-0.1489352314646809,0.20304189031475242,Accept,1.0840535977396448,Accept,Accept,0.6079854201136533
0.37710676359520306,0.8187477925183242,0.2295619533330531,0.023512965372724223,0.4527051152422324,Reject,"Gender, Age, ProgVar",0.9177653914609842,0.2295619533330531,-0.013718052717855391,0.45471201168107495,Accept,1.014402779794044,Reject,Accept,0.5427418482205152
0.5514813517118956,0.93326863744384,0.1307398620213188,-0.04896936535562303,0.37999303219527036,Accept,"Gender, Age, ProgVar",1.2588505118598077,0.1307398620213188,-0.07138215110691866,0.34721146666330627,Accept,1.434960217983711,Reject,Accept,0.3095889843869003
0.42297545868404224,1.0435022181157567,0.13101265197062428,-0.15607239538053314,0.348524723985611,Accept,"Gender, Age, ProgVar",1.4548579229753598,0.13101265197062428,-0.1360619264253647,0.38386227308132886,Accept,1.3211402631090727,Reject,Accept,0.41156290839491055
0.6210171255667443,0.9354238570231018,0.12211643250415945,-0.09701792106287166,0.33515037434323447,Accept,"Gender, Age, ProgVar",1.2100341060495547,0.12211643250415945,-0.09855972385996767,0.34690203323939983,Accept,1.343617253119076,Accept,Accept,0.5995842312053182
0.6649190188570698,0.959393039097142,0.07714347733677213,-0.17992835327438161,0.2989820547917923,Accept,"Gender, Age, ProgVar",1.4434024460131962,0.07714347733677213,-0.17069106907099424,0.3106620910355796,Accept,1.4133434268630014,Reject,Accept,0.2956855402377834
0.5830052074577331,0.9413296289370073,0.12624477266659853,-0.07884103014711231,0.37474296385512745,Accept,"Gender, Age, ProgVar",1.6283492050173307,0.12624477266659853,-0.08694323493039038,0.34318119081518755,Accept,1.5899954743991043,Reject,Accept,0.6870975887384392
0.47876717195158647,0.9962414688927723,0.09336408812845325,-0.1671680011949934,0.3112214287096828,Accept,"Gender, Age, ProgVar",1.4606178058262613,0.09336408812845325,-0.16320276322184774,0.3509665034772217,Accept,1.2957003246706718,Reject,Reject,1.161069356509647
0.6718620447208536,0.9494415899349025,0.024697946744250344,-0.10476207096093926,0.22342160592831048,Accept,"Gender, Age, ProgVar",1.421976196681477,0.024697946744250344,-0.16370251231975552,0.18690428680432158,Accept,1.4551472726127244,Reject,Accept,0.22621108689515873
0.6399353425885868,0.8853276512344135,0.13967016175092245,-0.03444232351769334,0.3370753603320758,Accept,"Gender, Age, ProgVar",1.5634157011992624,0.13967016175092245,-0.05590736228158132,0.32668017630962326,Accept,1.3509704076737694,Accept,Accept,0.9870392865213508
0.5577776338255855,0.9290686837709271,0.14354043392066068,-0.002615608098809976,0.37632195050744033,Accept,"Gender, Age, ProgVar",1.1855255267758316,0.14354043392066068,-0.036631320658855514,0.3328993334258956,Accept,1.2452234723229412,Accept,Accept,0.6041027955991527
0.7791351138736862,0.9900745873907241,0.055157710518690534,-0.12885433044960842,0.226482434840837,Accept,"Gender, Age, ProgVar",1.5518697076435939,0.055157710518690534,-0.12118940071649588,0.22789006965550646,Accept,1.5251520272691526,Reject,Accept,0.7463191000095029
0.5107737333187298,0.8889866578292434,0.13995806711792494,-0.030119516446564236,0.3292604447367436,Accept,"Gender, Age, ProgVar",1.7104668130874277,0.13995806711792494,-0.03155883186387296,0.3163902871396652,Accept,1.6380583448074553,Reject,Accept,0.6335528192133968
0.682241803378425,0.8937977900854461,0.10090056736480976,-0.13051962049547272,0.3222415254993332,Accept,"Gender, Age, ProgVar",1.2319831939745471,0.10090056736480976,-0.11037435611894768,0.3125340333128809,Accept,1.3883911247076504,Reject,Accept,0.4268382304494588
0.5485310621695744,0.9016411761607673,0.22808603700372151,0.036583416135275375,0.4398071680617156,Reject,"Gender, Age, ProgVar",1.1041016848299607,0.22808603700372151,0.001029952244968546,0.4318415175221995,Reject,1.1692174106031883,Reject,Reject,1.1579347539078666
0.4006909443904398,0.9163526763221949,0.16356221252455205,-0.01467180284294705,0.3355558696182724,Accept,"Gender, Age, ProgVar",1.5251743693614526,0.16356221252455205,-0.014265340084234883,0.34244754864066596,Accept,1.4363433336430687,Reject,Accept,0.868994686194042
0.53857803158839,0.9116961375815125,0.13958580816868213,-0.05124916653121875,0.31693398733247047,Accept,"Gender, Age, ProgVar",1.2716265610787794,0.13958580816868213,-0.04691343548075219,0.32256347925941536,Accept,1.3421082455031068,Reject,Accept,0.7676383594707911
0.8027963354837143,0.9827120406353246,-0.013547760523235447,-0.24385476676897944,0.18459000504250267,Accept,"Gender, Age, ProgVar",1.5576557303761345,-0.013547760523235447,-0.21509228717310805,0.21559750861957944,Accept,1.4744834201948398,Reject,Accept,0.7305312376923158
0.1992211453351093,0.9461687358288416,0.14828139609255228,-0.07305008331682619,0.3804175921560656,Accept,"Gender, Age, ProgVar",1.3735190576593563,0.14828139609255228,-0.06704668934534985,0.3619679341346825,Accept,1.378976388235154,Reject,Accept,0.6945434680611023
0.45317018579825064,0.8893491712670137,0.18865751495029198,-0.024196518881391627,0.3433680331671136,Accept,"Gender, Age, ProgVar",1.0653367563692608,0.18865751495029198,0.014893007329959459,0.37463094223770443,Reject,1.2098055997082944,Reject,Reject,1.359326835054683
0.2873672185975631,0.9152827523192907,0.23502984882593034,0.03651984602396736,0.4796224708230415,Reject,"Gender, Age, ProgVar",1.6516017764131394,0.23502984882593034,0.016172248399746028,0.4601034916478035,Reject,1.6621596513981505,Reject,Accept,0.47239984147994263
0.5042375222269704,0.9018704975460615,0.195850398234787,-0.006492647592177131,0.3868244614464513,Accept,"Gender, Age, ProgVar",1.506375382968601,0.195850398234787,0.008107253084185417,0.3881930164566232,Reject,1.4820962842454026,Reject,Reject,1.20279087136183
0.39965782673453193,1.0009537992565218,0.22314887014882637,-0.12700778140826116,0.33863366777073056,Accept,"Gender, Age, ProgVar",1.4939306046996452,0.22314887014882637,-0.0019926164820618653,0.4545861140359996,Accept,1.3734228919211362,Reject,Accept,0.4479595471350179
0.4621826768697081,0.9062834808839576,0.15217418651018438,-0.06428067943214673,0.36684471655525636,Accept,"Gender, Age, ProgVar",1.3800611866594448,0.15217418651018438,-0.056827232071467934,0.366214447457277,Accept,1.275301927421661,Reject,Accept,0.7044009349564744
0.5851433349985954,0.8838197964777338,0.16174331009721135,-0.060126348898936186,0.37160667676527515,Accept,"Gender, Age, ProgVar",1.4327332247953808,0.16174331009721135,-0.047789931910316316,0.3639906703206356,Accept,1.3849911540393254,Accept,Accept,0.8977115001845669
0.3680466916804909,0.8441006516981472,0.20322806729284038,0.009854396243628239,0.43093640875235373,Reject,"Gender, Age, ProgVar",1.3678080462913655,0.20322806729284038,-0.012026767240112129,0.4169126936598332,Accept,1.4829906269476683,Reject,Accept,0.9011070412937563
0.4487771696875367,0.8591185345489044,0.21338374597933127,0.03912640381317246,0.38838421467153833,Reject,"Gender, Age, ProgVar",1.3919474162056924,0.21338374597933127,0.04185847551367787,0.3910562721004604,Reject,1.2988026761313778,Reject,Reject,1.4210712162874617
0.6800920938183601,0.9233123661476422,0.041339708120717585,-0.13985255034568586,0.23970520213612997,Accept,"Gender, Age, ProgVar",1.7868373930705541,0.041339708120717585,-0.142132203221056,0.24676979065870475,Accept,1.6605676993458636,Reject,Accept,0.3656958146084686
0.45284153618001066,0.9041489217775062,0.17037656507519283,-0.07645034730993294,0.4405212983182379,Accept,"Gender, Age, ProgVar",1.546897778466421,0.17037656507519283,-0.08430553303187827,0.4156605437174311,Accept,1.4479825665513888,Reject,Accept,0.7457139607646507
0.4551275686322789,0.9549329974769171,0.2456513990064118,0.036769294588652135,0.45008580835018747,Reject,"Gender, Age, ProgVar",1.2953668157063845,0.2456513990064118,0.04376521702062727,0.4476063034017538,Reject,1.4011806649719467,Accept,Accept,0.8358107256376351
0.59957395538547,0.9126321020759743,0.24147285687898015,0.04834744449210372,0.4254956099792156,Reject,"Gender, Age, ProgVar",1.2523237419903526,0.24147285687898015,0.04714075544454828,0.41776458098971775,Reject,1.2778143459740117,Reject,Accept,0.9173142855248124
0.5769524438521787,1.042771466388773,0.03273621821100035,-0.1162347847065726,0.2315370187650503,Accept,"Gender, Age, ProgVar",1.2718304731596133,0.03273621821100035,-0.15197098470101997,0.20738388228623356,Accept,1.274846753945285,Accept,Accept,0.3664547297540634
0.4266789701328815,0.8256111538150982,0.28395945323321553,0.07279665144149908,0.5065816789319637,Reject,"Gender, Age, ProgVar",1.4321414592133648,0.28395945323321553,0.0837453689400082,0.5036401047442867,Reject,1.3503130819388516,Reject,Accept,0.9406255017623864
0.6485692529777496,0.9871708876516058,0.0921240156373088,-0.09100996067426889,0.26933152517618775,Accept,"Gender, Age, ProgVar",1.3117822949707605,0.0921240156373088,-0.08320130968086774,0.2756181012998974,Accept,1.3226671109151986,Accept,Accept,0.14815701752130683
0.7370409119125225,0.9485734815602851,0.021508754049637695,-0.17162573773063988,0.24494128605776017,Accept,"Gender, Age, ProgVar",1.6074505183177015,0.021508754049637695,-0.19189824154110396,0.2463298879405202,Accept,1.553543679481358,Accept,Accept,0.5153220369514726
0.21815124051927134,0.8379188208495331,0.30312624491429185,0.09236629602633135,0.5420360581012175,Reject,"Gender, Age, ProgVar",1.6132742121402337,0.30312624491429185,0.07317187981738,0.5329498358376213,Reject,1.5325930513286437,Reject,Accept,0.3218124979883423
0.8142994835221197,1.0910139639691476,-0.13308988559264573,-0.37752021141990877,0.1108227055388985,Accept,"Gender, Age, ProgVar",1.5619457819813123,-0.13308988559264573,-0.4024401457052007,0.12320433964541691,Accept,1.3901775157036682,Reject,Accept,0.6142205205046664
0.6902783904571335,0.9107932653272335,0.09950443444873533,-0.1234268726988029,0.39328768138559045,Accept,"Gender, Age, ProgVar",1.4143321421531385,0.09950443444873533,-0.1680566636493107,0.36482561362944804,Accept,1.5929482273912787,Reject,Accept,0.549807588267504
0.3934107888348597,0.9324174781867317,0.17677258790512562,0.017386403084415896,0.4692952013143229,Reject,"Gender, Age, ProgVar",1.2504844433960423,0.17677258790512562,-0.035367001942359075,0.4066242256183334,Accept,1.4387581294698861,Reject,Accept,0.5772708848522083
0.6034861061457426,0.9116205427984903,0.2357989200546527,0.06579588371267317,0.474368227478178,Reject,"Gender, Age, ProgVar",1.57346882844988,0.2357989200546527,0.043992859458096764,0.4394677584664674,Reject,1.5364861146600808,Reject,Reject,1.3461789988236317
0.6565088712788696,0.983948678691992,-0.02054107893026231,-0.19287592232754544,0.14513869707876445,Accept,"Gender, Age, ProgVar",1.3196941870239938,-0.02054107893026231,-0.1914692253016951,0.15531289571016818,Accept,1.3605778715141532,Accept,Accept,0.7838712046086772
0.41871717604460157,0.837934270253079,0.22867199989676398,0.04932630781121325,0.42679599663923257,Reject,"Gender, Age, ProgVar",1.4775907141376954,0.22867199989676398,0.027609236963967276,0.4080251334330767,Reject,1.4567360181914961,Reject,Reject,1.2143724929940851
0.45973565309836384,1.012565321620143,0.18229978414104472,-0.07384061955571618,0.36915918616269516,Accept,"Gender, Age, ProgVar",1.34810983203961,0.18229978414104472,-0.04468905354153023,0.3986826016823331,Accept,1.4616095651397365,Reject,Accept,0.7629701987695663
0.5160323107336529,0.8360189730386954,0.27806950238272804,0.08832978920139074,0.45286393932629243,Reject,"Gender, Age, ProgVar",1.5290748983033766,0.27806950238272804,0.08972591526069634,0.46014926703940157,Reject,1.4548091621429382,Accept,Accept,0.5012011487996214
0.8536397255525319,1.0113988299683776,-0.13644526641696672,-0.2883820659545235,0.07904901808590475,Accept,"Gender, Age, ProgVar",1.0064433220634157,-0.13644526641696672,-0.3117643269889187,0.03664158047665558,Accept,1.1847879084851547,Accept,Accept,0.930905581372685
0.3996045424528273,0.9658823145644369,0.031385694563985385,-0.1881579104535968,0.27747805202987647,Accept,"Gender, Age, ProgVar",1.3139167245865544,0.031385694563985385,-0.20709644480325007,0.2523869433090109,Accept,1.3124827726864063,Accept,Accept,0.5841432460492655
0.6054630991282187,0.9317534098896233,0.10321858843718518,-0.12345151409167579,0.3083846436476525,Accept,"Gender, Age, ProgVar",1.3281518152645782,0.10321858843718518,-0.11847398506401116,0.3209829062227629,Accept,1.475398403557514,Accept,Accept,0.9556370798722573
0.37158889921619587,0.9589047246429843,0.12867687337930253,-0.047806566663651545,0.29110685287763155,Accept,"Gender, Age, ProgVar",1.0405211034244164,0.12867687337930253,-0.033681111903982194,0.28643051262060915,Accept,1.1959606253121966,Accept,Accept,0.7737165019293221
0.5592945025697166,0.8950729043123254,0.04539035019295422,-0.09699944000392692,0.2526825837632777,Accept,"Gender, Age, ProgVar",1.5283412433790236,0.04539035019295422,-0.13104284837736777,0.2234558808154351,Accept,1.327053914479853,Accept,Accept,0.5938127704728404
0.512087908802794,0.9590573342152504,0.1302302416030948,-0.020717676024598973,0.3380537609939555,Accept,"Gender, Age, ProgVar",1.3955360678960071,0.1302302416030948,-0.06537678580939844,0.31432572115471397,Accept,1.535356857991911,Reject,Accept,0.38788445180335346
0.1874519285401649,0.759183168547712,0.41754614984468563,0.1853502343631243,0.6472269764078755,Reject,"Gender, Age, ProgVar",1.459696905205459,0.41754614984468563,0.20073972278745933,0.6427697652307232,Reject,1.3012873634491025,Reject,Accept,0.8000611611629189
0.29021191532900725,0.8990511468807635,0.2069379443733308,0.009991238189297272,0.4312444587902238,Reject,"Gender, Age, ProgVar",1.1581169560287665,0.2069379443733308,-0.013507634765397257,0.4200921683601253,Accept,1.1420199805226465,Reject,Accept,0.7153465582658868
0.6698405254234948,0.9355095483766496,0.11616429004509553,-0.10620276622122793,0.3053949833572508,Accept,"Gender, Age, ProgVar, X2",1.620166711090867,0.11616429004509553,-0.08083486777786983,0.3201812920569466,Accept,1.423127398950808,Accept,Accept,0.2474370896868849
0.3636051049419144,0.8807125939914794,0.18231137811734247,0.011437757247913669,0.3658030553814528,Reject,"Gender, Age, ProgVar",1.2990486881726284,0.18231137811734247,-0.0035790072025298184,0.35772046236559035,Accept,1.4510607676693423,Reject,Accept,0.8650553483210619
0.4796122363397622,0.9821429935474774,0.09325979907843467,-0.15928013012863715,0.33180592063843173,Accept,"Gender, Age, ProgVar",1.1725137160950914,0.09325979907843467,-0.1402402969012931,0.31987234401975406,Accept,1.2762574936688038,Accept,Accept,0.2058661208411428
0.5825832996915719,0.9778438461270056,0.025314768121388886,-0.13973140529138092,0.21929411420959782,Accept,"Gender, Age, ProgVar",1.0823489076194202,0.025314768121388886,-0.14923623887321646,0.19588990637000125,Accept,1.2618709780299475,Reject,Accept,0.7877174079317635
0.704503597036897,1.0474904337574453,-0.003396676471453519,-0.21841213659172767,0.18171331307966013,Accept,"Gender, Age, ProgVar",1.299946635446055,-0.003396676471453519,-0.21128299697001468,0.20133214355476725,Accept,1.1619869427576972,Reject,Accept,0.9095109820312842
0.31474807871779287,0.8477045985351751,0.24758792129121013,0.07194790197091709,0.5218206018652919,Reject,"Gender, Age, ProgVar",2.1687141128614122,0.24758792129121013,0.017110910041876943,0.48137617990478826,Reject,1.865362311962799,Reject,Accept,1.1066840119910182
0.3644776019770231,0.942696408853716,0.27181152780153767,0.04548094961898863,0.4871516963450577,Reject,"Gender, Age, ProgVar",1.4892379097096369,0.27181152780153767,0.052287761645637754,0.483254115647772,Reject,1.391262999455656,Reject,Accept,0.8950132010954038
0.4390150019802424,0.9253131941853385,0.23058596783169774,-0.0118508594274878,0.4303722059538302,Accept,"Gender, Age, ProgVar",1.2181726970803282,0.23058596783169774,0.006674735028012316,0.4662451669545091,Reject,1.390610983631177,Reject,Accept,0.6857617524739161
0.8400169995932145,0.9612804254457925,0.02545273854320332,-0.1656740973140715,0.2571782464856103,Accept,"Gender, Age, ProgVar",1.6351342205083328,0.02545273854320332,-0.18710639382579103,0.23040821320100102,Accept,1.550479823723394,Reject,Accept,0.8308721152276378
0.5868412659436681,0.7916732685029327,0.24004853609044072,0.025809566279674637,0.5313177099414846,Reject,"Gender, Age, ProgVar",1.55866268918202,0.24004853609044072,0.01280774981937921,0.4925255668382472,Reject,1.478589867927203,Reject,Accept,0.36048276596383183
0.6651964228772661,0.9395826365729325,0.09556084485750799,-0.1474999032512149,0.29208940263143157,Accept,"Gender, Age, ProgVar",1.4325443263370385,0.09556084485750799,-0.11090909914876679,0.2966458915504193,Accept,1.3013574132594365,Reject,Reject,1.2786588814673465
0.7713199167103129,0.9399086050134579,0.007830277661802842,-0.18805189532545105,0.2514813535773013,Accept,"Gender, Age, ProgVar",1.8000933253049425,0.007830277661802842,-0.19982423269591304,0.21807151008212172,Accept,1.5053744434109675,Reject,Accept,1.0212560573299585
0.6259202910134227,1.0898681972548785,0.026702702903788147,-0.13584772205802986,0.3133620231782769,Accept,"Gender, Age, ProgVar",1.0022235571054585,0.026702702903788147,-0.17983739906611554,0.2354051157653058,Accept,1.15214799184214,Accept,Accept,0.7540701983015059
0.5608402155369452,0.9526427996543755,0.08934754748601806,-0.10211231028446938,0.25907511512640513,Accept,"Gender, Age, ProgVar",1.463538483757676,0.08934754748601806,-0.10370122374850246,0.28423165206872086,Accept,1.4012097665753998,Accept,Accept,0.38481278660145957
0.698926729853749,0.9735983078274465,0.03582569435178822,-0.16491039699247836,0.20856379220530324,Accept,"Gender, Age, ProgVar",1.6904499260467396,0.03582569435178822,-0.15195406146307383,0.21964077124312176,Accept,1.544723733462522,Accept,Accept,1.0532666016328482
0.580617191872313,0.9123187417232629,0.14756098096125722,-0.018570884353968684,0.3436661009363093,Accept,"Gender, Age, ProgVar",1.7377801317730377,0.14756098096125722,-0.03373227178479776,0.3182736895473204,Accept,1.6554973105645028,Reject,Accept,0.9049989065607172
0.8237511585334568,1.0347298198443837,0.0836583609392418,-0.14132040976037324,0.37351037872790316,Accept,"Gender, Age, ProgVar",1.361829597899476,0.0836583609392418,-0.16953890012756306,0.3269148390851734,Accept,1.360743785882785,Reject,Accept,0.9270314648297027
0.5313215398762525,0.9730679829785404,0.0919034618001595,-0.14405363032016893,0.34412271505190817,Accept,"Gender, Age, ProgVar",1.44737637422875,0.0919034618001595,-0.1617232339879888,0.3412993060966887,Accept,1.3367396918844878,Accept,Accept,0.3049254821031818
0.3870965693795817,0.8432221019909132,0.24057653586173794,0.06807569884225458,0.47638303746493543,Reject,"Gender, Age, ProgVar",1.5097602572846254,0.24057653586173794,0.0419338182241898,0.43990363060244264,Reject,1.4624575877415962,Accept,Accept,0.6631216677108467
0.39822463362763155,0.9446545337220268,0.18738592401014545,-0.0343292603621759,0.39241093922958087,Accept,"Gender, Age, ProgVar",1.2474588627788727,0.18738592401014545,-0.013486346355721518,0.39781336914119686,Accept,1.2855321703031168,Reject,Reject,1.154373914751215
0.7483471357884313,0.9720947722387642,0.01681522623143649,-0.12259629751964951,0.19453184035069385,Accept,"Gender, Age, ProgVar",1.8447309562373744,0.01681522623143649,-0.13202646771794027,0.17583875913440541,Accept,1.6355802817099072,Reject,Accept,0.7433723332072723
0.5947371487962844,0.8857714175716095,0.1035847359150069,-0.06291756616033824,0.3653166365419237,Accept,"Gender, Age, ProgVar",1.5041436929262022,0.1035847359150069,-0.09576574307213055,0.3204786823627035,Accept,1.633286361514215,Accept,Accept,0.17826300460411632
0.7781874079700274,1.0363105914995963,0.02800896013198515,-0.13807798480210892,0.20275774086894438,Accept,"Gender, Age, ProgVar",1.5634961645003227,0.02800896013198515,-0.14358385067182391,0.19905108153189915,Accept,1.587295640300491,Accept,Accept,0.6676794296168582
0.6745863252575536,1.06329469667965,0.013199218827207197,-0.22072044778146843,0.22948013111288953,Accept,"Gender, Age, ProgVar",1.3335464729898883,0.013199218827207197,-0.20510466033539065,0.23084380302096225,Accept,1.322422246419859,Accept,Reject,1.024166728167372
0.6333089135470772,0.8615517407066509,0.12875429267155478,-0.07019469404982027,0.3497181472877388,Accept,"Gender, Age, ProgVar",1.220335786587228,0.12875429267155478,-0.0719354804315797,0.3308856271862516,Accept,1.2664616674418305,Reject,Accept,0.7101329528905616
0.36367384637243977,0.856590363573066,0.22518038557957645,0.024858236495753635,0.3957453975735754,Reject,"Gender, Age, ProgVar",1.3467074782460475,0.22518038557957645,0.0482783237929598,0.3953183881144654,Reject,1.2844247177462802,Reject,Accept,0.29792660010703625
0.5978597358231589,1.021363531045196,0.07307873647196873,-0.13258097791270268,0.258665454787697,Accept,"Gender, Age, ProgVar",1.3652586704715006,0.07307873647196873,-0.10776308903108,0.2681199333815479,Accept,1.347709851163374,Reject,Accept,0.8097737048126294
0.5961119568039047,0.9023081354125583,0.11251128867893677,-0.07733135561441089,0.3204908590917656,Accept,"Gender, Age, ProgVar",1.490522370058314,0.11251128867893677,-0.08059005660844547,0.29881163436071734,Accept,1.44324522133357,Accept,Accept,0.6715473207707107
0.8446108142892794,1.0475583164987092,0.03275646501399169,-0.22067504747040695,0.34066159814689934,Accept,"Gender, Age, ProgVar",1.265075962767865,0.03275646501399169,-0.24950135153273625,0.30747132091300383,Accept,1.3304391173978638,Reject,Accept,0.6319711276446537
0.7400573748644028,1.0121901530356583,-0.014430226417313698,-0.2390301882774399,0.18546018420523627,Accept,"Gender, Age, ProgVar",1.1623543384699087,-0.014430226417313698,-0.2129814570951657,0.1961645970484701,Accept,1.1750034988580682,Accept,Accept,0.3867615305144413
0.5124132643078517,0.9534097929455656,0.16263175947994143,-0.03732119559707582,0.41061307213228637,Accept,"Gender, Age, ProgVar",1.4870276701652905,0.16263175947994143,-0.07008151830169587,0.37481950444569234,Accept,1.4086992834635352,Reject,Accept,0.7900857086656299
0.8490684721782439,0.9592309205654125,0.10009876292743533,-0.1189515231435361,0.33431909931952886,Accept,"Gender, Age, ProgVar",1.4204662365537777,0.10009876292743533,-0.1373490114341855,0.3297950191973297,Accept,1.5065440247900623,Accept,Accept,0.5271137405923431
0.23902563334808027,0.819806394745593,0.3714602686037502,0.10954073154330554,0.563640484378454,Reject,"Gender, Age, ProgVar",1.6912022028643023,0.3714602686037502,0.15708109801564177,0.5931575077901391,Reject,1.6058246048750402,Reject,Accept,0.4476343004922373
0.5550196140987388,0.9166359813953039,0.011859715441481098,-0.13581744134593865,0.2151929581339374,Accept,"Gender, Age, ProgVar",0.9413936552168853,0.011859715441481098,-0.17316875141283866,0.1825973914899149,Accept,0.9369509686210361,Reject,Accept,0.025507841188682823
0.7869517388691929,0.9553409086568467,0.10778871768029136,-0.1466597186782221,0.30211425710335904,Accept,"Gender, Age, ProgVar",1.3892868637640456,0.10778871768029136,-0.11308362881128932,0.3252861847541436,Accept,1.5962124939431621,Reject,Accept,0.41140626184575246
0.8415049319209089,1.0237540318010074,-0.110560107830938,-0.33860803234023173,0.11669096950125682,Accept,"Gender, Age, ProgVar",1.421924903557642,-0.110560107830938,-0.32679751012440206,0.11272675727077967,Accept,1.3390992269312414,Reject,Accept,0.8689333295757479
0.5395378891987953,0.9153090039381101,0.12436495148612164,7.762044255758965e-4,0.3689704339950806,Reject,"Gender, Age, ProgVar",1.5774275138159028,0.12436495148612164,-0.05860968840706551,0.32121488949612237,Accept,1.4431965519205092,Reject,Accept,0.371753688639246
0.46259259676734366,0.8844455414712751,0.2012417313336285,0.08135881138673656,0.4276233650372316,Reject,"Gender, Age, ProgVar",1.3962209374097838,0.2012417313336285,0.02580650365849319,0.37668426698247964,Reject,1.5231085649314948,Reject,Accept,0.8851681841152244
0.591889104810712,0.8302227646679775,0.13566542770523082,-0.054028201092326415,0.36791141038219355,Accept,"Gender, Age, ProgVar",1.474852828344616,0.13566542770523082,-0.07067049500927182,0.34613119810697374,Accept,1.3515222003308958,Reject,Accept,0.4025619670569945
0.4392001885906519,0.8862204969812227,0.25547572562329623,0.056032340473182174,0.4574705274290938,Reject,"Gender, Age, ProgVar",1.4563705765276955,0.25547572562329623,0.05595636161529113,0.4658622832369439,Reject,1.454530245058819,Reject,Accept,0.3671849248135518
0.7106390922478546,0.9383405279470506,0.08609946926434792,-0.17045638816912786,0.292546632504999,Accept,"Gender, Age, ProgVar",1.3650044808650281,0.08609946926434792,-0.1480462724853429,0.32209865344015803,Accept,1.3811438013407298,Accept,Accept,0.18163440020960014
0.5390924033611865,0.9356101558908213,0.11475501065381499,-0.07060588506218307,0.2949001856355268,Accept,"Gender, Age, ProgVar",1.3508920632121957,0.11475501065381499,-0.07045464155880184,0.2981189390605338,Accept,1.35570312082062,Accept,Accept,0.522363298410954
0.4776955930815571,0.9710480439171523,0.14719172683373177,-0.08523557172040105,0.32717004750706097,Accept,"Gender, Age, ProgVar",1.4993933054323128,0.14719172683373177,-0.04056552311448994,0.3447428012740914,Accept,1.3682265928371558,Reject,Accept,0.3397998297629721
0.38073685036422433,0.8930469378855211,0.19478265793670954,0.005209388279620886,0.42297584681090317,Reject,"Gender, Age, ProgVar",1.4200958094143386,0.19478265793670954,0.003641596562611347,0.40484152024436953,Reject,1.2584199383809052,Reject,Accept,0.38306280609312526
0.5532254377152759,0.9083599735544383,0.1796859638146428,-0.08171627711949521,0.3615923327125173,Accept,"Gender, Age, ProgVar",1.2195421378470317,0.1796859638146428,-0.0224756960559815,0.37620950473100545,Accept,1.2355934130617572,Accept,Accept,0.2537024230090134
0.7046536387823957,0.9744860448167747,0.06737813625836742,-0.10873789331767228,0.26977078163933443,Accept,"Gender, Age, ProgVar",1.2171288303808065,0.06737813625836742,-0.11775221290343403,0.24390038332259312,Accept,1.2824057359066499,Reject,Accept,0.24692686951628448
0.8083583964224225,1.0172739331817888,-0.0025307949062179686,-0.16143246719699572,0.1762007382999678,Accept,"Gender, Age, ProgVar",1.3877279859962812,-0.0025307949062179686,-0.1870692352278133,0.16135644724278767,Accept,1.409117530378185,Reject,Accept,0.4230863104703976
0.512920724662164,0.9006597238561505,0.1856464498943589,-0.00529873538149464,0.37037626797207535,Accept,"Gender, Age, ProgVar",1.377906650395902,0.1856464498943589,-9.202281403323798e-4,0.36103406767676466,Accept,1.3649051962502943,Reject,Accept,0.3100911742287391
0.5720493378304606,0.8627178790412213,0.1939530418307431,-0.01184515278987551,0.3753688962373779,Accept,"Gender, Age, ProgVar",1.3551004973267569,0.1939530418307431,0.007646926747766437,0.3867242243495928,Reject,1.5099158578529792,Reject,Reject,1.248876172587094
0.620719139700986,0.9537964232839078,0.1322208412155636,-0.11588129753048015,0.3023259955731782,Accept,"Gender, Age, ProgVar",1.4945527598291664,0.1322208412155636,-0.06906801676402875,0.3405512355837494,Accept,1.2680237108085906,Accept,Accept,0.5630764719850334
0.5073376775315159,0.9883803891806271,0.09603253934175904,-0.1574575162483579,0.38942367191307026,Accept,"Gender, Age, ProgVar",1.506029926715308,0.09603253934175904,-0.15950925659713378,0.368020871619594,Accept,1.5002783126760857,Accept,Accept,0.3372217962458948
0.613382643266149,1.0610133651860534,-0.058747378207738093,-0.2917585009087645,0.2345329002562447,Accept,"Gender, Age, ProgVar",1.3868713461931566,-0.058747378207738093,-0.31741716164782596,0.18100374645806983,Accept,1.526797179049814,Reject,Accept,0.6346760091450602
0.47373521114356404,0.9311282692617688,0.15013712516448016,-0.05255696902947743,0.43041831446746687,Accept,"Gender, Age, ProgVar",1.3639879303373414,0.15013712516448016,-0.08915251286576215,0.394270347358482,Accept,1.478865615110624,Reject,Accept,0.31498377969891805
0.9583545222349165,1.0308254792730287,-0.0736706493295596,-0.25847525501153523,0.13453083137829516,Accept,"Gender, Age, ProgVar",1.4807882934090606,-0.0736706493295596,-0.26287779421861923,0.10944742707819666,Accept,1.4949506020629661,Accept,Accept,0.5771082450760916
0.39552687353775473,0.8497363704854213,0.2562456769565646,0.06863609297641676,0.4600949347475957,Reject,"Gender, Age, ProgVar",1.5259299890836626,0.2562456769565646,0.05046310551542388,0.45032871312697803,Reject,1.5724010107158477,Reject,Accept,0.34387409479776426
0.461527542199254,1.0034484922720923,0.11873056331224387,-0.13312171831723585,0.36797150030117687,Accept,"Gender, Age, ProgVar",1.3717603111982672,0.11873056331224387,-0.13584699530091665,0.36083891595543466,Accept,1.1859722378211495,Accept,Accept,0.9116441644270277
0.45647816783299233,0.8810315212671426,0.14733582769387513,-0.025561473876722376,0.3563648351839277,Accept,"Gender, Age, ProgVar",1.389809367236065,0.14733582769387513,-0.03708586443809303,0.3188018050908571,Accept,1.451994614841478,Reject,Accept,0.3732306635302937
0.24199379530623297,0.8411149346876737,0.24839657708219637,0.10704997870304976,0.4348147625026667,Reject,"Gender, Age, ProgVar",1.2508608140932012,0.24839657708219637,0.08983386501149518,0.40778390507518764,Reject,1.2593917266762398,Reject,Accept,0.8651602670570094
0.699643415692807,1.1609578748802403,-0.04159679497737576,-0.3102703400202989,0.16572226796821043,Accept,"Gender, Age, ProgVar",1.1160779964894583,-0.04159679497737576,-0.293758340590223,0.1868073934864114,Accept,1.1962135397225813,Accept,Accept,0.3999718462796443
0.8568500768230196,1.0801483733921922,-8.564235630236979e-4,-0.19815322526541998,0.16239807341165668,Accept,"Gender, Age, ProgVar",1.5028313125544048,-8.564235630236979e-4,-0.18993314089245494,0.176341461707077,Accept,1.4901945068427105,Accept,Accept,0.6214595741924027
0.4597330683481011,0.9118711952425702,0.22279273543889366,0.00923510504950116,0.4734173317541497,Reject,"Gender, Age, ProgVar",1.5149762733943601,0.22279273543889366,-0.011668739054565648,0.4470239240321752,Accept,1.3477438608581542,Reject,Accept,0.7595776193176277
0.48576501766228186,0.8855632142087728,0.15647459843277145,-0.01967911593006321,0.4057114300964732,Accept,"Gender, Age, ProgVar",1.2516236429650291,0.15647459843277145,-0.05145802035206204,0.351612588267036,Accept,1.3617508006792527,Reject,Accept,0.586928376230939
0.7673631686749006,0.9196664181814431,0.04956679695462262,-0.1297065700296955,0.2340838797312471,Accept,"Gender, Age, ProgVar",1.473888851258669,0.04956679695462262,-0.1254001128471275,0.2247853206445173,Accept,1.5183892369468603,Accept,Accept,0.8459672506722894
0.5664243321901418,0.8849150345525805,0.17187773230553502,-0.016389034003081657,0.38046871422058093,Accept,"Gender, Age, ProgVar",1.4639447921232003,0.17187773230553502,-0.04525228085310712,0.37397178268359754,Accept,1.3460417277409573,Reject,Accept,0.9111318053810735
0.3823901687546492,0.9436575043511104,0.13542956854009774,-0.16711550344334072,0.35404789841747497,Accept,"Age, ProgVar",1.4351774934321304,0.13542956854009774,-0.07731154277951238,0.35521161892036396,Accept,1.303984016152993,Reject,Accept,0.7037516032859865
0.8752610948507014,1.1033240029349396,-0.16866156853038566,-0.38938735769666155,0.09030665861950825,Accept,"Gender, Age, ProgVar",1.1729852952865985,-0.16866156853038566,-0.3887303346188107,0.074889632722618,Accept,1.198792598686234,Reject,Accept,0.25947373743894786
0.7202771291886391,0.8896896556066102,0.13993656795452672,-0.0542431229390509,0.33160956990730434,Accept,"Gender, Age, ProgVar",1.77252850901864,0.13993656795452672,-0.05142990918377047,0.35176770676439156,Accept,1.7402712229904842,Accept,Accept,0.8310388712885128
0.8204521623524492,0.9747728003880993,0.096970048540535,-0.15121079956266748,0.26338423068729594,Accept,"Gender, Age, ProgVar",1.740507392379196,0.096970048540535,-0.1059192341575773,0.319291314150525,Accept,1.7771303194966328,Reject,Reject,1.191117756569779
0.7781188313467312,0.9521071549862207,0.03899223852679044,-0.14375248007853594,0.24796492797732228,Accept,"Gender, Age, ProgVar",1.2179716956245672,0.03899223852679044,-0.15878677828467283,0.22643276537960544,Accept,1.2814500229319643,Reject,Accept,0.39164499721044854
0.8039426769885633,0.9076111427679547,0.025964098613767802,-0.1304834645028034,0.19665654810129227,Accept,"Gender, Age, ProgVar",1.4680388854693802,0.025964098613767802,-0.12536828326982066,0.18868646719437265,Accept,1.2759651175233007,Accept,Accept,0.7949911618446616
0.2829723136364007,0.8241825595213317,0.3890935368176837,0.16921088851999966,0.6523670773020669,Reject,"Gender, Age, ProgVar",1.4143809084168908,0.3890935368176837,0.1572696824199545,0.6384059168180668,Reject,1.562455899445891,Reject,Accept,0.8682042271146456
0.6874705130076978,0.8868226353575092,0.04839930511286471,-0.11852791036519605,0.32171106202337557,Accept,"Gender, Age, ProgVar",1.2824740936916523,0.04839930511286471,-0.16944884723756895,0.2678402500513537,Accept,1.3473665417391842,Accept,Accept,0.2093000789019084
0.4468792537955087,0.9613148254359204,0.062003255040973156,-0.10969669835628373,0.2626523980908462,Accept,"Gender, Age, ProgVar",1.3572628436334826,0.062003255040973156,-0.11242840971909471,0.2392242145676947,Accept,1.3068022847991048,Accept,Accept,0.715449816453735
0.58218482588295,0.8929447575170705,0.09857997007252253,-0.08757722403958226,0.32098101771324467,Accept,"Gender, Age, ProgVar",1.3077699635821238,0.09857997007252253,-0.09325849765635329,0.2996590735881175,Accept,1.3022046069544961,Reject,Reject,1.0032705060564866
0.7833161972223651,1.0971651827381068,-0.1240775931456323,-0.2659018417215766,0.11377400910466241,Accept,"Gender, Age, ProgVar",1.6631058449830078,-0.1240775931456323,-0.31072152764923033,0.06797980362887142,Accept,1.4906677045813015,Reject,Accept,0.9982874608069305
0.3520733503086269,0.8695950199395164,0.26685101652592896,-0.0020847113771620754,0.4019004909140937,Accept,"Age, ProgVar",1.4444885747135485,0.26685101652592896,0.09040370913247134,0.44728361526554256,Reject,1.303301340686888,Reject,Accept,0.49335035736274163
0.3143640361034212,0.9058173270417809,0.1715130774128265,-0.01801004435227188,0.4139233980701149,Accept,"Gender, Age, ProgVar",1.2930090855065712,0.1715130774128265,-0.0344886763168763,0.3771556302087436,Accept,1.2270964129962094,Reject,Accept,0.3591529589775091
0.8473196374734081,0.9248313475290847,0.0014049498496293332,-0.179180048486278,0.22080191975596486,Accept,"Gender, Age, ProgVar",1.3365933125320513,0.0014049498496293332,-0.20670429622254058,0.19226588304032188,Accept,1.2403035371849525,Reject,Accept,0.1845829989968952
0.3858510230622009,0.9124429998131277,0.16413677243907795,-0.06209039397243421,0.39782583712048336,Accept,"Gender, Age, ProgVar",1.3457496695987095,0.16413677243907795,-0.06962044399363507,0.39509238770269717,Accept,1.4434169234448608,Reject,Accept,0.5167188011293422
0.5336793913598628,0.9093288910542213,0.11595436444339498,-0.07308539248348839,0.3422067081907296,Accept,"Gender, Age, ProgVar",1.3315353043901954,0.11595436444339498,-0.09048479313251186,0.3198784044794611,Accept,1.272454854983841,Accept,Accept,0.9389221082282394
0.7855658743913583,0.937920694538677,0.1425442276767308,-0.0831430509848188,0.3859601938457359,Accept,"Gender, Age, ProgVar",1.6196312643022681,0.1425442276767308,-0.09054601502640314,0.38203830740198,Accept,1.6309223892213123,Reject,Accept,0.2973597804978933
0.645189696017759,0.9282746450757552,0.15154452444600924,-0.07255139024624341,0.3489569456816514,Accept,"Gender, Age, ProgVar",1.6370757706863788,0.15154452444600924,-0.06320008082200179,0.3596713206137378,Accept,1.5213543070057145,Reject,Accept,0.7862162779135818
0.19856954185370462,0.8279897659932406,0.2987035712843198,0.1263893559759127,0.49313383476486927,Reject,"Gender, Age, ProgVar",1.1204972416379884,0.2987035712843198,0.1226143611850173,0.4801371940010737,Reject,1.2252883090996627,Reject,Accept,0.8458079310525485
0.5346969579735671,0.8761740721884792,0.19249892416307438,0.008541070110591091,0.40571527062781243,Reject,"Gender, Age, ProgVar",1.1765349074777252,0.19249892416307438,1.858044049367069e-4,0.3829258969684235,Reject,1.1835086113328246,Reject,Accept,0.7835624876127459
0.5756863374514831,0.9320515264323206,0.1251159064063741,-0.09089443350194806,0.3939060626682554,Accept,"Gender, Age, ProgVar",1.547821812041511,0.1251159064063741,-0.0975467889707369,0.35385432932348987,Accept,1.3289278687895791,Reject,Accept,1.0593654817602036
0.571577416618889,1.0142816215591697,0.08711347606142808,-0.15290358433299486,0.2992638904541753,Accept,"Gender, Age, ProgVar",1.4909455633619266,0.08711347606142808,-0.11381543221602664,0.30681816044123505,Accept,1.4300478531824277,Accept,Accept,1.0769365044417225
0.5010848350539575,0.8712134063696222,0.15968025661121574,-0.08694644912864712,0.3915844755744717,Accept,"Gender, Age, ProgVar",1.492960047165455,0.15968025661121574,-0.07600519152442232,0.4130299904415924,Accept,1.3910942209647115,Reject,Reject,1.0750494939553903
0.757566155113251,0.9233754377480468,0.09160635869575234,-0.1287807578209527,0.33080115234008545,Accept,"Gender, Age, ProgVar",1.4757636046475233,0.09160635869575234,-0.1375944862155935,0.3218740436718921,Accept,1.4278822909149402,Reject,Reject,1.1789912606906885
0.7684771737010394,0.8640924377319366,0.1326157413355738,-0.053617486085587765,0.34018342856172984,Accept,"Gender, Age, ProgVar",1.4086953841904077,0.1326157413355738,-0.06513241970449415,0.3181760650095303,Accept,1.6265951080287788,Reject,Accept,0.5927025535053365
0.46110149473563344,0.9227762157802857,0.14457922000025494,0.0366443183055383,0.37403942715123484,Reject,"Gender, Age, ProgVar",1.1649125283789472,0.14457922000025494,-0.01694597659045613,0.31243866556926353,Accept,1.1968839277958199,Reject,Accept,0.8729384186013803
0.476196587365445,0.9102116970135391,0.11000334545720014,-0.05591460146494981,0.30809513591301685,Accept,"Gender, Age, ProgVar",1.7838625098891743,0.11000334545720014,-0.062498872998612134,0.2884496521764141,Accept,1.5123719871294636,Accept,Accept,0.34305624057526735
0.4465757772197735,0.9502382541188703,0.14451527483918353,-0.02498440217632595,0.3741561229840408,Accept,"Gender, Age, ProgVar",1.1488459874401422,0.14451527483918353,-0.03994022573813982,0.34164986274369813,Accept,1.2685951686527792,Reject,Accept,0.5593516985678202
0.49902696571505584,0.9031535709740256,0.18646297391550642,-0.015063690858329273,0.365697571009204,Accept,"Gender, Age, ProgVar",1.9837529831382874,0.18646297391550642,0.012861674698545614,0.35833083606074806,Reject,1.652910268481259,Reject,Accept,0.3061950387813926
0.5986617855943585,0.8688742879130523,0.31664860886105944,0.087839959069131765,0.5472570648266197,Reject,"Gender, Age, ProgVar",1.8008868183022373,0.31664860886105944,0.0729714364197178,0.5481256436451144,Reject,1.8350936966609972,Reject,Accept,0.9615312042633066
0.5171739254783201,0.9365605436746586,0.17469324816114415,-0.09150776026524698,0.3414071335029957,Accept,"Gender, Age, ProgVar",1.0971683725330594,0.17469324816114415,-0.021793228791961605,0.37038718454168246,Accept,1.2957226305015608,Reject,Accept,0.5398330180860984
0.3737044690917545,0.9184790864651644,0.19438809336414328,0.025957689624589397,0.4183993416707075,Reject,"Gender, Age, ProgVar",1.3990258179159514,0.19438809336414328,0.003473285676681759,0.38187588600054073,Reject,1.4107678791348457,Reject,Accept,0.5464821580059612
0.6278629367327004,0.9916268614155774,0.10703312965871384,-0.10704106860240258,0.3364736807229835,Accept,"Gender, Age, ProgVar",1.3057297813805315,0.10703312965871384,-0.12560096650071212,0.3357517699617894,Accept,1.3126755822404015,Reject,Accept,0.3650812277908732
0.8287511171407101,1.0522440083581805,-0.021035437640855782,-0.2827907070014809,0.15924943864750718,Accept,"Gender, Age, ProgVar",1.7505339299042892,-0.021035437640855782,-0.25207699784528986,0.19991642676057,Accept,1.626809058700307,Reject,Accept,0.2370194213853677
0.37157717269015683,0.9091527672438225,0.22034252666165893,0.07434932158227661,0.5134792492979665,Reject,"Gender, Age, ProgVar",1.5121372017675672,0.22034252666165893,0.0021348085824216267,0.45149691056440644,Reject,1.4198818244025155,Reject,Accept,0.7435047708743299
0.8252375606841335,1.0154704176363256,0.005804113453601131,-0.21816930126558812,0.2188929633083137,Accept,"Gender, Age, ProgVar",1.5157791777827598,0.005804113453601131,-0.19826732183271642,0.20883664601290108,Accept,1.6925561239234141,Reject,Accept,1.1806395959309983
0.21571051260083407,0.8177446075722382,0.2694139401778885,0.07941858228418917,0.47394378188282,Reject,"Gender, Age, ProgVar",1.4333684881920101,0.2694139401778885,0.0696419275400947,0.4787282086984081,Reject,1.385191321996907,Reject,Accept,0.563832366570119
0.7531810136178686,0.9213823716185818,0.16448199314436146,-0.06702960551247043,0.37377138772646856,Accept,"Gender, Age, ProgVar",1.6543612494761646,0.16448199314436146,-0.05514281680668256,0.38488214700430823,Accept,1.6286237202214047,Reject,Accept,0.22586681111508883
0.28678136460226605,0.7859756139941908,0.31929704869467995,0.11366745359774821,0.5347092690400007,Reject,"Gender, Age, ProgVar",1.2632960296144597,0.31929704869467995,0.11885714491273976,0.52797515757542135,Reject,1.3283121237077844,Reject,Accept,0.8382902097955592
0.5816148678711042,0.8797382775754025,0.08172594937371103,-0.09818147635481375,0.36917035379662355,Accept,"Gender, Age, ProgVar",1.3996888064684623,0.08172594937371103,-0.1385432462074963,0.2969796529022183,Accept,1.4058144253665839,Reject,Accept,0.8799175728613748
0.301272817230151,0.8459054211897736,0.20419527080876845,0.10553114529358582,0.4589045935920294,Reject,"Gender, Age, ProgVar",1.719099315558598,0.20419527080876845,0.030097423738781492,0.37124796489954914,Reject,1.69384865349064,Reject,Accept,0.9862264445051695
0.5530223084165852,0.9121220931231008,0.0825409692916443,-0.08662067012493027,0.310599332725474,Accept,"Gender, Age, ProgVar",1.4887810658394556,0.0825409692916443,-0.10505421057235663,0.2867213341137707,Accept,1.392462363973595,Accept,Reject,1.27327647024415
0.5858470072368018,0.9814333929360431,0.14147735562043223,-0.10533488835955475,0.38502186823052864,Accept,"Gender, Age, ProgVar",1.8135766265741453,0.14147735562043223,-0.1091405343848272,0.39305906108249195,Accept,1.5105645787949158,Reject,Accept,0.26848020310250376
0.5177490378080154,0.8607404525709268,0.23377387222396545,0.04850180593255534,0.41079899336939424,Reject,"Gender, Age, ProgVar",1.5234560325534385,0.23377387222396545,0.04214404873658957,0.4376583502580338,Reject,1.5092738618090136,Reject,Accept,0.20454658724709582
0.42059208998393954,0.7995451031798008,0.3080157661757393,0.09579934595496972,0.5206160933054904,Reject,"Gender, Age, ProgVar",1.661867537413923,0.3080157661757393,0.08351598250976003,0.5155979296361359,Reject,1.5052788294419752,Reject,Reject,0.9812880589798776
0.36709073680961024,0.9483668817296251,0.1637956482151509,-0.007208964278482041,0.3753473477584546,Accept,"Gender, Age, ProgVar",1.309448386381809,0.1637956482151509,-0.03357043375952806,0.3633995499500211,Accept,1.2315294100131433,Reject,Accept,0.6473837418804496
0.6720790746791946,0.9420611884663451,0.1346548607007998,-0.11215218008818924,0.3586547457481025,Accept,"Gender, Age, ProgVar",1.3956285362210226,0.1346548607007998,-0.10439895988411801,0.3700583057229215,Accept,1.3730571846520332,Reject,Accept,0.531997959194662
0.8537196375155058,1.0743527342397827,-0.09857401206430287,-0.36412936746362673,0.12410393623979696,Accept,"Gender, Age, ProgVar",1.4352822780935515,-0.09857401206430287,-0.32453132831175235,0.13342486057945552,Accept,1.337255758267977,Accept,Accept,0.5359560334705449
0.4700104348623854,0.862453129130246,0.19167741194615712,0.04374375426037645,0.41582603315990646,Reject,"Gender, Age, ProgVar",1.594950900213381,0.19167741194615712,8.624869273051242e-4,0.38120557242772307,Reject,1.461951226097401,Reject,Accept,0.9039741992552383
0.6892829645356767,0.9377007583839687,0.1727083059238033,-0.0173696910970503,0.3573674436227078,Accept,"Gender, Age, ProgVar",1.3653492463769958,0.1727083059238033,-0.03409276665559557,0.35407911915559886,Accept,1.3410996920307945,Reject,Accept,0.6328254320183077
0.46705308095875137,0.9321671090352587,0.21318347497897866,0.013825351132120196,0.3769103178753159,Reject,"Gender, Age, ProgVar",1.1182055922719247,0.21318347497897866,0.04651110918662952,0.3891259251093156,Reject,1.0717972276693934,Accept,Accept,0.5350697848356337
0.7785240697881715,1.0596881256609383,0.022527390226630056,-0.2236881237128127,0.20307182630007053,Accept,"Gender, Age, ProgVar",1.8796184026302893,0.022527390226630056,-0.18779705155774193,0.22319623206269162,Accept,1.601120995584088,Accept,Accept,0.7366210651809597
0.8727821959797659,1.00942263909956,0.0615588219302571,-0.22162480977658808,0.26504350865544274,Accept,"Gender, Age, ProgVar",1.223063246303715,0.0615588219302571,-0.17361944461167847,0.3259346052927311,Accept,1.3960018446510827,Reject,Accept,0.2586204006626728
0.5582095303916604,0.9400845056929937,0.232526953648286,-0.008410529074241854,0.4763464014766158,Accept,"Gender, Age, ProgVar",1.3553160166106593,0.232526953648286,-0.021897954539102676,0.4946798640642396,Accept,1.4417441068067436,Reject,Accept,0.4531658708121824
0.8971859815341381,0.916016407893472,0.04541679585808274,-0.17374609302225363,0.26276786000667546,Accept,"Gender, Age, ProgVar",1.4699240937537403,0.04541679585808274,-0.15533662461785622,0.25746267746489765,Accept,1.3465875066272561,Accept,Accept,0.5252397712635126
0.8394603493037072,0.9731756313124076,0.1468272032407411,-0.10871632547219723,0.3905911570292993,Accept,"Gender, Age, ProgVar",1.576981894558433,0.1468272032407411,-0.09879824213425877,0.4064192109143704,Accept,1.6591713617152044,Reject,Accept,0.49715649396426825
0.5821614483618333,0.9760925482775717,0.19046040362198935,-0.09453623146301422,0.4363860843169146,Accept,"Gender, Age, ProgVar",1.2344884527679523,0.19046040362198935,-0.06028682617029692,0.4379324907393272,Accept,1.3981093898450718,Accept,Accept,0.37065675291606337
0.7852436467732128,0.9629461075480739,-0.02281165401325825,-0.2194390835026434,0.15879275991968933,Accept,"Gender, Age, ProgVar",1.3667546292685442,-0.02281165401325825,-0.2028130168085994,0.15545822615842297,Accept,1.2897353898093744,Accept,Accept,0.5227027091384145
0.4636730408983386,0.9936915308174255,0.011238435847359094,-0.10051057632954244,0.2721143196763103,Accept,"Gender, Age, ProgVar",1.2687073576600998,0.011238435847359094,-0.17370493037670237,0.18665337168277463,Accept,1.38148916089058,Accept,Accept,0.38563924243304343
0.452038015153252,0.9210347034540651,0.19504391066872817,-0.06609855468811747,0.42302985283421657,Accept,"Gender, Age, ProgVar",1.6780569741152034,0.19504391066872817,-0.0671204275924508,0.449372581897638,Accept,1.6308504905142858,Reject,Accept,0.6792027141602752
0.836657669075711,1.1221691812899932,-0.010061687554757918,-0.22425732297673173,0.23922138629001247,Accept,"Gender, Age, ProgVar",1.2698061094152604,-0.010061687554757918,-0.21394138594294138,0.23085785171219725,Accept,1.3046204304815672,Accept,Accept,0.509771769491736
0.3924578826898915,0.9076338667981929,0.12174204121366149,-0.08591641224701146,0.3120587615061076,Accept,"Gender, Age, ProgVar",1.3549415321539087,0.12174204121366149,-0.07094603812225844,0.32045248730468323,Accept,1.2560881668962678,Reject,Accept,0.5228608782777165
0.3254637659821719,0.98002299557714,0.11279832291093203,-0.11057051101345272,0.32034804890892876,Accept,"Gender, Age, ProgVar",1.2967320157545734,0.11279832291093203,-0.1090013553158665,0.3372676225722736,Accept,1.1379615570536343,Reject,Accept,0.57206074848334
0.2777329987196334,0.7091505400875965,0.40028594967435444,0.15546331021270846,0.6495090833529394,Reject,"Gender, Age, ProgVar",1.3313521768169938,0.40028594967435444,0.17594122293877318,0.6320588371205661,Reject,1.3524316090563147,Reject,Accept,0.596159518470462
0.44665984971314565,0.9564701105208592,0.11626970017729492,-0.08759061073265434,0.3462496943546101,Accept,"Gender, Age, ProgVar",1.2786478376628683,0.11626970017729492,-0.08083513885376072,0.3299813527832057,Accept,1.317430802398878,Reject,Accept,0.5351836319519623
0.5756799226101998,0.9220267799527883,0.0883251063770098,-0.1408097138981511,0.3243285385515104,Accept,"Gender, Age, ProgVar",1.540331397310658,0.0883251063770098,-0.15125839004752561,0.3223458288127715,Accept,1.2841890765612012,Reject,Accept,0.626562290265391
0.641020579796846,1.0326470591991794,0.108807146289802,-0.12695091861950117,0.23531187775350318,Accept,"Gender, Age, ProgVar",1.6062601251558317,0.108807146289802,-0.06186468708910241,0.27683333599165955,Accept,1.2806392808678777,Reject,Accept,0.5887870557034229
0.5408105254756587,0.9471877441346983,0.0986180538122699,-0.12196319198473551,0.35173267286873894,Accept,"Gender, Age, ProgVar",1.2783899297258283,0.0986180538122699,-0.13774083505068113,0.3354490389438232,Accept,1.2655794685854325,Reject,Reject,1.2302016473128548
0.5838659098909045,0.9204234389102515,0.13756780418552178,-0.1292680150805279,0.37361710134519277,Accept,"Gender, Age, ProgVar",1.2196783356642231,0.13756780418552178,-0.11179781539867467,0.3675355047908505,Accept,1.2302913082418598,Accept,Reject,1.0159564943887505
0.4715732189015425,0.9641809657140039,0.19731130842587202,-0.060000498527741336,0.46279211145951005,Accept,"Gender, Age, ProgVar",1.2394270412638102,0.19731130842587202,-0.05482550192095148,0.46137820562214016,Accept,1.188744065980703,Reject,Accept,0.8699358274106224
0.5434603270135443,1.0403803032178849,0.09032250531020752,-0.17650968756965166,0.32871851410007846,Accept,"Gender, Age, ProgVar",1.4924555844074123,0.09032250531020752,-0.15438373003009243,0.3263308321149968,Accept,1.4256055397164311,Reject,Reject,1.18432702694123
0.8161196428793671,1.0322527690960506,-0.17676434605508543,-0.3658923708030444,0.09655192052855621,Accept,"Gender, Age, ProgVar",1.2094489593190125,-0.17676434605508543,-0.4193918345774372,0.057827458083642626,Accept,1.1643485482295635,Reject,Accept,0.49212358049252347
0.590897854449689,0.8352356671002976,0.22416715266869627,-0.045343060760778854,0.4052463228055384,Accept,"Gender, Age, ProgVar",1.2608638982068947,0.22416715266869627,0.0036960749612976324,0.43336954733688204,Reject,1.3701003995328174,Accept,Accept,0.7849454206241474
0.7226836002657715,0.8981846216674355,0.11573237663591146,-0.15980191753944348,0.31089913117560186,Accept,"Gender, Age, ProgVar",1.368285375318537,0.11573237663591146,-0.11712112385619641,0.3346404979203232,Accept,1.382600592862902,Accept,Accept,0.5939852716322501
0.5387933879648693,0.9973173405662036,0.011544610310641114,-0.1439434520864173,0.2255846876694209,Accept,"Gender, Age, ProgVar",1.4483900968701429,0.011544610310641114,-0.16302325307100826,0.1884043192394526,Accept,1.4050945713437464,Accept,Accept,0.5821009809686416
0.38416531218783495,0.9450768237711044,0.22316368675932383,-0.013109594361650503,0.4498073247232251,Accept,"Gender, Age, ProgVar",1.3239256361970961,0.22316368675932383,-0.011451437832171072,0.4459782059706754,Accept,1.379536557431592,Reject,Accept,0.881358669547313
0.500773087182775,0.9499491573621827,0.24706425220740807,0.0313443713422566,0.4622473312726796,Reject,"Gender, Age, ProgVar",1.1376112187560117,0.24706425220740807,0.03880558943965633,0.447993274059993,Reject,1.3142694578395504,Reject,Accept,0.6541952047822988
0.48988297729114566,0.8797714139473333,0.25910802107845077,-0.0045281104324372615,0.4861144360032359,Accept,"Gender, Age, ProgVar",1.5575800674949172,0.25910802107845077,0.028717598888283603,0.4953585556379638,Reject,1.5217907623787548,Reject,Reject,1.3085688788807734
0.5421608680136566,0.9350829011226593,0.08097417809460174,-0.09217236713322986,0.27512190624583893,Accept,"Gender, Age, ProgVar",1.2639532453342932,0.08097417809460174,-0.10847974857928963,0.27023225170739124,Accept,1.2278403164735692,Reject,Accept,0.5298162629164298
0.4252967691427757,0.9964271777964866,0.2721359737600672,0.02923477700733368,0.4817568137204388,Reject,"Gender, Age, ProgVar",1.6796338629210625,0.2721359737600672,0.035206059819548635,0.4779672132610128,Reject,1.649146639570728,Reject,Accept,0.9067962925641114
0.6963711995414209,0.9198837744942576,0.05281562662113098,-0.10505807140780339,0.2515923106842227,Accept,"Gender, Age, ProgVar",1.4314952584679848,0.05281562662113098,-0.12324396317690771,0.23172712004743068,Accept,1.368518511072734,Reject,Accept,0.6592468175586707
0.745742036900255,1.009994624371348,0.04764452148070476,-0.2068627572249144,0.22666084362838157,Accept,"Gender, Age, ProgVar",1.285960947665231,0.04764452148070476,-0.16002582958069245,0.2507620015691161,Accept,1.276520691929745,Accept,Accept,0.7643729064526602
0.5402721359396919,0.9792294550687851,0.11800566481594561,-0.0932066737784725,0.31770492089863367,Accept,"Gender, Age, ProgVar",1.2477837084807537,0.11800566481594561,-0.07691009434074339,0.31297190783707357,Accept,1.3565527619833169,Reject,Accept,0.7467655081016015
0.825671437529382,0.9519778891506127,0.04774991697043774,-0.114173472002944,0.2614713252180758,Accept,"Gender, Age, ProgVar",1.3698833768531673,0.04774991697043774,-0.1303750365372668,0.233819311033522,Accept,1.4379816521616946,Reject,Accept,0.4802551347690081
0.6114209158208647,0.9817504252398177,0.07973632522498893,-0.14230161844515082,0.24362772242368813,Accept,"Gender, Age, ProgVar",1.1974183808559657,0.07973632522498893,-0.09741433077191337,0.26471269321763913,Accept,1.3448074610552083,Reject,Reject,1.433665690397184
0.64503529031328,0.9140121706533786,0.037350390971836255,-0.11746513996065289,0.30158374511229097,Accept,"Gender, Age, ProgVar",1.2951796525399244,0.037350390971836255,-0.16890700885835425,0.24036728447457759,Accept,1.3669122789192096,Reject,Accept,0.4974061694825467
0.429359481329573,0.9376483283284206,0.16188299588103658,-0.0781096851336671,0.41198230430889005,Accept,"Gender, Age, ProgVar",1.5651518911544913,0.16188299588103658,-0.09563636846595858,0.4169343739057595,Accept,1.485926486925762,Reject,Accept,0.9986087305324824
0.8411927159436028,0.9807379671398261,-0.08164461015420671,-0.2721935061280806,0.12648986187854033,Accept,"Gender, Age, ProgVar",1.3683102099108293,-0.08164461015420671,-0.27460957897017924,0.11058774145049062,Accept,1.4940643848866282,Reject,Accept,0.5040987661579746
0.328031278097989,0.8506170032685565,0.16711518826968336,-0.01616033603261991,0.43451620350654174,Accept,"Gender, Age, ProgVar",1.3314002535274554,0.16711518826968336,-0.05132725689546895,0.38225681554626423,Accept,1.3368120136853798,Reject,Accept,0.39824344736942113
0.7892243742597499,1.0382992795486343,-0.01550472598136513,-0.2053594766545183,0.17176656502765442,Accept,"Gender, Age, ProgVar",1.1910414038410382,-0.01550472598136513,-0.18957231949925019,0.16744952086460008,Accept,1.2690633783845553,Accept,Accept,0.9980392431284786
0.4625127681610865,0.9058432213362597,0.14375528267078197,-0.07719682387775383,0.4410175599245715,Accept,"Gender, Age, ProgVar",1.4931915405795209,0.14375528267078197,-0.13091743968816127,0.37690875292268206,Accept,1.5552866294008556,Accept,Accept,0.6349883301765568
0.45858066240855594,0.9260259703148277,0.10582467687317117,-0.11117024323742458,0.41322703184247045,Accept,"Gender, Age, ProgVar",1.4264974178045104,0.10582467687317117,-0.13970543517899522,0.36096501565774447,Accept,1.3148697786787071,Accept,Accept,0.7938131976091557
0.7562580709910987,0.9980707812198877,0.037458344208361236,-0.09589257271585608,0.2631129841749969,Accept,"Gender, Age, ProgVar",1.2276016220946595,0.037458344208361236,-0.13612897613591385,0.2067045651562724,Accept,1.2968151800934178,Accept,Accept,0.27053499715305884
0.24271704532864297,0.884759897973748,0.2257950902675951,0.06359035224084732,0.4209029962302812,Reject,"Gender, Age, ProgVar",1.0441856365389648,0.2257950902675951,0.049775729311959754,0.4094594619552922,Reject,1.2421165850268239,Reject,Accept,0.6238737920507843
0.4387516151021528,0.9721571366278869,0.08880779225335932,-0.09662941822776128,0.29989053006393157,Accept,"Gender, Age, ProgVar",1.0587874136358222,0.08880779225335932,-0.11946546978880346,0.29375248372222684,Accept,1.1534957929152423,Accept,Accept,0.2761150333095482
0.70844494373069955,0.9127782442160921,0.11362690527089951,-0.11694318840774072,0.3223924206356375,Accept,"Gender, Age, ProgVar",1.590617829514959,0.11362690527089951,-0.13027113913522317,0.31883661445502204,Accept,1.606815267551316,Reject,Accept,1.0098376519264527
0.8185345155313187,0.9149806713957038,0.06546878456285825,-0.11382313845578333,0.33060740328911076,Accept,"Gender, Age, ProgVar",1.4283751196092032,0.06546878456285825,-0.1504352585698382,0.27544387219413285,Accept,1.2904466526331797,Reject,Accept,0.40509591103107007
0.45039083481831554,0.886331367827292,0.13350648576229604,-0.03011367262524895,0.28370302869911435,Accept,"Gender, Age, ProgVar",1.0946294832333168,0.13350648576229604,-0.029765029050693947,0.2857814856462713,Accept,1.0325333853223595,Reject,Accept,0.854146989563948
0.5075488500344668,0.9181217259528969,0.10635472561688918,-0.03868157489239413,0.27312548542485515,Accept,"Gender, Age, ProgVar",1.3419367407459055,0.10635472561688918,-0.04631109756188399,0.26453900153937543,Accept,1.3823000838206434,Reject,Accept,0.5539236743621185
0.7985752607624024,0.9612249180203347,-0.09299425035537769,-0.15967439366231911,0.24286708655068637,Accept,"Gender, Age, ProgVar",1.5504000389771115,-0.09299425035537769,-0.29408065015886947,0.10147401151700025,Accept,1.3614041154570122,Reject,Reject,1.28329879785984
0.5504693462125838,0.9117997682790736,0.16001516702886573,-0.0500477937986354,0.37905827699113137,Accept,"Gender, Age, ProgVar",1.5636604282004354,0.16001516702886573,-0.05038159564823698,0.37610311343380765,Accept,1.3737319222627742,Reject,Accept,0.5207377055899483
0.5792248733659625,0.9489551877106945,0.21489833092929472,-0.01756798180784457,0.3687240480752847,Accept,"Gender, Age, ProgVar",1.7192023765015736,0.21489833092929472,0.03093921491963461,0.4019749130656115,Reject,1.568394919216605,Reject,Accept,0.6759400639026265
0.5155909314034952,0.9252873538534162,0.06565976113087864,-0.10162891098224319,0.35675213405192246,Accept,"Gender, Age, ProgVar",1.061453601206437,0.06565976113087864,-0.1599522991148313,0.29413719645027714,Accept,1.163895969753314,Reject,Accept,0.7171310098079128
0.5733191473054002,0.9386774170676269,0.15204857414961054,-0.0887242085273574,0.3056237849724204,Accept,"Gender, Age, ProgVar",1.4301841970506777,0.15204857414961054,-0.03109013458077381,0.35715583071821544,Accept,1.348253440367817,Accept,Accept,0.39692231799213396
0.538524185824535,0.9361975781089055,0.2375024952611974,0.05254682622661477,0.4764748862673039,Reject,"Gender, Age, ProgVar",1.2016744737598972,0.2375024952611974,0.03390007563531676,0.4461338205962738,Reject,1.4165254348477154,Reject,Accept,0.5740146154968964
0.6579332335780148,1.0172833997636435,0.07489076768752563,-0.13572895092112017,0.2709240592462414,Accept,"Gender, Age, ProgVar",1.378361118139796,0.07489076768752563,-0.1386625718162532,0.275133182419427,Accept,1.2979957686361803,Reject,Accept,0.9404252024902523
0.7196354848357396,0.9882733000615757,0.005754593709573789,-0.16853424262190253,0.20891082718259144,Accept,"Gender, Age, ProgVar",1.3864571412863205,0.005754593709573789,-0.19705941775972638,0.19081689718099762,Accept,1.398690324340679,Accept,Accept,0.26715721022042116
0.8330639778496969,0.9076616597559498,0.003642075224285101,-0.16417173889154948,0.20867158026011645,Accept,"Gender, Age, ProgVar",1.455005047782,0.003642075224285101,-0.18906811026276887,0.18350819330611526,Accept,1.3858342660784573,Accept,Accept,0.5108158133872038
0.2599154117385975,0.7496748627034062,0.3262574879070625,0.1309528587754077,0.5303675405060811,Reject,"Gender, Age, ProgVar",1.5255451752227414,0.3262574879070625,0.13525831107130068,0.5289558207471572,Reject,1.4494000348544933,Reject,Accept,0.8103112205240337
0.34630533370349126,0.8829122539249671,0.16193173690325474,0.00500358127085699,0.41541938580732213,Reject,"Gender, Age, ProgVar",1.4047440298364655,0.16193173690325474,-0.034206190383638375,0.3673420285543208,Accept,1.3561747472431531,Accept,Accept,0.4582359793450895
0.37573845501216535,0.9101904414545393,0.11138790072917334,-0.14650473931799654,0.3592826613641267,Accept,"Gender, Age, ProgVar",1.3369324063628967,0.11138790072917334,-0.1299882433507238,0.35708726626273557,Accept,1.4399946802314523,Reject,Accept,0.7435230441541676
0.4551035343970217,0.9988341000166866,0.13474657612125435,-0.16571670996917565,0.28432788775458995,Accept,"Gender, Age, ProgVar",1.209827887097135,0.13474657612125435,-0.06468187064647972,0.3462847332538717,Accept,1.3764742732998443,Reject,Accept,0.8812151746162447
0.5996094108199428,0.9001147324151774,0.21638775884900463,-0.01832659579312578,0.3784761803185192,Accept,"Gender, Age, ProgVar",1.7371181237085893,0.21638775884900463,0.014275143720599764,0.4148814584719423,Reject,1.5255700103470804,Accept,Accept,0.7954166888343803
0.922968264655785,1.0384458420312521,0.0220396730096325,-0.17045304127790456,0.18810958777626638,Accept,"Gender, Age, ProgVar",1.345729052667518,0.0220396730096325,-0.15915124496937882,0.19508585450879692,Accept,1.2969076825468036,Reject,Accept,0.5252782714664195
0.6019048916115114,0.933829686529045,0.1534953370795016,-0.019172364546510088,0.34705369251407336,Accept,"Gender, Age, ProgVar",1.3263313540362398,0.1534953370795016,-0.01608482840170069,0.33145200772333433,Accept,1.1133084163444622,Reject,Accept,0.7757601050109638
0.7073453590510995,0.9339846549936032,0.14806931075188712,-0.08750185559313174,0.32735303535715055,Accept,"Gender, Age, ProgVar",1.5335630532406412,0.14806931075188712,-0.075948374622452,0.35008791806001915,Accept,1.5878275419498482,Reject,Accept,0.6929347926178743
0.4399069327935105,0.9270839235015198,0.1117292349955533,-0.0850385697570973,0.35530959208649937,Accept,"Gender, Age, ProgVar",1.2672518664306254,0.1117292349955533,-0.09218237493505911,0.3160973421417998,Accept,1.418588035909687,Reject,Accept,0.9199090906847922
0.49924368121755786,0.8887221840021983,0.17756649332298916,-0.005778602835976351,0.3174113799391906,Accept,"Gender, Age, ProgVar",1.3431521413836327,0.17756649332298916,0.008300836723001644,0.3320464047312853,Reject,1.2398665836070553,Accept,Accept,0.1046272694867252
0.6167043209458609,0.9422823920097874,0.15334221012986315,-0.05721878385428969,0.4489278570619651,Accept,"Gender, Age, ProgVar",1.5325051273467465,0.15334221012986315,-0.0898703206402828,0.4139961234410612,Accept,1.3988897328791188,Reject,Accept,0.19438282103753393
0.6242214002273211,0.8861542917251335,0.12065459472048508,-0.07801104049701771,0.32141494555392697,Accept,"Gender, Age, ProgVar",1.565923111058487,0.12065459472048508,-0.07511405904525004,0.32397836939637514,Accept,1.6386898872781475,Reject,Accept,0.7982095342933058
0.6539265409646065,1.037109698310448,-0.05939893013860141,-0.21981989730846577,0.1929638081788276,Accept,"Gender, Age, ProgVar",1.4918758249663404,-0.05939893013860141,-0.26768551759444936,0.14666436627633675,Accept,1.315034721199616,Reject,Accept,0.7558302033390255
0.1929137378362534,0.8618995324853878,0.3362494368513812,0.17322005549049127,0.6081971026873948,Reject,"Gender, Age, ProgVar",1.332303927971855,0.3362494368513812,0.13902587486828477,0.5500460481936238,Reject,1.4822264965842453,Reject,Accept,0.5771320490621173
0.5816820272870653,0.954267988208544,0.06080131501154897,-0.16375187489982046,0.25242621242378976,Accept,"Gender, Age, ProgVar",1.0305589266800548,0.06080131501154897,-0.14868949946817955,0.26132969439128706,Accept,1.1422541186897248,Reject,Accept,0.7291883609748454
0.8226787920110695,0.9984066758211159,0.007477674399344103,-0.17313863951109887,0.21191981917532485,Accept,"Gender, Age, ProgVar",1.3326199060169666,0.007477674399344103,-0.1754154601315378,0.21177109031239982,Accept,1.3493616327223499,Accept,Accept,0.2544142296441034
0.6091897632008895,0.9246373855398489,0.1988179283442084,-0.0022767944592773093,0.37205996667146646,Accept,"Gender, Age, ProgVar",1.2655399141749732,0.1988179283442084,0.023820247292700554,0.3856591493017353,Reject,1.2581974554628008,Reject,Accept,0.8898544817895598
0.9303606652930619,1.0705600855686408,-0.09705529614182272,-0.282845959520763,0.10296839430255457,Accept,"Gender, Age, ProgVar",1.5478748700707932,-0.09705529614182272,-0.29451225263082403,0.09863748061393143,Accept,1.508199954512732,Reject,Accept,0.6257922142676039
0.6795261204340509,1.0166861215176832,-0.02234812182348752,-0.19248823647907387,0.16070462722518514,Accept,"Gender, Age, ProgVar",0.9842224381484473,-0.02234812182348752,-0.1782815061806969,0.15174654235209106,Accept,1.12140194388724,Reject,Accept,0.5585471125319912
0.8216274196989025,1.0113376296819345,0.004952297970855622,-0.19916444656274276,0.1919278618338472,Accept,"Gender, Age, ProgVar",1.1501056576480573,0.004952297970855622,-0.19482661207085666,0.20277982595337013,Accept,1.2446165705484449,Reject,Accept,0.7627598240053043
0.7018708989209204,0.95853796940225,0.06759505533469866,-0.17227500494627795,0.2544838194002095,Accept,"Gender, Age, ProgVar",1.4719106733714684,0.06759505533469866,-0.14665312053064658,0.30469669105136626,Accept,1.240649626627224,Accept,Accept,0.5290922649213677
0.6108128298230703,1.003925690033147,-0.028205808200085024,-0.18186635801742726,0.18192876544258027,Accept,"Gender, Age, ProgVar",1.5823950102563753,-0.028205808200085024,-0.21198815211319383,0.15865756306240397,Accept,1.4851424400343278,Accept,Accept,0.9279981796592925
0.356974498818128,0.8755794377945614,0.27136788288142005,0.08395588356557868,0.49879418171146717,Reject,"Gender, Age, ProgVar",1.1984644610123554,0.27136788288142005,0.06023078756482321,0.475897850927937,Reject,1.1998987865827855,Reject,Accept,0.5204177817026595
0.44613337304321843,0.9185694508271909,0.1323425120527166,-0.048038174546098544,0.37216100643979677,Accept,"Gender, Age, ProgVar",1.4732369435057069,0.1323425120527166,-0.08224233290015005,0.33565838794393676,Accept,1.4703810276633573,Reject,Accept,0.675575070388884
0.7451967257667381,0.9294122349253152,0.1251949424996165,-0.06119245262679729,0.3161594371797114,Accept,"Gender, Age, ProgVar",1.1914069310103796,0.1251949424996165,-0.05255244427233084,0.31899530743719084,Accept,1.1434352179601048,Accept,Accept,0.9024533422308765
0.8503987645355108,1.0487066919136931,-0.008752871651683331,-0.23622624889049218,0.1791564690143479,Accept,"Gender, Age, ProgVar",1.10569819535817,-0.008752871651683331,-0.21991868541513135,0.19215004805387234,Accept,1.323109561180109,Accept,Accept,0.22219898029252175
0.5395867032292289,0.8751376113187181,0.16392557232571892,0.03891665016699039,0.4201103029497745,Reject,"Gender, Age, ProgVar",1.8649664704497873,0.16392557232571892,-0.0189011410490164,0.35396620989460914,Accept,1.8563675197995415,Accept,Accept,0.872732741809224
0.5445393328690866,1.0910624798912656,0.024887230376082176,-0.24665832790863215,0.3340832791707687,Accept,"Gender, Age, ProgVar",1.1977043339460132,0.024887230376082176,-0.24922933602702496,0.3012368435003394,Accept,1.369665026096449,Accept,Accept,0.45527305143048896
0.8297840619247393,0.9818502369612894,-0.003889031419737676,-0.18142065992101794,0.20619680726289186,Accept,"Gender, Age, ProgVar",1.3579118873215685,-0.003889031419737676,-0.21124123021837915,0.199181771396007,Accept,1.3444180427308177,Accept,Accept,0.828522901051531
0.28632844642368094,0.8666823500866557,0.21715407572721795,0.02150198335570313,0.44355894565870035,Reject,"Gender, Age, ProgVar",1.2304383426395848,0.21715407572721795,0.014192631512305237,0.4180699285365022,Reject,1.2859997299910364,Reject,Accept,0.9753789956541614
0.5583844558821187,0.8532596225601368,0.268283739281346,0.06782705498586745,0.4571641340117309,Reject,"Gender, Age, ProgVar",1.8930248573667416,0.268283739281346,0.07420516372528302,0.46807460524291084,Reject,1.4715127365947231,Reject,Accept,0.845727200652766
0.49173069638604067,0.782768351313553,0.239297333081954,0.015364422143990558,0.49377815549853415,Reject,"Gender, Age, ProgVar",1.483261108280041,0.239297333081954,0.004977033887890163,0.46249763343539413,Reject,1.475989439738327,Reject,Accept,0.6915111190930684
0.8325725816697225,1.0732170902267781,-0.027122393330680446,-0.26716700007481486,0.16634169104197194,Accept,"Gender, Age, ProgVar",1.4472152106608416,-0.027122393330680446,-0.24774234803884404,0.18024051286186268,Accept,1.4585480831450766,Reject,Accept,0.6527021107363595
0.6493096502846457,0.980209021270645,0.05353455265378601,-0.15284088345154434,0.24731766571726052,Accept,"Gender, Age, ProgVar",1.8188774954025189,0.05353455265378601,-0.15162772313682002,0.2586890599438853,Accept,1.4598715871489565,Accept,Accept,0.683159549098998
0.6803996775368448,1.0486226713777755,-0.017044470741924236,-0.25563795108640763,0.186850561139917,Accept,"Gender, Age, ProgVar",1.6560270206572145,-0.017044470741924236,-0.24208479828026247,0.20162059448832198,Accept,1.6350639006653025,Accept,Accept,0.4990603750664936
0.35451600631099073,0.8323943735918903,0.2809257469861451,0.10226980937324062,0.5524448868640776,Reject,"Gender, Age, ProgVar",1.4654791739499513,0.2809257469861451,0.06649397374783253,0.49797381616822506,Reject,1.4360292388869,Reject,Reject,1.1856163536293114
0.4619128544405587,0.9196691068640229,0.07253567689987304,-0.08046587148709118,0.2796111631140234,Accept,"Gender, Age, ProgVar",1.2875234372232476,0.07253567689987304,-0.09997944733984651,0.2319549943236956,Accept,1.1683185205114064,Reject,Reject,1.1969761108576324
0.6915861554243711,0.9354724946007635,0.07527584539008939,-0.09324998829603427,0.2707681177861671,Accept,"Gender, Age, ProgVar",1.78224138194918,0.07527584539008939,-0.10163765366076452,0.24972284092269004,Accept,1.5352331103268368,Reject,Accept,1.038229162524107
0.40802667406360943,0.8549491141515517,0.22703312314763105,0.04090687937371887,0.42754912263058636,Reject,"Gender, Age, ProgVar",1.3401649952595986,0.22703312314763105,0.042745364971430264,0.42027958974294255,Reject,1.2608346882242296,Reject,Reject,1.3846131651255336
0.6009956007447763,0.8937112502699124,0.15668158307415783,-0.01213094366506449,0.36237492764232265,Accept,"Gender, Age, ProgVar",1.5349930743944697,0.15668158307415783,-0.02225796158627403,0.3376515546033344,Accept,1.3652732028617558,Reject,Accept,0.6882833890637219
0.7235619876670226,1.059874076524868,0.06702885926783501,-0.10547718891893307,0.25801136298995436,Accept,"Gender, Age, ProgVar",1.1813396685770254,0.06702885926783501,-0.11677639904844328,0.24926223698115252,Accept,1.1471846213393742,Reject,Accept,0.3959315114683729
0.38666813961586705,0.9186370046717095,0.10495032042962082,-0.06257337650611841,0.34627362934574074,Accept,"Gender, Age, ProgVar",1.4293472458430387,0.10495032042962082,-0.09744017153518138,0.3123139064541776,Accept,1.2579011982388624,Reject,Accept,0.9571264667647367
0.6414396683908402,0.8993697202360759,0.04385755682409551,-0.14399429128410246,0.3133293306225145,Accept,"Gender, Age, ProgVar",1.5262181759078206,0.04385755682409551,-0.18057832240138982,0.27743396846087015,Accept,1.5969628433247982,Reject,Accept,0.43097412437959015
0.6704917953703061,1.0087935148566043,0.07495167351971767,-0.18164999644929186,0.3724559440566063,Accept,"Gender, Age, ProgVar",1.3582627740753832,0.07495167351971767,-0.20039988555998067,0.35749343008029433,Accept,1.3540275502188042,Reject,Accept,0.2905350358021669
0.4183273590603912,0.8540305578648116,0.2330756040452053,-0.012440479276456515,0.4926569646995978,Accept,"Gender, Age, ProgVar",1.3082167510915528,0.2330756040452053,0.005750244122484122,0.47224497356110046,Reject,1.3072965232885445,Reject,Accept,0.652458755612426
0.5677009658660124,0.8463633351729473,0.09958223862156565,-0.030968428441935154,0.38972777595286445,Accept,"Gender, Age, ProgVar",1.3670643427166513,0.09958223862156565,-0.1245222275608448,0.30720530483655184,Accept,1.2674529701098944,Reject,Accept,0.8148963715590316
0.551512894762123,0.8666904109918514,0.15326950235390732,-0.058364403103892314,0.32524681136748346,Accept,"Gender, Age, ProgVar",1.614147736847924,0.15326950235390732,-0.03403489182559664,0.3516719380023981,Accept,1.4731734816131685,Accept,Accept,0.48932059203957856
0.4919144342371067,0.8860843669355607,0.2036056677391774,5.33142674720339e-4,0.449933922621612,Reject,"Gender, Age, ProgVar",1.685757751487222,0.2036056677391774,-0.02625923857271677,0.43145397730663004,Accept,1.524600335827049,Reject,Accept,0.5775436973383313
0.7972694108155063,1.024145106628767,0.027726739350863495,-0.1549530391953074,0.19633117625276683,Accept,"Gender, Age, ProgVar",1.2471836306384154,0.027726739350863495,-0.14214123487867858,0.20586033122639602,Accept,1.3418428355525083,Reject,Accept,0.9622414720688544
0.42514416800006577,0.8561619302383037,0.15315941844716277,-0.06383684415766211,0.3477433237448086,Accept,"Gender, Age, ProgVar",1.4310357003106795,0.15315941844716277,-0.02974873608973131,0.3549064236359385,Accept,1.2817634229146693,Reject,Accept,0.9415155806215598
0.2697552055878973,0.8470100693610001,0.3076120014588517,0.10697536567891311,0.4801892587773202,Reject,"Gender, Age, ProgVar",1.140448214442114,0.3076120014588517,0.11598539841120832,0.49273245099304835,Reject,1.2527805959860934,Reject,Accept,0.44520353708671717
0.26573410273931714,0.903654622547933,0.3388242261737965,0.06479453415711883,0.6030959350777945,Reject,"Gender, Age, ProgVar",1.41787187084892,0.3388242261737965,0.06499926027983724,0.6154891005328317,Reject,1.2000509828455361,Reject,Accept,0.4488288806346661
0.527885118249724,0.9038049240352514,0.12766521335587225,-0.05566757727004923,0.36347249487339073,Accept,"Gender, Age, ProgVar",1.6002280480674957,0.12766521335587225,-0.09110213709758613,0.3389709009926426,Accept,1.5955880277801209,Reject,Accept,0.3240638948867651
0.4874137733395586,0.8882371388295212,0.11666860235038183,-0.04210337497211732,0.32086880555318265,Accept,"Gender, Age, ProgVar",1.167352949733289,0.11666860235038183,-0.05801883362321682,0.29518265354307344,Accept,1.1922265857843326,Reject,Accept,0.41123988370348413
0.435514273427281,0.9219568032303168,0.14631010057004795,-0.053561807336577276,0.3870794735147317,Accept,"Gender, Age, ProgVar",1.6915550115085665,0.14631010057004795,-0.10069381043244799,0.36313293383042616,Accept,1.5088358909817836,Reject,Accept,0.8120801140645716
0.4262194006592183,0.9280121039344733,0.20086676631456774,-0.03213106923971783,0.43150679798746194,Accept,"Gender, Age, ProgVar",1.3260941900646868,0.20086676631456774,-0.02404190084067448,0.4284860882992631,Accept,1.473782386960892,Reject,Accept,0.6198225821161054
0.581699548173999,0.9316288741694252,0.16293050876541904,-0.20412858419222707,0.3690704468098941,Accept,"Age, ProgVar",1.1485452595051548,0.16293050876541904,-0.08604044790467447,0.41871767949559147,Accept,1.2901371854216195,Reject,Accept,0.6961653857165406
0.8014708228391687,0.9724215593609289,-0.010251581376898404,-0.19217146774563637,0.18558475111054631,Accept,"Gender, Age, ProgVar",1.1823556731322444,-0.010251581376898404,-0.19753877872537332,0.16866777244540893,Accept,1.2020268703188686,Accept,Accept,0.370381322792555
0.5550506101163053,0.9586861115997058,0.22172627299560435,0.020842168870153253,0.4194738316535113,Reject,"Gender, Age, ProgVar",1.2034589711560673,0.22172627299560435,0.026967649080020493,0.4116585199676586,Reject,1.1698840201650678,Reject,Accept,0.8840780205036483
0.5981192669756291,0.9353182560059192,0.10108578326185902,-0.09623787761729544,0.2992710649595958,Accept,"Gender, Age, ProgVar",1.4417230519272572,0.10108578326185902,-0.09018952839391,0.28315367273189906,Accept,1.3758865443009711,Accept,Accept,0.7606101782110253
0.7004862633173531,0.900702024905686,0.1582469814150389,-0.004118081210313214,0.3627277122290971,Accept,"Gender, Age, ProgVar",1.2914862540534822,0.1582469814150389,-0.02640760023747396,0.3613511879538326,Accept,1.1399332428560438,Reject,Accept,0.8133826530952647
0.6971223652832922,1.0761129418401838,-0.003224796838513131,-0.2518905378603722,0.21180045394184305,Accept,"Gender, Age, ProgVar",1.5401816141941955,-0.003224796838513131,-0.2294384103129579,0.22451806239312255,Accept,1.6196353955478415,Accept,Reject,1.0491384091209124
0.6838951317251066,0.9719871206033023,-0.006498594512792967,-0.16115552085174234,0.1829185041321011,Accept,"Gender, Age, ProgVar",1.568473124749268,-0.006498594512792967,-0.19012627271479507,0.17991679354766346,Accept,1.4525790730226882,Reject,Accept,0.7089296582308992
0.5607341503164225,0.8871622355632647,0.09641173296435547,-0.056987739396011115,0.2823079506761655,Accept,"Gender, Age, ProgVar",1.260757780271784,0.09641173296435547,-0.07496336350768164,0.26066816214058225,Accept,1.3138344884850244,Reject,Accept,0.5653785724152973
0.1766750965028997,0.8716179206816262,0.2861027507700387,0.1302095732752789,0.5848174707154405,Reject,"Gender, Age, ProgVar",1.553507742195946,0.2861027507700387,0.05796269157534091,0.5073583694620948,Reject,1.3528137084441911,Reject,Accept,0.6314205804419554
0.4095956182313869,0.8613711808763814,0.16470928979075056,-0.04473502269909114,0.40615746516028534,Accept,"Gender, Age, ProgVar",1.4231709632928904,0.16470928979075056,-0.05185039748347724,0.3712772084421337,Accept,1.1752193959383035,Reject,Accept,0.23560764824302888
0.5022118168399043,0.8832811495058671,0.17300687489841649,0.01128015577828598,0.35714240081347415,Reject,"Gender, Age, ProgVar",1.1950525578613997,0.17300687489841649,0.018961298753536304,0.3492254324973573,Reject,1.306578040414428,Reject,Accept,0.4890448904931437
0.4528734536512072,0.9155322916709425,0.20833325207688833,0.006408259716035397,0.4156063198098644,Reject,"Gender, Age, ProgVar",1.6567117258737198,0.20833325207688833,-0.008199449079542353,0.41151375544653024,Accept,1.5624730478449496,Reject,Accept,0.24490772176751496
0.7445707222561103,0.958769782832658,0.04211454028031206,-0.18651139110629292,0.27158904768062814,Accept,"Gender, Age, ProgVar",1.347904266360738,0.04211454028031206,-0.1907122638020352,0.2700721217709779,Accept,1.304881264349037,Accept,Accept,0.917876372952476
0.47412523368700904,0.9059493785897157,0.11074016413057579,-0.128435390049441,0.35545562457006813,Accept,"Gender, Age, ProgVar",1.175179881165254,0.11074016413057579,-0.14650050825454075,0.3734587098318896,Accept,1.2777872104506192,Reject,Accept,0.3430364954154659
0.6784540502695974,1.0065426318609842,0.020727183690889196,-0.2081630787780909,0.21083922577180317,Accept,"Gender, Age, ProgVar",1.591488164319608,0.020727183690889196,-0.19231557837831423,0.24445530071302463,Accept,1.4206761148053983,Reject,Accept,0.36761991574329766
0.2521496348262326,0.8464742574113358,0.20957216265508466,-0.02547672756872032,0.3932392872720267,Accept,"Gender, Age, ProgVar",1.115241536490148,0.20957216265508466,-0.0108233287525372,0.41049322682041994,Accept,1.2734869046538666,Reject,Reject,1.1091094224301083
0.699843490378759,1.0231497407224142,0.0024922846634206574,-0.2957370669710823,0.2748715512414176,Accept,"Gender, Age, ProgVar",1.4145324275506874,0.0024922846634206574,-0.28009903123276625,0.24905374038597444,Accept,1.4232122438467456,Reject,Accept,0.17815969851238472
0.7330799715080407,0.9855033884060439,0.055966515509788,-0.09222932024091157,0.21070670420382467,Accept,"Gender, Age, ProgVar",1.4691316834812147,0.055966515509788,-0.09589364065470224,0.19442946110245862,Accept,1.290213980911166,Reject,Accept,0.6111770112161249
0.5834342015037369,0.9511645852145018,0.1451778375525854,-0.1283798180460452,0.36156213302001294,Accept,"Gender, Age, ProgVar",1.2874314650271723,0.1451778375525854,-0.08238636573608663,0.3654503324412975,Accept,1.2949960081269936,Reject,Accept,0.36844339528037745
0.59329417203579915,0.9456959807015471,0.1390252497391052,-0.04073776894686373,0.3225943322171215,Accept,"Gender, Age, ProgVar",1.3739182468036493,0.1390252497391052,-0.03860024959912207,0.33504561077693773,Accept,1.4313274419138418,Accept,Accept,0.5113055975290539
0.3936940804412701,0.8868009756983446,0.2970095710680141,0.06525413669472653,0.5217190882040333,Reject,"Gender, Age, ProgVar",1.1382097288058102,0.2970095710680141,0.060766138285689233,0.5311542156588706,Reject,1.1942687464468764,Reject,Accept,0.23232584287512742
0.6255427708827078,0.8693204578982103,0.10255559541265463,-0.08054770062667771,0.3689393023915172,Accept,"Gender, Age, ProgVar",1.648009908182927,0.10255559541265463,-0.11707305457531814,0.3338118095006856,Accept,1.6882433715398792,Reject,Accept,0.7689355869276722
1.0181355433015673,0.9945849295639961,-0.15668250278997464,-0.29143521343699663,0.11186281370899463,Accept,"Gender, Age, ProgVar",1.1247696977861106,-0.15668250278997464,-0.3633482760354563,0.04123004465732621,Accept,1.1997249494731743,Accept,Accept,0.8313167603971101
0.6786163363818788,0.9706036356247588,-0.014373050562143054,-0.19398917323008136,0.17519675458952252,Accept,"Gender, Age, ProgVar",1.3013923756415398,-0.014373050562143054,-0.19783671686107798,0.18765615455034904,Accept,1.272718147664963,Accept,Accept,0.4791180558843722
0.7649115809766546,0.9625438536987674,0.07905748504820624,-0.10063205172381419,0.2872839049607476,Accept,"Gender, Age, ProgVar",1.6778359195145842,0.07905748504820624,-0.11843882196040066,0.26949455898474567,Accept,1.8400461197174522,Reject,Accept,0.3972167862184493
0.5563985148850457,0.9571942384744374,0.0669643709516909,-0.2317340149980826,0.30354419414016004,Accept,"Gender, Age, ProgVar",1.2758804133572097,0.0669643709516909,-0.17886913321360534,0.32008071743565286,Accept,1.2861482097384263,Reject,Accept,0.5787041521272511
0.3485477184459115,0.8718195301753388,0.25249283464778055,0.03610661481739916,0.5190943312582487,Reject,"Gender, Age, ProgVar",1.334377529290891,0.25249283464778055,0.015547556931913106,0.4983262998338776,Reject,1.3823757914158008,Reject,Accept,0.8193470306726464
0.6412333279882402,0.9211904289858245,0.0783297668022647,-0.1034301662366083,0.24488669664171608,Accept,"Gender, Age, ProgVar",1.2107463197224664,0.0783297668022647,-0.10712791808746985,0.2520141018232603,Accept,1.1476931547072038,Reject,Accept,0.7980401039123208
0.24761214805241985,0.814209019365105,0.35582505370345374,0.15175758737276276,0.5890048459343393,Reject,"Gender, Age, ProgVar",1.76226709184775,0.35582505370345374,0.1366212686227319,0.573645575538585,Reject,1.7359496396326646,Reject,Accept,0.7181502746257845
0.7727335908533375,0.9689875532930537,-0.04832366700323193,-0.23554970627279026,0.14741040941431421,Accept,"Gender, Age, ProgVar",1.634949224931551,-0.04832366700323193,-0.23637850719129425,0.1329532736720413,Accept,1.552399394428886,Accept,Accept,0.8913304002619046
0.9869410425259816,1.0786520179831307,-0.14598925561294646,-0.3487441209319188,0.04927094175432152,Accept,"Gender, Age, ProgVar",1.3307875378876508,-0.14598925561294646,-0.3322140520452749,0.035531446634692765,Accept,1.2951648468699324,Reject,Accept,0.5809150604202834
0.774682759525769,0.968301428299313,0.08834958180064195,-0.14433851843090909,0.31427511611443415,Accept,"Gender, Age, ProgVar",1.7682499328815078,0.08834958180064195,-0.12386452956802277,0.3279908352025366,Accept,1.7346747748533025,Accept,Accept,0.7831633358788573
0.6100594110719784,0.9678486478432677,0.1002816230123384,-0.1558603230676356,0.28750180227524946,Accept,"Gender, Age, ProgVar",1.1014969895465947,0.1002816230123384,-0.12479533010688927,0.3270072522135111,Accept,1.2495291970367548,Reject,Accept,0.8139131678666833
0.5304658850891102,0.9941643645544408,0.06810584147044521,-0.13919576224940705,0.30877919955353095,Accept,"Gender, Age, ProgVar",1.2452441339977511,0.06810584147044521,-0.161085921062985,0.29491916941225493,Accept,1.2764346669304738,Reject,Accept,0.7299351150019301
0.6021735538756476,0.9159121909737223,0.12762613921599056,-0.08157174503280219,0.33259246533505216,Accept,"Gender, Age, ProgVar",1.5605226338984093,0.12762613921599056,-0.06946044482475916,0.3215199376664853,Accept,1.4335921272704641,Reject,Accept,0.5197778794369811
0.5482472442523518,0.983698564549529,0.13901762264195128,-0.09548656698288113,0.3222491593004866,Accept,"Gender, Age, ProgVar",1.2429698193435799,0.13901762264195128,-0.06489086386027446,0.34303293665623064,Accept,1.2453585998447314,Accept,Accept,0.51451581937537
0.35213900289047173,0.8923932570361826,0.3007917530147797,0.11671616721870473,0.5447069769341484,Reject,"Gender, Age, ProgVar",1.5255058892471371,0.3007917530147797,0.08355153094892596,0.49415024838746924,Reject,1.5290268971424523,Accept,Accept,0.24836440837038778
0.681902812034713,0.9873913969654348,0.013328993054070174,-0.19083357652004992,0.20203984295118022,Accept,"Gender, Age, ProgVar",1.2651756440052906,0.013328993054070174,-0.1802960972571242,0.1966265829066401,Accept,1.2169589495906217,Accept,Accept,0.9151501375612936
0.5538095008760768,0.8873508936606943,0.08044084543537751,-0.12369988843159171,0.29276111305592867,Accept,"Gender, Age, ProgVar",1.1072117657953,0.08044084543537751,-0.13129072520460272,0.2914073170902963,Accept,1.1156895815334082,Reject,Accept,0.7105623078358835
0.7267243390690893,0.9399818706222591,0.19868441887873778,-0.05440161741835029,0.36072265589098673,Accept,"Gender, Age, ProgVar",1.2450187421875143,0.19868441887873778,-0.008274403636473238,0.4121068070872268,Accept,1.4362804484394769,Reject,Accept,0.11265417613827075
0.4267544421393186,0.9759488314574261,0.1712766729003465,-0.026166742304436955,0.40095496182746626,Accept,"Gender, Age, ProgVar",1.1909708525435245,0.1712766729003465,-0.03402299714986092,0.37188707526399434,Accept,1.1709055990676667,Reject,Accept,0.8445647043649439
0.8599414341241225,1.0022240761661658,-0.010051530313435931,-0.15258998058765905,0.2565754189564732,Accept,"Gender, Age, ProgVar",1.2245498879551115,-0.010051530313435931,-0.2132421767967774,0.20301715410890883,Accept,1.4258309104381457,Reject,Accept,0.7765215147745032
0.5706008593459249,0.8841240347196967,0.16641764329221126,-0.12654725302016423,0.34590638276355834,Accept,"Gender, Age, ProgVar",0.9750110331183159,0.16641764329221126,-0.07108231111122532,0.4052226749316356,Accept,1.2572385769066146,Reject,Accept,0.5548738054640813
0.7009218768087392,0.8972566755052499,0.1605003367211998,-0.10042952711515767,0.32513839979724,Accept,"Gender, Age, ProgVar",1.6320470440650867,0.1605003367211998,-0.03890154381084515,0.3675450893960608,Accept,1.5395844039433029,Accept,Accept,0.8794796364086335
0.7519600838630961,0.9698270907090923,0.031376892956670656,-0.21335489247758302,0.2249393337572567,Accept,"Gender, Age, ProgVar",1.2994135787013412,0.031376892956670656,-0.17356507487248418,0.2303678812304412,Accept,1.088684459747726,Reject,Accept,0.8343854800592995
0.3012855614090849,0.8747269177899393,0.2663164889121959,0.07874908441043299,0.4734250388692519,Reject,"Gender, Age, ProgVar",1.3217385064331273,0.2663164889121959,0.0808560633813799,0.4423223702985626,Reject,1.582692816276101,Reject,Accept,0.6730267469774353
0.6467061007111843,0.8802861383699072,0.12145278340747648,-0.046814023296924065,0.30806387697083787,Accept,"Gender, Age, ProgVar",1.5382155754705658,0.12145278340747648,-0.054859117286645755,0.2970227880019867,Accept,1.45489510849226,Reject,Accept,1.002275345450897
0.5524676010261919,0.9553919017247385,0.11480672723604535,-0.1455472374129287,0.36531493751374294,Accept,"Gender, Age, ProgVar",1.3705003798217665,0.11480672723604535,-0.12384829958889962,0.33817310715375026,Accept,1.2825343960887312,Reject,Accept,0.5783144846623861
0.7588993235051943,1.0193824959741198,-0.046585563563915945,-0.2784088974901072,0.1905321522383256,Accept,"Gender, Age, ProgVar",1.5380780672930137,-0.046585563563915945,-0.29119894237106203,0.1826666642082282,Accept,1.3327264177413745,Reject,Accept,0.5355769827393547
0.5639001404329701,0.9896946283497663,0.05963600741544124,-0.1481203670536965,0.2629446786956578,Accept,"Gender, Age, ProgVar",1.608469982205631,0.05963600741544124,-0.15315263935415604,0.25218173075535616,Accept,1.4345725454613818,Accept,Accept,0.7556209016189819
0.8116105348194341,1.0137092917789905,-0.041239728204681685,-0.21858120782671353,0.17238767851868947,Accept,"Gender, Age, ProgVar",1.3679648299728984,-0.041239728204681685,-0.24404731450953027,0.1566519122972687,Accept,1.42625754284062,Accept,Accept,1.1347922694684942
0.43264392639435406,0.8446019092713433,0.209223429526408,0.02775788688192224,0.40192636364416867,Reject,"Gender, Age, ProgVar",1.1000808616371562,0.209223429526408,-0.0033766611658499826,0.3886012898415153,Accept,1.0940307380082064,Reject,Accept,0.9296749985226188
0.42651028517888356,0.8956941520173013,0.19655692593410662,0.017430340571689955,0.3912957875669517,Reject,"Gender, Age, ProgVar",1.3057955277093498,0.19655692593410662,0.016322940276690644,0.3856384169370149,Reject,1.1326383831120626,Reject,Accept,0.7065044247860817
0.719096021330715,0.9188444421706835,0.1549214886727284,-0.18101046438430518,0.28595198181713166,Accept,"Gender, Age, ProgVar",1.5085613011293597,0.1549214886727284,-0.052439211289792904,0.36243494818675553,Accept,1.3403474053541313,Reject,Accept,0.6573636349536078
0.44278261336026076,0.8461053695243512,0.19089805083171787,0.0391621395485498,0.42332253305900697,Reject,"Gender, Age, ProgVar, X1",1.2770398792341842,0.19089805083171787,-0.01145693138274423,0.379710986066562,Accept,1.3805997342122809,Reject,Reject,1.1480540213463595
0.5379451551388063,0.8604599736530647,0.2196972961952305,0.026169303334159875,0.41584305098063,Reject,"Gender, Age, ProgVar",1.8259364010409862,0.2196972961952305,0.027268690898377787,0.414931399257919,Reject,1.7586020914885199,Accept,Accept,0.42928437259938396
0.5967239734628159,0.9824951097350443,0.25392242388012626,-0.02587660617019774,0.5411266575368644,Accept,"Gender, Age, ProgVar",1.5737147892223178,0.25392242388012626,-0.030223132399786086,0.5270413283214829,Accept,1.428992565687487,Reject,Accept,0.3029885912090698
0.3999623778194552,0.922557822911498,0.10534419756539243,-0.08015656654507694,0.40064561159479706,Accept,"Gender, Age, ProgVar",1.4746055590482454,0.10534419756539243,-0.12717620839442287,0.3288133996545666,Accept,1.2626066135821616,Reject,Accept,0.3025971128624919
0.5609121578061825,1.00369752070005,0.09538519567264984,-0.16702155327605894,0.34959196136195647,Accept,"Gender, Age, ProgVar",1.6138149159923818,0.09538519567264984,-0.1468226666354658,0.34574037994276086,Accept,1.6178281728830146,Reject,Accept,0.657157292686523
0.384002851109839,0.9690797598886792,0.11944836369312166,-0.07986051636503558,0.3201861229107793,Accept,"Gender, Age, ProgVar",1.0844902585278795,0.11944836369312166,-0.08261583049305177,0.3313177257565116,Accept,1.0378120838488787,Reject,Accept,0.2844191074305942
0.25035030963335225,0.7347730778094396,0.42095833268656996,0.17184631632188013,0.6269808218860647,Reject,"Gender, Age, ProgVar",1.1462238845662827,0.42095833268656996,0.19669596261983985,0.6344244438085317,Reject,1.2257666959376068,Reject,Reject,0.9615276930000345
0.47467507351947624,0.8768705847281072,0.16356044314332022,-0.01593072785845396,0.36557110298872286,Accept,"Gender, Age, ProgVar",1.602571163285778,0.16356044314332022,-0.035008122422068536,0.36808935255952724,Accept,1.4731251924342157,Accept,Accept,0.5254400779017686
0.20694781583157873,0.871444421486221,0.2768916898990732,0.08231302939424455,0.4717824542176846,Reject,"Gender, Age, ProgVar",1.6091539327713318,0.2768916898990732,0.07809955915451669,0.4817507289049776,Reject,1.3813147175053972,Accept,Accept,0.4065156468680391
0.6914220763030379,0.9525309386804189,0.16203257160518622,-0.01006811791945839,0.37003713569080054,Accept,"Gender, Age, ProgVar",1.677810792603516,0.16203257160518622,-0.012859902698837897,0.3551007404130024,Accept,1.4855800841059221,Reject,Accept,0.5215635949972444
0.42398140545966867,0.9121313411642581,0.2202368041102008,0.01786665213404895,0.42395675709519043,Reject,"Gender, Age, ProgVar",1.3501954404608885,0.2202368041102008,0.005873551891723554,0.43496146253709395,Reject,1.310730452513391,Reject,Accept,0.7606864446859839
0.8809538445562307,1.0083792348305134,-0.0913564042783298,-0.28891881222727833,0.19113542394958266,Accept,"Gender, Age, ProgVar",1.6378386238549683,-0.0913564042783298,-0.29889637015252524,0.12164570320741686,Accept,1.5460990709743663,Reject,Accept,0.2813883556031882
0.6655349317797256,0.9190022023987087,0.21560368492785192,-0.009054462300934624,0.3735959823768827,Accept,"Gender, Age, ProgVar",1.6701633853447322,0.21560368492785192,0.02952027104547591,0.4138710154783361,Reject,1.693002564936771,Reject,Accept,0.9749960514600847
0.7510025501436224,0.9368235661092099,0.1297555137237346,-0.128785721357364,0.3233052961425054,Accept,"Gender, Age, ProgVar",1.4675639899028619,0.1297555137237346,-0.09553370262466467,0.3575853531385524,Accept,1.4536884152465603,Reject,Accept,0.37562101875207293
0.6528762939604659,0.9506401824452786,0.09745421023748739,-0.06781715998004664,0.278951069753666,Accept,"Gender, Age, ProgVar",1.2449930880931013,0.09745421023748739,-0.09905347064983551,0.26852956571414055,Accept,1.4471934391344496,Reject,Reject,1.0094185763704768
0.6018504154551386,0.9745828028947316,0.05700329030646245,-0.1672868529849792,0.225724712055964,Accept,"Gender, Age, ProgVar",1.6234768448440697,0.05700329030646245,-0.12713661270065166,0.24139964704187855,Accept,1.3650214435118597,Reject,Accept,0.2962561316466222
0.5890199439425636,0.9023503332959584,0.1648091370553025,-0.035609949097448294,0.4149922735886146,Accept,"Gender, Age, ProgVar",1.5842000147700177,0.1648091370553025,-0.056988155123056466,0.3739273288478556,Accept,1.5690130509754763,Reject,Accept,0.6667065836874969
0.5870793580635607,0.9438383660457914,0.1963552260545075,-0.04455967055365344,0.3856498135166511,Accept,"Gender, Age, ProgVar",1.6467658240518162,0.1963552260545075,-0.05547457648274046,0.4219997175610501,Accept,1.4513733913605404,Reject,Accept,0.8218529140996804
0.6920210925002175,0.9144163108973766,0.1039606150304564,-0.06282206339522264,0.26021856915554115,Accept,"Gender, Age, ProgVar",1.4743819611733855,0.1039606150304564,-0.06433895972721333,0.27385545872263684,Accept,1.4689172463011433,Reject,Reject,1.0784243491335301
0.4598263538667948,0.8325022292575347,0.2648191638820787,0.10079661897957322,0.4720635532049532,Reject,"Gender, Age, ProgVar",1.3308110938844138,0.2648191638820787,0.08103585918645824,0.45194274453867983,Reject,1.185571017514521,Reject,Accept,0.6475739868605545
0.5501781818922726,0.8780143178144357,0.19072443897732536,-0.00246012414827787,0.42219057127599185,Accept,"Gender, Age, ProgVar",1.2071822265787895,0.19072443897732536,-0.021305788027686436,0.3851650784179429,Accept,1.3763372585926867,Reject,Reject,0.9651636220999251
0.5627416241121984,0.9398621851961669,0.21502173623387885,-0.0814170688382381,0.44073113213712556,Accept,"Gender, Age, ProgVar",1.3928703794204134,0.21502173623387885,-0.030464028188699904,0.4779167041402966,Accept,1.5683922313410432,Accept,Accept,0.21075156782047152
-0.07883631660755677,0.7506510420821378,0.48727623807052955,0.2595678461921063,0.7763618512143812,Reject,"Gender, Age, ProgVar",1.2435165004241484,0.48727623807052955,0.2343532502809008,0.7657765866283489,Reject,1.4111140395797386,Reject,Reject,1.0226007768316256
0.1242800073639056,0.8304614249123091,0.30899982611679294,0.062495236520764275,0.5097725425492345,Reject,"Gender, Age, ProgVar",1.1141414450695586,0.30899982611679294,0.10208031436497143,0.5193725698152319,Reject,1.2708457374632622,Reject,Accept,0.6934203925335234
0.39780842203510974,0.8583566027852417,0.19699509873275137,0.018368255166494207,0.48854959456320035,Reject,"Gender, Age, ProgVar",1.3805589538336065,0.19699509873275137,-0.038452374921584605,0.43651666203345707,Accept,1.4288515714777963,Accept,Accept,0.5131297509854207
0.6651055051240133,0.9860652016167323,0.09086006767241925,-0.12174653649419617,0.3629290177600316,Accept,"Gender, Age, ProgVar",1.3652191796625426,0.09086006767241925,-0.14356884444735094,0.3382781448962965,Accept,1.467656029610878,Accept,Accept,0.7525349865413534
0.6937775275163698,0.8939417659577461,0.1426969047351386,-0.03185964368320124,0.3420124033599299,Accept,"Gender, Age, ProgVar",1.4584430361560643,0.1426969047351386,-0.04862438515642907,0.3365466895846126,Accept,1.318026269370698,Reject,Accept,0.782236840345642
0.3139476509111497,0.9437135472929312,0.1789355922533458,-0.07068261834283122,0.43483589787445537,Accept,"Gender, Age, ProgVar",1.5405664502247831,0.1789355922533458,-0.06267069713036957,0.4203169054566124,Accept,1.3241185246049696,Accept,Accept,0.6943317706249434
0.5289750846694008,0.9345547286129057,0.10141481343451372,-0.12516934648050904,0.2582392821007329,Accept,"Gender, Age, ProgVar",1.2013426481293517,0.10141481343451372,-0.08382763899449236,0.3003289304537281,Accept,1.3528167518910212,Reject,Accept,0.54326499384804
0.5244293117977966,0.9443158971227016,0.014723842516014227,-0.13738529257447613,0.23075019440257896,Accept,"Gender, Age, ProgVar",1.2929529633303445,0.014723842516014227,-0.15251670452413102,0.19244416334468473,Accept,1.385342658926581,Reject,Accept,0.5757013774011304
0.6907822459732639,0.9923268967970502,0.06666290769545055,-0.1803749255338174,0.30444559651491926,Accept,"Gender, Age, ProgVar",1.3476736759491477,0.06666290769545055,-0.16830914222108137,0.3185135835306312,Accept,1.2895745525263898,Accept,Accept,0.4207049070383137
0.7992575057334196,0.9989423994108987,-0.04852565907900752,-0.28168778528323385,0.13158596450436888,Accept,"Gender, Age, ProgVar",1.5314442278246818,-0.04852565907900752,-0.25158066987614025,0.15666161600937636,Accept,1.5279047280070817,Accept,Accept,0.698775341563877
0.5305480611657079,0.9360790915966414,0.11528687135939958,-0.08817318972149332,0.33145130672037587,Accept,"Gender, Age, ProgVar",1.3157341571393968,0.11528687135939958,-0.1085074881096272,0.3325012432910751,Accept,1.2855255522078874,Reject,Reject,1.2237516060505904
0.6244365911261165,0.9461426528586574,0.12097587393758562,-0.03990132968093568,0.36164621215515225,Accept,"Gender, Age, ProgVar",1.4910256314757007,0.12097587393758562,-0.0750823024554042,0.30315620519548925,Accept,1.209206309704389,Reject,Accept,0.8880828223433793
0.9468289758732553,1.006805342643139,0.07491395817358291,-0.1806346027282297,0.290853062768123,Accept,"Gender, Age, ProgVar",1.4616094555824837,0.07491395817358291,-0.15464115116195115,0.3183231658275232,Accept,1.4506931424556542,Accept,Accept,0.3877506346546743
0.638008636236216,1.010135486031922,0.008478716858655472,-0.18330118796540879,0.23380979389100714,Accept,"Gender, Age, ProgVar",1.1701294002140386,0.008478716858655472,-0.19353559113320906,0.21451107964541521,Accept,1.1603731258853616,Reject,Accept,0.7900923491430123
0.5730484884877574,0.9724077957368625,0.13675515123444484,-0.16684745489305547,0.3148732938109271,Accept,"Gender, Age, ProgVar",1.1622608247480564,0.13675515123444484,-0.09311271962276718,0.3718810882441411,Accept,1.2946802918413391,Accept,Accept,0.4198379464140846
0.6899216670638362,0.9470371480616158,0.05714866715958402,-0.19237077886239975,0.313678167318066,Accept,"Gender, Age, ProgVar",1.6647957339392925,0.05714866715958402,-0.2125620356209762,0.3049545943317603,Accept,1.6813254449338983,Reject,Accept,0.7190782389937396
0.5372005795639977,0.9723091914727287,0.08867961722032464,-0.1415010414540474,0.3226697873424347,Accept,"Gender, Age, ProgVar",1.3713555809266216,0.08867961722032464,-0.14321302686370302,0.3360017530617712,Accept,1.409408833572627,Reject,Accept,0.5337885483274383
0.16274926245934737,0.799931486457839,0.32551952512095855,0.1532924061928262,0.5799897859634446,Reject,"Gender, Age, ProgVar",1.5937235709120845,0.32551952512095855,0.11574222640854616,0.5420375960827983,Reject,1.5239728593896718,Reject,Accept,0.5174229943754223
0.3892647195600893,0.8929418066822087,0.24272162399355576,0.02013321582779494,0.47672270657831384,Reject,"Gender, Age, ProgVar",1.3904377370878374,0.24272162399355576,0.007037480114663613,0.4775680881151838,Reject,1.4745688379435384,Reject,Accept,0.8225508439305469
0.5790921585109764,0.8331248842850753,0.3001110496441363,0.03755238976268109,0.5056744750042955,Reject,"Gender, Age, ProgVar",1.1785805944712626,0.3001110496441363,0.06562363821640652,0.5342244432100648,Reject,1.326652527797298,Accept,Accept,0.22987916777014905
0.5932887627197925,0.983795575420768,0.1267019622699598,-0.12234602202594194,0.35879911099333034,Accept,"Gender, Age, ProgVar",1.383604555507977,0.1267019622699598,-0.11524959410651407,0.3599604775439964,Accept,1.5166424113359458,Accept,Reject,1.1900760122740066
0.734737007588842,0.9457810091471145,0.09124749455210102,-0.10590650141791924,0.2513208748523438,Accept,"Gender, Age, ProgVar",1.4704392999788423,0.09124749455210102,-0.07152514837379993,0.2726607660852549,Accept,1.2357279509562362,Reject,Accept,0.5260400891367738
0.1422172788316343,0.8582058611383195,0.34990231775489367,0.12595379654515915,0.5447972363245543,Reject,"Gender, Age, ProgVar",1.288765556950856,0.34990231775489367,0.14216861704095937,0.557050014306543,Reject,1.3212408323505398,Reject,Reject,1.1028755530373582
0.5836861775304231,0.9262408667408876,0.12309797498040088,-0.07945600078448431,0.34117447268575407,Accept,"Gender, Age, ProgVar",1.2063954601726372,0.12309797498040088,-0.08222503883963891,0.318734269941376,Accept,1.2242463856121448,Accept,Accept,0.8197577502927668
0.534133806291737,0.8658756806468618,0.14528370219483852,-0.09405234440760911,0.3535835269767,Accept,"Gender, Age, ProgVar",1.3598384989759429,0.14528370219483852,-0.08583301317927906,0.36694416756119885,Accept,1.1967376670014727,Reject,Accept,0.6528922413033578
0.4463582025522752,0.9978214309318846,0.08573714173946054,-0.10910525096410374,0.31523170165667225,Accept,"Gender, Age, ProgVar",1.224718416099945,0.08573714173946054,-0.1162402546908812,0.3025971462166128,Accept,1.155106400871897,Accept,Accept,0.7026759286524676
0.3865099482038278,0.9709310048177824,0.30027341881782615,0.052458509318996094,0.5277631029147227,Reject,"Gender, Age, ProgVar",1.3378811521223672,0.30027341881782615,0.060049286535845854,0.5558516436175743,Reject,1.2774348823802102,Reject,Accept,0.42410912187590155
0.5758680558165707,0.9077552155236159,0.17978693364233836,-0.036610978063606435,0.4401833075369648,Accept,"Gender, Age, ProgVar",1.2564232027590438,0.17978693364233836,-0.054653089969304264,0.4283953578976695,Accept,1.2201346142705456,Reject,Accept,0.596390616523536
0.6687000535370959,0.9514859307212763,0.016088282353126687,-0.17486407602461468,0.20539965218512982,Accept,"Gender, Age, ProgVar",1.116025720077555,0.016088282353126687,-0.18433091187871314,0.21862956492772043,Accept,1.236172188703654,Accept,Accept,0.3927264405228684
0.5334095799080804,0.9728165987738746,0.046472027311977276,-0.16630838518930083,0.3431692276807266,Accept,"Gender, Age, ProgVar",1.4721492132378813,0.046472027311977276,-0.2089245804332569,0.30228900280609167,Accept,1.3900335180477137,Accept,Accept,0.6297405570870207
0.6027622522708294,0.9041686317341493,0.10898777396890015,-0.18021493170333777,0.4262494474209135,Accept,"Gender, Age, ProgVar",1.5278674072766996,0.10898777396890015,-0.18785569608426578,0.41841817762374023,Accept,1.487267754542054,Reject,Reject,1.0563056999634362
0.4039620725701247,0.9234540099375812,0.1388107088218268,-0.04424246555539747,0.40381153024464794,Accept,"Gender, Age, ProgVar",1.6678759572320765,0.1388107088218268,-0.0840051220040124,0.3433803564387068,Accept,1.4152816663916292,Reject,Reject,1.259342479236548
0.5779774291909987,0.9301244723822558,0.15394338550554945,-0.04748078181189645,0.365670195114016,Accept,"Gender, Age, ProgVar",1.55918530949537,0.15394338550554945,-0.05992757613394565,0.35813643395638933,Accept,1.4621140517103874,Accept,Accept,0.4575748340938066
0.4738981746306512,0.9224662228791579,0.09108446742377521,-0.09949647153543648,0.28707852165768566,Accept,"Gender, Age, ProgVar",1.2616638384717356,0.09108446742377521,-0.10123012281671935,0.28799100403539135,Accept,1.2870474439416777,Accept,Accept,0.5875883050602854
0.5317212920708442,0.8730151662846631,0.13035414686620667,-0.09356013803327497,0.3789171516330122,Accept,"Gender, Age, ProgVar",1.4464893470420623,0.13035414686620667,-0.11195535763467919,0.38393922082337584,Accept,1.5724633793582479,Accept,Accept,0.4227942627148702
0.6202650034169145,0.9122804331549919,0.10973607848790147,-0.07352291302789946,0.313150874968323,Accept,"Gender, Age, ProgVar",1.618991036883085,0.10973607848790147,-0.09971020914896891,0.3014106603850588,Accept,1.6761814315400776,Reject,Accept,0.26591623175498996
0.6118160664244494,0.996876111530526,0.04777772002411544,-0.1866177770792031,0.19146821769424513,Accept,"Gender, Age, ProgVar",1.0710693121039163,0.04777772002411544,-0.13116935311539046,0.21838571889626907,Accept,1.3447883067426116,Reject,Reject,1.1685128929944621
0.5196703736133235,0.9387633837691343,0.0858139289849519,-0.09731585561604976,0.3271665836090485,Accept,"Gender, Age, ProgVar",1.5830952927275375,0.0858139289849519,-0.1329870351566887,0.3114993494620424,Accept,1.4736507598319586,Accept,Accept,0.3183060914378015
0.8002675435589266,1.072734783455834,-0.14447991292117057,-0.35821956593532567,0.04967953543273264,Accept,"Gender, Age, ProgVar",1.0799275000752646,-0.14447991292117057,-0.3539436938821115,0.0468828744622983,Accept,1.2160863876559536,Accept,Accept,0.3600834336585095
0.6149679608843432,0.9591029269347071,0.06917694149996167,-0.12362569253729276,0.30710064479438326,Accept,"Gender, Age, ProgVar",1.1198814926536518,0.06917694149996167,-0.1446538354967281,0.2888804728463516,Accept,1.4019626352875851,Accept,Reject,1.0353965482917817
0.2824050230251113,0.7756634742733399,0.33084446951432633,0.14250764349230677,0.5394697242515211,Reject,"Gender, Age, ProgVar",1.5566944902197082,0.33084446951432633,0.13136222926596228,0.5383126653514938,Reject,1.4668035393799002,Reject,Accept,0.9125234952614105
0.8039807285365543,1.0037924897690989,-0.024622768596149147,-0.20994117134850582,0.1505804053696705,Accept,"Gender, Age, ProgVar",1.5518775614326603,-0.024622768596149147,-0.2004199661839512,0.1746961321433422,Accept,1.6647160364201565,Accept,Accept,0.8608127752175632
0.4746081669282888,0.9662030167565069,0.15214002923919165,-0.08045606899506041,0.3264365764521193,Accept,"Gender, Age, ProgVar",1.460731768227651,0.15214002923919165,-0.0502180599040608,0.3341484265604272,Accept,1.3617587666621642,Accept,Accept,0.31629473931201385
0.3210051451291999,0.9090189253261554,0.18080993105946044,-0.011962580434535151,0.34545535511774905,Accept,"Gender, Age, ProgVar",1.1500433074598735,0.18080993105946044,0.001804085619673438,0.3592297226089657,Reject,1.2004194746506012,Reject,Accept,0.6506430277664443
0.4593614310714934,0.8923327469987682,0.08894746588288045,-0.11804423950811105,0.2678537300447891,Accept,"Gender, Age, ProgVar",1.1699364280327031,0.08894746588288045,-0.0994730053024053,0.28040135354304113,Accept,1.2613923354103311,Reject,Accept,0.3928774387704375
0.6858521975162941,0.9681780258122322,0.11696541766615616,-0.06598342712055143,0.32686081966442726,Accept,"Gender, Age, ProgVar",1.2444408585002062,0.11696541766615616,-0.09270808450808005,0.3154290020166785,Accept,1.3555436915272667,Reject,Accept,0.6147658683369829
0.6830647062567461,0.962449125168885,0.13991460918342252,-0.09519223415457151,0.30475069636579843,Accept,"Gender, Age, ProgVar",1.0369456270148154,0.13991460918342252,-0.06832385444736078,0.32533348127857387,Accept,1.121297570721218,Accept,Accept,0.837259757587004
0.15531293835114982,0.8461525160270894,0.2964279469653705,0.09356807568349029,0.505004028013081,Reject,"Gender, Age, ProgVar",1.540324222129428,0.2964279469653705,0.08226402259992854,0.5137456064415851,Reject,1.3881473105708424,Reject,Accept,0.5637205705755104
0.19095527472648782,0.8732813690646222,0.341612760244034,0.18893912843404279,0.5320755862457611,Reject,"Gender, Age, ProgVar",0.9498510300643751,0.341612760244034,0.17651184362030678,0.5230980563501,Reject,1.0634985275800102,Reject,Accept,0.6837126819779281
0.5624364107136941,0.9657032657183202,0.1077624426632232,-0.09714744232756876,0.3380532148902503,Accept,"Gender, Age, ProgVar",1.1131177584349181,0.1077624426632232,-0.1159052970882512,0.3430983297056604,Accept,1.0689815272144658,Accept,Accept,0.3800830338782851
0.7630542410404095,1.0104507071292914,-0.009680716976094173,-0.23674600013783448,0.15237839857918464,Accept,"Gender, Age, ProgVar",1.6023815710939646,-0.009680716976094173,-0.2085443458237399,0.19382551331708625,Accept,1.4445233072098218,Accept,Accept,0.21264538204959157
0.6657692752018535,1.07245293398105,0.02151585889316923,-0.28421929541105206,0.25960266671844356,Accept,"Gender, Age, ProgVar",1.4102956630395642,0.02151585889316923,-0.2561174370610739,0.29345270294173226,Accept,1.2224667529775735,Reject,Accept,0.5440627154233691
0.4700058326207137,0.8435951273954174,0.1924473138818438,0.019701874030728372,0.3723725630976874,Reject,"Gender, Age, ProgVar",1.2191704752906434,0.1924473138818438,-6.366063676227014e-4,0.36109738818275977,Accept,1.2912521306176798,Accept,Accept,0.827247535495076
0.49505228550599545,0.9144124780536532,0.08685160381681992,-0.0989211245519774,0.3356355798602755,Accept,"Gender, Age, ProgVar",1.110316575587383,0.08685160381681992,-0.1365092251318108,0.2927114140271572,Accept,1.207322883114254,Accept,Accept,0.21724030055965105
0.41273238267200485,0.9076545857498041,0.1342584756071054,-0.05617820020838443,0.40866941631352416,Accept,"Gender, Age, ProgVar",1.4992662892666766,0.1342584756071054,-0.12499600308948282,0.36685735553348786,Accept,1.452735163032917,Accept,Accept,0.6327821339910779
0.6132132305433035,1.0133180974309333,0.09979841790894936,-0.11059032862429813,0.37839234909470726,Accept,"Gender, Age, ProgVar",1.423441217013294,0.09979841790894936,-0.16166104991893307,0.3548935474060902,Accept,1.5397637002837197,Reject,Reject,1.0792133859371906
0.9233569011831992,1.0087153034210363,-0.07980097243287641,-0.3395153077132069,0.14456807723466183,Accept,"Gender, Age, ProgVar",1.562991354313269,-0.07980097243287641,-0.3394129522929623,0.18096495820908187,Accept,1.5303993529301478,Accept,Accept,0.8585248460447654
0.7265989374877724,0.9317210433782764,0.1021516994341718,-0.0907235212278234,0.24857017030890566,Accept,"Gender, Age, ProgVar",1.415075560289466,0.1021516994341718,-0.0663154753511103,0.2542110334454831,Accept,1.1795515161217214,Reject,Accept,0.7848786818912759
0.7073671736028859,0.8833139526743196,0.13148456154363236,-0.10641705433601747,0.3388387889120328,Accept,"Gender, Age, ProgVar",1.6591136143422514,0.13148456154363236,-0.1104836310109683,0.36311067798784324,Accept,1.8574692707163738,Reject,Accept,0.6854468224700122
0.5373771092503288,0.83611556250713,0.20941155642339102,0.0208051813741474,0.38080237792476607,Reject,"Gender, Age, ProgVar",1.7408604656760907,0.20941155642339102,0.02284591850498502,0.4031605591577662,Reject,1.6455383517066422,Accept,Reject,1.1932658228067525
0.5019450039925042,0.9056963465113327,0.10364736611122258,-0.08134745301558141,0.30347833393835044,Accept,"Gender, Age, ProgVar",1.268976805483786,0.10364736611122258,-0.09159188763147184,0.28823433810029914,Accept,1.2340032956402218,Reject,Accept,0.8623364592392594
0.6747489051222376,1.0711092043197357,0.052475800936378623,-0.17407486238050743,0.3170182843474916,Accept,"Gender, Age, ProgVar",1.3914233167013605,0.052475800936378623,-0.21105740685780064,0.2978746621821259,Accept,1.3871403649461633,Accept,Accept,0.22587499859954258
0.6395943114836973,0.9516851529058417,0.13201496313265187,-0.1148126154762621,0.3268683489755598,Accept,"Gender, Age, ProgVar",1.31634304110782,0.13201496313265187,-0.10681700290617685,0.3674122086761869,Accept,1.3997384531921457,Accept,Accept,0.25930802341839093
0.6385881783996252,1.0062966076248838,0.09844208301769276,-0.11433501198847675,0.32335263271928344,Accept,"Gender, Age, ProgVar",1.3222277381444607,0.09844208301769276,-0.09593494122126164,0.29077093108983476,Accept,1.3428210138414138,Reject,Accept,0.6166185896385256
0.7481053444566363,0.9310495318820949,0.08940057359292207,-0.09938777627364462,0.31870008016010465,Accept,"Gender, Age, ProgVar",1.4722746681497885,0.08940057359292207,-0.13692432736542848,0.29475010096503795,Accept,1.4803861113243062,Accept,Accept,0.23838907298121043
0.4152721315041155,0.8599102542232195,0.09691705093702635,-0.10252067073637416,0.3924801565070174,Accept,"Gender, Age, ProgVar",1.3389693930052196,0.09691705093702635,-0.1716621122565721,0.34364140588864384,Accept,1.3075893935221052,Accept,Reject,0.9908253940340247
0.89845916466947,1.0108059158216074,0.05760650266389936,-0.1870297869784667,0.24140095127248257,Accept,"Gender, Age, ProgVar",1.3307480507391356,0.05760650266389936,-0.16287106608473215,0.2697964369268053,Accept,1.4405607058914578,Accept,Accept,0.47472385796084315
0.8449685561482719,0.9303053015332202,0.042304504171330644,-0.14200906853969797,0.18757953378795014,Accept,"Gender, Age, ProgVar",1.3375894790469294,0.042304504171330644,-0.131888102479201,0.21809674094715653,Accept,1.302487666451247,Accept,Accept,0.7123508470667154
0.6147000659100439,0.9591882798299602,0.09833354427952654,-0.12504032381518487,0.36905091565074405,Accept,"Gender, Age, ProgVar",1.4586650971451516,0.09833354427952654,-0.13431241848329384,0.3449997907293676,Accept,1.6217092407070204,Reject,Accept,0.7974781103501523
0.18163983971661943,0.7688888624238425,0.37267743738924497,0.13867647734686547,0.6334421156696962,Reject,"Gender, Age, ProgVar",1.2150385354308373,0.37267743738924497,0.13580336015341055,0.6071648811936161,Reject,1.5053147129072022,Reject,Accept,0.9146027252114078
0.6195568992400317,0.9341416620900033,0.1389854259202394,-0.03737256433906259,0.3863648474319468,Accept,"Gender, Age, ProgVar",1.3447105904330785,0.1389854259202394,-0.08663736558889647,0.3563812940484335,Accept,1.6479200829600709,Reject,Accept,0.19781139717489465
0.5963053850888956,1.0321220770204445,0.05157233624301694,-0.16137051400683694,0.29667866520831276,Accept,"Gender, Age, ProgVar",1.1172504344220073,0.05157233624301694,-0.1601315763613004,0.282174354147456,Accept,1.232800589996145,Reject,Accept,1.1917176397809228
0.6220643408760931,0.9160120691313974,0.20075929859648486,-0.10277793686563297,0.48638312806128503,Accept,"Gender, Age, ProgVar",1.3571173968491081,0.20075929859648486,-0.07621017785062337,0.49434562682687005,Accept,1.6185052637415043,Reject,Accept,0.1976681292330184
0.5986764740692432,0.9678757036766485,0.11677390725096891,-0.08297674507548597,0.32931341651543816,Accept,"Gender, Age, ProgVar",1.221490220369264,0.11677390725096891,-0.10016605269650619,0.3200924837642914,Accept,1.1646124875424109,Reject,Accept,0.5749009176400199
0.7649241657220657,0.9083006545962121,0.05966709556149778,-0.14249942347654637,0.2138960721787678,Accept,"Gender, Age, ProgVar",1.4185619190912118,0.05966709556149778,-0.1226664815941558,0.22859946225242805,Accept,1.4062537065544383,Reject,Accept,0.5200873126534352
0.7249459809234489,1.0048680058016088,0.09157419372665052,-0.11614982565140386,0.29738814052129614,Accept,"Gender, Age, ProgVar",1.4948940464986271,0.09157419372665052,-0.10943964886693894,0.28610798938232784,Accept,1.2737764136412475,Accept,Reject,1.2306073091524254
0.7021835848744667,1.0226424360852566,0.019703221186176397,-0.24211458007278863,0.25141889904923664,Accept,"Gender, Age, ProgVar",1.4921685355122105,0.019703221186176397,-0.22625849123773037,0.2841208291395618,Accept,1.4771423832716222,Accept,Accept,0.4425033430803323
0.6601491302335509,0.8478432139525862,0.19239809838714733,0.009742637065520247,0.3797017346762215,Reject,"Gender, Age, ProgVar",1.5350770330418293,0.19239809838714733,0.015826416970648363,0.36859889630659437,Reject,1.4778910439776007,Reject,Accept,0.9889020036740649
0.5708758519383326,0.9900192829840525,0.1600859663560475,-0.07808634789760396,0.35561920430466953,Accept,"Gender, Age, ProgVar",1.3005323614141404,0.1600859663560475,-0.03744547565684198,0.36407650191957386,Accept,1.192013718671345,Reject,Accept,0.40622918908004385
0.6163510296725206,0.9740710816274554,0.04708401295395783,-0.1801810519876402,0.23322191058002123,Accept,"Gender, Age, ProgVar",1.4590080234846352,0.04708401295395783,-0.17803147176646655,0.25732544968653603,Accept,1.4002935400056011,Reject,Accept,0.5893646505970314
0.7211087462685788,1.0139687036639735,0.05485761984830189,-0.18067987502989957,0.2676633667282682,Accept,"Gender, Age, ProgVar",1.4638768445129782,0.05485761984830189,-0.1947375720052568,0.27546202281403076,Accept,1.3846938181898134,Reject,Accept,0.725208220530627
0.3917779265984232,0.8539575982702914,0.16303875079058217,0.0021195895825542503,0.4036363554802884,Reject,"Gender, Age, ProgVar",1.1943722745314926,0.16303875079058217,-0.029761787820118252,0.3581392033573069,Accept,1.3020728973633575,Reject,Accept,0.6720239116236322
0.8331704495702708,1.0101292820545724,-0.07975742019903755,-0.1942734817639037,0.1145486463916229,Accept,"Gender, Age, ProgVar",1.2624962717922599,-0.07975742019903755,-0.2416170670537502,0.08434133198421266,Accept,1.4439774939309817,Accept,Accept,0.09370296023482086
0.4927666238511766,0.9237421085128441,0.19600087632711907,-0.053753431761600225,0.3474438927382926,Accept,"Gender, Age, ProgVar",1.190092010874891,0.19600087632711907,-0.004426144561116591,0.398249282627876,Accept,1.2607648490882402,Accept,Accept,0.9331116174762614
0.6555355619192591,0.9875044901772063,0.08891306842294415,-0.10125216210277488,0.27307821101494884,Accept,"Gender, Age, ProgVar",1.5080691870896643,0.08891306842294415,-0.09957697104399754,0.2702108920361939,Accept,1.5091903852273734,Accept,Accept,0.3873251296786787
0.5394303431424676,0.9186488616767565,0.22916062667991338,0.038300835127775254,0.40682852170941075,Reject,"Gender, Age, ProgVar",1.2463410062359448,0.22916062667991338,0.042519429742859015,0.4141567773331616,Reject,0.9683708056610897,Reject,Accept,0.5515648476242329
0.40902896973500535,0.9019864277900357,0.17694634902949993,-0.026161800389046454,0.3864678071458997,Accept,"Gender, Age, ProgVar",1.1534645999398707,0.17694634902949993,-0.028259089043025813,0.395769868307598,Accept,1.3119503628725573,Reject,Accept,0.33937511772408013
0.40807297378843066,0.9003144185325787,0.08229226352734706,-0.07611388490717379,0.3272202327039635,Accept,"Gender, Age, ProgVar",1.2241860362381416,0.08229226352734706,-0.11325017215586479,0.28302289404625647,Accept,1.104266825235457,Reject,Accept,0.3375823369649488
0.8834032168269427,0.9692525261295382,0.024699064670121007,-0.23835922024044906,0.2639331226860961,Accept,"Gender, Age, ProgVar",1.6820822427645696,0.024699064670121007,-0.2305696640989123,0.28463930315335595,Accept,1.4586743503366444,Reject,Accept,1.0920422621593864
0.5401347554710877,0.8666929287649231,0.21017548144607273,0.05816997734947375,0.397846193073919,Reject,"Gender, Age, ProgVar",1.1325004125220393,0.21017548144607273,0.028699547020817475,0.36846319027972446,Reject,1.3206832881594652,Reject,Accept,0.42262837198100317
0.3509029646039335,0.9300833701503931,0.18489169689356955,0.02888248079868734,0.35773852241152904,Reject,"Gender, Age, ProgVar",1.0652963115095955,0.18489169689356955,0.01368991557188335,0.3543676331250819,Reject,1.177031367070697,Reject,Accept,0.5029760924369894
0.5526943978687997,0.9667528160828754,0.06436773183091943,-0.11266852243480852,0.2596079399638794,Accept,"Gender, Age, ProgVar",1.4969394847542583,0.06436773183091943,-0.13247063354300098,0.24391344972976398,Accept,1.3030677961241393,Accept,Reject,1.1584338080963632
0.3596738213548939,0.9004782453602767,0.3404258247251304,0.019229869743308925,0.5205578815596548,Reject,"Gender, Age, ProgVar",1.150128160652386,0.3404258247251304,0.09657035341787654,0.6018085892291192,Reject,1.3285307920613372,Reject,Accept,0.6703425170730923
0.51611153277861,0.8919316386299266,0.178487815131685,-0.011540849163609382,0.3768343095678772,Accept,"Gender, Age, ProgVar",1.5884606219700907,0.178487815131685,-0.019550430310406073,0.3776123519140886,Accept,1.4285864985670609,Accept,Accept,0.09078382921675206
0.6814659192109266,1.0294242953851023,0.12037638404821738,-0.13280880808114381,0.41026686759240044,Accept,"Gender, Age, ProgVar",1.4458616748299584,0.12037638404821738,-0.14142990931381583,0.38325663753750483,Accept,1.4538229399130316,Reject,Accept,0.47572229317083153
0.8387236487241889,1.0169399362108706,-0.01656686481415363,-0.2462123358887197,0.14374760843632556,Accept,"Gender, Age, ProgVar",1.3515562288900786,-0.01656686481415363,-0.20873024759785158,0.19720079902698023,Accept,1.45217727525613,Accept,Accept,0.8583009387754498
0.8621164134306096,1.0664456329773264,-0.12142349540709726,-0.3298456434979453,0.09645374576748927,Accept,"Gender, Age, ProgVar",1.1178333530165498,-0.12142349540709726,-0.3281070255540585,0.08504458606708985,Accept,1.1428693500559328,Accept,Accept,0.9574138737640904
0.6986533547007239,0.9124357233846582,0.12240084551846811,-0.06498201787135462,0.29854289280280577,Accept,"Gender, Age, ProgVar",1.2367788072855468,0.12240084551846811,-0.05665303137675676,0.289140230452897,Accept,1.3625340552856782,Reject,Accept,0.852902499175992
0.48346386871422775,0.7836483508136171,0.24686528457158366,0.024434799693795417,0.5181052290543731,Reject,"Gender, Age, ProgVar",1.334267749906181,0.24686528457158366,-0.021480739802169045,0.4879877650030344,Accept,1.445184259507029,Reject,Accept,0.20662846494937315
0.42168603780007957,0.9924875755355722,0.061106243683781696,-0.17985115874064111,0.25625302914472264,Accept,"Gender, Age, ProgVar",1.1754629680178343,0.061106243683781696,-0.163289373071001,0.26534464002840785,Accept,1.2795592855510387,Reject,Accept,0.698633673980984
0.8296301504848621,1.0600484409666584,-0.09149936735098861,-0.3486345549242508,0.11684767838494589,Accept,"Gender, Age, ProgVar",1.466084548687647,-0.09149936735098861,-0.3253262498194285,0.1487012439456875,Accept,1.3525151217755522,Accept,Accept,0.6773746425454669
0.4083577821449392,0.9579970662674842,0.2029019211238349,-0.009578598772600186,0.4492918335465838,Accept,"Gender, Age, ProgVar",1.4061797754628136,0.2029019211238349,-0.03642294472156338,0.4429428160709001,Accept,1.4681720906716829,Reject,Accept,0.7035859671539286
0.2544736274348976,0.78270440851963,0.3574197658556839,0.1578376914179568,0.6133359004106808,Reject,"Gender, Age, ProgVar",1.2786691341210956,0.3574197658556839,0.11542788973928807,0.6162808329769888,Reject,1.3619479138591952,Reject,Accept,0.32346239984663067
0.3299178817572931,0.8001719126629061,0.23412920591537056,0.0647917086138092,0.44885361682639136,Reject,"Gender, Age, ProgVar",1.2848103862490885,0.23412920591537056,0.03214033071281703,0.43782878524423424,Reject,1.1609297058057837,Reject,Accept,0.5138826785252248
-0.06837301531155901,0.8216839132336806,0.5066520340975466,0.24151203322881604,0.7623846664594087,Reject,"Gender, Age, ProgVar",1.1264588697638824,0.5066520340975466,0.27436412090402984,0.7656006484116744,Reject,1.254543171436395,Reject,Accept,0.7058018073710579
0.647226037528418,0.912459890805506,0.08920760542374098,-0.1015780380375332,0.3321221458865602,Accept,"Gender, Age, ProgVar",1.5019961304226481,0.08920760542374098,-0.1415727689588537,0.3172449297944347,Accept,1.2907753153697425,Accept,Reject,1.0718464269965209
0.5784881285555891,0.9263230869437467,0.14512318945114422,-0.09339990842463491,0.32706567968699185,Accept,"Gender, Age, ProgVar",1.1134318825453633,0.14512318945114422,-0.06600419172136494,0.35906762567996175,Accept,1.212278432739894,Reject,Accept,0.49266626391172186
0.6175549316840437,1.0206813646755883,-0.005288002374378828,-0.22467642833804985,0.17600881701782933,Accept,"Gender, Age, ProgVar",1.5499542705229834,-0.005288002374378828,-0.21267005307556974,0.20470986185818452,Accept,1.4012669818588324,Accept,Accept,0.7640477352055652
0.4620692231213765,0.831936763568125,0.1963561574013344,0.012539224668144212,0.36777682190065586,Reject,"Gender, Age, ProgVar",1.408171000941199,0.1963561574013344,0.016790477308693298,0.3750081488346035,Reject,1.3735545381212444,Reject,Accept,0.6705863659186027
0.7210590022194979,0.9930841673805062,0.04323001968469644,-0.18184628013050824,0.2724583110717056,Accept,"Gender, Age, ProgVar",1.597616368427609,0.04323001968469644,-0.19505755891895696,0.2658304652269568,Accept,1.479515833919261,Reject,Accept,0.8903285480853068
0.6709314761938407,1.0046558105437497,0.006792053781035272,-0.19062043964308295,0.21931527808999282,Accept,"Gender, Age, ProgVar",1.289347496094311,0.006792053781035272,-0.19190552699106914,0.21738523267145785,Accept,1.4306973646270726,Reject,Reject,1.153886319460004
0.37866377949137686,0.91837884467256,0.21149932165636864,0.0046770807793757585,0.4216814061882599,Reject,"Gender, Age, ProgVar",1.3053978094520406,0.21149932165636864,-0.006006992334541265,0.4272361838812918,Accept,1.3554485859144783,Reject,Accept,0.44464528315869817
0.397299640558375,0.8399623605374218,0.2060922952659531,0.05510922462589276,0.4711265642535731,Reject,"Gender, Age, ProgVar",1.1912503490308861,0.2060922952659531,0.0133066439539913,0.41368490894317345,Reject,1.3885420958199635,Reject,Accept,0.32000267888324213
0.6217541005014459,0.9089045282363678,0.10240755460629519,-0.06871863718647801,0.3902266354354442,Accept,"Gender, Age, ProgVar",1.0788507640387908,0.10240755460629519,-0.12599065566063594,0.3144058645605778,Accept,1.3251901773622197,Reject,Accept,0.9675111156403349
0.31698495910783125,0.9068430479805778,0.1691908544519821,-0.01248726049251428,0.5188682320444529,Accept,"Gender, Age, ProgVar",1.41017147486701,0.1691908544519821,-0.0924039745343864,0.44189373508362173,Accept,1.1678891017070885,Reject,Accept,0.5848937606056469
0.2618050723107461,0.7842902808141269,0.336244829252607,0.10685775742021597,0.6541935652908584,Reject,"Age, ProgVar",1.1913202155432636,0.336244829252607,0.08477747548026289,0.5774169762991733,Reject,1.2059490871014178,Reject,Accept,0.7057602093693159
0.6289949891868555,0.8626604992632201,0.21831043138017847,-0.02594364309237759,0.38034582337116424,Accept,"Gender, Age, ProgVar",1.3008896039655187,0.21831043138017847,0.016384860558204428,0.4248549613224162,Reject,1.2696190944456698,Reject,Reject,1.020841107308165
0.7091704348193993,0.9372907896583591,0.14522242268834198,-0.08697809089466446,0.31146674670300123,Accept,"Gender, Age, ProgVar",1.2471329884551912,0.14522242268834198,-0.043879083899648313,0.3346073776418603,Accept,1.403062852719583,Reject,Accept,0.5628900567921871
0.8177817032512461,1.0358850890702662,-0.14720342167846087,-0.43548289346448,0.10433092222771823,Accept,"Gender, Age, ProgVar",1.37453332984723,-0.14720342167846087,-0.43246844567441356,0.10069415066401664,Accept,1.4096027270892497,Accept,Accept,0.7134000882190852
0.7904208888301558,1.012541409985618,-0.03505363943340199,-0.2483562914571347,0.1890527295159832,Accept,"Gender, Age, ProgVar",1.130442433104332,-0.03505363943340199,-0.24299493310140324,0.17631802796377166,Accept,1.1939714981064653,Reject,Reject,1.0184953607855711
0.7872118636769068,0.9731445632029292,0.03828163911668753,-0.209357338530615,0.17536231994008203,Accept,"Gender, Age, ProgVar",1.186961250873405,0.03828163911668753,-0.14436613077780067,0.2359683195393411,Accept,1.245163366307111,Accept,Accept,1.1204743227504412
0.3274961079673966,0.87140224783568,0.21085534397736144,0.002804897098901568,0.429485903151854,Reject,"Gender, Age, ProgVar",1.5110303776901453,0.21085534397736144,-0.017073654075275044,0.40234699559549464,Accept,1.5384727452773215,Reject,Accept,0.8539020465394485
0.8491258557045099,1.0494993534216874,-0.047052673525151,-0.25946387386780556,0.1545248410995411,Accept,"Gender, Age, ProgVar",1.2971849684354657,-0.047052673525151,-0.24797186747670533,0.16343830768839096,Accept,1.2020516022064125,Reject,Accept,1.0776146253641734
0.5320192835018179,0.8713694114495076,0.11882194850074952,-0.07307606193119884,0.3382899825671787,Accept,"Gender, Age, ProgVar",1.376647557379491,0.11882194850074952,-0.07390692350486038,0.3159272867199922,Accept,1.5571761649526923,Reject,Accept,0.3698749553403977
0.4489847290992549,0.9747653153133335,0.13548671985159,-0.09466697140555477,0.32754624114247405,Accept,"Gender, Age, ProgVar",1.318351350668943,0.13548671985159,-0.07713393814998146,0.34220840588991785,Accept,1.3868482835666507,Accept,Accept,0.6159027594102184
0.36339631683876483,0.875398396866345,0.18468737563623594,-0.0108292891125174,0.4191798614263387,Accept,"Gender, Age, ProgVar",1.0705900288344594,0.18468737563623594,-0.04662941891374466,0.39532720424261114,Accept,1.1234013786600352,Reject,Accept,0.7591998200537312
0.4481699388159242,0.9290620882780372,0.09134845331453739,-0.11551415001397393,0.299861384570198,Accept,"Gender, Age, ProgVar",1.2442696270763667,0.09134845331453739,-0.12064995961965959,0.2963549080871727,Accept,1.3028751653880668,Accept,Accept,0.41243685857922346
0.4810628470682413,0.8906975613927313,0.15378225208330665,-0.055385185636135266,0.3628184617314078,Accept,"Gender, Age, ProgVar",1.3232547756168864,0.15378225208330665,-0.05407979525048181,0.3497099723460951,Accept,1.3870456701179694,Reject,Accept,0.6994491430013478
0.6221637795445342,0.9273817259553542,0.11446697076283861,-0.06661026457235719,0.32750943572160207,Accept,"Gender, Age, ProgVar",1.346105114642386,0.11446697076283861,-0.08099160760632751,0.31436302084144235,Accept,1.2909444703851531,Reject,Reject,1.008549308352685
0.45354213147625655,0.9557660041134574,0.0687113153898414,-0.09825025405804062,0.26202942523031647,Accept,"Gender, Age, ProgVar",1.5927958542512966,0.0687113153898414,-0.10782739466813858,0.25360955069014457,Accept,1.501844817768241,Accept,Accept,0.5100327560127249
0.7857680144864118,1.0232655381467746,-0.04979104952551615,-0.27089002622330666,0.1463732022419236,Accept,"Gender, Age, ProgVar",1.2207393192573528,-0.04979104952551615,-0.2648654398661453,0.1665979723067517,Accept,1.2315370079167065,Reject,Accept,0.35920526619535165
0.6952375552368265,0.9359065709226477,0.06290336345815936,-0.13777037780006607,0.28317613429925587,Accept,"Gender, Age, ProgVar",1.2144121457712795,0.06290336345815936,-0.14200590676676883,0.2633294157302515,Accept,1.1502860166709772,Accept,Accept,0.45752587974936276
0.8513014662963919,1.0051015694599124,-0.06454458492829716,-0.22641768877570656,0.17875114332307568,Accept,"Gender, Age, ProgVar",1.2756848928729003,-0.06454458492829716,-0.2618164465926779,0.13636192193972618,Accept,1.4769909879408012,Accept,Accept,0.7346979830133323
0.907394589948794,1.0239276221093685,-0.007129648565386822,-0.2114388873500324,0.24210717131159173,Accept,"Gender, Age, ProgVar",1.6739013831387544,-0.007129648565386822,-0.24961704268797008,0.23598527252211485,Accept,1.6950061345135585,Reject,Accept,0.3280347748122417
0.5988168446177561,0.8984416035760996,0.06878269350766228,-0.03422109778880721,0.30135004250769326,Accept,"Gender, Age, ProgVar",1.730020588075532,0.06878269350766228,-0.09677717353818417,0.2319952063778551,Accept,1.594634148283292,Reject,Accept,0.4930189518754434
0.09720506015735177,0.7756328693304411,0.4073555726624953,0.15939411033271733,0.6146681539052847,Reject,"Gender, Age, ProgVar",1.4447032931384831,0.4073555726624953,0.17117948538570735,0.6269327269590574,Reject,1.5067671577009518,Reject,Accept,0.23068331302143955
0.6948674443410114,0.890908971461506,0.18500192762690512,-0.0057755112693119205,0.3539747331223622,Accept,"Gender, Age, ProgVar",1.5305381152505577,0.18500192762690512,-0.0010817316858849346,0.37405697438032853,Accept,1.4520169472402065,Reject,Accept,0.3922499207144971
0.8593599992087048,0.9866082062334607,0.05769721332561509,-0.16758477355582846,0.24031018869104354,Accept,"Gender, Age, ProgVar",1.3780655334929772,0.05769721332561509,-0.14741719674688794,0.26462004329079936,Accept,1.5114261126179744,Accept,Reject,1.0928233967156875
0.5025329964026213,0.8802317497299523,0.12032940819563524,-0.10277932614471845,0.30684930650454606,Accept,"Gender, Age, ProgVar",1.302203984236147,0.12032940819563524,-0.08486113132116747,0.3239477074747737,Accept,1.3509946736349994,Reject,Accept,0.7176418345611385
0.38658017116559246,0.8583458463325713,0.18246311702501813,0.015786044443412167,0.4251562432573593,Reject,"Gender, Age, ProgVar",1.1678784468015673,0.18246311702501813,-0.02287079315892543,0.3759991674462175,Accept,1.2887824215940074,Reject,Accept,0.19536480486454155
0.6115276412276883,0.9311760715233321,0.1135436914247616,-0.0798955001468372,0.33050590466260377,Accept,"Gender, Age, ProgVar",1.4247787363029745,0.1135436914247616,-0.07832382533248847,0.3164305275838959,Accept,1.3744730862243022,Reject,Accept,0.6035588053422118
0.2503490162408976,0.8877274275577538,0.2433024843834401,-0.010147603524275559,0.47166221757833077,Accept,"Gender, Age, ProgVar",1.4900230296861283,0.2433024843834401,0.007115289925224588,0.4801228914914349,Reject,1.3781112590200093,Reject,Accept,0.4256019595529773
0.5014589435070375,0.9213149061568753,0.18457553648937094,-0.07878666803042543,0.4193357928959883,Accept,"Gender, Age, ProgVar",1.5014758224198377,0.18457553648937094,-0.08774764040840538,0.43583576596450324,Accept,1.395013938331848,Reject,Accept,0.35254678202804407
0.27766483832647565,0.8762203961427442,0.13901594566922795,-0.018612196515181614,0.35812404994519964,Accept,"Gender, Age, ProgVar",1.2279027026343414,0.13901594566922795,-0.036087039910588176,0.31742259835086534,Accept,1.1251436180771546,Reject,Accept,0.9492717367966617
0.6229398121917123,0.9385686839646651,0.13216139644793176,-0.1272537469545585,0.3206110762622364,Accept,"Gender, Age, ProgVar",1.6830291712515404,0.13216139644793176,-0.08733256177593166,0.3637778659850756,Accept,1.472181455843694,Reject,Accept,0.9431905432908712
0.25262471274880766,0.8630297369961836,0.20220109203826236,-0.005109702419227619,0.44060924646706656,Accept,"Gender, Age, ProgVar",1.1367823085490651,0.20220109203826236,-0.029298258246768988,0.4185198246540051,Accept,1.063954272807934,Reject,Accept,0.13550951131522143
0.46247487361467726,0.9552881450320945,0.06484978010893999,-0.14466641630485177,0.25730654821243903,Accept,"Gender, Age, ProgVar",1.1006563138646808,0.06484978010893999,-0.1353638931399373,0.2474596482892744,Accept,1.2623404215553382,Reject,Accept,0.9344439856424148
0.6413191733372225,1.044431831293662,-0.008761098818474729,-0.23404517855205031,0.18374083843030603,Accept,"Gender, Age, ProgVar",1.3951289283111696,-0.008761098818474729,-0.2140022961222544,0.18300263219482288,Accept,1.232223937332048,Accept,Accept,0.9421880873830589
0.2561985567453601,0.769988487542872,0.34526302855009194,0.08552734577472429,0.5077446345587835,Reject,"Gender, Age, ProgVar",1.2417077179117664,0.34526302855009194,0.14943696235345108,0.5418738302990539,Reject,1.1772636320131298,Reject,Accept,0.5836331979888291
0.6475603170279617,0.8962320205930463,0.14289588298587633,-0.037631634968162776,0.37964361430996796,Accept,"Gender, Age, ProgVar",1.310529863223347,0.14289588298587633,-0.07669195832581233,0.34895032813738225,Accept,1.4767340692711466,Reject,Accept,0.6554890387148803
0.14948994388863066,0.8121735843344341,0.35705389880471117,0.24089592373853075,0.6236165153979383,Reject,"Gender, Age, ProgVar",1.66045522942614,0.35705389880471117,0.17579406962330602,0.5387469022534089,Reject,1.9624753161863262,Accept,Accept,0.5647901087454368
0.7301326933948622,0.9730726247071461,0.0806154539840555,-0.09639028196828545,0.32689305350628123,Accept,"Gender, Age, ProgVar",1.24996464736633,0.0806154539840555,-0.13755716338866542,0.3037434550023694,Accept,1.4256856377683524,Reject,Accept,0.5075110731434415
0.6244068332465255,1.011466566335419,0.11491754576432123,-0.17143462490981337,0.38988205079531113,Accept,"Gender, Age, ProgVar",1.2936258477418567,0.11491754576432123,-0.14402433205066312,0.3837657584401044,Accept,1.373293197428754,Reject,Accept,0.5600187753848753
0.4751546450975602,0.891875354796097,0.12825131694376257,-0.03435090169066787,0.2853903308017492,Accept,"Gender, Age, ProgVar",1.2826365785224727,0.12825131694376257,-0.03311607868156778,0.2874322079051447,Accept,1.2501292958219918,Reject,Accept,0.9073100774500699
0.5887486105954403,1.0017204442026728,0.11469211282988342,-0.09286371056993843,0.2771024433661438,Accept,"Gender, Age, ProgVar",1.1845321839436478,0.11469211282988342,-0.06235188085113426,0.30637737895986455,Accept,1.3539430997851079,Reject,Accept,0.5177560723344936
0.7631195731385048,0.9836319110061047,0.023331649624649724,-0.17214183151454565,0.19708865134599463,Accept,"Gender, Age, ProgVar",1.4580923445961187,0.023331649624649724,-0.1531846317425682,0.20850823995315274,Accept,1.589915006251099,Reject,Accept,0.9371278012622887
0.44912589793649477,0.9158921429173781,0.12864938286618652,-0.11581033078688813,0.39130977145296564,Accept,"Gender, Age, ProgVar",1.1211889725929267,0.12864938286618652,-0.10961347121543102,0.3829289453127319,Accept,1.1039670794457697,Reject,Reject,0.9974712282616292
0.5037934519683567,0.928228296824339,0.16918997087920692,-0.03618030058946621,0.3409814390820608,Accept,"Gender, Age, ProgVar",1.3896241978242296,0.16918997087920692,-0.010147881820660537,0.34955059565403285,Accept,1.374824656061508,Reject,Accept,0.6915271472538764
0.5803360756757645,0.9189974736600472,0.13932770476248563,-0.04394207478512091,0.3173609546774816,Accept,"Gender, Age, ProgVar",1.6189503793079427,0.13932770476248563,-0.04718428641415725,0.31966123487498205,Accept,1.4774178325098979,Reject,Accept,1.0458749417151125
0.6304853015129891,0.9469933119015563,0.12271483506721274,-0.08092344129266077,0.27705743048265913,Accept,"Gender, Age, ProgVar",1.2715225388008051,0.12271483506721274,-0.06666945349897693,0.2971242443322981,Accept,1.176897814068855,Reject,Accept,0.7126239190646151
0.6727140946001361,0.9613423689353621,0.04079743079328558,-0.1876070612197353,0.25022228057896484,Accept,"Gender, Age, ProgVar",1.276781293372617,0.04079743079328558,-0.1891118707186177,0.24997641004279117,Accept,1.2364778057397465,Accept,Accept,0.5979542639357749
0.45902761873717096,0.7786914551117214,0.27741795387724494,0.12465665467847518,0.47526888417494717,Reject,"Gender, Age, ProgVar",1.2217995571987053,0.27741795387724494,0.0936350403099428,0.4606467948530582,Reject,1.5091045648048802,Reject,Accept,0.6587391239660486
0.7205318482231923,1.0195116625738578,0.05985700604761975,-0.21292426166654901,0.18915007150319915,Accept,"Gender, Age, ProgVar",1.138706581103511,0.05985700604761975,-0.1286385895400386,0.25893376622769243,Accept,1.2963229375416043,Accept,Accept,0.08046346996229219
0.4524224168950481,0.9579646456787811,0.1301569569531362,-0.09415486910215312,0.34379781516975033,Accept,"Gender, Age, ProgVar",1.2393721499518597,0.1301569569531362,-0.09109239491842397,0.3517115996864229,Accept,1.3055294763997916,Reject,Accept,0.6403315894987205
0.38130311885253454,0.90270963243321245,0.19639554829581818,-0.003548101461392561,0.41932773137850676,Accept,"Gender, Age, ProgVar",1.3863616830011574,0.19639554829581818,-0.00155672256977131,0.4009147845095204,Accept,1.3420857673909339,Reject,Reject,1.0862675802736492
0.8231516627045822,0.9535959105799228,0.0285786124816021,-0.17059911229803934,0.20490539702243832,Accept,"Gender, Age, ProgVar",1.336034811868783,0.0285786124816021,-0.15281740082190837,0.22386288004475796,Accept,1.265281667182817,Reject,Accept,0.39282816495981904
0.6486748449727868,0.9135057794194389,0.0028035369806134708,-0.1659126043250451,0.18123096781110895,Accept,"Gender, Age, ProgVar, X2",1.5215943740667006,0.0028035369806134708,-0.17560653218067013,0.18001013662733695,Accept,1.3281946200487118,Reject,Reject,1.05704520455988
0.8396932313914844,0.9473293956728953,0.11054815396829101,-0.08587286324599332,0.27167084835144106,Accept,"Gender, Age, ProgVar, X2",1.84446437687106,0.11054815396829101,-0.0736196190948013,0.2818116139682876,Accept,1.5576041384955004,Accept,Accept,0.6734592650316429
0.5433463924865755,0.9412488362788587,0.09179655850173755,-0.07641601315984113,0.2908148055078244,Accept,"Gender, Age, ProgVar",1.4061944214374436,0.09179655850173755,-0.08795642905464153,0.28165771408075874,Accept,1.4354106773018205,Accept,Accept,0.8290709189656614
0.7930651999987257,1.0187984701183543,-0.03474858866398319,-0.24279480080665197,0.22122673697458212,Accept,"Gender, Age, ProgVar",1.146162619595619,-0.03474858866398319,-0.27974239714743077,0.2124151540266138,Accept,1.1929319732706838,Accept,Accept,0.7731313594441894
0.5752758792450897,0.9227565081940573,0.02789395850757397,-0.15661149658970153,0.26271772715787367,Accept,"Gender, Age, ProgVar",1.3542629129146904,0.02789395850757397,-0.17287599232997714,0.2271643340903471,Accept,1.4710830645781146,Accept,Accept,0.8582875732458098
0.7133166006343128,1.0645304661886723,0.03428110009965465,-0.2535970930330428,0.2326088953946126,Accept,"Gender, Age, ProgVar",1.1000259958527745,0.03428110009965465,-0.21709630141688271,0.28642452125123025,Accept,1.2250700354671684,Reject,Accept,0.902303483186448
0.45255027561248723,0.9507105000311687,0.12492382938177161,-0.06463851127992461,0.2908052912242798,Accept,"Gender, Age, ProgVar",1.2989369782675237,0.12492382938177161,-0.05909964576502572,0.3052238894388773,Accept,1.3700061785020767,Reject,Accept,0.6381050220249824
0.34019505796108,0.8565592468031167,0.23758797760854705,0.021265570570556346,0.4631613127856413,Reject,"Gender, Age, ProgVar",1.1251137786134597,0.23758797760854705,0.006933379743601489,0.4598260396045829,Reject,1.3637813431997614,Accept,Accept,0.5382357722215736
0.9101416693751205,1.0717374387796146,-0.14508370762551095,-0.3789242578554007,0.0601215154449649,Accept,"Gender, Age, ProgVar",1.5859300156959752,-0.14508370762551095,-0.3618168073555146,0.058013389259554536,Accept,1.5743986756430182,Accept,Accept,1.0502418137512848
0.7721447703515235,0.9938461452361654,-0.06779390378380411,-0.29131891105924945,0.10921171803075165,Accept,"Gender, Age, ProgVar",1.3690732743958225,-0.06779390378380411,-0.27339456935502704,0.11981572116930046,Accept,1.478556886010778,Reject,Accept,0.7712843333815461
0.9401597322218676,1.10464687916581,-0.06104850185942078,-0.3060011909383177,0.15701975875004662,Accept,"Gender, Age, ProgVar",1.1707851749346805,-0.06104850185942078,-0.29141338262537025,0.14672140354777488,Accept,1.1726371019118704,Accept,Accept,0.6241344760696772
0.45014314356644125,0.8812743758646086,0.3223825092622148,0.1307731315359862,0.520101096184951,Reject,"Gender, Age, ProgVar",1.4218399663034844,0.3223825092622148,0.135951980863119,0.5040716409481826,Reject,1.4236335797511004,Reject,Accept,0.8315315294875252
0.5832267818768466,0.9716103606525364,0.08195897378227886,-0.077367721353747,0.28871798424961215,Accept,"Gender, Age, ProgVar",1.3108567640627993,0.08195897378227886,-0.09882019710722319,0.2654257644483998,Accept,1.4166730063880586,Reject,Accept,1.033660598709368
0.6366719623321748,0.9497536794192404,0.010855330675650527,-0.18652160287988254,0.25367176032444433,Accept,"Gender, Age, ProgVar",1.2340512154932022,0.010855330675650527,-0.2076748601208797,0.22106712707925708,Accept,1.273252472162387,Accept,Accept,1.04662200816691
0.46263553672000673,0.8853703289596162,0.19247519415307324,-0.03489684385068987,0.3728476956607166,Accept,"Gender, Age, ProgVar",1.1647136876574755,0.19247519415307324,-0.01988157606347679,0.38429893254306774,Accept,1.2104903712707193,Reject,Accept,0.49018050912749395
0.8300283257767496,0.9898426710576015,-0.02532038627021148,-0.2064973583357994,0.18466057851673953,Accept,"Gender, Age, ProgVar",1.1258273805831933,-0.02532038627021148,-0.20658079927434542,0.1636488342091339,Accept,1.0463420574790665,Reject,Accept,0.6091516478460116
0.3487895994902383,0.9000176152233471,0.3229735063628018,0.019337146857777127,0.5466442320894254,Reject,"Gender, Age, ProgVar",1.4246279315362824,0.3229735063628018,0.06301508516648656,0.6016776457332061,Reject,1.4695903882175148,Reject,Accept,0.8603741188951854
0.9521694506839457,0.9236004877369258,0.0038054059266889487,-0.16790644901145452,0.23882176175035474,Accept,"Gender, Age, ProgVar",1.6936314980085752,0.0038054059266889487,-0.2053804086314319,0.19874731904205606,Accept,1.5935070888983889,Reject,Accept,0.6789954287856246
0.5137564904990111,0.9968206161930103,0.07853225203457563,-0.11829942873136402,0.30943443160853823,Accept,"Gender, Age, ProgVar",1.4896297975228003,0.07853225203457563,-0.1439774484774367,0.266703522949112,Accept,1.3792850448941638,Accept,Reject,1.1157809490267447
0.5825789044209272,0.9776189430220166,0.009975597244706882,-0.2005353566187387,0.23281927965042734,Accept,"Gender, Age, ProgVar",1.552324509393547,0.009975597244706882,-0.22603194512588465,0.22684644956389996,Accept,1.4445607873172355,Accept,Accept,0.32892730077770144
0.5878121603366127,0.9706610528884578,0.03229840820012235,-0.14919120205309389,0.30433016427286785,Accept,"Gender, Age, ProgVar",0.921617595461886,0.03229840820012235,-0.18568282943037767,0.24768477465245953,Accept,1.0480476508855205,Accept,Accept,0.40189730236441185
0.675391523937431,0.9738020023059872,0.02755522150628627,-0.13168746915746582,0.29199366812677774,Accept,"Gender, Age, ProgVar",1.1129889897152483,0.02755522150628627,-0.17589505608167968,0.24094234199991096,Accept,1.2688902030278661,Reject,Accept,0.6534804112143316
0.7387915618676972,1.0075057089840176,-0.02164635084822487,-0.2622043999537484,0.24504888009126669,Accept,"Gender, Age, ProgVar",1.2192647573453863,-0.02164635084822487,-0.27045954298117103,0.21184846637519422,Accept,1.4228983027728659,Accept,Accept,0.5551280576544847
0.6522576308975452,0.9479410897702484,0.12299398256641214,-0.02121595988916853,0.36507257619110833,Accept,"Gender, Age, ProgVar",1.402039922955222,0.12299398256641214,-0.09592202732391607,0.31492354509228276,Accept,1.4778131771326861,Reject,Accept,0.8227464177841167
0.5772511639306978,0.9512999780255,0.07022309526710578,-0.09038754274225015,0.25549292457203443,Accept,"Gender, Age, ProgVar",1.3032536356999826,0.07022309526710578,-0.09690688984832606,0.23759528009854228,Accept,1.2549858462369392,Reject,Accept,0.7511280648571528
0.6793070608340863,1.006165421205891,0.10286516413483801,-0.15648903257003097,0.3200079157657936,Accept,"Gender, Age, ProgVar",1.5133971821069923,0.10286516413483801,-0.13542013694713362,0.3247827975871918,Accept,1.322092629359363,Accept,Accept,1.0274989033762434
0.5979217220974795,1.0022328040460946,-0.023103021849239295,-0.20828352169970143,0.20331605338798697,Accept,"Gender, Age, ProgVar",1.1557182773317987,-0.023103021849239295,-0.21807986004244967,0.1700347215062731,Accept,1.2085701763893133,Accept,Reject,1.016949198620827
0.7748998099888619,0.948007701110217,0.05425231692000105,-0.21238946114944113,0.2460553008103354,Accept,"Gender, Age, ProgVar",1.008495746345311,0.05425231692000105,-0.17583290663622198,0.2616542250539674,Accept,1.163749559359138,Reject,Accept,0.6674144206489308
0.5242303124076293,0.9552961237451022,0.055541032127168675,-0.1511711748241181,0.23313925009390507,Accept,"Gender, Age, ProgVar",1.2490508103170839,0.055541032127168675,-0.13420188009305695,0.23915873652947683,Accept,1.3264977980784456,Accept,Accept,0.6673800030537439
0.40118972486906673,0.8944438263620843,0.136497838326004,-0.01827815933956474,0.41527331884079755,Accept,"Gender, Age, ProgVar",1.3930630054807118,0.136497838326004,-0.07310233970760166,0.3402007618801369,Accept,1.4450604716525117,Reject,Accept,0.14203506858480844
0.49014278944109385,0.9267517667470383,0.14877871018121075,-0.09738539186882426,0.33858788924993627,Accept,"Gender, Age, ProgVar",1.5241909769527588,0.14877871018121075,-0.08240447157767407,0.36816431967463453,Accept,1.3454283640257594,Reject,Accept,0.5613528344374645
0.5745567893738368,0.8883669014291165,0.0637877684276127,-0.0832236167751066,0.3663332106510928,Accept,"Gender, Age, ProgVar",1.622119238513178,0.0637877684276127,-0.1615905819889925,0.2735895132480567,Accept,1.6665479291744325,Reject,Accept,0.3425208203512927
0.6355311571515397,0.9716937723720381,0.07706657176638369,-0.13831453137417404,0.27452403988396545,Accept,"Gender, Age, ProgVar",1.6196742779062567,0.07706657176638369,-0.11498120627856756,0.2733244474797857,Accept,1.5103927864827182,Reject,Accept,0.8395785731999447
0.6120091895567512,0.9797166579256825,0.03717186047394173,-0.1319762899320742,0.21605844653513828,Accept,"Gender, Age, ProgVar",1.1180297441389135,0.03717186047394173,-0.13489645657993835,0.20891830968761158,Accept,1.166430691494115,Accept,Accept,0.7942560912313025
