Beta_Trt,Beta_Risk,Beta_intx,Lower.CI,Upper.CI,rejection.Risk,SSVS_results,Y,Y_hat,Bias,abs_Bias,MSE,waic,Beta_intx_Noise,Lower.CI_Noise,Upper.CI_Noise,rejection.Risk_Noise,Y_hat_noise,Bias_noise,abs_Bias_noise,MSE_noise,waic_noise,rejection.Opt_MultInt,rejection.interaction,rejection.interaction_adj,rejection.SDIR,SDIR
0.17353108835023434,1.03224606027995,-0.08642896053864942,-0.27479654785007157,0.15122267302863632,Accept,Z3,1.0030880075711903,0.9134849065135812,-0.08960310105760914,0.9658553554880289,1.3949488806742603,178.46876080054142,-0.08642896053864942,-0.28437910303106995,0.09340701192010387,Accept,0.9137550032222861,-0.08933300434890427,0.9544011417011983,1.3383967722151637,187.78148354326177,Accept,Accept,Accept,Accept,0.25049273707806824
-0.1000624481563683,0.9773666276824353,0.07642867621334817,-0.12623182334594957,0.2270360823597828,Accept,Z3,0.9816239808459292,0.9689929562061345,-0.01263102463979466,0.9653641662799134,1.4519228993583493,150.76882144774487,0.07642867621334817,-0.08124409600238007,0.24849333055896,Accept,0.9695333695849435,-0.01209061126098558,0.9736250748761612,1.4275255661940864,168.00890079852522,Accept,Accept,Accept,Reject,0.3979117031095683
0.06157284970052088,0.9913630320813135,0.04829459235803471,-0.20344343893167294,0.2237557398575281,Accept,Z3,1.0266774956683355,0.9833157994635147,-0.043361696204820895,0.8349566433200252,1.1388494822216235,164.00378946728932,0.04829459235803471,-0.13893643461320793,0.23017047834195556,Accept,0.9832153599718602,-0.04346213569647541,0.8249571549616137,1.0812141602008098,169.78917576628044,Accept,Accept,Accept,Accept,0.11408703100168574
0.05308891762271811,1.0097171271761687,-0.006016182739031841,-0.21425683770822912,0.17762487216187184,Accept,Z3,1.0992511623381116,1.261915857796793,0.16266469545868162,0.9778623649109008,1.6551993493545516,172.241190228371,-0.006016182739031841,-0.19161683413366642,0.16730197844647632,Accept,1.2629271849643362,0.16367602262622466,0.9671645689420717,1.6313224347817246,191.659483270447,Accept,Accept,Accept,Accept,0.3716933363155364
0.19850654984863003,1.0528089672009395,-0.013203546902149787,-0.35890088932917136,0.11532979194201565,Accept,Z3,1.0261990076281002,0.8169696036737426,-0.20922940395435752,0.8662818025832436,1.2033104720458156,173.30038842650637,-0.013203546902149787,-0.24009225335420445,0.19677700577686924,Accept,0.8173090849562532,-0.20888992267184694,0.8607149890191017,1.1547179617905268,184.7435485778686,Accept,Accept,Accept,Accept,0.117804179068227
0.10587586168190159,0.9872307032097929,0.0032994525287776675,-0.19313217483923345,0.27323139423410553,Accept,Z3,0.9282769195039049,0.9808824866562909,0.05260556715238592,0.9210416869238756,1.3437665660787241,159.19957190261385,0.0032994525287776675,-0.20739180557991574,0.2085455145123471,Accept,0.9811227812138207,0.05284586170991583,0.9032489589460859,1.307433441058687,171.50631960534977,Accept,Accept,Accept,Accept,0.0752783675555209
0.07208538111526568,1.0762724185908523,-0.0337163185199843,-0.40339514735853427,0.13619118963836363,Accept,Z3,0.9864270677886343,0.9357292030728328,-0.050697864715801455,0.7620326076426034,0.9440797668455613,165.47601409552814,-0.0337163185199843,-0.2629053855630794,0.19476704209808238,Accept,0.9361265942614607,-0.05030047352717357,0.7330042932341081,0.8909551313176384,172.76441446650733,Accept,Accept,Accept,Accept,0.12292649428745091
-0.010343483312115062,1.0833038049157224,-0.18571017882372162,-0.4478986039056281,0.01671200543157507,Accept,Z3,1.0128274786453861,1.0967522937964815,0.08392481515109534,0.8138386705558538,1.0959293559991328,145.9654665256563,-0.18571017882372162,-0.39239720464808325,0.02858491899704197,Accept,1.0963045022916096,0.08347702364622336,0.7868938876454281,1.061356043326347,158.3147703787519,Accept,Accept,Accept,Accept,0.20908523238578022
-0.025382756678541365,1.011568128085204,-0.04457065134509261,-0.24659730330532068,0.14923418669004043,Accept,Z3,0.9531240116623064,1.0799971817640925,0.1268731701017862,0.9781133840310239,1.380434298256148,151.16365730852067,-0.04457065134509261,-0.23242682348050084,0.12187880046742894,Accept,1.0792293928834569,0.1261053812211504,0.9486051386615163,1.3406725253495144,162.024188023494,Accept,Accept,Accept,Accept,0.12688419853956207
0.20032931501381024,0.9762096225799118,-0.04653386351589082,-0.18129256482530584,0.21425694141722787,Accept,Z3,0.9923537053908531,0.9262266883412884,-0.06612701704956467,0.9201174395749564,1.3348607141205684,162.8714334997368,-0.04653386351589082,-0.2281594607093232,0.1338468494427761,Accept,0.9260476639057835,-0.06630604148506962,0.9057216673768202,1.2936605706841735,173.53431905407243,Accept,Accept,Accept,Accept,0.24683516770263805
-0.1509924261886767,0.9054081004661603,0.13273085427698228,-0.04425392736904692,0.38792774745652653,Accept,Z3,0.9119389477982752,1.0467012084486094,0.13476226065033428,0.8287071558930401,1.1662238660491047,163.74481473099013,0.13273085427698228,-0.07853644731251697,0.3526746033180028,Accept,1.0464420891391781,0.13450314134090288,0.8294840323587981,1.1489737141010907,184.4891249781553,Accept,Accept,Accept,Accept,0.18549084291939888
-0.14070089565422356,0.8978729301825572,0.18190179973479964,-0.011284529361547092,0.41450611975700996,Accept,Z3,1.057408194513882,0.980610161298729,-0.07679803321515322,0.8312421774034539,1.1673580324515607,137.36689215496372,0.18190179973479964,-0.00464070835340398,0.3758901801026724,Accept,0.9799644404273565,-0.07744375408652558,0.8235117043655802,1.1342533368386887,148.56664510945276,Accept,Accept,Accept,Accept,0.3238101670671106
-0.22585926029562414,0.9350259697525863,0.07490751770107788,-0.07050244761160383,0.3278254496026466,Accept,Z3,0.8661048058440323,0.987351512743487,0.12124670689945478,0.9940678481937977,1.5667815452073988,172.95890412946227,0.07490751770107788,-0.11672188062335903,0.24984846484042914,Accept,0.9887778647154735,0.12267305887144123,0.9662234547810244,1.5174301835988009,183.9856886354581,Accept,Accept,Accept,Accept,0.384982765894299
0.16146998372413734,1.0913817393728635,-0.15490617851095675,-0.3430933639065943,0.0051393003934078405,Accept,Z3,1.0023818613080568,1.0206392647455391,0.018257403437482177,0.8835013684360246,1.2838868782244672,132.9835013365374,-0.15490617851095675,-0.30765172930876644,-0.009902079906396896,Reject,1.0211457164869293,0.018763855178872402,0.87641387440869,1.2299095001975324,130.98089335833717,Accept,Accept,Accept,Accept,0.09003419230539011
0.05776286842779101,1.0086751892016257,0.003483812868017211,-0.3213136055444453,0.30870797817247897,Accept,Z3,0.9729387119583003,1.161152393658544,0.18821368170024363,0.7479803819392257,0.8919748740045135,153.28925491409385,0.003483812868017211,-0.2749466431667538,0.2853154057372349,Accept,1.1614513097644081,0.18851259780610774,0.735923483784772,0.8648012824295901,171.50235141089738,Accept,Accept,Accept,Accept,0.2339994537415231
0.05731119598459554,0.9503940039269644,0.07709673002356789,-0.09938350619842844,0.24021032523103913,Accept,Z3,0.9263717398035658,0.8685446788425222,-0.057827060961043675,0.9204066876122711,1.3431946874803251,127.96369854832534,0.07709673002356789,-0.07386710845563042,0.2298325883765792,Accept,0.8692349834057895,-0.05713675639777629,0.918907768282926,1.3131354666031103,138.57997087427236,Accept,Accept,Accept,Accept,0.08151026491931772
-0.1745079492886725,0.9675471588447256,0.07667481900740276,-0.10507395483391252,0.29176921367550923,Accept,Z3,0.9510156018946604,0.9724085208415922,0.02139291894693192,0.8646973335131892,1.3473801193913428,161.68756587754024,0.07667481900740276,-0.11353941364440054,0.2597840899448726,Accept,0.9719354539273163,0.02091985203265596,0.854515142454561,1.3174203932004351,178.6140035131843,Accept,Accept,Accept,Accept,0.13149261574993906
0.1867836302964188,1.0542772162814302,-0.09720000982200858,-0.3519375920374142,0.11825688095581031,Accept,Z3,1.01976935426125,1.0336892961400777,0.01391994187882743,0.9723591629711877,1.4035235024395099,177.9762672691832,-0.09720000982200858,-0.3108176972872711,0.12132855844219342,Accept,1.0346215263914305,0.014852172130180441,0.9620295154461502,1.3780203659398627,197.86191417959733,Accept,Accept,Accept,Accept,0.2047088677163979
0.10593434843233965,1.0249210550837247,-0.005948352416691334,-0.2299872425361435,0.15968449891443237,Accept,Z3,1.026945284729446,0.9110224337135283,-0.11592285101591773,0.8784471880164455,1.2212663224258065,134.90856282317807,-0.005948352416691334,-0.1957471975303609,0.18622899847074395,Accept,0.9103884354154255,-0.11655684931402048,0.8752224492626418,1.2124235465111122,157.9911696549259,Accept,Accept,Accept,Accept,0.2185245601639485
-0.09773232386358403,1.0206016360916572,0.029667906452979027,-0.22871126563046784,0.16496563478516507,Accept,Z3,0.97365377738873915,1.1642832651332775,0.19062948774453833,0.7618053127924082,0.9568161570052385,118.85307611223494,0.029667906452979027,-0.15052657769556077,0.20799450067869857,Accept,1.1643021517663583,0.1906483743776192,0.7488321333613025,0.9383347575390935,135.88675365097933,Accept,Accept,Accept,Accept,0.1808964582229972
0.08669115260119889,1.053275413459166,-0.10798674980994763,-0.33365667845489516,0.09966244789588746,Accept,Z3,0.9377842864533027,1.0425865552242264,0.10480226877092354,0.9269936774708596,1.2352542965708464,144.78550550752385,-0.10798674980994763,-0.3030147320395582,0.07983030880363239,Accept,1.0438504443094534,0.10606615785615066,0.8999846498402141,1.1820280760417439,149.07881571753913,Accept,Accept,Accept,Accept,0.12435528739108385
-0.043999739886092765,0.9495293886652121,0.040121110068913605,-0.07536169471577381,0.2959624777927681,Accept,Z3,0.9536211444190251,0.9862874562874631,0.03266631186843787,0.9387368200104487,1.2780203887707176,144.7270252538325,0.040121110068913605,-0.12670602691417376,0.20217951180262717,Accept,0.9869489719757301,0.03332782755670495,0.8964583741367896,1.2336002034439189,152.08765549949828,Accept,Accept,Accept,Accept,0.2847164402672175
0.24434822420556815,1.0673357878303011,-0.1341015071300282,-0.4039920705628388,0.052446500696207786,Accept,Z3,1.0149252506002469,1.0357025659316308,0.020777315331384,0.8766733707548068,1.094345334949697,148.45417493936122,-0.1341015071300282,-0.34854545119214786,0.08056833634199258,Accept,1.0356374347202126,0.02071218411996576,0.875300678056032,1.0613998864320642,159.9633492133746,Accept,Accept,Accept,Accept,0.2942927577680804
0.2161319373221834,1.031797680229352,-0.060573357344776535,-0.23436226263389698,0.17183483358809115,Accept,Z3,0.9873124994416355,0.9831912179357704,-0.004121281505865087,0.9819837536210082,1.4374817174589904,165.18833236425507,-0.060573357344776535,-0.23879438854307974,0.12392534999696314,Accept,0.9826873100363497,-0.004625189405285779,0.9861598229767435,1.38308929761702,172.41518572610238,Accept,Accept,Accept,Accept,0.15687546030725688
0.17899151731677398,1.090769454565393,-0.1349343758427735,-0.3451545469981151,0.018374826504165144,Accept,Z3,0.9817078140628887,1.0500295694575192,0.06832175539463056,0.9315577310712468,1.3853047586756346,135.6812512720389,-0.1349343758427735,-0.2966174617017559,0.03642262790103293,Accept,1.0500189050533228,0.06831109099043417,0.9258639824196093,1.3610430533934763,153.0078634183404,Accept,Accept,Accept,Accept,0.046123886890595774
0.11278391462008418,0.9464708551763109,0.06374818505754981,-0.06176114933189519,0.2850979934713795,Accept,Z3,1.0055934847411334,1.1517116697704366,0.1461181850293033,0.9404004328194023,1.2574132139322303,134.45421964799232,0.06374818505754981,-0.09646431077542508,0.22485935727134093,Accept,1.1516985535230455,0.1461050687819122,0.9067509071258278,1.2181524458309814,142.52244274044034,Accept,Accept,Accept,Accept,0.2003228554794104
0.09311423349996271,1.0141346303258505,-0.02916371104029377,-0.2461876714841806,0.17124967756398202,Accept,Z3,1.0185628417362775,1.051224167152303,0.03266132541602547,0.8769806026109274,1.1679325362390425,159.7030142087489,-0.02916371104029377,-0.22889697013160493,0.17210821125549822,Accept,1.052011641935743,0.033448800199465376,0.8633210991140805,1.1412251469596426,177.4927794638958,Accept,Reject,Accept,Accept,0.23286808607372914
0.15132429363718597,1.0553465152046821,-0.1344958638420473,-0.32194954078332594,0.12111659694719996,Accept,Z3,1.028314129254499,1.1434941953761817,0.1151800661216826,0.9388272650079117,1.3364838808717616,160.90680832902825,-0.1344958638420473,-0.32953890003539205,0.0744261258385071,Accept,1.1429631766813952,0.11464904742689606,0.9359588334202857,1.2989290588409945,173.73750889983322,Accept,Accept,Accept,Accept,0.1194425006071901
-0.10345169152808752,1.0153346053163568,-0.08370039865289496,-0.21531332425592078,0.12346908747383722,Accept,"Z3, X8",1.0111443172657675,0.9334572141496742,-0.07768710311609345,0.871586667216161,1.244142238698476,124.58796610932127,-0.08370039865289496,-0.2300627995382394,0.06934848328120985,Accept,0.9327492357996987,-0.07839508146606881,0.8608293494744891,1.2160398868232716,134.1995277093699,Accept,Accept,Accept,Accept,0.29963553882760396
0.03219973724303932,1.0176791647756418,-0.021690914731979257,-0.22991319185167675,0.14438764244738378,Accept,Z3,1.025325434930828,1.0019226729066926,-0.023402762024135396,0.9165915174678219,1.2888561761759454,154.89907600686846,-0.021690914731979257,-0.19920182179307075,0.14531971040709352,Accept,1.0019766157412378,-0.02334881918959026,0.9146826912785313,1.2495936487813197,164.73140971981255,Accept,Accept,Accept,Accept,0.29800797586998273
-0.16431099002774135,0.9727191171064193,0.09214516018947912,-0.1543474511919573,0.26807276991972906,Accept,Z3,1.078041849483418,1.1604595431793074,0.08241769369588918,0.9118528151805017,1.377714957803027,169.00136797491706,0.09214516018947912,-0.0896503146015047,0.2918101037561917,Accept,1.1592572974115718,0.08121544792815374,0.8792053458036054,1.3414424314049598,184.69422507649125,Accept,Accept,Accept,Accept,0.22943895301337344
0.210909407808342,1.0153777093251393,-0.03150118737832709,-0.21031565682972417,0.15926941990530272,Accept,Z3,1.0160953353668565,0.8566966640367046,-0.1593986713301519,0.9435440348387364,1.4316648287972011,138.2431523326264,-0.03150118737832709,-0.2075238885772748,0.143516914415083,Accept,0.8578690417719039,-0.1582262935949527,0.947763637470787,1.4193433331930942,161.2369997134666,Accept,Accept,Accept,Accept,0.12179477743748765
0.06354858043567324,1.0106027852496824,0.007492298526381808,-0.22104174615737945,0.16197767361281837,Accept,Z3,1.0422589294433566,1.0122618097565204,-0.0299971196868361,0.9009231180410531,1.2764249177570266,140.61787046820845,0.007492298526381808,-0.16454417884184244,0.1825663600699834,Accept,1.012548087863952,-0.029710841579404745,0.8949790481520762,1.2532676198789232,157.5360278306525,Accept,Accept,Accept,Accept,0.2311573606510036
-0.15679234993668414,0.9987418924465722,-0.01095173822275628,-0.1541091046350789,0.19080544563198762,Accept,Z3,0.964575742826346,0.9299461794512678,-0.03462956337507823,0.9054881003793852,1.3935119105134597,116.55860349369861,-0.01095173822275628,-0.1779284085496663,0.14124176715263861,Accept,0.9303315168234566,-0.03424422600288934,0.9013247285740188,1.3706868993061376,129.90299012930774,Accept,Reject,Accept,Accept,0.2208184505766252
-0.054051901307161705,0.9383629307851743,0.06609099573007896,-0.06707323309117916,0.2886033012247081,Accept,Z3,0.9759579571054097,0.9644431670356454,-0.011514790069764289,0.9130256676197448,1.2652843040140285,126.5775333260847,0.06609099573007896,-0.09644208975855248,0.22870663585361672,Accept,0.964248518031793,-0.011709439073616622,0.9039784004492921,1.2341501837643651,136.5098733305153,Accept,Accept,Accept,Accept,0.2435778039605166
0.12984601041790084,1.0199470413158114,-0.05113802689919388,-0.2310258289424522,0.17809003436803347,Accept,Z3,0.9822122330374585,0.8366218295305162,-0.1455904035069422,0.8927759505909529,1.2143015155734473,144.51846815611506,-0.05113802689919388,-0.2334925484311884,0.1399366841741172,Accept,0.8351897120593647,-0.14702252097809382,0.8655424793143134,1.1887181424049,160.78719981040945,Accept,Accept,Accept,Reject,0.3727337200145891
0.051960770592773015,0.9568713439603319,0.06030316302918717,-0.08518551793696671,0.3146682337138318,Accept,Z3,1.0288215912651393,1.1658967258059518,0.1370751345408124,0.8299961952763272,1.1963103183504062,140.45292162234455,0.06030316302918717,-0.10935168297846165,0.2501535176524287,Accept,1.1660043230179937,0.13718273175285445,0.8378643538896098,1.1706037008112906,155.32441138585395,Accept,Accept,Accept,Accept,0.06497949644118402
0.09662740600419134,1.0299891074165957,-0.03257094905054256,-0.3033903927429724,0.1587684429522461,Accept,Z3,0.9168706689767151,1.0363687604381124,0.11949809146139742,0.8268481727972735,1.0312178512046983,149.6718917735613,-0.03257094905054256,-0.24928182034881008,0.16595516006311262,Accept,1.0369262773457204,0.12005560836900524,0.8074979301354287,0.9992049092987368,164.76732800749178,Accept,Accept,Accept,Accept,0.2651468623180733
0.17599495489201428,1.0552584078312206,-0.1326195010526451,-0.30669758790311213,0.09593526011970716,Accept,Z3,1.0545371558989636,1.0329040870285306,-0.02163306887043283,0.9389850456724497,1.3101656534869792,150.03052428320345,-0.1326195010526451,-0.31657986688506495,0.05942649247376654,Accept,1.0332337977328119,-0.02130335816615168,0.9312526477674412,1.2812928922922646,166.66654097155362,Accept,Accept,Accept,Accept,0.30944383773991535
0.19784809565315659,1.0203096949540416,0.006957623094927185,-0.33005000456762135,0.1702158747204497,Accept,Z3,1.0122637088678548,0.8993866464903398,-0.11287706237751494,0.8113326683655889,0.9486409045568959,138.12296178117845,0.006957623094927185,-0.23458981349614774,0.22957965215503287,Accept,0.9002950833220132,-0.11196862554584154,0.8117677579650756,0.9312536366490497,158.68839647589755,Accept,Accept,Accept,Accept,0.26365148470810174
0.1120462852835003,1.0076282490711013,-0.01674768270380023,-0.16726609830594197,0.1598508061538351,Accept,Z3,1.1172348508056549,1.1181587770804544,9.239262747994869e-4,1.0304374581684916,1.5781983981376178,139.7899168362951,-0.01674768270380023,-0.16095000240683918,0.13883096763690708,Accept,1.116998665319141,-2.36185486513808e-4,1.02908259438586,1.5576836111166201,159.82560143526155,Accept,Accept,Accept,Accept,0.25521418079202435
-0.043880242225669386,0.9589737537035027,0.023352210847433153,-0.09923971744477826,0.2217890714509809,Accept,Z3,1.073854722332037,0.9762196261162195,-0.09763509621581734,0.9604504868298855,1.4182913789233276,124.10037051857726,0.023352210847433153,-0.12604959015792638,0.17441317811490334,Accept,0.9758407469630146,-0.09801397536902222,0.9492185130121711,1.3909759846526526,136.6755345059872,Accept,Accept,Accept,Accept,0.2107936619636726
-0.10409640900795776,0.9427571089624276,0.15709076948402,-0.14079822430324232,0.32724829074413897,Accept,Z3,0.9986955617973715,0.9651976643766672,-0.03349789742070439,0.9160930116293148,1.215670469859791,159.3872424626248,0.15709076948402,-0.047054613393525756,0.3672931277105038,Accept,0.9646478208985998,-0.034047740898771724,0.9090859109013348,1.1904200543216035,176.1126662054829,Accept,Accept,Accept,Accept,0.230918831638375
-0.12998822798564455,1.0211253212027345,-0.03806015380886737,-0.25214552597866646,0.19701262390616475,Accept,Z3,0.9588241464116205,0.7796221231319501,-0.17920202327967039,0.8251335619384281,1.099108421833181,151.35648011706684,-0.03806015380886737,-0.24329957386086437,0.16753696014574038,Accept,0.7783535568464617,-0.1804705895651588,0.8272701981181342,1.072158712321105,167.33738889848607,Accept,Accept,Accept,Accept,0.12366712531814082
0.22114743845333057,1.021212802943448,-0.04676019406152114,-0.2659931545353082,0.14510710496594087,Accept,Z3,0.9073798502436833,0.9155219762400166,0.008142125996333354,0.8572693230630223,1.183459845823676,151.7261322767346,-0.04676019406152114,-0.22969119991659012,0.1268241959417628,Accept,0.915324447881018,0.007944597637334773,0.8446857768785893,1.1447872703848208,161.20076063161954,Accept,Accept,Accept,Accept,0.29632508507778366
-0.08309196191437446,0.9234386509617077,0.10878913367265242,-0.04057974184007203,0.32468949391685376,Accept,Z3,0.9485967192663789,0.8637691343589343,-0.08482758490744458,0.9415940683418377,1.4546087832240764,157.21208509249504,0.10878913367265242,-0.06614022649559778,0.283766435080261,Accept,0.8638750719802124,-0.08472164728616643,0.9330764929413884,1.425375995789397,172.11293043193197,Accept,Accept,Accept,Accept,0.33271181663759203
0.056605045960856935,0.9823405444229781,0.04766341282403245,-0.15640162003031943,0.24797107611142957,Accept,Z3,1.0287974934595276,1.0489313309076027,0.020133837448075002,0.937808225007357,1.4018516539320254,148.99913439068578,0.04766341282403245,-0.1323347962894253,0.2346518092378101,Accept,1.0482610817032672,0.019463588243739508,0.929758063309545,1.3707108006617492,164.65942616951259,Accept,Accept,Accept,Accept,0.09434407477571989
0.05716615541041208,1.0441419928282152,-0.040377765430160056,-0.30259275814764125,0.12219491220302131,Accept,Z3,0.9948358698064727,0.919785586176336,-0.07505028363013677,0.864373559247067,1.259981266371701,162.90399154312428,-0.040377765430160056,-0.23572651386103263,0.16462922161723734,Accept,0.9197993963547598,-0.07503647345171285,0.8675575195793556,1.2309806228203997,181.17961489129019,Accept,Accept,Accept,Reject,0.3999347200539035
0.09689368642381979,1.065015473746368,-0.14246398204872315,-0.35621499091927644,0.11411577403216486,Accept,Z3,0.9981393121520717,1.0585709987507024,0.06043168659863071,0.8495919305516649,1.036231628102244,154.75970447850403,-0.14246398204872315,-0.3657956700934687,0.0752277364821679,Accept,1.0580127082274016,0.05987339607532972,0.8401155225995233,1.0173727870427265,175.70594073190057,Accept,Accept,Accept,Accept,0.22013194055436083
-0.09765590181223475,1.0055443771224448,-0.09938074852503877,-0.2362155825493611,0.22029489118090778,Accept,Z3,0.9806491196734475,0.9429147481290177,-0.03773437154442982,0.9104911024146253,1.1769147373114495,160.70937445695927,-0.09938074852503877,-0.30820420855034764,0.11285258992297367,Accept,0.9424263015328206,-0.0382228181406268,0.8945347718744493,1.1449005234066354,176.75911741564622,Accept,Accept,Accept,Accept,0.12848714723342947
0.1604476086581453,1.0243399633263495,-0.0166922023396594,-0.23132856683099512,0.1470701086911555,Accept,Z3,0.928089807422871,0.9667898533857554,0.038700045962884455,1.0331782599017716,1.5578469224408549,163.50503814926407,-0.0166922023396594,-0.18563621767680033,0.14877041703462554,Accept,0.9668092617222267,0.03871945429935568,1.0245312821417563,1.5205059909417924,177.77221381113824,Accept,Accept,Accept,Accept,0.29147556958158394
-0.061373524080225256,1.0382384966622351,-0.11616624155252614,-0.31614256169008575,0.17354052735665687,Accept,Z3,0.9081453896969769,0.9922253835410713,0.08407999384409445,0.7989545945666733,1.0026787049423789,151.7256126907087,-0.11616624155252614,-0.33800191629525006,0.10779520106429638,Accept,0.992261936953046,0.08411654725606917,0.7953096415645295,0.9782219617473296,169.94294787324492,Accept,Accept,Accept,Accept,0.23721875606690151
0.026014211557450095,0.999080065460058,-7.843820843148131e-4,-0.20460378062847545,0.2254367988952393,Accept,Z3,0.9895204309077849,1.140497218806806,0.1509767878990211,0.9293789826991765,1.3866762330382898,164.9730342944369,-7.843820843148131e-4,-0.19084555575347326,0.1941648153307869,Accept,1.1405276399530921,0.1510072090453072,0.9165914197716605,1.3400932752130796,174.88790480814086,Accept,Accept,Accept,Accept,0.2642010733329184
-0.0248647233569302,1.0305590793007804,-0.01036163575582982,-0.28373565889888475,0.16935727636649422,Accept,Z3,0.9468827980866767,0.8916067201497477,-0.05527607793692895,0.8342561738976741,1.0685993512602687,148.20062359266177,-0.01036163575582982,-0.22053721578841307,0.20718388607158658,Accept,0.8902714787552906,-0.05661131933138622,0.8190063281466888,1.0559424483196294,170.4875174548142,Accept,Reject,Accept,Accept,0.09389891826816446
-0.024724137646834524,1.0075566744416875,0.027503116013134928,-0.23830988407993364,0.22071335460915684,Accept,Z3,0.9549244302394082,0.9124974847991648,-0.04242694544024341,0.8409746649275246,1.126181537530134,146.63413783208304,0.027503116013134928,-0.1733342176709787,0.21950387128694004,Accept,0.9128899891632589,-0.04203444107614929,0.8306969605460669,1.0741847934629722,150.1998135798305,Accept,Accept,Accept,Accept,0.07071950005549768
0.14346629871757266,1.0483630827411035,-0.10387599900579851,-0.3010597619956888,0.10832957819255962,Accept,Z3,0.9840197639360362,0.9788656317742773,-0.005154132161758853,0.8639171346487866,1.173796991924966,161.88900156487963,-0.10387599900579851,-0.305946928504893,0.09281045338582139,Accept,0.9773824414410184,-0.006637322495017809,0.8437791561302406,1.1465473600707348,179.78951230340732,Accept,Accept,Accept,Accept,0.3670119292580249
-0.22504299594345595,0.9337646819415214,0.17414144950676697,-0.06561749826032606,0.31538596661441176,Accept,Z3,0.9142291703545261,0.7589239222865293,-0.1553052480679968,0.9580956667809611,1.440346966176788,148.02085771975635,0.17414144950676697,-0.017920659146440122,0.351077683268961,Accept,0.7599257906384103,-0.15430337971611585,0.9635092598318097,1.4151302671475188,165.35069059819224,Accept,Accept,Accept,Accept,0.2221180914399394
-0.01772509434185854,0.9347375989445101,0.10842550089374886,-0.10871558901073053,0.28703571601456845,Accept,Z3,1.0514745640565104,0.9194865131095349,-0.13198805094697552,0.9693337397975558,1.5061885442077318,159.43152502303533,0.10842550089374886,-0.07493784177630172,0.29661422584962094,Accept,0.9193343264878527,-0.13214023756865767,0.9515885373567069,1.4669852263495005,172.11906110040613,Accept,Accept,Accept,Accept,0.2692080734596138
-0.05626052770388102,1.0253969970418644,-0.04060226881037602,-0.28681792969100695,0.1941204585164448,Accept,Z3,0.9221171034263466,0.9539846044582103,0.03186750103186376,0.8548863084596546,1.1777781634615025,160.79188636118684,-0.04060226881037602,-0.2720111808590713,0.16501560129391066,Accept,0.9536635780176642,0.0315464745913176,0.8267636591185875,1.1374806636629529,170.3817594887547,Accept,Accept,Accept,Accept,0.3080816743617592
0.28511724125665,1.0252994364995525,-0.01853603473009239,-0.2920298811027103,0.15592556864901072,Accept,Z3,1.052369704857014,1.1095221868778211,0.057152482020807104,0.9143032926271105,1.17673517444275,158.38638469075102,-0.01853603473009239,-0.21704256390615972,0.16460221779316464,Accept,1.109303369726334,0.0569336648693199,0.9053347121903143,1.1208443727148152,162.24342270408042,Accept,Accept,Accept,Accept,0.0881547070057773
0.1985777669094319,1.0466135094932314,-0.11153935589824254,-0.3387103524219075,0.13487662517888496,Accept,Z3,1.0066301391977814,1.080350527186052,0.07372038798827041,0.8611194783689767,1.232354066774632,170.21608310722772,-0.11153935589824254,-0.34407362510067885,0.11425176821991359,Accept,1.0789477048824287,0.07231756568464714,0.8713572334321465,1.19394904295385,183.2604262039192,Accept,Accept,Accept,Accept,0.3303967181217063
-0.06521266205723779,1.065531804499877,-0.10995365985309406,-0.3123878831626838,0.05136451973915586,Accept,Z3,0.925797038931631,0.9257522221344281,-4.4816797202851813e-5,0.8998628644296636,1.3125690072413996,147.12384602638085,-0.10995365985309406,-0.2785447189964586,0.05562656045503543,Accept,0.9254574333771145,-3.3960555451646225e-4,0.8941565862106411,1.289268183395594,164.46849683216408,Accept,Accept,Accept,Accept,0.33284018516969427
-0.13616262940903626,0.9506848040062117,0.026028185677187773,-0.10468942233998885,0.3756818041327468,Accept,Z3,0.9882946177651065,0.9037211298011556,-0.08457348796395088,0.8684030801706437,1.1910187656545757,156.7329452997372,0.026028185677187773,-0.17402965445290133,0.22651338839208296,Accept,0.9035560474606357,-0.08473857030447082,0.8583047525469399,1.1377278529305987,162.4554076327914,Accept,Accept,Accept,Accept,0.13148785620335268
0.09174274899445085,1.0538406400023659,-0.14384783234868279,-0.3018545638304098,0.09626615725412552,Accept,Z3,0.9188389801795436,0.7613369229891105,-0.15750205719043314,0.8618608251873563,1.155349667958253,149.28703322694204,-0.14384783234868279,-0.32313505113942625,0.02716654418781829,Accept,0.7606703146726671,-0.15816866550687642,0.8458408119260892,1.1272035311006727,164.41952424508926,Accept,Accept,Accept,Accept,0.4144522605235102
-0.12393456898125993,0.8237834228142045,0.23572726492213017,0.11208946969668118,0.42587027890660406,Reject,Z3,0.9984462139524867,0.9312848973577494,-0.06716131659473723,0.9349222055470229,1.3426525630605903,124.07328114391734,0.23572726492213017,0.09439416281904345,0.3725222275266372,Reject,0.9318761220979421,-0.06657009185454447,0.9237306497856963,1.3122735837574582,134.48741886637188,Reject,Accept,Accept,Accept,0.1940398510851815
0.2238027272224947,1.0304584112114836,-0.03938449925726692,-0.22073763065471663,0.22883407279998708,Accept,Z3,1.0193216746735898,0.8544001815616054,-0.16492149311198442,0.8691175348880882,1.3266724610691096,162.89393257544572,-0.03938449925726692,-0.24817867571760877,0.17758467514701143,Accept,0.8554857289413735,-0.1638359457322162,0.8570821013521221,1.2986539576373946,179.67431193216248,Accept,Accept,Accept,Accept,0.31354479428824267
0.06258904750624625,1.026862887608063,-0.0012154554807823593,-0.24669934033324484,0.13617303561510005,Accept,Z3,1.0060944296014385,1.0959728506155977,0.08987842101415933,0.8615120480944302,1.2667644872309005,144.44873129791367,-0.0012154554807823593,-0.1831739362677677,0.18257187926435972,Accept,1.095316761441067,0.08922233183962859,0.845300534556619,1.2493680028589222,164.88514954988034,Accept,Accept,Accept,Accept,0.22263223729431203
0.0053892116481001635,0.996584142247673,-0.006048518236930317,-0.16095836061570976,0.1850069925777518,Accept,Z3,0.9739361261394568,1.0027790493885178,0.028842923249060914,0.9310770679163468,1.3814372124287972,162.39156896695258,-0.006048518236930317,-0.17166257673642155,0.1584484621354229,Accept,1.0020241864085977,0.02808806026914096,0.93692023853469375,1.341731218434574,173.13927911255996,Accept,Accept,Accept,Accept,0.2030125054088938
0.01615516641268051,1.033959919234263,0.042391059544863864,-0.23445188455321891,0.11014002273113511,Accept,Z3,1.0016384280063404,0.9128413993106489,-0.08879702869569144,0.9319388164515701,1.3717690483363691,131.14341279831066,0.042391059544863864,-0.11092730974521058,0.20523585129924912,Accept,0.9124327201957303,-0.08920570781061006,0.9273613518367165,1.3470773638859208,144.67335930372928,Accept,Accept,Accept,Accept,0.22090830500468292
0.10638527204402153,1.0711386006319323,-0.09607226724853814,-0.32902751662075286,0.06557196041829513,Accept,Z3,1.025159929399813,0.8534405690086883,-0.17171936039112493,0.9376115180201035,1.3274481549171921,150.7410198841684,-0.09607226724853814,-0.2832244521577161,0.09147236190495357,Accept,0.8524544155394963,-0.1727055138603169,0.9205019464664724,1.3044188500745846,168.87368981246755,Accept,Accept,Accept,Accept,0.1514144231972822
-0.21783108179350455,0.9537829307582086,0.10653558702872386,-0.08266156590873006,0.35079156963269265,Accept,Z3,1.0501935537590779,1.0566064684006184,0.006412914641540681,0.8337402399194386,1.1274152728798894,146.96685038459214,0.10653558702872386,-0.08352068562403919,0.3064691081570591,Accept,1.0572282486174855,0.00703469485840783,0.8253750117583454,1.0967654995089033,161.7622676806561,Accept,Accept,Accept,Accept,0.2718219620032531
-0.16659268303836688,0.8622795054585582,0.09082766071444985,0.006046987100165428,0.3841530676297063,Reject,Z3,0.9857812287022983,0.8934751767509019,-0.0923060519513964,0.8435224205148956,1.1715085291136376,121.39832335303147,0.09082766071444985,-0.09710767060782874,0.27611523554762796,Accept,0.8928339534759835,-0.09294727522631488,0.8248365367036748,1.1497109265529633,135.34012243995613,Reject,Reject,Accept,Accept,0.14585903163751998
0.19064795046765912,1.0249816500950824,-0.022099885807946276,-0.2300628421660641,0.13667382257763916,Accept,Z3,0.9679605003991641,0.9254535878602713,-0.04250691253889277,1.0163624730479723,1.5070484958308665,147.8987753097524,-0.022099885807946276,-0.18994520263663117,0.1468612396008593,Accept,0.9258684344951215,-0.042092065904042644,1.0068096611967972,1.4673189076284843,157.28403204521786,Accept,Accept,Accept,Accept,0.26675999669459427
0.014271656379497332,1.0189695748578838,-0.05457650029655854,-0.23301301702039154,0.16241197824718703,Accept,Z3,0.9908194485280309,1.0285180813213237,0.037698632793292594,0.8097400704996077,1.0172429886918817,138.12749859831254,-0.05457650029655854,-0.237822771179398,0.12087665043452447,Accept,1.027682486000719,0.03686303747268794,0.7985898515827475,0.9888907037334428,151.68795896467023,Accept,Accept,Accept,Accept,0.0858984098217108
-0.09042289418621176,0.9782827482981099,0.07165466063535078,-0.16697086409222173,0.2826976534033537,Accept,Z3,1.0805317069756164,1.0292886308258609,-0.05124307614975551,0.8890048002355758,1.2644678291274354,157.39012359328152,0.07165466063535078,-0.1470521077485391,0.2761367436778863,Accept,1.0293254526606364,-0.051206254314979986,0.8752115182130318,1.2372877943159368,174.6258026976384,Accept,Accept,Accept,Accept,0.3077989525104875
-0.020726778550245975,1.0303975793762226,-0.019055706266862347,-0.2501740959989767,0.17559211635538763,Accept,Z3,1.0204575292871132,0.994941353584329,-0.025516175702784322,0.8483385163336046,1.1351735137563148,150.8004073207235,-0.019055706266862347,-0.2167439446794898,0.17656024059021308,Accept,0.9955687035775962,-0.02488882570951705,0.8475599782493666,1.1190566017774062,171.15221774282787,Accept,Accept,Accept,Accept,0.2122238386803673
-0.03823542687922208,1.0556322343339435,-0.11553228249824728,-0.34308075657024645,0.09307138782026812,Accept,Z3,1.0066597962216204,0.9887498524858667,-0.017909943735753605,0.8219018900072864,1.0258894304668775,154.1809692703093,-0.11553228249824728,-0.32451387871647885,0.09130730636398864,Accept,0.987651322892368,-0.01900847332925232,0.8032516591072053,1.0002629396940015,169.91719225716147,Accept,Accept,Accept,Accept,0.2906717631249256
0.15456557264521747,1.053952780600292,-0.057130352870499466,-0.375330437709505,0.144662862637168,Accept,Z3,0.9845525415362942,0.8923349005274385,-0.09221764100885571,0.8161707251120747,0.9662120816331304,151.4326093780687,-0.057130352870499466,-0.2915925205096246,0.1897866314541771,Accept,0.8918343850056355,-0.09271815653065872,0.8064312520379349,0.9416480082434012,168.35589901595628,Accept,Accept,Accept,Accept,0.2182169280827938
-0.022751893467641678,1.018594120480104,-0.004161727249359506,-0.1957950443539374,0.1359409371020042,Accept,Z3,0.965369295253372,0.9683706904067074,0.0030013951533355227,0.9915071422169031,1.5411013136623402,140.13512217924907,-0.004161727249359506,-0.16065991321820974,0.14825894284257887,Accept,0.9681517476800522,0.0027824524266802397,0.9773619499896472,1.5179972715988586,157.40174139252994,Accept,Accept,Accept,Accept,0.30051830543912716
0.06198564883968683,1.0443767348055992,-0.11371485996378555,-0.2695790933715875,0.10526142308667134,Accept,Z3,1.0244990884092855,1.0250499775189958,5.508891097104074e-4,0.9922777749942275,1.4414748873550014,157.58382496150537,-0.11371485996378555,-0.28833785888405616,0.061494269434701695,Accept,1.0246189673334913,1.1987892420569856e-4,0.9798552732559956,1.4120669063595772,174.75439334799105,Accept,Accept,Accept,Accept,0.27761739138539915
-0.18511428090628668,0.959480541249825,0.06031606586599342,-0.12318116620110406,0.2557078173731373,Accept,Z3,1.026003203245078,0.965948875055357,-0.060054328189721284,0.8696890663170014,1.1464460291091056,117.41335917997847,0.06031606586599342,-0.12227445356396502,0.23481166937774456,Accept,0.9654851578221174,-0.06051804542296082,0.8533667699071327,1.123774929538441,131.75373062297948,Accept,Accept,Accept,Accept,0.21717578722893702
0.0667598557226502,1.017584511927916,-0.09892252172189589,-0.26073708182775207,0.18620047520343586,Accept,Z3,0.9953874808053182,1.0847595009698938,0.08937202016457561,0.8843214592383035,1.168036302931049,150.9764025356899,-0.09892252172189589,-0.2864847113037178,0.07190088888729011,Accept,1.0853120792504798,0.08992459844516153,0.865334167971458,1.101616272031253,146.57369284637926,Accept,Accept,Accept,Accept,0.05630722642363433
-0.055444308203086747,0.9568088283408913,0.09104664191088513,-0.08852244457072435,0.29759567106410745,Accept,Z3,0.9506569395235375,1.1180031399813004,0.16734620045776308,0.9133993140691891,1.372247443902208,145.9766068832324,0.09104664191088513,-0.08231909112319041,0.2805201279009776,Accept,1.1170058556062756,0.16634891608273816,0.9110993334321844,1.3504893335078436,164.51618663955233,Accept,Accept,Accept,Accept,0.0627939354664373
0.22190179371320504,1.0345867308166456,-0.0025343150940381393,-0.2593312561387748,0.15864318888999587,Accept,Z3,0.9581960578527381,1.0055420284539216,0.04734597060118361,0.9019637877494412,1.3426183357899335,163.5563632898233,-0.0025343150940381393,-0.19696672768558393,0.18858564111866943,Accept,1.006286313783752,0.04809025593101402,0.8942372927784669,1.3060371950996639,178.06366461932151,Accept,Accept,Accept,Accept,0.3405956121496282
0.08409608255571614,0.9969628103454169,0.022640246797763636,-0.2232664038531344,0.2777711320799365,Accept,Z3,0.9918836131918,0.9723668249934942,-0.019516788198305653,0.7933856110397624,0.9956903142381115,154.3823602379479,0.022640246797763636,-0.21707035701067257,0.2678858042351733,Accept,0.9729732573688029,-0.018910355822997032,0.7776382572786134,0.9638299922868948,168.06811026438714,Accept,Accept,Accept,Accept,0.2692110252988643
-0.20452448898948652,0.9442978216377458,-0.015685790937214235,-0.151903013104617,0.3242353528661533,Accept,Z3,0.9627265774776288,0.9886652804277207,0.025938702950091912,0.8897884412559272,1.212515579269554,157.30739274786532,-0.015685790937214235,-0.2314429796658472,0.1857216574518299,Accept,0.9883401341868198,0.025613556709190997,0.866408247862878,1.1700164192417584,168.3320849530272,Accept,Accept,Accept,Accept,0.19801354296441973
-0.07731463627011212,0.9966197397789311,0.026054942458805366,-0.21041543174753205,0.19912268155659338,Accept,Z3,0.9857079295135658,1.0711106168482059,0.08540268733464008,0.8906517747671308,1.1883370997558513,141.84605803392097,0.026054942458805366,-0.15842940307908274,0.2086861003350512,Accept,1.0699606766442271,0.08425274713066136,0.8784282661747977,1.1571814482687264,155.67301867404782,Accept,Accept,Accept,Accept,0.17073773296152742
0.4477060566289573,1.0906499021580225,-0.30323318310819314,-0.5194017368694305,0.06087727252041111,Accept,Z3,1.0455222017207382,1.2401899055795107,0.1946677038587727,0.8374764753616986,1.1032663032895071,170.6895494471933,-0.30323318310819314,-0.5737674291019517,-0.05386131846408574,Reject,1.239910855788775,0.19438865406803685,0.8303558708372252,1.0770309656118109,188.39266472572413,Accept,Accept,Accept,Accept,0.34716898143944835
-0.12256266518546824,0.966047141530143,0.10850807376164695,-0.09645773649071838,0.3058248565954022,Accept,Z3,0.9241274807327629,0.9033087115183206,-0.020818769214442284,0.8577140577274556,1.1650069767264748,136.3175160042309,0.10850807376164695,-0.084601770635239,0.30395407329722024,Accept,0.9037953457635916,-0.0203321349691713,0.8510835678069618,1.1442792194211413,154.19017458894302,Accept,Accept,Accept,Accept,0.2169865400871094
0.13491100900455522,0.9820683567166063,-0.0048928238087006335,-0.19894562959218298,0.23574907370683101,Accept,Z3,1.0384354556761026,1.0324085439992623,-0.006026911676840319,0.7905921983413464,0.9764575483463303,132.87675942985956,-0.0048928238087006335,-0.21095411200562814,0.19844172328661197,Accept,1.0332560870364436,-0.005179368639659001,0.7852270688626085,0.9558384221610154,151.4406388068247,Accept,Accept,Accept,Accept,0.21638446331043013
-0.04133709770564901,0.9879753000534786,-9.725902538868872e-4,-0.16172229348003614,0.20458068962034454,Accept,Z3,0.9624644544265974,0.8825632775670418,-0.07990117685955565,0.918256729674704,1.3221265760679413,130.47617114942517,-9.725902538868872e-4,-0.17255956953632695,0.16951849840470962,Accept,0.88243557387126,-0.08002888055533738,0.9148846752336196,1.3062452417513755,152.1850091176193,Accept,Accept,Accept,Accept,0.3844660418058762
0.028429013024650455,1.09082804929149,-0.08766284860950606,-0.3817922372895377,0.05031546451280266,Accept,Z3,1.0110705934722193,1.044228213024907,0.033157619552687714,0.8958637939866603,1.2271735052827677,142.481243598289,-0.08766284860950606,-0.2843388953983089,0.08022723936374895,Accept,1.0440823146718325,0.03301172119961323,0.8818988518718678,1.1817630508698083,148.67576414664003,Accept,Accept,Accept,Accept,0.14915049967579957
-0.08848847394929944,0.9630952489999394,0.05054862628836065,-0.1015195517060003,0.2291288379187358,Accept,Z3,1.0697971664119617,1.0504768478629487,-0.01932031854901278,0.9960558646995082,1.6404891473831358,127.09147821814454,0.05054862628836065,-0.10525097800546174,0.21016793817228768,Accept,1.0495722963973892,-0.02022487001457242,0.9863816062015212,1.621539151254697,144.43106439252787,Accept,Accept,Accept,Accept,0.06982887285666756
0.22752081760241122,1.0834165028684921,-0.17300962664003872,-0.35155425716279953,0.053973832342129796,Accept,Z3,1.0432365022106376,0.953364215761483,-0.08987228644915463,0.9575046276266684,1.3249817434580535,156.28338351323734,-0.17300962664003872,-0.3492776115993524,0.009433787748382168,Accept,0.9531723900888778,-0.09006411212175984,0.9371897700701594,1.3052542760084618,175.1431217634424,Accept,Accept,Accept,Accept,0.16507635459182377
0.11712290676512975,0.9988850648584497,0.0154973715374083,-0.210418118833332,0.2501329811018347,Accept,Z3,0.908875155886038,0.9660992252396038,0.05722406935356589,0.8976870998324799,1.2580971750468453,175.97882163406572,0.0154973715374083,-0.20080538589608146,0.22881931530723432,Accept,0.9658840224519826,0.05700886656594464,0.8981312677814415,1.2438937616804298,199.616538539181,Accept,Accept,Accept,Accept,0.17716659422137065
0.09680854022378656,1.0441759221575744,-0.06931200645478056,-0.295214178454875,0.12019586320426695,Accept,Z3,1.016504863035747,1.0741679379637188,0.05766307492797195,0.9339287184603015,1.219405704101199,154.06454379928218,-0.06931200645478056,-0.2665508090270452,0.12238645586123248,Accept,1.0727981614794966,0.0562932984437498,0.924555576454046,1.2026019346116796,174.32633228351375,Accept,Accept,Accept,Accept,0.1994296027866686
-0.0025321084620954903,0.976261850915713,0.11983080154611735,-0.14836408416333682,0.2674135387150658,Accept,Z3,1.0085554618407506,1.0151184057129108,0.006562943872160075,0.869157587053714,1.1826842590411875,153.474798665079,0.11983080154611735,-0.06821460915884604,0.3109465328469785,Accept,1.0148260986831503,0.006270636842399691,0.876850658129494,1.1471512827730046,165.09776733059155,Accept,Accept,Accept,Reject,0.41076231633236554
0.04811735680764705,1.0466541779188305,-0.05578076855726897,-0.2883794158734398,0.08923348144145102,Accept,Z3,0.9813872117916128,1.0737178966298422,0.09233068483822933,0.9797446120311968,1.5130051612122424,158.87763152548476,-0.05578076855726897,-0.23374483055807277,0.11720929965627286,Accept,1.0726217003689114,0.09123448857729854,0.9689946929671486,1.4882718333399318,178.35703884928836,Accept,Accept,Accept,Accept,0.22165688140344258
0.18687344016641175,1.1239042730470816,-0.1885123379023402,-0.39331303585049476,-0.009915001542692876,Reject,Z3,1.0032835716721396,1.0145318830805008,0.01124831140836145,0.8067264592346397,1.0988389827113272,131.38160571085842,-0.1885123379023402,-0.3652848167910239,-0.02489874666304799,Reject,1.0135527467774175,0.010269175105277894,0.8022706313504845,1.0689038327046354,144.08728665605545,Reject,Accept,Accept,Accept,0.14305503993477964
0.18657517667075288,1.0154916145384447,-0.0037919425347456804,-0.2008004515975763,0.15558966178387076,Accept,Z3,1.0288154531586098,0.9766925546220225,-0.052122898536587116,0.8434320489907593,1.1791337339676877,125.2802914737139,-0.0037919425347456804,-0.1709032073171451,0.16160559998656013,Accept,0.9760939510037143,-0.05272150215489538,0.8360811770196418,1.154173917751173,139.7692051098024,Accept,Accept,Accept,Accept,0.2327925881158004
0.09055180459744314,0.9859386299093074,0.0187871294206695,-0.15686089189187533,0.19103157181900612,Accept,Z3,0.9531313049665117,0.8550558113813486,-0.0980754935851631,0.8458225515289449,1.113564812750473,121.60171121311069,0.0187871294206695,-0.15197266493243394,0.1767853230395586,Accept,0.8556726604801181,-0.0974586444863935,0.8207246529063965,1.084745107334153,135.2553005566048,Accept,Accept,Accept,Accept,0.2784572968720893
0.012784907182031308,0.9719688125591868,0.10912795566273774,-0.14633658236722216,0.25429466227016245,Accept,Z3,0.9900350795595123,1.0523168185566616,0.06228173899714922,0.9199484608495411,1.2857930971334508,150.86915266878418,0.10912795566273774,-0.08670480431793492,0.29303042119662914,Accept,1.053692120816981,0.06365704125746849,0.9133006327777147,1.2527093190701108,164.33439329730808,Accept,Accept,Accept,Reject,0.3740848984100921
0.039076664245528824,0.9814694134943178,0.03495624077045277,-0.11202989129864943,0.19552838322173205,Accept,Z3,0.9839717786891271,0.9746284647241165,-0.009343313965010747,1.0815604787664397,1.7581614523009716,147.04223702400978,0.03495624077045277,-0.11368707969230203,0.17276046405680603,Accept,0.9755134467253518,-0.008458331963775325,1.0649584776735186,1.7351386003046496,165.16759734200699,Accept,Reject,Accept,Accept,0.2858717461906428
-0.2510094766004371,0.9585783563240259,0.029851680326427495,-0.0751488389102036,0.25463359701057964,Accept,Z3,0.9761099253419757,1.0026884207543876,0.026578495412411862,0.9159692670732501,1.2366634075032805,123.81614835099283,0.029851680326427495,-0.1274819691831871,0.1816903769321264,Accept,1.002872439230883,0.026762513888907397,0.8994782051047555,1.2113785813515836,136.68703654455797,Accept,Accept,Accept,Accept,0.1200340807353428
-0.06866336526265328,0.9800196761767216,0.038515475719923184,-0.1334155272014496,0.23195637786598589,Accept,Z3,1.009451122996878,0.9287245925033641,-0.08072653049351368,0.9645126101294902,1.390972854342331,144.57887231539132,0.038515475719923184,-0.12830331903070333,0.2057021646842377,Accept,0.9285028396385664,-0.08094828335831152,0.9493910988284635,1.3617453000072217,158.40721746430634,Accept,Accept,Accept,Accept,0.20617675021235693
-0.14867046693700106,0.9872503295207856,0.029306677953996215,-0.18574257979384098,0.24049000609740337,Accept,Z3,1.0017911311978787,0.834451635066072,-0.16733949613180654,0.941589652381662,1.3645591285111465,148.92062971501065,0.029306677953996215,-0.17841984173054964,0.23200443088801534,Accept,0.8347120266051984,-0.16707910459268016,0.9372179516750281,1.347933125961038,170.76214716077033,Accept,Accept,Accept,Accept,0.22638635177342004
-0.16091920438267066,0.971347069252372,0.13115990058787144,-0.15486038833041738,0.26694276251668886,Accept,Z3,1.017695414490689,1.1605244522999927,0.14282903780930373,0.9010278880229966,1.2973163875041203,147.03410236525323,0.13115990058787144,-0.04770799729266545,0.3223436568176516,Accept,1.161441814242771,0.14374639975208198,0.8874149515871526,1.2598188809569812,156.70955996289825,Accept,Accept,Accept,Accept,0.34354609528038416
-0.11337652095162688,0.9560584775215064,0.04777100555511502,-0.1529714987791082,0.3189173114547706,Accept,Z3,1.069983437739489,1.1003591083931348,0.03037567065364575,0.8322007910238564,1.1015962793504266,159.6922921424176,0.04777100555511502,-0.1658656996492111,0.26130568795231834,Accept,1.0999245336474721,0.029941095907983075,0.8121141541529786,1.0618494666535705,172.20217187038241,Accept,Accept,Accept,Accept,0.28871684622703586
0.150144627167414,1.0246712842089571,0.0316799270803554,-0.23270774646472953,0.13055529451106507,Accept,Z3,1.0220391633093062,0.995333316899177,-0.026705846410129266,0.9001504087647797,1.2476049677050527,136.21988153851038,0.0316799270803554,-0.1349759284602048,0.1976843355746175,Accept,0.9957274889009615,-0.026311674408344757,0.89214922397718055,1.2161303313459262,147.29050566396108,Accept,Accept,Accept,Accept,0.25452343506326874
-0.12789619428909557,1.0088869198811716,-0.09620344702250032,-0.29149355285008915,0.1737677944756694,Accept,Z3,1.0405901067227254,0.9228383273150604,-0.11775177940766497,0.8450259792383054,1.0017721326081435,147.04776657334858,-0.09620344702250032,-0.300322522476322,0.11726558680232863,Accept,0.9230586521259024,-0.11753145459682296,0.8126805630607801,0.960385989098651,156.00699443446197,Accept,Accept,Accept,Accept,0.25965210928226967
0.03348171707183265,1.0014648615593713,-0.03295819940393942,-0.17521016046334986,0.19091745935233645,Accept,Z3,1.0215002166860883,0.885692369029971,-0.13580784765611728,0.9764181330390409,1.50365047151376,148.1926711972512,-0.03295819940393942,-0.19921421889747712,0.12786356657374928,Accept,0.8863046461775304,-0.13519557050855782,0.9588463697814943,1.4674913172490947,159.77419235743238,Accept,Accept,Accept,Accept,0.13796940039593342
0.046360688500251365,0.9711304316120174,0.08332025394531668,-0.17984469590906205,0.2910998829962938,Accept,Z3,0.9843346050079842,1.2098042421661688,0.22546963715818472,0.8542117432348562,1.125443741070243,152.99623458814253,0.08332025394531668,-0.14126327299888947,0.30192863923758123,Accept,1.209079038619357,0.22474443361137283,0.8371793122800988,1.1003700563326284,170.80702408454155,Accept,Accept,Accept,Accept,0.21628873506478288
0.11460455286623494,0.9728034351397756,0.06955872259425615,-0.13586380014305366,0.22208132984182802,Accept,Z3,1.0239733385856316,0.9023911997414422,-0.12158213884418945,0.9270913325474792,1.2878321619089497,145.30913278044613,0.06955872259425615,-0.10451023811308531,0.24048867494934684,Accept,0.9024073411020133,-0.12156599748361833,0.9255838150260111,1.2697482220194098,164.30494611209434,Accept,Accept,Accept,Accept,0.1715001245081489
0.03476566240708186,1.006770365563482,-0.046177705060258034,-0.22491802084854304,0.19123523716416066,Accept,Z3,1.0196763654386256,0.9081221045930781,-0.1115542608455475,0.9151545682183785,1.3153218987590092,165.24396173266345,-0.046177705060258034,-0.2373944757601759,0.137073272942806,Accept,0.9078049784711724,-0.11187138696745319,0.898264326928837,1.272767384496084,180.29130284680394,Accept,Accept,Accept,Accept,0.4367624056546324
-0.23351601192497337,0.951773213027294,0.11948021438556658,-0.11192027200177448,0.2948611347047222,Accept,Z3,1.0414876554161192,1.1065343115443933,0.0650466561282742,0.9963995247317099,1.474482110479279,171.82041244535688,0.11948021438556658,-0.08216060186474677,0.30429521886851907,Accept,1.1065744737175212,0.065086818301402,0.9794897889614401,1.4623153952904075,195.4306096510018,Accept,Accept,Accept,Accept,0.35501204894443583
-0.1479714054793298,0.9332660388343662,0.12443188534137989,-0.0364519933881479,0.2798427662138112,Accept,Z3,0.9727579408974727,0.8566022314929291,-0.11615570940454345,0.9265329644853643,1.4204393632899532,136.5593524974848,0.12443188534137989,-0.02123045188112782,0.2841702259730587,Accept,0.856018169945076,-0.11673977095239677,0.9265249573220932,1.3994750702654417,155.8895754474459,Accept,Accept,Accept,Accept,0.255536787844321
0.21894245585687674,1.0357338509693534,-0.061611710446935926,-0.2774135555434575,0.14585429385786639,Accept,Z3,0.9372895963494253,0.9623239296732087,0.02503433332378331,0.9419511215124292,1.3485247953783805,166.5593560218542,-0.061611710446935926,-0.2614365521276369,0.12671726235142594,Accept,0.961861393213537,0.024571796864111747,0.9290933777279692,1.3099275558644234,180.6687583117646,Accept,Accept,Accept,Accept,0.159593681519392
0.1307497233650884,0.9893700303636193,0.04472225773154871,-0.1631739456636898,0.2152779769572496,Accept,Z3,1.0673290760314091,0.9606175474040459,-0.10671152862736306,0.9447259683627369,1.3862501971349506,153.0647810146286,0.04472225773154871,-0.13568173215116536,0.22860918026592103,Accept,0.9604094789992351,-0.10691959703217395,0.9420720675554801,1.3655157052035904,173.16313026363383,Accept,Accept,Accept,Accept,0.2756607429862559
-0.07492751267142639,0.9599819329496124,0.08471617541158022,-0.11000548404870852,0.26860114201703333,Accept,Z3,0.9417755507673466,1.1235767684253024,0.1818012176579558,0.9542320427670259,1.3679226887229134,148.318940345071,0.08471617541158022,-0.09662158081747578,0.2751479139724984,Accept,1.1224568400108077,0.18068128924346114,0.947971795277137,1.3486726534241074,168.9532651162136,Accept,Accept,Accept,Reject,0.34038537948000475
0.029414546402595505,0.9396583668238907,0.0736429889545039,-0.11245890727063163,0.31685174180962583,Accept,Z3,1.0070423173286933,1.1503371054211948,0.14329478809250165,0.8175258810043059,1.1092650674227849,139.3426264776868,0.0736429889545039,-0.11818599613255691,0.2812171001565709,Accept,1.1514636667757798,0.14442134944708646,0.8049270005746184,1.0876607142545496,157.33074771755358,Accept,Accept,Accept,Accept,0.19442583371393415
-0.121937361675472,1.0283656439526647,-0.04241729006259667,-0.19632618240018906,0.15503176298369462,Accept,Z3,1.0361379342376276,1.009359252775253,-0.026778681462374568,0.845807746845562,1.3225438215433076,114.67608274379225,-0.04241729006259667,-0.20725132628102114,0.13430239522835516,Accept,1.0093662693964585,-0.02677166484116901,0.8433081270364129,1.3099501164200043,134.6344076253138,Accept,Accept,Accept,Accept,0.17330911580257066
-0.08398811236564642,0.987534669912109,0.005671460376354824,-0.13634111866825366,0.20765526661461875,Accept,Z3,0.9791950465117085,0.9033912784739101,-0.07580376803779842,0.8613392908254722,1.170480343424675,118.15682990943608,0.005671460376354824,-0.16257260267301915,0.16857005890672458,Accept,0.9026843237979939,-0.07651072271371455,0.8627740557667797,1.154357730172198,138.30945786669733,Accept,Accept,Accept,Accept,0.18119194412359804
0.05811999159969535,0.9877846865201679,0.019303386222337036,-0.1267143702506542,0.2010651007227696,Accept,Z3,1.0063783402734636,0.8073493044148106,-0.19902903585865306,0.9896936050308794,1.451998179170746,138.7199522111787,0.019303386222337036,-0.14869464189034703,0.1720879760964515,Accept,0.8070669496968442,-0.19931139057661945,0.9846372772752038,1.4345710244423007,157.39801072103998,Accept,Accept,Accept,Accept,0.395647734654237
-0.17103977828336792,0.9076945839959177,0.19491657679667448,-0.0817862114294753,0.4409916491507989,Accept,Z3,0.992858030776134,0.9330185981232494,-0.059839432652884605,0.8063579049789301,1.0118238111957552,170.42416095438492,0.19491657679667448,-0.05630498762650769,0.44574655380875255,Accept,0.9328639090886925,-0.05999412168744152,0.8032249813753211,0.9928862853015439,190.2240461640414,Accept,Accept,Accept,Accept,0.31172595032667344
-0.11863590767983069,1.0569973984005205,-0.14214880178505815,-0.3426143202000373,0.12174928829566993,Accept,Z3,1.0348750105276154,0.9811021078254827,-0.053772902702132815,0.8815977430638798,1.190055799582241,175.61002634459263,-0.14214880178505815,-0.3559928147317828,0.07550848072325322,Accept,0.9808160620349027,-0.05405894849271278,0.8702280552474406,1.1530407330822117,190.85721470508798,Accept,Accept,Accept,Accept,0.37244618055901674
0.023256732157311173,0.9922231427023614,-0.017523773061445053,-0.2027668376563776,0.24358052308921666,Accept,Z3,1.0725181515024682,1.1054655690613595,0.0329474175588913,0.8435432312283454,1.099409765042367,138.78458498416762,-0.017523773061445053,-0.21755324067628673,0.19053371581637454,Accept,1.106281136284323,0.03376298478185484,0.8220639570317657,1.0652688028708461,149.82013294569003,Accept,Accept,Accept,Accept,0.24202208271139525
-0.05516514357393819,0.9959156992120269,-0.01933034714205748,-0.1967146933305869,0.21208228043632935,Accept,Z3,0.9832524911085075,0.8721622905310779,-0.11109020057742963,0.8738005021676054,1.2084714399619776,134.73059552849796,-0.01933034714205748,-0.19399772934358758,0.15986957319484818,Accept,0.872193421819523,-0.11105906928898451,0.8510449893107633,1.1639288956614602,139.03660363252604,Accept,Accept,Accept,Accept,0.12975947200991075
-0.16172558744465726,0.9919478111206166,0.0861611855130734,-0.2544011606947432,0.22206130614674532,Accept,Z3,1.0236284811313743,1.1384022171269483,0.11477373599557401,0.9786834452655178,1.3433913524519414,177.77280946384286,0.0861611855130734,-0.1300323822124284,0.30194569979902586,Accept,1.1388724462334294,0.11524396510205519,0.9413331580916754,1.2855629556436046,186.89573373889723,Accept,Accept,Accept,Accept,0.22526505228546692
0.0573239116259094,1.0760454616845059,-0.18210632661217055,-0.3281634954050558,0.03866281932478191,Accept,Z3,1.0319866728923186,1.0510101203838986,0.019023447491580164,0.9693584750184491,1.401602881220571,130.44392137705555,-0.18210632661217055,-0.3304949279445636,-0.02418733443181681,Reject,1.0511337309522306,0.019147058059912136,0.9435449001259195,1.3502199637398942,129.56972325247165,Accept,Accept,Accept,Accept,0.16329083691896096
0.08118563199940447,1.0015844552653022,0.06563765327706597,-0.19358383031168752,0.1950164254132354,Accept,Z3,1.1308706435395397,1.1369330455845115,0.006062402044971651,0.949327403138368,1.3872931314824184,153.7528276021195,0.06563765327706597,-0.10793283012733415,0.2399699865065984,Accept,1.1364202205451026,0.00554957700556282,0.9288478277320965,1.330859135625353,156.192875356838,Accept,Accept,Accept,Accept,0.20310451181495137
-0.18500774133524073,0.9655093876695845,-0.05788159529876984,-0.17958418863092596,0.30100116346325784,Accept,Z3,1.0920700710883255,1.0066217486143336,-0.08544832247399191,0.8873076339027954,1.2441099874213923,176.38113350000427,-0.05788159529876984,-0.26341485282562804,0.1347299133737819,Accept,1.0086224821324006,-0.08344758895592491,0.8449783499263499,1.1748995220732126,181.8429798730888,Accept,Accept,Accept,Accept,0.23163224277716307
-0.032505962317795484,0.9870357769239365,0.04589960756412939,-0.1801147866775049,0.23125893928397723,Accept,Z3,1.091402720175026,0.9136975398574556,-0.17770518031757046,0.7950092905583442,1.0019365272102996,134.8156656921224,0.04589960756412939,-0.1319746883137222,0.21912796233786502,Accept,0.9132309551134904,-0.17817176506153573,0.7677664716422546,0.9611930215328441,140.50984224952873,Accept,Accept,Accept,Accept,0.10648564236900539
-0.07652988238970808,1.0248323904270953,-0.046137149033570114,-0.2431268421109581,0.1666047205089144,Accept,Z3,0.9363505521197762,0.9721212166964858,0.03577066457670964,0.9776377757921776,1.5217841627329718,169.93945045055034,-0.046137149033570114,-0.24732023277346726,0.1316505997207013,Accept,0.9715241653093902,0.03517361318961402,0.9644378497354417,1.4937181486144644,188.722150106143,Accept,Accept,Accept,Accept,0.36648154802375416
0.10889697124918483,1.0957193722192065,-0.21262834757392435,-0.3733729024616315,0.05395830644056739,Accept,Z3,1.0387172459400171,1.1833875906603881,0.14467034472037096,0.8178684854309429,1.088279791325565,144.9891144360293,-0.21262834757392435,-0.4143747130321678,-0.008810215531293422,Reject,1.1838133792367609,0.14509613329674376,0.820235401930199,1.0710110024531323,166.0273091378224,Accept,Reject,Accept,Accept,0.12801054823808167
0.12884543737245027,0.9933894309631616,-0.0504740259966699,-0.20913666875548906,0.19802049017922801,Accept,Z3,1.0454716865550622,1.000440626911407,-0.045031059643655176,0.8304313707227793,1.1038296525623295,146.3394732081672,-0.0504740259966699,-0.24765816043887895,0.15432809684036708,Accept,1.001273473583262,-0.04419821297180006,0.8182600689468288,1.0802550993152287,164.83896089674658,Accept,Accept,Accept,Accept,0.30781622756781024
-0.12466142469448589,0.9335692368122566,0.1512462728085504,-0.06601495195700352,0.3591983566111916,Accept,Z3,1.0280737569654794,0.9840112738224627,-0.04406248314301676,0.7583077587215726,1.1051313846138198,149.8883505893647,0.1512462728085504,-0.0368346533702401,0.34044643197534213,Accept,0.9849424819376169,-0.04313127502786263,0.7488820171666779,1.058688639391955,156.940671447709,Accept,Accept,Accept,Reject,0.405903533069556
0.04943349880015488,1.0294033499598068,-0.11015266825801184,-0.3519580311851325,0.1668024620574079,Accept,Z3,1.0806088182974396,1.2249026860321708,0.14429386773473138,0.8338022633227279,1.0571979753289091,151.72787057435534,-0.11015266825801184,-0.34465753339042404,0.12222537474206516,Accept,1.2247785257481287,0.14416970745068927,0.8089009496045491,1.0223237770520839,164.72246314008777,Accept,Accept,Accept,Accept,0.3236308551467631
-0.06504848790076173,0.9881926256891964,-0.06796186355033483,-0.19763630737513896,0.22489189674926363,Accept,Z3,1.0365286223446233,1.1336930464327128,0.09716442408808955,0.9433309203511325,1.2845332637089908,154.12078083414212,-0.06796186355033483,-0.2681848364654898,0.12766270835449073,Accept,1.133147569791232,0.09661894744660883,0.9245520613698676,1.2509019639193804,170.61061304762586,Accept,Accept,Accept,Accept,0.31498019965974194
0.04586743087599588,0.9902996669325507,0.027100504542026668,-0.17791078950061526,0.20339882014129795,Accept,Z3,1.0787625761851702,0.9879501194166964,-0.09081245676847381,0.9770719971997289,1.50161709888598,145.12716516693013,0.027100504542026668,-0.14672898183927374,0.20505337696314752,Accept,0.9882416689564245,-0.09052090722874563,0.9756804415956717,1.4728860681885467,158.94792288580848,Accept,Accept,Accept,Accept,0.14890715030419602
0.039212447288653494,0.9821214571640615,-0.019049559681958227,-0.19276082141141124,0.2755112589123221,Accept,Z3,0.9424228614246336,1.0376609517982054,0.09523809037357178,0.9460432820638313,1.3516332942782692,168.961742532783,-0.019049559681958227,-0.22801865100490468,0.19800519771354183,Accept,1.0382973780323337,0.09587451660770013,0.9307060672080332,1.2993171711001588,177.8611417829939,Accept,Accept,Accept,Accept,0.12126013941624379
-0.13176462780689036,0.9985274961525801,-0.1485167226444337,-0.24187162401651346,0.2551186323000656,Accept,Z3,1.0191226154463402,0.9948124440789919,-0.024310171367348164,0.8554803871745539,1.1596941114033248,153.11053386941427,-0.1485167226444337,-0.3882375193174715,0.09789516957025433,Accept,0.9948912457818463,-0.024231369664493862,0.851278035563222,1.1380797946903118,170.69962017753795,Accept,Accept,Accept,Accept,0.20542000152560042
-0.03321726409101773,0.9673179600224034,0.10512143243739241,-0.1341815476204753,0.2556418427637921,Accept,Z3,0.9816251037407193,0.9614081424031252,-0.020216961337593986,0.9123971516881352,1.3217551310525832,147.1695144432259,0.10512143243739241,-0.08086468957496651,0.273742027210503,Accept,0.9610077821831506,-0.020617321557568638,0.9026750053480367,1.2822442231711662,157.03419642413317,Accept,Accept,Accept,Accept,0.14291206644695328
0.2961697575075979,1.099366273090787,-0.2356562359743355,-0.41609321974648106,0.026469020324263456,Accept,Z3,1.0129395420686422,0.9643275943342599,-0.048611947734382356,0.8364018750065001,1.171216411894337,153.85358460972378,-0.2356562359743355,-0.43572577734078455,-0.034625768228399315,Reject,0.965393404705551,-0.04754613736309115,0.8350059332894189,1.1421802850875817,169.9316524846725,Accept,Accept,Accept,Accept,0.17220078801648953
0.050220199814916024,1.032507069016613,-0.009835355531675192,-0.28592791258284117,0.13682742030049405,Accept,Z3,0.9271132993390204,0.9970544128762616,0.06994111353724115,0.9272017229801429,1.3800018336152422,161.5499808214928,-0.009835355531675192,-0.2232574701251092,0.17909634370077965,Accept,0.9966154641159957,0.06950216477697524,0.9099721638581879,1.3449222432577153,176.37661028267343,Accept,Accept,Accept,Accept,0.24874144910380236
-0.10525067760001339,0.9582720953232965,0.0822974954528301,-0.12878722046037744,0.29669042337616897,Accept,Z3,0.9496076490858657,0.9719906586984406,0.022383009612574847,0.8586481875713505,1.227455614598197,153.827337133118,0.0822974954528301,-0.10272184196263892,0.2832997959644895,Accept,0.9724103205862613,0.022802671500395607,0.8496917124440698,1.1896673581824835,165.43692147693935,Accept,Accept,Accept,Accept,0.29740613839460156
0.17441607836696804,1.0636184093840726,-0.06689505563718272,-0.31733511503466694,0.0771276692845988,Accept,Z3,1.0183249217390564,1.0432502075053758,0.02492528576631937,0.9298791345397828,1.238065044942447,150.42046694182423,-0.06689505563718272,-0.2444062627519616,0.11659090271317211,Accept,1.0422880342236225,0.023963112484566094,0.9255894571951928,1.2048542465295329,162.7964497497573,Accept,Accept,Accept,Accept,0.10700402057239966
0.14745310854403434,1.0710918274564523,-0.09251974109347998,-0.31415265720894553,0.02719742961028583,Accept,Z3,0.9599736168736387,0.6980599125327781,-0.2619137043408606,0.9272840871127858,1.4614395192934382,146.5295301056234,-0.09251974109347998,-0.24584460558367827,0.06716408262828258,Accept,0.6968138713880864,-0.26315974548555227,0.9214171050744996,1.4258700338277825,158.44752423117575,Accept,Accept,Accept,Accept,0.22851377097116835
0.2189484702612364,1.066432699790195,-0.119361532604863,-0.329149674628161,0.05884572201792561,Accept,Z3,1.0462984167600347,0.8869725889493079,-0.15932582781072677,0.8734280828454064,1.2744176789712716,144.70862583415436,-0.119361532604863,-0.30599765335499157,0.06795495474123285,Accept,0.8865692064037916,-0.15972921035624307,0.8759341428634454,1.2535576065890432,164.18517339438304,Accept,Accept,Accept,Accept,0.2723966512954892
-0.16901281846774607,0.9012534724032125,0.13335350393541734,5.166297740513415e-4,0.4276025083479259,Reject,Z3,0.9674551253820726,0.8780953671768904,-0.0893597582051821,0.9171666520744063,1.239714652155477,150.63579909586446,0.13335350393541734,-0.06594374939426975,0.3251615052505706,Accept,0.8789942095485729,-0.0884609158334997,0.9001539392389915,1.2051036826363286,165.03429416547704,Accept,Accept,Accept,Accept,0.20511410148054193
-0.05441826526334175,1.0009570346815027,-0.008117091063416893,-0.2201318251667611,0.19463416929324284,Accept,Z3,0.9729794165463629,0.9382964939162122,-0.034682922630150666,0.8579166965202719,1.1499807224942742,150.95456959931442,-0.008117091063416893,-0.19773860337980126,0.17615124501765544,Accept,0.9381990125544062,-0.03478040399195671,0.8458223619089925,1.122243072780571,167.36863114530763,Accept,Accept,Accept,Accept,0.1219383125683414
0.013661595723499927,0.9514880318271953,0.06148778712054772,-0.10636447078929247,0.2817692903418884,Accept,Z3,1.073309797798554,0.9152792983370382,-0.1580304994615158,0.9025426832278889,1.2396227177122947,152.37165765516374,0.06148778712054772,-0.11443912706539566,0.2349196079399183,Accept,0.9145648557751503,-0.15874494202340356,0.8889109133476856,1.2218367558471674,172.74231921713047,Accept,Accept,Accept,Accept,0.1439575377570051
0.10868564538836739,1.0323240321771139,-0.06337201743835587,-0.2711941481699992,0.1489667924197341,Accept,Z3,0.9953848207514346,0.774427741941914,-0.22095707880952056,0.8610527346042179,1.1221427897610317,147.57454716252005,-0.06337201743835587,-0.2533611518881242,0.13363051108436558,Accept,0.7740200051843169,-0.2213648155671177,0.8578268359883723,1.0918635581764802,163.0604555637857,Accept,Accept,Accept,Accept,0.16627341693191935
-0.03288209255790321,0.9689834576225465,0.02076211024277917,-0.11747311987456305,0.2775629506518535,Accept,Z3,0.9766837532165099,0.9867000837121787,0.010016330495668656,0.8991492808453083,1.3366148802673643,159.10446670163765,0.02076211024277917,-0.166050081173544,0.2133489249703754,Accept,0.9860976549213363,0.009413901704826292,0.8952203993915382,1.3078005817089287,176.7326919081821,Accept,Accept,Accept,Accept,0.25562225465771093
-0.10382531743769557,0.9942189742451889,0.09065461836888543,-0.1645655640443858,0.19761720955024864,Accept,Z3,1.1186898319692986,0.999310402312211,-0.11937942965708753,0.933032107100214,1.2395268265263564,127.81737833127391,0.09065461836888543,-0.04552577731715278,0.23260955426321658,Accept,0.9990915628205209,-0.11959826914877772,0.9113072522460935,1.1743428750188125,116.06455286892044,Accept,Accept,Accept,Accept,0.13672741609717295
-0.07849404270784849,1.006231338397325,0.017010271405107212,-0.18735003345731155,0.16763979696665143,Accept,Z3,1.0064962185021809,0.9838731686473514,-0.022623049854829488,0.9449603459409639,1.363788014956931,138.9355778062304,0.017010271405107212,-0.14207730089728135,0.18017802618661838,Accept,0.983275950892603,-0.023220267609577912,0.9423279428811626,1.3346067523934875,151.57361444271217,Accept,Accept,Accept,Reject,0.3451120868926405
-0.026498638060103292,0.9458794019418637,0.07387866999351339,-0.08828821592846291,0.37011479163964484,Accept,Z3,0.9844292153174387,0.9329049621064438,-0.05152425321099486,0.962792077393666,1.4583915971212043,175.2514036615584,0.07387866999351339,-0.12736400481196947,0.27766390323367623,Accept,0.9329517054641773,-0.051477509853261424,0.9600348485701754,1.4052405566785584,187.6298844147806,Accept,Accept,Accept,Accept,0.10765858340535472
-0.04625397924505706,0.9754584220501267,0.06456629781461012,-0.15444075873753083,0.2655178009029065,Accept,Z3,0.8952663460944226,0.877984665999859,-0.01728168009456358,0.8898503644914589,1.2450164135869675,162.58184747696956,0.06456629781461012,-0.1086994588757043,0.25648723657771105,Accept,0.8787899426096372,-0.016476403484785365,0.8653029040115763,1.190059707299706,169.3888937514008,Accept,Accept,Accept,Reject,0.37389208343230684
0.16207879157525157,1.0838172911147737,-0.13267424569917838,-0.3671452291403441,0.06757783928324963,Accept,Z3,1.0461053685999242,0.9874764066995616,-0.0586289619003628,0.8706210980336067,1.1618836168746198,166.27432687179257,-0.13267424569917838,-0.3326083004552044,0.06349034179909657,Accept,0.9874335522945235,-0.058671816305400845,0.8647148875688206,1.1383676885443947,186.54383910515975,Accept,Accept,Accept,Accept,0.34962776437884385
-0.006111990251114462,0.9775558425712977,0.017244237035902513,-0.15537386059207056,0.21332051706655114,Accept,Z3,1.0592468758466387,1.0200989675492784,-0.039147908297360305,0.8492774000652303,1.10698274266968,128.91733431415966,0.017244237035902513,-0.1531173984106714,0.1934329148473194,Accept,1.0197901609814257,-0.039456714865212954,0.8364511392467427,1.0874319374982344,148.19048926290827,Accept,Accept,Accept,Accept,0.24155731902229496
-0.0656167654958264,0.9934487066395881,-0.005222095146952687,-0.14378984980947257,0.18462371972371133,Accept,Z3,0.9882233422159479,0.9461236426871218,-0.042099699528826084,0.9778014999149991,1.4110185004756384,138.7565387842487,-0.005222095146952687,-0.15130492324448047,0.14773673665206508,Accept,0.9460376072965377,-0.04218573491941017,0.9691526405895676,1.3733735155429694,150.20968341209894,Accept,Accept,Accept,Accept,0.2616761954542313
-0.13990145763240633,0.9229314573586008,0.04842323318269754,-0.07226850463166548,0.3530964435948615,Accept,Z3,0.924127375902827,1.1149958227171881,0.19086844681436108,0.8846286859275689,1.2809658961421735,163.58543120686195,0.04842323318269754,-0.1634377161977883,0.26144868733604393,Accept,1.115145978997285,0.1910186030944581,0.8883674957577007,1.2514385198728393,180.9348461342089,Accept,Accept,Accept,Accept,0.2818237985798151
-0.1905368064176496,1.015951418316221,0.04304201649605122,-0.18905637707349765,0.17270642684291054,Accept,Z3,1.0162909607411477,0.8062082642785553,-0.21008269646259245,0.9646486322020367,1.2999535159773774,138.48865936474215,0.04304201649605122,-0.11531824261194348,0.2072390044998364,Accept,0.8058595417212547,-0.210431419019893,0.9672787306787121,1.2620959882976148,147.70802817901472,Accept,Accept,Accept,Accept,0.06466838886762619
0.11717225165983061,1.0166267591976705,-0.06397726412233606,-0.26925107688730815,0.18091521539491137,Accept,Z3,0.986815996111246,1.1922907567947396,0.20547476068349343,0.855825547492505,1.1705374486975733,148.70986926008618,-0.06397726412233606,-0.2563654293410951,0.13182185247122064,Accept,1.1925041002694767,0.20568810415823066,0.841832119120645,1.1245433859907834,155.19095114367224,Accept,Accept,Accept,Accept,0.12759425229706606
-0.3384554179295942,0.8827801345560542,0.13167762180843867,-0.03548729097145348,0.4018700411223465,Accept,Z3,1.0132900915185685,0.924544776772064,-0.08874531474650457,0.8767270425831012,1.2243422382623654,149.12929366119545,0.13167762180843867,-0.07171571426783852,0.331370947800791,Accept,0.9251636409707358,-0.08812645054783275,0.8562545215482622,1.189248599919154,160.58532692616942,Accept,Accept,Accept,Accept,0.24492824844351976
-0.4942499427978763,0.9034758382754202,0.19049417701531537,0.035903726189387516,0.440402577534718,Reject,Z3,0.9170173150268287,1.0917971285337063,0.1747798135068775,0.9497716061395147,1.3734273830722485,161.81447670871594,0.19049417701531537,0.0038488771168058433,0.38865902325601553,Reject,1.091807410719181,0.17479009569235227,0.9501844039498851,1.3567771787419545,183.6424754299302,Reject,Accept,Accept,Reject,0.3754238938821706
-0.243677030183983,0.9255294910348281,0.12973875436390672,-0.026691736362039087,0.32413933947076107,Accept,Z3,1.0099519787221707,1.1140140520179058,0.10406207329573526,0.9015395277011327,1.3053794696131302,141.6589294479526,0.12973875436390672,-0.027683409236871605,0.2831340665368506,Accept,1.1141318645987581,0.10417988587658761,0.8808608692138055,1.2700464513345913,152.14995135082816,Accept,Accept,Accept,Accept,0.13584758480567488
0.13558692246991216,1.047086522145714,0.011408282008206691,-0.3198497282744777,0.10687777063360313,Accept,Z3,1.0405225360085413,1.00661286739522,-0.033909668613321335,0.8090950105421206,1.1073585742105536,154.79065132411515,0.011408282008206691,-0.1886241392011462,0.205884706420468,Accept,1.0074392683914533,-0.033083267617087894,0.8009096679254918,1.065606268129087,167.33848168541996,Accept,Accept,Accept,Accept,0.17682226685386318
0.1201478966872531,0.9719606079984858,0.04290497421184926,-0.16972724281067775,0.2612438169475266,Accept,Z3,1.0013032205088213,1.040517173243049,0.039213952734227876,0.7625692167935321,1.0404417417198426,144.36337575120507,0.04290497421184926,-0.15194382291309805,0.2526392769460768,Accept,1.0404833769466146,0.03918015643779356,0.7643950984315075,1.0206024353602743,163.65466254345768,Accept,Accept,Accept,Accept,0.22053254922168883
-0.01609742540785784,1.0210507191974851,0.03339938581522192,-0.2593432762277949,0.20195422416137498,Accept,Z3,0.9546542522356684,1.07817575665277,0.12352150441710188,0.9099123849716524,1.2551782308494195,174.4520165389301,0.03339938581522192,-0.17100336722364012,0.23816013882498216,Accept,1.0764841049658063,0.12182985273013794,0.8701074311347073,1.196681838181157,182.8304136263131,Accept,Accept,Accept,Reject,0.4423918230109934
0.11439999449707232,1.025042081137636,-0.0012950159658557064,-0.24800945018415094,0.1792727465344935,Accept,Z3,1.0124422219720688,0.9745577126320499,-0.037884509340018885,0.8815078995846497,1.1125579390771134,137.3138732049461,-0.0012950159658557064,-0.19930613423624782,0.18343160942929476,Accept,0.9754702899057773,-0.03697193206629148,0.854294100689451,1.0752007646903117,145.51055649836022,Accept,Accept,Accept,Accept,0.13969870972094267
-0.1572563766256666,0.9313355071686752,0.09268866992257113,-0.06735558767199307,0.3457273748787923,Accept,Z3,1.0514614603516002,1.037960064120865,-0.013501396230735041,0.9264777137297691,1.3910701302875141,173.43129442706385,0.09268866992257113,-0.0906435324994255,0.2844319576465357,Accept,1.0376541398217909,-0.013807320529809139,0.9070120422584173,1.343785199967119,184.734529100346,Accept,Accept,Accept,Accept,0.3228641507665133
0.294683441175206,1.0865749793394872,-0.08000163699889057,-0.3826059272047879,0.013460731280786665,Accept,Z3,1.0225229862651712,1.2122167000832946,0.18969371381812347,0.8812894343069181,1.19201744853568,141.3654501576306,-0.08000163699889057,-0.269483243203259,0.11654288082399626,Accept,1.2120231646114212,0.18950017834625016,0.8529409333850311,1.1599178276833308,155.74781741216097,Accept,Reject,Accept,Accept,0.2368396013040089
0.016223556162644964,0.9847626994738026,0.07617908009462927,-0.15987725022469265,0.23963266241273504,Accept,Z3,0.9548901064501611,0.9291502052444344,-0.02573990120572688,0.9540774699872199,1.361725444021003,156.55365576023885,0.07617908009462927,-0.10913993742455735,0.26309926787989396,Accept,0.9293105646268406,-0.025579541823320527,0.9519475026842897,1.3264374234241572,170.43893373300455,Accept,Accept,Accept,Accept,0.3523053097961933
0.044605330108545206,1.0406443677612724,-0.09462120112540047,-0.30829732888618977,0.12095367710200668,Accept,Z3,1.039463205663122,0.9060616375468706,-0.13340156811625137,0.9022516409569917,1.3607615321442657,161.36887519221182,-0.09462120112540047,-0.26821165668225005,0.08355955950954168,Accept,0.9049324075204207,-0.1345307981427012,0.8927051242087617,1.301230826531622,164.60225667588432,Accept,Accept,Accept,Accept,0.1919451361576693
0.16620204743436687,1.0851460616442654,-0.22285628484849268,-0.3979251976291497,0.005106452731579433,Accept,Z3,1.0119133036485695,0.9749602614557412,-0.03695304219282826,0.8724158003742228,1.2645331203254038,155.24783249454686,-0.22285628484849268,-0.4148224780293559,-0.02977999425094155,Reject,0.9759378000629795,-0.03597550358559003,0.8675007505283674,1.250698331191341,178.7915056460565,Accept,Accept,Accept,Accept,0.15612991554960293
0.006507641180142691,1.0126115742036317,-0.0263635043642441,-0.2104511942536896,0.17503452104115896,Accept,Z3,1.0332319056580117,0.9710226597454753,-0.0622092459125363,0.9864201266159428,1.5333513892835746,148.03924617742308,-0.0263635043642441,-0.19915275307624042,0.1446355135366189,Accept,0.9702865874366278,-0.06294531822138397,0.9621410206041691,1.5024036153524645,163.3826232017927,Accept,Accept,Accept,Accept,0.21609057620357297
0.06702189536305193,0.9957884174578202,0.019073700588319843,-0.19447571576795758,0.20548706302944167,Accept,Z3,0.9705670567883342,1.1420104836316605,0.1714434268433262,0.9526472159290151,1.4187665113866206,156.15812798900467,0.019073700588319843,-0.1505231673347065,0.19678009880212988,Accept,1.1432823434399635,0.1727152866516291,0.9491918484636953,1.3591080800952702,158.73872988623305,Accept,Accept,Accept,Accept,0.2763254450309928
0.3165885146638405,1.148461108899325,-0.14762252659406302,-0.47830407640403294,0.02640723536078355,Accept,Z3,1.0361349840350438,1.0166534048738576,-0.01948157916118623,0.7981545890316734,1.029577520203275,155.17241204702546,-0.14762252659406302,-0.3916684579620461,0.07220447761153298,Accept,1.016756755204285,-0.019378228830758792,0.7697468353421705,0.9922467687131963,168.31399547634996,Accept,Accept,Accept,Reject,0.363654720451841
-0.05019219250210204,0.9803526923920632,0.01259130429314646,-0.22421030537370712,0.29411306272351073,Accept,Z3,0.9957558536526842,1.1249326726153854,0.12917681896270117,0.7996481831487108,1.09829511881599,162.28819608974982,0.01259130429314646,-0.22302405422473384,0.24584919773984168,Accept,1.124458455762287,0.1287026021096027,0.7651475755781282,1.063670462728347,176.4331035869976,Accept,Accept,Accept,Accept,0.4742487809455094
0.029441221626764616,0.9975030219947001,-0.03780370699991791,-0.21564342628502461,0.220501509111321,Accept,Z3,1.033649072063378,1.003240465780403,-0.030408606282975016,0.8207074467274825,1.1182164857159136,141.6946565122559,-0.03780370699991791,-0.2433861648433374,0.1546762700579964,Accept,1.0017255680066346,-0.031923504056743345,0.8245592877956355,1.0871799482319973,156.23086139990755,Accept,Accept,Accept,Accept,0.2628098425386254
-0.18908951716210592,0.9593330350506755,0.0808794366095634,-0.08906398140103605,0.24845713436968578,Accept,Z3,1.0028147194074273,0.948440321410912,-0.054374397996515327,0.9490929216916624,1.3582925377825301,121.22391455066403,0.0808794366095634,-0.07463563521000446,0.23082902847545206,Accept,0.9499304884034037,-0.05288423100402361,0.9360388016591239,1.330803489667894,131.88052001792215,Accept,Accept,Accept,Accept,0.08343058594574997
0.1139170663415693,1.0607285769385297,-0.11589887315102246,-0.2867343692879915,0.07081583304938613,Accept,Z3,1.0615170342239533,1.1602564931298232,0.09873945890586988,0.843603745486217,1.2640328652899688,150.81073676356445,-0.11589887315102246,-0.2911459512856148,0.07059538277899124,Accept,1.1588529602908137,0.0973359260668605,0.8413798054549598,1.2498442654411495,170.69966284349678,Accept,Accept,Accept,Accept,0.13701644003746705
0.0893473457687144,1.0228342463050426,0.006599826233699156,-0.27641106821167727,0.1999810975908296,Accept,Z3,0.9799935518071231,0.8959379110823285,-0.0840556407247946,0.9069633458061024,1.341843853987125,177.2416713811409,0.006599826233699156,-0.20836267286558105,0.20906338476840122,Accept,0.8968425612931661,-0.0831509905139571,0.8741189461583094,1.2781776279846346,182.20742798763283,Accept,Accept,Accept,Accept,0.390069605195383
0.3173158490465228,1.0957388553667708,-0.1543900677907012,-0.33938692547684,0.047396358071385675,Accept,Z3,1.0693658248959403,1.1462842915190616,0.07691846662312138,0.8841740815060163,1.2352933529930112,149.99481967441042,-0.1543900677907012,-0.3310017821459808,0.014908345439941878,Accept,1.1460098725647758,0.07664404766883566,0.8602043131787334,1.2000037348704085,162.53211450308157,Accept,Accept,Accept,Accept,0.10552971963419103
-0.18812060220074708,0.8467919686641309,0.1932053619759445,0.062160251898323554,0.4720584202038607,Reject,Z3,1.0448907298612906,1.2223918629415633,0.17750113308027257,0.9243613523990132,1.38263258705286,167.37899224905073,0.1932053619759445,0.029352892836323207,0.3683202038045952,Reject,1.222948094035981,0.17805736417469029,0.9057742689261145,1.3183821372325233,170.24838490083206,Reject,Accept,Accept,Accept,0.2795766580131493
0.10908358146081651,1.0882283320486454,-0.1058890927504355,-0.389588024094158,0.01371215810644072,Accept,Z3,0.9466531166711597,0.9231233901888758,-0.023529726482283735,0.8040930406857025,1.0609191670706455,138.59084020460296,-0.1058890927504355,-0.290895201638714,0.08896969414576619,Accept,0.9241679524434969,-0.02248516422766271,0.7768283143423966,1.024851325614743,148.4640357199082,Accept,Accept,Accept,Accept,0.08327334909213427
0.035797272675363805,1.0485134757153243,-0.16249861666359627,-0.35265863495025157,0.1507117823967507,Accept,Z3,1.1032550139019297,1.0962644374319475,-0.006990576469982305,0.8102625117773724,1.058319557522838,165.1844501064074,-0.16249861666359627,-0.3882192632156218,0.06773896501584264,Accept,1.0969673781893798,-0.006287635712549743,0.7974689256522405,1.0065897003595004,172.5595374064395,Accept,Accept,Accept,Accept,0.24171098977697694
-0.07267467477891743,1.0208044385515098,0.009330759596352933,-0.2244615908416362,0.1441925642203904,Accept,Z3,1.046707612084737,1.1571186947586982,0.11041108267396141,0.9622444468333168,1.48788798784961,150.00032657116645,0.009330759596352933,-0.1518537444946833,0.16103710095934606,Accept,1.1572653339410846,0.11055772185634766,0.9657147301474102,1.437058171690975,154.02586322645595,Accept,Accept,Accept,Accept,0.14550675334432076
-0.16618836448543156,0.8695187550015433,0.21105824314262037,-0.018586628334763246,0.4392095291745884,Accept,Z3,0.9618056914677291,0.9161561455601127,-0.04564954590761638,0.9143273423488643,1.2046205900031246,153.25692417338905,0.21105824314262037,0.013547943305096977,0.40759880335339116,Reject,0.915536471124104,-0.046269220343625114,0.8853111107950045,1.1605021849363744,160.80961463108093,Reject,Accept,Accept,Accept,0.06564357138050383
-0.006043651399037964,1.0193463355825623,-0.03563969718945983,-0.2442796559304612,0.16542907990211697,Accept,Z3,0.9317251840348106,0.7846164110770755,-0.14710877295773517,0.8498759472980544,1.0412812648672372,143.77212720922373,-0.03563969718945983,-0.21732726274623343,0.14050749121835326,Accept,0.7853562375768497,-0.14636894645796097,0.8208024433051391,1.0040308698888463,154.57818040097928,Accept,Accept,Accept,Accept,0.13780626718856115
0.06127051934871045,1.0306099262152086,0.051775251798315755,-0.27500117177982797,0.14261643986265468,Accept,Z3,0.9118711120447962,0.7853219978279934,-0.12654911421680287,0.865445024680229,1.1761874912156158,133.98026818307488,0.051775251798315755,-0.1272839058182748,0.22701177246543786,Accept,0.7858708867542896,-0.12600022529050658,0.8496899725524116,1.1339879815523688,141.06075155350666,Accept,Reject,Accept,Reject,0.36176609693134876
-0.11386656419416323,0.948829671647517,0.16292603890856644,-0.0676901135931896,0.3286933338043318,Accept,Z3,1.0321575714935034,1.1554514925966815,0.1232939211031781,0.8491520571425724,1.1423334899789102,133.6309987184534,0.16292603890856644,-0.03201953949992593,0.35857338789218796,Accept,1.1560236830386925,0.12386611154518926,0.85043609763902,1.1326465480995942,156.20525476378606,Accept,Accept,Accept,Accept,0.2281193362178787
-0.32779004938114364,0.8914366868773581,0.11626399533621373,-0.06645724640063685,0.3480224032574315,Accept,Z3,0.9546029383285161,0.9723192616258056,0.017716323297289588,0.974514680364713,1.3869298337607525,157.24289942673195,0.11626399533621373,-0.079547061504604,0.31824775353028056,Accept,0.9716525064511595,0.017049568122643476,0.9655513884765896,1.3774366539646514,181.58837275959817,Accept,Accept,Accept,Accept,0.18700767874939037
0.11773450859129218,1.0384632021633329,-0.12463708002433127,-0.2632857331685512,0.15818768519805337,Accept,Z3,0.9813179658729269,1.145384715298119,0.16406674942519195,0.9001100931614303,1.1436152076132604,143.03465946463933,-0.12463708002433127,-0.31872347866414114,0.06263666528794984,Accept,1.1453236191918925,0.1640056533189657,0.8863752156522962,1.1015368829624095,150.02910782665975,Accept,Accept,Accept,Accept,0.33767108048117717
0.24788253266450827,1.0167690143081523,0.012846804245962575,-0.1888937035294154,0.18346822388530398,Accept,Z3,1.0018940275342125,1.0060444732996712,0.004150445765458441,0.9010126363353129,1.3065180021618408,139.39738989035098,0.012846804245962575,-0.16241816511748491,0.18338172040012324,Accept,1.0061895306944721,0.004295503160259486,0.885625080732988,1.2810398202060862,156.09029567959413,Accept,Accept,Accept,Accept,0.24655919850539207
-0.12999554971911279,0.9528065447045087,0.0519578929214918,-0.08951939858438356,0.2829712325677917,Accept,Z3,0.9244958026259437,0.8898144839560662,-0.03468131866987737,0.8645036076622623,1.1926467186560963,138.54626516727583,0.0519578929214918,-0.1262563289096209,0.2286985724234999,Accept,0.8891439228202204,-0.03535187980572323,0.8509937076893518,1.1672320680030681,154.87171207658469,Accept,Accept,Accept,Reject,0.3592993712160059
-0.18267115227237463,0.9215836949883082,0.14665350112391737,-0.07828101758951275,0.37761274556627283,Accept,Z3,1.0067510695814892,0.9274705050519855,-0.07928056452950372,0.8866047526313758,1.1623831228429755,146.52807779955484,0.14665350112391737,-0.060420543720162825,0.34508036731841224,Accept,0.9272079193326551,-0.07954315024883399,0.8652338548733846,1.1328664962822679,161.67165193727476,Accept,Accept,Accept,Accept,0.3284681162288493
-0.18169757016170712,0.9356172190910602,0.14985924954420046,-0.05242850506905367,0.33218108107441086,Accept,Z3,0.9764201885191678,0.9710924809485028,-0.005327707570665047,0.8436575298933555,1.223059684888672,137.14829280018245,0.14985924954420046,-0.037684464907032186,0.31603596653279586,Accept,0.9700405220764701,-0.006379666442697771,0.829478180616376,1.1954401581643035,152.58943988596707,Accept,Accept,Accept,Accept,0.18758810049254998
0.063287934437720475,0.9887910483592084,-0.022236576957322892,-0.20140447535535963,0.22532218221368638,Accept,Z3,0.9262025901253603,0.978407143553234,0.05220455342787371,0.7863398745348139,1.0033685353020898,126.74481134513823,-0.022236576957322892,-0.20376807766000563,0.15220579995920136,Accept,0.977426738598501,0.051224148473140774,0.7577230960157947,0.9487464371205104,123.83583548630422,Accept,Accept,Accept,Accept,0.2323883619572005
-0.08933384886082486,0.9755283070971477,0.03925252763810763,-0.13981036107497702,0.2510879517606543,Accept,Z3,0.9919059544907531,0.9614671431110565,-0.030438811379696635,0.8852677377158058,1.1659650289559282,141.11447222303912,0.03925252763810763,-0.14524421479121866,0.22759855055550307,Accept,0.9617559049802639,-0.030150049510489295,0.8864200297006707,1.1602506237926429,167.39814901723275,Accept,Accept,Accept,Accept,0.2931903211520537
0.2060010414486119,1.117657262321579,-0.16773410860979243,-0.3943161489184055,-0.0044364818665937125,Reject,Z3,0.959783544718022,0.9796190820420478,0.019835537324025935,0.8136872989333994,1.1966938107366574,137.61222034423167,-0.16773410860979243,-0.3633195554581298,0.023492712844457767,Accept,0.9794225639896628,0.01963901927164079,0.8144331321419248,1.1852767281489403,159.29089923248586,Reject,Accept,Accept,Accept,0.24780619106471288
-0.12648968733831872,0.9626028797362093,-0.009729115023414057,-0.12455708867711084,0.2899455640234025,Accept,Z3,1.060417216061265,1.332033853854468,0.27161663779320294,0.9728239690539807,1.3884697564574235,162.89097682178817,-0.009729115023414057,-0.18106423296874344,0.17618238544444978,Accept,1.332679319241235,0.27226210317997,0.9716440325078058,1.336317988410662,170.15863706917125,Accept,Accept,Accept,Accept,0.17642742080505486
-0.13779752354029695,0.9533015065876539,0.0273300035461673,-0.13714107984848087,0.287951217846203,Accept,Z3,1.054933744837201,1.1477508225405555,0.09281707770335451,0.8610698436412798,1.2896502848114997,155.95752127564865,0.0273300035461673,-0.1718666630006365,0.22446773055009725,Accept,1.1479754642926598,0.0930417194554589,0.8607495147514531,1.2539136264183497,170.36278946438438,Accept,Accept,Accept,Accept,0.3059557958686686
-9.895157981170506e-4,0.9133578053927994,0.09827968310948046,-0.11337359265105601,0.3575658526284959,Accept,Z3,0.9841073432496357,1.0216226157383423,0.03751527248870663,0.7137158879531978,0.8479318659150147,144.21053113536928,0.09827968310948046,-0.10905650946089893,0.32056702560508066,Accept,1.0208647332277856,0.0367573899781498,0.7086593932042363,0.8161923489312172,156.2836052351704,Accept,Accept,Accept,Accept,0.24399029043864104
0.07035165368261176,0.987238492724576,0.0034667441698193516,-0.11726689596737778,0.19725018328815377,Accept,Z3,0.9289220525533101,0.725335519090174,-0.20358653346313604,0.9700828626744835,1.461387443107643,131.37260707034093,0.0034667441698193516,-0.1388079143817579,0.14592270295542364,Accept,0.7254299063105422,-0.203492146242768,0.9629523075895744,1.4331364758601353,144.51606250630223,Accept,Accept,Accept,Accept,0.21072359585349199
0.1451297987360451,1.0411152091087978,-0.0964819967386242,-0.2389528151173116,0.08166381488929698,Accept,Z3,0.9836382352599866,0.9727576335642621,-0.010880601695724548,0.9018161946055805,1.3326920311902704,118.85219457127428,-0.0964819967386242,-0.2454569702290688,0.046748397813745325,Accept,0.9727086420001315,-0.010929593259855059,0.8907601663194898,1.3050699886210102,129.260381298357,Accept,Accept,Accept,Accept,0.1912163208328966
0.12977933831323618,1.0774508111737613,-0.07353455998948914,-0.3629948066503231,0.07447968154280629,Accept,Z3,0.9264674409983776,0.9934146568788467,0.06694721588046895,0.8092949698012448,1.0059860558831,149.79059165823952,-0.07353455998948914,-0.2836453606368752,0.12428632171633514,Accept,0.9944272558513217,0.06795981485294407,0.7954655033641619,0.9812375379760208,166.2727784299516,Accept,Reject,Reject,Accept,0.15661377198054918
-0.1499220908942709,0.9833694823708168,0.07524683195297371,-0.17272397710279697,0.2142221402966082,Accept,Z3,1.0914017849586635,1.0763842007951547,-0.015017584163508615,0.8881799154267666,1.2561157901104316,144.83259894173207,0.07524683195297371,-0.10144652603018209,0.2661101762982578,Accept,1.0770016049851534,-0.014400179973510055,0.8739583512029063,1.23059667102534,162.19269488304172,Accept,Accept,Accept,Accept,0.36636564275674954
-0.08258355597840299,0.9655547600969462,0.07862548735206451,-0.11041846611103107,0.25256901612019084,Accept,Z3,1.0155239270500083,0.9937378660624125,-0.021786060987595585,0.8650710155976165,1.2009856411278317,135.55568492240016,0.07862548735206451,-0.10448284968080548,0.26064215902995824,Accept,0.9935354048256803,-0.021988522224327935,0.8558640961013695,1.1847239323108223,156.72395223093423,Accept,Accept,Accept,Accept,0.28414552772741425
3.688356692713146e-4,0.9428998934511974,0.11275502991768725,-0.13874689041300892,0.31366185472076097,Accept,Z3,1.0172261304425412,0.9746184180336422,-0.04260771240889898,0.8915239323861912,1.3372091184595802,174.9327973895046,0.11275502991768725,-0.09122782152682982,0.31730173197336725,Accept,0.9746063288787603,-0.04261980156378083,0.8959633737404893,1.2999546344968003,190.56410552447417,Accept,Accept,Accept,Accept,0.4633701664256213
0.24943341317024037,1.0502546455624557,-0.08914614931493473,-0.3100136023984779,0.1556039357212089,Accept,Z3,1.0314494638217242,0.9733287272096657,-0.05812073661205861,0.9325277506727481,1.3773409475593343,174.308497200913,-0.08914614931493473,-0.31457837541625355,0.13511991154802527,Accept,0.9742549541094913,-0.057194509712233055,0.9392997146270688,1.3548971577111024,192.7636534253517,Accept,Accept,Accept,Accept,0.297935401748756
0.10699023059759041,1.022081017216905,-0.08796698741605943,-0.2195745951881746,0.10903295066722983,Accept,Z3,1.0685672114245341,1.1197854366844828,0.05121822525994869,0.9420560092541836,1.3996694513859322,133.03626348458073,-0.08796698741605943,-0.2393324580941531,0.0641074256499416,Accept,1.120111869493275,0.051544658068740964,0.9403972650326325,1.3828668335152035,152.89296449427252,Accept,Accept,Accept,Accept,0.21698097343616773
-0.14097685940498217,0.9574515505769232,0.09519847770180738,-0.11591038985263384,0.3247114063561444,Accept,Z3,0.9782205433496859,1.0079178740424906,0.029697330692804766,0.8727785558560894,1.228061606734247,161.78326113921167,0.09519847770180738,-0.107132550898747,0.3027674605507017,Accept,1.0089388253448637,0.03071828199517783,0.8678346560000658,1.1983778557243883,176.44034994459955,Accept,Accept,Accept,Accept,0.3152344109418888
-0.1489843564547027,1.000402495878557,0.06360024859583421,-0.1799884579019893,0.19004950992640954,Accept,Z3,0.9223352115436318,0.827175806527611,-0.09515940501602081,1.013855537097031,1.5317448663483122,154.0082819611318,0.06360024859583421,-0.10622071113900616,0.23357509785210087,Accept,0.827132830474756,-0.09520238106887588,1.0092366659829797,1.4989458892946936,167.70806538099822,Accept,Accept,Accept,Accept,0.27322359014560227
-0.28264950091338314,0.8800493333848867,0.15724953153581117,-0.03418958098733839,0.4147419880094613,Accept,Z3,1.0289635194546483,1.0662771406265685,0.037313621171920205,0.8544465888357803,1.1681280712684525,159.98458396764218,0.15724953153581117,-0.05065875769824787,0.3689101038374392,Accept,1.0645848769887487,0.035621357534100326,0.8579022640471125,1.1488396928543336,181.144788075489,Accept,Accept,Accept,Accept,0.229642536111019
0.3168657730494793,1.0518900030181333,-0.16315368381136122,-0.3127858197562854,0.06250148947059642,Accept,Z3,0.9726865157085197,0.945235418273629,-0.0274510974348907,0.7924289694312567,1.1065523475342578,118.68517798567974,-0.16315368381136122,-0.33591495261596777,-0.00445925466368341,Reject,0.9444742817038415,-0.028212234004678222,0.7944087572270672,1.081648340318357,130.5163935733229,Accept,Accept,Accept,Accept,0.20490592398065505
-0.09333754513599153,0.9693812599131819,0.07818106480599725,-0.1742066199976888,0.2815060111688735,Accept,Z3,1.0060165741641265,0.8534466079510303,-0.15256996621309615,0.9025234889826463,1.3276447204125175,176.25588023080215,0.07818106480599725,-0.13574239858989778,0.29853706374807,Accept,0.8529310279579179,-0.15308554620620862,0.8969101860585738,1.2977008009170863,194.3505706184068,Accept,Accept,Accept,Accept,0.195019152819129
0.2797747913023877,1.042677676726861,-0.21644799205257167,-0.33023986086139645,0.12808726828207162,Accept,Z3,0.985847529755071,1.0923533691266616,0.10650583937159064,0.9058439354023616,1.2469049947217778,166.33548394129988,-0.21644799205257167,-0.4209409531958732,-0.003925113306757391,Reject,1.0928656802839984,0.10701815052892752,0.9028978370551083,1.2177461611056146,183.74243081094434,Accept,Accept,Accept,Accept,0.1852728046754899
0.12391040673811467,1.035642284335833,-0.11406116026251227,-0.2730423531704892,0.1541613715042049,Accept,Z3,1.047797719312727,0.9035522903947285,-0.14424542891799846,0.9261702225506291,1.3553416128039268,170.19140031280864,-0.11406116026251227,-0.32054533212355535,0.09182881608090901,Accept,0.9033072595311207,-0.14449045978160632,0.9168468345530133,1.327273877058077,188.8993918080864,Accept,Accept,Accept,Accept,0.36701276388959275
0.3509426239539029,1.101622982923369,-0.258914339573653,-0.4327032013765661,0.07423569212242193,Accept,Z3,0.9543541010064075,1.125977145254495,0.1716230442480877,0.7841240319371791,1.0528587372612224,160.27104487698452,-0.258914339573653,-0.4926773722484242,-0.01547633552190374,Reject,1.1251599832866348,0.17080588228022728,0.7699805919026582,1.016762017249314,174.68593913589402,Accept,Accept,Accept,Accept,0.2412284611284103
0.2103902583448156,1.0058940102589022,-0.020915663179429,-0.22767158528414172,0.24125685269891073,Accept,Z3,1.0159836772500066,0.847362202968432,-0.16862147428157445,0.85738573125696,1.2710215231895574,174.36758875927518,-0.020915663179429,-0.23268564846477657,0.20965406151369656,Accept,0.8465747369898625,-0.16940894026014403,0.8516784252883538,1.2423137302802016,193.7852155900956,Accept,Accept,Accept,Accept,0.09490978194471111
-0.12816663272456816,1.0156300193093633,-0.02650435526684597,-0.24387800956606262,0.18406665724542134,Accept,Z3,1.0139253335364489,0.9558504756587027,-0.05807485787774622,0.9247078872407765,1.3567295304292009,171.69691531060857,-0.02650435526684597,-0.2186757511151219,0.171184024769251,Accept,0.9558481517395655,-0.05807718179688351,0.9112280126078823,1.320456854809764,185.5278937689225,Accept,Accept,Accept,Accept,0.3218270682444863
0.20569794137328457,1.0678630054864433,-0.19234539081689794,-0.34851817974331634,0.10458601457992905,Accept,Z3,0.9704579796398487,0.9824005306914367,0.011942551051587902,0.8538076446460886,1.1256106167153086,162.6234195195597,-0.19234539081689794,-0.3939137829967705,0.004144907126921928,Accept,0.9812377641850795,0.010779784545230764,0.8385841240605392,1.0829394345587824,173.83716330730704,Accept,Accept,Accept,Accept,0.2017159164833698
0.27490323379174175,1.162023300252128,-0.2154150922463609,-0.47347611204339535,-0.004895045589434169,Reject,Z3,0.9415553341095015,0.883824086359397,-0.05773124775010467,0.7246698636197224,0.9474214630090585,135.49275780936247,-0.2154150922463609,-0.41322864032005924,-0.011459455352570534,Reject,0.8827482681091722,-0.05880706600032946,0.7105778199366756,0.9067942025511252,142.89262793188408,Reject,Accept,Accept,Accept,0.15985023236784143
-0.011939746651094587,1.0190289585145167,-0.051847576293501896,-0.22266770811747316,0.13327377973313903,Accept,Z3,1.1079018314773303,0.9766448018308648,-0.1312570296464654,0.8804623838053027,1.2249861700489246,129.2638576266717,-0.051847576293501896,-0.21503401871053635,0.1174461051471425,Accept,0.9771100923543635,-0.1307917391229668,0.8655636458296228,1.201031838823024,145.4037570447681,Accept,Accept,Accept,Accept,0.31378342184731933
0.06045278336115533,1.037316274064521,-0.054577865118731465,-0.29585789762880954,0.11650614389490928,Accept,Z3,1.0308190976107947,1.0512705298118037,0.020451432201008937,0.9535156352746273,1.3598781829160003,153.0051987690914,-0.054577865118731465,-0.2475366253077488,0.14368135849766356,Accept,1.050468443350706,0.01964934573991128,0.9477688027066997,1.3333872047222117,172.05925073853527,Accept,Accept,Accept,Accept,0.14873936453079414
0.12188743692705052,1.0477360386563928,-0.11939585157194021,-0.2688414132828495,0.020702031908322156,Accept,Z3,1.002427973900975,1.0877607405861125,0.08533276668513758,0.8786997280547493,1.1825020856168103,83.77379762965487,-0.11939585157194021,-0.25571870852458506,0.019057542187947574,Accept,1.0877281754558665,0.08530020155489147,0.8751484715989397,1.168565646405731,102.42900984087058,Accept,Accept,Accept,Accept,0.14693033729644375
-0.14363725356055226,0.945841759845566,0.03613025728095646,-0.088402698132755,0.303032341196752,Accept,Z3,0.8846641624206029,0.7804609630970023,-0.10420319932360048,1.0040212939465014,1.4562000990452981,158.6492151164431,0.03613025728095646,-0.15498578005349245,0.2267895827306352,Accept,0.7806533824501256,-0.10401077997047724,0.9864460242627051,1.434683515390863,177.56598609250372,Accept,Accept,Accept,Accept,0.33490520452164196
0.04434232332787776,1.001741113043424,0.022346113896879606,-0.22177132359391744,0.2301925234562054,Accept,Z3,0.9568075539581764,0.77580981386844206,-0.18099774008973438,0.8574190569787019,1.1213206842922616,147.20492980472793,0.022346113896879606,-0.19095601405611667,0.22443204737164968,Accept,0.7756619243889596,-0.18114562956921684,0.8292376487365043,1.0816708453359658,157.1066883826651,Accept,Accept,Accept,Accept,0.21970002630801697
0.17217123699767314,1.0466189079184642,-0.0369446202035399,-0.2731619190867696,0.10985256273182176,Accept,Z3,1.0748594652427321,1.22253877789851,0.14767931265577766,0.8636703538041103,1.2196522332484787,137.03996707067708,-0.0369446202035399,-0.20927344243051502,0.1317895866497396,Accept,1.2224658908608639,0.14760642561813164,0.8580162573106523,1.180405807801745,144.6874572465786,Accept,Accept,Accept,Accept,0.24829899845164044
-0.08909047853947298,0.9991468210569654,0.029629222092108227,-0.1977526555940866,0.19785711205622653,Accept,Z3,1.014991069337498,1.1428402779703,0.12784920863280208,0.9056017236199005,1.2564944525166621,149.1250666968124,0.029629222092108227,-0.14001842172723633,0.212662371597258,Accept,1.1417592229073654,0.1267681535698676,0.8646282077601203,1.2080624412958167,155.52207223617089,Accept,Accept,Accept,Accept,0.1773817389555714
0.23591492116539944,0.9955165805258906,-0.040393354302852166,-0.22982415070529072,0.24333326427109475,Accept,Z3,0.997352676813996,0.8656704370336565,-0.13168223978033947,0.934509893814328,1.3323992719573576,173.77491932842148,-0.040393354302852166,-0.2591408263944901,0.18315527819027735,Accept,0.8653814316831776,-0.13197124513081843,0.9210122609382111,1.309812932238477,195.34742668802676,Accept,Accept,Accept,Accept,0.2238832551658349
-0.20349834898381206,0.9428354808459378,0.14770184558919053,-0.1231006945357262,0.41421133877252186,Accept,Z3,1.0872020315601656,1.2187381667413073,0.13153613518114152,0.8648539495444929,1.2219907270940489,169.59603302847248,0.14770184558919053,-0.10148272397368027,0.38101819278486476,Accept,1.2170816985668114,0.1298796670066458,0.8648206547778604,1.1937746529776403,187.7703888933977,Accept,Accept,Accept,Accept,0.16883542274643853
-0.19222644238968328,0.9883364031642082,-0.031367164305760434,-0.16260863411647483,0.24377992064744647,Accept,Z3,1.0329408238881581,1.1078248346244342,0.074884010736276,0.9164463329793497,1.2925924695278668,143.45835712673045,-0.031367164305760434,-0.20325271140483006,0.16051756947991846,Accept,1.107157382885435,0.07421655899727696,0.9192397864331648,1.2587081226794063,154.77322974285667,Accept,Accept,Accept,Accept,0.08293852374970012
0.1433616817864733,1.0121751149419371,-0.1113170459772494,-0.3539628275117378,0.23342502237615248,Accept,Z3,1.0114234883049613,0.846068743240899,-0.16535474506406228,0.757040337484413,0.9592956217755393,161.9068441841012,-0.1113170459772494,-0.36866866626866296,0.1620362339818158,Accept,0.8451802034298527,-0.16624328487510873,0.7386591758098672,0.9281749043801615,178.81291744715264,Accept,Accept,Accept,Accept,0.2701803889223054
-0.12328799776288664,0.9199704328892689,0.17704399665852968,-0.004318952314850716,0.3033621244268384,Accept,Z3,1.0024712272181227,0.9146336149722422,-0.08783761224588055,0.8745565683039787,1.1719487540676545,111.99843942130447,0.17704399665852968,0.028951087374715814,0.3210020702082273,Reject,0.9144847911788301,-0.08798643603929264,0.85505626560643,1.1544769038337603,129.48303067201869,Accept,Accept,Accept,Accept,0.25161130518268465
0.09785578855335901,0.9585462586826785,0.0960519791086343,-0.11909548307527992,0.2638626238445581,Accept,Z3,0.9604513034304338,0.8353083136848488,-0.125142989745585,0.9710741281367438,1.4049852087672092,155.5570914921206,0.0960519791086343,-0.08604058525444508,0.2617494372189362,Accept,0.8345718662405472,-0.12587943718988656,0.9549338592367884,1.3649653641230968,167.82721935583623,Accept,Accept,Accept,Accept,0.09122855717839654
0.03895435023839349,0.994848971386401,0.08145120782946323,-0.1911161636163778,0.23307797454044932,Accept,Z3,1.0982220917072234,1.3506064807998204,0.252384389092597,0.8892105472099102,1.2261372636529502,130.9814465060971,0.08145120782946323,-0.13469996073529406,0.2861558268470731,Accept,1.3501047628416893,0.25188267113446594,0.8839211835733787,1.2049837452074406,147.52256050650524,Accept,Accept,Accept,Accept,0.07399080560373551
-0.21367300846208492,0.9289342972219423,0.07572226492280869,-0.07847462233184917,0.33934925362943597,Accept,Z3,0.9938659679558474,1.0104385007030534,0.016572532747206017,0.9254057669297165,1.3206328249775598,169.05651586249417,0.07572226492280869,-0.10964427638494295,0.25680087972883575,Accept,1.0103107068803454,0.016444738924497916,0.9083731197405837,1.263586797963149,177.27828075726347,Accept,Reject,Accept,Accept,0.28495436374296
0.014193843854955084,0.9608688502267696,0.1310220220557013,-0.1380937681558913,0.3394634519922649,Accept,Z3,1.1038113466753494,1.1324883034212099,0.028676956745860495,0.8553656313731262,1.1033179033631393,151.84496387027,0.1310220220557013,-0.0904190552382598,0.3651337644285456,Accept,1.133997077052199,0.0301857303768496,0.8361981692586942,1.0917111687596985,175.933337428102,Accept,Accept,Accept,Accept,0.11545573560525815
-0.09371434876720078,1.0822788162902155,-0.08324078890364478,-0.30325280597939674,0.09732189397500758,Accept,Z3,1.117491875195006,1.0146568106660991,-0.10283506452890685,0.8614538107283765,1.1748214735133875,151.5892968577917,-0.08324078890364478,-0.28147579401543077,0.1015713402114124,Accept,1.014550036867536,-0.1029418383274702,0.8526203951626213,1.143178765797135,165.29927296423116,Accept,Accept,Accept,Accept,0.29759521398230626
0.041082173772773706,1.0582267762299133,-0.14178145625423555,-0.3906586518720067,0.04832881512305533,Accept,Z3,0.955682440687446,0.7586391144555616,-0.19704332623188436,0.8972640309425735,1.2851579646698803,160.7092216960652,-0.14178145625423555,-0.3568278918685771,0.06234470698224384,Accept,0.7584173021099748,-0.1972651385774712,0.8833302977228792,1.2554030120820492,176.88400566659521,Accept,Accept,Accept,Accept,0.287650649925805
-0.14340823445870238,0.9385971513036102,0.057296116465791226,-0.10732296635120643,0.3835842126562532,Accept,Z3,0.8595205525421755,0.7384550765480569,-0.12106547599411867,0.8929778783989332,1.2433053007194124,175.44318395657464,0.057296116465791226,-0.15794924929187268,0.2758801542163016,Accept,0.7383441059379894,-0.12117644660418607,0.9026628431986785,1.1958890638722028,187.43762394339086,Accept,Accept,Accept,Accept,0.2143669848385363
-0.010290716071076001,0.9813152619102112,0.007748310888404806,-0.12754060967795128,0.21178812226038696,Accept,Z3,0.9656952363879608,0.886716795553975,-0.07897844083398577,0.9531122142739343,1.3560112632555978,134.47549621631092,0.007748310888404806,-0.1416030289815176,0.16072988213256648,Accept,0.8865864092106939,-0.07910882717726697,0.9381765049798934,1.3214424973292764,143.2699215421273,Accept,Accept,Accept,Accept,0.18671190810849905
-0.00616846835724309,0.9798424899285827,0.04139334119750723,-0.16205623909312858,0.23842108325827882,Accept,Z3,0.9778058484326053,1.0087625603644153,0.030956711931809936,0.7651190637646178,0.8907323055087576,118.77825107996016,0.04139334119750723,-0.14400572486093632,0.22526696849535957,Accept,1.0089822099337,0.031176361501094565,0.7511429516499213,0.870054790946068,133.6465855964862,Accept,Accept,Accept,Accept,0.26542548388073534
-0.30088688701958255,0.9434667584872924,0.15742948189194786,-0.08967074377041374,0.3409560710096538,Accept,Z3,0.9981713789576406,1.148036781803486,0.1498654028458453,0.9241994247121416,1.2482458874581603,154.93388086951794,0.15742948189194786,-0.03586330555122099,0.36115145617594824,Accept,1.1489636377584669,0.15079225880082625,0.9346173455234812,1.2257141412105415,174.14256156480633,Accept,Accept,Accept,Accept,0.24051982144843212
0.4175209856299589,1.154646756666068,-0.2734454162791492,-0.6114676764324775,-0.013255060697486058,Reject,Z3,0.9234442846534938,0.9986964620530617,0.07525217739956788,0.7485071244898307,0.8704571216948839,154.35429304611029,-0.2734454162791492,-0.5341825663664596,-0.0013657361720334354,Reject,0.997191499832348,0.0737472151788542,0.7356052689479438,0.8385555161002928,169.7895777660365,Accept,Accept,Accept,Accept,0.27145541677449225
0.02210470899008499,1.0504182661471113,-0.12724215684251491,-0.29473356430909625,0.10445526890301068,Accept,Z3,0.9996328278050215,0.9625750247262154,-0.03705780307880616,0.981138151697868,1.497697957094455,160.67942167210407,-0.12724215684251491,-0.31955007363871296,0.050179094387839226,Accept,0.9615451937650619,-0.03808763403995967,0.9661206758221834,1.4660226449160414,174.8140946160355,Accept,Accept,Accept,Accept,0.11563271031550212
-0.11441183744376915,0.9465207643070136,0.14741442258314652,-0.0979327727673493,0.2635261243202428,Accept,Z3,0.9900664015783707,0.9600095248690471,-0.030056876709323603,0.7659711836321945,1.0427592299884836,126.68165357825393,0.14741442258314652,-0.028658840469012715,0.3102438374199267,Accept,0.960310502581426,-0.029755898996944623,0.7657011495707097,1.0201104104065433,141.96399989798348,Accept,Accept,Accept,Accept,0.1127630733948452
-0.09953307800239106,0.9383170253665204,0.07336028354124459,-0.06508225471740393,0.2932908418355077,Accept,Z3,1.0113242015735626,0.9993543118361985,-0.011969889737364117,1.036417489169802,1.5934880560342146,155.0286688814338,0.07336028354124459,-0.09234863074905708,0.23435627109693596,Accept,0.9985823254027176,-0.012741876170845106,1.0407106470463112,1.5610896127113825,169.18681883120865,Accept,Accept,Accept,Accept,0.1802827942612726
-0.040055122285623246,1.0453218728376412,-0.09754228131030132,-0.32789690347976624,0.11718332361346076,Accept,Z3,0.931540412666933,1.0369913578277552,0.10545094516082237,0.9243198682750641,1.2856736329841396,168.47745473085692,-0.09754228131030132,-0.29566502166159653,0.09354601673433893,Accept,1.0363434378946645,0.10480302522773152,0.8862833647954395,1.2292562429783391,175.85086474936375,Accept,Accept,Accept,Accept,0.05427746737069102
0.12765583456925644,1.0545988328941416,-0.08701149424827942,-0.2684885245290475,0.08525481254346523,Accept,Z3,1.0600082901689833,1.046195608831846,-0.013812681337137266,0.9065227048718333,1.2362131066446946,128.1720230148897,-0.08701149424827942,-0.2706019498974894,0.08352504318235375,Accept,1.0445541822071813,-0.015454107961802039,0.9010002978484144,1.223139329147735,150.30656242029949,Accept,Accept,Accept,Accept,0.214881238343721
0.1749442718219798,1.005142102875273,-0.027449556372605873,-0.18890991834002183,0.2199376908099259,Accept,Z3,0.9622969133826523,0.9634080846168183,0.001111171234166023,0.9124424848711383,1.339783564221398,161.7671919313756,-0.027449556372605873,-0.21461145898728845,0.17278979951268042,Accept,0.9634312312419576,0.0011343178593052118,0.9100578533658205,1.3137838337860015,179.67955585987522,Accept,Accept,Accept,Accept,0.15854675959531736
0.009831887446053683,0.9969196880735782,0.025409925803716808,-0.1942650476698326,0.22008564815232612,Accept,Z3,1.062389110482671,1.1076814600939422,0.04529234961127119,0.9883552113713133,1.4697120052387205,151.26294139899676,0.025409925803716808,-0.1723452086021775,0.22024491361426848,Accept,1.108520091663863,0.046130981181191924,0.9754669483128283,1.4418243995997562,168.18259388196557,Accept,Accept,Accept,Accept,0.16456285578445848
-0.005887975389420618,1.0230974377845907,-0.10103111752739494,-0.25694782800731447,0.16950079334093915,Accept,Z3,0.9563352792149393,0.9402955968989087,-0.016039682316030583,0.9255066190220836,1.3091402108058805,159.03442429434259,-0.10103111752739494,-0.3027491509708243,0.10811530254287476,Accept,0.9411476843254226,-0.015187594889516723,0.9156567782072119,1.287361742839176,176.6036700724596,Accept,Accept,Accept,Accept,0.11157126811885623
-0.0742105782864319,1.0423479108652647,-0.05404101418232885,-0.2788784681426865,0.14198693647929078,Accept,Z3,0.9827452057833379,1.0411719748944812,0.05842676911114317,0.9275845056137594,1.2015206656586999,154.9864672614272,-0.05404101418232885,-0.2545023569438317,0.1375881579410663,Accept,1.041577598194294,0.058832392410956065,0.9141487465789169,1.1767631162053882,172.96407855851348,Accept,Accept,Accept,Accept,0.23461634315126315
0.02002068996060387,1.0056987419736718,-0.041743779978913716,-0.2116973684066492,0.17526352267245765,Accept,Z3,0.9613659415928422,0.6633296246673271,-0.29803631692551513,0.86763294834524185,1.1395826323836824,116.91296998059553,-0.041743779978913716,-0.2226440854601314,0.13359096849902868,Accept,0.66170307195673,-0.2996628696361123,0.8654145813904671,1.1218249510612492,135.5661445160284,Accept,Accept,Accept,Accept,0.21119216692237427
-0.1757649693446847,0.9309954951287598,0.03917943947244078,-0.08981782579998866,0.36494738236718377,Accept,Z3,1.0758890625034498,1.0931251222822544,0.017236059778804665,0.8044312353125309,1.1216837638385253,168.53259565916883,0.03917943947244078,-0.16342481222312408,0.2400724578833265,Accept,1.092711827412994,0.01682276490954431,0.815175085968052,1.07077152697099,176.37754689679142,Accept,Accept,Accept,Accept,0.3292096452767854
0.06274315445504403,1.0575823501670762,-0.09040843384776252,-0.2979158543573892,0.07479086779224164,Accept,Z3,1.0257982644314159,0.994594400576483,-0.031203863854933032,0.8536397850497832,1.1656853053856004,120.32003503469164,-0.09040843384776252,-0.25382743081868664,0.0913799766314908,Accept,0.9955106725256933,-0.03028759190572274,0.8484855211624672,1.1414487509905777,134.69925426421233,Accept,Accept,Accept,Accept,0.2361401210306662
-0.12300287968474592,0.9178328645038608,0.1195116097568525,-0.05447735147676817,0.36927097467964975,Accept,Z3,0.9837088008952384,0.9230442096095725,-0.0606645912856659,0.8787012671000993,1.1518500038958575,134.69114913427572,0.1195116097568525,-0.08782137295829712,0.31051704404676844,Accept,0.9236285978736508,-0.06008020302158756,0.8559749160758777,1.1299714287801998,150.85767999744695,Accept,Accept,Accept,Accept,0.12019009787357741
0.087666903755891007,1.16178454372472,-0.23236511221716763,-0.4509008683891026,-0.04120852779883251,Reject,Z3,0.9333871319559648,0.9393418563317474,0.005954724375782551,0.9774684532862464,1.4220218174110733,150.319669696926,-0.23236511221716763,-0.4083928295740477,-0.04686729602504534,Reject,0.9393316844608577,0.00594455250489293,0.9595982619118706,1.3894684452670247,163.4377871888438,Reject,Accept,Accept,Accept,0.32390568427089467
0.3107242711436289,1.2122499009260574,-0.40479006807027124,-0.6391829509170539,-0.18335030906162786,Reject,Z3,0.925518833356552,0.9350384999255489,0.009519666568996785,0.7780737178438386,1.003241421674109,158.76994789873015,-0.40479006807027124,-0.6197478156457887,-0.18744218593092443,Reject,0.9358594273337164,0.010340593977164372,0.7712860851930468,0.9874237604813658,179.5439748922264,Reject,Accept,Accept,Accept,0.12753080286000182
0.0448460973161225,0.9797505512645391,0.0815528612149028,-0.18075563362096309,0.2857903736739299,Accept,Z3,0.9790478609674012,0.9350020702282602,-0.04404579073914094,0.8837063292080053,1.111365239853802,152.6790277045675,0.0815528612149028,-0.11755579429907545,0.2980526751101988,Accept,0.935633466164784,-0.0434143948026171,0.8732572719683059,1.0787823861982886,165.95817157921874,Accept,Accept,Accept,Accept,0.2919062141719051
0.1204734861476541,1.0249328825714872,0.02621426850021074,-0.3330512724270428,0.21950243105516776,Accept,Z3,1.0091635707681395,1.0963449766778137,0.08718140590967433,0.8058608629357811,1.0116973971819683,159.4715946321164,0.02621426850021074,-0.21868869542354846,0.2804481193199402,Accept,1.0963626282482488,0.08719905748010934,0.7831766165737855,0.9689348004838487,169.59179266695764,Accept,Accept,Accept,Accept,0.18189768559642733
0.11185407077255617,1.0114130754443824,0.054349665608674595,-0.20904811688831282,0.15818770901067733,Accept,Z3,1.0092806092021458,0.9675571456320142,-0.0417234635701316,0.940580533383175,1.4788312743625278,161.34432107847567,0.054349665608674595,-0.1137952571971282,0.2312876310664373,Accept,0.9677387068517931,-0.0415419023503528,0.94214503007966,1.4468978077766845,178.1708926068899,Accept,Accept,Accept,Accept,0.32023631911439077
-0.18605127214941725,0.8806965741673778,0.19514534992006907,0.0048200990348430395,0.40858722054493263,Reject,Z3,0.9787430141107053,0.9421904290844778,-0.036552585026227595,0.8307445995640335,1.090666021542258,142.56405326417843,0.19514534992006907,0.007236551583357058,0.38663509754517583,Reject,0.9421063266791841,-0.03663668743152116,0.8178917508084378,1.0664535000091222,159.2222846383733,Reject,Accept,Accept,Accept,0.2372065076450809
-0.10209209914512556,0.9448308938965041,0.012012365040438754,-0.09853384672225417,0.2941326421390956,Accept,Z3,0.9891939454002007,1.015954833801067,0.026760888400866337,0.9150536570545283,1.4540922830877452,158.00158378415583,0.012012365040438754,-0.15565166220523832,0.1692945226567474,Accept,1.0166649136720902,0.027470968271889676,0.9116766494027176,1.3862769499888186,156.57895658838453,Accept,Accept,Accept,Accept,0.27944096764483356
-0.17544670970990908,0.9522993720619962,0.08424063329802048,-0.1242691383003133,0.2920419135932768,Accept,Z3,0.9036461105120429,0.8854836297778806,-0.01816248073416222,0.8854388357594197,1.3003823437658801,150.84543011850963,0.08424063329802048,-0.10712675913266731,0.28546142101953337,Accept,0.8857528858414028,-0.01789322467064008,0.8822565099111079,1.2799381736625586,169.9920268942319,Accept,Accept,Accept,Accept,0.3079933909799024
0.056819284727219733,1.0335246762239922,-0.056068645336778244,-0.26735299796627643,0.1305923052267074,Accept,Z3,1.0424047065728124,0.9496165949286838,-0.09278811164412859,0.9047074644137129,1.3398745377917616,158.51917247613443,-0.056068645336778244,-0.2540065594322391,0.13370381227401715,Accept,0.950266043979104,-0.09213866259370844,0.8920977341026763,1.3225067171240885,180.6524236892602,Accept,Accept,Accept,Reject,0.3906020692816067
-0.14536342823951895,0.8965413504800861,0.1455791478282907,-0.06000961463898896,0.36070550629169823,Accept,Z3,1.0121393139114614,0.8509057232799593,-0.16123359063150197,0.9491772807542346,1.3154290094615124,154.4259079169967,0.1455791478282907,-0.0478286195995369,0.3457390169757931,Accept,0.8511732873899931,-0.16096602652146827,0.9330382317595078,1.2906897387982588,171.97251646683236,Accept,Accept,Accept,Accept,0.1337153632374896
0.07661124973058717,1.022312009456031,-0.016301141045949916,-0.19040216477197577,0.10746605409405324,Accept,Z3,0.9516691124136324,0.8717920095381646,-0.07987710287546769,0.9388227964691209,1.490189078114181,123.64976979218667,-0.016301141045949916,-0.1518479441427255,0.11817403639776614,Accept,0.8721803852211306,-0.07948872719250179,0.9299538812833356,1.4700036010075888,140.89309987665757,Accept,Accept,Accept,Accept,0.08269511373077183
-0.05331103380800173,0.9973390938495963,-0.022887773097878317,-0.19082839088740816,0.20892123714969335,Accept,Z3,0.9840525842529825,0.9153941861107237,-0.06865839814225887,0.8860264383756145,1.1610619161508493,148.21738547976327,-0.022887773097878317,-0.20641250585837756,0.15921469654962178,Accept,0.9143122277740992,-0.06974035647888334,0.8785371477658372,1.1368045407197171,166.4658583133736,Accept,Accept,Accept,Accept,0.35591837319996505
0.20972466281113347,0.9963949963831474,-0.09063942464521677,-0.18253684851859164,0.2432471214994882,Accept,Z3,1.0659303932702262,1.064019533735271,-0.001910859534955387,0.8495649775426088,1.0582234550192768,154.23456832146516,-0.09063942464521677,-0.3024059277813524,0.1026658624132169,Accept,1.0644819069855935,-0.0014484862846327962,0.8323534271939002,1.0293547745189935,170.88426742341974,Accept,Accept,Accept,Accept,0.27120129565713513
0.18583760140918124,1.053111257257255,-0.020954025091856468,-0.27907847426363663,0.13744049942175446,Accept,Z3,0.9665674656523658,1.2408689886102198,0.27430152295785387,0.9329812763143883,1.2071011668965133,138.052762604618,-0.020954025091856468,-0.20100346528448643,0.17983508648260704,Accept,1.23980289691921,0.27323543126684435,0.9149642290311681,1.176165620304074,150.88806952270693,Accept,Accept,Accept,Accept,0.28289223550835413
0.11397059025192198,1.02988315105946,-0.054494472529798665,-0.21219568286606078,0.09349931866653458,Accept,Z3,0.9540026714420968,0.969930721250194,0.015928049808097103,1.1239886357087956,1.9386656135161722,150.1703095029453,-0.054494472529798665,-0.1851350491286903,0.09199140350691543,Accept,0.9699621720435287,0.015959500601431843,1.1047939444632608,1.903573694318492,161.5084736585985,Accept,Reject,Accept,Accept,0.022390022346254073
0.03749852161086333,1.0221257095387561,-0.08328802030743393,-0.2190715099534137,0.14442128812225952,Accept,Z3,1.048283534608961,1.0640183150875406,0.015734780478579694,0.9266246642654111,1.3532846691154008,142.60980755459698,-0.08328802030743393,-0.2531968717044853,0.08811425461521828,Accept,1.0659622012174548,0.017678666608493983,0.8955771274511228,1.3161776422176834,153.72310288598229,Accept,Accept,Accept,Accept,0.2097997285019736
0.15237082224439913,1.0534966243385866,-0.09963699443152309,-0.34382555804580267,0.18486760139967356,Accept,Z3,1.0305937378793542,1.0771310291354252,0.04653729125607116,0.7841393415291347,1.0562280506553618,177.30511833839242,-0.09963699443152309,-0.3694661972261578,0.13424428032862584,Accept,1.0770032452848746,0.046409507405520474,0.7635144777683935,1.0245043925313362,192.87945765550035,Accept,Accept,Accept,Accept,0.10427476316567998
-0.1576218131182576,0.8944334561241346,0.1645557215312258,0.00777440861261304,0.40205162039138087,Reject,Z3,1.0176643105111964,0.9601543517562654,-0.05750995875493114,0.8764556019333317,1.216811842360285,137.43441309467832,0.1645557215312258,-0.029991344719295397,0.3473979905025335,Accept,0.95973748213355,-0.05792682837764644,0.8709442409430622,1.201544941135172,158.12859845281466,Reject,Accept,Accept,Accept,0.27363496588653735
0.04998683102466295,1.0978541532820298,-0.1694964267613565,-0.4108025951732607,0.03479992571556778,Accept,Z3,1.0127984132299677,0.7896967224909429,-0.2231016907390249,0.9001488794662877,1.3765471646811038,174.46531412244983,-0.1694964267613565,-0.3778555639713145,0.04022769177345553,Accept,0.7902490061462822,-0.22254940708368542,0.8865589630070374,1.3552331401323974,193.97806107640065,Accept,Accept,Accept,Accept,0.2158062430134654
-0.1648397605380304,0.9393841639148134,0.05251989801208763,-0.07863497358951996,0.3022941614810934,Accept,Z3,0.9947391127195442,0.9929945917033662,-0.0017445210161779645,0.9499302744466298,1.3316780267189632,155.07621370692806,0.05251989801208763,-0.13582133058377827,0.2372216372893225,Accept,0.9930486620340271,-0.0016904506855171086,0.9431175893943434,1.3055838471310164,171.56992747520454,Accept,Accept,Accept,Accept,0.2782278460941049
-0.02506144229876551,0.9733993907961107,0.03545657781253365,-0.18204740185961227,0.27497857381047003,Accept,Z3,0.9339151532165526,0.8115051250856662,-0.12241002813088646,0.9167186405135684,1.3310664432683583,158.75009278085642,0.03545657781253365,-0.16743051964894262,0.24447267483919793,Accept,0.8101791706182689,-0.12373598259828367,0.9139524084391384,1.2821914399892287,167.56567275097518,Accept,Accept,Accept,Accept,0.3626538601161215
-0.055195812796806076,1.0086511875972581,-0.02419717321928884,-0.1953038871924638,0.1682057447794993,Accept,Z3,0.9663032117056771,1.1099357578603097,0.1436325461546326,0.9111503305805998,1.3923007636677391,158.20065026949538,-0.02419717321928884,-0.20484083919397308,0.1490852439637428,Accept,1.1098144941178552,0.143511282412178,0.9007677873938056,1.3607018451249393,175.78004626716,Accept,Accept,Accept,Accept,0.38012256440001996
-0.024772533126583694,0.9870568769579414,0.027441136301811084,-0.17393990044776764,0.21264553232668332,Accept,Z3,1.0126129245641782,0.9401978498727445,-0.0724150746914337,0.9359178286574857,1.370028642859923,151.49724921790593,0.027441136301811084,-0.1477083972831012,0.19460889030116232,Accept,0.9388194624345286,-0.07379346212964953,0.9118223132230071,1.3221483915018093,159.6502185971483,Accept,Accept,Accept,Accept,0.25529017201065307
0.0986403652459841,1.017474211592007,7.050447144240155e-4,-0.235682185390318,0.15766191310461358,Accept,Z3,0.9792744389009079,1.1207297516631127,0.14145531276220472,0.8913903120380264,1.2686801279024749,153.43996193484637,7.050447144240155e-4,-0.17562785991588797,0.17151169178759978,Accept,1.1211073485593461,0.14183290965843814,0.8757873368060022,1.2177935753900972,157.03210916441935,Accept,Accept,Accept,Accept,0.24361452886454235
-0.16129740258235675,0.8952106052371022,0.12664149285236218,0.0021342584017887134,0.40824221748985723,Reject,Z3,0.8903866786388414,0.8355583559981189,-0.05482832264072254,0.8326571422115311,1.1879790770049363,143.78071482323753,0.12664149285236218,-0.05403754908120505,0.3134057769971783,Accept,0.8360221874517865,-0.05436449118705493,0.8195252170949157,1.1554586640631086,154.8594784924486,Accept,Accept,Accept,Accept,0.2738776012045627
0.018622819567864386,1.0712722511677728,-0.07068225928835875,-0.37805726865071554,0.09201831535301719,Accept,Z3,0.9934791388611168,1.0822587592606236,0.08877962039950678,0.8700954110949142,1.161882549905222,154.90615316122071,-0.07068225928835875,-0.30659255253478523,0.14292813512334962,Accept,1.0822692154131703,0.08879007655205352,0.8495710038282259,1.1311186770404558,170.63785279027044,Accept,Accept,Accept,Accept,0.19972981984522564
0.2014067652890825,1.1330304915346174,-0.2355671748733849,-0.45131678429190264,-0.01538400694454893,Reject,Z3,0.927515781762088,0.8750161597418508,-0.0524996220202374,0.8169416676024523,1.2000244980166195,152.4324014798179,-0.2355671748733849,-0.4397268074779407,-0.04646551334371398,Reject,0.8749408473817827,-0.05257493438030544,0.7922145205448449,1.1637931544153886,163.65291957893308,Reject,Accept,Accept,Reject,0.4737712930681486
0.037559215025190766,0.9849428904745314,-0.023790715744277224,-0.20047526957677297,0.2552432906829938,Accept,Z3,0.9926812022046325,0.9379311693186885,-0.05475003288594402,0.799848137903669,1.0224171197546204,142.8068316604644,-0.023790715744277224,-0.2337915435458282,0.18537847681565758,Accept,0.9389608049546028,-0.05372039725002978,0.7926902296903944,0.9946740196348791,157.294834718014,Accept,Accept,Accept,Accept,0.132432869845248
-0.05178791016790218,1.0426621911769276,-0.06135567020363025,-0.23850986177948535,0.12047162645040196,Accept,Z3,0.9857531389304148,1.1502041503887586,0.16445101145834376,0.8554918283935692,1.1491793976879228,119.12745549069581,-0.06135567020363025,-0.22188815542424872,0.10771549346707228,Accept,1.1511855056208355,0.16543236669042066,0.8413725443541307,1.1197430088558362,130.1835424980805,Accept,Accept,Accept,Accept,0.23115767057280717
0.0254774358488003,0.936385487628645,0.06507852432307991,-0.07764832568150956,0.3520180875155319,Accept,Z3,0.9276196269229693,0.9487357453211761,0.02111611839820692,0.8420012353318244,1.0912452751571942,151.08799642308446,0.06507852432307991,-0.12692800726050765,0.25478251695281984,Accept,0.9481305447864014,0.02051091786343207,0.8487501432400246,1.0574623432615262,163.47725450378275,Accept,Accept,Accept,Accept,0.09423668645425479
0.042601180206446036,1.0040665247523002,0.008027483589141664,-0.19092572940898456,0.19761292141796666,Accept,Z3,1.0110713470654766,1.0199033396360961,0.00883199257061946,0.8125473450314196,1.0556418818474556,121.6187279140038,0.008027483589141664,-0.15720538650571192,0.180588094632928,Accept,1.019528770440492,0.008457423375015281,0.8056783816813204,1.0126640872078307,123.49295867871746,Accept,Accept,Accept,Accept,0.1786930095642561
0.3008207890769077,1.0691267292651316,-0.07332885539608504,-0.3107614334964308,0.02629228608746232,Accept,Z3,1.0119817784622214,0.9395671771147799,-0.07241460134744135,0.93052578441548806,1.308731839779413,124.7584321470416,-0.07332885539608504,-0.23264700979478048,0.07984697060876984,Accept,0.9393354457874336,-0.0726463326747877,0.924554685026965,1.2839744561002686,139.38863993289297,Accept,Accept,Accept,Accept,0.08535915024214188
0.01685296321086451,0.9996353046569204,-0.004930711888503454,-0.19654263275346964,0.2216312701045885,Accept,Z3,1.0308553224949433,1.136820614478693,0.10596529198374968,0.9299625742886483,1.326986559890852,158.6903169232106,-0.004930711888503454,-0.19968247878274775,0.1748399370233483,Accept,1.1377954217758108,0.10694009928086741,0.9098789214479992,1.279507497221959,167.5416877205252,Accept,Accept,Accept,Accept,0.2635955451728187
0.11396705839239141,1.0166257516314512,-0.04397577088006398,-0.25899094735451894,0.16872889452220216,Accept,Z3,0.9700327747708751,1.1003419128196406,0.13030913804876548,0.8581590913727706,1.2631104350408606,148.96284546061753,-0.04397577088006398,-0.2367544512348857,0.15645960893370098,Accept,1.1009820373545078,0.1309492625836327,0.849846567841714,1.2302055733065898,162.68850019200113,Accept,Accept,Accept,Accept,0.09069805893934846
-0.1527913794815781,1.0333140031964476,-0.06275040842146526,-0.2433112367423802,0.16044481529283305,Accept,Z3,1.1094975744015094,1.082176332914662,-0.02732124148684723,0.8824081277434159,1.2362304774930437,148.4958915553281,-0.06275040842146526,-0.2361407982361388,0.11406728834671666,Accept,1.0830366360869659,-0.026460938314543415,0.8545388079809707,1.1912242526700825,155.53025137250617,Accept,Accept,Accept,Accept,0.27520272436783294
-0.09165213267954209,0.9960032114791044,0.018957167075558883,-0.18574716710027261,0.20759825673782395,Accept,Z3,0.9872072233590893,1.2968604471382614,0.3096532237791722,0.9451949593337061,1.3841225053124449,154.04935930018877,0.018957167075558883,-0.16015678425871288,0.1875964570791001,Accept,1.2974198788282445,0.3102126554691552,0.9371773089423777,1.3577129679475417,170.710042778384,Accept,Accept,Accept,Accept,0.2370179138391402
-0.28827507159836513,0.8895009484358837,0.14056247479624567,-0.063156311244993,0.37873220741739405,Accept,Z3,1.043254969448869,1.061994335992759,0.018739366543889857,0.9746158198475264,1.3839663194183285,169.54953753974837,0.14056247479624567,-0.05289083231187315,0.3520094659344684,Accept,1.063217308295898,0.01996233884702873,0.9642442295611707,1.3526257181964296,186.14482179417845,Accept,Accept,Accept,Accept,0.29948587633279
0.289975983144898,1.07891342574669,-0.13648310791289,-0.3718288119605262,0.010215921829982062,Accept,Z3,1.0524070366062004,1.1943108329444319,0.14190379633823139,1.0273048425180236,1.513714750493225,162.89498150414408,-0.13648310791289,-0.31469601446938256,0.04140171863603474,Accept,1.1947859891185801,0.14237895251237967,0.9931389661676872,1.4725979600986836,175.43322556097814,Accept,Accept,Accept,Accept,0.1646440110463867
0.049677233308257705,1.0184109922008857,0.07165846630283342,-0.2612805797164447,0.18574441740870168,Accept,Z3,1.0257984346503575,0.8990320222810538,-0.1267664123693036,0.8974485950929503,1.20366775934352,164.7623149171452,0.07165846630283342,-0.13485147184634874,0.26916546075366404,Accept,0.8980732256117259,-0.1277252090386317,0.8593576799388081,1.1519689042530268,171.88268522079707,Accept,Accept,Accept,Accept,0.27889991953593907
0.10776689052329619,1.0627668736306417,-0.06392863229538122,-0.3079123082038202,0.0703220209387977,Accept,Z3,0.9922502905731245,1.1147484614757697,0.12249817090264514,0.9052895321680977,1.375368403400141,140.9403109058308,-0.06392863229538122,-0.21843939710334684,0.11715924300536264,Accept,1.115361817851351,0.12311152727822637,0.8947198106724775,1.3315873654611123,147.93039576257578,Accept,Accept,Accept,Accept,0.33075827108934813
0.08764444695631425,0.9501994835767894,0.05228619667602506,-0.10540942236826502,0.2916871937339171,Accept,Z3,1.0972448945948754,1.0319395526752653,-0.06530534191960996,0.9772212022270341,1.3984102546031616,172.038776842834,0.05228619667602506,-0.14531441320060406,0.23803842367117187,Accept,1.0307823736157764,-0.06646252097909901,0.9638066235930098,1.372281999786374,191.5663183385383,Accept,Accept,Accept,Accept,0.2369153834428872
-0.23184883099596112,0.9896013439631433,-0.0027578121522103616,-0.1987081030627238,0.19644380388592966,Accept,Z3,0.9697062921043427,1.119094427398003,0.1493881352936604,0.9099680330677161,1.2656451678431564,154.13144466039734,-0.0027578121522103616,-0.1755147357526743,0.16388109538379364,Accept,1.1191285322012048,0.14942224009686206,0.906044961272026,1.2076391942319071,156.8964827318834,Accept,Accept,Accept,Accept,0.2530587547088209
0.2430612574826229,1.0823992141792547,-0.18390949167420795,-0.3560240492707431,0.05461256284575796,Accept,Z3,0.9446608332959558,1.0804377118547521,0.13577687855879636,0.8678371313568095,1.2141473769724385,144.67370491370298,-0.18390949167420795,-0.37064044588820144,0.0016902158774131232,Accept,1.0790860017003037,0.13442516840434782,0.861068886815717,1.1928180623622147,162.45718553839907,Accept,Accept,Accept,Accept,0.2513251187170485
0.24097993549520588,1.1506037103070679,-0.23964328918595257,-0.4600151993005833,-0.07525456162618238,Reject,Z3,1.0410278178453978,1.159653746923255,0.11862592907785725,0.9594119041760836,1.479810454656513,163.65595849876064,-0.23964328918595257,-0.4320815292598552,-0.05068568730826938,Reject,1.1585262910943084,0.11749847324891056,0.9569477878369212,1.461179563385926,187.13524916253434,Reject,Accept,Accept,Accept,0.14812808934002755
-0.03071433181275728,0.946611207481965,0.07784748329374112,-0.1432344649425627,0.3215572023189194,Accept,Z3,0.9956293508086311,0.9112301135475339,-0.08439923726109724,0.8298551637033238,1.0673231180150722,160.99763388477115,0.07784748329374112,-0.12213538313115942,0.2959603007666604,Accept,0.9109918576439595,-0.08463749316467155,0.7961813574676566,1.0187776468782177,169.40085290768633,Accept,Accept,Accept,Accept,0.17881382985148336
-0.27982804667144384,0.9346367500569027,0.12016578747766045,-0.05909423099620309,0.339900616958987,Accept,Z3,1.076785108238521,1.2508086639584537,0.17402355571993275,0.819305075107324,1.124814370924607,138.89387859431585,0.12016578747766045,-0.07277505076151651,0.31175652727407344,Accept,1.2504636673886764,0.17367855915015568,0.8055069178328493,1.1023504103706712,156.46112279452154,Accept,Accept,Accept,Accept,0.18491475871809296
0.07659071429965424,1.02442161693036,-0.05082881803309094,-0.24650045378346286,0.15295169715930607,Accept,Z3,1.031065759367759,1.030331235656905,-7.345237108542157e-4,0.8587050672039521,1.1768514047570653,152.85395708182847,-0.05082881803309094,-0.23839812769321272,0.14614357401218456,Accept,1.0303709929905496,-6.947663772095525e-4,0.863968489427187,1.1578771388039775,172.35277114002747,Accept,Accept,Accept,Accept,0.18822295687563592
-0.0022827731271985617,0.9614998487423604,0.07347933308078909,-0.1575737012488103,0.2742905680023986,Accept,Z3,0.9818999782067976,0.8503062370260055,-0.13159374118079217,0.8672470119486995,1.2972757004613136,155.03415627872045,0.07347933308078909,-0.10902266277586456,0.24200784871841288,Accept,0.8516186666172302,-0.13028131158956746,0.8433879085897079,1.236522985527185,157.32790974002492,Accept,Accept,Accept,Accept,0.21787216212370186
0.014702178449436894,0.9926772281568209,-0.0553073758819555,-0.16960493397724363,0.1966924728656886,Accept,Z3,0.9505107914876829,0.9167811653001857,-0.03372962618749726,0.9682472358357694,1.3690688090714107,150.15714908116024,-0.0553073758819555,-0.23197301969702666,0.10818822062753378,Accept,0.9167777133327408,-0.03373307815494213,0.9451606634277894,1.337197774430251,162.75547964703526,Accept,Accept,Accept,Accept,0.19222986060309677
-0.3591740767076856,0.8050621675804455,0.27439271207059407,0.07455076464498846,0.4985220830712494,Reject,Z3,0.9478287611161745,0.8073356123737174,-0.14049314874245705,0.7897503176260477,1.02546234468199,139.74879043925583,0.27439271207059407,0.06598149438620728,0.4745889637030645,Reject,0.8067472300997006,-0.14108153101647383,0.7844471033257153,1.0146866039808975,162.60625569700642,Reject,Accept,Accept,Accept,0.33811569327937147
0.3123550503008808,1.1200415105688561,-0.20216338158221983,-0.4548766144026939,-0.019098232757942632,Reject,Z3,1.0231614678434144,0.9169229054686414,-0.10623856237477299,0.8800428517383988,1.1492220178604549,159.26630793381258,-0.20216338158221983,-0.397159026530626,0.006130232916672588,Accept,0.9166791245785775,-0.10648234326483692,0.8606338217722537,1.1124085893624844,171.09477565346606,Reject,Accept,Accept,Accept,0.061712790506173426
-0.27630862408706053,0.8823234622390269,0.14034299260872538,6.824202501030385e-4,0.3981220041161017,Reject,Z3,0.9379710801667458,0.7834632343776127,-0.154507845789133,0.9464826572745217,1.480315150546615,158.82280229598516,0.14034299260872538,-0.03563395192184538,0.3256522044331043,Accept,0.7846061673970828,-0.15336491276966296,0.9320891520785896,1.4371860851329676,169.48382325469157,Reject,Accept,Accept,Accept,0.3107258198885365
-0.02786607845179513,1.0251376111327293,-0.0231439958544097,-0.2557270873059849,0.16906981653820333,Accept,Z3,0.9265929574813837,0.8417427256243368,-0.08485023185704685,0.8234873516165682,1.0840460711165456,148.0137140281896,-0.0231439958544097,-0.22870000590443795,0.16646186333957605,Accept,0.8405353244298474,-0.08605763305153635,0.8135024390369863,1.0543508192388569,162.08200541205895,Accept,Accept,Accept,Accept,0.18009082897698492
0.17561675191188325,1.028543744505529,-0.022620620793777472,-0.21907559407887967,0.1019145155707074,Accept,Z3,1.004711520948401,0.8941165349168578,-0.11059498603154308,0.9635543533637962,1.4670724292947224,130.29704238750077,-0.022620620793777472,-0.16422652541630378,0.12518443958770786,Accept,0.8945968184835531,-0.11011470246484781,0.9513890687419371,1.4330143026010596,139.6169263387558,Accept,Accept,Accept,Accept,0.18496882820357696
-0.14997649611264366,1.0030794942047274,0.054508133737020806,-0.16775578255132956,0.19877610307408972,Accept,Z3,0.9279137255554175,0.7483971438718414,-0.17951658168357618,0.9776265763600017,1.456076563431379,152.6122899375039,0.054508133737020806,-0.11502335622658709,0.2235789097311922,Accept,0.7496839240503156,-0.178229801505102,0.9552062527625393,1.4153727152546005,163.09577060442115,Accept,Accept,Accept,Accept,0.12487056840270508
0.005369286332397783,1.046770124664211,-0.1068669511058759,-0.3064662245271263,0.07778028973575526,Accept,Z3,1.0075042249723596,1.056165540151667,0.04866131517930745,0.9338909234359702,1.3128290212284544,156.9086995770251,-0.1068669511058759,-0.2927116546492329,0.07165949596900882,Accept,1.0556680687652669,0.04816384379290721,0.9249836984380285,1.2900565857980493,174.95024242413774,Accept,Accept,Accept,Accept,0.16325204125898304
-0.1535450777754158,0.9342285634542307,0.11529099492568859,-0.033281664144930216,0.3337373235313347,Accept,Z3,1.051578397759476,1.0402131285746545,-0.011365269184821548,0.9659030455959439,1.3846387251397485,157.05501252186602,0.11529099492568859,-0.056740817003673456,0.2830099039787206,Accept,1.0407110819657874,-0.010867315793688506,0.9459187318654746,1.351603982086738,173.1009452607842,Accept,Reject,Accept,Accept,0.271634790520265
0.021831436867890762,1.0127612319291055,-0.018596468048472765,-0.23515684116378288,0.2172517991416468,Accept,Z3,1.0336485669715474,1.07940385750539,0.04575529053384244,0.8395398186487952,1.23449480336604,148.34022166787668,-0.018596468048472765,-0.22531188939016678,0.2012597456789063,Accept,1.0790133603552368,0.04536479338368934,0.8329877436877534,1.214203325592117,168.72031340201136,Accept,Accept,Accept,Accept,0.04327152802022919
0.028445651659928815,0.9907586986443742,-0.023697353546445508,-0.18259393180845235,0.24183789236513886,Accept,Z3,0.9905842118988951,0.918584057622148,-0.07200015427674708,0.8900564330138668,1.2614160505335041,161.57666913596958,-0.023697353546445508,-0.19335915177363228,0.1713956264671783,Accept,0.9176639088891873,-0.07292030300970792,0.8821829999189877,1.2003582066049394,165.41781409643747,Accept,Accept,Accept,Accept,0.26937452239951465
0.00837772930418347,0.967884254472456,0.03345911157921674,-0.08280891271098406,0.28041502507674904,Accept,Z3,1.012249049575296,1.1458030836112922,0.1335540340359964,0.924626364553571,1.357704948805389,145.1932905437834,0.03345911157921674,-0.13163995104245813,0.19348224669854702,Accept,1.146659983156288,0.1344109335809921,0.9164935269002331,1.319527439435991,155.32041200783226,Accept,Accept,Accept,Accept,0.1358569430539241
0.0704708538120976,1.0153733745342537,-0.036626209250917835,-0.2151255724054332,0.17099338425070454,Accept,Z3,1.0967876820408877,1.0200828012988723,-0.07670488074201545,0.8504682650114483,1.1910323483942549,135.0038615323918,-0.036626209250917835,-0.20295398104564924,0.13657789085597466,Accept,1.0209657230338312,-0.07582195900705663,0.8607286317748192,1.1596667537159433,144.7690105209602,Accept,Accept,Accept,Accept,0.2913403867213344
-0.04142205546903768,0.9933369425971104,0.09380296458923862,-0.16873634294586282,0.19500688468329608,Accept,Z3,1.0222661679160048,1.0258113880860589,0.003545220170054165,0.9456684534556313,1.3600101985050044,151.39920320023023,0.09380296458923862,-0.05049178392984544,0.24492357487458669,Accept,1.025025578326609,0.0027594104106043204,0.9188701103633636,1.284162729913218,143.9189241412685,Accept,Accept,Accept,Accept,0.25613313530441867
0.3411970507589527,1.0671670228717016,-0.12190608447294811,-0.32985019284489603,0.1192087598532656,Accept,Z3,1.0812941612756597,1.1287668776412092,0.047472716365549436,0.7948120428691945,1.0777843397930764,158.06314709080814,-0.12190608447294811,-0.33482638424039035,0.0924376447649297,Accept,1.1286829403584417,0.04738877908278185,0.7824762192850685,1.049346957702227,174.48753571743148,Accept,Accept,Accept,Accept,0.307603267145778
-0.03751330760852131,1.0017040243820312,0.026915964966451395,-0.19339578272495284,0.203960965118057,Accept,Z3,1.0534195395048034,1.0520395744692443,-0.0013799650355589132,0.8851297501933502,1.2986551033741778,133.9304187587452,0.026915964966451395,-0.15792048695137104,0.2162535839677445,Accept,1.0531250918170905,-2.944476877129043e-4,0.8801662088795414,1.2789106154825156,150.27998330901872,Accept,Accept,Accept,Accept,0.21268804874037828
0.09164628528758303,1.0730832130378982,-0.1031108954953503,-0.33668610435104773,0.0905617795185642,Accept,Z3,1.0033919401318518,0.8600634566691745,-0.14332848346267735,0.9234886770353495,1.3872039177928415,161.82735071070584,-0.1031108954953503,-0.29050092763261415,0.088748108815235,Accept,0.8603677660807891,-0.14302417405106274,0.9242996658914328,1.3494899264269957,175.49681443266888,Accept,Accept,Accept,Accept,0.2675222055339173
-0.10624817102985812,0.9807053512953795,-0.022690036982880427,-0.22393233679736518,0.26406847657893173,Accept,Z3,0.9695717360811904,0.8866162172298685,-0.08295551885132188,0.9749954437128541,1.4989672787189263,187.86546513850604,-0.022690036982880427,-0.2383274866181523,0.19355828893549315,Accept,0.8871258887817558,-0.0824458472994345,0.9625355745494959,1.4582711885051154,203.52390647456176,Accept,Accept,Accept,Accept,0.4971816810354024
-0.07668758368268716,1.0324708583432927,-0.03563404376905678,-0.2523642004058733,0.12855810557619413,Accept,Z3,0.9670532668398892,1.0082875676904508,0.04123430085056169,0.8862380038649286,1.2109610887660232,151.2571480877932,-0.03563404376905678,-0.21341704398274564,0.14209281980598237,Accept,1.0081999548124512,0.041146687972561956,0.8529107516691202,1.1834434129358984,168.42759887189754,Accept,Accept,Accept,Accept,0.28967508439182293
-0.05626265784370119,0.9717206393516862,-0.018779031811984707,-0.12792165428834443,0.25316236398187875,Accept,Z3,1.0446838415155941,0.9521031170894869,-0.09258072442610725,0.8802659032304031,1.162079757012249,135.4083447331148,-0.018779031811984707,-0.19884173877507746,0.16066606035793884,Accept,0.9533467230139286,-0.09133711850166551,0.8768619183535692,1.1384666376017643,151.53919866975437,Accept,Accept,Accept,Accept,0.1417164120009421
0.043185078473507006,1.028218854934231,-0.02567616830076496,-0.27260576737449616,0.15777909900235057,Accept,Z3,1.0389217009940817,1.1202634548625547,0.08134175386847298,0.8635225187682646,1.092509259844335,144.59535700554113,-0.02567616830076496,-0.22444698733852717,0.16059070471175796,Accept,1.1202785351567544,0.08135683416267275,0.8556511032452907,1.0629106235016121,159.60475016277897,Accept,Accept,Accept,Accept,0.15872517354398905
-0.17188078630052073,0.9514219572695596,0.08476048076816346,-0.06380569568274712,0.29285813599697236,Accept,Z3,0.8901360121085075,0.8085783174149789,-0.08155769469352854,0.8673040513916732,1.1540645013345594,110.15147111560093,0.08476048076816346,-0.07488999556996198,0.24130831000300568,Accept,0.8077354988417621,-0.0824005132667453,0.8509126628696828,1.1268786055130147,121.09110622119788,Accept,Accept,Accept,Accept,0.16935699243528285
-0.03823842476472049,1.0219475340951336,-0.0018669075978957916,-0.24266254789640626,0.15525432452628551,Accept,Z3,1.0229030799480796,0.9398149736006787,-0.08308810634740096,0.9536528213182832,1.3289194323853208,154.22114430270364,-0.0018669075978957916,-0.19444808257238205,0.1757666638984381,Accept,0.939447792288826,-0.08345528765925346,0.9530009125830317,1.2974471990080092,168.6381078406955,Accept,Accept,Accept,Accept,0.20322534764185532
0.00949516085141665,0.9934528497313949,0.04586221442332583,-0.1739808569254483,0.1978342444436406,Accept,Z3,0.9433315816305816,0.8251823069078373,-0.11814927472274422,1.0112404138730438,1.5197286703068484,158.04452195523714,0.04586221442332583,-0.13495464433600934,0.2129466956435286,Accept,0.8257882986962451,-0.11754328293433643,0.988439846686834,1.4912476445230163,174.66567154653973,Accept,Accept,Accept,Accept,0.17189129118306196
0.09276644411003904,1.0059715956068551,4.351204552584088e-4,-0.17703425634141895,0.16414187274665284,Accept,Z3,1.0521697571742086,1.1399020944189815,0.08773233724477286,0.998237002698286,1.5074585424915303,154.40737886816788,4.351204552584088e-4,-0.15378930158211526,0.16076339879253065,Accept,1.1393825266828146,0.08721276950860603,0.9919478892263754,1.4772599215482587,169.5409601272938,Accept,Accept,Accept,Accept,0.24255698903532147
0.19905074646683193,1.031935172702882,-0.10238399438812892,-0.29931856784793565,0.13106571908097925,Accept,Z3,0.9635102488428137,1.0452171316259464,0.08170688278313279,0.8780800188449638,1.1895691004546796,149.07121620280446,-0.10238399438812892,-0.30128352830566724,0.1062757617108777,Accept,1.0447187999947225,0.08120855115190885,0.8873450187563592,1.1619033432173012,164.92926315227436,Accept,Reject,Accept,Accept,0.26519980536973775
0.09253501392255513,1.0440165057753081,-0.011236882038811387,-0.2729870319486738,0.11688546077726195,Accept,Z3,1.0190089797029804,0.8545133964143765,-0.16449558328860392,0.9314028594034844,1.3118829419650706,154.04460390498198,-0.011236882038811387,-0.19501934490764267,0.16350596780482057,Accept,0.8543211941472291,-0.1646877855557514,0.9351081209716939,1.2753570037405526,167.32569856704788,Accept,Accept,Accept,Accept,0.18586921187928643
0.02155892356819954,0.9768401659190661,0.15925404605479354,-0.20970492797868195,0.28943789467557457,Accept,Z3,0.9659153030780178,0.7787029670348906,-0.18721233604312723,0.8861393571166336,1.2432573808679666,164.90153647848587,0.15925404605479354,-0.0618960796633903,0.37499645469783643,Accept,0.7780375818187102,-0.18787772125930757,0.8792344486873347,1.2005274780441701,176.82505027079623,Accept,Accept,Accept,Accept,0.22389670868700126
-0.04030495134120124,1.0160658988233182,-0.007197191230295941,-0.2293689854962845,0.1777867538325558,Accept,Z3,1.0558041372174822,1.0957607549633888,0.039956617745906406,0.8628506811176742,1.188843528258698,127.5885452806942,-0.007197191230295941,-0.1997602323681616,0.18570703093814117,Accept,1.096334296108793,0.040530158891310536,0.8571588183348028,1.1688995958360826,143.69572500443707,Accept,Accept,Accept,Accept,0.16367326486981235
0.060441157538792645,1.0048532342771983,0.0980149796605158,-0.22966232802025596,0.1986331330736748,Accept,Z3,1.0446333057156896,1.0677846709066865,0.023151365190997,0.8267323442115467,1.1751992275928824,150.25310558732284,0.0980149796605158,-0.09004772302517981,0.305293744101338,Accept,1.0688493784374535,0.024216072721763914,0.7963829035516813,1.1331924979445105,159.07930872316643,Accept,Accept,Accept,Accept,0.1505105361515045
-0.14579644747469364,0.9463392938236658,0.12054597544161312,-0.07776416394018523,0.30476329595269164,Accept,Z3,1.0213068965599015,1.02538334402486,0.00407644746495877,0.8051447093982387,1.100330438833901,125.0968311223805,0.12054597544161312,-0.06163884285450853,0.30100459891013454,Accept,1.0263250359780398,0.0050181394181384965,0.8056594666117937,1.0803181482992092,142.83802398509076,Accept,Accept,Accept,Accept,0.11897778310015979
0.10087157986944217,1.066977000087281,-0.13098734204040158,-0.34585607203353513,0.11461035819522294,Accept,Z3,0.9024457503126652,0.8526528165682514,-0.04979293374441379,0.8054190241960681,1.0723222499484395,155.52240232817314,-0.13098734204040158,-0.35516383365722415,0.07789218208850829,Accept,0.8532775904964524,-0.04916815981621278,0.7928818362329928,1.0418257689643209,172.4263886416209,Accept,Accept,Accept,Accept,0.048272968929893655
-0.11111815505616499,0.9686919053635528,0.05473794093134467,-0.17901701653837138,0.2990953943075302,Accept,Z3,1.0704987328879296,1.0488559680189073,-0.02164276486902221,0.7952232277953667,1.0046990348755693,155.82540553467825,0.05473794093134467,-0.1646352432638432,0.2780657291077438,Accept,1.0488805757714044,-0.021618157116525247,0.7952135896332376,0.98681776830326,177.29620064419447,Accept,Accept,Accept,Accept,0.23084325993334054
0.2613623383720532,1.1025191909181482,-0.2464798144996105,-0.4816370197851715,-0.026315691850167966,Reject,Z3,1.0019044445387757,1.06046601214007,0.05856156760129441,0.9478906125489189,1.3649568579444793,179.90438953341024,-0.2464798144996105,-0.4710682822744456,-0.03767264707979722,Reject,1.0612922470401989,0.05938780250142323,0.9323034238304352,1.3365481768601086,199.39041221748053,Reject,Accept,Accept,Accept,0.2591346619313495
0.04040940990346887,0.9851352790816371,0.032598899533651964,-0.15693580457007905,0.20847115598168467,Accept,Z3,1.1075646927987737,0.9907782037459385,-0.11678648905283516,0.9425417081185238,1.4576157963606207,159.41192047301507,0.032598899533651964,-0.13441766409680123,0.19050925865867924,Accept,0.9911034348525872,-0.11646125794618652,0.927600085912704,1.4176268707292712,172.9322259446818,Accept,Accept,Accept,Accept,0.3943306570460123
-0.0014535364616992228,0.9405503936040022,0.1325056442604423,-0.0743329633217345,0.35326961847313354,Accept,Z3,0.9128720125224165,0.7468601403585979,-0.1660118721638184,0.965881651193447,1.3605373314742852,174.89532185426037,0.1325056442604423,-0.06939800366684469,0.3199959196670614,Accept,0.7460260630197675,-0.16684594950264905,0.9617275511577259,1.3091127756253624,186.23848484329292,Accept,Reject,Accept,Accept,0.27040908279229237
0.05374874922043338,1.0209647003662923,-0.01883325858194049,-0.2575552124978807,0.16488954030228437,Accept,Z3,1.0600066523912548,1.1250521454720221,0.06504549308076724,0.8488715089526587,1.0962674661243026,130.47991355396624,-0.01883325858194049,-0.20553757618083338,0.17725259396120613,Accept,1.1250969898531875,0.06509033746193257,0.8476049426023564,1.0756838083856601,147.40645484008724,Accept,Accept,Accept,Accept,0.21914851554023163
-0.009875015496677433,0.9530440672106937,0.13947365977328016,-0.1480686932225564,0.3066823623202635,Accept,Z3,1.046818319130895,0.9804315787740403,-0.06638674035685481,0.8518580700834568,1.1442138681356775,149.01486341908395,0.13947365977328016,-0.051526973164396805,0.33000376182831526,Accept,0.9810133419153831,-0.06580497721551198,0.8086726345460127,1.0902854151641732,153.97571061703857,Accept,Accept,Accept,Accept,0.1618423189036537
0.11572285915048035,1.0345477928182327,-0.03176820182895189,-0.29317881253754396,0.15831150281847295,Accept,Z3,1.0674691087032417,1.2733789578773742,0.20590984917413258,0.9524747966005863,1.3461236498703955,164.08438014626563,-0.03176820182895189,-0.23016735252413276,0.1480012281743542,Accept,1.2747041702143747,0.20723506151113288,0.9456569257046584,1.303376377537492,174.48686147989972,Accept,Accept,Accept,Accept,0.07522017134298212
-0.0324359067561413,0.9536692035308926,0.05897824715516655,-0.08671386772371051,0.3066974918265487,Accept,Z3,1.0116192828247665,1.0064090382376008,-0.0052102445871657025,0.9714498254115738,1.4988389994582298,171.8391737224309,0.05897824715516655,-0.13882466955216385,0.2363299525700161,Accept,1.0085930876121478,-0.0030261952126187253,0.9554783962869291,1.467716229510933,187.63986706104865,Accept,Accept,Accept,Accept,0.22373735551058271
0.10569889638850205,1.0767525666223787,-0.20355586686674995,-0.3975065725294766,-0.017564144411515145,Reject,Z3,0.9361251301142925,0.9040878667578192,-0.03203726335647335,0.92787633276264,1.4140545608287056,144.64897938692354,-0.20355586686674995,-0.3699434194876973,-0.0342530994811803,Reject,0.9034633898992294,-0.032661740215063115,0.9056814140228048,1.3694330993770334,152.48634225249035,Reject,Accept,Accept,Accept,0.2795069743873544
0.31162426113618763,1.0471097689992661,-0.09702396855422935,-0.29455747577469354,0.09457661899048292,Accept,Z3,1.0063071261932446,1.1473330219530107,0.1410258957597661,0.8919256775851924,1.2096571381867924,147.1762199988297,-0.09702396855422935,-0.26331153569058885,0.07119398869762733,Accept,1.147455487115182,0.1411483609219375,0.8903269786013044,1.1652980715267354,155.18497999285228,Accept,Accept,Accept,Accept,0.15914025200794132
0.10621365452319512,1.0145488248386016,0.014548912284222096,-0.20246931704990326,0.15244229071978954,Accept,Z3,0.9029156731826304,1.146686120260103,0.24377044707747259,0.8414042477902751,1.0574573156468061,120.30788717074512,0.014548912284222096,-0.16188808773729998,0.17836895677053993,Accept,1.147762224692137,0.24484655150950665,0.830238058552671,1.0437785248618798,141.49320554867577,Accept,Accept,Accept,Accept,0.11957292947978448
0.07502659921873257,1.03918296698458,-0.045107869335609174,-0.2677596430381352,0.11976296319959892,Accept,Z3,0.9726370289659804,0.9904622263376008,0.01782519737162042,0.8374039503646693,1.035899311774658,118.90271308130421,-0.045107869335609174,-0.2339907850773283,0.13356856847785925,Accept,0.9883927886400138,0.015755759674033337,0.8249354584350606,1.0117544935178229,132.16177910474764,Accept,Accept,Accept,Accept,0.2376393919914587
0.3035022528116484,1.0724131043500915,-0.10761269027433794,-0.35613636274894894,0.07430997715872029,Accept,Z3,1.022284045351337,1.1622972935077422,0.1400132481564052,0.8870312813823985,1.3870034364447061,178.86096678437636,-0.10761269027433794,-0.2971359053055065,0.0748862019103266,Accept,1.1611735170032833,0.1388894716519461,0.8798537064029531,1.3242744986792274,187.69214190101354,Accept,Accept,Accept,Reject,0.40407758598686466
0.08031423814546096,1.033937043409798,-0.14907251208941413,-0.29330720362677976,0.09919010392746878,Accept,Z3,0.9204817553598696,1.0482463037275698,0.12776454836770001,0.8884220803039783,1.1481249238690052,137.43628457371298,-0.14907251208941413,-0.3263188038190797,0.032004226972751945,Accept,1.0472339425955828,0.12675218723571302,0.8709654331441832,1.1237733847221651,153.4747884749318,Accept,Accept,Accept,Accept,0.10660913496058015
-0.03864596452635869,0.9790373444681025,0.06614708043005703,-0.161187721473102,0.23277040752072706,Accept,Z3,0.9736451705195238,0.9477922294938209,-0.025852941025702885,0.8728839176721267,1.2867458633273268,135.1066494664027,0.06614708043005703,-0.11559380317145468,0.2428440559369605,Accept,0.9476172918634305,-0.02602787865609326,0.866126498018672,1.2596031773395673,149.8780772629139,Accept,Accept,Accept,Accept,0.27198252241633447
-0.3323487923460001,0.9860652887372982,-0.003050267875473657,-0.16303081499069313,0.2758606046461342,Accept,Z3,0.9834364812041528,0.8447917455705644,-0.13864473563358845,1.027444661324375,1.58479408453398,183.88412987420898,-0.003050267875473657,-0.19551002984076607,0.18930620481057944,Accept,0.8460638628480068,-0.13737261835614598,0.9886752644536542,1.5168644739109043,190.1067396132411,Accept,Accept,Accept,Accept,0.22895305845059213
0.07837668867699928,0.9920352308709169,-0.028471639617454726,-0.1627730679532972,0.19991142267459114,Accept,Z3,0.9692771019749293,0.9147308252903114,-0.05454627668461809,0.9589133613853181,1.3856139321075986,136.2680586130721,-0.028471639617454726,-0.19802238184698487,0.14179021738538083,Accept,0.915519592041078,-0.053757509933851304,0.9303898320583375,1.3611210662970157,152.22617907764825,Accept,Accept,Accept,Accept,0.24759224542194216
0.02578463688856988,0.9789066845421219,0.0019280774525029666,-0.17114368658116752,0.25637429862766886,Accept,Z3,1.0499645277281693,0.9839820033912158,-0.06598252433695355,0.8403914210104917,1.0737197097463234,143.48666507986337,0.0019280774525029666,-0.19582698905743434,0.19728869856639114,Accept,0.9830786703363387,-0.06688585739183062,0.8355358566113043,1.048483206295665,160.1753475198013,Accept,Accept,Accept,Accept,0.1260013163413938
0.09674455136054705,1.0548550819380524,-0.11381836551854176,-0.32146583324970013,0.11833216047068845,Accept,Z3,1.0231957956240663,0.8718002608623414,-0.15139553476172474,0.8620728577903691,1.1581708279235867,152.02580566584214,-0.11381836551854176,-0.3041592443567187,0.09256788554460321,Accept,0.8728472974517182,-0.15034849817234794,0.8566245661954639,1.1105371109105118,159.70409781897868,Accept,Accept,Accept,Accept,0.15890682550512975
-0.10585715339967199,0.9280634926639619,0.1673278818036332,-0.10738461054650901,0.38186219277836997,Accept,Z3,0.9388617160623915,1.091193949952778,0.15233223389038666,0.8494679988979729,1.0800813762233887,160.77102528945176,0.1673278818036332,-0.06594489850125229,0.3805013795977364,Accept,1.0903679127493986,0.151506196687007,0.8389455013573588,1.0537037878905076,179.25349003753948,Accept,Accept,Accept,Accept,0.2789600666429171
-0.06972898990318013,0.946582026759849,0.039570387115408605,-0.10496384992441851,0.34403045031268736,Accept,Z3,0.931586135924622,0.8751045749040961,-0.05648156102052598,0.8255300068331783,1.0633087381856638,141.24458250125045,0.039570387115408605,-0.16006133878056583,0.23845733309740147,Accept,0.8746811095256399,-0.05690502639898203,0.820818904150237,1.0331413602098307,154.0762100488587,Accept,Accept,Accept,Accept,0.3023206346512551
0.05478044882155609,1.078891054917953,-0.14727353816432434,-0.33463894595304433,0.03796896850415234,Accept,Z3,1.0139485636262917,0.9399214406669603,-0.07402712295933139,0.9054299950028867,1.2208632313508736,144.35805635592897,-0.14727353816432434,-0.30844435104489515,0.02594465507994781,Accept,0.9400111414695923,-0.07393742215669935,0.8838857663898879,1.1846621247959224,155.72811297431767,Accept,Accept,Accept,Accept,0.27618833585743047
0.19659231954625306,1.0798056484179783,-0.16173900253598786,-0.4237249169395689,-0.008873648954784652,Reject,Z3,1.0856135601114127,1.1856687251377325,0.1000551650263197,0.9372412489018082,1.4019921291951034,152.51741266239665,-0.16173900253598786,-0.3576189878228272,0.045254311809231215,Accept,1.184823254487736,0.09920969437632314,0.9429916224569334,1.3850505843898742,172.45884654965704,Accept,Accept,Accept,Accept,0.31394146486583324
-0.08636116462353167,0.9274646986836285,0.07406976343264864,-0.07726727949521246,0.3479994818857478,Accept,Z3,1.004673608268915,1.036119086648812,0.03144547837989682,0.77899282919156,0.9958319925849572,145.89722767665089,0.07406976343264864,-0.11657403296695568,0.2490373944197178,Accept,1.0365623374312583,0.03188872916234329,0.7470520483123058,0.9439651124788223,150.03696376803563,Accept,Accept,Accept,Accept,0.2666789654186938
0.09188945241208045,1.0420783970409069,-0.02208502744976441,-0.30829265223785035,0.12775176726018347,Accept,Z3,0.9888148036461999,0.9528912333520729,-0.035923570294127016,0.97337927792296,1.435770823857399,176.2074486225047,-0.02208502744976441,-0.2257485985740028,0.1927893162007092,Accept,0.9527057698379734,-0.036109033808226554,0.9625295123556894,1.4110735840414736,195.80007282832108,Accept,Reject,Accept,Accept,0.251818145949602
-0.2209393033758216,0.9744627998938103,-0.007246094924929126,-0.15310640102316847,0.24941000466313012,Accept,Z3,1.1071428425453762,0.9852288399456794,-0.12191400259969658,0.8717055544732059,1.1668880005011835,140.5557817159065,-0.007246094924929126,-0.18314999204634358,0.17358327490375505,Accept,0.9857562796864489,-0.12138656285892732,0.8504696759610849,1.1350868463120445,153.05827688913968,Accept,Accept,Accept,Accept,0.12936896377448928
0.038487621042192534,1.021772238804763,-0.045782709908319744,-0.23537953692550642,0.13663250400157945,Accept,Z3,1.0307979669425917,1.1153154551398239,0.08451748819723204,0.913819000405779,1.2860825307169188,144.3884139581719,-0.045782709908319744,-0.22699469821471646,0.12679156338167713,Accept,1.1146923989324613,0.08389443198986955,0.8832734790823235,1.255765089724117,160.77302699656323,Accept,Accept,Accept,Accept,0.14160863542172886
0.08129976924895194,1.0000548800498192,0.003946374360417461,-0.1622966953459158,0.16724207804296728,Accept,Z3,0.9947591358156038,0.9381284517778397,-0.05663068403776415,0.9512126091797793,1.5014809771210103,137.09807271671446,0.003946374360417461,-0.1351187165914763,0.14425284225395632,Accept,0.9371499247996065,-0.057609211015997364,0.9327700083552614,1.4472117464458225,136.70849863796573,Accept,Accept,Accept,Accept,0.15782805711727715
-0.010158625479718119,1.0445073941757443,-0.10876015566003916,-0.29990321653690416,0.1168195380063913,Accept,Z3,0.962545658111624,1.0033165008622986,0.04077084275067452,0.9149042505232339,1.2088269336132127,146.54031448229313,-0.10876015566003916,-0.2952926155104106,0.08336144861299838,Accept,1.0033405177051289,0.040794859593504915,0.9007946671643977,1.178007648622403,159.85869501323026,Accept,Accept,Accept,Accept,0.2453141175853334
0.11802201987544333,1.0062766656585256,-0.020454419187839048,-0.1983009129341769,0.1822768819292363,Accept,Z3,1.031708851004677,1.211752949919113,0.18004409891443607,1.001363767678932,1.4335271441936726,142.935968289504,-0.020454419187839048,-0.2041240194554529,0.15769516913704343,Accept,1.2119586349167937,0.18024978391211677,0.9959335719601539,1.4136753235830077,162.69163821589217,Accept,Accept,Accept,Accept,0.2830137377107484
-0.02235465557101231,1.0004864581665034,-0.026362025795053166,-0.2250005944997161,0.22306161981588452,Accept,Z3,1.024529772273295,1.1167455214690885,0.09221574919579352,0.8800013269733068,1.2080810086321632,158.99715036011062,-0.026362025795053166,-0.22996281460177204,0.18010259817544236,Accept,1.1167458239798258,0.09221605170653087,0.8613549107764533,1.172384315918285,172.05195490530815,Accept,Accept,Accept,Accept,0.18215960466720277
-0.21273619295571644,0.9988870888746286,0.04382997483202604,-0.19358034097894694,0.28050642038400975,Accept,Z3,1.0182470016638838,1.0098410371829325,-0.008405964480951315,0.9191251222003634,1.3727139678288236,169.4964240038712,0.04382997483202604,-0.19167736180827621,0.26875079453446393,Accept,1.0100004812206338,-0.008246520443250025,0.9162319189167699,1.3575457845841379,191.34812709523848,Accept,Accept,Accept,Accept,0.10580511823310323
0.19906711609928132,0.9959764284696684,0.01217568672023201,-0.2250449581424801,0.24509179130671574,Accept,Z3,1.0014698326914087,1.0044526910017253,0.0029828583103166917,0.8580239387409546,1.1529453577498672,164.89597971169988,0.01217568672023201,-0.2078510222213474,0.2226196622889561,Accept,1.0046909602277885,0.003221127536379823,0.8400254984474858,1.1269834552446938,181.98125249328714,Accept,Accept,Accept,Accept,0.2091606648988333
-0.02442087465493102,0.9504629625325428,0.09169712489360635,-0.11777941923677848,0.2823422614099217,Accept,Z3,1.0208492016348663,1.0577182841541635,0.03686908251929718,0.8256840315110487,1.119262390254851,141.20631748345772,0.09169712489360635,-0.09625074681738952,0.27930663510562886,Accept,1.0575612996062913,0.03671209797142501,0.8183947017289249,1.0832079673437693,154.44135525867446,Accept,Accept,Accept,Accept,0.29811633782004854
-0.08032956945379838,0.8929419870989063,0.16487654957586648,-0.05111474472167782,0.3967976500777795,Accept,Z3,1.0388915518821955,0.9312166012196841,-0.10767495066251147,0.9535417025400101,1.4249129235390563,187.1562172200219,0.16487654957586648,-0.051847919931481565,0.3803373459047323,Accept,0.9297568649538729,-0.10913468692832272,0.9384435025801489,1.4134766327834258,211.17953026082117,Accept,Accept,Accept,Accept,0.3845510669848282
-0.008564291848879068,1.0063945324509012,0.0040524119981342355,-0.18708982214810502,0.16649605076050558,Accept,Z3,0.9759606150097775,1.0509253542648855,0.07496473925510813,0.9474564397388192,1.4153692732151686,142.28242835236063,0.0040524119981342355,-0.1505846129814062,0.1648869489535793,Accept,1.0513831926915826,0.0754225776818051,0.9278325231167075,1.3794833363293006,152.4449607170918,Accept,Accept,Accept,Accept,0.22506679965558937
-0.08603908883657393,0.9037723918320253,0.11560552910696138,-0.017513579540228405,0.4323457334184223,Accept,Z3,0.8862199174801941,0.8499220135934157,-0.0362979038867785,0.8781194952452761,1.1705436684681225,159.60961156647917,0.11560552910696138,-0.08971908179582018,0.3170044628558979,Accept,0.8489208488604488,-0.037299068619745294,0.8741494436892836,1.1291836928641448,169.851704459108,Accept,Accept,Accept,Accept,0.2545598798808091
-0.030071749214636494,0.981914665224684,0.007558210130292806,-0.1343361743435707,0.19053923109424326,Accept,Z3,1.0050116448323572,1.0927627030020366,0.08775105816967939,0.9970099529646985,1.62492333355082,144.87998383448013,0.007558210130292806,-0.14395511358739702,0.15071703415628543,Accept,1.0931263364794506,0.08811469164709333,0.9932959719645034,1.5970845793548707,159.91012194492748,Accept,Accept,Accept,Accept,0.1220231227534065
0.10485025982185409,1.016517366889933,-0.04209036004615688,-0.2468738482293052,0.15097892558159678,Accept,Z3,1.0516260397340949,0.9661130072641566,-0.08551303246993809,0.8336000341527907,1.1572605289534688,135.11448866262677,-0.04209036004615688,-0.22555203437418925,0.14613797673003182,Accept,0.965899018482919,-0.08572702125117576,0.8244325319174827,1.1353312350650626,152.114242387199,Accept,Accept,Accept,Accept,0.2633143404604302
-0.16000855049289994,0.9640893846188504,0.09253423416027098,-0.11858317370062735,0.2651192512448882,Accept,Z3,0.9723651113709417,0.9014978659311604,-0.07086724543978125,0.8361507596985183,1.084172578180539,129.22790745641976,0.09253423416027098,-0.08435594148747391,0.2730060864295619,Accept,0.9021824765837697,-0.07018263478717209,0.8411107721235286,1.0640581255218229,148.17110604189708,Accept,Accept,Accept,Accept,0.24818440566112107
-0.16838081379126962,0.9582975286717907,0.03347270975590869,-0.12015561386104226,0.28716915534285264,Accept,Z3,1.0332576244373881,0.9704370814673734,-0.06282054297001469,0.8327286355458686,1.1435150034385613,143.15338935555204,0.03347270975590869,-0.15039189273632014,0.2184162057946017,Accept,0.9704774985848332,-0.06278012585255494,0.8181305523221541,1.1081481728813278,155.29098609321247,Accept,Accept,Accept,Accept,0.2399370661673219
-0.030028575209978033,0.9342987958961962,0.07276078585905715,-0.10025769857597155,0.35639914467833655,Accept,Z3,0.9717130338886443,0.8605575406787598,-0.11115549320988441,0.8578983588326833,1.2445744963323662,163.37461277153415,0.07276078585905715,-0.12013884693059851,0.2754180232112965,Accept,0.8608600028336324,-0.11085303105501179,0.8284136200864266,1.1894152845438946,169.34141034451292,Accept,Accept,Accept,Accept,0.2576878396666265
-0.18928789475736577,0.9253620854861236,0.03814339282450229,-0.08071285022409098,0.37020489095368303,Accept,Z3,0.9491999021182763,1.007730920377794,0.0585310182595176,0.9171619350314199,1.2009618678553393,146.621240691015,0.03814339282450229,-0.15346550279931553,0.23390527364507058,Accept,1.0068741088392217,0.05767420672094537,0.8877392847826217,1.1618471770355716,156.93114990109208,Accept,Accept,Accept,Accept,0.14131714901710188
-0.1713609740987026,0.9715630291308086,-0.0075511851280951215,-0.21737922858532163,0.2604867609515612,Accept,Z3,1.0737047209998072,0.8489709792207963,-0.22473374177901076,0.9027480251232726,1.2028249544017027,147.7861793295436,-0.0075511851280951215,-0.23000051589186254,0.20913997519956165,Accept,0.8487955604056319,-0.2249091605941753,0.8970140407147581,1.1872640122945561,169.04538299929246,Accept,Accept,Accept,Accept,0.20290975802692013
-0.16382259862343354,0.9244453439207455,0.11524238591889106,-0.07902403811699768,0.3836976963763452,Accept,Z3,1.0405531082957689,1.043490622079,0.002937513783231088,0.9194632086372596,1.317268913666407,166.76205660612808,0.11524238591889106,-0.08612675297421699,0.3292714138273376,Accept,1.0435955640565366,0.003042455760767928,0.8961190337707889,1.2789319006559285,179.91014030670803,Accept,Accept,Accept,Accept,0.2482757012279985
-0.18193606375788415,0.9896842819967054,-0.012564788987341612,-0.19651128363284742,0.21870475252620486,Accept,Z3,1.118052761896404,1.1356776872634322,0.017624925367028296,0.8604359962449334,1.0986441912123797,141.774327157194,-0.012564788987341612,-0.1882487175982859,0.1810790704718009,Accept,1.1356201776693677,0.017567415772963724,0.8467652903764986,1.0699294707406155,155.6528633017481,Accept,Accept,Accept,Accept,0.18444635111484325
-0.12449198969498933,0.9790088652338711,0.06937058009670145,-0.20823387189760498,0.2558125088721425,Accept,Z3,1.0682601288680968,1.3725409866956735,0.30428085782757686,0.8936569403617989,1.2106546789927335,154.02401701047918,0.06937058009670145,-0.14463409310868328,0.28684346822983403,Accept,1.37268488446541,0.3044247555973132,0.8761325556724655,1.1825349320636314,170.8011724124271,Accept,Accept,Accept,Accept,0.31431485199297027
-0.08963123339601303,1.0059156722661076,0.04009685497539545,-0.2145430473675989,0.18514901751931884,Accept,Z3,0.9542405145803565,0.7821067976474185,-0.17213371693293805,0.9036216074835498,1.3127018163396142,151.3246096396222,0.04009685497539545,-0.13437507147458289,0.22992723273433613,Accept,0.7831296874667446,-0.171110827113612,0.8918634429054464,1.2793156624048112,166.61263954457982,Accept,Accept,Accept,Accept,0.18563427004357952
0.19326464462116041,1.030997308772049,-0.08615210693089811,-0.254412942930766,0.1124750012822946,Accept,Z3,1.057533006299832,0.9997087706221506,-0.05782423567768144,0.9213878283857588,1.2756122598124462,135.85851883751033,-0.08615210693089811,-0.2603258006684438,0.07201439476588037,Accept,0.9995443276298961,-0.05798867866993589,0.9055487582822146,1.2607914263254902,155.1807316755417,Accept,Accept,Accept,Reject,0.3678252431599865
-0.13818304629585274,0.9459790477614846,0.04355694072448229,-0.12451571721745446,0.3169628383690084,Accept,Z3,0.9969879910963995,1.0487981349450115,0.05181014384861205,0.9391747941940465,1.3253176944804335,162.99814055788363,0.04355694072448229,-0.1707435271804294,0.26175515728863585,Accept,1.0499133478841511,0.052925356787751766,0.9252539190385568,1.30498287937601,182.35747411211005,Accept,Accept,Accept,Accept,0.17400977098632156
-0.18535868998882354,0.8870540549986926,0.20252286696702015,0.03839116108237259,0.4254128467700198,Reject,Z3,0.9832670557281691,0.9747295621501384,-0.008537493578030688,0.8111831433528747,1.0968021931048988,151.0875803416665,0.20252286696702015,0.022749269114165367,0.3790311299213569,Reject,0.9745326177406469,-0.008734437987522154,0.8080937734239383,1.0698629702035385,167.8505971965405,Reject,Accept,Accept,Accept,0.12523248994811284
-0.08971166559095858,0.9488886837106435,0.059468105998843064,-0.10977177139796933,0.29818494005270463,Accept,Z3,0.9517337626719395,0.7391976014218407,-0.21253616125009903,0.8429970324934815,1.059798798960128,138.5351821153578,0.059468105998843064,-0.13392534353587135,0.24419822562015622,Accept,0.7395696926416515,-0.21216407003028806,0.8361195337596691,1.034441454381067,153.4504510280658,Accept,Accept,Accept,Accept,0.24149923717424507
0.023065964555665088,0.9863173914261012,0.005088596684928154,-0.16966641498932636,0.21158612719140002,Accept,Z3,1.0054330874441677,0.8991751984420993,-0.10625788900206849,0.8666495692158168,1.1833920753255818,125.31121675994034,0.005088596684928154,-0.16607641520407435,0.18365281820813514,Accept,0.8989176027031341,-0.10651548474103358,0.8524942849404237,1.1642970909369268,142.18881797545123,Accept,Accept,Accept,Accept,0.24492761063571333
-0.03198946497676616,0.9315012224671557,0.14412730838273186,-0.08196639453460723,0.31285169203321256,Accept,Z3,1.0565982327483026,1.2272042102470597,0.17060597749875728,0.8882906591413685,1.1992067089080831,140.12999004567465,0.14412730838273186,-0.04790006173035946,0.33760531191633103,Accept,1.2270882286424931,0.1704899958941906,0.8721303001696314,1.1716219502514378,156.2340098474692,Accept,Accept,Accept,Accept,0.17836351736246422
-0.14462935487388712,1.0346959716850825,-0.06712149870893934,-0.23868967271158187,0.09270292191664017,Accept,Z3,1.01814419379814,1.0932360089546502,0.07509181515651028,0.8894663818513661,1.140847449578144,118.37565548930351,-0.06712149870893934,-0.23677913235327314,0.09142761345948591,Accept,1.093066491596705,0.07492229779856496,0.8783352626040981,1.118736452030585,134.30595432347246,Accept,Accept,Accept,Accept,0.206626153157835
-0.03484321019750592,0.980700212718593,0.0011639798898729992,-0.13000269714388804,0.2276215198586353,Accept,Z3,1.1062567677118105,0.9946500548948579,-0.11160671281695261,0.9956955518372176,1.4799003584445933,159.92905857801415,0.0011639798898729992,-0.1459918617941281,0.15496466224644756,Accept,0.9931266854387024,-0.11313008227310814,0.9632900804294122,1.4141984557491183,159.33517868619066,Accept,Accept,Accept,Accept,0.2348872163633163
-0.15641581273795677,0.954435369401378,0.12097108553344496,-0.12830519811362162,0.2914114675962197,Accept,Z3,1.011030109388841,1.03777274319473,0.026742633805888812,0.8863451940668702,1.2772122503198802,162.39408548970843,0.12097108553344496,-0.07317188154841774,0.3052383859771952,Accept,1.0383660622973034,0.02733595290846253,0.8797678530408892,1.2427525343396753,176.9509777267757,Accept,Accept,Accept,Accept,0.17405984743815972
-0.12638289206229406,0.9457683559413074,0.06064680498435144,-0.0650917156971961,0.2702012614547301,Accept,Z3,0.9845369720664159,1.10180867093178,0.11727169886536423,1.0020910225793433,1.4875411356927097,142.05433781982785,0.06064680498435144,-0.09836321505093314,0.21887491971240405,Accept,1.1015167273119857,0.11697975524556967,0.9934262166823042,1.4638806192766651,159.1961904071234,Accept,Accept,Accept,Accept,0.13330319816937453
0.002886961805899773,1.0379036470279608,0.007373163516118463,-0.26318759446962936,0.11751944301799634,Accept,Z3,0.9954521118424787,1.0540268536174215,0.058574741774942686,0.8647793791694279,1.1390547734795056,142.24511113329368,0.007373163516118463,-0.17851970418159085,0.18166987161832643,Accept,1.0523098084746008,0.05685769663212198,0.8633858491866698,1.1134349428539239,158.64909517090075,Accept,Accept,Accept,Accept,0.28939004850824696
0.0039691659668520275,1.0425915563248647,-0.08160503364355816,-0.2690873387952979,0.10198712105410762,Accept,Z3,1.018084851179762,0.9431462774679967,-0.07493857371176524,0.9729402513735885,1.5273385005376847,151.02434510572468,-0.08160503364355816,-0.2606311097540672,0.08737110999281542,Accept,0.9430375590397163,-0.07504729214004566,0.963251817868075,1.509399341579335,171.13154161700538,Accept,Accept,Accept,Accept,0.30477307425466676
0.30030018956943655,1.1291693121044266,-0.1580916964372411,-0.49967155058408586,0.014800585506024824,Accept,Z3,0.9916585618170196,1.0284857931188174,0.036827231301797825,0.8750290735836468,1.1181585654828095,153.19203261049603,-0.1580916964372411,-0.3784264317439938,0.05545181975949626,Accept,1.0275967464769882,0.03593818465996851,0.8504574197696222,1.0672331926792848,159.242558861469,Accept,Accept,Accept,Reject,0.3591455184208288
0.14656582724316858,1.0422526335814177,-0.13049404144690407,-0.30980103250020885,0.10123081700282678,Accept,Z3,0.9709443531742838,1.0206863512356827,0.04974199806139874,0.8270735484253534,0.9471773076439629,142.70387199809386,-0.13049404144690407,-0.3357534587368553,0.05913985160666327,Accept,1.0204511218411891,0.04950676866690527,0.8170047622967931,0.9172566461849818,157.57995494862314,Accept,Accept,Accept,Accept,0.15892415045087074
0.10133328672733855,1.0202746865251004,-0.040139247061427796,-0.24998255167520117,0.1660024979026513,Accept,Z3,1.0487128649463036,0.8213298794877207,-0.22738298545858288,0.8995290103665226,1.2503452909458481,152.86688524726623,-0.040139247061427796,-0.24002202564163605,0.15121831880009176,Accept,0.8221486364821473,-0.2265642284641563,0.8936077935474528,1.2369935007631383,176.99899263807598,Accept,Accept,Accept,Accept,0.2229945461821895
-0.015229821336810626,1.0412502861870734,0.01023959817924504,-0.31837852586362764,0.14623037844118786,Accept,Z3,1.0225310423236602,1.0398614169292124,0.017330374605552402,0.8932711834080687,1.2152446538976658,164.60476571881534,0.01023959817924504,-0.21277102217764104,0.22714291994617838,Accept,1.0402119438566375,0.0176809015329773,0.8743381002282026,1.1901304097252179,183.57590167810557,Accept,Accept,Accept,Accept,0.21191114581965415
0.08734225551015239,1.034789479343406,-0.10007970337750664,-0.247183701738959,0.12204827713923794,Accept,Z3,0.9320228684465239,0.9945373775144231,0.06251450906789915,0.8854774502719687,1.1627300885247278,129.25074403656114,-0.10007970337750664,-0.2666237607675014,0.0642109072008171,Accept,0.9935585674565592,0.06153569901003531,0.8810993506591196,1.1434897875414565,145.25217542183603,Accept,Accept,Accept,Accept,0.30361489828029126
0.07074653075748662,0.9807708622224609,0.039740511372033716,-0.1750297916111762,0.24332660053965988,Accept,Z3,1.03788427889141,1.0216135419265349,-0.016270736964875285,0.8541781340428397,1.2070864767925265,152.43524077051123,0.039740511372033716,-0.14514155659265676,0.21693947809977845,Accept,1.0219786425496085,-0.01590563634180151,0.8629231812827538,1.1624514635271346,159.86583942995085,Accept,Reject,Accept,Accept,0.20104295866002292
-0.26980097114151674,0.9250817092134586,0.1712980357914081,-0.043283858783161294,0.36671585840806514,Accept,Z3,1.0680794591911118,1.17372791538443,0.1056484561933182,0.9012499155804096,1.235420295001887,152.7148390135514,0.1712980357914081,-0.014007988038288182,0.37533623406071615,Accept,1.17263435778922,0.10455489859810817,0.8849205763254991,1.2170555061211528,173.5842873424674,Accept,Accept,Accept,Accept,0.321931940049901
-0.0361109743323892,0.9816556717363698,-0.016295334009636876,-0.16453682313442072,0.23012462916309231,Accept,Z3,0.996429588528453,1.0662146845030605,0.0697850959746076,0.9186601788627093,1.2040396731684337,144.0466698478937,-0.016295334009636876,-0.2073575620532432,0.16782446134772805,Accept,1.066867912349434,0.07043832382098113,0.9047141639428241,1.1800561327253931,160.71491900717533,Accept,Accept,Accept,Accept,0.09687623385879734
0.1728376538398723,1.0780806482222707,-0.11396261531160343,-0.3282230832584043,0.0246760953565255,Accept,Z3,0.9732008868665568,1.052147214001409,0.07894632713485211,0.8563193111124926,1.200327678678739,126.22340405656837,-0.11396261531160343,-0.2908652390972432,0.041872188648063136,Accept,1.0515735710265275,0.07837268415997062,0.838183498800542,1.1833279828907513,143.42711910601344,Accept,Accept,Accept,Accept,0.2985713463495422
0.25215916433334834,1.1156419452991695,-0.16283967152879902,-0.4030452269440085,-0.0070183308898226215,Reject,Z3,0.9876923002958801,1.058388142027146,0.0706958417312658,0.9655934859791067,1.3473057004397373,157.8433559897929,-0.16283967152879902,-0.3339916370271323,0.02333700559617393,Accept,1.0591937966599863,0.07150149636410622,0.9370845760273494,1.3055999462900594,167.58758303747615,Reject,Accept,Accept,Accept,0.29975585480685174
-0.07027259041246857,0.9718699676610687,0.05515737927609367,-0.08907760660416834,0.199914454805383,Accept,Z3,1.0223852033840448,0.9648393756446777,-0.057545827739367256,1.0688965002885695,1.7328446283673025,130.35264875270434,0.05515737927609367,-0.07253923143329696,0.1849404956858215,Accept,0.9652336768793436,-0.05715152650470122,1.0537883233092993,1.6986495555935355,142.37068345468506,Accept,Accept,Accept,Accept,0.08422677447799815
-0.0419779655554602,0.9773242894679733,0.13809775597431911,-0.11839835585401519,0.22879991203080638,Accept,Z3,1.0346807888378162,1.1840947287385832,0.14941393990076723,0.9661586874143896,1.5082853812308252,144.89797730136206,0.13809775597431911,-0.018328313554708806,0.2885012188605642,Accept,1.1838306008117558,0.14914981197393962,0.9318480091730527,1.4585816280027597,148.49435555818587,Accept,Accept,Accept,Accept,0.1665459802985827
-0.08322315911717885,0.9202866874972733,0.16392171768812205,-0.015433594997891925,0.3829458639357074,Accept,Z3,1.1615478041296246,1.1739161899349544,0.012368385805329982,0.8075963708881561,1.0457699140749062,127.16393838832866,0.16392171768812205,-0.025664525723657614,0.3418071782291533,Accept,1.1734071879085484,0.011859383778923935,0.787330997181721,1.0260738671720795,145.5928848765038,Accept,Accept,Accept,Accept,0.2906740078837416
-0.08918192747650916,0.9694449406816078,0.047168394037054626,-0.13992130447958445,0.2464866329732613,Accept,Z3,0.9298088229410432,0.9961645255958967,0.06635570265485358,0.9717894333102324,1.472558973070835,158.80363456487447,0.047168394037054626,-0.12348217867876188,0.21286002823790817,Accept,0.9957353202696274,0.06592649732858424,0.9689170245546059,1.4429580893601306,172.59020047507494,Accept,Reject,Accept,Accept,0.23497388979103004
-0.23108932461002446,0.8708128025415379,0.16509411333525953,0.06131548996536214,0.42131057798488997,Reject,Z3,1.0509980957589937,1.0476191408837683,-0.003378954875225473,0.9047216162814332,1.2058117793029783,146.43147381397847,0.16509411333525953,-0.004394518247633162,0.3410431592809573,Accept,1.0474318382246022,-0.0035662575343916336,0.9137877738859599,1.1815389295312766,162.6631545747955,Reject,Accept,Accept,Accept,0.09940249389452663
-0.04118001072846644,0.9834650433057579,0.05426776664487922,-0.17187147890896742,0.23212925558924058,Accept,Z3,1.0883603094640406,1.203548102590829,0.11518779312678845,0.8527346656135011,1.195101595913679,153.78972001544818,0.05426776664487922,-0.13166329875451552,0.23122426934657409,Accept,1.203875040261785,0.11551473079774449,0.8235731833715727,1.139723930620985,158.34055803174232,Accept,Accept,Accept,Accept,0.1986710024846071
-0.09607523142977663,0.9482209983134667,0.05667003721904084,-0.10784596211056943,0.33754792608215994,Accept,Z3,0.9189338642393361,0.9757133073560683,0.0567794431167323,0.8652522361204066,1.1972880579733562,157.09079505285607,0.05667003721904084,-0.16045004054992756,0.26858107237256135,Accept,0.9762320585273919,0.057298194288055805,0.8643758149868868,1.1833188052869559,179.30546128876358,Accept,Accept,Accept,Accept,0.3126034959333658
-0.15539743278322793,0.937565526114135,0.1402356264084444,-0.09381742873056999,0.3219934960812411,Accept,Z3,1.0004455207460428,0.956813669886554,-0.043631850859488654,0.7819013229986654,1.05016819973374,147.82562761624828,0.1402356264084444,-0.04571812366382144,0.3423769040986011,Accept,0.9568548554248328,-0.043590665321209796,0.7683185082554285,1.033488182206916,167.72929211548617,Accept,Accept,Accept,Accept,0.18384350951180595
-0.06119670522409175,0.9658225305918106,0.050928984610634116,-0.15188442149716974,0.26585898730635577,Accept,Z3,0.9383069918813832,0.9675821864933729,0.029275194611989814,0.8511382129934597,1.2254526374752697,150.24953274984944,0.050928984610634116,-0.14575793928478334,0.2582114772212605,Accept,0.9664151298054733,0.028108137924090077,0.8527412494809157,1.209148796690844,172.16942628910292,Accept,Accept,Accept,Accept,0.25160967591759087
-0.08449314900415839,1.0666975116173747,-0.164736199187781,-0.3384472630676958,0.06249148719215185,Accept,Z3,0.9483160515162231,0.8512852674319983,-0.09703078408422483,0.9089713051145665,1.424373813076942,170.79091096621497,-0.164736199187781,-0.3430551473122561,0.01781994801944122,Accept,0.851612641525508,-0.09670340999071517,0.9027646145558208,1.3689279377372552,178.63231142837,Accept,Accept,Accept,Accept,0.3026254930480087
-0.08392165968022336,0.987386472841362,0.04323148311891166,-0.2249537661598336,0.28050297611623687,Accept,Z3,1.029127418170649,0.9114147093466927,-0.11771270882395622,0.9490074246166519,1.3943503891812463,189.52782107509177,0.04323148311891166,-0.17978900400191805,0.27250379640762373,Accept,0.9116739547979611,-0.11745346337268776,0.9347839940258086,1.329218034130661,196.30321400703593,Accept,Accept,Accept,Accept,0.21006096571094965
-0.2412199452143247,0.8980466692402553,0.28437357434802124,-0.06579553637447322,0.464418613320167,Accept,Z3,0.993820999081164,1.1864676135467023,0.19264661446553835,0.8106726044608301,0.9983342619939982,162.41996759135304,0.28437357434802124,0.05387628770682088,0.509416817085018,Reject,1.1874960183978942,0.19367501931673023,0.7934401103739094,0.9524889424858652,174.9163207421749,Accept,Accept,Accept,Accept,0.0766800612873781
0.23831189105320902,0.971404094738518,-0.007053285092611803,-0.15643205862695167,0.1930137288719771,Accept,Z3,0.9579605615508142,0.9810880678706705,0.023127506319856238,0.9015569017862884,1.429389035586358,139.6428205298154,-0.007053285092611803,-0.1740881045002274,0.16315467140738218,Accept,0.9817599003950258,0.023799338844211548,0.900996278033587,1.411869077888229,159.49111182518956,Accept,Accept,Accept,Accept,0.26617694694056093
-0.14460199023887885,0.9778183221314081,0.045723871765807944,-0.19045976094650754,0.24944893138368346,Accept,Z3,1.0321172423400893,1.044111243630807,0.011994001290717959,0.8248546560650893,1.0273172048921575,158.90621885103778,0.045723871765807944,-0.14708046856713397,0.2264958140420038,Accept,1.0437691463275656,0.011651903987476371,0.8089019907395745,0.9649164715089867,158.04703559940026,Accept,Accept,Accept,Accept,0.3510068212055766
0.2235626029134754,1.1015372549803457,-0.12631837143665678,-0.4144424111511058,0.049633239506865864,Accept,Z3,1.0490591891434404,1.1103570274917722,0.06129783834833166,0.73340914335514,0.9035841763814616,128.51813129648534,-0.12631837143665678,-0.3358986568695086,0.08657773737835575,Accept,1.1092559842937457,0.060196795150305155,0.7408202759860921,0.8830446805113773,145.12376856848311,Accept,Reject,Accept,Accept,0.28872496323333074
0.06818484432077726,1.0381202671068073,-0.11205789286304256,-0.34136279304449696,0.1318564631567855,Accept,Z3,0.9955082736489184,1.0222067999731168,0.0266985263241984,0.8263129385921257,1.230882784178087,168.84271081068115,-0.11205789286304256,-0.319775505197775,0.10375477789387362,Accept,1.022657039385896,0.02714876573697759,0.8021675736602929,1.19064787725181,180.90315261658597,Accept,Accept,Accept,Accept,0.3550032490113838
0.1263843432435554,1.0149186301742157,-0.045269430803583074,-0.23219021317598915,0.1636769840920123,Accept,Z3,1.0047551183041747,1.04103936409399,0.03628424578981528,0.8582097504808678,1.2201697057934395,140.34883492360436,-0.045269430803583074,-0.2395784936721625,0.14392383805548356,Accept,1.0409788029194202,0.03622368461524557,0.8453664727738243,1.1985575276587301,158.66249615970258,Accept,Accept,Accept,Accept,0.3655474729419835
-0.021228756687053377,1.0053670994311565,0.07772969465771853,-0.19982141801336464,0.16892685027923143,Accept,Z3,0.982236763193615,0.9663367879114911,-0.01589997528212388,0.878391216767539,1.2429637756202458,132.60314433843118,0.07772969465771853,-0.07864289899198948,0.2233097376097103,Accept,0.9667012704963572,-0.015535492697257784,0.8697693977574201,1.1806696823173648,125.68564394604338,Accept,Accept,Accept,Accept,0.16955681637715656
0.15952101129107585,0.9738172339192204,-0.0379070629068653,-0.19008746981711316,0.23063921411678917,Accept,Z3,0.9887995096362869,0.8053582384597863,-0.18344127117650066,0.9577329806397734,1.34891414270398,154.08745299010138,-0.0379070629068653,-0.23784972563896578,0.15540283636188873,Accept,0.8055813036865909,-0.18321820594969604,0.9657796706886016,1.3252146357405183,173.6600741493545,Accept,Accept,Accept,Accept,0.3151082948981213
0.056910502089070183,1.0991657029899735,-0.2063673607739989,-0.3851233135238647,0.0388034970231421,Accept,Z3,0.9188889561533011,0.6947504228267484,-0.22413853332655276,0.7995796659624484,1.0235150972910898,127.44496741603933,-0.2063673607739989,-0.3943659911653975,-0.0204060830165149,Reject,0.69596658452305,-0.222922371630251,0.7923777810359559,0.9843047109618702,134.90238215423938,Accept,Reject,Accept,Accept,0.3538249837442236
0.1110132674685771,1.0283407151572694,-0.004479961861441555,-0.22690222805099874,0.13726487863120562,Accept,Z3,0.9545871687851547,0.9865970485994042,0.032009879814249395,0.9250031136289535,1.3672355481461687,151.80473797643307,-0.004479961861441555,-0.17659721709919649,0.16617672528946414,Accept,0.9873425057837971,0.03275533699864242,0.9213607937083885,1.337352832739291,166.40785460681712,Accept,Accept,Accept,Accept,0.13809455774958776
0.05496457193213219,1.0747432366410496,-0.11563936360305735,-0.3038257560569308,0.050821567360012615,Accept,Z3,1.008261535766878,0.9900870350450781,-0.0181745007217999,0.8921846745004518,1.230366792658736,117.04528662954914,-0.11563936360305735,-0.283982693549633,0.04733311653272207,Accept,0.9894903241392464,-0.018771211627631623,0.8843867552142273,1.2150045749472396,136.04331673387475,Accept,Reject,Accept,Accept,0.25668626074366235
0.08167798742417819,1.0468637348813252,-0.08841375414595228,-0.29445298741400006,0.09510980982459619,Accept,Z3,1.007749080042713,1.1091426328298424,0.10139355278712946,0.9435536783491006,1.3546166898031493,143.3625873737194,-0.08841375414595228,-0.26319422222207106,0.09498170162566523,Accept,1.1088930007014937,0.10114392065878075,0.9380041675250819,1.3165701589990886,152.23505570651218,Accept,Accept,Accept,Accept,0.2862889748543037
-0.396669160924931,0.8092755389558192,0.2886427105052603,0.07724551468704599,0.4691897385474348,Reject,Z3,1.045534122618292,1.072540686234718,0.027006563616426,0.9226155825073339,1.29830868654359,141.47850291060655,0.2886427105052603,0.12432546221827882,0.4523048252402128,Reject,1.0726145893012273,0.027080466682935414,0.9307790160903652,1.2700895292229415,155.13920734739247,Reject,Accept,Accept,Accept,0.29840741527129233
-0.0628964152640079,1.0154357706793864,-0.02774995046616204,-0.23817831229420075,0.15628961556141863,Accept,Z3,0.9773061161017659,0.9447087886315313,-0.03259732747023455,0.9367492447855247,1.3397172916117828,156.63748886586754,-0.02774995046616204,-0.2041693290794878,0.14981924708167388,Accept,0.9453191583031008,-0.031986957798665075,0.9325700695427386,1.3090683421720726,173.0314819667158,Accept,Accept,Accept,Accept,0.13395965164526594
0.03488428960871961,1.041582351663647,-0.02764372912717401,-0.25486459785949345,0.10252957586925182,Accept,Z3,0.9428655382829494,0.8978909499274313,-0.04497458835551805,0.9081156850601606,1.2614940697595065,134.88315042301514,-0.02764372912717401,-0.19595486951050264,0.14371828086172758,Accept,0.8972320106679694,-0.045633527614979984,0.8938968563548471,1.2289227614093787,145.77082097259097,Accept,Accept,Accept,Accept,0.15109623424903793
0.1571301446387949,1.0301391841274066,-0.06004000807747498,-0.25436791268856607,0.12652273737907102,Accept,Z3,1.0041276281760132,1.1482225988300632,0.14409497065405008,0.8894322924611312,1.4194790923835214,160.1842640863723,-0.06004000807747498,-0.2387290738250232,0.11985089019699915,Accept,1.1478710120485465,0.14374338387253321,0.8831378224663324,1.385303917025692,174.7920860783764,Accept,Accept,Accept,Accept,0.333421563532383
0.028523855956503905,1.0276351758343996,0.014907806482067873,-0.24913136613664483,0.13369583504379123,Accept,Z3,1.0357245699010693,1.166214811550232,0.13049024164916265,0.9156774229507626,1.2653099506336796,135.85258605849742,0.014907806482067873,-0.1673567427714566,0.19768121522696316,Accept,1.1666300033163626,0.13090543341529315,0.908948503070344,1.2330866424243152,147.45665505807855,Accept,Accept,Accept,Accept,0.032878160742653664
-0.20086038531801273,0.9782010163786438,0.07471140907730651,-0.15327002520858682,0.20175905073450895,Accept,Z3,0.9742570488122765,1.069588466846329,0.09533141803405246,0.9229884961283106,1.2211690471009626,132.64002311780703,0.07471140907730651,-0.08806160555829316,0.24992148653570995,Accept,1.0689584058835442,0.09470135707126774,0.9043931766701124,1.1904034600120164,144.700389351381,Accept,Accept,Accept,Accept,0.14157175448959694
-0.11459578632192648,0.8896800520086161,0.24389107405576047,0.027546088857069977,0.45960910330928845,Reject,Z3,1.009709934243143,1.0007766619008205,-0.008933272342322626,0.9513481376312147,1.3861055522234318,167.5443537446339,0.24389107405576047,0.03448116762353484,0.4382605398449486,Reject,1.002400650557956,-0.007309283685187056,0.9479194920569735,1.3493041606244693,182.3505083980869,Reject,Accept,Accept,Accept,0.27211787670701565
0.22745985390737977,1.0734802607572675,-0.19290547619658965,-0.301069463022685,0.03450804967593542,Accept,Z3,1.0067225054708828,0.947824822612217,-0.05889768285866563,0.8298070479677775,1.0740274372397192,117.65755344983067,-0.19290547619658965,-0.333580762849477,-0.04100204074290257,Reject,0.9477634644905808,-0.058959040980301906,0.8105212176934021,1.0376165412558744,122.69769708378217,Accept,Accept,Accept,Accept,0.2679990563559099
-0.09369982667947176,0.9417747896569383,0.1071913606406404,-0.06240779622135474,0.3033565213234072,Accept,Z3,1.0129798257039295,1.1280929235949264,0.11511309789099668,0.9547305704692998,1.2824323187795548,138.55182989370738,0.1071913606406404,-0.0702909768039085,0.27822552117112254,Accept,1.12855286919181,0.11557304348788046,0.9446157020635446,1.2697556575624593,159.97879595649675,Accept,Accept,Accept,Accept,0.27439260426592177
-0.11449082369452665,0.9513552906156849,0.12310644673631613,-0.08022397672194412,0.35631943076703815,Accept,Z3,1.083451641305947,1.0827603231702405,-6.913181357063436e-4,0.8847556444833059,1.1889556190588717,148.10306114623066,0.12310644673631613,-0.07604219920500074,0.32618396783134734,Accept,1.0847849726673973,0.0013333313614503795,0.8813475812323175,1.1682156956522407,167.37362489127065,Accept,Reject,Accept,Accept,0.2851815609876813
0.13546666442767757,1.070261337952711,-0.10828023321668989,-0.352115575964957,0.03320430541048819,Accept,Z3,0.9860268301227181,1.0625029978229978,0.07647616770027976,0.8766589181709077,1.2648945327260168,150.98358373757935,-0.10828023321668989,-0.2839259786836516,0.0581108890643849,Accept,1.06272669604327,0.07669986592055199,0.8804519396790732,1.230570383021295,164.46069362219856,Accept,Reject,Accept,Accept,0.2640099114768678
-0.13139543892602779,1.0077683422750376,0.05224602668462355,-0.18231873570413978,0.1775901918006647,Accept,Z3,0.8828558029586941,0.8263611175660227,-0.05649468539267135,0.8221140264413678,1.1919021429241006,137.81447817094562,0.05224602668462355,-0.11076063036375555,0.2102303139994943,Accept,0.8279234599325996,-0.05493234302609446,0.8220297513676826,1.1693366749936367,155.82480556264753,Accept,Accept,Accept,Accept,0.31208194278572454
0.17455026582939911,1.0621996776427303,-0.1674655037014194,-0.28791454944624517,0.04399393032524173,Accept,Z3,1.0097208989509983,0.9279237480494072,-0.08179715090159106,1.0376120527989874,1.5732342762856348,149.24009415924147,-0.1674655037014194,-0.319227232295771,-0.013586336902707954,Reject,0.9267612265261985,-0.08295967242479986,1.0265006444090259,1.5528648450604843,166.03209700109397,Accept,Accept,Accept,Accept,0.3010009087020014
0.05363883880389694,1.0119135517240059,-0.04637977119589414,-0.2651483180151801,0.22167098866770102,Accept,Z3,1.0368930678660377,1.1847210304864821,0.14782796262044445,0.9883024521650603,1.4499894597297294,178.07116705261944,-0.04637977119589414,-0.2650654901773901,0.17175295410562919,Accept,1.185439276197606,0.14854620833156826,0.9821306722939578,1.4178965187890897,197.51852715674102,Accept,Accept,Accept,Accept,0.21444508587630368
0.3860238132658482,1.0753341463306856,-0.12295606834228656,-0.39574642396078147,0.03152312380620716,Accept,Z3,0.9974435950568878,0.9106564195010028,-0.08678717555588493,0.8126871167875604,1.0830389674038385,146.63351846520146,-0.12295606834228656,-0.33275309503434963,0.08278298756229091,Accept,0.9109748224730787,-0.08646877258380911,0.8084868157512635,1.0513761546925162,159.11237695623745,Accept,Accept,Accept,Accept,0.15171996008978475
0.2355312796938654,1.0639878683755062,-0.1463448229112904,-0.36159323970639,0.0548159660382433,Accept,Z3,0.9449688464907623,1.025249333540905,0.08028048705014278,0.9575977754788728,1.5009244130518877,163.312498492355,-0.1463448229112904,-0.33432756971296756,0.04683837600434382,Accept,1.0244540680361596,0.07948522154539732,0.9564834069765616,1.4610088415259597,175.94844857852027,Accept,Accept,Accept,Accept,0.12612106334327508
-0.28180969866155037,0.9097006516937435,0.14144127397219222,-0.08496666282293067,0.3611653856085043,Accept,Z3,0.932844193636408,0.925180988936953,-0.007663204699455182,0.928616434054899,1.3234427327941438,170.88288717652577,0.14144127397219222,-0.06351729669629258,0.3476854039380202,Accept,0.9243958014547797,-0.008448392181628388,0.9090304116653087,1.2790969358494928,183.98007126506263,Accept,Accept,Accept,Accept,0.11489309843084293
0.059904635414047,1.0038866459865445,0.019592435886789564,-0.2307590533015395,0.1837618203635905,Accept,Z3,1.0142474645659014,0.9555151290816252,-0.058732335484276185,0.9338193557202153,1.3116467811583803,155.557868195833,0.019592435886789564,-0.18304562297968519,0.20686986383242623,Accept,0.9553715216859984,-0.05887594287990309,0.9123054124245787,1.278864340888238,170.55706135973915,Accept,Accept,Accept,Accept,0.2677939737980467
0.12274169573991459,0.9823124026488457,0.06340456072897638,-0.17286371799359565,0.20950681104022054,Accept,Z3,0.9859843557224948,0.9423438456633133,-0.043640510059181396,0.9132650758016091,1.3293267174116834,146.3920895677179,0.06340456072897638,-0.11174836398672977,0.24034233115542947,Accept,0.9422625710156739,-0.04372178470682082,0.8923036861943717,1.3030353661659402,161.96191511230748,Accept,Accept,Accept,Accept,0.32480879605646623
-0.22222103511166996,0.9154334794109145,0.1463822243962266,-0.007103246242689806,0.37429990382337897,Accept,Z3,0.9822650472446293,1.0872336961022333,0.10496864885760411,0.8971205785030036,1.2390356396943591,138.98042826981393,0.1463822243962266,-0.023189535308869025,0.32131123262449607,Accept,1.0883507512517576,0.10608570400712841,0.8782223512462525,1.2046468109087396,150.21953930624173,Accept,Accept,Accept,Accept,0.16573793342765833
0.22441544562983928,1.1048625516531814,-0.21143655393248073,-0.43656208059716295,0.033003328534646346,Accept,Z3,1.004414607217336,1.0307410480803503,0.02632644086301426,0.9120427848984356,1.258175351058839,178.2708940263897,-0.21143655393248073,-0.42385271043448414,0.004628823268102947,Accept,1.031226198780504,0.02681159156316805,0.8798285239563849,1.2105321755549445,190.4034458863512,Accept,Accept,Accept,Accept,0.19216747543470206
0.23884882864749826,1.0649005245939824,-0.09409271048956126,-0.3253459440842428,0.045402888081680144,Accept,Z3,0.9781162426966158,0.9563026519208965,-0.021813590775719358,0.8985377551904259,1.2369957140960646,132.22702722655683,-0.09409271048956126,-0.2665701803730446,0.0757773028186666,Accept,0.9560959563590328,-0.022020286337583003,0.8735791518965514,1.1953176817765538,138.4404349137048,Accept,Accept,Accept,Accept,0.189291095766538
-0.09160181885580529,0.991892465083559,0.04046226837424769,-0.156241313298985,0.18582297716763602,Accept,Z3,1.0478319455926544,0.9203591203998052,-0.12747282519284905,0.8959984107357257,1.2729632541888247,135.3074291955656,0.04046226837424769,-0.1267011894356989,0.20022557138144662,Accept,0.9208966527428676,-0.12693529284978675,0.9005555146082517,1.2621649091810945,157.28021270748698,Accept,Accept,Accept,Accept,0.2875402186771393
-0.16384779337806923,0.9749753007174552,0.03132764106922311,-0.18379143135880233,0.26488103578832056,Accept,Z3,1.0140510286761388,0.9440658242698131,-0.06998520440632569,0.7530363853101892,0.9291926733639915,130.29004057312278,0.03132764106922311,-0.16719334798295504,0.23814629241716911,Accept,0.9442240149870297,-0.0698270136891092,0.740860100614176,0.9070281824482503,145.2329546969814,Accept,Accept,Accept,Accept,0.19216453640133138
-0.04589887992492532,1.0042173543543014,0.03794436052551258,-0.23409876626513987,0.20496852888354664,Accept,Z3,0.9586572176364445,0.9553754536650736,-0.003281763971370991,0.924103897052548,1.3409553304473507,168.7005922777655,0.03794436052551258,-0.1558346030310939,0.23354782452975617,Accept,0.9546098690127303,-0.0040473486237142765,0.9257560818734047,1.2819434029187167,175.96960591924227,Accept,Accept,Accept,Accept,0.3185034694608328
0.21993130134851815,1.0370129278052427,-0.08186066046784438,-0.32327855199747413,0.10449687182695475,Accept,Z3,1.0046083334775278,1.174263408217765,0.16965507474023742,0.8266474657480102,1.1503655577376868,148.11035259028932,-0.08186066046784438,-0.2712123990041494,0.10675440865829643,Accept,1.1739526894127883,0.1693443559352607,0.828860269316128,1.0999853523869816,152.60955066633187,Accept,Accept,Accept,Accept,0.18244439088790282
-0.02449788882294684,1.0098612706194001,0.05393458470416788,-0.23357410062218828,0.19159849820163266,Accept,Z3,0.9991612771867319,0.92285076189362,-0.07631051529311186,0.8236910317971247,1.0823943216155978,130.69016501166345,0.05393458470416788,-0.1341972126306937,0.23972061540413186,Accept,0.920768297262977,-0.07839297992375484,0.8052319265425787,1.0387639876621544,135.88120964430016,Accept,Accept,Accept,Accept,0.28091352670565134
0.11023693629533424,1.0288954160276302,-0.024666565114571163,-0.28917735285309065,0.17639512072512986,Accept,Z3,1.0570724108582177,1.1211574862598956,0.06408507540167808,0.7907933812899569,1.0222686459389556,145.5895402072557,-0.024666565114571163,-0.21725438209834885,0.16644295465412776,Accept,1.12122816070974,0.0641557498515225,0.7855206267100171,0.9752653353494718,151.89918904166572,Accept,Accept,Accept,Accept,0.17356789485626337
0.08871146485590639,0.9970208614034449,0.013674588303625468,-0.20972396651923572,0.2473307162462146,Accept,Z3,1.067468735798419,1.1477606166612149,0.08029188086279586,0.8675269672178367,1.168002148762916,152.76548829947635,0.013674588303625468,-0.19478442168730858,0.2130192192736215,Accept,1.1473039782523042,0.07983524245388536,0.8275959456912585,1.119297515114592,158.80079624341718,Accept,Accept,Accept,Accept,0.17658305997771365
-0.10135347790989459,0.9558111077188348,0.0075218180657673364,-0.10115578967437366,0.2572034354210921,Accept,Z3,1.0112444549334083,1.0102807551024513,-9.636998309569067e-4,0.9175225478067829,1.4238133651381764,143.9302594741977,0.0075218180657673364,-0.14872051401577085,0.17360129976532918,Accept,1.0102509840427294,-9.934708906788635e-4,0.903272766649313,1.3897755769624174,156.32081942908124,Accept,Accept,Accept,Accept,0.1549354599464844
-0.03240974109316797,1.0409116628271693,-0.030824105461859153,-0.2689795153712471,0.12666270634510632,Accept,Z3,1.0068111995011775,1.0708986100567985,0.0640874105556211,0.8650881524573848,1.2262630620827526,149.54693684391725,-0.030824105461859153,-0.21787973308524905,0.1557007145456558,Accept,1.0713404723177427,0.06452927281656506,0.848932041358471,1.193181865209533,162.95451996316973,Accept,Accept,Accept,Accept,0.3700654085206436
-0.15801587582283178,0.9358286408301841,0.007433506199638065,-0.1263148482321044,0.3353459845099906,Accept,Z3,1.0205304920880844,0.9806206085609263,-0.03990988352715819,0.8452943780982843,1.0114639692069312,147.24184095431747,0.007433506199638065,-0.20791613618904087,0.2386896841435958,Accept,0.9810134343355573,-0.03951705775252706,0.8173793347734295,0.9735886347845748,157.92029359160608,Accept,Accept,Accept,Accept,0.1939746461340882
-0.3348389887739076,0.9838972241838498,0.09203866118869439,-0.15859476373364687,0.22235666902918136,Accept,Z3,1.0241106691300945,1.0873035770487731,0.06319290791867858,0.9483242724933882,1.2713642426070313,151.60924643305083,0.09203866118869439,-0.07964172864773121,0.26761635834743186,Accept,1.0861666871348963,0.06205601800480162,0.9115735220183953,1.2332086323508236,162.81272269040522,Accept,Accept,Accept,Accept,0.29679078886344407
-0.08856645835480685,1.0034550454085087,0.005300752171035831,-0.21117825923502404,0.15888060054809838,Accept,Z3,0.9802052417002375,1.0008057222343136,0.02060048053407619,0.9705173271642887,1.4885926249800479,147.93581096741087,0.005300752171035831,-0.17778918942134117,0.18234434051339132,Accept,1.0004318931472984,0.02022665144706105,0.9626052457493924,1.4775327779461351,170.99887277679326,Accept,Accept,Accept,Accept,0.3404443782247189
0.15241369248225378,1.0550163832670192,-0.10599278353840741,-0.33710080071373066,0.140514131266627,Accept,Z3,1.0101469418993272,0.9040273958867199,-0.1061195460126072,0.8719837856543067,1.0380270672232423,152.55676343732745,-0.10599278353840741,-0.32816264296031483,0.11398427629429342,Accept,0.9038437299282852,-0.10630321197104188,0.8667568607678269,1.0061105208291234,168.19059668214985,Accept,Accept,Accept,Accept,0.2993538869753888
0.22883378331126594,0.974175030758816,-0.052781818890769945,-0.1774776321276475,0.2089367492819426,Accept,Z3,0.982775959084699,1.1296848362224525,0.14690887713775377,0.8933503746106151,1.2579390499991578,147.5256816076288,-0.052781818890769945,-0.2351781369872604,0.1323722732855803,Accept,1.1300808604147623,0.14730490133006333,0.8899584987130825,1.2313713782260343,165.17067598638124,Accept,Accept,Accept,Accept,0.310248430743839
0.14884664804040282,1.0209227922450852,-0.022564383751486308,-0.25772402656041016,0.18981813691709465,Accept,Z3,1.0058811591683465,0.8192444010875651,-0.18663675808078128,0.9014134240745935,1.1401347151633068,161.51838708678562,-0.022564383751486308,-0.2165671716496904,0.18708899310147237,Accept,0.8192105121925963,-0.18667064697575017,0.8762125514172453,1.0876948044803874,168.1041968192355,Accept,Accept,Accept,Accept,0.25141384323371346
-0.01480544749986745,1.0166690630389223,-0.015243661510434712,-0.23168427565753738,0.15968881236209623,Accept,Z3,0.8937152904090857,0.8707469563346854,-0.022968334074400264,0.856437077453707,1.2449312114720614,145.3457340224167,-0.015243661510434712,-0.20109272999879627,0.16094000336044484,Accept,0.8708100969833094,-0.022905193425776346,0.86030929551995206,1.2138912175319216,158.69180125480722,Accept,Accept,Accept,Accept,0.040991119053968586
0.05662798234617624,1.0165937006569132,-0.0595851557946914,-0.2248566104358661,0.1515293561359652,Accept,Z3,1.0457786263575426,1.18026904327311,0.1344904169155674,0.8895635476843752,1.255772199817159,145.39922700963706,-0.0595851557946914,-0.23217874093721225,0.11917177802744844,Accept,1.180814499076984,0.1350358727194413,0.8770896214197849,1.2270425060280385,160.81747451037745,Accept,Reject,Accept,Accept,0.18390397245102916
0.10907729226130955,1.0432457311909387,-0.07555058884385216,-0.29290236736668046,0.15609759148202973,Accept,Z3,1.0376615183339708,1.1817092573580508,0.1440477390240799,0.8198447613377773,1.0957991257572268,142.3343022613526,-0.07555058884385216,-0.29287206160671386,0.13918200568799421,Accept,1.181912419920757,0.1442509015867862,0.8114327772557267,1.0731732406984142,159.52817389654066,Accept,Accept,Accept,Accept,0.28487453220379566
0.009264246592651439,1.0202907447300764,-0.06125466482531095,-0.23761491709264876,0.14179275461643664,Accept,Z3,1.0228044751814405,0.753749267099004,-0.2690552080824364,0.9943522766845214,1.5723288630965038,163.13118384196613,-0.06125466482531095,-0.2381341989537138,0.11779427276986751,Accept,0.7531562867688018,-0.26964818841263866,0.9693465750612178,1.5395802850144167,177.72639641358845,Accept,Accept,Accept,Accept,0.29455298680483066
0.09324432237553272,0.9734382992298376,0.06100509291409101,-0.1745827363132638,0.25881083032147006,Accept,Z3,0.9942088598372809,1.0337238604393664,0.039515000602085515,0.9289781814093285,1.406640593249195,159.65227484330336,0.06100509291409101,-0.14519892831369177,0.26629380300314365,Accept,1.0332349925561517,0.03902613271887084,0.9420941481448172,1.3807182653451564,176.76500062170524,Accept,Accept,Accept,Accept,0.27976303622081317
-0.14795938415588963,0.9938918809192617,0.046504338851517536,-0.16790515417875568,0.22040294235400681,Accept,Z3,0.9500179869252613,0.8773102750368712,-0.07270771188839022,0.9741760480883294,1.2934138658456171,157.27338044046235,0.046504338851517536,-0.13630076999937066,0.22955852482122965,Accept,0.8768901537008901,-0.0731278332243712,0.9564529389795485,1.2637177358536287,174.05339607527216,Accept,Accept,Accept,Accept,0.04078013895937635
0.02562330058588978,1.0257372441389172,-0.03493358045122234,-0.27632061184623613,0.12737201450277383,Accept,Z3,0.9814733012074109,0.8377183518934579,-0.14375494931395305,0.8794887467182178,1.2187398901319952,145.6906219580772,-0.03493358045122234,-0.2321511692983809,0.1622954308627529,Accept,0.8388807826904737,-0.14259251851693724,0.863677581969349,1.1959486876946819,164.08477530103798,Accept,Accept,Accept,Accept,0.21100641779806104
0.01886804796861458,0.9996979606224843,-0.023441808017131395,-0.20887897834641972,0.2153346378487611,Accept,Z3,1.0194119055586728,0.9738436720864543,-0.045568233472218445,0.8708178801161847,1.1442443797193582,140.92964509280858,-0.023441808017131395,-0.2160867670109778,0.17519146456178467,Accept,0.9722245966857491,-0.04718730887292355,0.8707980460334193,1.1151693535031035,155.78221841678683,Accept,Reject,Accept,Accept,0.226663758132888
-0.2511717083944116,0.9211741223917376,0.10093655406759278,-0.06892753497470469,0.3496135952458515,Accept,Z3,1.0814547630930755,1.1254469528564173,0.04399218976334168,0.8679068058267764,1.075868691596053,136.02138272505553,0.10093655406759278,-0.08352160310267201,0.28916181514890277,Accept,1.124731564950903,0.04327680185782752,0.85192969126436,1.0377701725749067,144.8571420650486,Accept,Accept,Accept,Accept,0.36548493303088575
-0.13787952550346969,0.9988156773919181,-0.019312403570033894,-0.1884338511696604,0.1982796774445806,Accept,Z3,0.9815697037685704,0.9005586953940677,-0.08101100837450276,0.8143136025573022,1.0347956673921315,140.66249899996242,-0.019312403570033894,-0.20324986046950383,0.15997945956039653,Accept,0.9012455114463659,-0.08032419232220463,0.7966648074667161,1.0115120559283686,158.79007903321593,Accept,Accept,Accept,Accept,0.1068234767090279
0.11229151609839401,1.0045162689043619,-0.022627480720987986,-0.19629998434861012,0.1648978872441559,Accept,Z3,0.9264110616192872,1.0102682796275777,0.08385721800829053,0.9827721461906966,1.6169472159215985,170.69434299780704,-0.022627480720987986,-0.18431095542546913,0.15631028644181022,Accept,1.0105763698860681,0.08416530826678098,0.9797636741764939,1.5873790741214078,187.17965320492686,Accept,Accept,Accept,Accept,0.3472866858306878
0.21864492881990075,1.0153764111468409,-0.008593136713555386,-0.2324990869867878,0.19978339252345814,Accept,Z3,0.8925692025990284,1.0439268367476044,0.15135763414857592,0.9006954913162819,1.2085177547048556,166.40383478613055,-0.008593136713555386,-0.21701725702894822,0.20385868561905607,Accept,1.0441692543702612,0.15160005177123287,0.8803126912200486,1.1856988762486345,186.33188698557305,Accept,Accept,Accept,Accept,0.1501732119743051
0.03497041410647304,0.9820458541687154,-0.006859713870606154,-0.1765136045100498,0.22280501110038034,Accept,Z3,1.0345940386414574,1.0287265263156455,-0.005867512325811899,0.981709625179427,1.4290128578865504,160.35538306957974,-0.006859713870606154,-0.1704652347013626,0.16926869764450828,Accept,1.0287658566170421,-0.0058281820244153685,0.9506087358659285,1.351523984486584,156.11998098350557,Accept,Accept,Accept,Accept,0.16740529674997703
0.02087559214428438,0.9861892902651292,0.08219258341760614,-0.2032475995547055,0.2696703742580985,Accept,Z3,1.0652726757379616,1.1502892887364002,0.08501661299843861,0.97808953488036,1.4134024215859844,169.96240566922285,0.08219258341760614,-0.1247005134830649,0.2859484144564538,Accept,1.1510990786392163,0.08582640290125479,0.9499761720099745,1.3650775423211734,180.93239770440758,Accept,Reject,Accept,Accept,0.281178814778401
0.1083171097697177,0.9844716756854633,0.04430255091427572,-0.16373752310721434,0.24123490012475254,Accept,Z3,0.9608715769493766,1.1618173547363424,0.20094577778696582,0.9195112630999962,1.279633122003845,152.31604044945544,0.04430255091427572,-0.14283987575047913,0.21615499204315958,Accept,1.1609891979751805,0.20011762102580388,0.8874405695760538,1.2370534419876509,160.31316072333266,Accept,Accept,Accept,Accept,0.10292305081494825
-0.16078619263435212,0.9496592986701216,0.07711953660827021,-0.09416093294106045,0.3154215382003408,Accept,Z3,1.0720837812138273,1.0561565228754664,-0.015927258338361026,0.8414264537363714,1.0826503750825924,136.93751940721992,0.07711953660827021,-0.10977167056356113,0.2607543883566401,Accept,1.0552475773369234,-0.016836203876903988,0.837284987511914,1.0591934865822097,152.56367212207277,Accept,Accept,Accept,Accept,0.33255281786856666
-0.27730552313864926,0.9234598188238602,0.1416898317293601,-0.004260935220628717,0.3484027744242837,Accept,Z3,0.9945392957362895,1.0329179645267432,0.03837866879045389,0.9472045657857122,1.4377099434545582,147.68856319320676,0.1416898317293601,-0.019901976504958035,0.3115809989340179,Accept,1.0322296415726087,0.03769034583631913,0.9351515383482938,1.4165225283180047,166.99037027886843,Accept,Accept,Accept,Accept,0.2269166199902214
-0.11242215220640489,0.903444927546482,0.13723552590921642,-0.024839218772595054,0.38990482454898856,Accept,Z3,0.9689754971222194,0.9182049797957798,-0.05077051732643964,0.7958193328650351,1.0468303683620168,149.78845551543532,0.13723552590921642,-0.06221583447711296,0.33290808925009274,Accept,0.9181889683671647,-0.050786528755054794,0.7873111697761714,1.0202555899979413,166.20111289574263,Accept,Accept,Accept,Accept,0.2858949128240545
-0.2678060483552932,0.9990593994487896,0.003056282155424022,-0.18579743066006013,0.2006199647501063,Accept,Z3,1.1006023030125895,1.0071504248196625,-0.09345187819292715,0.9321723285005811,1.544543725391347,169.56059451044726,0.003056282155424022,-0.1719873068972606,0.1738506518660188,Accept,1.0066843497230995,-0.09391795328949007,0.9383726230900439,1.48642061953693,175.9356927996985,Accept,Accept,Accept,Accept,0.22959614235660497
0.0839880068164713,1.0476302053658253,-0.14130343238149812,-0.3279661076265671,0.10290709357012982,Accept,Z3,0.9270594211537,0.9357756271586639,0.008716206004963851,0.9140717309268384,1.2331628558933654,149.17116440581182,-0.14130343238149812,-0.35399359602593855,0.05895235139012116,Accept,0.9358789475645384,0.008819526410838345,0.911121417305035,1.2163971045118842,170.98955141581698,Accept,Accept,Accept,Accept,0.09216185446439
0.17669940088465563,1.1108395684384913,-0.17249620494804943,-0.38705237097887546,-0.013131815331102185,Reject,Z3,0.987897853116296,1.0275768222615655,0.0396789691452696,0.89088104384955,1.1573324806059349,136.5594389737128,-0.17249620494804943,-0.3437484249401136,-0.002184255229390454,Reject,1.0275125729861483,0.03961471986985234,0.8815515365878288,1.134553766035499,151.9840006748725,Reject,Accept,Accept,Accept,0.2510819998299471
0.09549083839955905,1.0657079674887961,-0.09674357787736641,-0.3186887188287774,0.10915419343649028,Accept,Z3,0.9834434373338387,0.7284187747303738,-0.2550246626034649,0.9165773849241873,1.306600893616413,147.5091776561305,-0.09674357787736641,-0.30655454383560143,0.10221767132974324,Accept,0.7279691794005501,-0.2554742579332885,0.9149423590509351,1.2849906336754262,166.4031363535225,Accept,Accept,Accept,Accept,0.16349067353664928
0.39807708716775836,1.1332853858974108,-0.23464541231383895,-0.4556432659580652,-0.07626983190003142,Reject,Z3,1.0138931913840368,0.9428568721507147,-0.07103631923332224,0.8807112521959194,1.2434627063676367,150.28375633622622,-0.23464541231383895,-0.39464270533067014,-0.06531943550614727,Reject,0.9429538923587222,-0.0709392990253147,0.8634710837204657,1.1859888893836372,152.6891641474338,Reject,Accept,Accept,Accept,0.19927198539318197
-0.21666131628898558,1.0130928382436901,-0.009041544576302263,-0.18494306126739732,0.18529746768440536,Accept,Z3,0.9975756106796047,1.0600510896507194,0.06247547897111461,0.841239162103457,1.135175309040147,150.34998093254146,-0.009041544576302263,-0.1813324994104183,0.17264730201180808,Accept,1.0591890471572871,0.06161343647768255,0.8367468330672478,1.1110170627327662,166.14450659741297,Accept,Accept,Accept,Accept,0.22931565886032765
0.047575361309015234,1.0060527033670592,-0.04446862787662282,-0.20313901688185174,0.1707495702257443,Accept,Z3,1.0409714883979155,1.1706911264970226,0.12971963809910705,0.8623436479060388,1.153683462513617,133.13947104511792,-0.04446862787662282,-0.23378377809552695,0.13529907353499093,Accept,1.1706502234296936,0.1296787350317782,0.8565723419327095,1.1308322095324221,148.0799651432584,Accept,Accept,Accept,Accept,0.14312233220618795
0.0581973502861196,1.0778321666341748,-0.09693257053109869,-0.3799734970557786,0.06347809528021445,Accept,Z3,1.039851126244423,1.1277072440220415,0.08785611777761834,0.9252599067316428,1.2416606243246928,166.72290261328817,-0.09693257053109869,-0.2973164207252766,0.09859331219023043,Accept,1.128048977378274,0.08819785113385105,0.9040859478242895,1.1983552747562767,177.60344495881,Accept,Accept,Accept,Accept,0.27434075509530736
-0.11818658517113546,0.964092626904566,0.10970133617886367,-0.12594788661733491,0.26314530594539515,Accept,Z3,0.897881731240403,0.9605141337002598,0.06263240245985678,0.7965845239047892,1.0611962153988046,137.85860572551624,0.10970133617886367,-0.07271796943433198,0.28177759409293773,Accept,0.9605459760681946,0.06266424482779158,0.7793103778377879,1.0342435304738766,152.95325103601027,Accept,Accept,Accept,Accept,0.1370940594363972
0.1540054734085349,1.0166928162153432,-0.02327690268800723,-0.22647375200533765,0.10782104483262969,Accept,Z3,0.9793351772095125,1.0281132608202181,0.04877808361070564,0.8964871164622673,1.3185040981748848,132.0480496052841,-0.02327690268800723,-0.18492343366067887,0.13173749452468697,Accept,1.028114434282288,0.04877925707277562,0.8943108272203344,1.2953194317545433,147.38124844467634,Accept,Accept,Accept,Accept,0.22163234029303872
-0.22407439916358593,0.9622238723646878,0.09507288803680713,-0.21093293818890171,0.33069882257620503,Accept,Z3,1.0763103834287115,1.2260709292378669,0.1497605458091555,0.8771791643451042,1.1238907969741962,170.3506705788627,0.09507288803680713,-0.15643177395234797,0.3459337038641395,Accept,1.2265759969219048,0.1502656134931933,0.8469745667636783,1.0968995852564414,188.35815483275817,Accept,Accept,Accept,Accept,0.11995041624535294
-0.12448062782740014,0.9703136739923827,0.0789787309896738,-0.12645776841702472,0.2416870860857515,Accept,Z3,0.9727332308239426,0.8750611397056821,-0.09767209111826056,0.8340797673959665,1.0733860897439143,114.42228264459544,0.0789787309896738,-0.09504626981134627,0.24774302067708046,Accept,0.8752558333010408,-0.09747739752290176,0.8269202138997817,1.0579587792477334,131.97110642054568,Accept,Reject,Reject,Accept,0.2679274004083722
-0.031354171780343464,0.9952653521224551,-0.030113929089942183,-0.18581067641106436,0.22997291177986495,Accept,Z3,0.9843629976654459,0.9203275140957915,-0.06403548356965441,0.8563657134737196,1.2384216007228723,149.6733414952822,-0.030113929089942183,-0.222480892233675,0.15652013843689241,Accept,0.920348023924796,-0.06401497374064989,0.8471446375586243,1.1933606835476487,156.8970374431737,Accept,Accept,Accept,Accept,0.2875890466800236
-0.045910453412533844,0.9771237849361261,0.008285453708674303,-0.18973751751464832,0.2771833180610386,Accept,Z3,1.004662256251245,1.1110362055303709,0.1063739492791257,0.8429150995347837,1.0581527969749045,151.8625346090743,0.008285453708674303,-0.1834088026404408,0.21023922701809905,Accept,1.1116709529930648,0.10700869674181974,0.8205702864625469,1.000411875735747,154.13598802294393,Accept,Accept,Accept,Accept,0.10107530372334989
-0.1449784436466938,0.9849580970951567,0.04383883179571826,-0.15686799139936142,0.2037756558426173,Accept,Z3,1.0339580978593648,1.1317278671708815,0.09776976931151682,0.9254548133020303,1.3657858197894621,157.93552621519927,0.04383883179571826,-0.12593925754575214,0.21726354137672005,Accept,1.1322855022395935,0.09832740438022881,0.9247710326313847,1.330695801761231,172.47923114603185,Accept,Accept,Accept,Accept,0.2800465878234428
0.06750853223621171,1.017330489042632,-0.07838297049203626,-0.20493683177540686,0.13718125840702416,Accept,Z3,1.0220175430191043,0.9385091788199644,-0.08350836419913991,0.8816955225205652,1.202267094011122,130.9912213629374,-0.07838297049203626,-0.23737299008303783,0.08296150109365608,Accept,0.9381435275154153,-0.08387401550368896,0.8657736425831211,1.1840238400754712,151.12881224205157,Accept,Accept,Accept,Accept,0.28607950048030706
-0.2670473442623582,0.9321234307960721,0.16272375124486127,-0.058700132025843954,0.32132094392112276,Accept,Z3,0.9697002679015146,0.9761341495669407,0.0064338816654261255,0.963621267067073,1.4582845709071584,143.99419446955554,0.16272375124486127,-0.012370771527574707,0.3399089345668199,Accept,0.9760918102268665,0.006391542325351854,0.9554133945837353,1.430341667910978,161.04539255125547,Accept,Accept,Accept,Accept,0.10526060827554473
-0.07031287237849465,0.9073603190817245,0.22418336278579076,0.025481246287962174,0.40712648709260807,Reject,Z3,1.0417873241899704,0.9340497452401224,-0.10773757894984799,0.8855991652048445,1.1391748664419281,146.4687325341827,0.22418336278579076,0.03762143435535156,0.40502607454662015,Reject,0.9334132257590187,-0.10837409843095173,0.8779305774206386,1.1256360651346715,168.01763937079676,Reject,Accept,Accept,Reject,0.3646002113363365
0.0398479716628471,1.00761387993538,-0.043139694305698695,-0.20626025009993595,0.17350651446111948,Accept,Z3,1.0227825998355429,0.9726653720899903,-0.05011722774555269,0.9121246029518632,1.2620371080289774,151.7757506578135,-0.043139694305698695,-0.2109221401543419,0.13147313633265606,Accept,0.9724949424029317,-0.050287657432611245,0.9009766167431666,1.221028433199318,161.75252590280718,Accept,Accept,Accept,Accept,0.26383969930783563
0.01262137008080378,0.9856324979550498,0.003904500536060637,-0.1951051743359372,0.23587828326006513,Accept,Z3,0.946568690113795,0.9234816647009084,-0.02308702541288653,0.98646164040858,1.4399090132233894,154.5370288009673,0.003904500536060637,-0.18207752196231286,0.2050317383200458,Accept,0.9231798784808101,-0.023388811632984945,0.9818067336570897,1.4117286917330132,171.5599101251342,Accept,Accept,Accept,Accept,0.19591331307023135
-0.10711785348307128,0.9529518272297217,0.028379934820512497,-0.11158107345548444,0.28044088499052494,Accept,Z3,1.035107763105148,0.9899180629604355,-0.045189700144712484,0.8294455623445123,1.184802783175173,143.5212415270249,0.028379934820512497,-0.15502665559013235,0.20827896817853297,Accept,0.9904831941304284,-0.04462456897471954,0.8335062323688998,1.1567989992909542,158.70064171765836,Accept,Reject,Accept,Accept,0.157547640188588
-0.30136974237136815,0.9843787973026018,0.0013950235316488187,-0.22829412104184474,0.160703807382089,Accept,Z3,1.0255826149854137,0.9583643929217566,-0.06721822206365725,0.9003363787163291,1.2017549238365597,146.29488109578466,0.0013950235316488187,-0.185417799432377,0.19558559064837883,Accept,0.9582766559996156,-0.06730595898579822,0.8862794540672261,1.184155637767556,167.20738530855465,Accept,Accept,Accept,Accept,0.26687563802813075
0.012448869987369753,1.0034001554977978,0.003582682660221013,-0.18616850310471744,0.15534806876405555,Accept,Z3,0.9710624600336717,1.1450647829906049,0.1740023229569332,0.9274992377582866,1.4048605543353212,127.866801253652,0.003582682660221013,-0.13926438379116265,0.1603909947999434,Accept,1.144359355020083,0.17329689498641124,0.9119814257134362,1.3683854846764814,137.4801509097963,Accept,Accept,Accept,Accept,0.24289826631258044
0.021660282674742126,0.979281600633488,-0.0042230250845545535,-0.18533160147252886,0.29227092762970813,Accept,Z3,0.9948166241816871,0.9325332370027324,-0.06228338717895471,0.9121514028702561,1.221779943408714,150.15402716865174,-0.0042230250845545535,-0.23474617270999987,0.20912484342452803,Accept,0.9334251717945465,-0.06139145238714065,0.9134978854804728,1.190027595302408,163.96855038323764,Accept,Accept,Accept,Accept,0.1837658458127703
0.11317135819173137,0.9492585822481188,0.08954606518971839,-0.12625406593320665,0.23389492533425194,Accept,Z3,1.0345952949667945,0.9897172859241935,-0.044878009042600836,0.9492392689522808,1.4090206088270079,152.5391054333068,0.08954606518971839,-0.07357511251852161,0.25681043193298536,Accept,0.9898129652490274,-0.04478232971776703,0.9316755144505173,1.3735745980896517,166.19697937704348,Accept,Reject,Accept,Accept,0.1574052984039131
0.18767784102404303,1.0372189305772939,-0.06820240876624903,-0.2563744319900332,0.12618005467317758,Accept,Z3,1.02264589193484,0.7610506499173171,-0.26159524201752304,1.0385101522553846,1.5218323936250173,157.26669316354648,-0.06820240876624903,-0.2409145689527897,0.10489610052953974,Accept,0.7612693933242168,-0.26137649861062334,0.9984535847862177,1.4804100703565075,168.82661538073617,Accept,Accept,Accept,Accept,0.2981721529425757
-0.19055320451904453,0.9671698085488272,0.028764652315743152,-0.10910028823809004,0.23163751050127457,Accept,Z3,0.9497630472672602,0.829210543489137,-0.1205525037781232,0.8773136730506765,1.2513706121074624,128.64166087084618,0.028764652315743152,-0.12751318642645118,0.1940594027529754,Accept,0.8288346627628633,-0.1209283845043969,0.8601559609797418,1.2268137859919437,145.23926794155463,Accept,Accept,Accept,Accept,0.10464744264925889
-0.11142382630482356,0.9462361188972189,0.09440401543251618,-0.06126436324936323,0.2877141638940991,Accept,Z3,1.0222042572871173,0.9611158705419396,-0.06108838674517769,0.9550954848374563,1.5355680044323157,143.73668290393067,0.09440401543251618,-0.0804376472351881,0.2568366906354204,Accept,0.9603362038678989,-0.0618680534192185,0.9472179517857051,1.5158306679890747,162.214202236735,Accept,Accept,Accept,Accept,0.17769556989715288
-0.28852268552756016,0.9483407149365665,0.12034093120355038,-0.06140729311674706,0.30771996830231896,Accept,Z3,1.0003889941371091,1.0991361527447487,0.0987471586076395,0.9929591346750338,1.477574829695446,151.88143463489095,0.12034093120355038,-0.05861401850301311,0.30311917691238643,Accept,1.0992237145962984,0.09883472045918922,0.9831912340092619,1.4535042868874513,169.94441227563044,Accept,Accept,Accept,Accept,0.2681805147314276
-0.06829612202095829,1.011197864452024,0.045443866927617795,-0.20369945762140684,0.1950245727293928,Accept,Z3,1.0633067624447403,1.0198533922584756,-0.04345337018626456,0.8824643777201531,1.319722362881919,164.63432388331694,0.045443866927617795,-0.13816305077967342,0.24729418126927866,Accept,1.020145622780312,-0.043161139664428146,0.8750901899533732,1.295694856392452,183.785321467345,Accept,Accept,Accept,Accept,0.2738651985516231
-0.05420168627205802,1.0099272089199245,-0.035700467518025,-0.2056094093469201,0.1538460976356766,Accept,Z3,0.9324279093253068,0.8906555840699331,-0.041772325255373735,0.9300728526558751,1.2887083018147643,136.20672848268265,-0.035700467518025,-0.2016804521043252,0.1303443803566515,Accept,0.890156462286081,-0.04227144703922578,0.9042495887841112,1.261216000424151,150.86323272726077,Accept,Accept,Accept,Accept,0.20652706906853624
-0.020046901829932025,1.0234729029025598,-0.07404192878981597,-0.21343495161608092,0.13019817540961776,Accept,Z3,1.0982984386674217,1.0001769637436941,-0.09812147492372748,0.8912050464664855,1.1788083281641242,115.30516355918971,-0.07404192878981597,-0.23430135952263037,0.09986634944133646,Accept,0.9995926522248644,-0.09870578644255738,0.8842535434399621,1.1662147722756497,136.54409934956425,Accept,Reject,Accept,Accept,0.05843372833311691
0.1281678830428338,1.0415708627635647,-0.027372678144849467,-0.2920000844362432,0.15911139182638062,Accept,Z3,0.9045948221985994,0.9317950888034185,0.02720026660481919,0.9055690804271032,1.2244953194682333,159.0066625841208,-0.027372678144849467,-0.24901751385982523,0.17441230986272177,Accept,0.9315659612959766,0.02697113909737722,0.8917034318267594,1.1963797438037818,176.52806662090865,Accept,Accept,Accept,Accept,0.32641942141127445
0.11599981169702782,1.0386027839962735,-0.04801399612295304,-0.2937781061759697,0.16426440505143358,Accept,Z3,1.0054447264012591,1.1101353907112832,0.10469066431002388,0.9886307502718082,1.5277834166563873,174.37490179788287,-0.04801399612295304,-0.2546355661124891,0.1466689169511286,Accept,1.110569004730207,0.1051242783289477,0.9657134598232371,1.4855458377844866,187.7223179138023,Accept,Accept,Accept,Accept,0.18781596712018814
0.01232663828730318,1.0100884092640776,0.04546264466779707,-0.2267553857311263,0.19331734863261796,Accept,Z3,0.9227293857190475,0.9607480273222361,0.03801864160318853,0.8806160904710351,1.1368247755018432,137.21128066269318,0.04546264466779707,-0.1445673595553482,0.22736147217595115,Accept,0.9602637677260405,0.037534382006992974,0.8854344936750108,1.110950172203771,151.6226395500606,Accept,Accept,Accept,Accept,0.21377439373150928
-0.02308107857399341,0.9852679922434944,0.027334773889143904,-0.2146525277921315,0.24692285493014976,Accept,Z3,1.0710027783989262,1.0232423983222854,-0.04776038007664069,0.9116551287219441,1.2769468944370437,155.83652795309393,0.027334773889143904,-0.18708721470057116,0.24678389675315768,Accept,1.0213584600871517,-0.04964431831177441,0.9042844489825197,1.2512097308964574,172.01453859622714,Accept,Accept,Accept,Accept,0.2126996813804242
-0.14121600224810613,0.9519779508332238,0.10290204161801746,-0.10154540332972478,0.34067853698928335,Accept,Z3,0.9770375351958929,0.9721105760586158,-0.004926959137277034,0.831489981105401,1.1146115792170659,156.29223044231878,0.10290204161801746,-0.09795653744011677,0.2962850320032071,Accept,0.9722310871554825,-0.004806448040410431,0.7997642114001813,1.06582841939601,162.72941365482166,Accept,Accept,Accept,Accept,0.09796467638309939
-0.014241328007293321,0.9315924269687934,0.13198540021856797,-0.04993122756866359,0.2779922328494769,Accept,Z3,0.9233768335847874,1.0480264987509786,0.12464966516619133,0.9349243853766842,1.4219327222421083,141.63290321082164,0.13198540021856797,-0.010771390037584816,0.281329873802155,Accept,1.0478541622677617,0.12447732868297441,0.9388665294709969,1.3802433971154966,149.46916228625565,Accept,Accept,Accept,Accept,0.18405678301722458
-0.11374043370601747,0.8869024510390059,0.14073346126300768,0.013235236189603705,0.37722398958921527,Reject,Z3,1.081700255339093,1.0253706302115104,-0.05632962512758272,0.9584315096817063,1.553104010866369,148.9187587725241,0.14073346126300768,-0.02815068151352315,0.3132055939601501,Accept,1.0258347809231898,-0.05586547441590335,0.9406396444365259,1.5240160606137934,164.6668805567912,Reject,Accept,Accept,Accept,0.08004842843265424
0.20225727013489092,1.0678315319778893,-0.1287547451473028,-0.332980302440736,0.07519119034350122,Accept,Z3,1.1025239797045265,1.0908586030773118,-0.011665376627214771,0.88701501208613,1.1474489341507876,141.92993070882207,-0.1287547451473028,-0.3103348695047183,0.06201197982308303,Accept,1.0900915920651235,-0.01243238763940286,0.8727779384888988,1.1255283834310987,160.7245411777321,Accept,Accept,Accept,Accept,0.23051926581967566
0.13113035783025645,1.057517902812453,0.023792929902538024,-0.36312850897968024,0.10705023692132269,Accept,Z3,0.9760674067336838,0.7797851922694535,-0.19628221446423016,0.8015320393720322,1.0567190490727383,166.30994290680707,0.023792929902538024,-0.1852185490439378,0.24301781289296454,Accept,0.7792310907871748,-0.19683631594650894,0.7541568711814929,0.9935624017801323,169.34793681738097,Accept,Accept,Accept,Accept,0.03524208722488723
0.12462695305644167,1.0244605036733436,-0.07632403338357241,-0.2609772712538513,0.12356127169254733,Accept,Z3,1.022289591831168,1.0006085069866584,-0.021681084844509632,0.8137802617835037,1.1074826104956201,136.49876448617022,-0.07632403338357241,-0.2551245826478562,0.10191350620951727,Accept,1.0011281616027743,-0.02116143022839385,0.8036633947702637,1.0837955143708577,153.12880831092522,Accept,Accept,Accept,Accept,0.10234950187799936
-0.05080746800877168,0.9786616151914502,0.042354003024874784,-0.18746178667858024,0.29731157779597256,Accept,Z3,0.9477115055955938,0.7404773144348396,-0.20723419116075423,0.9010440270203298,1.2415380818232549,166.15699836784935,0.042354003024874784,-0.17872429931445405,0.2595337315334132,Accept,0.7408953730544676,-0.20681613254112619,0.8921638797501482,1.2087123584396793,180.60727801102567,Accept,Accept,Accept,Accept,0.2014614326802287
-0.07976897877174324,1.0191289099984386,0.08313154964417052,-0.235873529717714,0.17400772750666718,Accept,Z3,1.0895210349546145,1.1041886067987228,0.014667571844108239,0.9371735568464317,1.3553776070523338,155.89881325781462,0.08313154964417052,-0.10682119900203152,0.25311534850283374,Accept,1.1038771574705866,0.014356122515972135,0.9173448164017134,1.3214937908226372,169.49301721040595,Accept,Accept,Accept,Accept,0.22473817270276997
0.20431483192185262,1.0466868900330746,-0.05194141368241801,-0.3254625383398799,0.14154529231653584,Accept,Z3,0.8807526610044788,0.7335546950269509,-0.14719796597752788,0.8905822104753197,1.106071671089256,171.20699072324098,-0.05194141368241801,-0.27519627934314644,0.1531822010144651,Accept,0.733280372800383,-0.14747228820409572,0.8801502623397924,1.0710620268117321,185.26161037985725,Accept,Accept,Accept,Accept,0.25446104151813637
0.01220238566329177,0.9594872578305663,0.04628323023671638,-0.1059816454402361,0.27787098640802294,Accept,Z3,1.0336910809218232,0.9447232438687759,-0.08896783705304735,0.9426690541372561,1.240388115679753,141.84010479216587,0.04628323023671638,-0.1280727333164987,0.20554122438637729,Accept,0.9446107677500742,-0.08908031317174898,0.9226524405590005,1.2043398503477625,154.19850096954258,Accept,Accept,Accept,Accept,0.23700439294405357
-0.05965944440349498,0.9942315160615978,0.017705761941539413,-0.1730454420661632,0.18471587267159878,Accept,Z3,1.0045321063191843,0.9734134048551469,-0.031118701464037363,1.0176169142839298,1.5497683931606467,154.2578814097059,0.017705761941539413,-0.15281993455094717,0.1903791259612303,Accept,0.9735628279689817,-0.03096927835020252,0.9976057816991861,1.5411901519602114,177.6169529418314,Accept,Accept,Accept,Accept,0.0966369264374188
-0.024897384237986684,1.105069421221746,-0.2517812005126167,-0.4721551569748081,0.07609882737365899,Accept,Z3,1.137460262130506,1.1846725016656254,0.047212239535119264,0.7692034462239457,0.9603411358354623,158.3574928575522,-0.2517812005126167,-0.49386958851260665,-0.0010204175852341901,Reject,1.1853739698385866,0.0479137077080804,0.7711665510925719,0.9377309986097389,175.69823633618336,Accept,Accept,Accept,Accept,0.26876072702723497
0.0880921011945751,1.04097952557572,-0.04549084053333274,-0.32107569955603965,0.11010091380883646,Accept,Z3,0.9424302321807395,0.7796108792609503,-0.16281935291978908,1.022164799837362,1.6197202375804596,173.72887141444411,-0.04549084053333274,-0.23619535848092235,0.14842979504655057,Accept,0.7789234381288276,-0.16350679405191187,1.0039661216033358,1.5761059641058863,187.50424267224915,Accept,Reject,Accept,Accept,0.23091791357013022
-0.1542074635139679,0.994722457656058,-0.03813190480150499,-0.19819102679100364,0.15278572344895922,Accept,Z3,1.0406432526148444,0.8604310393043059,-0.1802122133105385,1.0129894613148187,1.4772764816007804,149.50027752423696,-0.03813190480150499,-0.19618210280141957,0.1298766745606181,Accept,0.8605348204565304,-0.18010843215831396,1.001231160333739,1.4431549785728708,162.58214688354647,Accept,Accept,Accept,Accept,0.06590235249912128
-0.12211093234640122,0.9197227903265299,0.1617034551073861,-0.11920357318274061,0.37825582695379395,Accept,Z3,0.9691325318334589,0.9881538917844301,0.01902135995097111,0.7443918370602185,0.9101489282180786,142.0740918656093,0.1617034551073861,-0.05815522908975924,0.39067627220553613,Accept,0.9887501939488728,0.019617662115413763,0.7391500052864195,0.8715485136767885,152.79575038829913,Accept,Accept,Accept,Accept,0.03337677861817268
0.1950925946444105,1.0880897055863552,-0.16228908115919308,-0.3689556023226423,-0.0036448065841184207,Reject,Z3,1.0666038621744964,1.1078867670150538,0.04128290484055753,0.8705984499600942,1.1564306475909545,129.68063554054106,-0.16228908115919308,-0.34156641803574694,0.01415019186181976,Accept,1.1081457450609913,0.041541882886494984,0.8459232737195201,1.1329112423136416,144.90059240637044,Reject,Accept,Accept,Accept,0.28302361108431373
-0.11379568963785616,0.9609090329512152,0.12505734993839096,-0.1368098558678155,0.29929720950033417,Accept,Z3,1.0020434607832853,1.0162860921825576,0.01424263139927221,0.8736355756248567,1.0862025223026035,151.19660405338468,0.12505734993839096,-0.05702271340597626,0.3248624204946238,Accept,1.0167880039698698,0.014744543186584403,0.8336785595521427,1.0454426873564733,160.94239550595822,Accept,Accept,Accept,Accept,0.17178962612953788
-0.05196521241366619,1.0060872063885051,-0.03608242679765715,-0.26392697510023405,0.23391724481595522,Accept,Z3,1.0618560392300322,1.0545795248575152,-0.00727651437251715,0.7663358709905351,0.8988142537214121,151.16546266027387,-0.03608242679765715,-0.2861365173247723,0.1852306164226034,Accept,1.0538027070819709,-0.008053332148061407,0.7509270402073396,0.8775806378961255,169.5107243937918,Accept,Accept,Accept,Accept,0.16154563765632393
0.07005604038156607,1.0383517173380803,-0.12275500493655245,-0.2583496526431971,0.12299207700880103,Accept,Z3,0.9754965552347566,0.972796376362068,-0.0027001788726885413,0.8791646524784004,1.2227933508727469,129.71728765342516,-0.12275500493655245,-0.29887318251378064,0.05956564202103644,Accept,0.9738918568622484,-0.0016046983725082004,0.8761550759968247,1.1988364933651645,143.55213258804662,Accept,Accept,Accept,Accept,0.15227087041317117
-0.061328377298860315,1.0023988031424704,0.0681242916647965,-0.20007400460779948,0.20920123650050493,Accept,Z3,0.9921357743633632,0.9013570519424138,-0.09077872242094946,0.906800889516261,1.2857098939593519,145.8609654959407,0.0681242916647965,-0.11364397393763419,0.2573642933428841,Accept,0.9019263145660648,-0.09020945979729841,0.8833908618895425,1.2492474590467184,157.69439239675563,Accept,Accept,Accept,Accept,0.095965999022208065
0.16379422618183792,1.106961737367104,-0.16284078605582253,-0.41573715997620064,-0.03377645438825226,Reject,Z3,0.9771445327029377,0.8732923210278147,-0.10385221167512287,0.8936586224989849,1.3202813333354257,157.89672125388628,-0.16284078605582253,-0.33584310092424513,0.013549909585476782,Accept,0.8741777061514927,-0.10296682655144494,0.8853716846580134,1.2793591982214771,167.6767867569537,Reject,Accept,Accept,Accept,0.12489061221720299
0.020069226203997658,0.9511674703604585,0.08214768928920527,-0.19572534132928748,0.31509647465463714,Accept,Z3,0.9635454879198033,0.9296174104968238,-0.03392807742297955,0.8979460444892209,1.397507666827363,185.4009266560845,0.08214768928920527,-0.14526047798541694,0.3040189392380685,Accept,0.9301919449578789,-0.03335354296192436,0.8784002093972044,1.3402918450025112,196.42215166503618,Accept,Accept,Accept,Accept,0.3696401337157699
0.10261931397104283,1.1115419756069103,-0.14879690199687792,-0.3940120441900513,0.003925769399745434,Accept,Z3,0.9313157421538322,0.952543881709714,0.021228139555881983,0.9140534878809791,1.3901516241500753,165.96148914277387,-0.14879690199687792,-0.3374007145163198,0.03784467914906023,Accept,0.9539362166822348,0.022620474528402594,0.9132755788854461,1.370931811712817,185.84056746013204,Accept,Accept,Accept,Accept,0.24301979674390572
0.16700959230750015,1.0493491777606079,-0.10793335570604917,-0.30058585458462417,0.10086476871046751,Accept,Z3,1.0348850585058076,1.115329734610216,0.08044467610440843,0.9141059760243835,1.4200770281142017,151.06331413197847,-0.10793335570604917,-0.2773496659860567,0.06633436643867366,Accept,1.1143235803261744,0.079438521820367,0.9051431790310243,1.3902604417592845,164.7491763372265,Accept,Accept,Accept,Accept,0.2248382743258951
-0.03591681845563049,1.0186603922116058,-0.05557408476703512,-0.20965729411685324,0.11947983179431565,Accept,Z3,1.0061467125120005,1.039092163596284,0.03294545108428349,0.9481191591071445,1.3735947913702606,130.77595876109388,-0.05557408476703512,-0.20464047506035707,0.0974282463386481,Accept,1.03891999663077,0.0327732841187697,0.9318433609287124,1.341784181719933,145.01565074140856,Accept,Accept,Accept,Accept,0.054024830599682744
-0.014087420342654568,0.9626761131478176,0.02516073541110586,-0.12268935227670835,0.25437966092184394,Accept,Z3,0.9942418538875109,1.159888574222213,0.16564672033470212,0.837570988686014,1.2024315070912581,151.1202535089689,0.02516073541110586,-0.13685112070019856,0.1912944348321472,Accept,1.159327907500292,0.16508605361278114,0.8265619648827166,1.1547257673592162,157.80739303882632,Accept,Accept,Accept,Accept,0.29186887105296067
0.094785924424121,1.0179581405778557,0.06849861479952091,-0.23489020975473746,0.16512050354304725,Accept,Z3,1.1099275639721262,1.3686607037896525,0.2587331398175263,0.903150325995626,1.4414595515097504,154.99581324380122,0.06849861479952091,-0.11787869044482593,0.2561079598854551,Accept,1.3686540612216553,0.25872649724952906,0.894729595220531,1.4205882972123487,174.99347045843848,Accept,Accept,Accept,Accept,0.13718909017590067
-0.13118304033749745,0.9790537054224131,-0.015715794103269384,-0.1722757752498399,0.2743252178872173,Accept,Z3,0.9570942704388627,0.9339365659962628,-0.023157704442599954,0.8752732556968873,1.2104545440844297,157.90370179461928,-0.015715794103269384,-0.22080370702106197,0.1926870161419516,Accept,0.9350523069116231,-0.02204196352723964,0.8645872000589071,1.1825091364952993,176.43083070291763,Accept,Accept,Accept,Accept,0.2774071122688723
0.01639087924308506,1.082263461820465,-0.11994380705496127,-0.34620415625907014,0.08163479454843615,Accept,Z3,1.0104163779843467,1.0361744623716556,0.025758084387308974,0.9229183812651957,1.3481853285613363,158.96526800871672,-0.11994380705496127,-0.30906243825939567,0.07837598047204233,Accept,1.0361899283268352,0.025773550342488467,0.9117202263599222,1.3060020660023381,170.04558194037247,Accept,Accept,Accept,Accept,0.35260031012925847
-0.15615748287723769,0.949850460410281,0.06569742175355284,-0.059192199331226755,0.2813588850615879,Accept,Z3,0.9048657927586854,0.77856595560925,-0.12629983714943538,0.9633592269391523,1.3937020543076133,129.2316392753255,0.06569742175355284,-0.0924547246176371,0.2151167613137843,Accept,0.778733695645385,-0.12613209711330037,0.9655929919744021,1.366122346174661,144.80185698548303,Accept,Accept,Accept,Accept,0.1776678059653583
-0.047481080019615596,1.036186178052627,-0.06835774354286939,-0.25147526510283547,0.12284618950971934,Accept,Z3,1.0169686504506639,0.9536034292947013,-0.06336522115596256,0.9671703617561809,1.4401600681731062,151.45968178152535,-0.06835774354286939,-0.23361669884135267,0.10755521408594813,Accept,0.9536743279025112,-0.06329432254815283,0.9596430761468142,1.4032525629596733,164.83584625421096,Accept,Accept,Accept,Accept,0.21906518335881853
0.03546711317025765,0.9860171907352548,0.014651503621863387,-0.15729758796436172,0.20793372376384045,Accept,Z3,1.0603801676199407,0.9620472635702604,-0.09833290404968033,0.9173348850031062,1.2492329534013547,140.62999389667016,0.014651503621863387,-0.15140496448723387,0.1759485140213794,Accept,0.9621981491002946,-0.09818201851964606,0.9154958955086197,1.224008707116527,154.40732553310417,Accept,Accept,Accept,Accept,0.31604771309619056
-0.03704825326724895,0.9858663366205578,-0.024720924263674234,-0.16278117239873058,0.22135409994041283,Accept,Z3,1.0146605590468916,1.0036294624304387,-0.011031096616452766,0.9011679217037287,1.1620025852799079,135.68274590508773,-0.024720924263674234,-0.19697466195293672,0.14570395085301568,Accept,1.0038505400051734,-0.01081001904171827,0.8906439479728963,1.1255619132623655,146.1522723008865,Accept,Reject,Accept,Accept,0.25694139231002094
-0.02953775201182442,0.9437801806040151,0.06825392460119994,-0.1133373528314713,0.3044190352040861,Accept,Z3,0.9194709140615995,0.8611735571264052,-0.05829735693519429,0.7781620268965795,1.0084810389461447,140.1444015623209,0.06825392460119994,-0.11961273764616616,0.2571768096147975,Accept,0.8612326173474515,-0.05823829671414805,0.7603446325467929,0.9694840833074315,149.3784307242951,Accept,Accept,Accept,Accept,0.06554290448858517
0.15089572188866213,1.0191914587130253,-0.071661933483722,-0.22626068487359696,0.13625655697482486,Accept,Z3,0.9609460890264575,1.0193491549174356,0.05840306589097803,0.8756594612036176,1.144946700686014,110.5007141715792,-0.071661933483722,-0.22992818718287633,0.07746515277334143,Accept,1.0194996566715324,0.05855356764507484,0.8755008582229012,1.1142505684334545,117.71982988288481,Accept,Accept,Accept,Accept,0.28579747925607024
0.011572508018410673,1.0234495921185005,-0.0358863140120014,-0.2213156517309656,0.1530309574175648,Accept,Z3,1.0361104711668254,1.1567849713166267,0.12067450014980116,0.9027945704235354,1.2822171977156516,138.28039740329746,-0.0358863140120014,-0.20318924033728578,0.1267180781005222,Accept,1.1566155175424928,0.12050504637566718,0.8816809144520178,1.236806638917558,144.2216320872886,Accept,Accept,Accept,Accept,0.14437549510010067
-0.2004552480438096,0.9408300357597772,0.14809295398751374,-0.040806142140852306,0.3008545851648325,Accept,Z3,1.0205900442438451,1.0026896816119886,-0.01790036263185656,0.9581163307889295,1.3363574844267674,128.58261463030263,0.14809295398751374,-0.013800413276751439,0.3160465395983558,Accept,1.0036332965687431,-0.016956747675102087,0.9535283463347384,1.323475335636405,148.9043398466269,Accept,Accept,Accept,Accept,0.13071122834854257
-0.1430653152404112,0.9001304979510999,0.20727090205243703,0.01941840832096639,0.386847224599263,Reject,Z3,1.0325669407051135,0.8830958562987489,-0.1494710844063647,0.9761318773466329,1.4976059376234971,151.03096798390197,0.20727090205243703,0.029632096971924843,0.3714658496919103,Reject,0.8823152917156853,-0.1502516489894282,0.9524405979842004,1.4634545737736153,164.02138681684423,Reject,Accept,Accept,Accept,0.25510781476162875
0.3114405545047279,1.1697568614574874,-0.24434713989266743,-0.5297731599102586,-0.08109943209592498,Reject,Z3,1.0284082755544839,1.0731930312233966,0.04478475566891277,0.9301528272941836,1.297128134049157,161.64240578135067,-0.24434713989266743,-0.4511372984768233,-0.048994184612175806,Reject,1.072059855409905,0.04365157985542121,0.9187810664872375,1.2729447645532552,180.0357584208523,Reject,Accept,Accept,Accept,0.10290800611003408
-0.25696806936748195,0.8952574322311271,0.19540387363137304,-0.022287643500371546,0.3865034842915218,Accept,Z3,0.9465608672187035,0.857570443027003,-0.08899042419170039,0.842899254441558,1.1425677212273475,143.62143142215712,0.19540387363137304,-7.804858199284004e-5,0.3978808278377337,Accept,0.8572641728684524,-0.08929669435025105,0.8334839515529793,1.1232523553338258,164.77419866812255,Accept,Accept,Accept,Accept,0.19388395757820998
0.2123845891507798,1.0467941249511694,-0.12148707068145705,-0.3030008200660095,0.0915581188536916,Accept,Z3,0.9480508215494949,0.9929368621636554,0.044886040614160454,0.8777870717578466,1.064108451994902,141.65319037582637,-0.12148707068145705,-0.30864928144695675,0.07586639962807015,Accept,0.9922589856130759,0.04420816406358097,0.8689892882344753,1.050371574867895,163.14372459541846,Accept,Accept,Accept,Accept,0.2559593766092322
-0.13617401299434734,0.9581540079016801,-0.011338550187484751,-0.08426918830002682,0.2546084366782461,Accept,Z3,1.0475964789967422,1.3052175116959586,0.25762103269921655,0.9121938177385762,1.2554758980832221,136.39964934082064,-0.011338550187484751,-0.168343332695109,0.1431447779049581,Accept,1.3054412978965189,0.2578448188997766,0.9018315647809189,1.2195652231526537,145.19780532045004,Accept,Accept,Accept,Accept,0.17603658199069072
-0.23986595552861253,0.9472685543336616,0.07231263961372922,-0.09345344052391222,0.36484627356064325,Accept,Z3,1.0952046434724074,1.3521214749809567,0.2569168315085493,0.7709863310849117,0.9598011885240932,134.67551187126642,0.07231263961372922,-0.1515175296806128,0.29108097371009956,Accept,1.351097532591442,0.2558928891190347,0.7668608298703289,0.9390164450483625,152.72475321009455,Accept,Accept,Accept,Accept,0.2894336496784834
-0.41074842873531303,0.9259100502367157,0.22750680840643286,-0.1809716566695729,0.36295769688058444,Accept,Z3,0.9853482815146491,0.9723546156794595,-0.012993665835189626,0.8753775965389599,1.2061017982592233,181.44922175804206,0.22750680840643286,0.006241233198323898,0.44249968736418177,Reject,0.9723232212476283,-0.0130250602670209,0.8404532395772377,1.128429947898821,184.56232904145375,Accept,Accept,Accept,Accept,0.31648590058982407
0.26543810493864267,1.04514277912885,-0.07163473006268943,-0.2606859407919634,0.15480283239938086,Accept,Z3,0.9971772962492381,0.9301821784891563,-0.06699511776008187,0.7814613929710214,1.0133588476265314,129.64798651976443,-0.07163473006268943,-0.2702167289397168,0.11565307436620104,Accept,0.9298010773980293,-0.06737621885120879,0.7745343998240816,0.9976019315881275,148.5262484031389,Accept,Accept,Accept,Accept,0.3600503899790596
0.15166467626788144,1.1015870640653338,-0.15031542120994582,-0.3669321177420961,0.04696076064844028,Accept,Z3,0.985287170363116,0.9535065688320273,-0.03178060153108868,0.893149220404133,1.289800378673909,141.94908784447856,-0.15031542120994582,-0.3187945323295207,0.018160772057785133,Accept,0.953334075301543,-0.031953095061573046,0.8539584133839466,1.2310368346317089,139.6444473926497,Accept,Accept,Accept,Accept,0.20077376485237863
-0.05092320972484742,1.01588703915497,-0.06788711417262554,-0.24772852844302756,0.18638447885157178,Accept,Z3,1.034294696283837,1.0154986885390267,-0.018796007744810123,0.8774525607374563,1.2301743608147675,145.05289576055216,-0.06788711417262554,-0.24603138185075846,0.11275947582877231,Accept,1.0153007727245666,-0.01899392355927034,0.8623449276993655,1.1739910050382238,145.3343970552643,Accept,Accept,Accept,Accept,0.22758834477840337
0.21699558996692755,1.1492445717219346,-0.24257860747282886,-0.4147777518897473,-0.06701911383791301,Reject,Z3,0.8382041467824395,0.9690522459462569,0.13084809916381734,0.8488037593150913,1.1863602334999894,120.59834346476735,-0.24257860747282886,-0.3950432455594204,-0.08521761075010267,Reject,0.9677312015504258,0.12952705476798626,0.8370104167136553,1.1595241408623267,132.1329077545267,Reject,Accept,Accept,Accept,0.2298615730547523
-0.046929685728270366,0.9300758005440409,0.02491205434990411,-0.09666233770882127,0.3702556505136812,Accept,Z3,0.9526792702491392,0.8676608901358908,-0.08501838011324848,0.781652118183465,0.951271003162784,141.8631280367063,0.02491205434990411,-0.17720181396209203,0.22505566239124336,Accept,0.8670926701781128,-0.0855866000710265,0.767413189217057,0.8954937506435896,143.38300294079863,Accept,Accept,Accept,Accept,0.15658383628764067
0.10768592129146265,0.974954686608608,0.04954601990985836,-0.15075811797001765,0.26905643552461267,Accept,Z3,0.9814229252720791,1.0545916845400038,0.0731687592679248,0.9235445440681351,1.338433807600399,152.69485014933556,0.04954601990985836,-0.16120944272281276,0.2444815351018904,Accept,1.0534747182256208,0.07205179295354175,0.9185850334135902,1.3157457151010186,172.56163403090426,Accept,Accept,Accept,Accept,0.1333655336283285
-0.2729198042734882,0.92058799781789,0.12007932494149869,-0.028510972542689986,0.4201236858245506,Accept,Z3,0.967923985341967,0.9938141920904764,0.02589020674850935,0.9618983746472511,1.3925027245800208,162.2950423869376,0.12007932494149869,-0.07252231820822784,0.30775585778926273,Accept,0.9930064651181038,0.02508247977613676,0.9503071633740768,1.3341681961574816,165.99718959006196,Accept,Accept,Accept,Accept,0.29232223046283007
0.0934192082351542,1.0556969287105011,-0.11344543683577098,-0.3016261682052463,0.10166881602936922,Accept,Z3,1.0263842347652288,0.9079918041373796,-0.11839243062784924,0.8732761382672397,1.1276173322723135,152.62465944469037,-0.11344543683577098,-0.3141599731657514,0.07943149312260019,Accept,0.908585090869429,-0.11779914389579989,0.8641593444083423,1.1082585341524234,172.9687805371878,Accept,Accept,Accept,Accept,0.35750737799990184
0.012818701967441287,1.0143526917109427,0.01748366709179829,-0.23362968598763278,0.19264780753721783,Accept,Z3,0.9283397587794557,0.9363851842990124,0.008045425519556665,0.7924307264376408,1.0398452642905238,139.90108912371727,0.01748366709179829,-0.17851781642552028,0.21563416753732267,Accept,0.9365798491479581,0.00824009036850241,0.7847036802721111,1.010956466598661,154.69549759830463,Accept,Accept,Accept,Accept,0.3258935019776573
-0.19025407643304304,0.9414396299772678,0.07806645888319086,-0.13043870647014524,0.3488103391813354,Accept,Z3,0.9590879643705591,1.048954687920097,0.08986672354953791,0.8298584230543951,1.0168538588042577,153.6690311617507,0.07806645888319086,-0.15573253648424987,0.3042667788061083,Accept,1.0496464583916933,0.0905584940211343,0.8198033531873667,0.9935004988449555,173.41640147499808,Accept,Accept,Accept,Accept,0.14393412251079626
-0.08004202517533598,1.0022124615466688,-0.0023687459785787916,-0.20194517717760108,0.18456082376213737,Accept,Z3,1.0646157796938942,1.0304818821177182,-0.034133897576176075,0.851279446509508,1.1446914888132351,142.0551127424653,-0.0023687459785787916,-0.1699960846334319,0.15767603958992915,Accept,1.030840054507847,-0.03377572518604712,0.8426880261762655,1.0925036773580539,143.89004536685295,Accept,Accept,Accept,Accept,0.22273349784179022
-0.13077678877002763,1.0144842282218913,-0.033903184730413254,-0.18591770409999242,0.12609031113350774,Accept,Z3,0.9704776315832699,0.90004584805957355,-0.07043178352369645,0.8272770490534203,1.0947221690839632,103.60824705499199,-0.033903184730413254,-0.17712668876121676,0.11730288595358651,Accept,0.9002977708078376,-0.07017986077543241,0.8264363609766009,1.0662511982174316,112.40843816978446,Accept,Accept,Accept,Accept,0.22774442607443948
-0.074105836041783,0.9862377795175582,0.059683851594987784,-0.16142587018603483,0.23693957424273598,Accept,Z3,1.0481004676733396,0.8486534847791954,-0.1994469828941442,0.9216292532275695,1.3611982648101537,152.01731289292354,0.059683851594987784,-0.1213895962733462,0.25646258934445454,Accept,0.8482516327592785,-0.19984883491406105,0.9083945972813094,1.3422027589218666,171.1618857384623,Accept,Accept,Accept,Accept,0.11345406694630973
-0.2916466891363643,0.955055220598396,0.06124987397131545,-0.08245595911057713,0.2571755697850268,Accept,Z3,1.0951219962098198,1.140170977227968,0.04504898101814823,1.0506092863731173,1.584085358982979,152.94368058163593,0.06124987397131545,-0.11215457735424558,0.22459015206813263,Accept,1.1407852160456022,0.045663219835782316,1.0477659419472825,1.5526299303384332,168.21143351741617,Accept,Accept,Accept,Accept,0.2635103464721229
0.15576550650697316,1.033087269233734,-0.0061148106529858885,-0.2792136170156603,0.1210349925532338,Accept,Z3,1.0188009481700477,1.1025200054851603,0.08371905731511248,0.8108656910091699,1.1078077475013337,133.3090758413478,-0.0061148106529858885,-0.1975817937209205,0.1811329965471187,Accept,1.1019697717447896,0.08316882357474181,0.8079305500359091,1.0867932927227164,150.71794198573883,Accept,Accept,Accept,Reject,0.4240602436076256
0.013126594333560095,0.9807651171889177,0.11784550048842352,-0.1754533500575919,0.25742873468459215,Accept,Z3,0.9801814317208764,1.0939828155190363,0.11380138379815992,0.749379209687131,0.9097323805608042,138.7790568589181,0.11784550048842352,-0.10231825112560872,0.32949730186446624,Accept,1.0947168237490967,0.11453539202822034,0.7302785141860817,0.894279136399595,159.30606059287612,Accept,Accept,Accept,Accept,0.25747034661359125
-0.005899293371599296,1.0338944996251143,-0.09805656311762609,-0.27405511735489796,0.13314173006109348,Accept,Z3,1.0477704688465512,0.8617836093153147,-0.18598685953123642,0.9700495862236183,1.4268229385205466,160.98174634044284,-0.09805656311762609,-0.27721326420259085,0.08036465975095389,Accept,0.8628895335685054,-0.18488093527804572,0.9515806915134258,1.3707249965626827,167.61390647381873,Accept,Accept,Accept,Accept,0.2495493242595811
-0.268923554517857,0.8912156819643022,0.16589626011647501,-0.030762213650214254,0.4267897432420006,Accept,Z3,1.0173896409989045,0.9197808513273119,-0.09760878967159253,0.8832186196604311,1.2731025190383018,169.0750761144554,0.16589626011647501,-0.052038638872774115,0.37647467900436143,Accept,0.9204520447074765,-0.09693759629142792,0.8605160323025955,1.2387310112811787,182.8259188670345,Accept,Accept,Accept,Accept,0.34546008780073567
-0.050879855551928754,0.9790716763717952,0.04294289981717788,-0.1488725465447283,0.21000659955955822,Accept,Z3,0.9400206000003166,0.8095103747892363,-0.13051022521108036,0.9112967325374396,1.377037621668989,135.28280757997203,0.04294289981717788,-0.13787140447767707,0.20568322505585296,Accept,0.8092804205814512,-0.13074017941886543,0.9041470805127204,1.3649213378725904,155.55094974324737,Accept,Accept,Accept,Accept,0.08658781512218694
-0.01722523733767948,0.964580719142987,0.07350908315556984,-0.12871906939263977,0.280492651955454,Accept,Z3,0.9767999921114502,0.8854938662416416,-0.09130612586980857,0.8260022200422996,1.053872812442429,131.70240206876812,0.07350908315556984,-0.12147598541514172,0.260505970787548,Accept,0.8856047348720887,-0.09119525723936148,0.824557083153683,1.0372161615734967,152.8959273502066,Accept,Accept,Accept,Accept,0.17710068947768562
-0.0036914081921375925,0.9985042478377394,0.03841453085687646,-0.19804126226736843,0.2080465565287371,Accept,Z3,0.9721586738254536,1.0972159087811673,0.12505723495571366,0.8574842006395492,1.178354602538976,150.52190990304567,0.03841453085687646,-0.14029673224701872,0.20554855213314743,Accept,1.0970666037348378,0.12490792990938429,0.8485543873879462,1.1203073288120666,149.37648446981117,Accept,Accept,Accept,Reject,0.3591953015256923
0.2415523759814052,1.1076946783825325,-0.15634245819054904,-0.3899647721265309,0.02455217823109565,Accept,Z3,1.0625635074919293,1.1440533893689884,0.08148988187705909,0.9885953371091434,1.552201262121107,175.5855853537589,-0.15634245819054904,-0.3389944291543391,0.028017757538904633,Accept,1.1448251945474042,0.08226168705547499,0.9760423224053844,1.5083646153326904,188.0766785889931,Accept,Accept,Accept,Accept,0.028942928123775854
0.285161857419132,1.058538830356274,-0.05579013242190297,-0.3092479822713006,0.11489591752332406,Accept,Z3,0.9951094133574857,0.8478431782958071,-0.14726623506167852,0.815669952426227,1.1537639564744362,151.04000080193384,-0.05579013242190297,-0.23458907319685038,0.14070275338570348,Accept,0.8473887532409137,-0.1477206601165721,0.8090949844180712,1.1186121476450233,163.05520357658258,Accept,Accept,Accept,Reject,0.3937649329426282
-0.2615317927255058,0.981894856950127,0.007988279233664021,-0.1486181206561341,0.28881210201817925,Accept,Z3,1.0353159427150225,1.021921259684508,-0.013394683030514437,0.8926955340063923,1.1808188857812332,155.03368613440497,0.007988279233664021,-0.19491985409181867,0.19564261576580275,Accept,1.0220260570004427,-0.013289885714579697,0.8764151574173856,1.1271825839942564,159.6432540401992,Accept,Accept,Accept,Accept,0.22424371815341754
0.2635339421474888,1.0461334514111609,-0.1707037113994755,-0.30632125803525645,0.11496685439511382,Accept,Z3,0.987346691422973,1.0492508084917753,0.06190411706880235,0.9203598013279125,1.245499132018507,162.84286956674126,-0.1707037113994755,-0.3584416214972998,0.02338053648843212,Accept,1.0499428156280617,0.06259612420508862,0.8960950131130931,1.2100458102819238,176.58229030593355,Accept,Accept,Accept,Accept,0.24748307748921813
-0.40551336736008864,0.8561187471953662,0.209710052468252,0.03932934078446902,0.45427419291978693,Reject,Z3,0.9994978193347502,1.0433972053360343,0.04389938600128401,0.8822811845956653,1.2138860638081244,154.02508385399153,0.209710052468252,0.02004429141564553,0.38976968792965505,Reject,1.0427002509523482,0.04320243161759803,0.8863757813802331,1.1701035193664524,163.57350563607795,Reject,Accept,Accept,Accept,0.21900597904045024
-0.048331501032914156,0.9099927913075719,0.1442606151619671,-0.043235126633781935,0.3375468028993528,Accept,Z3,0.9616427612492742,0.9205346506578027,-0.04110811059147139,0.9839372872440745,1.419146782168979,150.06758653984812,0.1442606151619671,-0.02628655413348773,0.31747531299349224,Accept,0.9213150611644665,-0.04032770008480763,0.9840361072530966,1.3827181432980193,162.4007625890153,Accept,Accept,Accept,Accept,0.24481929126408455
0.034594902399733195,1.0376309368096326,-0.06595438649090406,-0.2491621322892078,0.12603065250628245,Accept,Z3,1.0143400024755587,0.9906676873027722,-0.023672315172786486,0.9804963351337725,1.5185201289861663,149.0335568787775,-0.06595438649090406,-0.23261243077445964,0.103628644627307,Accept,0.9913352091424112,-0.023004793333147422,0.9629311891587967,1.4786897587365688,159.193640327975,Accept,Accept,Accept,Accept,0.33882497341413553
-0.0061130615083795185,1.0226244938001796,0.0022564168191455806,-0.229075735911479,0.15227009372762781,Accept,Z3,1.0375155476812745,1.0716761524666123,0.03416060478533769,0.890770555004973,1.240775128183362,138.97257798712124,0.0022564168191455806,-0.1678756714376452,0.176928866427052,Accept,1.0714115754310019,0.03389602774972731,0.8688119888360426,1.2059296865485274,150.42059951017328,Accept,Accept,Accept,Reject,0.32636293549504697
-0.0800767967663378,0.9134634213168927,0.1265222018462147,0.00878406992167978,0.3260198959148451,Reject,Z3,1.0097554331462002,1.0059935242756801,-0.0037619088705201386,0.8954560114375011,1.2421613434688172,118.34344096513686,0.1265222018462147,-0.009766462954767609,0.26087390586407283,Accept,1.006042969352283,-0.0037124637939173113,0.8710464934890616,1.208879911085941,127.28596265845813,Reject,Accept,Accept,Accept,0.21038772543110457
-0.023903558287354052,0.9610335350036671,0.01718909371718061,-0.10913187286808929,0.2550112627386196,Accept,Z3,1.0432407594917825,1.1574000731404026,0.1141593136486201,0.9526380754622573,1.3446559428787774,142.85209867231714,0.01718909371718061,-0.15480604432515965,0.18596624096800052,Accept,1.1581552024478288,0.11491444295604616,0.9480679291822173,1.3115582968330335,154.4392822710655,Accept,Accept,Accept,Accept,0.19444321694845043
-0.10579628413776632,0.9767229061641236,0.056433088029792584,-0.17037806805115066,0.2884478256155503,Accept,Z3,0.9589292162812209,0.961779850148351,0.002850633867130058,0.8960880850935201,1.2944729516031461,150.5813363471204,0.056433088029792584,-0.15851258342408792,0.28287424543233436,Accept,0.9627682714328234,0.0038390551516024585,0.8853920088381366,1.262369538783361,164.22342119250766,Accept,Accept,Accept,Accept,0.3845629303693512
0.03015647591577822,0.9955606797024232,0.0336597567784797,-0.2145198027306225,0.2388143172299986,Accept,Z3,0.9838728588653964,0.8324967669028847,-0.15137609196251176,0.8582793815674817,1.1525444752661698,162.8466301049253,0.0336597567784797,-0.1771360428518823,0.24495594738757137,Accept,0.8332966691805643,-0.15057618968483205,0.8439682959077349,1.1269529013619293,180.93583850469736,Accept,Accept,Accept,Accept,0.33075174114043143
-0.2937930569767615,0.9028137406540433,0.25562523073735,0.036035723059813465,0.4208317644166718,Reject,Z3,0.9906724557011384,0.8708294875510539,-0.11984296815008452,0.8977177198048751,1.3293509718870142,144.35181114077338,0.25562523073735,0.0783123083980487,0.4391397458993554,Reject,0.8705681931970696,-0.12010426250406876,0.8860428479164179,1.3040545251442877,161.66564090454517,Reject,Accept,Accept,Accept,0.20807942841565774
0.01028669903847364,1.030611099987971,-0.012385304665198368,-0.2305646832884709,0.12687303281964188,Accept,Z3,1.0057998113160929,1.0508840946397406,0.045084283323647785,0.8980720391556882,1.1729215963525879,122.72732620839307,-0.012385304665198368,-0.18128745519954478,0.14450355620944053,Accept,1.0504848631124384,0.04468505179634549,0.9038992152220742,1.1482335764559195,135.47373711272448,Accept,Accept,Accept,Accept,0.14582648259610084
-0.05093602523428464,0.9511651326430205,0.09500795391302391,-0.16603341582536826,0.29970906011969467,Accept,Z3,1.0583315407952112,1.2779737110949416,0.21964217029973054,0.8045309714037289,1.0670280506822452,144.00792590317818,0.09500795391302391,-0.11113734185236365,0.30435896843699706,Accept,1.2778740930809032,0.219542552285692,0.7781834526313872,1.0281619114449958,154.31955850334973,Accept,Accept,Accept,Accept,0.2971489187350932
-0.019228810906743592,0.9548749824298283,0.08000656141380101,-0.06797756488388655,0.2827968725882616,Accept,Z3,1.0274865306681227,1.1730359030102322,0.1455493723421095,0.8891061272390123,1.3804690470651217,129.79245772418201,0.08000656141380101,-0.058757546838069,0.22916143811544484,Accept,1.1729432611068447,0.14545673043872204,0.8790696162946293,1.3333103131322503,131.4240844093592,Accept,Accept,Accept,Accept,0.08271603173881842
0.30325918904984156,1.1320531258211923,-0.21041423008194424,-0.4635029739725609,-0.04456418699603231,Reject,Z3,1.0466706879613368,0.9876353485933497,-0.059035339367987154,0.92619237100387,1.242840968654842,145.33716811340807,-0.21041423008194424,-0.38399914476858055,-0.025956715907334362,Reject,0.9876921433232102,-0.0589785446381266,0.9186343784346798,1.2021780644656268,153.5895380744876,Reject,Accept,Accept,Accept,0.29504422573928624
-0.1156506352366529,0.9822531423852642,0.02369331651537968,-0.14197014358514945,0.2327995696373469,Accept,Z3,1.0243077613656586,1.2990871468693177,0.27477938550365905,0.9524332637451052,1.3818978648282993,147.7420658785509,0.02369331651537968,-0.15445113259022453,0.21061426566203645,Accept,1.2999798839215921,0.2756721225559336,0.9490906484357987,1.3631626354998487,165.71954897058077,Accept,Accept,Accept,Accept,0.2563480933691106
-0.10573027284679462,0.9733187871149713,0.05043818751085534,-0.08113228489207822,0.22504251335567935,Accept,Z3,0.9128787760022937,0.8322301082062415,-0.08064866779605218,0.928230830020841,1.3136404881128037,108.87335070050538,0.05043818751085534,-0.08723135268738254,0.19811340094451338,Accept,0.8325957657796753,-0.0802830102226184,0.9250644231887897,1.2955100769127141,123.91076948935415,Accept,Accept,Accept,Accept,0.21271258418463007
-0.12859421906615429,0.8973548649060779,0.08215611202391579,0.0013000826547451133,0.4077300974320658,Reject,Z3,1.0154727454400412,0.8868382934422202,-0.128634451997821,0.8730828616950426,1.24274239062692,156.4732662920331,0.08215611202391579,-0.1087674188978825,0.2770773289775935,Accept,0.8863511185877919,-0.12912162685224934,0.841740298143645,1.201917223323588,167.63440006201688,Reject,Accept,Accept,Accept,0.150138779411745
-0.049182275788100076,0.9257762299381064,0.10878822970288272,-0.049010451586862756,0.3118130483143286,Accept,Z3,0.934954059794015,0.9310974799337302,-0.0038565798602848388,0.9019771991782605,1.3112595522785682,145.5685676362254,0.10878822970288272,-0.06520303801085062,0.2843015581990902,Accept,0.9312269351693032,-0.003727124624711759,0.9146726245690736,1.2943549938797216,164.48635404368198,Accept,Accept,Accept,Accept,0.3144041124901753
-0.22704393048463667,0.9486119890336424,0.13809245201390072,-0.10291554282063697,0.32959972723940956,Accept,Z3,0.9729167983919688,1.0458892554575714,0.07297245706560274,0.8532314518818579,1.0919672552413318,144.86497842560965,0.13809245201390072,-0.04826928816706096,0.33560441325827517,Accept,1.046389923547641,0.07347312515567228,0.8450728636465624,1.0563471509086133,155.0659778687643,Accept,Accept,Accept,Accept,0.24163092047941898
0.11471145536960475,0.968964051473093,0.015474483806772346,-0.20055334116901416,0.28838833013359666,Accept,Z3,0.9546973491130092,1.0804603018935266,0.1257629527805173,0.9995989928963772,1.381046858250329,168.2529713158866,0.015474483806772346,-0.2045957078846463,0.23137075082116687,Accept,1.0789613105596356,0.12426396144662638,0.9842057150775763,1.342311342492274,182.1048458391588,Accept,Accept,Accept,Accept,0.11777333854790224
-0.002472003618459989,1.0174881515000966,-0.023846332578643978,-0.19774961398287122,0.12324927367964073,Accept,Z3,0.9682142510269466,0.8888596569303446,-0.07935459409660192,0.9173218715645057,1.460971775209356,140.5236287304122,-0.023846332578643978,-0.17320641770596262,0.11855101000909225,Accept,0.8890589671455735,-0.07915528388137305,0.8906766266500931,1.4221650888964865,149.7955718029666,Accept,Accept,Accept,Accept,0.15866938580464376
-0.04334927995841881,1.0016871484986878,0.00910059877158015,-0.2482600904270807,0.21465988846650808,Accept,Z3,1.0563249716497707,1.1312934453366368,0.07496847368686614,0.8595238637400234,1.1936631476385124,155.23127531156686,0.00910059877158015,-0.2079078197562359,0.23710917407167423,Accept,1.1307004714693039,0.07437549981953313,0.8626482222969197,1.1723165392671269,174.4937929552653,Accept,Accept,Accept,Accept,0.28642284792990397
0.01622041010729975,1.0059858048564894,-0.01806143276518895,-0.2293087013382743,0.19167824440348938,Accept,Z3,0.9710069934543695,0.9214798027611883,-0.04952719069318114,0.9395145328662587,1.2756467309937303,150.31427602019232,-0.01806143276518895,-0.20353591783460506,0.17324904694345347,Accept,0.9220662280214387,-0.04894076543293086,0.9300861914994896,1.2426619043673268,164.81293340504695,Accept,Accept,Accept,Accept,0.1012890714356737
0.025546563995473746,0.9687619276919811,0.05054711016681339,-0.194684655855236,0.28684500695106496,Accept,Z3,1.063934005447307,1.1017024858194355,0.03776848037212849,0.9069068487311495,1.135622838386144,165.04791676735525,0.05054711016681339,-0.1682233902539215,0.2619313067880083,Accept,1.1016097853848912,0.037675779937584176,0.8815894641416446,1.1006201715802415,178.38835171464942,Accept,Reject,Accept,Accept,0.2236338256689878
-0.179309192845729,0.9333325326896623,0.03247048325745591,-0.06088815025757516,0.29262199307346054,Accept,Z3,0.9236782401822093,0.9882699664757095,0.0645917262935001,0.8443453510539476,1.1492604767241479,128.73911606288942,0.03247048325745591,-0.13983786166145487,0.1944836590811844,Accept,0.9893725906610213,0.06569435047881202,0.8235950466823604,1.1178257985333269,138.37970380429078,Accept,Accept,Accept,Accept,0.13261861193555793
0.048405407199356223,0.9850144062018659,0.022248942181455914,-0.1616650759872822,0.23433183525969778,Accept,Z3,1.0254522485325448,1.1386802355150072,0.11322798698246235,0.9230672621650103,1.3114588831392988,149.26829310740604,0.022248942181455914,-0.16402189070076462,0.21860176415419985,Accept,1.1391172996097982,0.11366505107725335,0.9308203344587076,1.2848051975302126,165.9957784656662,Accept,Accept,Accept,Accept,0.2181886836396706
-0.21247933769828029,0.9907863614350912,0.05535350756048519,-0.1474590509697007,0.21443343855305164,Accept,Z3,1.040417561759978,0.9013011888734979,-0.13911637288648027,0.9871336169746396,1.5528817395856713,152.80367064200004,0.05535350756048519,-0.11245172324384584,0.21607987183814115,Accept,0.9010862234197772,-0.1393313383402009,0.9699664499970402,1.513618821583885,163.95491538738176,Accept,Reject,Reject,Accept,0.2731726108336122
0.09997887331021509,1.0883136316977275,-0.20350209421500184,-0.35510077698974857,-0.01785270571102407,Reject,Z3,1.0891702520376376,1.0991498539014546,0.009979601863816946,0.8931886113038306,1.1967141931565892,127.6808069097382,-0.20350209421500184,-0.36174304900477317,-0.04313444520838544,Reject,1.0996867940345043,0.010516541996866633,0.8853833352675887,1.1741475662449903,142.56895965122493,Reject,Accept,Accept,Accept,0.05367493870530099
-0.02984786049002489,0.9773318442404804,0.03648477644913145,-0.1490186119830179,0.244891980373426,Accept,Z3,0.964496880134702,0.8984799099118365,-0.0660169702228656,0.8671870035045626,1.193338278929741,147.0720086174284,0.03648477644913145,-0.1397401993123225,0.21131576133276467,Accept,0.8993019940727949,-0.06519488606190722,0.8374040752892467,1.1526092716712657,155.9758030268782,Accept,Accept,Accept,Accept,0.1706035450282158
0.2035168613026601,1.0666638514074298,-0.09101191996510474,-0.3868267568324769,0.0737911386869551,Accept,Z3,0.9861455731018195,0.9311235760217862,-0.05502199708003328,0.845872594045605,1.0602002706820925,152.72729032837748,-0.09101191996510474,-0.2935603316143995,0.12023719517529469,Accept,0.9306273580006491,-0.05551821510117033,0.844745844205798,1.026449804293762,165.62102788699775,Accept,Accept,Accept,Accept,0.1669438340326192
0.036221509294513295,1.0289656278311556,-0.06625609729715388,-0.22305311306655373,0.11468476238099798,Accept,Z3,1.0548904468594476,1.274487027981026,0.2195965811215784,0.9963608904859259,1.4837206141854704,133.8203931435219,-0.06625609729715388,-0.221471385534396,0.08793788713948633,Accept,1.2734492175073153,0.21855877064786777,0.9846105265491615,1.4629596893737236,150.8146839305186,Accept,Reject,Accept,Accept,0.24985959210656902
-0.14379787813226805,0.9834861502395355,-0.01647291403664578,-0.17312931973056417,0.21055671297460482,Accept,Z3,0.9680056144132844,1.0729407492742182,0.10493513486093374,0.8910746987326896,1.2246500731961116,134.30289139703373,-0.01647291403664578,-0.1958341831853646,0.16930719860669902,Accept,1.0721646759639751,0.10415906155069077,0.8765733800879731,1.2042832592527792,150.81974144867456,Accept,Reject,Accept,Accept,0.13168825483978439
-0.1523649139256269,0.9303556412584599,0.07588415743600349,-0.09428976696264738,0.3582071302837298,Accept,Z3,0.9250901422112927,0.9830013513726803,0.057911209161387533,0.889517530684075,1.193501101054347,154.66112686611385,0.07588415743600349,-0.1367500271479149,0.2794762680495144,Accept,0.9833830609674046,0.0582929187561118,0.8842314011855424,1.168524013748196,172.70988295217836,Accept,Accept,Accept,Accept,0.23379042098675473
-0.0010442474146362393,0.9691820024629292,0.07442194141341832,-0.1337585786491936,0.25360200566496555,Accept,Z3,1.04193059389079,1.006313848990465,-0.03561674490032503,0.8686416569320136,1.2016084926244548,146.3236687226001,0.07442194141341832,-0.1159991598460698,0.25157964649488523,Accept,1.0059117349383044,-0.03601885895248544,0.8711049142375975,1.182697966384063,166.04856744557452,Accept,Reject,Accept,Accept,0.08450196002103064
-0.15105235061635122,1.0121567127701254,0.01836352588841819,-0.2529852897590026,0.17848203901576365,Accept,Z3,0.9678284631891598,0.9603748422160706,-0.007453620973089186,0.8999436448760715,1.1881411275518055,145.22514074228457,0.01836352588841819,-0.1969948454215819,0.23274914024713791,Accept,0.9611692120863621,-0.0066592511027977344,0.9005616520134627,1.1691670588056338,165.30570117917486,Accept,Accept,Accept,Reject,0.3491964414608269
-0.024642556274145626,0.9300680240970661,0.1438726073052984,-0.1354134147193148,0.38651760939898083,Accept,Z3,0.9774811291140075,0.9917124826989888,0.014231353584981383,0.9124151563714158,1.2434685337458051,190.75136229313935,0.1438726073052984,-0.09974999967211508,0.3862552074156988,Accept,0.9923596807482318,0.0148785516342243,0.9158737546820739,1.2105888342815123,208.8228971375827,Accept,Accept,Accept,Accept,0.05326313016682267
-0.11101148454067054,0.9525026539559727,0.0430837878654178,-0.10422008464608482,0.25826635696753947,Accept,Z3,0.9538825053927487,1.0454393954528363,0.09155689006008762,0.8925231250833779,1.266066748138127,120.30550114447469,0.0430837878654178,-0.11895387350059768,0.21368723910391746,Accept,1.0463750269858412,0.09249252159309254,0.8792536678193652,1.2298622138193513,127.71661748796818,Accept,Accept,Accept,Accept,0.33515225856043945
-0.08949317321566637,0.9396909234497484,0.0736738963736593,-0.06061625524770461,0.2820149636523999,Accept,Z3,0.9243115705812012,0.80571991669127,-0.11859165388993123,0.8612270060538785,1.121870298614936,122.04214352678864,0.0736738963736593,-0.07663053336356053,0.22376293850215592,Accept,0.8055172748775111,-0.11879429570369007,0.8535857341559605,1.082648379352273,127.74445712535555,Accept,Accept,Accept,Accept,0.2928591112023913
-0.26823537879236753,0.9521034129800107,0.13694543767402523,-0.12947400152753147,0.2894588136728773,Accept,Z3,0.9635966442578997,0.9802042515474446,0.016607607289544853,0.8163755351536385,1.0229575372428685,124.04677818554156,0.13694543767402523,-0.066015173348376,0.3338953884135766,Accept,0.9811758282933669,0.01757918403546722,0.8019558915633301,1.0079534759586435,143.3252354746307,Accept,Accept,Accept,Accept,0.2354208021651477
0.10898928325212853,0.9854579795568619,0.04880133330868688,-0.1968993082379225,0.20693868112452274,Accept,Z3,0.9941088138025365,0.9506445569196579,-0.04346425688287863,0.916851273607775,1.3477343883624737,161.81677719368545,0.04880133330868688,-0.13585675797206387,0.23702606915957058,Accept,0.9505153952496963,-0.0435934185528402,0.888179093972662,1.3199599892144385,179.49244728362012,Accept,Accept,Accept,Accept,0.14440740951562564
0.1383615040993847,1.0147655019701884,-0.04430183827531248,-0.2528956289491472,0.19416691213038667,Accept,Z3,1.0503339915117231,1.0623577244682862,0.012023732956563251,0.9021830579325122,1.2250886168439012,159.9367704356002,-0.04430183827531248,-0.23594128706373158,0.16300613740400816,Accept,1.0618882584491771,0.011554266937454023,0.884051235238603,1.1849448953950783,172.6091108073056,Accept,Accept,Accept,Accept,0.2196306632196311
-0.07831511393090111,0.9849690159570474,0.10716893887447165,-0.21584804747463,0.291561207599222,Accept,Z3,0.9957020418125012,0.8668609917612043,-0.12884105005129695,0.9043544633489222,1.2601287551645546,168.99131427362698,0.10716893887447165,-0.11891622652092448,0.35538154449240733,Accept,0.8684251069553445,-0.12727693485715683,0.890547593643112,1.2308116788867556,186.31112069859148,Accept,Accept,Accept,Accept,0.22232532026570312
0.27196760302994044,1.0892110301244384,-0.16522487827265725,-0.39606346957217053,0.016034199451734354,Accept,Z3,1.0165191985608637,1.1529339861906136,0.13641478762974996,0.89789586233033,1.3213808323804057,153.8286698543523,-0.16522487827265725,-0.3684067467443898,0.036934417092315694,Accept,1.1511759243691002,0.1346567258082367,0.9025245279331517,1.3111681597325602,178.9500040127297,Accept,Accept,Accept,Accept,0.25133071614918917
0.2245624309140024,1.0579207390056726,-0.07802544522896329,-0.3117171023964741,0.07355301625112479,Accept,Z3,0.9624424405582136,1.0639459232167026,0.10150348265848884,0.8002280065810499,1.078301789831573,134.94863678058817,-0.07802544522896329,-0.2636054613929692,0.10415090982187233,Accept,1.0640367692948967,0.10159432873668292,0.793526774500055,1.0491239329833564,148.81155031501575,Accept,Accept,Accept,Accept,0.12539833985262147
-0.22701122849726724,0.9163517406299326,0.17117423082260133,0.022551998343141758,0.4475882231261628,Reject,Z3,0.920088921382737,0.8342050795921968,-0.08588384179054023,0.8967254171232917,1.350718237784003,164.23802615046432,0.17117423082260133,-0.018486437869103825,0.3557060795449464,Accept,0.8347244301654699,-0.08536449121726707,0.8787771710945965,1.3035067614247995,173.89119280593073,Reject,Accept,Accept,Accept,0.09381391600484412
-0.021915185883284848,1.0091529778589847,0.012394129532877171,-0.18489221451078214,0.14277100160337292,Accept,Z3,0.9674385463372173,0.9691682607631671,0.0017297144259498186,0.9555783425787812,1.5762797773856088,147.0334895926676,0.012394129532877171,-0.13829846716566446,0.16243239921453195,Accept,0.9687383178694386,0.0012997715322214376,0.9503663796605183,1.5452350828089112,160.73842623478836,Accept,Accept,Accept,Reject,0.36892060254563563
-0.11393340056295304,0.970967355428468,0.06831676751605452,-0.1246139721015112,0.2668159488788595,Accept,Z3,0.9877264806515672,0.7460818558457092,-0.24164462480585805,0.9657618389245866,1.395646170218014,152.65695091287662,0.06831676751605452,-0.12332003675409041,0.24091772807186324,Accept,0.746871962898722,-0.2408545177528451,0.943108116315074,1.3646840762408423,167.1806953262328,Accept,Accept,Accept,Accept,0.15181343498845523
-0.2744251075841383,0.8412112071300869,0.2152251702878186,0.12485774387482614,0.5013165817585647,Reject,Z3,0.9504740552467175,0.9222165501012978,-0.02825750514541961,0.8909532866247613,1.25582812935055,145.74357754031038,0.2152251702878186,0.03624554948983118,0.38485567924211905,Reject,0.922082634168474,-0.028391421078243363,0.8714985611749099,1.2194559376242191,155.91117225470543,Reject,Accept,Accept,Reject,0.35907674367631126
-0.06006397850287936,0.9611235602707691,0.01624753105254008,-0.13636954336688448,0.27035448847452875,Accept,Z3,0.9340778921023112,0.9689213596000112,0.03484346749770004,0.919640160513561,1.259646223187069,143.4535241927595,0.01624753105254008,-0.18499944596849827,0.21382700387361675,Accept,0.969238031641528,0.03516013953921677,0.9051702554148576,1.2340340999454145,160.75694696271216,Accept,Accept,Accept,Accept,0.1506256996117849
-0.018657819559122345,0.9794788751111961,0.03335026678985528,-0.17538808463937927,0.22905667528808585,Accept,Z3,1.069707646487852,1.1563851065403796,0.08667746005252777,0.9217956409817138,1.2912463670807983,147.21757983861286,0.03335026678985528,-0.15313081765007325,0.22739936876553205,Accept,1.1566873951486205,0.08697974866076849,0.9014834994372624,1.2613093917651554,162.81474746609288,Accept,Accept,Accept,Accept,0.24990905472595304
0.006165889061204284,1.0070426214383226,-0.040960748719978755,-0.22087433883655472,0.21796661213789453,Accept,Z3,1.0231313772760011,1.2557834832495063,0.23265210597350514,0.8919081982945241,1.2047178722679437,153.3435807792782,-0.040960748719978755,-0.2276634878768405,0.15186385538450142,Accept,1.2561441865175864,0.23301280924158532,0.8754974943387055,1.1573618862458517,160.1903891572321,Accept,Accept,Accept,Accept,0.20256498490214017
-0.11316822494504686,0.9066506441793947,-0.020448113867911212,-0.07764391657145668,0.3987771752822685,Accept,Z3,1.0231171290173877,1.0002841411223071,-0.02283298789508069,0.9046992892560551,1.3363952457716104,179.2378145098498,-0.020448113867911212,-0.23432206457699717,0.1992100645845431,Accept,1.0011736966852292,-0.021943432332158692,0.8835374831629992,1.2631251862182082,182.48790317615916,Accept,Accept,Accept,Accept,0.29386744799751
-0.03078594832653678,1.0061425044677879,-0.06639316643293248,-0.22679569038037073,0.1777689182216354,Accept,Z3,1.038014858639052,1.1312771029222366,0.09326224428318451,0.9208212853773112,1.3724086094849832,147.14403900281343,-0.06639316643293248,-0.24970582651754367,0.10907016160723165,Accept,1.1316369157442796,0.09362205710522752,0.9108790089795364,1.3350603553892026,158.37854852044623,Accept,Accept,Accept,Accept,0.1705340902766951
-0.015453906234112132,1.0102914879560565,-0.12046674326891839,-0.20337832088594363,0.17356648858693358,Accept,Z3,1.0583462682683344,1.0031327208433063,-0.05521354742502812,0.8374635930610921,1.0712615225603221,131.5082622929668,-0.12046674326891839,-0.296587263678898,0.050410127425299094,Accept,1.003890613030791,-0.054455655237543595,0.8006140580886503,1.0310986506367383,138.8357298060667,Accept,Accept,Accept,Accept,0.26694088275836597
-0.08957852273907008,1.015763409143818,0.033210133796165914,-0.23658361061880237,0.14788768914269704,Accept,Z3,0.9553774121045935,0.7324190228460681,-0.2229583892585255,0.9250391523243532,1.3940144379111699,151.60966006586338,0.033210133796165914,-0.14743527838416728,0.20279370744757444,Accept,0.7326701996439633,-0.2227072124606303,0.9222735753247062,1.3574234199444737,163.57407203438558,Accept,Accept,Accept,Accept,0.24465019915742298
-0.08359503604877935,0.9847102623613148,-0.019004195096778344,-0.15344972435315513,0.2350579734255484,Accept,Z3,0.9537495426184179,0.742572999261865,-0.21117654335655292,0.9750214213917501,1.436719876494894,152.3161276887304,-0.019004195096778344,-0.2035142881409589,0.16328964056588097,Accept,0.7415552148234811,-0.21219432779493694,0.9487356691034194,1.415520822845993,172.4506180617348,Accept,Accept,Accept,Accept,0.1711443646350353
0.013122262575677982,1.0002304665816029,0.03676919377451267,-0.17960433429534753,0.1741466043258841,Accept,Z3,1.012449040674344,1.0650429545598916,0.05259391388554758,0.8616254152629268,1.2090480995743804,133.89943784229374,0.03676919377451267,-0.13577891080354826,0.20781258947036133,Accept,1.0647128533131278,0.05226381263878379,0.8515762222464425,1.1892763308456349,153.24429496160704,Accept,Accept,Accept,Accept,0.013896616754951832
0.16891827301316376,1.0710815404484244,-0.0854247343689095,-0.35863516343699564,0.08309856614523722,Accept,Z3,1.0452884505800215,1.2076884600998359,0.16240000951981448,0.8774356571533432,1.2201377983515251,143.19888155627117,-0.0854247343689095,-0.28885752425511096,0.10176216549784653,Accept,1.2080662639931299,0.16277781341310849,0.8651634150526526,1.1785959468861271,152.43216959812335,Accept,Accept,Accept,Accept,0.20481506736050983
-0.17573902790603305,0.9114261297547431,0.20780422453445188,-0.046501570223149234,0.4028125167548977,Accept,Z3,1.0402029717520969,1.091464527721529,0.051261555969432146,0.8687607574634003,1.2532853271845208,177.6680330194225,0.20780422453445188,7.553524297481198e-4,0.3993698575625322,Reject,1.0918470539714282,0.05164408221933146,0.8521473035883385,1.209442880508089,190.36749246319525,Accept,Accept,Accept,Accept,0.1837473707363384
0.01932702217554603,1.0576988430548493,-0.08695374135043545,-0.31826955235264753,0.11574510172233377,Accept,Z3,0.9257348421137945,0.637411651397822,-0.28832319071597257,0.8804478497341208,1.2587304647783863,146.47574318522499,-0.08695374135043545,-0.29144870492204283,0.10189864948890164,Accept,0.6374130010716066,-0.2883218410421879,0.8547117119267008,1.2311871556229443,160.15186928651943,Accept,Accept,Accept,Accept,0.08775390970599545
-0.10463574109020261,0.9207057505352584,0.10857455567247558,-0.018579074392104003,0.34196518915328855,Accept,Z3,0.9855794354576465,0.9077633592382203,-0.07781607621942609,0.8339004816510602,1.0832386374215053,124.32862162850913,0.10857455567247558,-0.060831322118779584,0.2765647786143533,Accept,0.9082348514160983,-0.07734458404154815,0.8159257892117104,1.0555988310716828,138.26362187753693,Accept,Accept,Accept,Reject,0.33552670165175114
0.36187978738643334,1.141814529232546,-0.24963908796317455,-0.4416535877308898,-0.033005826995502974,Reject,Z3,1.0383420752418258,1.148563396359491,0.1102213211176652,0.7421686544482423,0.85396837733132,119.42063526040882,-0.24963908796317455,-0.4364062159409841,-0.05267384558922039,Reject,1.148118388024834,0.10977631278300835,0.7240191164267408,0.8321327693299834,135.19986804303065,Reject,Accept,Accept,Accept,0.05906572562056688
0.2974946769207984,1.0933752090459248,-0.16541104697664052,-0.45008949010989774,0.05163950826024037,Accept,Z3,1.0658275401904704,1.2516010733608467,0.18577353317037634,0.7832486438772298,0.9691995717873593,142.12713669027184,-0.16541104697664052,-0.4024541842883894,0.07380163043641065,Accept,1.2512989308292586,0.1854713906387881,0.7680983930360203,0.9407106863867419,156.99355191650022,Accept,Accept,Accept,Reject,0.35295609956202517
-0.02116441615825955,1.0036180102196666,0.020060182504804777,-0.20010435587653527,0.17724041918505506,Accept,Z3,1.038225208083658,0.9640798712135854,-0.07414533687007242,0.9280657919646604,1.3753719140634089,138.8041720046391,0.020060182504804777,-0.14061984232616787,0.1951057044553528,Accept,0.963668106632174,-0.07455710145148398,0.9195153699459512,1.3411364650484998,148.6309393542958,Accept,Accept,Accept,Accept,0.26238246521883096
1.3546792963441557e-4,0.9964972290069671,-0.04239276909072387,-0.19382418908981383,0.19304960468479135,Accept,Z3,0.9964449402552734,1.158254478438062,0.1618095381827885,0.8799960719378422,1.2020907029784853,139.2461043131611,-0.04239276909072387,-0.2107910771483434,0.12559796792829123,Accept,1.157263817984766,0.16081887772949258,0.8808273281868203,1.1656223464005564,150.24052565979144,Accept,Accept,Accept,Accept,0.3406535386314285
0.034152534487811644,0.958646771938534,-0.007309928276448628,-0.12272493956540168,0.2867856124612294,Accept,Z3,0.953991690893595,0.9920135002757512,0.03802180938215612,0.8918249754676141,1.3924572954554544,165.90616012205297,-0.007309928276448628,-0.1909904410014921,0.18743453874270669,Accept,0.9906334336651245,0.0366417427715295,0.8873703363292345,1.3447249099515772,175.57838894276955,Accept,Accept,Accept,Accept,0.22404825043549245
-0.3460672454863855,0.9478554964909947,0.10735966466950754,-0.1000741057588489,0.2643561914245565,Accept,Z3,1.0572825036563138,1.122846246719023,0.06556374306270914,0.9519651313492433,1.385680976940211,153.30503240099702,0.10735966466950754,-0.05045875722241285,0.26482301233097827,Accept,1.1221952518767428,0.06491274822042882,0.942103048986081,1.3358050536459367,157.70228723979207,Accept,Accept,Accept,Accept,0.24104235976839763
0.003716928058873606,1.0333627272626678,-0.027779118829161176,-0.25551633749696584,0.14661715290118013,Accept,Z3,1.0397711040108886,0.9511938128756503,-0.08857729113523817,0.9305680855212733,1.3780649250428665,159.68798002238333,-0.027779118829161176,-0.22720108593427835,0.15592126057994843,Accept,0.9516960910825809,-0.08807501292830767,0.9335270188500275,1.3486470402460151,177.7574248532847,Accept,Accept,Accept,Accept,0.3582952521343615
0.1039953258368473,1.001619690527717,0.004579348675032867,-0.20415756375603777,0.1879963176530281,Accept,Z3,0.9960469048107641,1.0650270933875405,0.06898018857677644,0.865814688476063,1.2363169549695059,152.6301922035667,0.004579348675032867,-0.17060058767709196,0.18884479335126464,Accept,1.0661334613136626,0.07008655650289863,0.85844989172111,1.2103571321160802,170.88356143037845,Accept,Accept,Accept,Accept,0.31262393469008526
-0.1640764462596815,0.9166672465672643,0.09532719413849713,-0.05410514069941426,0.36545127178305686,Accept,Z3,0.9400354344263796,0.9507607934050517,0.010725358978672089,0.8818611137586901,1.1682715276487676,156.34004736573635,0.09532719413849713,-0.103729458717822,0.3011086449437475,Accept,0.9509024292789894,0.010866994852609795,0.8735622282123383,1.1304537631439546,168.39451644899387,Accept,Accept,Accept,Accept,0.26099822380791554
-0.1122203467440538,0.9840736626927125,-0.020492881095993332,-0.19937126213237022,0.28352221371409636,Accept,Z3,0.9760773146011325,1.127249210897752,0.15117189629661965,0.8615028531849908,1.2875247402474057,175.27392118943473,-0.020492881095993332,-0.2526038705322707,0.19830546629212714,Accept,1.1272635773338062,0.1511862627326738,0.8500633151086404,1.2558342659951591,191.63783553483455,Accept,Accept,Accept,Accept,0.26113812300866246
0.07143942449216067,1.029789984874864,-0.06778804014989505,-0.2914756792513117,0.13055326809718923,Accept,Z3,0.9894579502513057,1.0848214900922657,0.09536353984095997,0.8779824720258705,1.2095807578628741,147.28511403780035,-0.06778804014989505,-0.25878648504175944,0.11600508305291156,Accept,1.084793023212618,0.09533507296131238,0.8696827274237591,1.1733703819693337,159.2117267737645,Accept,Accept,Accept,Accept,0.07550277068036734
-0.08262299573737265,0.9795850382963905,0.0026878202605128,-0.15705440467449952,0.22718148030406865,Accept,Z3,0.9814537956609521,1.067959658566863,0.08650586290591089,0.9090589086517891,1.207681607729726,139.07581930742035,0.0026878202605128,-0.18079461245887152,0.18157283068705396,Accept,1.0675939840796786,0.08614018841872656,0.8956018950649047,1.1853567496444688,156.73551261454307,Accept,Accept,Accept,Accept,0.2807582828060725
-0.04690158143930586,0.9038605063318447,0.12108180088683322,0.03223749179838027,0.3188849918190805,Reject,Z3,1.0425740300829995,0.9655444975058834,-0.077029532577116,0.9387215276032935,1.2914693564416744,107.22336871049225,0.12108180088683322,-0.01078470490911837,0.2609534371644842,Accept,0.9648275916442467,-0.07774643843875279,0.9298608060859082,1.2705103374053122,121.28891980081484,Reject,Accept,Accept,Accept,0.21910329369289983
-0.032675144253485715,0.9789732948654648,0.007402429449470655,-0.14058662885395315,0.2257435426795644,Accept,Z3,1.0993533627237158,1.0265710549050637,-0.07278230781865197,0.9077284790373793,1.1807665935903395,128.37479569410414,0.007402429449470655,-0.17410552640316557,0.19004141987168072,Accept,1.0264675930813871,-0.07288576964232847,0.9065256026575982,1.1734231040153507,154.4858863014571,Accept,Reject,Accept,Accept,0.06152876138100803
-0.11359150483499841,0.965638922493639,0.08805953068441742,-0.1569078419017288,0.29209826628538105,Accept,Z3,0.974268121240485,0.8336485473756826,-0.14061957386480242,0.8090098325090977,1.1187071845413128,156.3902461169375,0.08805953068441742,-0.11691837915347696,0.29026106863998397,Accept,0.8342022140656596,-0.14006590717482542,0.7905053856550552,1.0760008740826938,164.8808108903353,Accept,Accept,Accept,Accept,0.3218909713539822
0.17424331311039457,1.0522036090932902,-0.1732114669159615,-0.3098050086531704,0.10172557100274655,Accept,Z3,0.904452543896566,1.0589327250665657,0.1544801811699997,0.8072062360767671,1.100256945452272,129.91782545188542,-0.1732114669159615,-0.37136180491688786,0.007333195384024441,Accept,1.0602820367342993,0.15582949283773329,0.7933343443256342,1.0699402778263687,141.04005692565488,Accept,Accept,Accept,Accept,0.04265866703154171
-0.007616536053987091,0.9773248577559603,0.0386933779479855,-0.12519502050485476,0.2143871601535391,Accept,Z3,1.0611663340582487,0.9401567202586618,-0.121009613799587,0.9286392725814469,1.422075737746922,144.2713532404884,0.0386933779479855,-0.12363690863669022,0.2006254313887551,Accept,0.9412436805897848,-0.11992265346846402,0.9172896808228757,1.397035618453256,159.9216803093529,Accept,Accept,Accept,Accept,0.17334535433469667
0.048697587771692974,0.9965364443719702,0.04056918784785962,-0.1621624133454053,0.17472160573088513,Accept,Z3,1.0201197658953116,1.0141027243550875,-0.006017041540224026,0.8557714984067176,1.2261323555622556,129.39343283436705,0.04056918784785962,-0.12087013826817691,0.20691629321441155,Accept,1.0139685446113196,-0.006151221283991978,0.8400590624157982,1.2058377092811996,149.1530953354504,Accept,Accept,Accept,Accept,0.13555669057604108
0.022330900294196,0.9728593087231726,0.017003523062737193,-0.12352322397089203,0.22683662660648132,Accept,Z3,0.9580908195607076,0.9831878632520693,0.02509704369136172,0.8308058444378276,1.2269720431149345,130.63678354867088,0.017003523062737193,-0.13892880421362727,0.1755250303010758,Accept,0.9844940405527911,0.02640322099208349,0.8164100871114441,1.2035506459701737,146.59373274956496,Accept,Reject,Accept,Accept,0.04263920689870575
0.36574502294371464,1.1149543475915122,-0.176104261891605,-0.40395508212501274,0.006857377155259026,Accept,Z3,1.0751870387493536,1.0707677307350751,-0.004419308014278281,0.8250039262343217,1.138706541516072,161.1928990837265,-0.176104261891605,-0.37402815083386937,0.020506762252342714,Accept,1.0704195293165137,-0.004767509432839801,0.8198301555563493,1.107589045078607,177.77897147921217,Accept,Accept,Accept,Accept,0.2661836173864164
0.006990807813798126,0.9899924913121954,-0.03810149731379449,-0.22566433185871615,0.2594995907476063,Accept,Z3,0.9666567807610548,0.9313070260639839,-0.035349754697070884,0.7697722317182066,0.9429287287361242,148.61540262493418,-0.03810149731379449,-0.2622636979612446,0.19534205240130945,Accept,0.9315709973177352,-0.035085783443319626,0.7542653003711475,0.9204702534118059,166.4546529125619,Accept,Accept,Accept,Accept,0.04060603540435738
0.16239682789922574,1.0253751122381196,-0.1180041108836532,-0.2712048715232966,0.17573455665357937,Accept,Z3,1.0556716204645473,1.0942342475172833,0.038562627052736075,0.803798264900867,1.0273696620509003,147.88337967073923,-0.1180041108836532,-0.31770156628464735,0.08083397032896167,Accept,1.0948911539510409,0.039219533486493596,0.8017754932787043,0.9896017555340988,158.3251610005447,Accept,Accept,Accept,Accept,0.2801858893380453
-0.07487119621904731,0.9281347303091207,0.08614635508690383,-0.07847761197926399,0.35381738958334596,Accept,Z3,0.9435755967517186,0.7286402425076285,-0.21493535424409022,0.8919029465856627,1.2368634885737149,138.58858084953278,0.08614635508690383,-0.10727705915033874,0.27058828882331376,Accept,0.7276690696209637,-0.21590652713075506,0.8912398745202837,1.202934255675112,150.49171027174478,Accept,Accept,Accept,Accept,0.1604735904107487
0.12370639877247681,1.0234134438681155,-0.0440168738292861,-0.2955528183709638,0.1438322589047264,Accept,Z3,1.0120830631216946,1.1685621496196736,0.15647908649797904,0.9786961696405043,1.401778791400989,161.14820314406572,-0.0440168738292861,-0.24956533132869113,0.17379284323793195,Accept,1.1688557978483913,0.15677273472669676,0.9652894971138825,1.3741397066911907,179.12059319080169,Accept,Accept,Accept,Accept,0.31123373185714986
-0.04215721461537491,1.0340357137827394,-0.045694758916228845,-0.3050696920007506,0.13715525207364643,Accept,Z3,1.0277580191700109,1.2799511897296931,0.2521931705596822,0.8837836863803931,1.1758276735490056,143.45273523173134,-0.045694758916228845,-0.23769051024395135,0.15171788685293816,Accept,1.2795016467837033,0.2517436276136923,0.8621088538523685,1.1369950561737747,153.3500802547446,Accept,Reject,Accept,Accept,0.21648045904835936
0.02542032431494422,1.0098287348296175,-0.0551870985792614,-0.24357327027561548,0.2247595980275377,Accept,Z3,1.0411052685714774,1.1990118511124825,0.15790658254100512,0.8672681683419539,1.1446893605328767,164.49922651625675,-0.0551870985792614,-0.269112283725872,0.1619802901792997,Accept,1.1992731827923448,0.15816791422086757,0.8288886880892014,1.0951898645786298,173.611028573103,Accept,Accept,Accept,Accept,0.17419771798169342
0.20491150381069778,1.0413115760309772,-0.05113412738830151,-0.3109389449908976,0.14442680676344596,Accept,Z3,0.9431453831337356,0.9855672933190744,0.04242191018533873,0.8579585530755502,1.246112927698129,156.41025105682442,-0.05113412738830151,-0.2388129739365134,0.16714615129671825,Accept,0.9856596055885185,0.04251422245478282,0.8496411946948922,1.201337204363993,165.46060451453602,Accept,Accept,Accept,Accept,0.2524305296435762
0.11213057117785469,1.0617016959079488,-0.1133832873271534,-0.2928298954397903,0.06170901658643034,Accept,Z3,0.9928598000976534,1.1620490576973075,0.16918925759965397,0.938282019845192,1.3281863390163249,139.0668257243081,-0.1133832873271534,-0.26220773208118975,0.042285611520689104,Accept,1.1628631117832702,0.1700033116856167,0.9036275399566083,1.2767001695631917,141.65416283057195,Accept,Accept,Accept,Accept,0.2696413480277129
-0.1928995125389713,0.9325893670249956,0.10262447750733746,-0.07043221235098798,0.3515283995129609,Accept,Z3,1.0284465195001538,0.8639921071132086,-0.16445441238694514,0.8683631697413667,1.2369903109853762,167.40075850126658,0.10262447750733746,-0.10156256626484264,0.30097541882212164,Accept,0.8636045372643342,-0.16484198223581967,0.8468502825930402,1.2106640913307636,186.18182147187485,Accept,Accept,Accept,Accept,0.25503014111690675
0.14012565532287988,1.0683774318236765,-0.08220345847904617,-0.34059021342561674,0.06422844443128878,Accept,Z3,0.9053285835691706,1.0861602639014258,0.18083168033225544,0.8626624134994059,1.1574165015957176,150.69031958053765,-0.08220345847904617,-0.2898055066322338,0.11537222938375194,Accept,1.087538184704843,0.1822096011356726,0.8515492595575778,1.1416365422927217,170.40643188985382,Accept,Accept,Accept,Accept,0.30697944434410596
-0.179966761480007,0.9123891172064224,0.12811474857171876,-0.03027730767026255,0.42040949972891306,Accept,Z3,1.0458174552216957,1.1038274596885298,0.0580100044668341,0.8237372019343652,1.0142118681303987,143.16734833560906,0.12811474857171876,-0.1003393531606379,0.3576635337136528,Accept,1.1041953774385265,0.05837792221683062,0.8198930648049544,1.0012918328544338,164.41477015429862,Accept,Accept,Accept,Accept,0.17039916751968767
0.25333265228071605,1.1134323432748439,-0.16490915039221032,-0.36618333990844887,0.016126673676507164,Accept,Z3,1.0281093473449625,0.97028968479991,-0.057819662545052594,0.8252072829185253,1.158328332887905,137.29138973002503,-0.16490915039221032,-0.352908971571925,0.0070894649407936515,Accept,0.9704765801375533,-0.057632767207409265,0.817928112511468,1.1284487325783183,151.8246568089333,Accept,Accept,Accept,Accept,0.285630711905241
-0.07934543681003194,0.9884767696397648,0.013031791746311104,-0.14854104671870305,0.1860221389835034,Accept,Z3,0.9867819989694905,1.0617907938130278,0.07500879484353738,0.8953753777406109,1.2573755592504283,135.60992645190754,0.013031791746311104,-0.14562206334841857,0.16423159762453043,Accept,1.0610396625261784,0.07425766355668788,0.8866782324989583,1.238648823457463,154.02984196982433,Accept,Accept,Accept,Accept,0.35687857814626156
-0.34237230983005174,0.9240220714044438,0.11781013044104825,-0.04698752460860821,0.36079232362536406,Accept,Z3,1.007258033636835,0.9263135994232531,-0.08094443421358215,0.933302267618204,1.3091966832278679,163.3583843479088,0.11781013044104825,-0.0623936569968357,0.3036925130074448,Accept,0.9264220065545609,-0.08083602708227432,0.9290499826429759,1.263178014879732,172.87518746268682,Accept,Accept,Accept,Accept,0.33648069916916024
0.021908472490543025,0.9607205361682146,0.004157095001991811,-0.13301714150009894,0.258605529188733,Accept,Z3,1.0304734919737857,0.8665002942937841,-0.1639731976800016,0.9826613226169271,1.4382317960850375,155.51783124093447,0.004157095001991811,-0.1695170971190153,0.18312253907303644,Accept,0.8667979066529237,-0.163675585320862,0.9740683525063986,1.3916590204275616,163.45985785208907,Accept,Accept,Accept,Accept,0.26963853287139167
0.15455861847879282,1.0309639640363395,-0.02803522897349213,-0.26345088290175406,0.16106442418783465,Accept,Z3,1.0620085985624945,1.0212358969713151,-0.04077270159117947,0.9133617901746114,1.4467704600817237,160.0469567579344,-0.02803522897349213,-0.21784148284377255,0.16167337222374906,Accept,1.0212944788821818,-0.040714119680312695,0.8858931107032472,1.405539187815844,171.64090627545812,Accept,Accept,Accept,Accept,0.3500756592602864
0.08642479115561716,0.9872150169511394,0.00966255985392478,-0.24013687250992155,0.27792943148914323,Accept,Z3,0.9838531032953566,0.9955588649881899,0.011705761692833378,0.8098324341729923,1.0598113073849587,172.96620058357772,0.00966255985392478,-0.2271668375207757,0.2360854713657175,Accept,0.9962648657592967,0.012411762463940178,0.7953224091377256,1.0109738999861828,182.74070228209376,Accept,Accept,Accept,Accept,0.23260753417286242
9.31822398233859e-4,0.9915833516112315,-5.645509735626143e-4,-0.15490496915877022,0.20995233553834602,Accept,Z3,1.016047469325353,1.0701633725744053,0.054115903249052376,0.8947672705333884,1.3071386423320197,136.3282259508467,-5.645509735626143e-4,-0.17840191141612805,0.1852845628174742,Accept,1.0703852485285568,0.05433777920320394,0.8947011308291435,1.3034850709153813,161.17479446768155,Accept,Accept,Accept,Accept,0.2850658455580489
0.010609310200314135,0.9449739497179156,0.08945758225502605,-0.08548937735035186,0.28690455626340117,Accept,Z3,0.979022499402968,1.0989350441804915,0.11991254477752346,0.9165185090106155,1.2030955009833162,141.7146098526258,0.08945758225502605,-0.08558725757891694,0.2723501356306677,Accept,1.097907810454124,0.11888531105115596,0.9056481740709249,1.1815617619200238,158.55173418529657,Accept,Accept,Accept,Accept,0.15462126218272038
-0.11994341873229755,1.0187350955140766,-0.04124889030222561,-0.2414676805727724,0.1908515179699996,Accept,Z3,0.9778726333439653,1.026426702388909,0.04855406904494383,0.9059903214391555,1.217792437661061,153.05871197129085,-0.04124889030222561,-0.24828734522982654,0.15759504261299198,Accept,1.0250324452910198,0.04715981194705444,0.8899929070660422,1.1855802227987755,168.19743058733056,Accept,Accept,Accept,Accept,0.0607339012831109
-0.12213646777311289,0.9379800817475747,0.08851752813321352,-0.02772889097321107,0.30977834913262275,Accept,Z3,1.0112080027408799,1.002586917104879,-0.008621085636001042,0.9098634584977505,1.4028447981109085,141.96859202718898,0.08851752813321352,-0.0669911267269361,0.2409607015864365,Accept,1.0027514581518744,-0.008456544589005539,0.9028412528055654,1.3696787432949955,153.63758982418477,Accept,Accept,Accept,Reject,0.36896399597448654
-0.07282011751170868,0.9961501230245425,0.09973514944159506,-0.19362042415789937,0.19662655146545477,Accept,Z3,1.0309487554034305,0.9612493130459299,-0.06969944235750053,1.035189521958375,1.5566600477501658,166.80603895278634,0.09973514944159506,-0.0710719658432915,0.2728856531684045,Accept,0.9606637452739465,-0.0702850101294839,1.0098365870228767,1.5157202936466496,179.28804879387022,Accept,Accept,Accept,Accept,0.35350816874103164
0.042738353931822556,1.0148722373301355,-0.05019922974387809,-0.20662160549323078,0.1436024140731776,Accept,Z3,0.9885268175171594,0.9396893438431081,-0.04883747367405139,1.0194200833739608,1.5017472698491223,133.84310416592854,-0.05019922974387809,-0.20852739510072577,0.1148634844533918,Accept,0.9404950258432151,-0.04803179167394438,1.0180712693122405,1.472415884251463,146.4642567917155,Accept,Reject,Reject,Accept,0.2946860293250034
-0.1331722494881771,0.928007751304428,0.14722050150225843,-0.011169575899684467,0.3273568704523244,Accept,Z3,0.9633145033334244,0.8388862974547016,-0.12442820587872286,0.9852124250187735,1.5594038621950208,144.1161481555774,0.14722050150225843,-0.010094931871631685,0.29769386235418455,Accept,0.8395188989911554,-0.12379560434226904,0.9549546913642629,1.5185882646316013,150.03402024044846,Accept,Accept,Accept,Accept,0.05738850408764799
0.0710301658364251,1.105009584094849,-0.13056236046586767,-0.42220210730991364,-0.0026103950497372436,Reject,Z3,1.0114584199279013,1.0043261961367609,-0.007132223791140223,0.831353946349353,1.1283217299065458,157.51010315843934,-0.13056236046586767,-0.31709972853109036,0.05318780430018333,Accept,1.0032803094138116,-0.00817811051408962,0.8048163425709564,1.0782542552728633,164.1554797863447,Reject,Accept,Accept,Accept,0.24180925773041495
-0.0976749743556699,1.0458150043663206,-0.05718003384721173,-0.29676911903916736,0.17175329487147217,Accept,Z3,1.0407398124094829,1.127091603764675,0.0863517913551921,0.841529997359647,1.0649066402344334,158.0471096966376,-0.05718003384721173,-0.2849978635371897,0.16299381943449476,Accept,1.127806440358743,0.08706662794926011,0.8362223869279845,1.0373748482403793,175.22574079744814,Accept,Accept,Accept,Accept,0.17373587575682092
-0.20421423631460336,0.929664045165876,0.07230148567612807,-0.06551053987190825,0.32707240008971344,Accept,Z3,0.9346064779312794,0.8409616926567152,-0.0936447852745642,0.8861065471776536,1.2179944881644875,149.02173897497738,0.07230148567612807,-0.11617032512307739,0.25563387047122216,Accept,0.8405266344591543,-0.09407984347212509,0.8655126669860315,1.1929003737047812,165.5983333517141,Accept,Accept,Accept,Accept,0.05886625849197056
0.022389860230096505,1.0414960888254563,-0.11800593759854257,-0.3191083351727089,0.12624339329823347,Accept,Z3,1.0392550889373227,1.0772331147563896,0.037978025819066924,0.9677736182873109,1.466309713902772,180.68180083743604,-0.11800593759854257,-0.33591703815266016,0.10458800083150546,Accept,1.0784531744544794,0.03919808551715681,0.9557028119134618,1.4521904094184415,206.39879585923515,Accept,Accept,Accept,Accept,0.15994740901286972
0.013036564554574515,1.0158205131574454,0.02356417471740602,-0.23899484914612606,0.17166845207893555,Accept,Z3,0.9390072309074894,0.8293636908676899,-0.10964354003979954,0.8973133966096579,1.2227739542693912,155.13748665308026,0.02356417471740602,-0.1550303738496953,0.2062505067198644,Accept,0.8297149289735438,-0.10929230193394555,0.8700656796204314,1.1766129508267265,165.54400459945083,Accept,Accept,Accept,Accept,0.11530119724182915
-0.08053930507694898,1.0333346801929497,-0.01903869097603885,-0.31528861427052834,0.1392619247198396,Accept,Z3,1.012804141787786,1.033054365240321,0.02025022345253505,0.8996510465721578,1.2596094080516174,173.7484000837214,-0.01903869097603885,-0.23014398977519812,0.19448923944617483,Accept,1.0339326474821495,0.02112850569436355,0.8841402866531217,1.2263152780094055,189.5320333460675,Accept,Accept,Accept,Accept,0.13312968552630441
0.20420261806909265,0.9692115842240703,0.08356471826415811,-0.11555757206317321,0.25587206784178335,Accept,Z3,1.0023720793647524,1.0043247685265795,0.0019526891618268849,0.9460751779111384,1.3383893319877396,164.70878230455492,0.08356471826415811,-0.0885227288698367,0.26843672877664454,Accept,1.0045327062814486,0.0021606269166961267,0.9321657615799058,1.3178893795610276,184.76925373801382,Accept,Accept,Accept,Accept,0.1623643999584166
0.0930504164710847,1.0568785145224944,-0.09901270962562723,-0.36872384294977334,0.10311853181410757,Accept,Z3,0.9938776568711698,0.9165958258349286,-0.07728183103624112,0.7976128844014806,0.957558546013721,141.80720785022757,-0.09901270962562723,-0.31267159710435144,0.1262191578209608,Accept,0.9171413601254711,-0.07673629674569868,0.773615532454441,0.9294184801450082,157.75625828245649,Accept,Accept,Accept,Accept,0.27990024376214107
0.01911419483114794,0.9671098698311896,0.013946517920746412,-0.13716701641908485,0.2832171887160203,Accept,Z3,0.9894792490040721,1.0039768638022963,0.014497614798224099,0.8668469873200496,1.0894547330832671,148.45285507147398,0.013946517920746412,-0.18464609092650414,0.21315023673316513,Accept,1.0030855374417018,0.013606288437629788,0.8694871310633975,1.0695524409166794,167.13033760944427,Accept,Accept,Accept,Accept,0.2501985923251275
-0.02151932375540134,0.9479854130089372,0.07178680808386644,-0.05233581756272879,0.3033570612455099,Accept,Z3,0.9577074233868356,0.9216299938450723,-0.03607742954176332,0.9448310503029027,1.3304592979867198,144.2179225275312,0.07178680808386644,-0.0978174920147162,0.23586988107896273,Accept,0.9228714766223733,-0.03483594676446229,0.9317770096733199,1.3071900810743045,160.0633653238255,Accept,Accept,Accept,Accept,0.09865450462401291
-0.045191994107514136,1.0756991051351714,-0.17981597305225444,-0.32936487886011673,0.07273728467669914,Accept,Z3,1.0101654416605623,0.9217539817293777,-0.08841145993118472,0.9154893418237425,1.3781588926613835,168.3201357406737,-0.17981597305225444,-0.360195167120685,-0.011715036615452437,Reject,0.9231937859816072,-0.08697165567895532,0.9267427649793953,1.329111128213338,178.50983102955774,Accept,Accept,Accept,Accept,0.0626683655682125
0.019951515761997614,1.0582576088371196,-0.06901173050375684,-0.30217923856210527,0.10239658579402122,Accept,Z3,1.008777254275098,1.0873990044795752,0.0786217502044772,0.8536980438443339,1.1770532352608674,154.75283360043727,-0.06901173050375684,-0.2624825127762319,0.12422627527611689,Accept,1.0864355441240718,0.07765828984897401,0.8518880074101471,1.14285545358292,167.92278610405734,Accept,Accept,Accept,Accept,0.24767075178896314
0.11621445890440163,1.0144863144785865,-0.03458978539778725,-0.19141651592193618,0.13581885286916667,Accept,Z3,0.9759824153623669,1.0135605216048176,0.03757810624245081,0.9246499554507527,1.365099491989897,130.7654791575996,-0.03458978539778725,-0.19264997740003284,0.11742924196300084,Accept,1.0135303525934591,0.03754793723109224,0.9250214262849091,1.353295502470061,153.89221236469984,Accept,Accept,Accept,Accept,0.3647853570815083
-0.25501442158965343,0.9024127100396716,0.17531226082315043,-0.005133702471627533,0.37561043096961366,Accept,Z3,0.9939947471925268,1.0833594349798892,0.08936468778736235,0.9651963073167835,1.4078514396770065,157.52802004762972,0.17531226082315043,-0.008853661137181112,0.35498208039593526,Accept,1.083273584481811,0.08927883728928415,0.9486774164148319,1.383418949090782,175.6269074626387,Reject,Accept,Accept,Accept,0.3141805156011217
-0.13449585641829487,0.9948858938202757,0.04913101699361496,-0.13897858486381418,0.19850638181564306,Accept,Z3,1.0147076157986448,1.2184112009183738,0.20370358511972914,0.9288340090506085,1.358504595338014,131.6391078213828,0.04913101699361496,-0.11595403515664335,0.21151354625549865,Accept,1.2179549707466892,0.2032473549480445,0.928661144196028,1.3379095942764443,149.57547541565305,Accept,Reject,Accept,Accept,0.3264394278872665
0.00991378876876802,1.0479869270228386,-0.028436460277823275,-0.2898803333692158,0.1360624610849026,Accept,Z3,1.0264959581375752,0.9176672988987256,-0.10882865923884967,0.7782854746228474,1.0661255115687929,137.16701281064408,-0.028436460277823275,-0.20727912803738924,0.17366998907299525,Accept,0.917400439766035,-0.10909551837154019,0.7828489685387988,1.0230098545961304,142.57081947967473,Accept,Accept,Accept,Accept,0.1728334597977693
-0.12515373756781611,1.0232554819803463,-0.004351078725997758,-0.2502507677158673,0.17899005388754832,Accept,Z3,0.9895416161888625,1.0755170130245555,0.08597539683569304,0.9868348693733086,1.4594596342454593,165.90005077174249,-0.004351078725997758,-0.18182734623438981,0.18008226275931757,Accept,1.0749390031404602,0.08539738695159764,0.9346300369223431,1.3967550148748802,169.9247153395241,Accept,Accept,Accept,Accept,0.18675237057497862
0.144514400470119,1.0572920456042232,-0.06412312496318985,-0.3910352175990322,0.11350692744865248,Accept,Z3,1.0302344082085086,0.8621427426306301,-0.1680916655778786,0.8633528983275742,1.1827518510976027,157.920598743432,-0.06412312496318985,-0.28464219060096474,0.1695531062355471,Accept,0.8623114153467624,-0.16792299286174625,0.8378507202991553,1.1506360556625481,171.0317497509831,Accept,Accept,Accept,Accept,0.12156863937911383
-0.016755784073021793,0.9236559454763125,0.13286182973255542,-0.09851400716445108,0.3813974095521664,Accept,Z3,0.984552954417851,1.0742004050106215,0.08964745059277066,0.9380737774850262,1.2902196103096966,179.7359906155864,0.13286182973255542,-0.09808348191573489,0.3612378277593687,Accept,1.0753055208540436,0.09075256643619266,0.9428341799248277,1.2557207270139386,196.77610478921588,Accept,Accept,Accept,Accept,0.35949193402254803
0.06365112761601492,1.0342027157642768,0.06732949839930143,-0.27311758165907996,0.1406214909921848,Accept,Z3,1.0069528730227053,1.2491673044177949,0.24221443139508966,0.9141227956624312,1.3335586887456248,147.8420471087601,0.06732949839930143,-0.1210073285672089,0.257173163513286,Accept,1.249337029301414,0.24238415627870882,0.8947034686622162,1.3010434353461309,160.84315756600742,Accept,Accept,Accept,Accept,0.27164988007579133
0.10223768102313702,1.0092205703004673,-0.013391628932516154,-0.2063084034855711,0.2007216115249151,Accept,Z3,0.9355654907818072,0.8697278391040164,-0.0658376516777907,0.8750768295589206,1.2052950511817766,155.10737805829532,-0.013391628932516154,-0.19937839973283333,0.17070556423620503,Accept,0.8708614684806419,-0.06470402230116529,0.8469744417474848,1.1537459525331981,161.2505207442567,Accept,Accept,Accept,Accept,0.26733969846767797
0.07253054685742732,0.9536719340393173,0.05824100619927391,-0.10277532494593235,0.2532916457094716,Accept,Z3,0.9794640280821766,1.0346752138610045,0.05521118577882786,0.8348238006069755,1.0840075402287934,135.03797009542384,0.05824100619927391,-0.1078727330156046,0.2263590537584218,Accept,1.033742029918548,0.054278001836371416,0.8282397578482474,1.062322089062401,152.21869502242217,Accept,Accept,Accept,Accept,0.17031649181300923
-0.08203445459889873,0.9614700764068519,0.04590747064091194,-0.11942857380099721,0.31378425227585766,Accept,Z3,1.0707533943863816,1.0374542672197817,-0.033299127166599794,0.8717189083656455,1.1702191849984525,145.13959374419554,0.04590747064091194,-0.15517991656885652,0.24963385196921195,Accept,1.0372114777137411,-0.03354191667264047,0.8634746443105235,1.1375046096320187,158.69109204764632,Accept,Accept,Accept,Accept,0.3166244201080327
-0.14289808397747258,0.9922691616703538,-0.07780044601102465,-0.2786126887693374,0.17487165618353473,Accept,Z3,1.0325703066957657,1.0585301951752872,0.025959888479521416,0.7954699180899322,0.9906578097227235,136.900129013859,-0.07780044601102465,-0.283985147142348,0.14401934141859904,Accept,1.0581707174258501,0.025600410730084303,0.797572576032936,0.967021275381679,154.54498291323495,Accept,Reject,Reject,Accept,0.2494704434541199
-0.007069327384976028,1.0100203515574695,0.013172032685099934,-0.2391648217495333,0.20520461012485552,Accept,Z3,0.9803994883345081,0.9872023369840477,0.006802848649539521,0.858777811725252,1.2860278650310177,157.6795567211208,0.013172032685099934,-0.19643575330270252,0.20735821433753035,Accept,0.9870130523601451,0.006613564025637049,0.8469229716039268,1.25051838217786,170.37976913010834,Accept,Accept,Accept,Accept,0.14394655815424923
0.14180665934832193,1.0927639051044993,-0.12501193549710884,-0.4173959479781223,0.07899880421226053,Accept,Z3,1.0018175429079939,1.0027368615408827,9.193186328888348e-4,0.8477330619904638,1.1790064887660174,168.14000184994416,-0.12501193549710884,-0.33935849179536387,0.07745130161361959,Accept,1.0010953714882231,-7.221714197706802e-4,0.8295871131295359,1.143920834838295,182.60289297549795,Accept,Accept,Accept,Accept,0.10624358886911721
-0.08502055440465837,0.9606927690391843,-0.02511438941138772,-0.12011866490833578,0.36391183109346503,Accept,Z3,1.0216677699748422,1.2914495479840369,0.2697817780091947,0.8810544360785448,1.3536264090610113,172.0942358149255,-0.02511438941138772,-0.23331895467110578,0.18937033739783124,Accept,1.292393040406097,0.27072527043125466,0.8669512765542273,1.3131437594176096,185.43371032776534,Accept,Accept,Accept,Accept,0.22217697407914264
-0.005914873585976318,0.974343279334267,0.04576154619986582,-0.13355385774306186,0.23881177097704342,Accept,Z3,0.9548760758395514,0.995932676738293,0.041056600898741635,0.986021450270333,1.4356101912280044,134.3434401264155,0.04576154619986582,-0.12038993627281688,0.21466012856024091,Accept,0.9960168816079077,0.04114080576835633,0.9863898156226528,1.4097752315507677,151.38395319905123,Accept,Accept,Accept,Accept,0.18569790011517956
-0.018117118017988737,1.014680687871671,0.003426972040611691,-0.28161507861028057,0.19082520829500943,Accept,Z3,0.9259408357134489,0.986414720963454,0.06047388525000512,0.8812097328546493,1.1897876139064045,156.49133617571133,0.003426972040611691,-0.22786831077707365,0.23899216890469363,Accept,0.9874383447340302,0.06149750902058144,0.873150988116828,1.1757504165489303,178.8141058652061,Accept,Accept,Accept,Accept,0.20281265652118077
0.002771763790037195,1.0161436012475593,-0.015731568347801192,-0.2652693785378655,0.18837758370375984,Accept,Z3,1.0594804957372514,1.137418234776015,0.07793773903876364,0.8492352460483689,1.1707995138799265,156.54564420214885,-0.015731568347801192,-0.233648197424191,0.18271701102270738,Accept,1.1357711404512516,0.07629064471400024,0.8396322340016252,1.1464915436540166,173.94133731565097,Accept,Accept,Accept,Accept,0.0624831187755992
0.012022316836839951,1.047601761423264,-0.08672282044612754,-0.27491451587361115,0.12058861818868113,Accept,Z3,0.9425336199043215,0.9902469173260073,0.0477132974216857,0.7990334905593898,0.9891463439319915,128.08075063460097,-0.08672282044612754,-0.27122270397966264,0.08615460177162856,Accept,0.9902016281323067,0.047668008227985184,0.7735694598086765,0.9653271758987068,142.97295775582282,Accept,Accept,Accept,Accept,0.1074779559128048
0.12322091030876538,1.0518949891381622,-0.13260327420017778,-0.3759337323874604,0.15666019053750452,Accept,Z3,1.0534220449228608,1.0578458616742852,0.004423816751424125,0.8116277381288394,1.1171900389086293,175.8911201021269,-0.13260327420017778,-0.3682470114759647,0.09247744087534414,Accept,1.0594117538582961,0.005989708935435189,0.8139544903221011,1.07000452927926,187.16665007983437,Accept,Accept,Accept,Accept,0.4223787573058032
0.20739838412873157,1.0042669246079072,0.03846064605315975,-0.18609615593896453,0.20873068302887232,Accept,Z3,1.056300917035226,1.08408391457492,0.027782997539693762,0.8756506327986423,1.134141332777158,141.5275139355291,0.03846064605315975,-0.14359892772184393,0.21298331652644617,Accept,1.0845012061709904,0.028200289135764417,0.865004075706508,1.0966180224353586,151.74630618550893,Accept,Accept,Accept,Accept,0.256514711899211
-0.17481289629211194,0.9806412249486269,0.09109749377109397,-0.11794521570247236,0.24991030302593542,Accept,Z3,1.0240856565281486,0.9308945897611219,-0.09319106676702668,0.9314672543217835,1.3037943903675475,148.4048073476726,0.09109749377109397,-0.0809519753539069,0.26667922107491876,Accept,0.9302408592044107,-0.09384479732373788,0.9209081166802173,1.2744088271162928,163.36956892162124,Accept,Accept,Accept,Accept,0.3178353731538981
0.26486952173465667,1.0791134270925502,-0.16352656743071936,-0.29683721589311696,-0.0029989902375240386,Reject,Z3,1.0109422440859883,1.1866843601599408,0.17574211607395265,1.0369264327719627,1.6678561571471422,131.07078455872468,-0.16352656743071936,-0.29918974156504446,-0.03640620011693348,Reject,1.1869941110548516,0.17605186696886332,1.0214299073258575,1.626175605207573,137.6634385667304,Reject,Accept,Accept,Accept,0.32856952668564243
-0.10199702701362814,0.9895411023526935,0.008949219984818206,-0.2071766088190606,0.20283865916053767,Accept,Z3,0.9899826849089233,0.9541017928088118,-0.03588089210011146,0.99853858081082425,1.5020937992278887,169.22563060731278,0.008949219984818206,-0.17485128395854435,0.198166911690785,Accept,0.9533785777024897,-0.036604107206433575,0.9821377404105505,1.465456056086942,184.58723870064097,Accept,Accept,Accept,Accept,0.13935253633299333
0.11304930123184379,1.0019427909763683,-0.009063976788063524,-0.17655125359298474,0.16296074537413913,Accept,Z3,1.1034339948940934,1.1712745530192699,0.06784055812517639,0.8808634043770117,1.1956807042791504,119.39476486622748,-0.009063976788063524,-0.16400269914350554,0.16258450016637765,Accept,1.1713854111550983,0.06795141626100488,0.8753831249198478,1.1826413597046335,137.23234629422262,Accept,Accept,Accept,Accept,0.21905353285551138
0.12741256595894102,1.015596473380792,0.034780766003639836,-0.23201327624283663,0.14851348832182842,Accept,Z3,0.9896562450118843,1.1565332080355502,0.16687696302366598,0.9045280234351766,1.3307833263726496,154.6920464905857,0.034780766003639836,-0.1365373264650277,0.20384973191005573,Accept,1.1562507664634365,0.1665945214515522,0.8995433918608015,1.2727907373253593,156.373179763873,Accept,Accept,Accept,Reject,0.3802753130096285
0.06450764001306787,0.9502424211066324,0.08404416366165167,-0.09880074191552302,0.27760272430077554,Accept,Z3,1.0633849737820191,1.0024445637732118,-0.06094041000880741,0.9111267871996227,1.317730613834417,148.25689668698064,0.08404416366165167,-0.08101857955111355,0.25820142243775485,Accept,1.0014950019350315,-0.061889971846987614,0.9072850221739363,1.2907478639075232,165.22140889180912,Accept,Accept,Accept,Accept,0.2934753734581542
-0.09922501909455313,1.0251396371525963,-0.029177832589808127,-0.2506774598487344,0.1425854193708716,Accept,Z3,0.9218615522011324,1.0561717140199145,0.13431016181878205,0.7712758062010829,1.0005969531151273,135.65475679204584,-0.029177832589808127,-0.212746954128869,0.1459546453263843,Accept,1.0565732903516103,0.1347117381504779,0.7704561398308977,0.97976538546157,152.75048378701834,Accept,Accept,Accept,Accept,0.2695421477421963
-0.17391668704258784,0.9152481325699842,0.10349747160984471,-0.03148607327866271,0.40601750774142487,Accept,Z3,1.0173511107913027,0.9656710809128346,-0.0516800298784681,0.8880914758806192,1.3264330547559822,162.9740085921538,0.10349747160984471,-0.0855934208252,0.2958557282738099,Accept,0.9670063014032609,-0.05034480938804171,0.864078496841404,1.2644790903776382,165.98587495125386,Accept,Accept,Accept,Accept,0.31670286821456345
0.004832678997767617,0.9481048993825326,0.09851791969266344,-0.08920645365071195,0.3498404873736505,Accept,Z3,1.0084558368187169,1.0071585070393008,-0.0012973297794158845,0.8937268819594693,1.1823924922987405,154.94061403851327,0.09851791969266344,-0.10378970190601197,0.2966010547676564,Accept,1.0070145277408338,-0.0014413090778831355,0.856436339268576,1.1363428935468267,162.7064850797905,Accept,Accept,Accept,Accept,0.1552816552926246
0.1281523181742154,0.9890186635880325,0.00703828978912326,-0.1644158698034544,0.21189104367453895,Accept,Z3,0.8927746114524647,0.7450348268250864,-0.14773978462737836,0.9711567264910329,1.3767439670118515,155.92706925764847,0.00703828978912326,-0.1696717422249571,0.18867828061943578,Accept,0.7449758849735071,-0.1477987264789576,0.946876734277135,1.3510396346146265,173.99922638208974,Accept,Accept,Accept,Accept,0.12446373620445242
-0.2582953132374081,0.9478161823973741,0.07881653633627098,-0.07799213834375573,0.31382137754712497,Accept,Z3,1.0161239772433792,1.021674930263992,0.005550953020612748,0.9328833754321748,1.3261608573585053,153.48760188342288,0.07881653633627098,-0.10400285145576185,0.2701744381322222,Accept,1.0220290226534532,0.0059050454100739395,0.9256470752861752,1.3019561690106909,171.0003933328936,Accept,Accept,Accept,Accept,0.21397649013870926
0.033839890926029036,0.9382119252712089,0.15568081438659803,-0.12602364958294024,0.35889937828205015,Accept,Z3,1.0082373401385596,1.1927817001300063,0.18454435999144675,0.9249909745785055,1.2643296179758734,174.73849593080726,0.15568081438659803,-0.050546193023965694,0.3831501481892805,Accept,1.1926697162223996,0.18443237608384005,0.9162750259395573,1.2149463397723084,184.96873915168845,Accept,Accept,Accept,Accept,0.19658537141520252
-0.09525785817709302,1.0011405431495435,0.009846306785470637,-0.20879611838994702,0.20521572951363987,Accept,Z3,1.0784133664790856,1.1572926349728407,0.07887926849375519,0.8783077586495573,1.2268951157106138,140.24439583323772,0.009846306785470637,-0.17138618082037158,0.19704232841669553,Accept,1.1567177731500207,0.0783044066709351,0.8677471514094015,1.201777306209769,156.4258529291433,Accept,Accept,Accept,Accept,0.18898283453901793
-0.028149320715579098,0.9703151163745974,0.06157070377315688,-0.13327700857060218,0.3409222666354939,Accept,Z3,0.9634429041518544,0.9103461937604503,-0.053096710391404116,0.8638568922827139,1.1583814703626636,149.81682651499844,0.06157070377315688,-0.14534026413190443,0.2715193054705346,Accept,0.9117184276548888,-0.051724476496965606,0.8575653375939909,1.1244345402939198,162.87356420627705,Accept,Accept,Accept,Accept,0.03648810365007229
0.12153743978865042,1.0409610150832542,-0.0781205846987847,-0.3071277055852098,0.10627853674627831,Accept,Z3,1.042533143991884,1.0709404331665813,0.02840728917469738,0.8569545558958575,1.201952483445324,155.8449581911713,-0.0781205846987847,-0.25434290030221623,0.11511523480527662,Accept,1.0699562575573558,0.027423113565471734,0.8471139950534899,1.1555966436110108,163.88766358961678,Accept,Accept,Accept,Accept,0.05249858575533413
-0.17811938223640478,0.9684868506269576,0.047978839066756075,-0.13907788555911238,0.28187259504427037,Accept,Z3,1.000299186891141,0.9671523279360384,-0.03314685895510263,0.9021256624948262,1.2891844284191718,155.16013569260548,0.047978839066756075,-0.1379355657887708,0.22202242499200744,Accept,0.9675957853635846,-0.03270340152755643,0.8718764741233694,1.2373336151716245,161.2750681435374,Accept,Accept,Accept,Reject,0.38895772281066476
-0.09503298552980595,0.996939055616556,0.015877002600580614,-0.2211923094562564,0.25397560070713115,Accept,Z3,0.9653709654857201,0.9027626677103006,-0.0626082977754196,0.8871839164456435,1.1891855176560842,162.0158237302493,0.015877002600580614,-0.19674349158158555,0.23068086907095492,Accept,0.9023494436680706,-0.06302152181764961,0.8802482393772606,1.153148771182306,177.14546117222116,Accept,Accept,Accept,Accept,0.3966645113359161
0.06516996905668787,1.0848583700178303,-0.15994910430084308,-0.32894280671755854,-5.326315717057717e-4,Reject,Z3,0.973732635735002,1.1306820631343673,0.15694942739936527,0.885132147512659,1.1508124628308136,112.37235926316656,-0.15994910430084308,-0.31058110249827175,-0.004979232358954762,Reject,1.1302936755670014,0.1565610398319995,0.860699763885823,1.1177821416305802,117.04046863719628,Accept,Accept,Accept,Accept,0.09674033062967442
-0.2191954461891635,0.9307562324558272,0.090572915174496,-0.07285801439673233,0.3563011017918032,Accept,Z3,1.0014250894943029,1.0715890343422958,0.0701639448479929,0.8876428584850611,1.277054176777047,175.14110718442632,0.090572915174496,-0.11994793768427083,0.293176893786127,Accept,1.0722140221867937,0.07078893269249086,0.8748829931013016,1.2527273697040715,192.72186429878388,Accept,Accept,Accept,Accept,0.3656927035591128
-0.1498871950856388,0.9301957492039419,0.06990545998902932,-0.06264640279787032,0.30830938342193026,Accept,Z3,0.9815613610364567,0.8938759997125034,-0.08768536132395335,0.9302388151355762,1.3550740207341314,156.98981293876292,0.06990545998902932,-0.0961197688588599,0.23732850346777157,Accept,0.8944003294922359,-0.08716103154422089,0.9124306175182132,1.2994747908745472,162.8573930466204,Accept,Accept,Accept,Accept,0.23606876915749603
0.11440870287457809,0.995539551607754,-0.02027560409833695,-0.20161534568177447,0.18445358637748643,Accept,Z3,0.9920262745261214,1.0145773662675628,0.022551091741441372,0.9184544358397982,1.298634880491693,150.76856212026726,-0.02027560409833695,-0.2067911884558885,0.1642593255134115,Accept,1.015687469465899,0.023661194939777797,0.9095656106190618,1.266117246652552,165.04738213805237,Accept,Accept,Accept,Accept,0.14169907020658837
0.023877475570930083,1.0054166615878253,-0.02212724348318244,-0.1930119932085961,0.16122370963264332,Accept,Z3,1.0263006394049194,0.9751950221390677,-0.05110561726585181,0.9274001568597287,1.2923141532784,140.6729333369798,-0.02212724348318244,-0.18031054511985575,0.14230063359923084,Accept,0.9756760606680778,-0.05062457873684172,0.9132646282869858,1.2648246644389995,155.58950897921045,Accept,Accept,Accept,Accept,0.22640883840211593
-0.17891597532068595,0.9897695215805912,0.04422152914131864,-0.16494945161463118,0.23586453639076221,Accept,Z3,0.8578318307058115,0.8033219848906472,-0.0545098458151642,0.8578763805468754,1.1581000677710158,136.39078499069245,0.04422152914131864,-0.13874924681334727,0.2473719058799531,Accept,0.8042425365903467,-0.05358929411546479,0.8505274994392926,1.1437827636963898,157.35234460270047,Accept,Accept,Accept,Accept,0.1818017166454902
0.014331636221265723,1.0410428889167864,-0.03572713955385713,-0.27931859416525057,0.14432928291234576,Accept,Z3,1.0720236462464108,0.8598699007786601,-0.21215374546775068,0.8447704863684852,1.249348966263709,166.64080598914174,-0.03572713955385713,-0.2190640708093162,0.15745455986286566,Accept,0.8595919376655656,-0.21243170858084517,0.8113399713871384,1.1986977625819526,177.15830913363453,Accept,Accept,Accept,Accept,0.04208879126347867
0.06280439984670713,0.9952311240879068,0.00424868069322932,-0.16786140245617387,0.202969261941776,Accept,Z3,0.9431332281114232,0.9405567687394171,-0.002576459372006107,0.8837279764195283,1.2200488498781932,134.75065573403032,0.00424868069322932,-0.15354734171121598,0.16472121487230232,Accept,0.9404842341183172,-0.002648993993105999,0.8691610345940138,1.173066279802591,137.40551341458377,Accept,Accept,Accept,Accept,0.1576018285125864
0.13099853874832892,1.0295038104128986,-0.02208926777999252,-0.2400791497374935,0.15585430283700336,Accept,Z3,0.9625018131931202,0.7828969350983088,-0.1796048780948114,0.9033916954733912,1.3234623158384047,149.06159862868256,-0.02208926777999252,-0.20534797976285848,0.1670693419665544,Accept,0.7826814587190145,-0.17982035447410574,0.8917871171148793,1.304358246332084,167.44007666337953,Accept,Reject,Accept,Accept,0.25829154843272684
0.27627276080849117,1.032702625202695,-0.0478579724256983,-0.2615372557780538,0.1878618601491311,Accept,Z3,0.9395362711279546,0.9740845146579739,0.034548243530019285,0.9750854987479294,1.4216391678669293,170.62632121827139,-0.0478579724256983,-0.23888998788387059,0.14405172424035462,Accept,0.974744101660515,0.03520783053256039,0.9386402794735311,1.3626678861172559,177.2651738844153,Accept,Accept,Accept,Accept,0.2320750960528474
0.029207646883459358,0.954674869826958,0.08514074769710853,-0.11905301112771842,0.2790578822461471,Accept,Z3,0.9995240951873559,1.0724841627552322,0.07296006756787639,0.9229237894964659,1.3984168175538358,163.14500072748004,0.08514074769710853,-0.09774783211550067,0.26779918497327837,Accept,1.072888417768001,0.07336432258064501,0.9101888471583247,1.3625425485550025,178.2224962040508,Accept,Accept,Accept,Accept,0.37918398177569795
-0.18467139939668656,0.948778403420922,0.15117234631469795,-0.08029726829611201,0.28895245539692216,Accept,Z3,0.97752787685249,1.1243505246064098,0.14682264775391976,1.0161854603328027,1.509497625225065,164.00895768098,0.15117234631469795,-0.01904106286017941,0.33024138615233206,Accept,1.1228412438721833,0.14531336701969338,1.003083834311744,1.4793853758277717,179.64729128985573,Accept,Reject,Accept,Accept,0.3445240933801423
-0.06697524771849936,0.9869981801705707,-0.015074003640717471,-0.21890714553998492,0.24207812670956982,Accept,Z3,0.8995205448407023,0.8414190940680871,-0.05810145077261525,0.8924421299998093,1.1744626668052558,149.56351087557914,-0.015074003640717471,-0.22119404803104645,0.2132967118582863,Accept,0.8424265804648376,-0.05709396437586462,0.8740793844156728,1.1530017349117883,168.9288385169111,Accept,Accept,Accept,Accept,0.23334892073916172
0.05521596483405805,1.017956992783881,-0.03406762560831624,-0.22788476489774723,0.16658114922008796,Accept,Z3,0.9438526464926055,0.9565897299753897,0.012737083482784182,0.9805896572420568,1.522992417696592,175.52983778909882,-0.03406762560831624,-0.21519856389108638,0.15219733433716978,Accept,0.9558279925707984,0.011975346078192952,0.9713874277294746,1.489721948157723,193.36140134929613,Accept,Accept,Accept,Accept,0.416039610911965
0.09431990428891146,1.0315501382306458,-0.08668041053299139,-0.2665609557785251,0.1455968288452683,Accept,Z3,0.9335853308158109,1.0137142780695212,0.0801289472537104,0.8191774187104679,1.1348070862336557,141.74840206893757,-0.08668041053299139,-0.27610152385879183,0.09454331236058362,Accept,1.013314389092607,0.07972905827679616,0.7870117447898801,1.0991115459433303,153.5362235558102,Accept,Accept,Accept,Accept,0.18436262949715246
-0.1791601672349221,0.9018002986757445,0.1695398622395233,-0.014689156697849107,0.4007013446090361,Accept,Z3,0.9977071355731674,0.9841146800656831,-0.01359245550748423,0.8052344875513434,1.0213160163134245,133.26276034691185,0.1695398622395233,-0.024552911518660896,0.37300824298228086,Accept,0.983994787883757,-0.013712347689410265,0.7971619026126052,1.0045802387836036,152.72666719902313,Accept,Accept,Accept,Accept,0.23102407525014246
-0.05245258531830983,0.9612939650245939,0.035264894901067476,-0.10560817573959191,0.2570684144566591,Accept,Z3,0.95923924306781,0.942273975379733,-0.01696526768807708,0.9236884362767165,1.387492293920541,153.7382185315426,0.035264894901067476,-0.13641237534448297,0.19770628749587157,Accept,0.9422039842288553,-0.01703525883895474,0.9166785445002339,1.3468281587857929,164.02852943338405,Accept,Accept,Accept,Accept,0.28694071190907305
-0.03772137224736901,0.956166866918915,0.06833897213820336,-0.07895902396959625,0.27682689017681034,Accept,Z3,0.9206961083799352,1.0064193542561117,0.08572324587617661,0.9355902136304804,1.4815380152318078,143.33960306728815,0.06833897213820336,-0.0969080564030679,0.24169476739120266,Accept,1.006496039975622,0.08579993159568669,0.9449307392491956,1.4669678372514625,164.628142944179,Accept,Accept,Accept,Accept,0.4883212429639506
0.026275411438043732,1.0337263143236115,-0.07055203863861718,-0.2812995828520246,0.1493861697525109,Accept,Z3,0.9814919078562125,0.9757558700301578,-0.0057360378260546754,0.8138227964942826,1.1011063054853718,132.3665489418663,-0.07055203863861718,-0.26493647692136185,0.11783945318804173,Accept,0.9765263923077648,-0.00496551554844772,0.8108216571632508,1.0679243822735258,142.31278899556017,Accept,Accept,Accept,Reject,0.31840350778049775
-0.054901999084580586,0.9528638633749802,0.03597670585168568,-0.09384151526889654,0.30465830664325044,Accept,Z3,1.038624625588141,1.1890364268088156,0.15041180122067463,0.8985512571204025,1.246342630377514,146.45703838094616,0.03597670585168568,-0.14712961201963778,0.21014350939043808,Accept,1.1890232084710886,0.1503985828829476,0.8890349998879798,1.1992664236330244,153.04785424580544,Accept,Accept,Accept,Accept,0.1848914464806745
0.08039439670892827,1.1077042344304453,-0.1690411238906953,-0.39598936672750856,0.06725710914577647,Accept,Z3,0.9355819567444384,0.8217578285582546,-0.11382412818618397,0.8692259790086577,1.1950150349806348,163.5095390031226,-0.1690411238906953,-0.38719476563605487,0.05585108658457344,Accept,0.8219696654189383,-0.11361229132550012,0.8532908731690344,1.1751921028975614,182.73655070186118,Accept,Accept,Accept,Accept,0.2015495101209022
-0.06333390329366281,0.9852693460259256,0.04640257892433847,-0.18820197480065917,0.2218046533174124,Accept,Z3,0.9688602315314487,1.129542754922515,0.16068252339106628,0.8284522804098243,1.1185322400325726,142.60327832244872,0.04640257892433847,-0.13812281166366366,0.22725910314946499,Accept,1.129097320732932,0.16023708920148327,0.820807115309836,1.0887694545459297,156.10442244515005,Accept,Accept,Accept,Accept,0.24303496373658218
-0.07553585415729916,0.9784920362528099,0.045852261547336154,-0.15675412444223077,0.25895452452930084,Accept,Z3,1.1063069833029762,1.1224344438227016,0.016127460519725353,0.863315708054685,1.158645001861242,137.41912391269932,0.045852261547336154,-0.1494895513370349,0.24473329488603462,Accept,1.123015837326161,0.01670885402318474,0.8509050029757558,1.139278094472443,156.30317736827496,Accept,Accept,Accept,Accept,0.21754297938251066
0.03160330772511071,1.0404120231324925,-0.12125614248232215,-0.3259515875583373,0.10123306630359133,Accept,Z3,1.1158690492313208,1.0616585938371892,-0.054210455394131614,0.9892279016174674,1.4918021030007032,167.23414565498786,-0.12125614248232215,-0.32577270152163096,0.09811259360929883,Accept,1.0600151541372522,-0.05585389509406853,0.9868381404145087,1.4642522289831987,186.11012891170364,Accept,Accept,Accept,Accept,0.2541252417411539
-0.19211576209320594,0.9902637612249389,0.06509221033779587,-0.16213087115974478,0.24925889040567112,Accept,Z3,1.0545219959705838,0.9051606458819222,-0.14936135008866155,0.8540183870399538,1.1470051253878812,136.7907233735591,0.06509221033779587,-0.13073620869936114,0.24677239438101006,Accept,0.9057843792245605,-0.14873761674602332,0.8371424157492611,1.124315139815885,155.0594846622496,Accept,Accept,Accept,Accept,0.21577582695792913
-0.0397338253827312,0.9110892289452701,0.15944135209244667,-0.01787771808713429,0.34953052634035875,Accept,Z3,1.0099814816633441,1.0564908402860709,0.04650935862272672,0.8427032567765247,1.1919461874467852,139.76383407117024,0.15944135209244667,-0.01717730555110763,0.32563875312737495,Accept,1.055945863559548,0.04596438189620391,0.8210186575372588,1.16476513319253,154.7784967683784,Accept,Accept,Accept,Accept,0.16944831131484722
0.09304148508094111,1.0501989993582206,-0.13330435363491583,-0.31198398763120233,0.12777775939539757,Accept,Z3,0.9420892227389374,1.0121730234915611,0.07008380075262374,0.8241977780451671,1.1641591016732626,151.6341594050066,-0.13330435363491583,-0.3372888947550686,0.07071941167739759,Accept,1.012250870823612,0.07016164808467475,0.8124249960129976,1.1279941169226932,164.68178697778035,Accept,Accept,Accept,Accept,0.29926183516799126
0.10739377800055792,1.0765176035672308,-0.09354431315609771,-0.3233443809642519,0.029590777026702625,Accept,Z3,0.8974565014720775,1.0031397628247611,0.10568326135268379,0.8850957656678802,1.2131995684397179,136.71807045934122,-0.09354431315609771,-0.25550159543126777,0.06941424290635183,Accept,1.002736964208948,0.10528046273687065,0.8844786435335602,1.1893970131846223,152.12247762886594,Accept,Accept,Accept,Accept,0.07402880909612053
0.06754339958127265,1.005466521037983,-0.005658559672386678,-0.2554124375127778,0.20124834650217066,Accept,Z3,0.9249755781685978,0.8980308930878219,-0.026944685080775806,0.8819790391786116,1.2234619174960242,159.34543630549464,-0.005658559672386678,-0.2148753528149689,0.21198418854905698,Accept,0.8978335404585721,-0.027142037710025654,0.8651576479566349,1.1873402049132586,171.79992358011992,Accept,Accept,Accept,Accept,0.2747389585804236
-0.26626904024507075,0.8980687946817166,0.0950502704509517,-0.016299889742061376,0.3792612820461642,Accept,Z3,1.0292690007868266,1.0826929292287146,0.05342392844188795,0.9971997751241375,1.4721403110856948,162.6949899972793,0.0950502704509517,-0.07985433505172684,0.2736319357488369,Accept,1.0818179588136496,0.05254895802682295,0.9697913993372691,1.4083013043239005,164.6465002470361,Accept,Accept,Accept,Accept,0.17940971390603225
-0.024911108151379965,0.9298561321564961,0.1364462399722977,-0.06637001641544858,0.3206112759731803,Accept,Z3,1.0619266267562664,1.034691083970258,-0.027235542786008374,0.9222926322164078,1.5052130950471059,163.41463264574492,0.1364462399722977,-0.037758756022837875,0.3207313047207668,Accept,1.0342092411158643,-0.027717385640402117,0.8947618466370781,1.4682028909728777,179.41539183715835,Accept,Accept,Accept,Accept,0.364728549638666
0.08707807232336622,0.9843474141222663,0.0030261843956586533,-0.16363596842323586,0.2766967913868653,Accept,Z3,0.9623214909810315,0.8480347560732627,-0.11428673490776874,0.9345827498660355,1.3571592357762918,161.71515508384147,0.0030261843956586533,-0.19876467376210455,0.18505704872825518,Accept,0.8485666455404735,-0.113754845440558,0.9227967964413456,1.3100460663700821,171.79656077219838,Accept,Accept,Accept,Accept,0.25915327069330807
-0.10187019727754942,0.9976876416202859,0.023704354642989613,-0.19451799053361046,0.18096406631941916,Accept,Z3,0.8356131928598901,0.7898893935788311,-0.045723799281058894,0.8345411014489551,1.1340891662955586,125.61279657989051,0.023704354642989613,-0.15959569879896218,0.20093440606114746,Accept,0.7912212172099967,-0.04439197564989335,0.8281978930405275,1.1175495070702635,144.67137234933708,Accept,Accept,Accept,Accept,0.1384161142785399
-0.12485652145329072,0.9170470193896135,0.07032745255070642,-0.032703368110396966,0.39673661049440534,Accept,Z3,1.052529307301431,0.9510234992264435,-0.1015058080749875,0.7986424910704042,0.9877554269281873,141.03014339922169,0.07032745255070642,-0.12055212863777634,0.27045256577799887,Accept,0.9501282603157502,-0.10240104698568085,0.7823349650818952,0.9576977923309302,154.5162416246549,Accept,Accept,Accept,Accept,0.09682423350596889
-0.434127086458973,0.8697618319371067,0.14118417335941524,0.05047420643101316,0.4323892188661533,Reject,Z3,0.9809533018220793,1.1101357031142687,0.12918240129218936,0.8721500273429932,1.2207582574121119,144.1449495762345,0.14118417335941524,-0.039149094588185614,0.3127109107599657,Accept,1.110077874461639,0.12912457263955987,0.8712740834155999,1.1679410180043497,145.60597709463852,Reject,Accept,Accept,Accept,0.1715752722715595
-0.06779263221392962,0.961815204362604,-0.003960865888508426,-0.12649554035485183,0.2656768113424697,Accept,Z3,1.0361218710218687,1.0191336835017537,-0.016988187520115085,0.8129802447576823,1.2095198816500603,144.81340005836444,-0.003960865888508426,-0.17826189464353911,0.1559134607751434,Accept,1.0197891164370567,-0.016332754584812103,0.8006415532446839,1.15878651936346,147.32140838201852,Accept,Accept,Accept,Accept,0.2587870464916885
-0.09109215792258916,0.9652025938526074,0.09087694580326465,-0.1438105335245939,0.2762259345249984,Accept,Z3,0.9779461437969175,1.1416079216349724,0.16366177783805502,0.9158922299908571,1.2206556250065552,154.92575356035002,0.09087694580326465,-0.10751505180208251,0.2769675089150453,Accept,1.1423374436434435,0.16439129984652595,0.9100104120174715,1.1969642006852637,172.39855155553514,Accept,Accept,Accept,Accept,0.32622007809881093
0.10322794273972849,0.9929619651798864,0.01250090404590271,-0.21101026766768285,0.2253460439141979,Accept,Z3,0.9693994634824536,1.0462919210411288,0.07689245755867534,0.8731639841133074,1.2509950445708617,155.45751419521892,0.01250090404590271,-0.17333714806235603,0.21581472504272695,Accept,1.04706203041721,0.07766256693475636,0.8544020602893514,1.2067167391323035,164.74585706830246,Accept,Accept,Accept,Accept,0.17588981537063328
0.3021581293149404,1.0133383504462512,-0.1370061076812221,-0.286642521501835,0.094698106318307,Accept,Z3,1.0725758744625433,0.8567349374897104,-0.2158409369728328,1.0037319807003995,1.5482181040618672,162.58499617657264,-0.1370061076812221,-0.30923773134589394,0.029725903050482422,Accept,0.8554955930070903,-0.21708028145545288,0.996355639450906,1.5049787837374868,173.29083043162098,Accept,Accept,Accept,Accept,0.14796044136841252
0.22917336170918634,1.0423746963784117,-0.10500807675635554,-0.30565452435914375,0.06498973360501403,Accept,Z3,1.0085965231750826,1.0128570639204597,0.0042605407453771,0.930399655476267,1.392408422543507,149.15441183730857,-0.10500807675635554,-0.27608696909964836,0.07033467266408897,Accept,1.0135444877675583,0.004947964592475585,0.9314578381538644,1.3712385781912406,167.6469624909424,Accept,Accept,Accept,Accept,0.206647976670128
-0.0982512581404725,1.0005786005588395,0.01052549861307247,-0.18278156870623619,0.1943206504405099,Accept,Z3,0.9510186499538112,1.0140917424881435,0.06307309253433216,0.918955127724564,1.378598809824115,139.7605629574987,0.01052549861307247,-0.1526905596141171,0.18426305532799417,Accept,1.0143972312851681,0.06337858133135699,0.9008852251958882,1.3472507693735338,151.84739893023072,Accept,Accept,Accept,Accept,0.0327292494833825
0.21381107127440707,1.0707874986267056,-0.0647278794199798,-0.36319911766374313,0.06726640496691119,Accept,Z3,0.9659914895249391,1.026855652287888,0.060864162762948926,0.9056491573568758,1.3153358404746252,156.83480205603374,-0.0647278794199798,-0.2487678440870291,0.13385861630617105,Accept,1.027021020011199,0.061029530486260024,0.894618790233154,1.2718958422882365,168.2057214867448,Accept,Accept,Accept,Accept,0.3936392495330429
0.015000330609290588,1.0058702356598253,-0.024777901169818647,-0.20751765064593847,0.17421267636034554,Accept,Z3,0.998852788364999,0.9894253236102398,-0.009427464754759293,0.9207931555224266,1.2648981327885573,152.97813224047917,-0.024777901169818647,-0.2008748833146321,0.14733059051232372,Accept,0.9895707828541218,-0.009282005510877255,0.925200759660502,1.228919387554316,165.53951356095413,Accept,Accept,Accept,Accept,0.10032750792247189
-0.20064354823459754,0.9427715221214431,0.107546068156997,-0.06738251184464045,0.3452237710887672,Accept,Z3,0.9050741285290186,0.8728870962708436,-0.03218703225817494,0.8888460372866092,1.2612321880743584,144.28991751042972,0.107546068156997,-0.08003342015418995,0.3186102189221368,Accept,0.8726705270658917,-0.03240360146312688,0.8800011389961001,1.2430617361619516,164.42919243014111,Accept,Accept,Accept,Accept,0.1953604217429281
-0.0038912158800357833,0.9244455690054801,0.18379900665902438,-0.0943540963843936,0.38987065899176987,Accept,Z3,1.0698508347041364,1.1304776274334045,0.06062679272926796,0.781326952173683,1.0248395255757954,151.975231532847,0.18379900665902438,-0.026470649929113025,0.40948407524347336,Accept,1.130378422592821,0.06052758788868468,0.7637693959818079,0.9827753072660721,161.47086566559497,Accept,Accept,Accept,Accept,0.2579161420421366
0.2039093195162377,1.1450790063945717,-0.28625292555056087,-0.5316643249928072,-0.0957810133249247,Reject,Z3,1.0093734065028035,1.0768067448336398,0.06743333833083623,0.8668364453146583,1.2150387469779251,168.35171732624892,-0.28625292555056087,-0.48500896562494766,-0.09236269037948096,Reject,1.077288567596525,0.06791516109372141,0.8485508767711724,1.1665763878991844,179.41793189123408,Reject,Accept,Accept,Accept,0.321500001595327
-0.16448798268219356,0.8917462399781714,0.15415419732912183,-0.04826421678565698,0.4203811872156825,Accept,Z3,1.0302323994128373,1.152590461178967,0.12235806176612979,0.846254085717458,1.121847075355298,137.44482171351976,0.15415419732912183,-0.038788772280580926,0.3701436215920081,Accept,1.1538629264911235,0.12363052707828633,0.8481170199724662,1.0831301215992222,145.55422582447002,Accept,Accept,Accept,Accept,0.24104246226157772
-0.2201259532424092,0.9615924857754666,0.1045709332562792,-0.08740046935789764,0.29410405268459083,Accept,Z3,1.0140448621682765,1.1888239456296683,0.17477908346139176,0.9326612920896628,1.3278016091563665,143.57220563919873,0.1045709332562792,-0.06187208730589648,0.28169802438549046,Accept,1.1874386985417897,0.17339383637351322,0.9324978613112542,1.2970332278027652,157.26350282188875,Accept,Accept,Accept,Accept,0.20010908107884567
0.1672422848614625,0.9470579111215498,0.05864423843630828,-0.061390546233846155,0.2802772874481603,Accept,Z3,0.9883317512307508,0.939009205265138,-0.0493225459656127,0.8689733368260132,1.1340872979335608,133.10837799170372,0.05864423843630828,-0.10995375663872173,0.2253429900638941,Accept,0.9389870581933033,-0.049344693037447415,0.8728329797584977,1.1123484519658273,149.54519798144685,Accept,Accept,Accept,Accept,0.04991558326009612
-0.26195616637989294,0.9168951477232264,0.057849262991644085,-0.07521667748182619,0.33502989741968836,Accept,Z3,0.9790634715666545,0.9685390251446242,-0.010524446422030341,0.8670749428533127,1.3207644782047887,156.59186057603458,0.057849262991644085,-0.12650157618994362,0.2407601362838867,Accept,0.9692681628691798,-0.009795308697474744,0.8540505309734585,1.260983207686832,160.97961923078597,Accept,Accept,Accept,Accept,0.10479445399739391
-0.0384769219417852,0.970408065901648,0.03867103537693294,-0.11107311067818552,0.24638710038215134,Accept,Z3,1.0599480936896468,0.9428819019343638,-0.11706619175528289,0.9511597764856173,1.3272505469736897,138.6614486450619,0.03867103537693294,-0.12602132462443252,0.21372433567297142,Accept,0.9424739248853928,-0.1174741688042539,0.939814945367914,1.3070276711790405,155.70481543068095,Accept,Accept,Accept,Accept,0.3578598534244751
0.03551619952348697,1.0704569025114294,-0.0864827469760489,-0.3297020612740099,0.06419710379201643,Accept,Z3,0.973157746563743,0.8958641765709155,-0.07729356999282741,0.8843018850742175,1.221139167592176,140.02770262891903,-0.0864827469760489,-0.2562229550890717,0.08118709806692048,Accept,0.8947457231396464,-0.0784120234240966,0.860780093827068,1.1824968358263375,148.47132538895633,Accept,Accept,Accept,Accept,0.20976480599150268
-0.2904382637903613,0.9394533346842865,0.06745837738313065,-0.09955178577217617,0.3003625037047587,Accept,Z3,0.9978357724078758,1.0674725518716939,0.06963677946381808,0.756706056974322,0.9763048159035768,136.31924528002085,0.06745837738313065,-0.12120867443484341,0.24581977815513478,Accept,1.0676214378913806,0.06978566548350483,0.7266094851661603,0.9423053481267862,146.95856839976994,Accept,Accept,Accept,Accept,0.07831301869624752
-0.18591783413562707,0.9330559131512065,0.14431763943045356,-0.06992356708688678,0.3420420887175295,Accept,Z3,0.9865454366923774,0.8055355963880033,-0.18100984030437406,0.8727991250083772,1.2022027251225404,146.73405347222544,0.14431763943045356,-0.056956975565183136,0.34581902877148857,Accept,0.8057688765589953,-0.18077656013338209,0.8622651975474791,1.1932559654889843,171.8223336261046,Accept,Accept,Accept,Accept,0.23644064736835088
-0.08352732015685556,0.9668601191992917,0.08048696047698352,-0.12986939154347266,0.21313241072715716,Accept,Z3,1.0459257142954217,1.1121140172187232,0.06618830292330159,0.9576032613693743,1.341438733668451,130.28240407472953,0.08048696047698352,-0.08505689866118263,0.23715772504692628,Accept,1.1109521600125327,0.0650264457171112,0.930872455986079,1.3059071113782676,139.1131726681676,Accept,Accept,Accept,Accept,0.16894791524346783
-0.09847886003926158,0.960354710808515,0.07973994805789845,-0.12368207470934087,0.275425507869299,Accept,Z3,0.9538539912110536,1.0139832188245368,0.060129227613483334,0.9429177589988359,1.2931236067533831,155.290370086659,0.07973994805789845,-0.10243647099753794,0.2421177475939224,Accept,1.0145430020911603,0.060689010880106725,0.8918367861215544,1.2391067453806526,161.53819484401512,Accept,Accept,Accept,Reject,0.4217247510587495
0.05368289062310429,1.0409271240650522,-0.07603054401223917,-0.26470999880419327,0.11742087559389949,Accept,Z3,1.028778487470607,0.9824433598927261,-0.04633512757788082,0.9650514668124973,1.4605918120300023,157.14024119055148,-0.07603054401223917,-0.2651862650721362,0.11011112295789266,Accept,0.9832506763885934,-0.04552781108201351,0.9586403194365711,1.4333344586096863,173.7087397918553,Accept,Accept,Accept,Accept,0.30777939490345163
0.044689824247027395,0.9731070745571488,5.579063138266299e-4,-0.14452641352181456,0.23316479600972578,Accept,Z3,1.1048712885400702,0.987930085036819,-0.11694120350325131,0.8656135928701348,1.2580609444312545,144.30209632755768,5.579063138266299e-4,-0.15525307712566122,0.16988336688772396,Accept,0.9891003201316442,-0.11577096840842616,0.8443401493658189,1.2113828164480114,148.79282655350445,Accept,Accept,Accept,Accept,0.11718630884306601
0.18990134992359822,1.0365397495015098,-0.06562439985502871,-0.25244109518318636,0.13017132438237972,Accept,Z3,0.965933623102398,0.9607581629031704,-0.005175460199227686,0.9767067352278486,1.4673566717693236,156.97368491572396,-0.06562439985502871,-0.24331739186350199,0.12094309456869662,Accept,0.9615516695946266,-0.00438195350777139,0.9848870039796424,1.444832914532672,176.86876909262355,Accept,Accept,Accept,Accept,0.2684391636185215
0.08736064758255867,1.0434108600167877,-0.14611626733334215,-0.2518271360539911,0.10044313460028625,Accept,Z3,0.9845747996725782,1.053793879885899,0.06921908021332081,0.9258854459734753,1.399564197860627,139.3259535853069,-0.14611626733334215,-0.31184599932065155,0.01663470586508338,Accept,1.0547452488267983,0.07017044915422006,0.9110954862088585,1.378885672948517,157.83240550636748,Accept,Reject,Accept,Accept,0.32739575985242636
0.011695645541308189,1.0240279976331814,-0.003170807221816005,-0.2516175779534674,0.1660789701612265,Accept,Z3,0.9123370107645621,0.997221167198791,0.08488415643422895,0.894400296784369,1.2268663614934727,146.90154502745446,-0.003170807221816005,-0.2039449185515291,0.19694462417357497,Accept,0.9980686648719853,0.08573165410742321,0.8834033059739115,1.2090939725236067,168.03992204469554,Accept,Accept,Accept,Accept,0.32042519478458176
0.17662087794094916,1.053050801135034,-0.07904067995100042,-0.2448677180059493,0.0847936452716379,Accept,Z3,1.0009400857819482,1.0989435711112165,0.09800348532926847,0.9320519277092397,1.4216796910885554,135.6749913473433,-0.07904067995100042,-0.23099366640570126,0.071537180657536,Accept,1.0982589387527717,0.09731885297082364,0.9245543921419991,1.40160606796958,152.68998642355976,Accept,Accept,Accept,Accept,0.12879439682730448
0.3566463865287204,1.0845699016552688,-0.14831405971745096,-0.42948201393645413,0.006529885105046193,Accept,Z3,0.9515674023940462,0.8585878134461921,-0.09297958894785417,0.8983215330913571,1.3111392739819694,162.24262811739314,-0.14831405971745096,-0.3515096499914307,0.048167967844342005,Accept,0.8588699636147434,-0.09269743877930287,0.8845940060561657,1.2793707593324812,178.3059227477538,Reject,Accept,Accept,Accept,0.1697780321246551
0.17583045232947417,1.0516379720622566,-0.0901172121529441,-0.31952132974814185,0.10817961874002202,Accept,Z3,0.9582495765250434,0.9448514155958369,-0.013398160929206608,0.8899875835715005,1.1972309797129725,139.98706797502828,-0.0901172121529441,-0.2999845934945029,0.1165046028510621,Accept,0.9443410386783984,-0.013908537846645076,0.8850005415542812,1.1805185827033133,159.996918493433,Accept,Accept,Accept,Accept,0.12968544389282946
-0.28517057212158076,0.8889801968881068,0.13555639740120254,-0.01085843250377272,0.43908885008409065,Accept,Z3,0.9921149305436971,1.0654327890456776,0.07331785850198057,0.7865415025602739,0.9984290028801769,132.14689896414197,0.13555639740120254,-0.07222902226197453,0.35050736861493065,Accept,1.0656555597969657,0.07354062925326865,0.7672853665064234,0.9777357504667625,147.73546584140598,Reject,Accept,Accept,Accept,0.1293127272226195
-0.11483722396592345,0.9324503272610475,0.1642918053528327,-0.07114753472354124,0.311738863112602,Accept,Z3,0.8959337125748293,0.8647608308905206,-0.031172881684308845,0.9085282673748523,1.3644160455670808,155.53999822585595,0.1642918053528327,-0.007132672274638485,0.3602240686235487,Accept,0.8654282249055621,-0.030505487669267237,0.8998151344481758,1.3370195153939175,173.17533097766292,Accept,Accept,Accept,Accept,0.32249623359602775
-0.11243313081059204,1.0235014619974805,-0.08438102104758564,-0.2664448056409991,0.10487827301178013,Accept,Z3,0.9824773945319748,1.0272029369998008,0.04472554246782608,0.980414727620292,1.3947917151421223,145.0784499053707,-0.08438102104758564,-0.2604886808661454,0.0852610976988838,Accept,1.0277325422693278,0.045255147737353,0.9809285084622918,1.3606358803007246,155.10859596896455,Accept,Accept,Accept,Accept,0.20083390034120274
-0.10854964136630735,0.9328365096051652,0.13001013286881538,-0.07797780817441302,0.3047075834951341,Accept,Z3,0.9570505950377864,1.0547457536538192,0.09769515861603276,0.8669361075864545,1.2818272191568694,140.5442188889685,0.13001013286881538,-0.04336484054891668,0.29392841526802704,Accept,1.0550521736053913,0.09800157856760483,0.8442276647112252,1.2518406447335118,153.71769267310594,Accept,Accept,Accept,Accept,0.1637840708374041
-0.22166724084427436,0.903013337689441,0.12239001733044905,0.0027886662346076688,0.37249166903041553,Reject,Z3,0.9294056551190721,0.9154182776878835,-0.013987377431188665,0.9174781959129809,1.3626008813092947,157.01150632325584,0.12239001733044905,-0.05712903659816591,0.3059315927959329,Accept,0.9158864178936691,-0.013519237225403042,0.9122200736565165,1.3300727979798506,170.06022624821586,Reject,Accept,Accept,Accept,0.14180182129772487
0.27365207745676295,1.0836179462431597,-0.15165796358334557,-0.40562829582029153,0.02222401598346667,Accept,Z3,0.9224617799045739,0.8748063652759933,-0.04765541462858058,0.8131495684216459,1.0041176922376451,133.29522342805825,-0.15165796358334557,-0.34130327602316257,0.037290729273470324,Accept,0.8753490410399051,-0.04711273886466882,0.7966720335250649,0.9680840189408647,143.40102295908162,Accept,Accept,Accept,Accept,0.2445321856108282
0.04884601307306447,1.0856467001697003,-0.13347024659021844,-0.3531226557918546,0.069700739542061907,Accept,Z3,0.9716410694476516,0.910347165774292,-0.06129390367335962,0.845314576678126,1.1734748818378666,139.32978810776717,-0.13347024659021844,-0.3414877651151449,0.06855120280911828,Accept,0.909892292547441,-0.06174877690021062,0.829003775341985,1.1500522910962827,156.72199425415272,Accept,Accept,Accept,Accept,0.22610884876326515
-0.181974334758545,0.9330398078011315,0.1611930500819934,0.010485005859989127,0.37850574930254066,Reject,Z3,1.0158689712693942,0.9861608226940435,-0.029708148575350847,0.9492037634301813,1.4520592290779948,152.8140565359048,0.1611930500819934,-0.0051758629170064255,0.33160036048112673,Accept,0.9862864335684183,-0.02958253770097595,0.9373605122495416,1.427985050404673,172.52995952780475,Reject,Accept,Accept,Accept,0.3154060610337742
-0.11572118149425986,1.02000268078125,-0.02715409971076327,-0.23680656290795582,0.11426433834447805,Accept,Z3,0.9886574410611045,1.1829855362926167,0.19432809523151204,0.9644804964662314,1.4802714973437814,143.56504205907757,-0.02715409971076327,-0.1992593120558036,0.13956583513006776,Accept,1.181453634721026,0.1927961936599214,0.9594432668907887,1.4579236097097106,162.51983050390413,Accept,Accept,Accept,Accept,0.17087619156500355
-0.24549315965678392,0.8990495369239042,0.13015602760069112,0.012291956170565338,0.4651226581301678,Reject,Z3,0.9761590617754317,0.9311559515498843,-0.0450031102255473,0.7396427568853307,0.8809224882030768,128.57546258330993,0.13015602760069112,-0.05896858264364095,0.3379996838746472,Accept,0.930453148306058,-0.045705913469373666,0.7386599204924744,0.8474811604207292,138.1197839761465,Reject,Accept,Accept,Accept,0.27162264260406366
0.005002542314939095,1.020767616536387,-0.05848360454804121,-0.24771902412355953,0.1783309130961012,Accept,Z3,0.8975488390457527,1.034437132099515,0.1368882930537622,0.8638018847014902,1.1661328683627268,154.7801550883498,-0.05848360454804121,-0.25180533209306355,0.1508983435547107,Accept,1.0352132957374571,0.13766445669170435,0.8668562645594778,1.1471399677692633,175.93535283435054,Accept,Accept,Accept,Accept,0.14658900905717992
0.12705845745272815,1.0125962890346352,0.011240563498101448,-0.25129773790594584,0.18751479945142882,Accept,Z3,1.0157030562811173,0.8622827387224438,-0.15342031755867355,0.8878007932078105,1.1913077137290609,148.5955792587644,0.011240563498101448,-0.19645236499644492,0.2093888626445438,Accept,0.86235571309212,-0.15334734318899726,0.8936076228439656,1.170629947648722,166.30949977542082,Accept,Accept,Accept,Accept,0.25541633654948664
0.26121054629678786,1.1731983121294818,-0.2370852742465621,-0.5118121542896031,-0.11295742069848992,Reject,Z3,1.0120781266304977,0.9448821333631113,-0.06719599326738628,0.8585105642828037,1.2137244587170388,158.73201425974491,-0.2370852742465621,-0.4241229501041719,-0.05175560128586329,Reject,0.9449200304893941,-0.06715809614110352,0.8433287121314806,1.168450654571769,168.95638931738463,Reject,Accept,Accept,Accept,0.19982348264485503
-0.04591934793157055,0.998877471913537,0.03534676041439034,-0.2378071603415439,0.24458667605049375,Accept,Z3,1.1521907504694304,1.113919384147005,-0.03827136632242536,0.8660859111318147,1.2205046709200504,167.81784869682335,0.03534676041439034,-0.19507102242167593,0.2617220557409082,Accept,1.113847938512459,-0.038342811956971506,0.8616614040045608,1.1931762768129952,186.15954862694682,Accept,Accept,Accept,Accept,0.28090789269813865
0.08077797750439693,0.990778824038456,0.0687463772006899,-0.1417291092438212,0.20027557665882018,Accept,Z3,0.9797010167176595,0.9928878026557401,0.013186785938080496,0.955293601872337,1.4377216446138692,140.30729126874854,0.0687463772006899,-0.08869206746436997,0.2281411147444059,Accept,0.9936899591475844,0.013988942429924895,0.939428250027436,1.412783079985293,155.91058872370056,Accept,Accept,Accept,Accept,0.23107818025529422
0.0028711327376305033,0.9586111093195053,0.13910983485815823,-0.0906756959938781,0.34786328111280235,Accept,Z3,0.9812917640261173,0.9838481119517283,0.0025563479256109556,0.8776804961650538,1.0893376036257794,148.65866401322185,0.13910983485815823,-0.07089120964311808,0.3355719276987414,Accept,0.9841561777718365,0.0028644137457191888,0.855004353738208,1.05812466293201,162.6259773823646,Accept,Accept,Accept,Accept,0.25802341395732586
-0.019091726341335682,0.9569202052843474,0.0016459032137344227,-0.10671055732576945,0.31384257901786594,Accept,Z3,1.0800574823110862,1.1735025957414056,0.09344511343031923,0.8843014285198249,1.2538141682531412,154.26081141749052,0.0016459032137344227,-0.18152518792242764,0.1985066725889032,Accept,1.1742680632174654,0.09421058090637911,0.8859992538986503,1.2151473072655916,166.17623670188988,Accept,Accept,Accept,Accept,0.12640908247313268
0.09081646136413166,1.0129813089144024,-0.025506187089367263,-0.20770605015276877,0.16146635922427693,Accept,Z3,1.0318763004083729,1.0209436096508349,-0.010932690757537954,0.9141862797579432,1.2147769536903863,133.24005525447697,-0.025506187089367263,-0.19934511146934883,0.14810599870902572,Accept,1.020909507494335,-0.010966792914037704,0.9023213796103982,1.1965178131188559,150.51034855545822,Accept,Accept,Accept,Accept,0.03067857451518487
-0.10278947176799147,0.9884333880389609,0.03980234983881638,-0.1664040084788917,0.23329015416538562,Accept,Z3,0.9398254017306858,0.9316656777863648,-0.008159723944321151,0.8089758608650758,1.0767050590373655,138.56814775244845,0.03980234983881638,-0.1474564397619282,0.22837125714070838,Accept,0.9314055526538738,-0.00841984907681207,0.8016963643163432,1.0508562465373918,153.24154440731883,Accept,Accept,Accept,Accept,0.24986579585759666
-0.21528183094854392,0.9578529942174552,0.06560257988674906,-0.12195138885759418,0.27799475513650795,Accept,Z3,1.0588097361025446,1.1153080798946549,0.05649834379211017,0.9013867833361165,1.2051527269591589,151.82808210828645,0.06560257988674906,-0.12279746642840439,0.24935086564771203,Accept,1.114742885472197,0.05593314936965241,0.8896034881299824,1.1736698978973923,167.42942252412755,Accept,Accept,Accept,Accept,0.1346903042556655
0.055200516289262196,1.0075811930601972,0.001684409525133825,-0.25630851498742235,0.2172539519485191,Accept,Z3,1.10644581957177,0.9539777902137904,-0.15246802935797943,0.8177941412167732,1.0322001744089095,138.50420703747642,0.001684409525133825,-0.21537692779989642,0.2094780955287938,Accept,0.9533130130536009,-0.15313280651816885,0.8051011418645687,1.0017408406588362,150.32770839416293,Accept,Accept,Accept,Accept,0.32592122545938274
0.047004153846657425,1.042291427938672,-0.09708233008273376,-0.23013331029717252,0.06320044671362064,Accept,Z3,1.012007251564073,1.0527755833105485,0.04076833174647541,0.8577936354539227,1.2073063624692921,113.80230870773917,-0.09708233008273376,-0.2302641402571664,0.04357504470576369,Accept,1.0530550098615767,0.04104775829750369,0.8480187630164465,1.1880995527787885,129.9720326313484,Accept,Accept,Accept,Accept,0.070281339592617
0.3842836923381306,1.072880034550223,-0.05649227618910993,-0.34068899390548546,0.0022113565531401425,Accept,Z3,0.9853276594312907,0.893931872206508,-0.09139578722478277,0.9095138549923374,1.2565226196176353,127.46876976076763,-0.05649227618910993,-0.21144135315034704,0.09089871022784654,Accept,0.8946669884207821,-0.09066067101050863,0.9162420584668257,1.2194558335631647,135.5732737161853,Reject,Accept,Accept,Accept,0.2269488455494299
0.1610178729032,1.0010741501950082,-0.053689668306548886,-0.20673495230174205,0.20734520686849567,Accept,Z3,0.9125928611153894,0.9542721740054663,0.04167931289007694,0.9437540106473881,1.2784681656870756,160.0773855191825,-0.053689668306548886,-0.23609860617505446,0.13023588954195986,Accept,0.9545527616413967,0.041959900526007336,0.9196117491590889,1.2312553644730742,167.4110661030676,Accept,Accept,Accept,Accept,0.3025298941975889
0.030494314797149268,1.028073646038622,-0.03565676668619708,-0.2544855998978227,0.1622490064835562,Accept,Z3,1.0251268663761672,0.9398819720778284,-0.08524489429833886,0.9363272771078076,1.455704351540503,161.57383008963092,-0.03565676668619708,-0.21959703519943846,0.14839584234220965,Accept,0.9409558055516163,-0.08417106082455103,0.9464776824231503,1.4206292209512816,176.30677818344245,Accept,Accept,Accept,Accept,0.07983805636841129
0.1445747749646122,0.9944343921023443,0.014204606640647467,-0.18833672651628452,0.20889575373222352,Accept,Z3,0.9787109666634976,0.9312046816381254,-0.047506285025372075,0.9379821302815414,1.450645135108042,157.92492600893326,0.014204606640647467,-0.16375233161573727,0.2008449140566815,Accept,0.9314893658026775,-0.047221600860820064,0.9300027424923089,1.4193326992995139,174.95632993551177,Accept,Accept,Accept,Accept,0.07885282658566235
0.07358003563199193,1.0567680504202823,-0.03791161317305243,-0.3096556857919198,0.12020936700979162,Accept,Z3,0.888878263028374,0.851183404359866,-0.03769485866850813,0.9276955146410968,1.2633656641097837,158.33646912538393,-0.03791161317305243,-0.22442555361457864,0.15745121655943436,Accept,0.8513066208243718,-0.03757164220400226,0.9095666421855811,1.2167674204495333,166.75647829817493,Accept,Accept,Accept,Accept,0.23742765112393735
-0.03244148784902034,0.9615057549028937,0.025093605732248093,-0.11906166441431824,0.24988561410171972,Accept,Z3,1.0146015166677447,1.0813141631293492,0.06671264646160452,0.8527932559482995,1.2398380118782621,147.54335635573065,0.025093605732248093,-0.15674222066077703,0.2140424328258856,Accept,1.0808126537281566,0.0662111370604121,0.8564004579579325,1.2239823945743151,167.2267675969785,Accept,Accept,Accept,Accept,0.13421989483633684
0.011242654986820165,1.0045850621775212,-0.08349083298479636,-0.23682389780418506,0.19821876399420818,Accept,Z3,0.9619328442244702,0.949560988366303,-0.012371855858167193,0.8855317961802917,1.2257673523004708,146.30813813822402,-0.08349083298479636,-0.2741165342692602,0.09385534701708714,Accept,0.9488657717303516,-0.013067072494118613,0.8634659377120262,1.1727596693580802,149.65082855866245,Accept,Accept,Accept,Accept,0.06408331199334734
0.05428535891807929,1.0494959016405476,-0.08339512376847227,-0.3366622157471931,0.08634744929408665,Accept,Z3,1.0200865535496484,1.0314451485298581,0.011358594980209873,0.8829215364203598,1.1702336674645715,148.15884888679602,-0.08339512376847227,-0.2813631606337257,0.10839271498078804,Accept,1.0318651095263893,0.011778555976740917,0.8631590248270055,1.130131840273666,157.45450033122256,Accept,Accept,Accept,Accept,0.26676680396053915
-0.006051090946005211,1.0258960845750857,-0.03093042114802188,-0.25443330644558154,0.13577070831177732,Accept,Z3,1.0305417612240524,0.8152422873310815,-0.21529947389297088,0.9223681988567145,1.3104968211178993,130.53519808532988,-0.03093042114802188,-0.21997709973576157,0.15573155403566133,Accept,0.8164381812423103,-0.2141035799817421,0.914918499054897,1.3005519664952652,153.71038043415166,Accept,Accept,Accept,Accept,0.09231193679901029
-0.09915371606443872,1.0027540932741872,1.817066344697192e-4,-0.20030055032429211,0.19370870377375898,Accept,Z3,1.0871773670328129,1.1578415227092806,0.07066415567646789,0.8978241730299,1.252803018333381,151.3974908341832,1.817066344697192e-4,-0.1852054542820296,0.18415319299072772,Accept,1.1583846707656644,0.07120730373285147,0.8860956294723661,1.2299651028778027,169.0602714316147,Accept,Accept,Accept,Accept,0.26327356149406184
0.12302109464739308,1.034306590257593,-0.060256278424769924,-0.3231367480380931,0.1597453017828445,Accept,Z3,1.0129069773115171,1.1330813486836526,0.12017437137213541,0.8174951599924792,1.1498457095562775,155.78902928825033,-0.060256278424769924,-0.2885375019943285,0.15503820566378032,Accept,1.1322768193214479,0.11936984200993078,0.8147495761648694,1.125340729555496,174.44603175533234,Accept,Accept,Accept,Accept,0.23134710190258037
-0.04735558969396371,0.9855934614190732,0.05876985595744308,-0.17387767522099595,0.24453307135891597,Accept,Z3,0.9271924595899974,0.9094032827303221,-0.01778917685967528,0.9043353789128519,1.3436112528367772,166.72200011628865,0.05876985595744308,-0.14153994730135985,0.24511420882381132,Accept,0.9091318955611029,-0.01806056402889449,0.8976352559334824,1.3243324577548603,188.2837883070506,Accept,Accept,Accept,Accept,0.18700713775420041
0.09149296708965164,1.0263206030447263,-0.06985416807594642,-0.22846918321283413,0.139255377666455,Accept,Z3,0.9038987495580162,1.0251834510882396,0.12128470153022343,0.9001383339354073,1.2557506259457052,123.2605695825701,-0.06985416807594642,-0.2484770427909388,0.09433255580450332,Accept,1.0256118568057604,0.12171310724774412,0.9059414885719268,1.2379879123919786,143.5627679341878,Accept,Accept,Accept,Accept,0.20486888158002442
-0.010639381055540601,0.9730479176362787,0.04987837948518989,-0.1267675744833656,0.2895791323476687,Accept,Z3,1.0290559045926495,1.076094753547122,0.04703884895447242,0.9383586659567763,1.3813414298927145,162.32003015871723,0.04987837948518989,-0.12094063051794382,0.23365945504368071,Accept,1.0764178023808764,0.04736189778822696,0.9134063270369119,1.3081941687128715,161.23927539051436,Accept,Accept,Accept,Accept,0.1095008863294213
0.04113752626343921,1.0755528943983939,-0.13518842013263957,-0.38794463912366006,0.08392409577813645,Accept,Z3,0.9794425840273325,1.0182406074223491,0.03879802339501646,0.8941282868911833,1.2265313477111797,168.58075811590732,-0.13518842013263957,-0.3419273467822656,0.09059263587485514,Accept,1.017700462572605,0.03825787854527229,0.8933036543035435,1.1980364979950635,186.2558623747914,Accept,Accept,Accept,Accept,0.24631518864592675
-0.05639485733662185,0.9789413846542792,-0.015195689598560914,-0.13777225218313022,0.24223242183605237,Accept,Z3,0.9575708720937591,0.9290068501546216,-0.028564021939137492,0.9479744233932169,1.2754477937374338,133.65780359146717,-0.015195689598560914,-0.18637914782198536,0.15976550673158232,Accept,0.9289749564096651,-0.028595915684094,0.9328168692613161,1.2576607590756756,150.83690074635095,Accept,Accept,Accept,Accept,0.162187435266936
-0.062196964239040864,1.0062127555716092,-0.021397826918463574,-0.19773732937018057,0.155648334640906,Accept,Z3,1.019534963855027,1.158035732874276,0.13850076901924901,0.8712598234698121,1.299403773049974,131.15928526138808,-0.021397826918463574,-0.1824972574882608,0.13968115830226568,Accept,1.1590978953451807,0.1395629314901536,0.8692586664535608,1.2715899074810013,146.28552640112784,Accept,Accept,Accept,Accept,0.14225398441441706
0.07563215050003705,1.014525297474959,0.009450689733725873,-0.2938098664301718,0.1956603234356803,Accept,Z3,1.0552840448413696,1.1172717265208179,0.061987681679448306,0.764852019488074,0.8603448547684779,148.21739153724738,0.009450689733725873,-0.1947982614739322,0.2133567028742613,Accept,1.1174539455989239,0.06216990075755417,0.7518776208800161,0.8117186834052609,153.43123525458918,Accept,Accept,Accept,Accept,0.15457320169925162
-0.006783864408920153,0.9854946257394837,-0.007027463023126698,-0.21185551234990635,0.2579163940923033,Accept,Z3,0.9681412248887693,0.9291956697052456,-0.03894555518352367,0.8827898794853268,1.248503321476868,163.1746150530664,-0.007027463023126698,-0.22048134583099904,0.20829268614115615,Accept,0.930262217019027,-0.037879007869742236,0.8704441844756917,1.2152327697484662,178.9069426340397,Accept,Accept,Accept,Accept,0.32102709859865075
0.28585814258765535,1.0982566278559203,-0.17202706458689718,-0.37752651388200653,-4.307953897814687e-4,Reject,Z3,1.0874886391364942,0.9771835232896803,-0.1103051158468139,0.9213437490009534,1.2763927417049654,147.20500395463282,-0.17202706458689718,-0.34205458778064807,-0.0044523048368437235,Reject,0.9778069948164628,-0.10968164432003126,0.9139206462734484,1.2375629175795582,157.01915787796244,Reject,Accept,Accept,Accept,0.26260372239809826
0.11259323132251624,0.9580332412652353,0.006250526524595565,-0.16459003946258266,0.265227636569655,Accept,Z3,1.037347819187601,1.141998684860905,0.10465086567330388,0.9316013094454952,1.2154261622315716,157.1332915167612,0.006250526524595565,-0.17132289573934606,0.18937923102407983,Accept,1.1413297329852432,0.10398191379764223,0.9103256477859251,1.1666756008224637,164.33615990625555,Accept,Accept,Accept,Accept,0.2605622332948572
-0.14076082746999014,1.0373642430799868,-0.11698937042580353,-0.33498165348965353,0.1389288528609779,Accept,Z3,0.906699457511784,0.8544676835233234,-0.052231773988460545,0.846851359523416,1.043157691743274,159.91556988321653,-0.11698937042580353,-0.33337693370236576,0.11289925654146053,Accept,0.8540814389588177,-0.052618018552966286,0.816539771785662,1.0052014882796592,173.9569379020364,Accept,Accept,Accept,Accept,0.20125151227598387
-0.2134931370969947,0.9445434600043162,0.04593196186734875,-0.10543068316291507,0.3061845347074521,Accept,Z3,1.106648410140972,1.1733367916592954,0.06668838151832349,0.8155939307603768,1.0553663290870174,135.37879087945848,0.04593196186734875,-0.14108310469915242,0.2474638876062852,Accept,1.173292370626873,0.06664396048590103,0.7975595994250905,1.0228023013747112,146.74154711944382,Accept,Accept,Accept,Accept,0.13380819794699203
0.0638418349450352,1.0145135063552368,-0.010577890374319306,-0.2699972991188697,0.19674149781394587,Accept,Z3,0.9882886337400626,0.9443174538901647,-0.043971179849897866,0.9086227244057287,1.2481405081141232,169.07467874768966,-0.010577890374319306,-0.22815542126597696,0.21676623353900001,Accept,0.9452441726654734,-0.043044461074589105,0.9029742715948319,1.2325241629980401,191.9302596067808,Accept,Accept,Accept,Accept,0.3790277682135636
0.29068637257750485,1.0722253091019007,-0.1414871821551239,-0.4023883974466189,0.021812198318670616,Accept,Z3,1.065821076503224,1.1426812778136637,0.07686020131043939,0.8146542395167146,1.0974828631562161,151.91266745291685,-0.1414871821551239,-0.3252164347491906,0.0394584776732322,Accept,1.1422391995177965,0.07641812301457225,0.8048184681130292,1.0519343298984674,158.9234063627845,Accept,Accept,Accept,Accept,0.18905672786592162
0.10054041217667277,0.9989099902612318,-2.707296856671122e-4,-0.20803654762100482,0.23049242390250932,Accept,Z3,1.0364385098897138,1.0753688167536914,0.03893030686397772,0.9452614976231096,1.3342501980828407,158.53363651328888,-2.707296856671122e-4,-0.20648522095391858,0.19739189434073884,Accept,1.0731015302136855,0.03666302032397163,0.9334598795119736,1.3005201735563645,171.10835864435802,Accept,Accept,Accept,Accept,0.10379589351444808
0.016524006472915794,1.0595657055125158,-0.07651797045198502,-0.2740862320593406,0.08601435139498742,Accept,Z3,1.0466395135349988,1.012771688951571,-0.03386782458342777,0.9669304454067275,1.4100400336967402,153.26124679143675,-0.07651797045198502,-0.2553924300147317,0.09867611582855926,Accept,1.0132570257119689,-0.0333824878230299,0.961481531989015,1.3990607879397876,177.17505138908325,Accept,Accept,Accept,Accept,0.3156039700282
-0.09521338775222143,0.9818804076730788,0.03560608874781564,-0.12667423506302894,0.23159571312556188,Accept,Z3,1.0152058665966288,0.9831706916357966,-0.03203517496083227,0.8841864962833859,1.22726833722768,138.95157647834148,0.03560608874781564,-0.13240161569198147,0.20859703813320263,Accept,0.9830379146048113,-0.032167951991817614,0.8756912499565708,1.1991977932794817,154.0478582916114,Accept,Accept,Accept,Accept,0.32118227715748615
-0.029805092224098533,0.9624144312210144,0.10687625955132309,-0.0885763385481304,0.25688128909837477,Accept,Z3,0.9427036298116833,0.9691638250569546,0.026460195245271274,0.9326405311453477,1.4237198077770867,139.96449148668125,0.10687625955132309,-0.04501328591151028,0.25536145253726367,Accept,0.9694209166551208,0.026717286843437424,0.9141969859118277,1.3822047950015277,146.2145162057054,Accept,Accept,Accept,Accept,0.22821202966118248
-0.09145504898713791,0.9406626158462524,0.173088791465312,-0.09713257331478964,0.36138723173676573,Accept,Z3,1.031340346211314,1.057413233139638,0.026072886928324143,0.8938436915810413,1.1617396397235016,145.2812391652898,0.173088791465312,-0.041068499522060126,0.37789160233027425,Accept,1.0563067315156227,0.024966385304308773,0.885231700434292,1.1417137820654164,164.23005647472252,Accept,Accept,Accept,Accept,0.20403862212514587
-0.009379954351350708,1.0077749606302984,-0.028349388757543233,-0.21814249981261263,0.18569048632063734,Accept,Z3,0.994116770504964,1.1249233836039432,0.13080661309897917,0.8303141561063544,1.1907444266528946,151.9479787340826,-0.028349388757543233,-0.2171768849725705,0.1635391587871357,Accept,1.1250874564833508,0.13097068597838685,0.8189570454963452,1.1714483502214732,172.0045253955703,Accept,Accept,Accept,Accept,0.33448412616448187
-0.17589346830778776,0.9142025547643284,0.09452900969986505,-0.037033440471096066,0.34261442320231755,Accept,Z3,1.0719962025485799,1.1025807809273043,0.03058457837872432,0.8963957479146331,1.2567158675725119,148.01776005504288,0.09452900969986505,-0.09074913177784301,0.2743105611292913,Accept,1.1029136469248033,0.030917444376223263,0.8932812085825312,1.2332209602559043,165.40483125870134,Accept,Accept,Accept,Accept,0.19057439407533824
-0.0987914154689401,0.9741333351108322,0.01314696078695987,-0.1544066347806607,0.21942008366964844,Accept,Z3,0.9760301739311975,1.1091749020493344,0.13314472811813688,0.9512153605914978,1.4117605567558107,154.89705794807074,0.01314696078695987,-0.16953572563894534,0.19922246492213025,Accept,1.1099941467259906,0.1339639727947932,0.9470617042196754,1.3866701503017729,173.433414855315,Accept,Accept,Accept,Accept,0.3449852820512708
0.07710542148072001,1.0392441778394261,-0.08994729147895789,-0.28221108604590867,0.1327872309806155,Accept,Z3,0.9754181703439319,0.9858395434294671,0.010421373085535274,0.8895872521163665,1.1864493346594858,123.8816077670471,-0.08994729147895789,-0.2843338638257882,0.09497280708374381,Accept,0.986484549811415,0.011066379467483092,0.8717611941800016,1.1649645505080697,139.04223530964666,Accept,Accept,Accept,Accept,0.2028929733673581
-0.23722510331238514,0.8862432350366198,0.1759786958000626,-0.08471940066684824,0.444123608211675,Accept,Z3,0.9784260074977529,1.2949846808715264,0.3165586733737735,0.856492263219967,1.0762655007209898,149.83524475035222,0.1759786958000626,-0.04725883777293783,0.4084973468678125,Accept,1.2952576005365428,0.31683159303879,0.8367041784316934,1.0347059613516647,159.50191454647157,Accept,Accept,Accept,Accept,0.28106856894841015
-0.02268396252194904,1.0614116959079554,-0.18555165937566065,-0.31741382160500553,0.05031204948283749,Accept,Z3,1.0154142954631975,0.9972375397307311,-0.018176755732466323,0.8939892908721386,1.1869747168473697,133.30871370727726,-0.18555165937566065,-0.3551824061402689,-0.004447001270725025,Reject,0.998632467731905,-0.01678182773129243,0.8894568766418216,1.170224536414108,153.17457453849937,Accept,Accept,Accept,Accept,0.15167804191491416
0.06622666509571011,1.034318250778011,0.023096406508402563,-0.2708070946564761,0.103951808981345,Accept,Z3,1.0333990469707468,1.0275028086746643,-0.00589623829608253,0.9383042721427036,1.3950074498083749,138.90791114458284,0.023096406508402563,-0.13562950949882083,0.17935372494134627,Accept,1.0289706475736917,-0.004428399397055183,0.902878774842667,1.3415137526249756,137.483450062567,Accept,Accept,Accept,Accept,0.2556473987370873
0.3230527635263131,1.1402202498677017,-0.1450741459345052,-0.4146681562029226,-0.021054333521028742,Reject,Z3,0.939348991721697,0.9360515312352491,-0.0032974604864478775,0.9730944650145177,1.5416291481940556,163.03497889893652,-0.1450741459345052,-0.32994260140611203,0.03526994525861852,Accept,0.9356157150186847,-0.003733276703012317,0.9721024648822886,1.5034816942761722,175.3886253481268,Reject,Accept,Accept,Accept,0.22198240953227752
-0.01557129815321179,1.044534362327407,-0.10209173543157798,-0.29109143978584306,0.11655586849774587,Accept,Z3,1.0336231040995318,0.9731553755946526,-0.0604677285048793,0.7841202846792197,1.017505268838795,131.32471813552007,-0.10209173543157798,-0.27818494143235556,0.0814376109661395,Accept,0.9731150283233948,-0.060508075776137066,0.7826698637855918,0.9874853862293448,141.8617853333464,Accept,Accept,Accept,Accept,0.13702078402102152
-0.03128794267300181,0.9962424841287308,0.04325952918303991,-0.16685451099270288,0.20007694864289619,Accept,Z3,0.9766055036404406,1.2525821976519047,0.27597669401146413,0.9349540622942978,1.3147919312931888,148.0435395353281,0.04325952918303991,-0.1423276834719802,0.2160002067518822,Accept,1.251064932743158,0.27445942910271737,0.9169584664597246,1.2934822943253814,166.18195282682856,Accept,Accept,Accept,Accept,0.33169817213086183
-0.07622364070149709,1.0728447509942916,-0.09817852278684948,-0.32998710873451986,0.09387538697539448,Accept,Z3,1.0706702343952064,1.1047487127734703,0.03407847837826402,0.8657445211499329,1.1494950511442288,155.45244769943798,-0.09817852278684948,-0.29292394475644307,0.07767123409405995,Accept,1.1044486691272783,0.03377843473207204,0.8547169676877167,1.0989855213165591,162.96456218053848,Accept,Accept,Accept,Accept,0.14151300117356524
-0.023002109713708793,0.9639283134447231,0.1200347887740605,-0.10872740183055798,0.2828551024626933,Accept,Z3,0.9833309786248812,1.0164820983733038,0.0331511197484227,0.8665837093645125,1.1084245402708393,134.2023350690712,0.1200347887740605,-0.05941666371480206,0.28940060132242734,Accept,1.017185799576781,0.03385482095189989,0.841366699549353,1.0743958128939812,142.3208816787744,Accept,Accept,Accept,Accept,0.26877336674070335
0.24219450357619351,1.0995976202190698,-0.042431553981494674,-0.43232769921218284,0.05844491922626576,Accept,Z3,1.009905637144875,1.0605811039528197,0.05067546680794477,0.8660241223771034,1.2316256319682752,159.7081419107331,-0.042431553981494674,-0.2464308779929545,0.15586525470660556,Accept,1.0606438471415252,0.05073820999665026,0.8359015874357254,1.1542406609906337,154.21706367453828,Accept,Accept,Accept,Reject,0.39162769781522305
-0.10526552852951865,0.9872303653406902,0.011159058983356241,-0.19424391759366316,0.2156601253307017,Accept,Z3,1.0033016891699955,0.8351562848038722,-0.16814540436612335,0.8173574684721497,1.0683795461711825,147.9208132778767,0.011159058983356241,-0.19051230361070595,0.215699494816939,Accept,0.8351030389033016,-0.16819865026669398,0.7998657770873635,1.0515872018866388,169.8269854655096,Accept,Accept,Accept,Accept,0.09844610558035052
0.019556866811294187,0.9612920866391067,0.023860691355329797,-0.15612299226725718,0.2668065949841003,Accept,Z3,0.9820573579928407,1.0041774341544738,0.022120076161633175,0.8662475761868577,1.199397234662863,165.69525978010213,0.023860691355329797,-0.1891904178778862,0.2337457459987401,Accept,1.0041490723424813,0.022091714349640766,0.8637497223340453,1.1763152368779475,185.22386279450902,Accept,Accept,Accept,Accept,0.17822642823599488
0.08684822531980924,0.9276988971686136,0.09546408923827508,-0.05511330047180553,0.37277018745149526,Accept,Z3,0.9525385981728143,0.9129036377060323,-0.039634960466782,0.8525114994927918,1.1095964759793784,149.08799776041153,0.09546408923827508,-0.09651179089000089,0.29092464436451193,Accept,0.9127942851973805,-0.03974431297543379,0.83546512799992,1.0757098273918346,163.74077093478678,Accept,Accept,Accept,Reject,0.33312765103059083
0.015245626043776994,1.0252061653370002,-0.06482828066810745,-0.26265988376243815,0.14908117152500705,Accept,Z3,0.9066142359618352,0.8202554621970981,-0.08635877376473708,0.8148881089147229,1.0535299217641971,132.86962850773665,-0.06482828066810745,-0.25950518279603574,0.13285832221686655,Accept,0.8210603472005387,-0.0855538887612965,0.8016472795612288,1.030216390308337,150.0275571994375,Accept,Accept,Accept,Accept,0.11254271880089563
0.2332321900504278,1.039087940370596,-0.07877968121926572,-0.32876026456570856,0.10953859972391158,Accept,Z3,1.1001751590787316,1.191601591411849,0.09142643233311729,0.885066440300614,1.068040770789962,152.1899040022358,-0.07877968121926572,-0.2874848541167792,0.1255146752403429,Accept,1.1921159158696741,0.0919407567909426,0.8772078303964654,1.0509230388875384,174.66712116599285,Accept,Reject,Accept,Accept,0.06594203369072636
0.06902036166407345,0.9823049965058837,0.04881931585285302,-0.18271294322448586,0.24212239928455695,Accept,Z3,0.9431854831167255,0.9898492331643414,0.04666375004761588,0.9154620553838462,1.3549044556279097,162.86970459606638,0.04881931585285302,-0.1418132944582921,0.24141451918059487,Accept,0.9894358306683538,0.04625034755162834,0.8854507229687365,1.3202719676723111,177.9187654490476,Accept,Accept,Accept,Accept,0.08262140296372052
-0.12246979063383685,0.9683090338057694,0.06616863360231857,-0.1588802194014674,0.3066071901570332,Accept,Z3,0.9806292498480906,0.9198153746078178,-0.06081387524027277,0.8552904898156481,1.2033439127515968,162.3389685934785,0.06616863360231857,-0.16921656319456804,0.2883329204254207,Accept,0.9189132770971873,-0.06171597275090324,0.85034489853226,1.1919908147188716,183.80286042030642,Accept,Accept,Accept,Accept,0.2695003047268068
-0.17871661505823494,1.0384095636109238,-0.07547303391027586,-0.27291394899322613,0.11163901380908747,Accept,Z3,0.9292223177817379,0.8686214790301091,-0.060600838751628874,0.9079122552205913,1.2910692615740564,141.7668795910852,-0.07547303391027586,-0.24431455460816998,0.09380220204614306,Accept,0.8687137761714196,-0.06050854161031835,0.8955765024373903,1.2582175473589015,156.48585832412863,Accept,Accept,Accept,Reject,0.32580039754046497
0.09847458046381431,1.0019019421423379,0.05903285325629301,-0.2208314761669645,0.20544694502173566,Accept,Z3,0.998462231209299,1.1220409265327682,0.12357869532346914,0.8266985398547522,1.0795450710892591,149.41267394198655,0.05903285325629301,-0.13928443673196486,0.2436489265801919,Accept,1.1219833978696778,0.12352116666037874,0.8118499807983013,1.043673265968711,161.1722267899944,Accept,Accept,Accept,Accept,0.2521113101509509
-0.023486838002770214,0.9670410160021181,0.06630433168406279,-0.1606442609672426,0.2953075341267447,Accept,Z3,0.9505922391273776,1.1175076235052137,0.16691538437783612,0.8017023359903652,1.0444168254850756,139.15841581029383,0.06630433168406279,-0.14328292774393836,0.2737988147281304,Accept,1.117986783457737,0.1673945443303596,0.7825369005813902,1.0163922243044332,154.40209695293183,Accept,Accept,Accept,Accept,0.2050193806634008
-0.23738514575939892,0.9246219285960985,0.20654278586284183,0.001836325284106946,0.407533557098038,Reject,Z3,1.0115921902356966,0.9005151612936967,-0.11107702894199997,0.7868982070802102,1.0511745463367117,126.95298647010503,0.20654278586284183,0.03439290186215512,0.36951393439178787,Reject,0.9012339552647325,-0.11035823497096414,0.7685560730432625,0.9961263418581905,121.23499271893498,Reject,Accept,Accept,Accept,0.15979966963642428
0.0074971365930441595,1.0175330522382307,-0.08502697787190056,-0.232683748543838,0.13727585915723572,Accept,Z3,1.0542164313157054,0.9850307172315772,-0.06918571408412837,0.8175758120248706,1.1271324198169754,122.50575534690996,-0.08502697787190056,-0.24961544255121187,0.08538483439919843,Accept,0.9847464575246273,-0.06946997379107822,0.8213605769566954,1.1013540827716997,134.36194251376915,Accept,Accept,Accept,Accept,0.3870025831347261
0.07198703316448529,0.9936906526745957,-0.007150395955332837,-0.19297815123819645,0.20650379193236934,Accept,Z3,1.05225540573945,1.1609437921574897,0.1086883864180397,0.8807189833553984,1.196022151285878,153.26776476042278,-0.007150395955332837,-0.18489495062574104,0.15999320275206344,Accept,1.1612620758058745,0.10900667006642455,0.8694335741244933,1.1462002008471601,158.89823642288258,Accept,Accept,Accept,Accept,0.09515676094679833
0.1027130566646874,0.9792128847126569,0.03822936165436958,-0.16968748541938586,0.26471369675273454,Accept,Z3,1.070254112875197,1.0947944774584533,0.024540364583256327,0.8318643627678219,1.0563256042477043,150.51033868236817,0.03822936165436958,-0.17067772956559576,0.23554111738229727,Accept,1.094837335141588,0.02458322226639117,0.8178857493806221,1.0351000761962386,170.25777865304875,Accept,Accept,Accept,Accept,0.19086762182180836
-0.18745965732346964,1.0252378600352634,-0.06085931583460896,-0.2547259465327455,0.16337844849347438,Accept,Z3,1.0270210007423257,0.8754236900467418,-0.1515973106955838,0.9112463032294096,1.2703242789052613,145.73257493014574,-0.06085931583460896,-0.266637581630827,0.14237045530320352,Accept,0.8756174426235074,-0.1514035581188182,0.9010809219831742,1.2544645136181263,165.60056925935027,Accept,Accept,Accept,Accept,0.2054547772804183
0.025702741445677746,0.9046429007336988,0.14642726940293752,0.026670714037949357,0.4105138179605773,Reject,Z3,1.0158074012380476,1.0087787238069825,-0.007028677431065001,0.8874249882909281,1.3098999740190385,145.67662779376545,0.14642726940293752,-0.01727511921046638,0.3151528609073834,Accept,1.0079965171234884,-0.0078108841145591405,0.8778607991709982,1.2664225402930391,154.61293715991334,Reject,Accept,Accept,Accept,0.2736760580638167
-0.006925009710064323,0.9765635631133827,0.045177336227642764,-0.13611348050142577,0.22782688111341842,Accept,Z3,0.9768655836978105,1.0116716129353658,0.034806029237555325,0.9485700696363121,1.3047501922285654,137.77920811081728,0.045177336227642764,-0.12617171932668664,0.2139815975675879,Accept,1.0113887561790467,0.03452317248123611,0.9358786001430418,1.2741717923827387,150.56942115959083,Accept,Accept,Accept,Accept,0.18581336584980263
0.05115716082693725,1.0338641818636785,-0.07342255697699618,-0.24212510036417567,0.12127128500928833,Accept,Z3,0.9996370642840671,0.9366334674547361,-0.063003596829331,0.9489252634914638,1.3926393039851208,145.50255755078436,-0.07342255697699618,-0.2483595827686275,0.10839854875807253,Accept,0.9361311994119201,-0.06350586487214695,0.9418133110579603,1.3726781688167753,165.50128836975045,Accept,Accept,Accept,Accept,0.13371211187368312
-0.027087120750815447,0.9758312897158153,0.0671760452757735,-0.18271886218801733,0.25685782683339775,Accept,Z3,1.1049581900512873,1.0590306538848213,-0.04592753616646598,0.8834651876087143,1.2212224900201425,152.7757783460108,0.0671760452757735,-0.14180170248060092,0.26837689737162906,Accept,1.0578921583200347,-0.04706603173125248,0.8759418130582313,1.1965401452084685,169.11422231282944,Accept,Accept,Accept,Accept,0.18720281088974186
-0.0986497268359662,0.9682812154652827,0.05987019513896357,-0.2121379153315629,0.32160475300432323,Accept,Z3,1.0234203378995363,1.0845594452864613,0.06113910738692491,0.8829652994305361,1.1463116268729885,171.9095854356276,0.05987019513896357,-0.19741980680322602,0.30654273444804125,Accept,1.084796086429097,0.06137574852956079,0.874412582268068,1.1172949555118608,190.6319087129479,Accept,Accept,Accept,Accept,0.049983909518860135
-0.20644327471579066,0.9644463021685965,0.1467593576342522,-0.12764955720983936,0.25334019218692794,Accept,Z3,0.9563532632331875,0.9792231900915331,0.022869926858345692,0.8350609302896252,1.1091711449161687,142.28547887986178,0.1467593576342522,-0.02629479064636256,0.3203446808352099,Accept,0.9788086504272118,0.022455387194024228,0.8226291112051927,1.0678368341564657,149.1227675918937,Accept,Accept,Accept,Accept,0.2594962871828523
-0.24880583918116683,0.9528422048881796,0.07892105318672465,-0.12321934855068083,0.3250457164349748,Accept,Z3,0.8957559596598369,1.002969551255339,0.10721359159550195,0.9153641512386202,1.3313054923309733,159.4666694378125,0.07892105318672465,-0.1148669658889419,0.286693200937467,Accept,1.0041226893371658,0.10836672967732888,0.9124097851793853,1.2897138375872554,169.6445916174492,Accept,Accept,Accept,Accept,0.2390360883195196
0.05721780629137042,1.0473049927461922,-0.08990997193992585,-0.2858804466362725,0.10462307118391981,Accept,Z3,0.9904452028298499,1.0095699348104632,0.019124731980613218,0.8796989077694916,1.2161523790489093,152.1426297941163,-0.08990997193992585,-0.2695736852493279,0.09135360281969834,Accept,1.0090273304815445,0.01858212765169449,0.8639987781309781,1.1785079333108863,164.7787454410409,Accept,Accept,Accept,Accept,0.3018886464663963
0.09728382830752198,1.014037202464997,-0.040322335893497464,-0.2167604770183552,0.15997324455910494,Accept,Z3,1.006457314813371,1.2146045072628247,0.2081471924494535,0.8927385925480908,1.2562027292866897,130.4525241394913,-0.040322335893497464,-0.206336173753662,0.12909373332926566,Accept,1.2148764784897956,0.20841916367642457,0.8672955907461367,1.223371663229,140.81041401606305,Accept,Accept,Accept,Accept,0.2967033315620296
0.009061109277846011,1.0330110018720642,-0.06848429468837108,-0.2671726414155461,0.0925175330425031,Accept,Z3,1.0509474607674998,1.057513489955116,0.006566029187616363,0.8977174582645688,1.2740340449107643,133.54828027433265,-0.06848429468837108,-0.22652307475625766,0.09472830775327021,Accept,1.0571357815900437,0.006188320822544002,0.896717636201231,1.2361531219269553,141.61395861413317,Accept,Reject,Accept,Accept,0.22981592533256134
0.026643582744601425,1.0352609147087095,-0.09753385997644816,-0.2486295425524775,0.09107096553816027,Accept,Z3,0.9261528748930479,0.795592780279605,-0.13056009461344284,0.9139626964380931,1.2308866123620346,121.651944835365,-0.09753385997644816,-0.2614265175145554,0.05960838351854741,Accept,0.7949735442002266,-0.13117933069282134,0.9004064171279189,1.2122662852373627,140.03068156554943,Accept,Accept,Accept,Accept,0.21776694079049497
-0.0475486425446391,0.9550903655077845,0.06044787568606523,-0.11302041227626125,0.29132239787865116,Accept,Z3,1.0107914290518063,0.9814536566600129,-0.02933777239179329,0.8673523237754318,1.253348031314351,145.47193207098115,0.06044787568606523,-0.1301935127291696,0.24717015384762112,Accept,0.9816367289781359,-0.029154700073670315,0.8521909099186515,1.2224118497731902,162.33889965337457,Accept,Accept,Accept,Accept,0.1688240181332321
0.03524604500059973,1.0072151284206032,-0.04074441001464285,-0.18535250718605123,0.14318110227234454,Accept,Z3,0.9832398641530152,0.9736118048699077,-0.009628059283107481,0.9392583577992923,1.406907825619463,129.2161981603866,-0.04074441001464285,-0.1968186864027646,0.10396789282742964,Accept,0.97224435115755,-0.01099551299546519,0.9194885267710936,1.3716953662615687,137.30432305834316,Accept,Accept,Accept,Accept,0.2553379919854478
0.25823697781024596,1.0547778654744886,-0.05335759952302504,-0.2689142658016543,0.12900737921556302,Accept,Z3,1.0597076711068667,1.0218223599525302,-0.037885311154336444,0.8151891368763496,0.9556686052793456,135.9588239986183,-0.05335759952302504,-0.26156701365487905,0.14232891492094157,Accept,1.0215370754939805,-0.0381705956128862,0.8183199058398681,0.9398478698719679,157.4961555264337,Accept,Accept,Accept,Accept,0.29153285387474354
-0.3201205730963011,0.8932656776679846,0.10805873625791654,-0.030942462297915765,0.44570092971072583,Accept,Z3,1.0560764524377875,1.0743740670096333,0.018297614571845873,0.8252571333187706,1.190610692899538,165.89761584702015,0.10805873625791654,-0.12099559314407868,0.3188336696565593,Accept,1.0740973748096287,0.01802092237184127,0.8191070238439694,1.1484163816563866,178.07043312590505,Accept,Accept,Accept,Accept,0.14551205341221043
-0.06355931647114478,0.9903558472045509,-0.012880433334401501,-0.18315606351125266,0.24279840594473828,Accept,Z3,1.0328191030487364,1.0268338471715714,-0.005985255877164987,0.8476136199749316,1.1493691927697842,159.29158789428473,-0.012880433334401501,-0.2195648743380595,0.19244098621559275,Accept,1.0273499639198562,-0.005469139128880267,0.8409917679329021,1.122982996170506,177.1246509337289,Accept,Accept,Accept,Accept,0.12724145433307346
-0.016329897335529357,1.00883827658702,-0.010136023249589102,-0.20717569098160288,0.1554151944134741,Accept,Z3,0.9756905730259453,1.0270862228390951,0.051395649813149834,0.9077197373987884,1.3763318780628495,143.3923873061843,-0.010136023249589102,-0.1818720648045552,0.16470410178979308,Accept,1.0269133099727055,0.051222736946760224,0.8948758961200949,1.348100008169213,158.02976226269828,Accept,Accept,Accept,Accept,0.23275383867003774
0.20109135780824294,1.0682338138764462,-0.14570874232169848,-0.3437898198347496,0.039381779208572956,Accept,Z3,1.0174084637334997,0.9817864301916092,-0.035622033541890495,0.8440637846482971,1.23270531210837,144.6067747893674,-0.14570874232169848,-0.3252645927023348,0.03101813642011573,Accept,0.9826203324683439,-0.03478813126515583,0.8280982562857173,1.204309385871327,159.26351773676456,Accept,Accept,Accept,Accept,0.12866110809648543
-0.018301135793379397,0.9967798087346075,-0.0407789477630604,-0.18837418421104307,0.20571206174599338,Accept,Z3,0.9963933114737363,1.057056558806609,0.060663247332872657,0.880491189910648,1.203360995208324,150.9522072501818,-0.0407789477630604,-0.22343525730683828,0.13636948667669824,Accept,1.0566464943596008,0.060253182885864426,0.8597287856177647,1.1697196061028476,163.3282905765316,Accept,Accept,Accept,Accept,0.26814566368033466
0.026827079435860688,1.087067000368343,-0.174456707936419,-0.38884619960181394,0.02074603660514324,Accept,Z3,1.026175089048029,1.117595512639009,0.09142042359097989,0.8891392963547902,1.1904342616903971,146.60142119231952,-0.174456707936419,-0.3774563211938987,0.027625157439174215,Accept,1.1169976067382603,0.09082251769023135,0.8978405162950296,1.172468010501446,166.3601456354152,Accept,Accept,Accept,Accept,0.20034007290116
0.049275243847963425,0.9978297945528818,0.06861833703122883,-0.2129063936543423,0.20192508170785306,Accept,Z3,1.0400907874200915,1.0968018924086969,0.05671110498860529,0.8932761576094878,1.364416257967857,154.15848005141578,0.06861833703122883,-0.13711463222940334,0.267268722867476,Accept,1.0978483209805454,0.057757533560453836,0.894414296140782,1.3451446057692507,171.74875311522155,Accept,Accept,Accept,Reject,0.3569260287584976
-0.1225009829949313,0.9688917390122581,0.008930013710346903,-0.19511426089393696,0.3087168337178472,Accept,Z3,1.0818469747068555,1.0566288423185164,-0.025218132388339295,0.7997908568422523,0.9985780349560184,155.33389266231057,0.008930013710346903,-0.21222187517427774,0.23163187157454226,Accept,1.056881464506691,-0.024965510200164555,0.7808530957410291,0.9527733516348909,162.38726704949974,Accept,Accept,Accept,Accept,0.14660688991186313
-0.17529452103166743,0.9670180677885335,0.0921292223240355,-0.11955782758039266,0.2612880413957973,Accept,Z3,0.9671258685169342,0.8449257263319335,-0.12220014218500076,0.8898467513717725,1.3380689136525419,146.46608723945715,0.0921292223240355,-0.07711724539565674,0.27010024826162526,Accept,0.8443748459331374,-0.1227510225837968,0.8916837923865585,1.303751803385266,159.95536976478803,Accept,Accept,Accept,Accept,0.18909590408651858
0.023998782222737214,0.9792131895574172,0.0071209583698240595,-0.14663391386095417,0.24717354241136386,Accept,Z3,0.9408870827633096,1.0477261744584456,0.10683909169513603,0.8309734403878788,1.1351096176442572,139.2329135528224,0.0071209583698240595,-0.16960037252320237,0.18164610417682864,Accept,1.0474334366120721,0.1065463538487625,0.8268070148153401,1.1040759392610628,151.05267059231633,Accept,Accept,Accept,Accept,0.30549854749553673
0.04216023461653495,1.0549168614403335,-0.037025191222875314,-0.26590200978484985,0.07838081703051432,Accept,Z3,0.9971130972001039,0.8303401920167549,-0.16677290518334903,0.9315606146827676,1.4067606862147701,139.87822390684218,-0.037025191222875314,-0.19599755656460285,0.13798251435942369,Accept,0.8307925858716583,-0.16632051132844566,0.9199853329560439,1.3953356335316476,161.7283499113983,Accept,Accept,Accept,Accept,0.3830015570896546
0.3199009193721986,1.1223148074878502,-0.21061340870992842,-0.39587726268260154,-0.016025203648548744,Reject,Z3,0.9777197096289874,1.0282984108064548,0.050578701177467336,0.8267392107398787,1.1164012445772273,137.3864313430356,-0.21061340870992842,-0.38721505831135355,-0.03290095896216614,Reject,1.0278384494678139,0.050118739838826414,0.8195155810459318,1.097225468001565,157.08404345036573,Reject,Accept,Accept,Accept,0.25642182336643765
-0.15436646950893781,0.9744096484036967,-0.006876182216425754,-0.1546683139739827,0.19349591135361457,Accept,Z3,1.0117746043484248,0.9719331512165463,-0.03984145313187837,0.8848118034368629,1.2501417698335708,141.8128128127683,-0.006876182216425754,-0.17717840081459452,0.162546663633307,Accept,0.9714277212493295,-0.040346883099095274,0.8911887445236534,1.2331812930844535,160.6967989970813,Accept,Accept,Accept,Accept,0.331996529126438
0.07389930593040055,1.050503551248696,-0.010838734078423212,-0.25473043425767716,0.10072713422706556,Accept,Z3,0.9618940421120551,0.8981985296386148,-0.06369551247344021,0.899906760574019,1.3193333901826305,133.11606386201964,-0.010838734078423212,-0.17070429175905016,0.15280519286008165,Accept,0.8977593287092772,-0.06413471340277785,0.9014327520079357,1.2937451310720787,148.4289523426462,Accept,Accept,Accept,Accept,0.06814782647311367
0.008539369064933182,1.043935911672803,-0.07598910621025542,-0.27195677908311133,0.07907067211218219,Accept,Z3,0.9895185229698543,1.0580265668865945,0.06850804391674015,0.9199971370551573,1.3248697570613988,130.862320691835,-0.07598910621025542,-0.23671238122094668,0.07403835622386387,Accept,1.0575089325786067,0.0679904096087523,0.9115108780525292,1.3025550062336912,146.76953520913932,Accept,Accept,Accept,Accept,0.10111562391334916
0.053976966658379026,0.9843490576921505,0.045211690492761754,-0.20803798760932773,0.23853660800372228,Accept,Z3,0.9679605224735446,0.9264519257157366,-0.04150859675780804,0.899854940624617,1.228097460364208,146.42625510941855,0.045211690492761754,-0.15838933888022078,0.24487053645317763,Accept,0.9262505857959722,-0.04170993667757247,0.8973688908644335,1.1988374375034814,161.3348489319309,Accept,Accept,Accept,Accept,0.30534977724935836
-0.1508201047601342,0.9592874770714653,0.031077204897201022,-0.12617875525666855,0.282247289539445,Accept,Z3,1.054692293840227,1.0417004681903876,-0.012991825649839308,0.8865980107084116,1.2982756095906134,159.5903513323964,0.031077204897201022,-0.15030793750425986,0.21781300646448187,Accept,1.0419633008726745,-0.012728992967552383,0.8719063774165546,1.257618884390689,172.7552500197288,Accept,Accept,Accept,Accept,0.15099511241783928
0.09015339864490209,1.0443226075726193,-0.12675979543700724,-0.2500132129363918,0.08513596150989344,Accept,Z3,1.0248947646532027,1.1031194336217514,0.07822466896854871,0.8928773909219093,1.3079755846384395,127.12657821862675,-0.12675979543700724,-0.2778551163397044,0.024893038498837894,Accept,1.1032734793845853,0.07837871473138257,0.9030859384737869,1.279909596103068,138.3032859724477,Accept,Accept,Accept,Accept,0.32895053560360143
0.07488200454272365,1.0323321377057075,-0.01946314159041999,-0.2762884959098847,0.156920402776039,Accept,Z3,1.0413658111445259,0.9156365109649964,-0.12572930017952938,0.7667190993302817,0.9920964157714751,151.3066746503724,-0.01946314159041999,-0.20391734839596115,0.18842623844273015,Accept,0.9154094412826304,-0.12595636986189546,0.7445682466931856,0.9524974101261834,161.41767586103163,Accept,Accept,Accept,Accept,0.13772884498955548
-0.08275495817385817,0.9309277458069858,0.0969065494570989,-0.0840963614412416,0.3164035137042176,Accept,Z3,1.0378667240945763,1.106535428284166,0.06866870418958997,0.9340060518487349,1.2116303242977637,144.18379254918528,0.0969065494570989,-0.07382041837868286,0.27099174286083316,Accept,1.1075557677240775,0.06968904362950142,0.9066809036835114,1.1654797694950079,148.7664461505963,Accept,Accept,Accept,Accept,0.1857156242197259
0.1135167824661248,1.016906829650148,-0.0144362771818046,-0.2418162519521958,0.18214791755923165,Accept,Z3,0.9739903818056287,0.8759764753339988,-0.09801390647162984,0.9926910938116628,1.5141766603025357,161.96489776976858,-0.0144362771818046,-0.20206179170059635,0.16093805028974612,Accept,0.876263865244414,-0.09772651656121471,0.9800243303071566,1.4564847589236205,167.4181052943559,Accept,Accept,Accept,Accept,0.075416275147844
0.07593226362689269,0.9828286300663049,-0.026491429751864234,-0.13992662993959054,0.22962912440574706,Accept,Z3,0.981171665269924,1.0834336117230345,0.10226194645311049,0.8880884266102056,1.2660912610608996,127.76935228110658,-0.026491429751864234,-0.20495508723688058,0.13909146533623704,Accept,1.0841656561217807,0.10299399085185669,0.8795238804305494,1.2375088828550702,139.3599497953853,Accept,Accept,Accept,Accept,0.33386271104229126
0.0570018259992855,1.0126687023107788,-0.05133691623981443,-0.2319824088495516,0.20453735043488297,Accept,Z3,1.026189822074832,1.0253244498857237,-8.65372189108382e-4,0.8228983704823932,1.1513078636359726,149.67184061011162,-0.05133691623981443,-0.253058552124324,0.13888625838526356,Accept,1.0254940921517044,-6.957299231276571e-4,0.8201351762968144,1.1239862784042736,165.47936522846834,Accept,Accept,Accept,Accept,0.03961870151498237
0.01624077585186762,0.9894638651038119,0.04791429796506789,-0.20055363887924163,0.21722904409183263,Accept,Z3,0.9596728703473444,0.819966850959845,-0.1397060193874993,0.9009508824290745,1.2572511739593208,147.38793302849356,0.04791429796506789,-0.1474912520774866,0.23569170569125072,Accept,0.8196093393042544,-0.14006353104309002,0.8759831203907895,1.2230821304272528,160.33213741963024,Accept,Accept,Accept,Accept,0.3046152889953326
0.0323797477008488,1.042528655725697,-0.058308693679469094,-0.3046074511052859,0.13541673492884232,Accept,Z3,0.9639705606294189,0.9832849593937634,0.01931439876434461,0.8319448820115819,1.0585311737553487,148.01875510279663,-0.058308693679469094,-0.2664570876636878,0.13756468635024072,Accept,0.9833357304467825,0.019365169817363585,0.8145115524314793,1.031521891406607,162.20111205635914,Accept,Accept,Accept,Accept,0.33479697937874126
0.17892187063912715,1.0232113907556628,-0.059072818516636656,-0.29016876797401864,0.14717295625754676,Accept,Z3,0.9205749950788653,0.9088059411678006,-0.011769053911064703,0.8434778759485773,1.0841061115102921,135.88111149061956,-0.059072818516636656,-0.25226417190337536,0.1300713939542009,Accept,0.9087771917478403,-0.01179780333102506,0.82317587313116,1.0428227761288495,143.13054953512005,Accept,Accept,Accept,Accept,0.11717200315634724
0.09060823682116667,1.001255951061211,-0.03084651645464261,-0.23867487156572975,0.21678492516344003,Accept,Z3,1.072425221020387,1.1773928966958127,0.10496767567542575,0.9157691805135896,1.2923772086118321,170.93559347127697,-0.03084651645464261,-0.23689754330009663,0.19173958189455365,Accept,1.1775056114787334,0.10508039045834636,0.8959136357593915,1.2615348443179295,189.02209935174855,Accept,Accept,Accept,Accept,0.3126701391156772
0.06635605230131132,1.0255390941155853,-0.006406746412003218,-0.26384277506146614,0.17193835115256317,Accept,Z3,0.9998292960542261,0.8393157774164695,-0.16051351863775673,0.8796696621481169,1.1757356623936568,161.68295854186027,-0.006406746412003218,-0.18977609360646824,0.17827918511651278,Accept,0.8380883764912181,-0.16174091956300804,0.8657340445430485,1.1156106873496197,166.06111252553174,Accept,Accept,Accept,Accept,0.22981410148964182
-0.02601560224338752,0.9790392749573429,0.05215347929787786,-0.13993965763039493,0.22585769045911863,Accept,Z3,0.9235284776694268,0.9145412998224287,-0.008987177846998063,0.8830440158009503,1.2638183862976577,134.13257198074945,0.05215347929787786,-0.1223288953337138,0.23499865726427543,Accept,0.9141412355805165,-0.009387242088910319,0.8730655352409404,1.247685884340155,154.45937810507797,Accept,Accept,Accept,Accept,0.31255755903616333
0.016806089870439585,1.0370365185113233,-0.1291373842191355,-0.28962063943556476,0.11362950596279578,Accept,Z3,0.877926800502172,0.773960986784649,-0.1039658137175231,0.8242914279675546,1.109945669940344,138.6485768026486,-0.1291373842191355,-0.31526877451836294,0.06796173621180063,Accept,0.7744672463852742,-0.10345955411689775,0.806296887713123,1.0855950840871007,153.73011274998603,Accept,Accept,Accept,Accept,0.2538735406726686
-0.1047835240737401,0.9984452801357112,1.4223239894616216e-4,-0.1822615743036935,0.15843108169073922,Accept,Z3,0.9718072639551402,0.9448476410227898,-0.026959622932350265,0.9067311868625265,1.3504575364929325,131.72182061974604,1.4223239894616216e-4,-0.16023751430528477,0.1671961705534054,Accept,0.9451229407980662,-0.026684323157073996,0.893191384162424,1.3263149411003863,147.1307434710992,Accept,Accept,Accept,Accept,0.17819216682025676
-0.3073373865362805,0.9393950890605753,0.06351431021749582,-0.09275371180415048,0.3193010018172766,Accept,Z3,1.0635212320125638,1.1685142806250972,0.10499304861253332,0.856530854377242,1.2528458401850642,146.54999347539297,0.06351431021749582,-0.13171113720154592,0.2559683661760219,Accept,1.1683464579402645,0.10482522592770066,0.8450650048183364,1.228736451385636,164.35373252868786,Accept,Accept,Accept,Accept,0.3175175148622003
-0.2400202733239957,0.9293461762550763,0.1779789453546992,-0.06660269837510578,0.37888322839309413,Accept,Z3,1.0734774657603754,1.073421783435739,-5.568232463652789e-5,0.8421832704848137,1.152599072264488,158.73757608640295,0.1779789453546992,-0.01399903256752301,0.3780973460719255,Accept,1.0743195702453674,8.421044849918613e-4,0.8345484280325153,1.11323234859647,170.44657817100898,Accept,Accept,Accept,Accept,0.23482167213640254
-0.10868387632929767,0.9997711169989466,0.07045347378533273,-0.24649849051457967,0.21940104391257265,Accept,Z3,0.956112775453607,0.9303915193756731,-0.025721256077933758,0.8161103887778474,1.102467992898115,150.33255976025129,0.07045347378533273,-0.14080927000113205,0.27345692622486073,Accept,0.9305014474917046,-0.025611327961902283,0.8025795343694863,1.067060380711506,163.4347044447863,Accept,Accept,Accept,Accept,0.0987326246666928
0.2858205199617575,1.076613984952069,-0.12058913998412654,-0.41625723136669435,0.030244032470936058,Accept,Z3,0.9768720247000761,1.1252494535202495,0.14837742882017338,0.927419552628843,1.2562577664303853,163.42402804741243,-0.12058913998412654,-0.3200089421560396,0.08269362655216791,Accept,1.1260637164014582,0.14919169170138222,0.9228079063759682,1.2210551416176214,177.5752713823408,Accept,Accept,Accept,Accept,0.09048474916708547
0.055343112062904785,1.0209153444017023,-0.02451535212487135,-0.26631794910424594,0.14926204709402158,Accept,Z3,1.0261279659735545,1.1038314460745016,0.07770348010094691,0.8770551949069219,1.2097595723960743,146.20030235582516,-0.02451535212487135,-0.23038643567300274,0.17181477244775928,Accept,1.1032070864274381,0.07707912045388346,0.8688299909312559,1.18401382725623,160.98714298796955,Accept,Accept,Accept,Accept,0.2063077386442163
-0.011666240850309241,1.0282900169843563,-0.00731797990352823,-0.2257449322532642,0.12559682327302674,Accept,Z3,1.064804383491622,1.131761346183274,0.06695696269165191,0.9666886039569053,1.4880203825227794,145.7380916704147,-0.00731797990352823,-0.17962604074988892,0.1617577833338173,Accept,1.1315499683240384,0.06674558483241633,0.9528342671173768,1.456273564421112,159.9711531452269,Accept,Accept,Accept,Accept,0.24677067547752043
0.09791116715791132,1.0787596910658255,-0.10294546181966673,-0.4067851520654736,0.08198072455316488,Accept,Z3,1.0264580123850657,1.1235121887882347,0.09705417640316914,0.8261181512867789,1.0111905000916672,141.4564633088841,-0.10294546181966673,-0.3289633461441614,0.10868792969284066,Accept,1.1230432677099045,0.09658525532483876,0.8223796618733874,0.9755558156285942,151.09779732836222,Accept,Accept,Accept,Accept,0.18325013824797592
-0.14775537982150824,0.9710228410222025,0.07503981920907794,-0.15485145890764823,0.2561507598452288,Accept,Z3,0.9943151431458416,0.9536241880750567,-0.04069095507078501,0.9224543816984709,1.2979452992701643,137.68902204243253,0.07503981920907794,-0.11328813406182715,0.2588057132551733,Accept,0.9529700989694848,-0.041345044176356795,0.9159095243900086,1.276353462424581,154.3989474519541,Accept,Accept,Accept,Accept,0.34191800897755975
0.19925693636448322,0.9824934986779792,0.014282540233699962,-0.23759564172196534,0.21627462583628454,Accept,Z3,0.9259744930169156,1.1461513034330302,0.22017681041611464,0.8637902799124769,1.2293644412217637,158.23369212312772,0.014282540233699962,-0.1934455973458306,0.22043352858339077,Accept,1.145872916214905,0.21989842319798958,0.8548536810428472,1.1890780830739862,168.82320423734842,Accept,Accept,Accept,Accept,0.07836914166352749
0.04378681445143443,1.0182975763410977,-0.052707839120954926,-0.2215051079719367,0.14295727292799723,Accept,Z3,0.9319383909942338,1.0052509277656847,0.07331253677145085,0.8512881309737133,1.140185713769163,134.8787159062738,-0.052707839120954926,-0.2347009503469384,0.13892870004237506,Accept,1.0050981254170959,0.07315973442286194,0.8420968355771563,1.1222724334443632,155.1676711894008,Accept,Accept,Accept,Accept,0.27961109856533306
0.08406924725477036,1.1605834709854135,-0.2625023784547285,-0.5113311463682557,-0.08567542783170143,Reject,Z3,0.9655211184268274,0.929686986625226,-0.035834131801601464,0.8409980062478524,1.1276893928668636,148.1772470911249,-0.2625023784547285,-0.43800425631031425,-0.08218092156660893,Reject,0.9303729235133176,-0.035148194913509824,0.8239944100132484,1.0742327472287938,151.1685733669265,Reject,Accept,Accept,Accept,0.054161202119828
0.17674432672979326,1.0598075153304047,-0.12219821612693527,-0.33534371116526096,0.030622104776263148,Accept,Z3,1.0156858263025856,0.9503300439094943,-0.06535578239309127,0.8934827437741457,1.3234415651462599,148.40410994057197,-0.12219821612693527,-0.2974734792501595,0.06048862503292345,Accept,0.9510896143606569,-0.06459621194192869,0.8791493296463407,1.3009477609233897,168.00331968463811,Accept,Accept,Accept,Accept,0.029655515031737113
0.1378753957345917,1.0454566111471562,-0.06508527063883436,-0.27439683572432033,0.12705796843361622,Accept,Z3,0.9823867097191487,0.7270345888279682,-0.25535212089118037,0.9302491047438676,1.3319834890133568,157.68764028279767,-0.06508527063883436,-0.25231938679850874,0.1143893411232651,Accept,0.7275433669244309,-0.2548433427947177,0.9177850929564774,1.2919281964681721,168.65674042609655,Accept,Accept,Accept,Accept,0.16535438689893744
-0.43326190264591624,0.8613401745695768,0.1841520292155068,0.014251992069385308,0.44749104265874867,Reject,Z3,1.0595731622588709,0.9518067572074433,-0.10776640505142751,0.8839525838211236,1.253107283083982,159.032089142126,0.1841520292155068,-0.016657738276043194,0.392235321087968,Accept,0.9506008349241499,-0.1089723273347209,0.8812578880962293,1.2198870755740365,174.73644468075423,Reject,Accept,Accept,Accept,0.3234876745428515
-0.09390432588534861,0.9988918923581059,0.008336708404670923,-0.20041788784095915,0.20809987659362744,Accept,Z3,1.042375316103104,1.0647906664241495,0.022415350321045607,0.9174173012403584,1.3012594959962491,146.30205656051857,0.008336708404670923,-0.1917947694566572,0.19822897152663171,Accept,1.0642573864996387,0.02188207039653477,0.9223851732638463,1.2804144752114879,165.23206441858486,Accept,Accept,Accept,Accept,0.188936914206525
0.18113776091151987,1.010196468078512,-0.021403349148144915,-0.24685665013155134,0.15341034378576046,Accept,Z3,1.014132995414182,0.9778044493380194,-0.03632854607616275,0.8628831299722929,1.2376453137469698,150.61688550100172,-0.021403349148144915,-0.21146670467435164,0.1754006882641952,Accept,0.9779550405378101,-0.03617795487637192,0.8513373435830478,1.2142261370408134,168.9266688717002,Accept,Accept,Accept,Accept,0.2975849721345564
0.040837867950954954,1.0006927525706777,-0.032677155026586496,-0.2108154542056354,0.18637653188411796,Accept,Z3,1.0146251470402075,1.0403020474358498,0.025676900395642188,0.8175267057348052,1.131715938794776,132.94690965956633,-0.032677155026586496,-0.21889273780327617,0.14597095766943124,Accept,1.040365949891921,0.02574080285171361,0.8119249689196347,1.1009380652118501,145.0212348581364,Accept,Accept,Accept,Accept,0.1693919425117033
-0.020574387700684846,0.9511813426482016,0.10748796415123099,-0.07886577141946355,0.2928011144977317,Accept,Z3,0.9705791845031128,1.0029654318796164,0.032386247376503585,0.8840597016164966,1.2207394187898826,146.6626607648102,0.10748796415123099,-0.06460396477950639,0.28976907570966215,Accept,1.0017837026556078,0.03120451815249505,0.8713356046737128,1.196514422653523,163.63302231018,Accept,Accept,Accept,Accept,0.2900600408774867
0.1367173744358143,1.1113436759543676,-0.1556453779004525,-0.4198440938510608,-0.02519614978895146,Reject,Z3,0.9741687054535701,0.8850832151619883,-0.0890854902915818,0.8134730744215968,1.0959995059762098,142.8111542859829,-0.1556453779004525,-0.3346579512490879,0.019140018131740707,Accept,0.8843968283402237,-0.08977187711334646,0.8205421007871968,1.0540245987929704,150.06037280981974,Reject,Accept,Accept,Accept,0.09975471445571643
0.07644081666232036,0.9792751931860804,-0.011870471655794905,-0.1563887851207494,0.238441560003498,Accept,Z3,1.0294436856296734,1.12484377504507,0.09540008941539663,0.7910860689636189,1.063545925446813,143.5893861174121,-0.011870471655794905,-0.19171741500477904,0.18111087141318624,Accept,1.1244644095792407,0.0950207239495674,0.7954202380841902,1.0313884835379563,156.19678906519303,Accept,Accept,Accept,Accept,0.3038096958576683
-0.11925760016777719,0.9530211348470196,0.08213905069037158,-0.11548674617719154,0.28761059532818684,Accept,Z3,1.0220285253211603,1.1470781443681255,0.12504961904696507,0.9908383992756776,1.460116240312552,156.49268653556427,0.08213905069037158,-0.09605011066615701,0.26703017036010507,Accept,1.147864299539198,0.1258357742180379,0.9861392357591373,1.424796534209687,168.33900711251806,Accept,Accept,Accept,Accept,0.2840839274762704
-0.1884291619861251,0.9799997246783839,-0.005163443858030565,-0.1718553251755321,0.22131114317710657,Accept,Z3,0.9267137783051085,0.8935207792915398,-0.03319299901356864,0.8176131372554366,1.1434977172601952,140.64776589205007,-0.005163443858030565,-0.19557866315563982,0.17718382119617032,Accept,0.8942417430963534,-0.03247203520875506,0.8149303500363021,1.1206026703910161,158.35728915065533,Accept,Accept,Accept,Accept,0.12621837166353148
-0.07078154850115012,0.956544564064169,0.1141966882011169,-0.06490821295281195,0.31198480847395416,Accept,Z3,1.0461336893368252,1.114083104820762,0.06794941548393689,0.825719948563282,1.0395683972782792,123.17903903776735,0.1141966882011169,-0.05886668798306892,0.27492409561358827,Accept,1.114815729769804,0.06868204043297899,0.81873813589939,1.0105093622258814,134.72391826627202,Accept,Reject,Accept,Reject,0.30480904237691503
0.2559024036730041,1.0300876880008951,-0.06486275191730449,-0.22698602019373887,0.11487152833222372,Accept,Z3,0.9417164200330632,1.1066646795213508,0.16494825948828779,0.9241778236855848,1.3717699678708057,124.54665960620198,-0.06486275191730449,-0.2164377201951573,0.09144829357114269,Accept,1.1069539103602821,0.16523749032721902,0.9183938135885953,1.341515706035783,134.51127430201686,Accept,Accept,Accept,Accept,0.2751358387777936
-0.1721980483404962,0.9629134672658208,0.058569487351868045,-0.1350350179488685,0.2847532199557948,Accept,Z3,0.9287770070230601,0.8368311611356226,-0.09194584588743757,0.8852283664298979,1.2199547012715373,150.79815579538624,0.058569487351868045,-0.12331404225013959,0.2352216896916549,Accept,0.8375975808164161,-0.09117942620664406,0.8628581163156936,1.1592981948854844,149.3186295916461,Accept,Accept,Accept,Accept,0.3739385068935937
-0.04415068116408508,1.0261754947037842,-0.08524860945333852,-0.3251633404528248,0.18317267733799159,Accept,Z3,0.9974707730094539,0.9117217725229441,-0.08574900048650985,0.8256099654402257,1.0607830773060696,159.02043207758535,-0.08524860945333852,-0.32691240642149855,0.15622494340171045,Accept,0.9110186199344412,-0.0864521530750126,0.8177346740191791,1.0308490369719094,176.16424488117292,Accept,Accept,Accept,Accept,0.1644245869254465
0.15369180896080045,1.0617127941769722,-0.09630689689001493,-0.3061349292335123,0.033849069720469485,Accept,Z3,1.021081320615767,1.2211708008670696,0.2000894802513027,0.9176819784371117,1.3721064050038496,124.35692497299773,-0.09630689689001493,-0.25682005486896015,0.07178654893779689,Accept,1.2199783464808185,0.1988970258650516,0.9232646967307748,1.356126841116203,144.66164878690813,Accept,Accept,Accept,Accept,0.26653174935332474
-0.21568847713936012,0.9441814976713148,0.040603039865209474,-0.08348891724671717,0.3259988381639875,Accept,Z3,1.101415637290645,1.0558438891759616,-0.04557174811468331,0.910420854895944,1.2966922752675243,163.63303914658337,0.040603039865209474,-0.1603444119950252,0.232652494662283,Accept,1.055985076118515,-0.04543056117212999,0.9022086869839947,1.262614437242784,178.1253238963545,Accept,Accept,Accept,Accept,0.2657984955690069
-0.2381538759406474,0.9357967509550291,0.09996849938215194,-0.09178100373989367,0.306848675765656,Accept,Z3,0.9784371143501513,0.7316378945048133,-0.24679921984533812,0.9724345375526565,1.5183252663919036,154.06203472297406,0.09996849938215194,-0.08276287437281642,0.294724580606635,Accept,0.731768903675596,-0.24666821067455535,0.967091940718509,1.5067948127704451,177.71791221913787,Accept,Accept,Accept,Accept,0.1144852045952323
-0.14869953720655676,1.0414113023602802,-0.03679267392930508,-0.21992786985744606,0.10130740329231014,Accept,Z3,0.9414055308605066,0.7971356580534956,-0.14426987280701103,0.9437846047035104,1.396218799141241,130.60963556373588,-0.03679267392930508,-0.19476036815158584,0.1215412638885122,Accept,0.7966532832221801,-0.1447522476383266,0.943099349223456,1.3876559223285205,154.54872278171555,Accept,Accept,Accept,Accept,0.3032190060913993
0.041682105304550625,1.1055562815469522,0.010298735134141968,-0.4627472229979391,0.17146110163072162,Accept,Z3,0.9250026663673846,0.8779830589248973,-0.04701960744248735,0.7878212827195443,0.9866843676352776,168.79822522701303,0.010298735134141968,-0.2557934980200971,0.2727605636009331,Accept,0.8785035782766064,-0.04649908809077819,0.763509449156682,0.9267745620548016,174.74806451745965,Accept,Accept,Accept,Accept,0.23483596141516763
0.014690811695732884,1.0232154042554962,-0.042061225083720226,-0.2633888801733778,0.15013636924018287,Accept,Z3,0.9885411640322747,1.0049797546173047,0.016438590585030038,0.8276130508638037,1.124119022967799,141.7852104172391,-0.042061225083720226,-0.24305195314144412,0.15842343883413068,Accept,1.0048621695669515,0.016321005534676726,0.8201891930579689,1.1049504770998753,161.98648569001352,Accept,Accept,Accept,Accept,0.2803834263287774
0.05431549000454862,0.9775335227276302,0.03962991825954702,-0.16544402314388362,0.2535920268507061,Accept,Z3,1.027187341507771,0.8884447854867359,-0.13874255602103497,0.831016470486471,1.252332335156905,159.80165691638268,0.03962991825954702,-0.15677461001404708,0.2409023176018539,Accept,0.8886975237888486,-0.13848981771892244,0.8250454740580474,1.2255342710798205,176.84615954029044,Accept,Accept,Accept,Accept,0.30906737744536517
-0.03524877810974434,0.925717668197119,0.1514632874439886,-0.08876805510218819,0.3193393425998829,Accept,Z3,0.9181894081122385,0.8131211649380411,-0.10506824317419745,0.9817900567046405,1.4247932269085026,164.1899271670645,0.1514632874439886,-0.034318794863541495,0.3363018675387409,Accept,0.8146039562358255,-0.10358545187641299,0.9480624056421938,1.3885682602530967,179.11648800756845,Accept,Accept,Accept,Accept,0.31344930717587927
-0.3357828883154718,0.8637100584628312,0.24301410750699468,0.06837748511613141,0.5515476325243313,Reject,Z3,1.0051824730142194,0.8092830129978492,-0.19589946001637012,0.8804881929499132,1.2508910663117547,175.92700864973648,0.24301410750699468,0.006962149384515476,0.4783226425934788,Reject,0.8085992035985345,-0.1965832694156848,0.86933511916754,1.223963705523052,196.6307194491896,Reject,Accept,Accept,Accept,0.3511310144524795
-0.02971030605806571,0.9452146752222432,0.12449736101258882,-0.09492210870886256,0.36548647312920324,Accept,Z3,0.9953282678968495,0.8537924279055976,-0.14153583999125185,0.8270790024370054,1.1153873131196104,142.2401376004227,0.12449736101258882,-0.08588689970274838,0.3435234479668107,Accept,0.8533876758046425,-0.141940592092207,0.8345862032024383,1.0991344903480664,162.83169553111082,Accept,Accept,Accept,Accept,0.11119572781999676
0.030964834894847023,1.029851019249878,-0.03762008780282508,-0.2255093399134303,0.13675457000543792,Accept,Z3,0.9929891155203746,0.9631040012454127,-0.029885114274961908,0.8389969581692063,1.1531610068071338,124.09922178559233,-0.03762008780282508,-0.21287346090345066,0.1329679336551628,Accept,0.963181684228578,-0.029807431291796648,0.8337213896705602,1.134756534130088,141.7958878405438,Accept,Accept,Accept,Accept,0.21780579917796475
-0.02293773981644631,1.0136760198996466,-0.06576669610391521,-0.2087105744221825,0.1406518911322308,Accept,Z3,1.0341900805758097,0.9797952551760508,-0.054394825399758956,0.926498084501164,1.3126161692451113,144.7272303455655,-0.06576669610391521,-0.22966668478123742,0.10448937412160735,Accept,0.9794249074022874,-0.05476517317352249,0.9100872545254381,1.2895700933059828,163.04151923461706,Accept,Accept,Accept,Accept,0.057848191919389655
-0.2892429967882298,0.9184380614573612,0.1667612514857275,0.023990560542276995,0.34213113414925983,Reject,Z3,1.0074515130852673,1.1515217428169828,0.14407022973171568,0.9898494956558795,1.594941442459045,138.52707865013795,0.1667612514857275,0.036630913411211455,0.301404647165926,Reject,1.1518610635644893,0.144409550479222,0.9857372349973132,1.5389800711303516,135.20633749335724,Reject,Accept,Accept,Accept,0.30321306232180173
-0.2393163124407499,0.9745785929741015,-0.00707840613743794,-0.13644980574739513,0.23772513688196698,Accept,Z3,1.0799422833875758,1.0197607799018245,-0.060181503485751346,0.9635571300131983,1.3970137258545077,148.91022938245166,-0.00707840613743794,-0.17742544839355348,0.17005600923071398,Accept,1.0199860115618615,-0.059956271825714336,0.955262577187407,1.3719603181064814,166.3704097475185,Accept,Accept,Accept,Accept,0.2626995659875772
-0.005942425551613839,0.9827588518331859,0.03936757164413723,-0.17268164419093138,0.23267160048596902,Accept,Z3,0.9904867159443487,1.056286460830191,0.06579974488584245,0.8103057334508198,1.0305706924281457,133.79640147904752,0.03936757164413723,-0.12660855717266942,0.20102601291013925,Accept,1.0564251405016472,0.06593842455729847,0.8050307689149332,0.9846823152126458,136.74573280560497,Accept,Accept,Accept,Accept,0.23971808055295946
-0.20843573578801083,0.9979132368320455,-0.04368647200488068,-0.270747469860068,0.16539821987877557,Accept,Z3,0.9795830018580222,0.8656301562490141,-0.11395284560900806,0.9044030142052315,1.2904056797133014,158.21660396119012,-0.04368647200488068,-0.21916881342057426,0.14846194374188895,Accept,0.8647337318876401,-0.11484926997038204,0.8834393023338104,1.2284894442993435,158.9385797809101,Accept,Accept,Accept,Accept,0.28702998122418416
0.02728994052107087,0.9908069960168022,-0.013631914464177632,-0.23063563799931497,0.24998600553176786,Accept,Z3,0.9831916743523775,0.9156785287116698,-0.0675131456407077,0.9354139790120017,1.3497965642058491,181.4922268704936,-0.013631914464177632,-0.23759781424551213,0.2149741113159972,Accept,0.9163311617523582,-0.06686051260001928,0.9288137306528305,1.3116769356351756,197.08926510740164,Accept,Accept,Accept,Accept,0.1713898240663689
-0.2657998609142146,0.9133632238186135,0.14755063653761738,-0.025222352776040707,0.37012793746278516,Accept,Z3,1.002041526764987,1.013267430683275,0.011225903918288012,0.8983352824042159,1.3733644730495786,164.47780720065018,0.14755063653761738,-0.047081979581047005,0.33019438714215715,Accept,1.0143645198568545,0.012322993091867622,0.9033486003687553,1.3636813345685892,188.84472197260564,Accept,Accept,Accept,Accept,0.25916547161202946
-0.0194080449063553,1.0619495295868049,-0.08068841059112292,-0.31163940318330335,0.08377212973313536,Accept,Z3,0.9888162341024168,0.9308638592984849,-0.057952374803931936,0.8633081646950781,1.1246858332507643,148.07148747625178,-0.08068841059112292,-0.26990008563739387,0.10833617945848388,Accept,0.9314127861953451,-0.057403447907071706,0.8632585914129568,1.1041800139999867,167.36603766773368,Accept,Accept,Accept,Accept,0.20660630530128277
0.07923952713633378,0.985293668545086,0.004151840663494982,-0.219187901090321,0.3001106923820245,Accept,Z3,1.0307488673230119,1.1181804761763126,0.08743160885330072,0.8724765809847745,1.1626267922463658,159.13831877044976,0.004151840663494982,-0.24499453919092434,0.23966654902628015,Accept,1.1174912374054242,0.08674237008241244,0.8687359110731105,1.131654067564333,175.26289790164483,Accept,Accept,Accept,Accept,0.30992191231639515
0.19661288598948176,1.0475385205769139,-0.13051104557899204,-0.3077008786732934,0.07571802869638203,Accept,Z3,1.02146699288131,1.0974306581249094,0.07596366524359924,0.9322260129769624,1.364821611881064,145.12782578506827,-0.13051104557899204,-0.31283945771700705,0.052739228689976034,Accept,1.0965750832989796,0.07510809041766951,0.9162064611576035,1.3478220121948388,166.66973780806916,Accept,Accept,Accept,Accept,0.2510157283416986
-0.22452126734499114,0.9683679082468983,0.004998185747585911,-0.10135878629221631,0.24545341214774563,Accept,Z3,1.0216862249543663,1.010077639218788,-0.011608585735578325,0.9508472350049175,1.4141276350709793,142.29679229331893,0.004998185747585911,-0.15636910544229188,0.1745067026097814,Accept,1.0101209194873857,-0.011565305466980655,0.9388349502705233,1.3894472577440253,157.59341366796133,Accept,Accept,Accept,Reject,0.3431846312270456
0.02172644852811566,0.9924152699011621,0.02668432266554515,-0.18173249805688793,0.20793960059321914,Accept,Z3,0.999735958376327,1.0293396657536298,0.029603707377302713,0.8264074006428516,1.046155235906564,138.27023323349536,0.02668432266554515,-0.15377849584691974,0.21097712163344556,Accept,1.0290310782156709,0.029295119839343842,0.8161008867539777,1.0230029008182482,154.20762013499711,Accept,Accept,Accept,Accept,0.28032486288056574
0.05798570703524808,1.0704772807042569,-0.17666783345921136,-0.39802211476312455,0.030311588097403974,Accept,Z3,1.018305078930543,1.0605643955539135,0.042259316623370416,0.9057363540543192,1.256047910912333,158.30098588185683,-0.17666783345921136,-0.3941575744437938,0.015005136739109241,Accept,1.0610125266370516,0.0427074477065085,0.8974921294723365,1.2371235517321912,179.99728115756986,Accept,Accept,Accept,Accept,0.22814930783194695
-0.09564036858712215,0.9753120135642162,0.0387851631038294,-0.16026416737972846,0.2756847790371867,Accept,Z3,0.9920742831845142,1.056072903875654,0.06399862069113985,0.8853114751566576,1.197324437000401,161.48124367848487,0.0387851631038294,-0.17156219706047757,0.2518154221606692,Accept,1.0554537464511564,0.06337946326664216,0.8878750782125343,1.1633127973355704,178.6567396392723,Accept,Accept,Accept,Accept,0.26701589592862257
-0.26447817340769825,0.9417532056609281,0.09041762016650366,-0.04636733010821198,0.3408722454354054,Accept,Z3,0.9908879255350423,1.0021503565299759,0.011262430994933403,0.9152973358696993,1.2644954405143813,162.64856280920722,0.09041762016650366,-0.08234925231974138,0.2850935240994771,Accept,1.0017942958368817,0.0109063703018394,0.9064515221904841,1.245347400459163,183.11990690238065,Accept,Accept,Accept,Accept,0.28802523902637966
0.003334269105498784,1.0145030928995524,-0.045445549580493405,-0.2542729445629611,0.17230870592872213,Accept,Z3,1.03007651102831,1.0889102849074206,0.058833773879110624,0.8891872003569454,1.2575261631926808,148.67869397271437,-0.045445549580493405,-0.2485234771018841,0.14805848829292662,Accept,1.0878619772019809,0.05778546617367097,0.8684720876374604,1.2360463814849845,168.47377276804696,Accept,Accept,Accept,Accept,0.16064325978361893
0.21493398782840506,1.093114891286767,-0.14116757354210016,-0.34121599997859986,-0.01258063198018304,Reject,Z3,1.02726412607863,1.0767778568842512,0.04951373080562119,0.8992284817081595,1.2900478217614186,124.00436363633982,-0.14116757354210016,-0.30081628318781156,0.01354933171067551,Accept,1.0768468363426569,0.049582710264026816,0.8848102743959135,1.2720505650970841,141.33679201707685,Reject,Accept,Accept,Accept,0.21206616373376108
-0.010608147060196608,0.9916756929194221,0.07379115783019013,-0.23973378994700145,0.2583414035525319,Accept,Z3,0.9724538939462382,0.9662391696312038,-0.006214724315034316,0.7994475402186468,1.0520880966703845,162.34239982104518,0.07379115783019013,-0.1424458785091925,0.2900251547206406,Accept,0.96563176607283,-0.006822127873408128,0.7938026541009512,1.0023690599846082,171.03709572809205,Accept,Accept,Accept,Accept,0.17674532057158918
-0.015504995861354452,0.9916241506235524,0.028612175613917306,-0.23686065423302638,0.25744825823561396,Accept,Z3,1.0045500118279531,0.64192711220047,-0.36262289962748306,0.8917374601758411,1.1801246316766663,149.85203211764716,0.028612175613917306,-0.1988992023259952,0.2535941122472094,Accept,0.6411859496434026,-0.3633640621845504,0.8818601934671152,1.1447115436227904,162.22199946227798,Accept,Accept,Accept,Accept,0.12822594778955032
-0.10575495295922077,0.9752803523260456,0.06627744127825079,-0.13700241994105422,0.24284480459064223,Accept,Z3,0.9853465404024044,1.1533589463970058,0.16801240599460127,0.8934357733238665,1.2794022339860776,142.04367435981035,0.06627744127825079,-0.12053675915505384,0.2514268914385785,Accept,1.1530126797958324,0.16766613939342812,0.8743160208907615,1.2554504079010629,158.97599365502447,Accept,Accept,Accept,Accept,0.28595038793783906
-0.272081620693857,0.9376554148944426,0.042443939575402725,-0.07151168876546507,0.33126853451895677,Accept,Z3,0.9688784663256328,1.0767626421602823,0.10788417583464951,0.916070011679693,1.426994567828235,161.53674307704415,0.042443939575402725,-0.13240330485170748,0.23155524956476387,Accept,1.076851895259067,0.10797342893343434,0.8986813252212923,1.3850310164102466,173.01978450928175,Accept,Reject,Accept,Accept,0.2880056523640332
0.0798095982884625,0.9676085458838558,0.07047509047085276,-0.1177503755615105,0.2846438125460196,Accept,Z3,1.02150477139314,0.9874037560421947,-0.03410101535094529,0.8606365048150577,1.2573882824917773,157.6573230862889,0.07047509047085276,-0.10041188489483882,0.23695220799867456,Accept,0.9860740200861189,-0.035430751307020995,0.8361836824384554,1.2029264959328423,162.06383030139023,Accept,Accept,Accept,Accept,0.31534529082832247
0.0795531145648295,1.0286129665726067,-0.06553904686265098,-0.2541525107848641,0.12313511916321246,Accept,Z3,1.1055867418996133,1.0378365746555311,-0.06775016724408203,0.9180534846309379,1.2729624803949309,139.074076494467,-0.06553904686265098,-0.2527448656818648,0.09742397248458604,Accept,1.0374561660536983,-0.06813057584591499,0.8954631603222096,1.2466869204030444,155.13206569801207,Accept,Accept,Accept,Accept,0.17846658053736086
-0.27781872476696323,0.8651527772976436,0.17365856367971136,0.05332512363972547,0.4776255033837439,Reject,Z3,0.9771532615966078,1.295129012777242,0.31797575118063415,0.8603012284358759,1.250411568834153,147.52708323909135,0.17365856367971136,-0.030829627078833195,0.37134229599189006,Accept,1.2952308644722264,0.3180776028756185,0.8449529737567402,1.2278656765833353,165.53758827656037,Reject,Accept,Accept,Accept,0.21711189936426492
0.10064324981124528,1.0534277558076661,-0.09642131727405291,-0.346777901471013,0.10792719310708221,Accept,Z3,1.0609540515922007,1.0458155896924841,-0.015138461899716642,0.9219663521590956,1.1920437387156972,155.37665812398626,-0.09642131727405291,-0.31290892210726445,0.10364741431271239,Accept,1.0477333655437198,-0.013220686048480923,0.9173325583047416,1.1774054979650048,177.84612651893733,Accept,Accept,Accept,Accept,0.14784950242856815
0.17342639617514619,1.047569364247456,-0.08759192039274705,-0.3076378596639684,0.08553299269309875,Accept,Z3,0.9349423166304451,1.2092373317346565,0.27429501510421156,0.851819149720844,1.1014823252622692,131.30484051143074,-0.08759192039274705,-0.2608495801326946,0.09048647632160202,Accept,1.209330991822916,0.27438867519247095,0.8345066558526386,1.058687305411968,135.53284283012903,Accept,Accept,Accept,Accept,0.12719556801424386
-0.09384222013766493,0.9841647404163645,-0.0021590543195278487,-0.16435193734927359,0.24081150496774945,Accept,Z3,1.0195447005941793,1.149991747095795,0.13044704650161565,0.940978771039998,1.405374256056308,151.2257089492017,-0.0021590543195278487,-0.18598877324322283,0.17081915238028839,Accept,1.1503483195156707,0.13080361892149148,0.9182401508937665,1.3714688153759411,164.4245439702459,Accept,Accept,Accept,Accept,0.19284840401714717
